id	ten	tac_gia	license	loai	tag	duong	trang	cach_lay
abstract-platformer	Abstract Platformer	Kenney	CC0 1.0	2D	characters,tiles-terrain,character,enemy,platformer,tile	characters/abstract-platformer	https://kenney.nl/assets/abstract-platformer	node cong-cu/lay.mjs 2d-assets abstract-platformer
animal-pack	Animal Pack	Kenney	CC0 1.0	2D	characters,character,puzzle	characters/animal-pack	https://kenney.nl/assets/animal-pack	node cong-cu/lay.mjs 2d-assets animal-pack
animal-pack-remastered	Animal Pack Remastered	Kenney	CC0 1.0	2D	characters,animal,pet	characters/animal-pack-remastered	https://kenney.nl/assets/animal-pack-remastered	node cong-cu/lay.mjs 2d-assets animal-pack-remastered
fish-pack	Fish Pack	Kenney	CC0 1.0	2D	characters,animal,fish,underwater	characters/fish-pack	https://kenney.nl/assets/fish-pack	node cong-cu/lay.mjs 2d-assets fish-pack
jumper-pack	Jumper Pack	Kenney	CC0 1.0	2D	characters,tiles-terrain,character,platformer	characters/jumper-pack	https://kenney.nl/assets/jumper-pack	node cong-cu/lay.mjs 2d-assets jumper-pack
modular-characters	Modular Characters	Kenney	CC0 1.0	2D	characters,character,modular	characters/modular-characters	https://kenney.nl/assets/modular-characters	node cong-cu/lay.mjs 2d-assets modular-characters
monster-builder-pack	Monster Builder Pack	Kenney	CC0 1.0	2D	characters,creature,monster	characters/monster-builder-pack	https://kenney.nl/assets/monster-builder-pack	node cong-cu/lay.mjs 2d-assets monster-builder-pack
new-platformer-pack	New Platformer Pack	Kenney	CC0 1.0	2D	characters,tiles-terrain,character,oopi,platformer,tile	characters/new-platformer-pack	https://kenney.nl/assets/new-platformer-pack	node cong-cu/lay.mjs 2d-assets new-platformer-pack
oga-animal-bestiary	Animal bestiary	OpenGameArt	CC0 1.0	2D	characters,animal,Educational,rigged,static,mesh	characters/oga-animal-bestiary	https://opengameart.org/content/animal-bestiary	node cong-cu/lay.mjs 2d-assets oga-animal-bestiary
oga-athlete-female	Athlete Female	OpenGameArt	CC0 (theo 2d-assets, chua doi chieu ban goc)	2D	characters,female,woman,wonder woman,athlete,Other,Portrait,Character	characters/oga-athlete-female	https://opengameart.org/content/athlete-female	node cong-cu/lay.mjs 2d-assets oga-athlete-female
oga-average-female	Average Female	OpenGameArt	CC0 (theo 2d-assets, chua doi chieu ban goc)	2D	characters,woman,female,average,Other,Portrait,Character	characters/oga-average-female	https://opengameart.org/content/average-female	node cong-cu/lay.mjs 2d-assets oga-average-female
oga-blue-bird-for-jump-and-run-arcade	Blue bird for jump-and-run arcade	OpenGameArt	CC0 (theo 2d-assets, chua doi chieu ban goc)	2D	characters,tiles-terrain,vector,bird,side view,Platformer,jump and run,Kids,Sprite,Character,Enemy,Vector Art	characters/oga-blue-bird-for-jump-and-run-arcade	https://opengameart.org/content/blue-bird-for-jump-and-run-arcade	node cong-cu/lay.mjs 2d-assets oga-blue-bird-for-jump-and-run-arcade
oga-cool-dude-sketch	"Cool dude" sketch	OpenGameArt	CC0 1.0	2D	characters,Character,sketch,Action	characters/oga-cool-dude-sketch	https://opengameart.org/content/cool-dude-sketch	node cong-cu/lay.mjs 2d-assets oga-cool-dude-sketch
oga-espionage	Espionage	OpenGameArt	CC0 1.0	2D	characters,Espionage,james,bond,spy,Weekly Challenge,Enemy,base,stealth,quiet,sneak,Action,Puzzle	characters/oga-espionage	https://opengameart.org/content/espionage	node cong-cu/lay.mjs 2d-assets oga-espionage
oga-evil-creature	Evil creature	OpenGameArt	CC0 1.0	2D	characters,moan,grunt,scream,evil,monster,laugh,Other,Voice	characters/oga-evil-creature	https://opengameart.org/content/evil-creature	node cong-cu/lay.mjs 2d-assets oga-evil-creature
oga-falling-game-sprites	Falling game sprites	OpenGameArt	CC0 1.0	2D	characters,simple,bird,shiny,egg,Modern,Sprite,Character,Vector Art	characters/oga-falling-game-sprites	https://opengameart.org/content/falling-game-sprites	node cong-cu/lay.mjs 2d-assets oga-falling-game-sprites
oga-falling-game-sprites-remix	Falling game sprites Remix	OpenGameArt	CC0 1.0	2D	characters,bird,Character,egg,shiny,simple,Modern,Sprite,Friday Challenge,OGA Remix,Action,Puzzle,Strategy	characters/oga-falling-game-sprites-remix	https://opengameart.org/content/falling-game-sprites-remix	node cong-cu/lay.mjs 2d-assets oga-falling-game-sprites-remix
oga-game-character	Game character	OpenGameArt	CC0 1.0	2D	characters,Character,blue,flash,player,animation,Action,Kids,Sprite,Vector Art	characters/oga-game-character	https://opengameart.org/content/game-character	node cong-cu/lay.mjs 2d-assets oga-game-character
oga-ghosts	Ghosts	OpenGameArt	CC0 1.0	2D	characters,Enemy,ghost,Sprite,pacman,Action,Educational,Puzzle,Kids,Other,Sprite,Character,Enemy	characters/oga-ghosts	https://opengameart.org/content/ghosts	node cong-cu/lay.mjs 2d-assets oga-ghosts
oga-miss-princess-animated-16x16	Miss Princess, animated (16x16)	OpenGameArt	CC0 (theo 2d-assets, chua doi chieu ban goc)	2D	characters,girl,woman,female,dress,blue,red,brown,hair,princess,lips,dance,Other	characters/oga-miss-princess-animated-16x16	https://opengameart.org/content/miss-princess-animated-16x16	node cong-cu/lay.mjs 2d-assets oga-miss-princess-animated-16x16
oga-viruses-cold-flu-chicken-pox	Viruses (Cold, Flu, Chicken Pox)	OpenGameArt	CC0 (theo 2d-assets, chua doi chieu ban goc)	2D	characters,cold,Weekly Challenge,Educational Science,virus,viruses,flu,influenza,chicken pox,pox,Educational,Other,Raster Art	characters/oga-viruses-cold-flu-chicken-pox	https://opengameart.org/content/viruses-cold-flu-chicken-pox	node cong-cu/lay.mjs 2d-assets oga-viruses-cold-flu-chicken-pox
pico-8-platformer	Pico-8 Platformer	Kenney	CC0 1.0	2D	characters,tiles-terrain,characters,enemy,pixel,platformer,tile	characters/pico-8-platformer	https://kenney.nl/assets/pico-8-platformer	node cong-cu/lay.mjs 2d-assets pico-8-platformer
platformer-art-extended-enemies	Platformer Art Extended Enemies	Kenney	CC0 1.0	2D	characters,tiles-terrain,character,enemy,oopi,platformer,tile	characters/platformer-art-extended-enemies	https://kenney.nl/assets/platformer-art-extended-enemies	node cong-cu/lay.mjs 2d-assets platformer-art-extended-enemies
platformer-characters	Platformer Characters	Kenney	CC0 1.0	2D	characters,tiles-terrain,character,platformer,zombie	characters/platformer-characters	https://kenney.nl/assets/platformer-characters	node cong-cu/lay.mjs 2d-assets platformer-characters
platformer-pack-remastered	Platformer Pack Remastered	Kenney	CC0 1.0	2D	characters,tiles-terrain,character,oopi,platformer,tile	characters/platformer-pack-remastered	https://kenney.nl/assets/platformer-pack-remastered	node cong-cu/lay.mjs 2d-assets platformer-pack-remastered
sokoban	Sokoban	Kenney	CC0 1.0	2D	characters,tiles-terrain,character,puzzle,tile,top-down	characters/sokoban	https://kenney.nl/assets/sokoban	node cong-cu/lay.mjs 2d-assets sokoban
sports-pack	Sports Pack	Kenney	CC0 1.0	2D	characters,tiles-terrain,character,sports,tile,top-down	characters/sports-pack	https://kenney.nl/assets/sports-pack	node cong-cu/lay.mjs 2d-assets sports-pack
toon-characters	Toon Characters	Kenney	CC0 1.0	2D	characters,character,platormer,poses	characters/toon-characters	https://kenney.nl/assets/toon-characters	node cong-cu/lay.mjs 2d-assets toon-characters
voxel-pack	Voxel Pack	Kenney	CC0 1.0	2D	characters,tiles-terrain,character,items,tile,voxel	characters/voxel-pack	https://kenney.nl/assets/voxel-pack	node cong-cu/lay.mjs 2d-assets voxel-pack
foliage-sprites	Foliage Sprites	Kenney	CC0 1.0	2D	effects,nature,foliage,nature,vfx	effects/foliage-sprites	https://kenney.nl/assets/foliage-sprites	node cong-cu/lay.mjs 2d-assets foliage-sprites
light-masks	Light Masks	Kenney	CC0 1.0	2D	effects,cookie,light,shader,vfx	effects/light-masks	https://kenney.nl/assets/light-masks	node cong-cu/lay.mjs 2d-assets light-masks
oga-abuse-art	Abuse Art	OpenGameArt	CC0 1.0	2D	effects,sci-fi,vehicles,characters,alien,shooter,creature,explosion,robot,abuse,Weekly Challenge,Public Treasure Hunt,Action,Sci-Fi,Raster Art,Sprite	effects/oga-abuse-art	https://opengameart.org/content/abuse-art	node cong-cu/lay.mjs 2d-assets oga-abuse-art
oga-bombexplosion8bit	bomb_explosion_8bit	OpenGameArt	CC0 1.0	2D	effects,sci-fi,fantasy,8-bit,bomb,explosion,Action,RPG,Strategy,Fantasy,Modern,Sci-Fi,Warfare,Battle	effects/oga-bombexplosion8bit	https://opengameart.org/content/bombexplosion8bit	node cong-cu/lay.mjs 2d-assets oga-bombexplosion8bit
oga-cracked-tiles-flare-tileset	Cracked Tiles FLARE Tileset	OpenGameArt	CC0 1.0	2D	effects,fantasy,tiles-terrain,flare,cracked,explosion,Wood,burned,Action,RPG,Fantasy,stone,Wood,Isometric,Map Tileset	effects/oga-cracked-tiles-flare-tileset	https://opengameart.org/content/cracked-tiles-flare-tileset	node cong-cu/lay.mjs 2d-assets oga-cracked-tiles-flare-tileset
oga-dull-explosion	Dull explosion	OpenGameArt	CC0 1.0	2D	effects,explosion,dull,Other	effects/oga-dull-explosion	https://opengameart.org/content/dull-explosion	node cong-cu/lay.mjs 2d-assets oga-dull-explosion
oga-explosion	explosion	OpenGameArt	CC0 1.0	2D	effects,sci-fi,fantasy,explosion,Action,RPG,Fantasy,Modern,Sci-Fi,Warfare,Effects	effects/oga-explosion	https://opengameart.org/content/explosion	node cong-cu/lay.mjs 2d-assets oga-explosion
oga-explosion-alpha	Explosion with alpha	OpenGameArt	CC0 1.0	2D	effects,sci-fi,fantasy,explosion,Action,RPG,Strategy,Fantasy,Modern,Sci-Fi,Warfare,Effects	effects/oga-explosion-alpha	https://opengameart.org/content/explosion-alpha	node cong-cu/lay.mjs 2d-assets oga-explosion-alpha
oga-explosion-somewhere-far	Explosion somewhere far	OpenGameArt	CC0 1.0	2D	effects,sci-fi,explosion,far away,Strategy,Historical,Modern,Sci-Fi,Warfare,Other	effects/oga-explosion-somewhere-far	https://opengameart.org/content/explosion-somewhere-far	node cong-cu/lay.mjs 2d-assets oga-explosion-somewhere-far
oga-flare-effect	Flare Effect	OpenGameArt	CC0 1.0	2D	effects,flare,effect,Effects,particle,particles	effects/oga-flare-effect	https://opengameart.org/content/flare-effect	node cong-cu/lay.mjs 2d-assets oga-flare-effect
oga-i-are-spaceship-16x16-space-sprites	I ARE SPACESHIP (16x16 space sprites)	OpenGameArt	CC0 1.0	2D	effects,sci-fi,characters,spaceship,star,stars,asteroid,blast,explosion,16x16,Friday Challenge,To The Stars,ufo,asteroids,photon	effects/oga-i-are-spaceship-16x16-space-sprites	https://opengameart.org/content/i-are-spaceship-16x16-space-sprites	node cong-cu/lay.mjs 2d-assets oga-i-are-spaceship-16x16-space-sprites
oga-lens-flares-and-particles	Lens-Flares and Particles	OpenGameArt	CC-BY 3.0 (ban goc OpenGameArt; 2d-assets ghi CC0 - LECH, theo ban goc)	2D	effects,sci-fi,fantasy,flare,sun,effect,lensflare,particle,RPG,Fantasy,Sci-Fi,Other,Effects	effects/oga-lens-flares-and-particles	https://opengameart.org/content/lens-flares-and-particles	node cong-cu/lay.mjs 2d-assets oga-lens-flares-and-particles
oga-retro-sounds-0	Retro Sounds	OpenGameArt	CC0 1.0	2D	effects,sci-fi,characters,retro,arcade,explosion,die,shooter,alien,Enemy,spaceship,starship,invader,Action,Sci-Fi	effects/oga-retro-sounds-0	https://opengameart.org/content/retro-sounds-0	node cong-cu/lay.mjs 2d-assets oga-retro-sounds-0
oga-simple-colored-particle-lights	Simple Colored Particle lights	OpenGameArt	CC0 1.0	2D	effects,fantasy,particle,light,Puzzle,RPG,Fantasy,Other,Effects	effects/oga-simple-colored-particle-lights	https://opengameart.org/content/simple-colored-particle-lights	node cong-cu/lay.mjs 2d-assets oga-simple-colored-particle-lights
oga-small-explosives-pack	Small Explosives Pack	OpenGameArt	CC0 (theo 2d-assets, chua doi chieu ban goc)	2D	effects,explosion,explosive,weapon,Action,fighting,Action,Modern,Warfare,Static Mesh	effects/oga-small-explosives-pack	https://opengameart.org/content/small-explosives-pack	node cong-cu/lay.mjs 2d-assets oga-small-explosives-pack
oga-synthesized-explosion	Synthesized explosion	OpenGameArt	CC0 1.0	2D	effects,explosion,attack,boom,destruction,Action,Warfare	effects/oga-synthesized-explosion	https://opengameart.org/content/synthesized-explosion	node cong-cu/lay.mjs 2d-assets oga-synthesized-explosion
oga-thick-fog	Thick Fog	OpenGameArt	CC0 1.0	2D	effects,sci-fi,fantasy,tiles-terrain,Fantasy,smoke,Weekly Challenge,fog,rolling,thick,haze,mist,Dark Fantasy,Action,RPG,Historical	effects/oga-thick-fog	https://opengameart.org/content/thick-fog	node cong-cu/lay.mjs 2d-assets oga-thick-fog
particle-pack	Particle Pack	Kenney	CC0 1.0	2D	effects,particle,shader,vfx	effects/particle-pack	https://kenney.nl/assets/particle-pack	node cong-cu/lay.mjs 2d-assets particle-pack
puzzle-pack-2	Puzzle Pack 2	Kenney	CC0 1.0	2D	effects,brick,coin,paddle,particle,pipe,puzzle	effects/puzzle-pack-2	https://kenney.nl/assets/puzzle-pack-2	node cong-cu/lay.mjs 2d-assets puzzle-pack-2
smoke-particles	Smoke Particles	Kenney	CC0 1.0	2D	effects,explosion,particle,smoke,vfx	effects/smoke-particles	https://kenney.nl/assets/smoke-particles	node cong-cu/lay.mjs 2d-assets smoke-particles
splat-pack	Splat Pack	Kenney	CC0 1.0	2D	effects,splat,texture,vfx	effects/splat-pack	https://kenney.nl/assets/splat-pack	node cong-cu/lay.mjs 2d-assets splat-pack
1-bit-pack	1-Bit Pack	Kenney	CC0 1.0	2D	fantasy,1-bit,pixel,roguelike,rpg	fantasy/1-bit-pack	https://kenney.nl/assets/1-bit-pack	node cong-cu/lay.mjs 2d-assets 1-bit-pack
block-pack	Block Pack	Kenney	CC0 1.0	2D	fantasy,modern-urban,nature,building,rpg,terrain,town	fantasy/block-pack	https://kenney.nl/assets/block-pack	node cong-cu/lay.mjs 2d-assets block-pack
desert-shooter-pack	Desert Shooter Pack	Kenney	CC0 1.0	2D	fantasy,pixel,roguelike,shooter,ui	fantasy/desert-shooter-pack	https://kenney.nl/assets/desert-shooter-pack	node cong-cu/lay.mjs 2d-assets desert-shooter-pack
holiday-extras	Holiday Extras	Kenney	CC0 1.0	2D	fantasy,tiles-terrain,hexagon,holiday,roguelike,rts,tile,top-down,voxel	fantasy/holiday-extras	https://kenney.nl/assets/holiday-extras	node cong-cu/lay.mjs 2d-assets holiday-extras
isometric-miniature-dungeon	Isometric Miniature Dungeon	Kenney	CC0 1.0	2D	fantasy,tiles-terrain,dungeon,isometric	fantasy/isometric-miniature-dungeon	https://kenney.nl/assets/isometric-miniature-dungeon	node cong-cu/lay.mjs 2d-assets isometric-miniature-dungeon
medieval-rts	Medieval RTS	Kenney	CC0 1.0	2D	fantasy,modern-urban,tiles-terrain,building,map,medieval,rts,tile	fantasy/medieval-rts	https://kenney.nl/assets/medieval-rts	node cong-cu/lay.mjs 2d-assets medieval-rts
micro-roguelike	Micro Roguelike	Kenney	CC0 1.0	2D	fantasy,tiles-terrain,1-bit,pixel,roguelike,rpg,tile	fantasy/micro-roguelike	https://kenney.nl/assets/micro-roguelike	node cong-cu/lay.mjs 2d-assets micro-roguelike
monochrome-pirates	Monochrome Pirates	Kenney	CC0 1.0	2D	fantasy,monochrome,pirate,pixel	fantasy/monochrome-pirates	https://kenney.nl/assets/monochrome-pirates	node cong-cu/lay.mjs 2d-assets monochrome-pirates
monochrome-rpg	Monochrome RPG	Kenney	CC0 1.0	2D	fantasy,monochrome,pixel,roguelike,rpg	fantasy/monochrome-rpg	https://kenney.nl/assets/monochrome-rpg	node cong-cu/lay.mjs 2d-assets monochrome-rpg
oga-10-8bit-coin-sounds	10 8bit coin sounds	OpenGameArt	CC0 1.0	2D	fantasy,coin,bling,8-bit,pickup,Puzzle,RPG,Strategy,Fantasy,Spells	fantasy/oga-10-8bit-coin-sounds	https://opengameart.org/content/10-8bit-coin-sounds	node cong-cu/lay.mjs 2d-assets oga-10-8bit-coin-sounds
oga-15-min-medieval-acidweird-strings	(15 min ) Medieval Acid/weird strings	OpenGameArt	CC0 1.0	2D	fantasy,medieval,contest,Weekly Challenge,Fifteen Minutes,Acid,15,minutes,minute,Action,RPG,Other,Instrumental	fantasy/oga-15-min-medieval-acidweird-strings	https://opengameart.org/content/15-min-medieval-acidweird-strings	node cong-cu/lay.mjs 2d-assets oga-15-min-medieval-acidweird-strings
oga-15-minute-character-sprite	15 minute character sprite	OpenGameArt	CC-BY 3.0 (ban goc OpenGameArt; 2d-assets ghi CC0 - LECH, theo ban goc)	2D	fantasy,characters,Weekly Challenge,Fifteen Minutes,gentleman,sidescroller,monocle,green coat,Action,Fantasy,Pixel Art,Sprite,Character	fantasy/oga-15-minute-character-sprite	https://opengameart.org/content/15-minute-character-sprite	node cong-cu/lay.mjs 2d-assets oga-15-minute-character-sprite
oga-16x16-tiles	16x16 Tiles	OpenGameArt	CC0 1.0	2D	fantasy,nature,tiles-terrain,tiles,tile,16x16,top down,Top-down,topdown,RPG,tileset,lava,brick,stone,wall	fantasy/oga-16x16-tiles	https://opengameart.org/content/16x16-tiles	node cong-cu/lay.mjs 2d-assets oga-16x16-tiles
oga-16x16-tileset-water-grass-and-sand	16x16 tileset: water, grass and sand	OpenGameArt	CC0 1.0	2D	fantasy,nature,tiles-terrain,sand,water,grass,16x16,Terrain,tile,RPG,Map,tileset,pixelart,Top-down	fantasy/oga-16x16-tileset-water-grass-and-sand	https://opengameart.org/content/16x16-tileset-water-grass-and-sand	node cong-cu/lay.mjs 2d-assets oga-16x16-tileset-water-grass-and-sand
oga-25-tartan-patterns	25 tartan patterns	OpenGameArt	CC0 1.0	2D	fantasy,pattern,cloth,clan,tartan,fabric,scotland,Educational,RPG,Strategy,Fantasy,Historical,Warfare	fantasy/oga-25-tartan-patterns	https://opengameart.org/content/25-tartan-patterns	node cong-cu/lay.mjs 2d-assets oga-25-tartan-patterns
oga-2d-circle-graphic-desert-cliffs	2D Circle Graphic Desert Cliffs	OpenGameArt	CC0 1.0	2D	fantasy,tiles-terrain,RPG,Fantasy,Map,tileset,Pixel Art,stone,Map Tileset,Top-down	fantasy/oga-2d-circle-graphic-desert-cliffs	https://opengameart.org/content/2d-circle-graphic-desert-cliffs	node cong-cu/lay.mjs 2d-assets oga-2d-circle-graphic-desert-cliffs
oga-2d-overhead-crate-textures	2D overhead crate textures	OpenGameArt	CC0 1.0	2D	fantasy,Action,RPG,Raster Art,Wood,Item,Top-down	fantasy/oga-2d-overhead-crate-textures	https://opengameart.org/content/2d-overhead-crate-textures	node cong-cu/lay.mjs 2d-assets oga-2d-overhead-crate-textures
oga-2d-rpg-character-walk-spritesheet	2D RPG character walk spritesheet	OpenGameArt	CC0 1.0	2D	fantasy,characters,tiles-terrain,RPG,Character,hero,male,knight,Sprite,pixel,walk,walking,walk cycle,Fantasy,Isometric	fantasy/oga-2d-rpg-character-walk-spritesheet	https://opengameart.org/content/2d-rpg-character-walk-spritesheet	node cong-cu/lay.mjs 2d-assets oga-2d-rpg-character-walk-spritesheet
oga-3-melee-sounds	3 Melee sounds	OpenGameArt	CC0 1.0	2D	fantasy,characters,melee,attack,fight,animal,sword,knife,Action,RPG,Fantasy,Historical,Warfare,Battle	fantasy/oga-3-melee-sounds	https://opengameart.org/content/3-melee-sounds	node cong-cu/lay.mjs 2d-assets oga-3-melee-sounds
oga-30-authentic-medieval-or-least-old-paintings	30 Authentic Medieval (or at least Old) Paintings	OpenGameArt	CC0 1.0	2D	fantasy,Fantasy,medieval,painting,Historical,authentic,RPG,Fantasy,Historical,Raster Art	fantasy/oga-30-authentic-medieval-or-least-old-paintings	https://opengameart.org/content/30-authentic-medieval-or-least-old-paintings	node cong-cu/lay.mjs 2d-assets oga-30-authentic-medieval-or-least-old-paintings
oga-action-sounds	Action sounds	OpenGameArt	CC0 1.0	2D	fantasy,Saw,construction,spit,money,cought,door close,door open,rub,snore,sleep,scottish accent,sacred	fantasy/oga-action-sounds	https://opengameart.org/content/action-sounds	node cong-cu/lay.mjs 2d-assets oga-action-sounds
oga-action-theme-song	Action Theme Song	OpenGameArt	CC0 1.0	2D	fantasy,orchestral,Action,Strategy,Fantasy,Modern,Warfare,Instrumental	fantasy/oga-action-theme-song	https://opengameart.org/content/action-theme-song	node cong-cu/lay.mjs 2d-assets oga-action-theme-song
oga-adventure-time	Adventure Time	OpenGameArt	CC0 1.0	2D	fantasy,Action,Puzzle,RPG,Fantasy,Battle,Instrumental	fantasy/oga-adventure-time	https://opengameart.org/content/adventure-time	node cong-cu/lay.mjs 2d-assets oga-adventure-time
oga-animal-or-beast-sounds	Animal or beast sounds	OpenGameArt	CC0 1.0	2D	fantasy,characters,beast,animal,growl,RPG,Fantasy,Other	fantasy/oga-animal-or-beast-sounds	https://opengameart.org/content/animal-or-beast-sounds	node cong-cu/lay.mjs 2d-assets oga-animal-or-beast-sounds
oga-anime-female-body	Anime female body	OpenGameArt	CC0 1.0	2D	fantasy,humanoid,human,low poly,anime,female,manga,Action,RPG,Fantasy,Modern,Other,Static Mesh	fantasy/oga-anime-female-body	https://opengameart.org/content/anime-female-body	node cong-cu/lay.mjs 2d-assets oga-anime-female-body
oga-anime-male-body	Anime male body	OpenGameArt	CC0 1.0	2D	fantasy,humanoid,human,low poly,anime,male,manga,Action,RPG,Fantasy,Modern,Other,Static Mesh	fantasy/oga-anime-male-body	https://opengameart.org/content/anime-male-body	node cong-cu/lay.mjs 2d-assets oga-anime-male-body
oga-arr	Arr!	OpenGameArt	CC0 1.0	2D	fantasy,Weekly Challenge,Pirate Party,pirate,arr,cheezy,Fantasy,Historical,Other,Voice	fantasy/oga-arr	https://opengameart.org/content/arr	node cong-cu/lay.mjs 2d-assets oga-arr
oga-attack-helicopter	Attack helicopter	OpenGameArt	CC0 (theo 2d-assets, chua doi chieu ban goc)	2D	fantasy,vehicles,characters,army,attack,helicopter,Action,Strategy,Fantasy,Modern,Warfare,Other,metal,Enemy,Vehicle	fantasy/oga-attack-helicopter	https://opengameart.org/content/attack-helicopter	node cong-cu/lay.mjs 2d-assets oga-attack-helicopter
oga-attack-miss-or-hit-sounds2	Attack miss or hit sounds(2)	OpenGameArt	CC0 1.0	2D	fantasy,Action,RPG,Other,Battle	fantasy/oga-attack-miss-or-hit-sounds2	https://opengameart.org/content/attack-miss-or-hit-sounds2	node cong-cu/lay.mjs 2d-assets oga-attack-miss-or-hit-sounds2
oga-average-male	Average Male	OpenGameArt	CC0 (theo 2d-assets, chua doi chieu ban goc)	2D	fantasy,characters,average,male,man,outline,Action,RPG,Modern,Other,Portrait,Character	fantasy/oga-average-male	https://opengameart.org/content/average-male	node cong-cu/lay.mjs 2d-assets oga-average-male
oga-basic-hand-axe	Basic Hand axe	OpenGameArt	CC0 1.0	2D	fantasy,weapon,axe,hand axe,Action,RPG,Fantasy,Historical,Warfare,Other,Static Mesh	fantasy/oga-basic-hand-axe	https://opengameart.org/content/basic-hand-axe	node cong-cu/lay.mjs 2d-assets oga-basic-hand-axe
oga-basic-torch-particles	Basic Torch With Particles	OpenGameArt	CC0 1.0	2D	fantasy,torch,scenery,Action,RPG,Strategy,Fantasy,Static Mesh	fantasy/oga-basic-torch-particles	https://opengameart.org/content/basic-torch-particles	node cong-cu/lay.mjs 2d-assets oga-basic-torch-particles
oga-basic-tower	Basic Tower	OpenGameArt	CC0 1.0	2D	fantasy,tower,defense,defence,Basic,RPG,Strategy,Fantasy,Historical,Static Mesh	fantasy/oga-basic-tower	https://opengameart.org/content/basic-tower	node cong-cu/lay.mjs 2d-assets oga-basic-tower
oga-basic-wooden-fence	Basic Wooden Fence	OpenGameArt	CC0 1.0	2D	fantasy,nature,fence,farm,gate,Action,RPG,Strategy,Fantasy,Modern,Warfare,Other,Static Mesh	fantasy/oga-basic-wooden-fence	https://opengameart.org/content/basic-wooden-fence	node cong-cu/lay.mjs 2d-assets oga-basic-wooden-fence
oga-battle-sound-effects	Battle Sound Effects	OpenGameArt	CC-BY 3.0 (ban goc OpenGameArt; 2d-assets ghi CC0 - LECH, theo ban goc)	2D	fantasy,Battle,weapon,Action,RPG,hit,punch,attack,swosh,Fantasy,Warfare	fantasy/oga-battle-sound-effects	https://opengameart.org/content/battle-sound-effects	node cong-cu/lay.mjs 2d-assets oga-battle-sound-effects
oga-bed-low-poly	Bed (low poly)	OpenGameArt	CC0 1.0	2D	fantasy,bed,pillow,blanket,RPG,Historical,Modern,Static Mesh	fantasy/oga-bed-low-poly	https://opengameart.org/content/bed-low-poly	node cong-cu/lay.mjs 2d-assets oga-bed-low-poly
oga-big-and-small-item-fall-sounds2	Big and small item fall sounds(2)	OpenGameArt	CC0 1.0	2D	fantasy,fall,Item,Action,RPG,Fantasy,Other,raw	fantasy/oga-big-and-small-item-fall-sounds2	https://opengameart.org/content/big-and-small-item-fall-sounds2	node cong-cu/lay.mjs 2d-assets oga-big-and-small-item-fall-sounds2
oga-blacksmith	Blacksmith	OpenGameArt	CC0 1.0	2D	fantasy,modern-urban,tiles-terrain,building,tile,svg,RPG,Strategy,Fantasy,Historical,Warfare,Isometric,Map Tileset,Vector Art	fantasy/oga-blacksmith	https://opengameart.org/content/blacksmith	node cong-cu/lay.mjs 2d-assets oga-blacksmith
oga-bombalach	Bombalach	OpenGameArt	CC0 1.0	2D	fantasy,characters,tiles-terrain,monster,low-poly,animated,RPG,Fantasy,Map,Rigged Mesh,Static Mesh	fantasy/oga-bombalach	https://opengameart.org/content/bombalach	node cong-cu/lay.mjs 2d-assets oga-bombalach
oga-brick-border	Brick border	OpenGameArt	CC0 1.0	2D	fantasy,border,brick,vector,RPG,Strategy,Fantasy,Historical,Warfare,User Interface,Vector Art	fantasy/oga-brick-border	https://opengameart.org/content/brick-border	node cong-cu/lay.mjs 2d-assets oga-brick-border
oga-broadsword	Broadsword	OpenGameArt	CC0 1.0	2D	fantasy,sword,weapon,melee,fighting,Warfare,Static Mesh	fantasy/oga-broadsword	https://opengameart.org/content/broadsword	node cong-cu/lay.mjs 2d-assets oga-broadsword
oga-broken-heart-sword	Broken Heart Sword	OpenGameArt	CC0 1.0	2D	fantasy,sword,Action,RPG,Strategy,Fantasy,Historical,Warfare,Static Mesh	fantasy/oga-broken-heart-sword	https://opengameart.org/content/broken-heart-sword	node cong-cu/lay.mjs 2d-assets oga-broken-heart-sword
oga-cannon-tower	Cannon tower	OpenGameArt	CC0 (theo 2d-assets, chua doi chieu ban goc)	2D	fantasy,characters,tower,army,weapon,gun,simple,defense,defend,cannon,cartoon,turret,Action,Strategy	fantasy/oga-cannon-tower	https://opengameart.org/content/cannon-tower	node cong-cu/lay.mjs 2d-assets oga-cannon-tower
oga-caravan	Caravan	OpenGameArt	CC0 1.0	2D	fantasy,vehicles,modern-urban,tiles-terrain,building,tile,svg,Item,caravan,RPG,Strategy,Fantasy,Historical,Warfare,Isometric,Map Tileset	fantasy/oga-caravan	https://opengameart.org/content/caravan	node cong-cu/lay.mjs 2d-assets oga-caravan
oga-caravan-wreck	Caravan wreck	OpenGameArt	CC0 (theo 2d-assets, chua doi chieu ban goc)	2D	fantasy,vehicles,modern-urban,tiles-terrain,building,tile,svg,caravan,RPG,Strategy,Fantasy,Historical,Warfare,Isometric,Map Tileset,Item	fantasy/oga-caravan-wreck	https://opengameart.org/content/caravan-wreck	node cong-cu/lay.mjs 2d-assets oga-caravan-wreck
oga-carnival-rides	Carnival Rides	OpenGameArt	CC0 1.0	2D	fantasy,Weekly Challenge,Carnival,Fantasy,Kids	fantasy/oga-carnival-rides	https://opengameart.org/content/carnival-rides	node cong-cu/lay.mjs 2d-assets oga-carnival-rides
oga-cathedral	Cathedral	OpenGameArt	CC0 1.0	2D	fantasy,modern-urban,tiles-terrain,building,tile,svg,RPG,Strategy,Fantasy,Historical,Warfare,Isometric,Map Tileset,Vector Art	fantasy/oga-cathedral	https://opengameart.org/content/cathedral	node cong-cu/lay.mjs 2d-assets oga-cathedral
oga-cave-entrance	Cave entrance	OpenGameArt	CC0 1.0	2D	fantasy,modern-urban,nature,tiles-terrain,building,tile,svg,Terrain,RPG,Strategy,Fantasy,Historical,Warfare,stone,Isometric,Map Tileset	fantasy/oga-cave-entrance	https://opengameart.org/content/cave-entrance	node cong-cu/lay.mjs 2d-assets oga-cave-entrance
oga-cave-theme	Cave Theme	OpenGameArt	CC0 1.0	2D	fantasy,nature,cave,mysterious,RPG,Fantasy,Modern,Other,Ambient,Instrumental	fantasy/oga-cave-theme	https://opengameart.org/content/cave-theme	node cong-cu/lay.mjs 2d-assets oga-cave-theme
oga-cementery-gate	cementery gate	OpenGameArt	CC0 1.0	2D	fantasy,gate,door,stone,RPG,Strategy,Other,Static Mesh	fantasy/oga-cementery-gate	https://opengameart.org/content/cementery-gate	node cong-cu/lay.mjs 2d-assets oga-cementery-gate
oga-cemetery	Cemetery	OpenGameArt	CC0 1.0	2D	fantasy,characters,grave,death,dead,undead,zombie,church,body,tomb,pillar,monument,cemetery,churchyard	fantasy/oga-cemetery	https://opengameart.org/content/cemetery	node cong-cu/lay.mjs 2d-assets oga-cemetery
oga-chess-pieces-0	Chess Pieces	OpenGameArt	CC0 1.0	2D	fantasy,Weekly Challenge,Casual Elements,chess,pieces,pawn,rook,knight,king,bishop,Queen,Educational,Puzzle	fantasy/oga-chess-pieces-0	https://opengameart.org/content/chess-pieces-0	node cong-cu/lay.mjs 2d-assets oga-chess-pieces-0
oga-circus-tent	Circus tent	OpenGameArt	CC0 1.0	2D	fantasy,modern-urban,tiles-terrain,building,tile,svg,RPG,Strategy,Fantasy,Historical,Isometric,Map Tileset,Vector Art	fantasy/oga-circus-tent	https://opengameart.org/content/circus-tent	node cong-cu/lay.mjs 2d-assets oga-circus-tent
oga-cold-silence	Cold Silence	OpenGameArt	CC0 1.0	2D	fantasy,scary,unsettling,RPG,Fantasy,Ambient	fantasy/oga-cold-silence	https://opengameart.org/content/cold-silence	node cong-cu/lay.mjs 2d-assets oga-cold-silence
oga-covered-well	Covered well	OpenGameArt	CC0 1.0	2D	fantasy,well,prop,props,RPG,Fantasy,Historical,Other,Static Mesh	fantasy/oga-covered-well	https://opengameart.org/content/covered-well	node cong-cu/lay.mjs 2d-assets oga-covered-well
oga-crossroads-sign	Crossroads sign	OpenGameArt	CC0 1.0	2D	fantasy,modern-urban,tiles-terrain,building,tile,svg,sign,RPG,Strategy,Fantasy,Historical,Warfare,Isometric,Map Tileset,Item	fantasy/oga-crossroads-sign	https://opengameart.org/content/crossroads-sign	node cong-cu/lay.mjs 2d-assets oga-crossroads-sign
oga-dark-border	Dark border	OpenGameArt	CC0 1.0	2D	fantasy,border,dark,vector,evil,Action,RPG,Strategy,Fantasy,Historical,Warfare,User Interface,Vector Art	fantasy/oga-dark-border	https://opengameart.org/content/dark-border	node cong-cu/lay.mjs 2d-assets oga-dark-border
oga-dark-wood-textures	Dark wood textures	OpenGameArt	CC0 1.0	2D	fantasy,dark,Wood,Fantasy,Historical,Modern,Wood	fantasy/oga-dark-wood-textures	https://opengameart.org/content/dark-wood-textures	node cong-cu/lay.mjs 2d-assets oga-dark-wood-textures
oga-demon-portrait	Demon Portrait	OpenGameArt	CC0 1.0	2D	fantasy,demon,Portrait,RPG,Fantasy	fantasy/oga-demon-portrait	https://opengameart.org/content/demon-portrait	node cong-cu/lay.mjs 2d-assets oga-demon-portrait
oga-determination	Determination	OpenGameArt	CC0 1.0	2D	fantasy,determined,Action,Fantasy,Modern	fantasy/oga-determination	https://opengameart.org/content/determination	node cong-cu/lay.mjs 2d-assets oga-determination
oga-docks	Docks	OpenGameArt	CC0 (theo 2d-assets, chua doi chieu ban goc)	2D	fantasy,modern-urban,tiles-terrain,building,tile,svg,RPG,Strategy,Fantasy,Historical,Warfare,Isometric,Map Tileset,Vector Art	fantasy/oga-docks	https://opengameart.org/content/docks	node cong-cu/lay.mjs 2d-assets oga-docks
oga-dog-barking-mono	Dog barking mono	OpenGameArt	CC0 1.0	2D	fantasy,dog,barking,pitch,outside,mono,4,barks,48k,441,Action,Educational,Puzzle	fantasy/oga-dog-barking-mono	https://opengameart.org/content/dog-barking-mono	node cong-cu/lay.mjs 2d-assets oga-dog-barking-mono
oga-double-slash-animation	Double Slash Animation	OpenGameArt	CC0 1.0	2D	fantasy,characters,Weekly Challenge,Get in the Game,Action,Fantasy,Other,Pixel Art,Sprite,Character,Enemy	fantasy/oga-double-slash-animation	https://opengameart.org/content/double-slash-animation	node cong-cu/lay.mjs 2d-assets oga-double-slash-animation
oga-dragon	Dragon	OpenGameArt	CC0 1.0	2D	fantasy,dragon,Fantasy,Static Mesh	fantasy/oga-dragon	https://opengameart.org/content/dragon	node cong-cu/lay.mjs 2d-assets oga-dragon
oga-dry-brush-landscape-photos	Dry brush landscape photos	OpenGameArt	CC0 (theo 2d-assets, chua doi chieu ban goc)	2D	fantasy,tiles-terrain,photo,dry brush,loading screen,lanscape,RPG,Fantasy,Other,background,Storyboard,Raster Art	fantasy/oga-dry-brush-landscape-photos	https://opengameart.org/content/dry-brush-landscape-photos	node cong-cu/lay.mjs 2d-assets oga-dry-brush-landscape-photos
oga-egyptian-meditation-music	Egyptian meditation music	OpenGameArt	CC0 1.0	2D	fantasy,nature,temple,egypt,sleepy,desert,chimes,bowls,vibrate,Puzzle,RPG,Fantasy,Historical,Other	fantasy/oga-egyptian-meditation-music	https://opengameart.org/content/egyptian-meditation-music	node cong-cu/lay.mjs 2d-assets oga-egyptian-meditation-music
oga-elf-female	Elf Female	OpenGameArt	CC0 (theo 2d-assets, chua doi chieu ban goc)	2D	fantasy,characters,elf,female,petite,Other,Portrait,Character	fantasy/oga-elf-female	https://opengameart.org/content/elf-female	node cong-cu/lay.mjs 2d-assets oga-elf-female
oga-elven-dagger	Elven Dagger	OpenGameArt	CC0 (theo 2d-assets, chua doi chieu ban goc)	2D	fantasy,RPG,Fantasy,Historical,Raster Art,Item	fantasy/oga-elven-dagger	https://opengameart.org/content/elven-dagger	node cong-cu/lay.mjs 2d-assets oga-elven-dagger
oga-equipment-clicks-iii	equipment clicks III	OpenGameArt	CC0 1.0	2D	fantasy,click,clicks,snap,reload,reloading,gun,weapon,cocking,Action,RPG,Warfare,Battle	fantasy/oga-equipment-clicks-iii	https://opengameart.org/content/equipment-clicks-iii	node cong-cu/lay.mjs 2d-assets oga-equipment-clicks-iii
oga-evil-laughter	Evil laughter	OpenGameArt	CC0 1.0	2D	fantasy,characters,laugh,evil,bad,Enemy,death,laughter,aggressive,deadly,horrible,RPG,Fantasy,Other	fantasy/oga-evil-laughter	https://opengameart.org/content/evil-laughter	node cong-cu/lay.mjs 2d-assets oga-evil-laughter
oga-fantasy-librarian-portrait	Fantasy Librarian Portrait	OpenGameArt	CC0 (theo 2d-assets, chua doi chieu ban goc)	2D	fantasy,characters,Fantasy,Weekly Challenge,Get in the Game,Portrait,book,scroll,Librarian,RPG,Fantasy,Modern,Portrait,Character	fantasy/oga-fantasy-librarian-portrait	https://opengameart.org/content/fantasy-librarian-portrait	node cong-cu/lay.mjs 2d-assets oga-fantasy-librarian-portrait
oga-farm	Farm	OpenGameArt	CC0 (theo 2d-assets, chua doi chieu ban goc)	2D	fantasy,modern-urban,tiles-terrain,building,tile,svg,RPG,Strategy,Fantasy,Historical,Warfare,Isometric,Map Tileset,Vector Art	fantasy/oga-farm	https://opengameart.org/content/farm	node cong-cu/lay.mjs 2d-assets oga-farm
oga-feel-good-island	Feel good island	OpenGameArt	CC0 1.0	2D	fantasy,comical,happy,piano,drum,Bass,soothing,marimba,Educational,Puzzle,Strategy,Fantasy,Kids	fantasy/oga-feel-good-island	https://opengameart.org/content/feel-good-island	node cong-cu/lay.mjs 2d-assets oga-feel-good-island
oga-fence-variation	Fence variation	OpenGameArt	CC0 1.0	2D	fantasy,modern-urban,Tempest in the Aether,fence,building,RPG,Strategy,Fantasy,Historical,Warfare,Other,Static Mesh	fantasy/oga-fence-variation	https://opengameart.org/content/fence-variation	node cong-cu/lay.mjs 2d-assets oga-fence-variation
oga-fireplace-0	Fireplace	OpenGameArt	CC0 1.0	2D	fantasy,fireplace,cottage,props,Action,RPG,Strategy,Fantasy,Historical,Static Mesh	fantasy/oga-fireplace-0	https://opengameart.org/content/fireplace-0	node cong-cu/lay.mjs 2d-assets oga-fireplace-0
oga-fisherman-house	Fisherman house	OpenGameArt	CC0 1.0	2D	fantasy,modern-urban,tiles-terrain,building,tile,svg,RPG,Strategy,Fantasy,Historical,Isometric,Map Tileset,Vector Art	fantasy/oga-fisherman-house	https://opengameart.org/content/fisherman-house	node cong-cu/lay.mjs 2d-assets oga-fisherman-house
oga-flare-hud	Flare HUD	OpenGameArt	CC0 1.0	2D	fantasy,hud,flare,RPG,Other,User Interface	fantasy/oga-flare-hud	https://opengameart.org/content/flare-hud	node cong-cu/lay.mjs 2d-assets oga-flare-hud
oga-flare-isometric-tiles	FLARE Isometric Tiles	OpenGameArt	CC0 1.0	2D	fantasy,tiles-terrain,Isometric,tile,tileset,flare,crack,stone,marble,Action,RPG,Fantasy,stone,Isometric	fantasy/oga-flare-isometric-tiles	https://opengameart.org/content/flare-isometric-tiles	node cong-cu/lay.mjs 2d-assets oga-flare-isometric-tiles
oga-flare-item-variation-60x60-only	Flare Item Variation (60x60 Only)	OpenGameArt	CC0 1.0	2D	fantasy,flare,gear,RPG,Warfare,Other,Item,User Interface	fantasy/oga-flare-item-variation-60x60-only	https://opengameart.org/content/flare-item-variation-60x60-only	node cong-cu/lay.mjs 2d-assets oga-flare-item-variation-60x60-only
oga-flora-pack	Flora pack	OpenGameArt	CC0 1.0	2D	fantasy,Weekly Challenge,Flora,Action,RPG,Fantasy,Kids,Static Mesh	fantasy/oga-flora-pack	https://opengameart.org/content/flora-pack	node cong-cu/lay.mjs 2d-assets oga-flora-pack
oga-flowers-low-pixel	Flowers (low-pixel)	OpenGameArt	CC0 1.0	2D	fantasy,nature,flower,nature,pixel,low-pixel,pink,7x15,11x15,Educational,Puzzle,RPG,Fantasy,Kids	fantasy/oga-flowers-low-pixel	https://opengameart.org/content/flowers-low-pixel	node cong-cu/lay.mjs 2d-assets oga-flowers-low-pixel
oga-forest-tiles	Forest Tiles	OpenGameArt	CC0 1.0	2D	fantasy,nature,forest,Fantasy,Map Tileset,Pixel Art	fantasy/oga-forest-tiles	https://opengameart.org/content/forest-tiles	node cong-cu/lay.mjs 2d-assets oga-forest-tiles
oga-fort	Fort	OpenGameArt	CC0 (theo 2d-assets, chua doi chieu ban goc)	2D	fantasy,modern-urban,tiles-terrain,building,tile,svg,RPG,Strategy,Fantasy,Historical,Warfare,Isometric,Map Tileset,Vector Art	fantasy/oga-fort	https://opengameart.org/content/fort	node cong-cu/lay.mjs 2d-assets oga-fort
oga-fortified-city	Fortified city	OpenGameArt	CC0 1.0	2D	fantasy,modern-urban,tiles-terrain,building,tile,svg,RPG,Strategy,Fantasy,Historical,Warfare,Isometric,Map Tileset,Vector Art	fantasy/oga-fortified-city	https://opengameart.org/content/fortified-city	node cong-cu/lay.mjs 2d-assets oga-fortified-city
oga-fortress	Fortress	OpenGameArt	CC0 1.0	2D	fantasy,modern-urban,tiles-terrain,building,tile,svg,RPG,Strategy,Fantasy,Historical,Warfare,Isometric,Map Tileset,Vector Art	fantasy/oga-fortress	https://opengameart.org/content/fortress	node cong-cu/lay.mjs 2d-assets oga-fortress
oga-fountain	Fountain	OpenGameArt	CC0 (theo 2d-assets, chua doi chieu ban goc)	2D	fantasy,modern-urban,tiles-terrain,building,tile,svg,RPG,Strategy,Fantasy,Historical,Isometric,Map Tileset,Vector Art	fantasy/oga-fountain	https://opengameart.org/content/fountain	node cong-cu/lay.mjs 2d-assets oga-fountain
oga-freeze-spell-0	Freeze Spell	OpenGameArt	CC0 1.0	2D	fantasy,freeze,ice,cold,magic,spell,elemental,icy,Action,RPG,Strategy,Fantasy,Warfare	fantasy/oga-freeze-spell-0	https://opengameart.org/content/freeze-spell-0	node cong-cu/lay.mjs 2d-assets oga-freeze-spell-0
oga-fuzzy-portrait-backgrounds	Fuzzy portrait backgrounds	OpenGameArt	CC0 1.0	2D	fantasy,tiles-terrain,background,watercolor,photo,RPG,background,Storyboard,Raster Art,stone,Portrait,User Interface	fantasy/oga-fuzzy-portrait-backgrounds	https://opengameart.org/content/fuzzy-portrait-backgrounds	node cong-cu/lay.mjs 2d-assets oga-fuzzy-portrait-backgrounds
oga-gallows	Gallows	OpenGameArt	CC0 1.0	2D	fantasy,modern-urban,tiles-terrain,building,tile,svg,RPG,Strategy,Fantasy,Historical,Warfare,Isometric,Map Tileset,Vector Art	fantasy/oga-gallows	https://opengameart.org/content/gallows	node cong-cu/lay.mjs 2d-assets oga-gallows
oga-giraffe	Giraffe	OpenGameArt	CC0 (theo 2d-assets, chua doi chieu ban goc)	2D	fantasy,characters,animal,pixel,monster,static,giraffe,RPG,Kids,Pixel Art,Enemy	fantasy/oga-giraffe	https://opengameart.org/content/giraffe	node cong-cu/lay.mjs 2d-assets oga-giraffe
oga-girly-scream	Girly Scream	OpenGameArt	CC-BY 3.0 (ban goc OpenGameArt; 2d-assets ghi CC0 - LECH, theo ban goc)	2D	fantasy,girl,scream,Action,RPG,Other,Voice	fantasy/oga-girly-scream	https://opengameart.org/content/girly-scream	node cong-cu/lay.mjs 2d-assets oga-girly-scream
oga-global-resonance	Global Resonance	OpenGameArt	CC0 1.0	2D	fantasy,quiet,RPG,Fantasy,Ambient	fantasy/oga-global-resonance	https://opengameart.org/content/global-resonance	node cong-cu/lay.mjs 2d-assets oga-global-resonance
oga-goblins-sound-pack	Goblins Sound Pack	OpenGameArt	CC0 1.0	2D	fantasy,characters,goblin,high-pitched,squeaky,Enemy,hit,die,attack,defend,Action,RPG,Strategy,Fantasy	fantasy/oga-goblins-sound-pack	https://opengameart.org/content/goblins-sound-pack	node cong-cu/lay.mjs 2d-assets oga-goblins-sound-pack
oga-golden-and-emerald-border	Golden and emerald border	OpenGameArt	CC0 (theo 2d-assets, chua doi chieu ban goc)	2D	fantasy,border,vector,RPG,Strategy,Fantasy,Warfare,User Interface,Vector Art	fantasy/oga-golden-and-emerald-border	https://opengameart.org/content/golden-and-emerald-border	node cong-cu/lay.mjs 2d-assets oga-golden-and-emerald-border
oga-golden-border	Golden border	OpenGameArt	CC0 1.0	2D	fantasy,border,vector,Action,RPG,Strategy,Fantasy,Historical,Warfare,User Interface,Vector Art	fantasy/oga-golden-border	https://opengameart.org/content/golden-border	node cong-cu/lay.mjs 2d-assets oga-golden-border
oga-grass-hedge	Grass Hedge	OpenGameArt	CC0 1.0	2D	fantasy,nature,hedge,grass,RPG,Strategy,Fantasy,Other,nature	fantasy/oga-grass-hedge	https://opengameart.org/content/grass-hedge	node cong-cu/lay.mjs 2d-assets oga-grass-hedge
oga-graveyard	Graveyard	OpenGameArt	CC0 1.0	2D	fantasy,modern-urban,tiles-terrain,building,tile,svg,RPG,Strategy,Fantasy,Historical,Warfare,Isometric,Map Tileset,Vector Art	fantasy/oga-graveyard	https://opengameart.org/content/graveyard	node cong-cu/lay.mjs 2d-assets oga-graveyard
oga-grip-nature	Grip of Nature	OpenGameArt	CC0 1.0	2D	fantasy,nature,nature,Touch of Nature,challenge,cheap,Fantasy,Instrumental	fantasy/oga-grip-nature	https://opengameart.org/content/grip-nature	node cong-cu/lay.mjs 2d-assets oga-grip-nature
oga-growl	growl	OpenGameArt	CC0 1.0	2D	fantasy,growl,human,Action,RPG,Fantasy,Voice	fantasy/oga-growl	https://opengameart.org/content/growl	node cong-cu/lay.mjs 2d-assets oga-growl
oga-gunshot-sounds	Gunshot Sounds	OpenGameArt	CC0 1.0	2D	fantasy,gunshots,Action,RPG,Historical,Modern,Warfare,Battle	fantasy/oga-gunshot-sounds	https://opengameart.org/content/gunshot-sounds	node cong-cu/lay.mjs 2d-assets oga-gunshot-sounds
oga-haunted-house	Haunted House	OpenGameArt	CC0 1.0	2D	fantasy,modern-urban,Weekly Challenge,Halloween,house,haunted,spooky,scary,mansion,Action,Educational,Puzzle,RPG,Fantasy	fantasy/oga-haunted-house	https://opengameart.org/content/haunted-house	node cong-cu/lay.mjs 2d-assets oga-haunted-house
oga-heroesofmightandmagic2-style-basilisk	HeroesOfMightAndMagic2-style basilisk	OpenGameArt	CC0 1.0	2D	fantasy,characters,Heroes,monster,Friday Challenge,Homage,Heroes of might and magic,homm,basilisk,Action,RPG,Strategy,Fantasy,Historical	fantasy/oga-heroesofmightandmagic2-style-basilisk	https://opengameart.org/content/heroesofmightandmagic2-style-basilisk	node cong-cu/lay.mjs 2d-assets oga-heroesofmightandmagic2-style-basilisk
oga-high-pitch-hitted	High pitch hitted	OpenGameArt	CC0 1.0	2D	fantasy,high pitch,static,white noise,pink,brown,untuned,tv,radio,fuzz,hitted,Action,RPG	fantasy/oga-high-pitch-hitted	https://opengameart.org/content/high-pitch-hitted	node cong-cu/lay.mjs 2d-assets oga-high-pitch-hitted
oga-high-pitch-scream-sounds2	High pitch scream sounds(2)	OpenGameArt	CC0 1.0	2D	fantasy,creature,scream,high pitch,RPG,Fantasy,Other,Battle,Voice	fantasy/oga-high-pitch-scream-sounds2	https://opengameart.org/content/high-pitch-scream-sounds2	node cong-cu/lay.mjs 2d-assets oga-high-pitch-scream-sounds2
oga-hit-sounds	Hit sounds	OpenGameArt	CC0 1.0	2D	fantasy,hit,Wood,metal,Action,Puzzle,RPG,Strategy,Fantasy,Warfare,Other,Battle	fantasy/oga-hit-sounds	https://opengameart.org/content/hit-sounds	node cong-cu/lay.mjs 2d-assets oga-hit-sounds
oga-hunter-house	Hunter house	OpenGameArt	CC0 1.0	2D	fantasy,modern-urban,tiles-terrain,building,tile,svg,RPG,Strategy,Fantasy,Historical,Warfare,Isometric,Map Tileset,Vector Art	fantasy/oga-hunter-house	https://opengameart.org/content/hunter-house	node cong-cu/lay.mjs 2d-assets oga-hunter-house
oga-hydrach	Hydrach	OpenGameArt	CC0 1.0	2D	fantasy,characters,tiles-terrain,creature,monster,weird,animated,RPG,Fantasy,Map,Rigged Mesh,Static Mesh	fantasy/oga-hydrach	https://opengameart.org/content/hydrach	node cong-cu/lay.mjs 2d-assets oga-hydrach
oga-icy-tower-demon-sprites	Icy Tower Demon Sprites	OpenGameArt	CC0 1.0	2D	fantasy,demon,icy tower,Fantasy,Pixel Art,Sprite	fantasy/oga-icy-tower-demon-sprites	https://opengameart.org/content/icy-tower-demon-sprites	node cong-cu/lay.mjs 2d-assets oga-icy-tower-demon-sprites
oga-icy-tower-fairy-sprites	Icy Tower Fairy Sprites	OpenGameArt	CC0 1.0	2D	fantasy,icy tower,fairy,Fantasy,Pixel Art,Sprite	fantasy/oga-icy-tower-fairy-sprites	https://opengameart.org/content/icy-tower-fairy-sprites	node cong-cu/lay.mjs 2d-assets oga-icy-tower-fairy-sprites
oga-inn	Inn	OpenGameArt	CC0 1.0	2D	fantasy,modern-urban,tiles-terrain,building,tile,svg,RPG,Strategy,Fantasy,Historical,Warfare,Isometric,Map Tileset,Vector Art	fantasy/oga-inn	https://opengameart.org/content/inn	node cong-cu/lay.mjs 2d-assets oga-inn
oga-insurgent	The Insurgent	OpenGameArt	CC0 1.0	2D	fantasy,Ambient,creepy,Fantasy	fantasy/oga-insurgent	https://opengameart.org/content/insurgent	node cong-cu/lay.mjs 2d-assets oga-insurgent
oga-isometric-gold-coin-piles	Isometric gold coin piles	OpenGameArt	CC0 1.0	2D	fantasy,Weekly Challenge,treasure,loot,gold,coins,pile,RPG,Fantasy,Historical,Raster Art,Item	fantasy/oga-isometric-gold-coin-piles	https://opengameart.org/content/isometric-gold-coin-piles	node cong-cu/lay.mjs 2d-assets oga-isometric-gold-coin-piles
oga-ivy-border	Ivy border	OpenGameArt	CC0 1.0	2D	fantasy,nature,border,vector,nature,magic,RPG,Strategy,Fantasy,Historical,Warfare,User Interface,Vector Art	fantasy/oga-ivy-border	https://opengameart.org/content/ivy-border	node cong-cu/lay.mjs 2d-assets oga-ivy-border
oga-jailhouse	Jailhouse	OpenGameArt	CC0 1.0	2D	fantasy,modern-urban,tiles-terrain,building,tile,svg,RPG,Strategy,Fantasy,Historical,Warfare,Isometric,Map Tileset,Vector Art	fantasy/oga-jailhouse	https://opengameart.org/content/jailhouse	node cong-cu/lay.mjs 2d-assets oga-jailhouse
oga-jerry-the-ogre	Jerry the Ogre	OpenGameArt	CC0 (theo 2d-assets, chua doi chieu ban goc)	2D	fantasy,ogre,head,blend,Public Treasure Hunt,Weekly Challenge,obj,targets,shapes,bust,jerry,RPG,Fantasy	fantasy/oga-jerry-the-ogre	https://opengameart.org/content/jerry-the-ogre	node cong-cu/lay.mjs 2d-assets oga-jerry-the-ogre
oga-just-another-rpg-character-base	Just another RPG character base	OpenGameArt	CC0 1.0	2D	fantasy,base,RPG,Sprite	fantasy/oga-just-another-rpg-character-base	https://opengameart.org/content/just-another-rpg-character-base	node cong-cu/lay.mjs 2d-assets oga-just-another-rpg-character-base
oga-katana	Katana	OpenGameArt	CC0 1.0	2D	fantasy,weapon,Historical,sword,katana,Warfare,japanese,blend,blender,Action,RPG,Fantasy,Static Mesh	fantasy/oga-katana	https://opengameart.org/content/katana	node cong-cu/lay.mjs 2d-assets oga-katana
oga-large-parchment-texture	large parchment texture	OpenGameArt	CC0 1.0	2D	fantasy,parchment,paper,weathered,stained,Educational,Puzzle,RPG,Strategy,Fantasy,Historical,Warfare,Raster Art	fantasy/oga-large-parchment-texture	https://opengameart.org/content/large-parchment-texture	node cong-cu/lay.mjs 2d-assets oga-large-parchment-texture
oga-laurels	Laurels	OpenGameArt	CC0 1.0	2D	fantasy,decoration,laurels,RPG,Strategy,Fantasy,Other,Pixel Art,User Interface	fantasy/oga-laurels	https://opengameart.org/content/laurels	node cong-cu/lay.mjs 2d-assets oga-laurels
oga-lava-texture	Lava texture	OpenGameArt	CC0 1.0	2D	fantasy,nature,lava,fire,RPG,Fantasy,Other,nature	fantasy/oga-lava-texture	https://opengameart.org/content/lava-texture	node cong-cu/lay.mjs 2d-assets oga-lava-texture
oga-lost-in-the-meadows	Lost in the meadows	OpenGameArt	CC0 1.0	2D	fantasy,lost,quiet,nice,RPG,Fantasy,Modern,Other,Instrumental	fantasy/oga-lost-in-the-meadows	https://opengameart.org/content/lost-in-the-meadows	node cong-cu/lay.mjs 2d-assets oga-lost-in-the-meadows
oga-low-poly-stairs	Low-poly Stairs	OpenGameArt	CC0 (theo 2d-assets, chua doi chieu ban goc)	2D	fantasy,Weekly Challenge,stairs,Fifteen Minutes,Action,RPG,Fantasy,Static Mesh	fantasy/oga-low-poly-stairs	https://opengameart.org/content/low-poly-stairs	node cong-cu/lay.mjs 2d-assets oga-low-poly-stairs
oga-magic-stones	Magic stones	OpenGameArt	CC0 (theo 2d-assets, chua doi chieu ban goc)	2D	fantasy,modern-urban,tiles-terrain,building,tile,svg,RPG,Strategy,Fantasy,Historical,Warfare,Isometric,Map Tileset,Vector Art	fantasy/oga-magic-stones	https://opengameart.org/content/magic-stones	node cong-cu/lay.mjs 2d-assets oga-magic-stones
oga-map-border	Map border	OpenGameArt	CC0 (theo 2d-assets, chua doi chieu ban goc)	2D	fantasy,tiles-terrain,Map,paper,RPG,Strategy,Fantasy,Historical,Warfare,User Interface,Vector Art	fantasy/oga-map-border	https://opengameart.org/content/map-border	node cong-cu/lay.mjs 2d-assets oga-map-border
oga-maze	Maze	OpenGameArt	CC0 1.0	2D	fantasy,modern-urban,tiles-terrain,building,tile,svg,RPG,Strategy,Fantasy,Historical,Warfare,Isometric,Map Tileset,Vector Art	fantasy/oga-maze	https://opengameart.org/content/maze	node cong-cu/lay.mjs 2d-assets oga-maze
oga-meadow-background	Meadow background	OpenGameArt	CC0 1.0	2D	fantasy,tiles-terrain,watercolor,sky,grass,clouds,meadow,mypaint,Fantasy,Historical,Modern,background,Storyboard,Raster Art	fantasy/oga-meadow-background	https://opengameart.org/content/meadow-background	node cong-cu/lay.mjs 2d-assets oga-meadow-background
oga-medieval-tower	Medieval tower	OpenGameArt	CC0 1.0	2D	fantasy,tower,Historical,castle,knight,medieval,RPG,Strategy,Fantasy,Historical,Warfare,Static Mesh	fantasy/oga-medieval-tower	https://opengameart.org/content/medieval-tower	node cong-cu/lay.mjs 2d-assets oga-medieval-tower
oga-mine	Mine	OpenGameArt	CC0 1.0	2D	fantasy,modern-urban,tiles-terrain,building,tile,svg,RPG,Strategy,Fantasy,Historical,Warfare,Isometric,Map Tileset	fantasy/oga-mine	https://opengameart.org/content/mine	node cong-cu/lay.mjs 2d-assets oga-mine
oga-monastery	Monastery	OpenGameArt	CC0 1.0	2D	fantasy,modern-urban,tiles-terrain,building,tile,svg,RPG,Strategy,Fantasy,Historical,Warfare,Isometric,Map Tileset	fantasy/oga-monastery	https://opengameart.org/content/monastery	node cong-cu/lay.mjs 2d-assets oga-monastery
oga-monster-or-beast-sounds	Monster or beast sounds	OpenGameArt	CC0 1.0	2D	fantasy,characters,monster,beast,growl,demon,pixie,spirit,RPG,Fantasy,Other,Voice	fantasy/oga-monster-or-beast-sounds	https://opengameart.org/content/monster-or-beast-sounds	node cong-cu/lay.mjs 2d-assets oga-monster-or-beast-sounds
oga-native-male-concept-art	Native Male - Concept Art	OpenGameArt	CC0 (theo 2d-assets, chua doi chieu ban goc)	2D	fantasy,characters,male,tribal,Portrait,native,indian,Educational,RPG,Strategy,Fantasy,Historical,Warfare,Other	fantasy/oga-native-male-concept-art	https://opengameart.org/content/native-male-concept-art	node cong-cu/lay.mjs 2d-assets oga-native-male-concept-art
oga-nature-adventure	Nature Adventure	OpenGameArt	CC0 (theo 2d-assets, chua doi chieu ban goc)	2D	fantasy,Friday Challenge,Touch of Nature,Fantasy,Kids	fantasy/oga-nature-adventure	https://opengameart.org/content/nature-adventure	node cong-cu/lay.mjs 2d-assets oga-nature-adventure
oga-nature-comes	Nature Comes	OpenGameArt	CC0 1.0	2D	fantasy,Friday Challenge,Touch of Nature,RPG,Strategy,Fantasy,Historical	fantasy/oga-nature-comes	https://opengameart.org/content/nature-comes	node cong-cu/lay.mjs 2d-assets oga-nature-comes
oga-nature-eating-an-old-factory	Nature eating an old factory	OpenGameArt	CC0 1.0	2D	fantasy,modern-urban,Friday Challenge,Touch of Nature,factory,old,Fantasy,Static Mesh	fantasy/oga-nature-eating-an-old-factory	https://opengameart.org/content/nature-eating-an-old-factory	node cong-cu/lay.mjs 2d-assets oga-nature-eating-an-old-factory
oga-obelisk	Obelisk	OpenGameArt	CC0 1.0	2D	fantasy,modern-urban,tiles-terrain,building,tile,svg,RPG,Strategy,Fantasy,Historical,Warfare,Isometric,Map Tileset,Vector Art	fantasy/oga-obelisk	https://opengameart.org/content/obelisk	node cong-cu/lay.mjs 2d-assets oga-obelisk
oga-ogre-3d-relief	Ogre 3D relief	OpenGameArt	CC0 1.0	2D	fantasy,ogre,stone,statue,logo,ogre3d,relief,RPG,Fantasy,Static Mesh	fantasy/oga-ogre-3d-relief	https://opengameart.org/content/ogre-3d-relief	node cong-cu/lay.mjs 2d-assets oga-ogre-3d-relief
oga-ogre-concept-art	Ogre concept art	OpenGameArt	CC0 (theo 2d-assets, chua doi chieu ban goc)	2D	fantasy,nature,characters,tiles-terrain,ogre,furry,antleres,fur,Action,RPG,Strategy,Fantasy,Kids,Warfare,background,Storyboard	fantasy/oga-ogre-concept-art	https://opengameart.org/content/ogre-concept-art	node cong-cu/lay.mjs 2d-assets oga-ogre-concept-art
oga-oil-painting-landscapes	Oil painting landscapes	OpenGameArt	CC0 1.0	2D	fantasy,nature,tiles-terrain,background,landscape,desert,swamp,mountain,snow,ice,bg,Fantasy,Historical,Other,background	fantasy/oga-oil-painting-landscapes	https://opengameart.org/content/oil-painting-landscapes	node cong-cu/lay.mjs 2d-assets oga-oil-painting-landscapes
oga-old-city-couple	Old City Couple	OpenGameArt	CC0 1.0	2D	fantasy,Friday Challenge,Old City,man,woman,Action,RPG,Fantasy,Static Mesh	fantasy/oga-old-city-couple	https://opengameart.org/content/old-city-couple	node cong-cu/lay.mjs 2d-assets oga-old-city-couple
oga-old-school-skill-sound	Old school skill sound	OpenGameArt	CC0 1.0	2D	fantasy,skill,Action,Puzzle,RPG,Fantasy,Other,Voice	fantasy/oga-old-school-skill-sound	https://opengameart.org/content/old-school-skill-sound	node cong-cu/lay.mjs 2d-assets oga-old-school-skill-sound
oga-old-stone-buildings	Old stone buildings	OpenGameArt	CC0 1.0	2D	fantasy,modern-urban,wesnoth,house,building,RPG,Strategy,Fantasy,Historical,Warfare,Raster Art,stone,Map Tileset,Pixel Art	fantasy/oga-old-stone-buildings	https://opengameart.org/content/old-stone-buildings	node cong-cu/lay.mjs 2d-assets oga-old-stone-buildings
oga-open-can-junk	open can (junk)	OpenGameArt	CC0 1.0	2D	fantasy,can,food,rubble,litter,kitchen,junk,rubbish,tin,debris,Action,Puzzle,RPG	fantasy/oga-open-can-junk	https://opengameart.org/content/open-can-junk	node cong-cu/lay.mjs 2d-assets oga-open-can-junk
oga-orc-portrait	Orc Portrait	OpenGameArt	CC0 1.0	2D	fantasy,Orc,Portrait,RPG,Fantasy,Other	fantasy/oga-orc-portrait	https://opengameart.org/content/orc-portrait	node cong-cu/lay.mjs 2d-assets oga-orc-portrait
oga-orchestra-loop	Orchestra Loop	OpenGameArt	CC0 1.0	2D	fantasy,orchestra,loop,violin,RPG,field,Action,Educational,Puzzle,Fantasy,Historical,Modern,Other	fantasy/oga-orchestra-loop	https://opengameart.org/content/orchestra-loop	node cong-cu/lay.mjs 2d-assets oga-orchestra-loop
oga-oriental-roof-tiles	Oriental Roof Tiles	OpenGameArt	CC0 1.0	2D	fantasy,tiles-terrain,Friday Challenge,roof,tiles,Finally Finished,Action,Fantasy,Historical,Raster Art,Map Tileset,Pixel Art	fantasy/oga-oriental-roof-tiles	https://opengameart.org/content/oriental-roof-tiles	node cong-cu/lay.mjs 2d-assets oga-oriental-roof-tiles
oga-osare-minotaur-sounds	Osare Minotaur Sounds	OpenGameArt	CC0 1.0	2D	fantasy,characters,minotaur,monster,grunt,Voice,pain,death,attack,osare,deep,Action,RPG,Strategy	fantasy/oga-osare-minotaur-sounds	https://opengameart.org/content/osare-minotaur-sounds	node cong-cu/lay.mjs 2d-assets oga-osare-minotaur-sounds
oga-osare-unrest-theme	Osare (Unrest Theme)	OpenGameArt	CC0 1.0	2D	fantasy,modern-urban,nature,osare,kill,town,ghost,forest,Guitar,Bass,Ambient,flute,slow,strings,oboe	fantasy/oga-osare-unrest-theme	https://opengameart.org/content/osare-unrest-theme	node cong-cu/lay.mjs 2d-assets oga-osare-unrest-theme
oga-pato	Pato	OpenGameArt	CC0 1.0	2D	fantasy,duck,Fantasy,Kids,Other,Static Mesh	fantasy/oga-pato	https://opengameart.org/content/pato	node cong-cu/lay.mjs 2d-assets oga-pato
oga-perspective-walls-template	Perspective Walls Template	OpenGameArt	CC0 1.0	2D	fantasy,walls,orthographic,perspective,RPG,Fantasy,Raster Art,Map Tileset,Pixel Art,Top-down	fantasy/oga-perspective-walls-template	https://opengameart.org/content/perspective-walls-template	node cong-cu/lay.mjs 2d-assets oga-perspective-walls-template
oga-pile-coins-w-procedural-node-material-blender-25	Pile of coins w/ procedural node material (Blender 2.5)	OpenGameArt	CC0 1.0	2D	fantasy,Weekly Challenge,treasure,gold,pile,material,procedural,RPG,Fantasy,Historical,Static Mesh	fantasy/oga-pile-coins-w-procedural-node-material-blender-25	https://opengameart.org/content/pile-coins-w-procedural-node-material-blender-25	node cong-cu/lay.mjs 2d-assets oga-pile-coins-w-procedural-node-material-blender-25
oga-pixel-art-femur	Pixel art femur	OpenGameArt	CC0 1.0	2D	fantasy,bone,weapon,Weekly Challenge,Stone Age,femur,Action,RPG,Fantasy,Historical,Warfare,Other,Pixel Art	fantasy/oga-pixel-art-femur	https://opengameart.org/content/pixel-art-femur	node cong-cu/lay.mjs 2d-assets oga-pixel-art-femur
oga-plastic-isometric-stack-sprites	"Plastic" Isometric Stack Sprites	OpenGameArt	CC0 (theo 2d-assets, chua doi chieu ban goc)	2D	fantasy,tiles-terrain,Isometric,plastic,tiles,tileset,tile,Map,RPG,Strategy,Isometric,Map Tileset,Sprite	fantasy/oga-plastic-isometric-stack-sprites	https://opengameart.org/content/plastic-isometric-stack-sprites	node cong-cu/lay.mjs 2d-assets oga-plastic-isometric-stack-sprites
oga-point-bell	Point bell	OpenGameArt	CC0 1.0	2D	fantasy,bell,right,correct,pitch,timbre,victory,Educational,Puzzle,RPG,Strategy,Fantasy,Historical	fantasy/oga-point-bell	https://opengameart.org/content/point-bell	node cong-cu/lay.mjs 2d-assets oga-point-bell
oga-pond	Pond	OpenGameArt	CC0 1.0	2D	fantasy,modern-urban,tiles-terrain,building,tile,svg,RPG,Strategy,Historical,Warfare,Isometric,Map Tileset,Vector Art	fantasy/oga-pond	https://opengameart.org/content/pond	node cong-cu/lay.mjs 2d-assets oga-pond
oga-porco	Porco	OpenGameArt	CC0 1.0	2D	fantasy,pig,Fantasy,Kids,Other,Static Mesh	fantasy/oga-porco	https://opengameart.org/content/porco	node cong-cu/lay.mjs 2d-assets oga-porco
oga-porcoassync	Porco_Assync	OpenGameArt	CC0 1.0	2D	fantasy,pig,Fantasy,Kids,Other,Static Mesh	fantasy/oga-porcoassync	https://opengameart.org/content/porcoassync	node cong-cu/lay.mjs 2d-assets oga-porcoassync
oga-port-hayalang-on-a-sunny-day	Port Hayalang on a sunny Day	OpenGameArt	CC0 (theo 2d-assets, chua doi chieu ban goc)	2D	fantasy,tiles-terrain,cliff,vista,ocean,port,volcano,harbour,panorama,lighthouse,RPG,Fantasy,Historical,background	fantasy/oga-port-hayalang-on-a-sunny-day	https://opengameart.org/content/port-hayalang-on-a-sunny-day	node cong-cu/lay.mjs 2d-assets oga-port-hayalang-on-a-sunny-day
oga-post-sign	Post sign	OpenGameArt	CC0 1.0	2D	fantasy,modern-urban,tiles-terrain,building,tile,svg,sign,RPG,Strategy,Fantasy,Historical,Warfare,Isometric,Map Tileset,Item	fantasy/oga-post-sign	https://opengameart.org/content/post-sign	node cong-cu/lay.mjs 2d-assets oga-post-sign
oga-public-domain-portraits	public domain portraits	OpenGameArt	CC0 1.0	2D	fantasy,characters,portraits,Portrait,female,male,Educational,RPG,Strategy,Fantasy,Historical,Warfare,Other,Raster Art	fantasy/oga-public-domain-portraits	https://opengameart.org/content/public-domain-portraits	node cong-cu/lay.mjs 2d-assets oga-public-domain-portraits
oga-puzzle-game-jewels	Puzzle game jewels	OpenGameArt	CC0 1.0	2D	fantasy,gems,jewels,Puzzle,RPG,Fantasy,Other	fantasy/oga-puzzle-game-jewels	https://opengameart.org/content/puzzle-game-jewels	node cong-cu/lay.mjs 2d-assets oga-puzzle-game-jewels
oga-pyramid	Pyramid	OpenGameArt	CC0 (theo 2d-assets, chua doi chieu ban goc)	2D	fantasy,modern-urban,tiles-terrain,building,tile,svg,RPG,Strategy,Fantasy,Historical,Warfare,Isometric,Map Tileset,Vector Art	fantasy/oga-pyramid	https://opengameart.org/content/pyramid	node cong-cu/lay.mjs 2d-assets oga-pyramid
oga-rat-sewer	Rat Sewer	OpenGameArt	CC0 1.0	2D	fantasy,nature,ominous,retro,dark,sewers,rats,creepy,droplets,water,tunnel,Action,RPG,Other	fantasy/oga-rat-sewer	https://opengameart.org/content/rat-sewer	node cong-cu/lay.mjs 2d-assets oga-rat-sewer
oga-road-sign	Road sign	OpenGameArt	CC0 (theo 2d-assets, chua doi chieu ban goc)	2D	fantasy,modern-urban,tiles-terrain,building,tile,svg,sign,RPG,Strategy,Fantasy,Historical,Warfare,Isometric,Map Tileset,Item	fantasy/oga-road-sign	https://opengameart.org/content/road-sign	node cong-cu/lay.mjs 2d-assets oga-road-sign
oga-rope-fence	Rope Fence	OpenGameArt	CC0 (theo 2d-assets, chua doi chieu ban goc)	2D	fantasy,rope,fence,RPG,Fantasy,Historical,Modern,Static Mesh	fantasy/oga-rope-fence	https://opengameart.org/content/rope-fence	node cong-cu/lay.mjs 2d-assets oga-rope-fence
oga-round-tower	Round tower	OpenGameArt	CC0 1.0	2D	fantasy,modern-urban,tiles-terrain,building,tile,svg,tower,RPG,Strategy,Fantasy,Historical,Warfare,Map Tileset,Vector Art	fantasy/oga-round-tower	https://opengameart.org/content/round-tower	node cong-cu/lay.mjs 2d-assets oga-round-tower
oga-rpg-enemy-basilisk-ff6-ish-style	RPG enemy basilisk (ff6-ish style)	OpenGameArt	CC-BY 3.0 (ban goc OpenGameArt; 2d-assets ghi CC0 - LECH, theo ban goc)	2D	fantasy,characters,RPG,Enemy,basilisk,monster,final fantasy,Fantasy,Pixel Art,Sprite	fantasy/oga-rpg-enemy-basilisk-ff6-ish-style	https://opengameart.org/content/rpg-enemy-basilisk-ff6-ish-style	node cong-cu/lay.mjs 2d-assets oga-rpg-enemy-basilisk-ff6-ish-style
oga-ruins	Ruins	OpenGameArt	CC0 1.0	2D	fantasy,modern-urban,tiles-terrain,building,tile,svg,RPG,Strategy,Fantasy,Historical,Warfare,Isometric,Map Tileset,Vector Art	fantasy/oga-ruins	https://opengameart.org/content/ruins	node cong-cu/lay.mjs 2d-assets oga-ruins
oga-running-from-something	Running from something	OpenGameArt	CC0 1.0	2D	fantasy,running,Race,fear,fleeing,flee,orchestra,Action,RPG,Fantasy,Modern,Other,Battle	fantasy/oga-running-from-something	https://opengameart.org/content/running-from-something	node cong-cu/lay.mjs 2d-assets oga-running-from-something
oga-scroll-wooden-rollers	Scroll with Wooden Rollers	OpenGameArt	CC0 1.0	2D	fantasy,Fantasy,magic,spell,scroll,roll,rollers,RPG,Fantasy,Historical,Static Mesh	fantasy/oga-scroll-wooden-rollers	https://opengameart.org/content/scroll-wooden-rollers	node cong-cu/lay.mjs 2d-assets oga-scroll-wooden-rollers
oga-shipwreck	Shipwreck	OpenGameArt	CC0 (theo 2d-assets, chua doi chieu ban goc)	2D	fantasy,modern-urban,tiles-terrain,building,tile,svg,RPG,Strategy,Fantasy,Historical,Warfare,Isometric,Map Tileset,Vector Art	fantasy/oga-shipwreck	https://opengameart.org/content/shipwreck	node cong-cu/lay.mjs 2d-assets oga-shipwreck
oga-shuriken	Shuriken	OpenGameArt	CC0 1.0	2D	fantasy,Historical,weapon,japanese,Action,ninja,shuriken,throwing stars,RPG,Fantasy,Warfare,Static Mesh	fantasy/oga-shuriken	https://opengameart.org/content/shuriken	node cong-cu/lay.mjs 2d-assets oga-shuriken
oga-silent-beast-growls4	Silent beast growls(4)	OpenGameArt	CC0 1.0	2D	fantasy,beast,creature,silent growl,Action,RPG,Fantasy,Other,Voice	fantasy/oga-silent-beast-growls4	https://opengameart.org/content/silent-beast-growls4	node cong-cu/lay.mjs 2d-assets oga-silent-beast-growls4
oga-simple-happy-vertical-backdrop	Simple happy vertical backdrop	OpenGameArt	CC0 (theo 2d-assets, chua doi chieu ban goc)	2D	fantasy,tiles-terrain,cute,cartoon,simple,grass,hill,Top-down,backdrop,flat,sky,cloud,Educational,Puzzle	fantasy/oga-simple-happy-vertical-backdrop	https://opengameart.org/content/simple-happy-vertical-backdrop	node cong-cu/lay.mjs 2d-assets oga-simple-happy-vertical-backdrop
oga-simple-toon-wooden-crate-texture	Simple Toon Wooden Crate Texture	OpenGameArt	CC0 1.0	2D	fantasy,box,crate,cartoon,toon,Wood,wooden,toonish,cartoonish,RPG,Other,Wood,Vector Art	fantasy/oga-simple-toon-wooden-crate-texture	https://opengameart.org/content/simple-toon-wooden-crate-texture	node cong-cu/lay.mjs 2d-assets oga-simple-toon-wooden-crate-texture
oga-skeleton-with-rig	Skeleton with rig	OpenGameArt	CC0 1.0	2D	fantasy,skeleton,rig,Action,Educational,RPG,Fantasy,Historical,Rigged Mesh	fantasy/oga-skeleton-with-rig	https://opengameart.org/content/skeleton-with-rig	node cong-cu/lay.mjs 2d-assets oga-skeleton-with-rig
oga-slimy-monster-or-murder-sounds9	Slimy monster or murder sounds(9)	OpenGameArt	CC0 1.0	2D	fantasy,slimy monster,murder,death,kill,Action,RPG,Strategy,Fantasy,Modern,Other,Battle,Voice	fantasy/oga-slimy-monster-or-murder-sounds9	https://opengameart.org/content/slimy-monster-or-murder-sounds9	node cong-cu/lay.mjs 2d-assets oga-slimy-monster-or-murder-sounds9
oga-some-kind-of-beings-sounds7	Some kind of beings sounds(7)	OpenGameArt	CC0 1.0	2D	fantasy,characters,creature,monster,Enemy,Action,RPG,Fantasy,Battle,Voice	fantasy/oga-some-kind-of-beings-sounds7	https://opengameart.org/content/some-kind-of-beings-sounds7	node cong-cu/lay.mjs 2d-assets oga-some-kind-of-beings-sounds7
oga-square-tower	Square tower	OpenGameArt	CC0 (theo 2d-assets, chua doi chieu ban goc)	2D	fantasy,modern-urban,tiles-terrain,building,tile,svg,tower,RPG,Strategy,Fantasy,Historical,Warfare,Isometric,Map Tileset,Vector Art	fantasy/oga-square-tower	https://opengameart.org/content/square-tower	node cong-cu/lay.mjs 2d-assets oga-square-tower
oga-stables	Stables	OpenGameArt	CC0 (theo 2d-assets, chua doi chieu ban goc)	2D	fantasy,modern-urban,tiles-terrain,building,tile,svg,RPG,Strategy,Fantasy,Historical,Warfare,Isometric,Map Tileset,Vector Art	fantasy/oga-stables	https://opengameart.org/content/stables	node cong-cu/lay.mjs 2d-assets oga-stables
oga-statue	Statue	OpenGameArt	CC0 1.0	2D	fantasy,modern-urban,tiles-terrain,building,tile,svg,RPG,Strategy,Fantasy,Historical,Warfare,Isometric,Map Tileset,Vector Art	fantasy/oga-statue	https://opengameart.org/content/statue	node cong-cu/lay.mjs 2d-assets oga-statue
oga-steam-whistle	Steam whistle	OpenGameArt	CC0 1.0	2D	fantasy,steam,whistle,Tempest in the Aether,Weekly Challenge,Fantasy,Historical,Other	fantasy/oga-steam-whistle	https://opengameart.org/content/steam-whistle	node cong-cu/lay.mjs 2d-assets oga-steam-whistle
oga-stone-age-sprite-set	Stone Age Sprite Set	OpenGameArt	CC0 (theo 2d-assets, chua doi chieu ban goc)	2D	fantasy,nature,characters,Weekly Challenge,Stone Age,bones,campfire,Pixel Art,Action,RPG,Strategy,Fantasy,nature,Pixel Art,Sprite	fantasy/oga-stone-age-sprite-set	https://opengameart.org/content/stone-age-sprite-set	node cong-cu/lay.mjs 2d-assets oga-stone-age-sprite-set
oga-stone-bridge	Stone bridge	OpenGameArt	CC0 1.0	2D	fantasy,modern-urban,tiles-terrain,building,tile,svg,RPG,Strategy,Fantasy,Historical,Warfare,Isometric,Map Tileset,Vector Art	fantasy/oga-stone-bridge	https://opengameart.org/content/stone-bridge	node cong-cu/lay.mjs 2d-assets oga-stone-bridge
oga-stone-bridge-alt	Stone bridge (alt)	OpenGameArt	CC0 1.0	2D	fantasy,modern-urban,tiles-terrain,building,tile,svg,RPG,Strategy,Fantasy,Historical,Warfare,Isometric,Map Tileset,Vector Art	fantasy/oga-stone-bridge-alt	https://opengameart.org/content/stone-bridge-alt	node cong-cu/lay.mjs 2d-assets oga-stone-bridge-alt
oga-stone-rock-or-wood-moved-sound	Stone, rock or wood moved sound	OpenGameArt	CC0 1.0	2D	fantasy,nature,stone,Wood,Rock,moved,Action,Puzzle,RPG,Fantasy,Other	fantasy/oga-stone-rock-or-wood-moved-sound	https://opengameart.org/content/stone-rock-or-wood-moved-sound	node cong-cu/lay.mjs 2d-assets oga-stone-rock-or-wood-moved-sound
oga-stop-dreaming-about-it	Stop dreaming about it	OpenGameArt	CC0 1.0	2D	fantasy,Weekly Challenge,Action,RPG,Fantasy	fantasy/oga-stop-dreaming-about-it	https://opengameart.org/content/stop-dreaming-about-it	node cong-cu/lay.mjs 2d-assets oga-stop-dreaming-about-it
oga-story-time	Story Time	OpenGameArt	CC0 1.0	2D	fantasy,Action,Educational,RPG,Fantasy,Kids,Other,Instrumental	fantasy/oga-story-time	https://opengameart.org/content/story-time	node cong-cu/lay.mjs 2d-assets oga-story-time
oga-swamp-environment-audio	Swamp Environment Audio	OpenGameArt	CC0 1.0	2D	fantasy,swamp,marsh,evil,environment,loop,bugs,RPG,Other,Ambient	fantasy/oga-swamp-environment-audio	https://opengameart.org/content/swamp-environment-audio	node cong-cu/lay.mjs 2d-assets oga-swamp-environment-audio
oga-swish-bamboo-stick-weapon-swhoshes	Swish - bamboo stick weapon swhoshes	OpenGameArt	CC0 1.0	2D	fantasy,weapon,attack,miss,hit,missing,misses,attacking,bamboo,stick,staff,air,cut	fantasy/oga-swish-bamboo-stick-weapon-swhoshes	https://opengameart.org/content/swish-bamboo-stick-weapon-swhoshes	node cong-cu/lay.mjs 2d-assets oga-swish-bamboo-stick-weapon-swhoshes
oga-swishes-sound-pack	Swishes Sound Pack	OpenGameArt	CC0 1.0	2D	fantasy,attack,swing,weapon,sword,staff,arrow,whoosh,Swish,Action,RPG,Strategy,Fantasy	fantasy/oga-swishes-sound-pack	https://opengameart.org/content/swishes-sound-pack	node cong-cu/lay.mjs 2d-assets oga-swishes-sound-pack
oga-sword	sword	OpenGameArt	CC0 1.0	2D	fantasy,weapon,Action,RPG,Strategy,Fantasy,Warfare,Static Mesh	fantasy/oga-sword	https://opengameart.org/content/sword	node cong-cu/lay.mjs 2d-assets oga-sword
oga-sword-in-the-stone	Sword in the stone	OpenGameArt	CC0 1.0	2D	fantasy,modern-urban,tiles-terrain,building,tile,svg,Item,RPG,Strategy,Fantasy,Historical,Warfare,Isometric,Map Tileset,Item	fantasy/oga-sword-in-the-stone	https://opengameart.org/content/sword-in-the-stone	node cong-cu/lay.mjs 2d-assets oga-sword-in-the-stone
oga-ta-tongs	TA Tongs	OpenGameArt	CC0 1.0	2D	fantasy,tool,tongs,Tempest in the Aether,normal map,blacksmith,UV unwrapped,Weekly Challenge,Fantasy,Historical,Static Mesh	fantasy/oga-ta-tongs	https://opengameart.org/content/ta-tongs	node cong-cu/lay.mjs 2d-assets oga-ta-tongs
oga-tavern	Tavern	OpenGameArt	CC0 1.0	2D	fantasy,modern-urban,tiles-terrain,building,tile,svg,RPG,Strategy,Fantasy,Historical,Warfare,Isometric,Map Tileset,Vector Art	fantasy/oga-tavern	https://opengameart.org/content/tavern	node cong-cu/lay.mjs 2d-assets oga-tavern
oga-teleport-spell	Teleport Spell	OpenGameArt	CC0 1.0	2D	fantasy,teleport,spell,magic,RPG,Action,RPG,Strategy,Fantasy,Warfare,Spells	fantasy/oga-teleport-spell	https://opengameart.org/content/teleport-spell	node cong-cu/lay.mjs 2d-assets oga-teleport-spell
oga-tent	Tent	OpenGameArt	CC0 1.0	2D	fantasy,modern-urban,tiles-terrain,building,tile,svg,RPG,Strategy,Fantasy,Historical,Isometric,Map Tileset,Vector Art	fantasy/oga-tent	https://opengameart.org/content/tent	node cong-cu/lay.mjs 2d-assets oga-tent
oga-tent-green	Tent (Green)	OpenGameArt	CC0 1.0	2D	fantasy,modern-urban,tiles-terrain,building,tile,RPG,Strategy,Fantasy,Historical,Isometric,Map Tileset,Vector Art	fantasy/oga-tent-green	https://opengameart.org/content/tent-green	node cong-cu/lay.mjs 2d-assets oga-tent-green
oga-terrain-elements	Terrain elements	OpenGameArt	CC0 (theo 2d-assets, chua doi chieu ban goc)	2D	fantasy,nature,tiles-terrain,svg,Map,Terrain,tile,RPG,Strategy,Fantasy,Historical,Warfare,Isometric,tileset,Vector Art	fantasy/oga-terrain-elements	https://opengameart.org/content/terrain-elements	node cong-cu/lay.mjs 2d-assets oga-terrain-elements
oga-the-field-of-dreams	The Field Of Dreams	OpenGameArt	CC0 1.0	2D	fantasy,tiles-terrain,background,Instrumental,cinematic,RPG,Fantasy,Other	fantasy/oga-the-field-of-dreams	https://opengameart.org/content/the-field-of-dreams	node cong-cu/lay.mjs 2d-assets oga-the-field-of-dreams
oga-the-hooded-one	The Hooded One	OpenGameArt	CC0 (theo 2d-assets, chua doi chieu ban goc)	2D	fantasy,nature,characters,Post-Apocalyptic,PA,PARPG,snow,night,Portrait,shades,skimask,Friday Challenge,RPG,Modern,Character	fantasy/oga-the-hooded-one	https://opengameart.org/content/the-hooded-one	node cong-cu/lay.mjs 2d-assets oga-the-hooded-one
oga-tomb	tomb	OpenGameArt	CC0 (theo 2d-assets, chua doi chieu ban goc)	2D	fantasy,tomb,dead,RPG,Strategy,Fantasy,Other,Static Mesh	fantasy/oga-tomb	https://opengameart.org/content/tomb	node cong-cu/lay.mjs 2d-assets oga-tomb
oga-totem	Totem	OpenGameArt	CC0 1.0	2D	fantasy,modern-urban,tiles-terrain,building,tile,svg,Item,RPG,Strategy,Fantasy,Historical,Warfare,Isometric,Map Tileset,Vector Art	fantasy/oga-totem	https://opengameart.org/content/totem	node cong-cu/lay.mjs 2d-assets oga-totem
oga-tower-with-flag	Tower with flag	OpenGameArt	CC0 1.0	2D	fantasy,modern-urban,tiles-terrain,building,tile,svg,tower,RPG,Strategy,Fantasy,Historical,Warfare,Isometric,Map Tileset,Vector Art	fantasy/oga-tower-with-flag	https://opengameart.org/content/tower-with-flag	node cong-cu/lay.mjs 2d-assets oga-tower-with-flag
oga-towers-of-defense	Towers of Defense	OpenGameArt	CC0 1.0	2D	fantasy,tiles-terrain,Weekly Challenge,Weapons of War,tower,defense,Isometric,grass,stone,wall,dirt,Strategy,Fantasy,Historical	fantasy/oga-towers-of-defense	https://opengameart.org/content/towers-of-defense	node cong-cu/lay.mjs 2d-assets oga-towers-of-defense
oga-town-in-ruins-loop	Town in ruins loop	OpenGameArt	CC0 1.0	2D	fantasy,modern-urban,city,ruins,dead,RPG,town,quest,died,Action,Fantasy,Other,Instrumental	fantasy/oga-town-in-ruins-loop	https://opengameart.org/content/town-in-ruins-loop	node cong-cu/lay.mjs 2d-assets oga-town-in-ruins-loop
oga-town-tiles	Town Tiles	OpenGameArt	CC0 1.0	2D	fantasy,modern-urban,tiny,town,RPG,Fantasy,Map Tileset,Pixel Art,16x16	fantasy/oga-town-tiles	https://opengameart.org/content/town-tiles	node cong-cu/lay.mjs 2d-assets oga-town-tiles
oga-townhall	Townhall	OpenGameArt	CC0 1.0	2D	fantasy,modern-urban,tiles-terrain,building,tile,svg,RPG,Strategy,Fantasy,Historical,Warfare,Isometric,Map Tileset,Vector Art	fantasy/oga-townhall	https://opengameart.org/content/townhall	node cong-cu/lay.mjs 2d-assets oga-townhall
oga-treasure-chest-0	Treasure chest	OpenGameArt	CC0 1.0	2D	fantasy,chest,box,treasure,RPG,Fantasy,Historical,Kids,Other,Static Mesh	fantasy/oga-treasure-chest-0	https://opengameart.org/content/treasure-chest-0	node cong-cu/lay.mjs 2d-assets oga-treasure-chest-0
oga-trouble-in-the-garden	Trouble in the Garden (+)	OpenGameArt	CC0 1.0	2D	fantasy,RPG,Fantasy,silly,sneaky,garden,trouble,zelda,final,hearts,comical,Action,Other	fantasy/oga-trouble-in-the-garden	https://opengameart.org/content/trouble-in-the-garden	node cong-cu/lay.mjs 2d-assets oga-trouble-in-the-garden
oga-trying-to-unlock-sound	Trying to unlock sound	OpenGameArt	CC0 1.0	2D	fantasy,attempt to unlock,Action,RPG,Fantasy,Other	fantasy/oga-trying-to-unlock-sound	https://opengameart.org/content/trying-to-unlock-sound	node cong-cu/lay.mjs 2d-assets oga-trying-to-unlock-sound
oga-two-pistols	Two Pistols	OpenGameArt	CC0 1.0	2D	fantasy,gun,pistol,Friday Challenge,Espionage,spy,silencer,weapon,Action,RPG,Modern,Warfare,Other	fantasy/oga-two-pistols	https://opengameart.org/content/two-pistols	node cong-cu/lay.mjs 2d-assets oga-two-pistols
oga-university	University	OpenGameArt	CC0 (theo 2d-assets, chua doi chieu ban goc)	2D	fantasy,modern-urban,tiles-terrain,building,tile,svg,RPG,Strategy,Fantasy,Historical,Warfare,Isometric,Map Tileset,Vector Art	fantasy/oga-university	https://opengameart.org/content/university	node cong-cu/lay.mjs 2d-assets oga-university
oga-various-melee-weapons	Various Melee Weapons	OpenGameArt	CC0 1.0	2D	fantasy,melee,knife,katana,pipe,bat,falcata,machete,shillelagh,sledgehammer,Action,RPG,Warfare	fantasy/oga-various-melee-weapons	https://opengameart.org/content/various-melee-weapons	node cong-cu/lay.mjs 2d-assets oga-various-melee-weapons
oga-various-small-arms-assault-rifles-sniper-pistol	Various Small Arms (Assault Rifles, Sniper, Pistol)	OpenGameArt	CC-BY 3.0 (ban goc OpenGameArt; 2d-assets ghi CC0 - LECH, theo ban goc)	2D	fantasy,Action,rifle,pistol,gun,ak47,m4,svd,dragunov,g3a3,l85a1,m1911,mosin	fantasy/oga-various-small-arms-assault-rifles-sniper-pistol	https://opengameart.org/content/various-small-arms-assault-rifles-sniper-pistol	node cong-cu/lay.mjs 2d-assets oga-various-small-arms-assault-rifles-sniper-pistol
oga-victorian-table	Victorian table	OpenGameArt	CC0 1.0	2D	fantasy,modern-urban,table,antique,victorian,furniture,old,round,Tempest in the Aether,Weekly Challenge,Action,RPG,Fantasy,Historical	fantasy/oga-victorian-table	https://opengameart.org/content/victorian-table	node cong-cu/lay.mjs 2d-assets oga-victorian-table
oga-viking-hammer	Viking hammer	OpenGameArt	CC0 1.0	2D	fantasy,weapon,axe,hammer,normal,viking,Action,RPG,Fantasy,Static Mesh	fantasy/oga-viking-hammer	https://opengameart.org/content/viking-hammer	node cong-cu/lay.mjs 2d-assets oga-viking-hammer
oga-village	Village	OpenGameArt	CC0 (theo 2d-assets, chua doi chieu ban goc)	2D	fantasy,modern-urban,tiles-terrain,building,tile,svg,RPG,Strategy,Fantasy,Historical,Warfare,Isometric,Map Tileset,Vector Art	fantasy/oga-village	https://opengameart.org/content/village	node cong-cu/lay.mjs 2d-assets oga-village
oga-wall-torch	Wall torch	OpenGameArt	CC0 1.0	2D	fantasy,wall,torch,light,lamp,mood,medieval,flame,fire,decoration,ornament,castle,dungeon	fantasy/oga-wall-torch	https://opengameart.org/content/wall-torch	node cong-cu/lay.mjs 2d-assets oga-wall-torch
oga-warehouse	Warehouse	OpenGameArt	CC0 (theo 2d-assets, chua doi chieu ban goc)	2D	fantasy,modern-urban,tiles-terrain,building,tile,svg,RPG,Strategy,Fantasy,Historical,Warfare,Isometric,Map Tileset,Vector Art	fantasy/oga-warehouse	https://opengameart.org/content/warehouse	node cong-cu/lay.mjs 2d-assets oga-warehouse
oga-warrior-female-concept-art	Warrior Female - Concept Art	OpenGameArt	CC0 (theo 2d-assets, chua doi chieu ban goc)	2D	fantasy,characters,female,warrior,fighter,RPG,Strategy,Fantasy,Warfare,Character	fantasy/oga-warrior-female-concept-art	https://opengameart.org/content/warrior-female-concept-art	node cong-cu/lay.mjs 2d-assets oga-warrior-female-concept-art
oga-watch-tower-platform	Watch tower platform	OpenGameArt	CC0 1.0	2D	fantasy,modern-urban,tiles-terrain,building,tile,svg,tower,RPG,Strategy,Fantasy,Historical,Warfare,Isometric,Map Tileset,Vector Art	fantasy/oga-watch-tower-platform	https://opengameart.org/content/watch-tower-platform	node cong-cu/lay.mjs 2d-assets oga-watch-tower-platform
oga-well	Well	OpenGameArt	CC0 (theo 2d-assets, chua doi chieu ban goc)	2D	fantasy,misc,well,RPG,Fantasy,Static Mesh	fantasy/oga-well	https://opengameart.org/content/well	node cong-cu/lay.mjs 2d-assets oga-well
oga-windmill	Windmill	OpenGameArt	CC0 1.0	2D	fantasy,modern-urban,tiles-terrain,building,tile,svg,RPG,Strategy,Fantasy,Historical,Warfare,Isometric,Map Tileset,Vector Art	fantasy/oga-windmill	https://opengameart.org/content/windmill	node cong-cu/lay.mjs 2d-assets oga-windmill
oga-wishing-well	Wishing well	OpenGameArt	CC0 1.0	2D	fantasy,modern-urban,tiles-terrain,building,tile,svg,Educational,RPG,Strategy,Fantasy,Historical,Kids,Warfare,stone,Map Tileset	fantasy/oga-wishing-well	https://opengameart.org/content/wishing-well	node cong-cu/lay.mjs 2d-assets oga-wishing-well
oga-wizard-0	Wizard	OpenGameArt	CC0 (theo 2d-assets, chua doi chieu ban goc)	2D	fantasy,characters,wizard,magic,Weekly Challenge,Puzzle,RPG,Strategy,Fantasy,Warfare,Raster Art,Pixel Art,Portrait,Sprite	fantasy/oga-wizard-0	https://opengameart.org/content/wizard-0	node cong-cu/lay.mjs 2d-assets oga-wizard-0
oga-women-face	women face	OpenGameArt	CC0 (theo 2d-assets, chua doi chieu ban goc)	2D	fantasy,characters,women,face,RPG,Fantasy,Modern,Raster Art,Portrait,Character	fantasy/oga-women-face	https://opengameart.org/content/women-face	node cong-cu/lay.mjs 2d-assets oga-women-face
oga-wood-and-metal-sound-effects-volume-2	Wood and Metal Sound Effects: Volume 2	OpenGameArt	CC0 1.0	2D	fantasy,impact,Wood,metal,Action,RPG,Strategy,Warfare	fantasy/oga-wood-and-metal-sound-effects-volume-2	https://opengameart.org/content/wood-and-metal-sound-effects-volume-2	node cong-cu/lay.mjs 2d-assets oga-wood-and-metal-sound-effects-volume-2
oga-wooden-barrel	Wooden barrel	OpenGameArt	CC0 (theo 2d-assets, chua doi chieu ban goc)	2D	fantasy,RPG,Static Mesh	fantasy/oga-wooden-barrel	https://opengameart.org/content/wooden-barrel	node cong-cu/lay.mjs 2d-assets oga-wooden-barrel
oga-wooden-bridge	Wooden bridge	OpenGameArt	CC0 1.0	2D	fantasy,modern-urban,tiles-terrain,building,tile,svg,RPG,Strategy,Fantasy,Historical,Warfare,Isometric,Map Tileset,Vector Art	fantasy/oga-wooden-bridge	https://opengameart.org/content/wooden-bridge	node cong-cu/lay.mjs 2d-assets oga-wooden-bridge
oga-wooden-chair	Wooden chair	OpenGameArt	CC0 1.0	2D	fantasy,chair,RPG,Static Mesh	fantasy/oga-wooden-chair	https://opengameart.org/content/wooden-chair	node cong-cu/lay.mjs 2d-assets oga-wooden-chair
oga-wooden-crate	Wooden crate	OpenGameArt	CC0 1.0	2D	fantasy,box,crate,cartoon,toon,toonish,cartoonish,wooden,RPG,Other,Wood,Map Tileset,Vector Art	fantasy/oga-wooden-crate	https://opengameart.org/content/wooden-crate	node cong-cu/lay.mjs 2d-assets oga-wooden-crate
oga-yellow-flowers-and-tall-mossy-trees	Yellow Flowers and Tall Mossy Trees	OpenGameArt	CC0 (theo 2d-assets, chua doi chieu ban goc)	2D	fantasy,Weekly Challenge,Flora,Puzzle,RPG,Kids,Ambient	fantasy/oga-yellow-flowers-and-tall-mossy-trees	https://opengameart.org/content/yellow-flowers-and-tall-mossy-trees	node cong-cu/lay.mjs 2d-assets oga-yellow-flowers-and-tall-mossy-trees
oga-zombies-sound-pack	Zombies Sound Pack	OpenGameArt	CC0 1.0	2D	fantasy,characters,zombie,ghoul,undead,attack,die,hit,defend,scary,Zombies,Revenant,Action,RPG	fantasy/oga-zombies-sound-pack	https://opengameart.org/content/zombies-sound-pack	node cong-cu/lay.mjs 2d-assets oga-zombies-sound-pack
pirate-pack	Pirate Pack	Kenney	CC0 1.0	2D	fantasy,vehicles,tiles-terrain,pirate,ship,tile,top-down	fantasy/pirate-pack	https://kenney.nl/assets/pirate-pack	node cong-cu/lay.mjs 2d-assets pirate-pack
platformer-pack-medieval	Platformer Pack Medieval	Kenney	CC0 1.0	2D	fantasy,tiles-terrain,castle,medieval,platformer,tile	fantasy/platformer-pack-medieval	https://kenney.nl/assets/platformer-pack-medieval	node cong-cu/lay.mjs 2d-assets platformer-pack-medieval
roguelike-caves-dungeons	Roguelike Caves &amp; Dungeons	Kenney	CC0 1.0	2D	fantasy,nature,tiles-terrain,cave,dungeon,mine,pixel,roguelike,rpg,tile	fantasy/roguelike-caves-dungeons	https://kenney.nl/assets/roguelike-caves-dungeons	node cong-cu/lay.mjs 2d-assets roguelike-caves-dungeons
roguelike-characters	Roguelike Characters	Kenney	CC0 1.0	2D	fantasy,characters,character,pixel,roguelike,rpg	fantasy/roguelike-characters	https://kenney.nl/assets/roguelike-characters	node cong-cu/lay.mjs 2d-assets roguelike-characters
roguelike-indoors	Roguelike Indoors	Kenney	CC0 1.0	2D	fantasy,modern-urban,building,pixel,roguelike,rpg	fantasy/roguelike-indoors	https://kenney.nl/assets/roguelike-indoors	node cong-cu/lay.mjs 2d-assets roguelike-indoors
roguelike-modern-city	Roguelike Modern City	Kenney	CC0 1.0	2D	fantasy,modern-urban,tiles-terrain,city,pixel,roguelike,tile,urban	fantasy/roguelike-modern-city	https://kenney.nl/assets/roguelike-modern-city	node cong-cu/lay.mjs 2d-assets roguelike-modern-city
rpg-base	RPG Base	Kenney	CC0 1.0	2D	fantasy,tiles-terrain,rpg,tile	fantasy/rpg-base	https://kenney.nl/assets/rpg-base	node cong-cu/lay.mjs 2d-assets rpg-base
rpg-urban-pack	RPG Urban Pack	Kenney	CC0 1.0	2D	fantasy,modern-urban,characters,character,city,pixel,rpg,urban	fantasy/rpg-urban-pack	https://kenney.nl/assets/rpg-urban-pack	node cong-cu/lay.mjs 2d-assets rpg-urban-pack
scribble-dungeons	Scribble Dungeons	Kenney	CC0 1.0	2D	fantasy,dungeon,rpg,top-down	fantasy/scribble-dungeons	https://kenney.nl/assets/scribble-dungeons	node cong-cu/lay.mjs 2d-assets scribble-dungeons
sketch-desert	Sketch Desert	Kenney	CC0 1.0	2D	fantasy,nature,tiles-terrain,desert,isometric,rpg	fantasy/sketch-desert	https://kenney.nl/assets/sketch-desert	node cong-cu/lay.mjs 2d-assets sketch-desert
sketch-town	Sketch Town	Kenney	CC0 1.0	2D	fantasy,modern-urban,tiles-terrain,isometric,rpg,town	fantasy/sketch-town	https://kenney.nl/assets/sketch-town	node cong-cu/lay.mjs 2d-assets sketch-town
sketch-town-expansion	Sketch Town Expansion	Kenney	CC0 1.0	2D	fantasy,modern-urban,tiles-terrain,isometric,rpg,town	fantasy/sketch-town-expansion	https://kenney.nl/assets/sketch-town-expansion	node cong-cu/lay.mjs 2d-assets sketch-town-expansion
tiny-dungeon	Tiny Dungeon	Kenney	CC0 1.0	2D	fantasy,dungeon,pixel,roguelike,rpg,sewer	fantasy/tiny-dungeon	https://kenney.nl/assets/tiny-dungeon	node cong-cu/lay.mjs 2d-assets tiny-dungeon
tiny-farm	Tiny Farm	Kenney	CC0 1.0	2D	fantasy,nature,tiles-terrain,farm,map,pixel,roguelike,rpg	fantasy/tiny-farm	https://kenney.nl/assets/tiny-farm	node cong-cu/lay.mjs 2d-assets tiny-farm
tiny-town	Tiny Town	Kenney	CC0 1.0	2D	fantasy,modern-urban,tiles-terrain,map,overworld,pixel,roguelike,rpg,town	fantasy/tiny-town	https://kenney.nl/assets/tiny-town	node cong-cu/lay.mjs 2d-assets tiny-town
boardgame-pack	Board Game Pack	Kenney	CC0 1.0	2D	misc,boardgame,cards,dice	misc/boardgame-pack	https://kenney.nl/assets/boardgame-pack	node cong-cu/lay.mjs 2d-assets boardgame-pack
flag-pack	Flag Pack	Kenney	CC0 1.0	2D	misc,country,flag,language	misc/flag-pack	https://kenney.nl/assets/flag-pack	node cong-cu/lay.mjs 2d-assets flag-pack
generic-items	Generic Items	Kenney	CC0 1.0	2D	misc,household,items,tools	misc/generic-items	https://kenney.nl/assets/generic-items	node cong-cu/lay.mjs 2d-assets generic-items
googly-eyes	Googly Eyes	Kenney	CC0 1.0	2D	misc,googly	misc/googly-eyes	https://kenney.nl/assets/googly-eyes	node cong-cu/lay.mjs 2d-assets googly-eyes
oga-3-level-grid	3 level grid	OpenGameArt	CC0 1.0	2D	misc,grid,1000,10,Educational,Raster Art,Vector Art,Other	misc/oga-3-level-grid	https://opengameart.org/content/3-level-grid	node cong-cu/lay.mjs 2d-assets oga-3-level-grid
oga-33-metal-clang-sounds-cast-iron-pans	33 metal clang sounds from cast iron pans	OpenGameArt	CC0 1.0	2D	misc,iron,clang,Historical,Modern,metal,collision,bang,ding,resonance,vibration,ching	misc/oga-33-metal-clang-sounds-cast-iron-pans	https://opengameart.org/content/33-metal-clang-sounds-cast-iron-pans	node cong-cu/lay.mjs 2d-assets oga-33-metal-clang-sounds-cast-iron-pans
oga-4-cartoony-terrains-textures	4 cartoony terrains textures	OpenGameArt	CC0 1.0	2D	misc,cartoon,Other	misc/oga-4-cartoony-terrains-textures	https://opengameart.org/content/4-cartoony-terrains-textures	node cong-cu/lay.mjs 2d-assets oga-4-cartoony-terrains-textures
oga-6-user-interface-ding-clicks	6 user interface ding clicks	OpenGameArt	CC0 1.0	2D	misc,click,error,levelup,save,stop,start,Other	misc/oga-6-user-interface-ding-clicks	https://opengameart.org/content/6-user-interface-ding-clicks	node cong-cu/lay.mjs 2d-assets oga-6-user-interface-ding-clicks
oga-68-workshop-sounds	68 Workshop Sounds	OpenGameArt	CC0 1.0	2D	misc,metal,Wood,hammer,drill,tools,workshop,wrech,clatter,Tempest in the Aether,Weekly Challenge,Modern,Other	misc/oga-68-workshop-sounds	https://opengameart.org/content/68-workshop-sounds	node cong-cu/lay.mjs 2d-assets oga-68-workshop-sounds
oga-a-footballer-with-some-animation	A footballer with some animation	OpenGameArt	CC0 1.0	2D	misc,Other,Rigged Mesh	misc/oga-a-footballer-with-some-animation	https://opengameart.org/content/a-footballer-with-some-animation	node cong-cu/lay.mjs 2d-assets oga-a-footballer-with-some-animation
oga-arrow-symbols	Arrow symbols	OpenGameArt	CC0 (theo 2d-assets, chua doi chieu ban goc)	2D	misc,arrow,symbol,Action,Puzzle,Kids,Other,Static Mesh	misc/oga-arrow-symbols	https://opengameart.org/content/arrow-symbols	node cong-cu/lay.mjs 2d-assets oga-arrow-symbols
oga-basic-bricks	Basic Bricks	OpenGameArt	CC0 1.0	2D	misc,bricks,Other,Map Tileset	misc/oga-basic-bricks	https://opengameart.org/content/basic-bricks	node cong-cu/lay.mjs 2d-assets oga-basic-bricks
oga-black-hawk-mesh	Black Hawk mesh	OpenGameArt	CC0 1.0	2D	misc,Static Mesh,Warfare,Static Mesh	misc/oga-black-hawk-mesh	https://opengameart.org/content/black-hawk-mesh	node cong-cu/lay.mjs 2d-assets oga-black-hawk-mesh
oga-blade-shs	Blade shs	OpenGameArt	CC0 (theo 2d-assets, chua doi chieu ban goc)	2D	misc,static model,Other,Static Mesh	misc/oga-blade-shs	https://opengameart.org/content/blade-shs	node cong-cu/lay.mjs 2d-assets oga-blade-shs
oga-blender-material-presets	Blender Material Presets	OpenGameArt	CC0 (theo 2d-assets, chua doi chieu ban goc)	2D	misc,Materials,Other,Static Mesh	misc/oga-blender-material-presets	https://opengameart.org/content/blender-material-presets	node cong-cu/lay.mjs 2d-assets oga-blender-material-presets
oga-breves-dies-hominis	Breves dies hominis	OpenGameArt	CC0 1.0	2D	misc,Historical,Vocals	misc/oga-breves-dies-hominis	https://opengameart.org/content/breves-dies-hominis	node cong-cu/lay.mjs 2d-assets oga-breves-dies-hominis
oga-brontosaurus	Brontosaurus	OpenGameArt	CC0 (theo 2d-assets, chua doi chieu ban goc)	2D	misc,dinosaur,Stone Age,animals,primates,Other,Static Mesh	misc/oga-brontosaurus	https://opengameart.org/content/brontosaurus	node cong-cu/lay.mjs 2d-assets oga-brontosaurus
oga-cardboards-pack	Cardboards Pack	OpenGameArt	CC0 1.0	2D	misc,tube,box,cardboards,Other,Static Mesh	misc/oga-cardboards-pack	https://opengameart.org/content/cardboards-pack	node cong-cu/lay.mjs 2d-assets oga-cardboards-pack
oga-chainsaw	Chainsaw	OpenGameArt	CC0 1.0	2D	misc,chainsaw,Friday Challenge,Near Future,Action,Modern,Static Mesh	misc/oga-chainsaw	https://opengameart.org/content/chainsaw	node cong-cu/lay.mjs 2d-assets oga-chainsaw
oga-chef-carl	Chef Carl	OpenGameArt	CC0 1.0	2D	misc,human,man,male,low,poly,guy,chef,Kids,Modern,Static Mesh	misc/oga-chef-carl	https://opengameart.org/content/chef-carl	node cong-cu/lay.mjs 2d-assets oga-chef-carl
oga-chess-pieces	Chess Pieces	OpenGameArt	CC0 1.0	2D	misc,Weekly Challenge,Public Treasure Hunt,chess,Puzzle,Raster Art,Item,Top-down	misc/oga-chess-pieces	https://opengameart.org/content/chess-pieces	node cong-cu/lay.mjs 2d-assets oga-chess-pieces
oga-chinook-shs	Chinook SHS	OpenGameArt	CC0 1.0	2D	misc,mesh,Warfare,Static Mesh	misc/oga-chinook-shs	https://opengameart.org/content/chinook-shs	node cong-cu/lay.mjs 2d-assets oga-chinook-shs
oga-click	Click	OpenGameArt	CC0 1.0	2D	misc,click,mouse,gui,ui,hud,User Interface,minimal,simple,tick,tack,clack,klick	misc/oga-click	https://opengameart.org/content/click	node cong-cu/lay.mjs 2d-assets oga-click
oga-colorful-bricks	Colorful Bricks	OpenGameArt	CC0 1.0	2D	misc,brick,stone,metal,block,colorful,piece,rectangle,rounded,star,circle,triangle,Puzzle	misc/oga-colorful-bricks	https://opengameart.org/content/colorful-bricks	node cong-cu/lay.mjs 2d-assets oga-colorful-bricks
oga-cool-water-texture	Cool water texture	OpenGameArt	CC0 1.0	2D	misc,Other	misc/oga-cool-water-texture	https://opengameart.org/content/cool-water-texture	node cong-cu/lay.mjs 2d-assets oga-cool-water-texture
oga-covert-operations	Covert Operations	OpenGameArt	CC0 1.0	2D	misc,secret,sneaky,Espionage,mission,operation,covert,Puzzle,Strategy,Other,Instrumental	misc/oga-covert-operations	https://opengameart.org/content/covert-operations	node cong-cu/lay.mjs 2d-assets oga-covert-operations
oga-crow-bar	crow bar	OpenGameArt	CC0 1.0	2D	misc,crowbar,weapon,Action,Modern,Warfare,Other,Rigged Mesh,Static Mesh	misc/oga-crow-bar	https://opengameart.org/content/crow-bar	node cong-cu/lay.mjs 2d-assets oga-crow-bar
oga-crowbar	Crowbar	OpenGameArt	CC0 1.0	2D	misc,blend,blender,tool,Modern,Static Mesh	misc/oga-crowbar	https://opengameart.org/content/crowbar	node cong-cu/lay.mjs 2d-assets oga-crowbar
oga-customizable-pumpkins	Customizable Pumpkins	OpenGameArt	CC0 1.0	2D	misc,Friday Challenge,pumpkin,Halloween,jack-o-lantern,prop,decorative,scenery,Other,Static Mesh	misc/oga-customizable-pumpkins	https://opengameart.org/content/customizable-pumpkins	node cong-cu/lay.mjs 2d-assets oga-customizable-pumpkins
oga-dog-sounds	Dog sounds	OpenGameArt	CC0 1.0	2D	misc,dog,bark,dog growl,squalling,Other,Vocals,Voice	misc/oga-dog-sounds	https://opengameart.org/content/dog-sounds	node cong-cu/lay.mjs 2d-assets oga-dog-sounds
oga-doorbell-ring	Doorbell ring	OpenGameArt	CC0 (theo 2d-assets, chua doi chieu ban goc)	2D	misc,door,bell,ring,phone,passage,loud,telephone,entry,annoyance,Modern	misc/oga-doorbell-ring	https://opengameart.org/content/doorbell-ring	node cong-cu/lay.mjs 2d-assets oga-doorbell-ring
oga-double-door-school	double door (school)	OpenGameArt	CC0 1.0	2D	misc,door,school,Modern,Other,metal,Item	misc/oga-double-door-school	https://opengameart.org/content/double-door-school	node cong-cu/lay.mjs 2d-assets oga-double-door-school
oga-dr-mario-clone-sprites	Dr. Mario Clone Sprites	OpenGameArt	CC0 (theo 2d-assets, chua doi chieu ban goc)	2D	misc,Dr. Mario,Puzzle,Pixel Art,Sprite	misc/oga-dr-mario-clone-sprites	https://opengameart.org/content/dr-mario-clone-sprites	node cong-cu/lay.mjs 2d-assets oga-dr-mario-clone-sprites
oga-equipment-click	Equipment Click	OpenGameArt	CC0 1.0	2D	misc,click,equipment,load,snap,Action	misc/oga-equipment-click	https://opengameart.org/content/equipment-click	node cong-cu/lay.mjs 2d-assets oga-equipment-click
oga-equipment-clicks-ii	Equipment Clicks II	OpenGameArt	CC0 1.0	2D	misc,click,equipment,load,reload,reload,snap,object,inventory,clicks,Action,Modern,Warfare	misc/oga-equipment-clicks-ii	https://opengameart.org/content/equipment-clicks-ii	node cong-cu/lay.mjs 2d-assets oga-equipment-clicks-ii
oga-fancy-cup	Fancy Cup	OpenGameArt	CC0 (theo 2d-assets, chua doi chieu ban goc)	2D	misc,cup,Other,Static Mesh	misc/oga-fancy-cup	https://opengameart.org/content/fancy-cup	node cong-cu/lay.mjs 2d-assets oga-fancy-cup
oga-flare-effect-blender	Flare Effect with Blender	OpenGameArt	CC0 1.0	2D	misc,flare,tutorial,alpha,Other,Effects	misc/oga-flare-effect-blender	https://opengameart.org/content/flare-effect-blender	node cong-cu/lay.mjs 2d-assets oga-flare-effect-blender
oga-gastric-distress	Gastric Distress	OpenGameArt	CC0 1.0	2D	misc,fart,flatulence,gastric,distress,sick,poop,diarrhea,Educational,Kids,Other,Spells	misc/oga-gastric-distress	https://opengameart.org/content/gastric-distress	node cong-cu/lay.mjs 2d-assets oga-gastric-distress
oga-gaz-tank-pack	Gaz Tank Pack	OpenGameArt	CC0 1.0	2D	misc,bottle,propane,butane,Modern,Other,Static Mesh	misc/oga-gaz-tank-pack	https://opengameart.org/content/gaz-tank-pack	node cong-cu/lay.mjs 2d-assets oga-gaz-tank-pack
oga-gift-box	Gift Box	OpenGameArt	CC0 1.0	2D	misc,gift,gift box,present,Modern,Static Mesh	misc/oga-gift-box	https://opengameart.org/content/gift-box	node cong-cu/lay.mjs 2d-assets oga-gift-box
oga-gold-bullets	Gold Bullets	OpenGameArt	CC0 1.0	2D	misc,bullets,gold,Warfare,Static Mesh	misc/oga-gold-bullets	https://opengameart.org/content/gold-bullets	node cong-cu/lay.mjs 2d-assets oga-gold-bullets
oga-golf-ball	Golf ball	OpenGameArt	CC0 1.0	2D	misc,golf,ball,high,poly,high-poly,Other,Static Mesh	misc/oga-golf-ball	https://opengameart.org/content/golf-ball	node cong-cu/lay.mjs 2d-assets oga-golf-ball
oga-grass-pack-01	Grass Pack #01	OpenGameArt	CC0 1.0	2D	misc,grass,vegetation,Other,Static Mesh	misc/oga-grass-pack-01	https://opengameart.org/content/grass-pack-01	node cong-cu/lay.mjs 2d-assets oga-grass-pack-01
oga-grass-pack-02	Grass Pack #02	OpenGameArt	CC0 1.0	2D	misc,vegetation,grass,Other,Static Mesh	misc/oga-grass-pack-02	https://opengameart.org/content/grass-pack-02	node cong-cu/lay.mjs 2d-assets oga-grass-pack-02
oga-grass-pack-03	Grass Pack #03	OpenGameArt	CC0 1.0	2D	misc,grass,vegetation,Other,Static Mesh	misc/oga-grass-pack-03	https://opengameart.org/content/grass-pack-03	node cong-cu/lay.mjs 2d-assets oga-grass-pack-03
oga-guillotine	Guillotine	OpenGameArt	CC0 1.0	2D	misc,guillotine,Historical,Rigged Mesh	misc/oga-guillotine	https://opengameart.org/content/guillotine	node cong-cu/lay.mjs 2d-assets oga-guillotine
oga-health-bar-and-heart-icon	Health bar and heart icon	OpenGameArt	CC0 1.0	2D	misc,heart,health,hit points,HP,life,lives,Other,User Interface	misc/oga-health-bar-and-heart-icon	https://opengameart.org/content/health-bar-and-heart-icon	node cong-cu/lay.mjs 2d-assets oga-health-bar-and-heart-icon
oga-heartbeat-sounds	Heartbeat sounds	OpenGameArt	CC0 1.0	2D	misc,heartbeat,heart,beat,Weekly Challenge,Halloween,Other	misc/oga-heartbeat-sounds	https://opengameart.org/content/heartbeat-sounds	node cong-cu/lay.mjs 2d-assets oga-heartbeat-sounds
oga-hexagonal-nut	Hexagonal Nut	OpenGameArt	CC0 1.0	2D	misc,Modern,Static Mesh	misc/oga-hexagonal-nut	https://opengameart.org/content/hexagonal-nut	node cong-cu/lay.mjs 2d-assets oga-hexagonal-nut
oga-high-poly-ak-47	High-poly AK-47	OpenGameArt	CC0 1.0	2D	misc,gun,rifle,ak,47,Action,Modern,Warfare,Static Mesh	misc/oga-high-poly-ak-47	https://opengameart.org/content/high-poly-ak-47	node cong-cu/lay.mjs 2d-assets oga-high-poly-ak-47
oga-high-poly-church-bell	High-poly church bell	OpenGameArt	CC0 1.0	2D	misc,Weekly Challenge,Fifteen Minutes,bell,church,Historical,Static Mesh	misc/oga-high-poly-church-bell	https://opengameart.org/content/high-poly-church-bell	node cong-cu/lay.mjs 2d-assets oga-high-poly-church-bell
oga-hollywood-style-pistol-silencer-sound-effect	Hollywood-style pistol silencer sound effect	OpenGameArt	CC0 1.0	2D	misc,pistol,gun,silencer,Weekly Challenge,silenced,Espionage,Action,Modern,Warfare,Battle	misc/oga-hollywood-style-pistol-silencer-sound-effect	https://opengameart.org/content/hollywood-style-pistol-silencer-sound-effect	node cong-cu/lay.mjs 2d-assets oga-hollywood-style-pistol-silencer-sound-effect
oga-human-token	Human Token	OpenGameArt	CC0 1.0	2D	misc,Minimalist,Friday Challenge,human,token,peg,Puzzle,Kids,Static Mesh	misc/oga-human-token	https://opengameart.org/content/human-token	node cong-cu/lay.mjs 2d-assets oga-human-token
oga-icy-tower-chick-sprites	Icy Tower Chick Sprites	OpenGameArt	CC0 1.0	2D	misc,chick,woman,female,icy tower,Modern,Pixel Art,Sprite	misc/oga-icy-tower-chick-sprites	https://opengameart.org/content/icy-tower-chick-sprites	node cong-cu/lay.mjs 2d-assets oga-icy-tower-chick-sprites
oga-instrumental-music3	Instrumental music(3)	OpenGameArt	CC0 1.0	2D	misc,night,Other,Instrumental	misc/oga-instrumental-music3	https://opengameart.org/content/instrumental-music3	node cong-cu/lay.mjs 2d-assets oga-instrumental-music3
oga-jump-sounds	Jump Sounds	OpenGameArt	CC0 1.0	2D	misc,Kids	misc/oga-jump-sounds	https://opengameart.org/content/jump-sounds	node cong-cu/lay.mjs 2d-assets oga-jump-sounds
oga-key-collection	key collection	OpenGameArt	CC0 1.0	2D	misc,key,keys,keyring,Other,Static Mesh	misc/oga-key-collection	https://opengameart.org/content/key-collection	node cong-cu/lay.mjs 2d-assets oga-key-collection
oga-low-poly-human-female	Low-poly human female	OpenGameArt	CC0 1.0	2D	misc,low poly,human,female,Other,Static Mesh	misc/oga-low-poly-human-female	https://opengameart.org/content/low-poly-human-female	node cong-cu/lay.mjs 2d-assets oga-low-poly-human-female
oga-low-poly-human-male	Low-poly human male	OpenGameArt	CC0 1.0	2D	misc,low poly,human,male,Other,Static Mesh	misc/oga-low-poly-human-male	https://opengameart.org/content/low-poly-human-male	node cong-cu/lay.mjs 2d-assets oga-low-poly-human-male
oga-menu-music	Menu Music	OpenGameArt	CC0 1.0	2D	misc,menu,arcade,Other,Ambient,Instrumental	misc/oga-menu-music	https://opengameart.org/content/menu-music	node cong-cu/lay.mjs 2d-assets oga-menu-music
oga-microgame-pixelgraphics	Microgame Pixelgraphics	OpenGameArt	CC0 1.0	2D	misc,small,pixelart,monochrome,alpha channel,png,Puzzle,Other,Pixel Art	misc/oga-microgame-pixelgraphics	https://opengameart.org/content/microgame-pixelgraphics	node cong-cu/lay.mjs 2d-assets oga-microgame-pixelgraphics
oga-mix-table	Mix table	OpenGameArt	CC0 1.0	2D	misc,Mixtable,Modern,Static Mesh	misc/oga-mix-table	https://opengameart.org/content/mix-table	node cong-cu/lay.mjs 2d-assets oga-mix-table
oga-mixed-162-stuff	mixed 16^2 stuff	OpenGameArt	CC0 (theo 2d-assets, chua doi chieu ban goc)	2D	misc,small,block,mixed,Other,Pixel Art,Top-down	misc/oga-mixed-162-stuff	https://opengameart.org/content/mixed-162-stuff	node cong-cu/lay.mjs 2d-assets oga-mixed-162-stuff
oga-mouse-click	mouse click	OpenGameArt	CC0 1.0	2D	misc,mouse,click,snap,Other	misc/oga-mouse-click	https://opengameart.org/content/mouse-click	node cong-cu/lay.mjs 2d-assets oga-mouse-click
oga-music-loops	Music Loops	OpenGameArt	CC0 1.0	2D	misc,loop,Puzzle,FL Studio,Other	misc/oga-music-loops	https://opengameart.org/content/music-loops	node cong-cu/lay.mjs 2d-assets oga-music-loops
oga-numbers-one-million	Numbers from one to a million	OpenGameArt	CC0 1.0	2D	misc,male,speaking,numbers,Modern,Other,Vocals,Voice	misc/oga-numbers-one-million	https://opengameart.org/content/numbers-one-million	node cong-cu/lay.mjs 2d-assets oga-numbers-one-million
oga-old-wrench-pack	Old Wrench pack	OpenGameArt	CC0 (theo 2d-assets, chua doi chieu ban goc)	2D	misc,Tempest in the Aether,Weekly Challenge,tools,wrench,Historical,Static Mesh	misc/oga-old-wrench-pack	https://opengameart.org/content/old-wrench-pack	node cong-cu/lay.mjs 2d-assets oga-old-wrench-pack
oga-paper-airplane	Paper Airplane	OpenGameArt	CC0 1.0	2D	misc,paper,Weekly Challenge,Flight,Thing a Day,airplane,Kids,Modern,Static Mesh	misc/oga-paper-airplane	https://opengameart.org/content/paper-airplane	node cong-cu/lay.mjs 2d-assets oga-paper-airplane
oga-pen-and-pencil	Pen and Pencil	OpenGameArt	CC0 1.0	2D	misc,pen,pencil,graphite,lead,ballpoint,Educational,Modern,Static Mesh	misc/oga-pen-and-pencil	https://opengameart.org/content/pen-and-pencil	node cong-cu/lay.mjs 2d-assets oga-pen-and-pencil
oga-plastic-barrel-pack	Plastic Barrel Pack	OpenGameArt	CC0 1.0	2D	misc,barrel,plastic barrel,Modern,Other,Static Mesh	misc/oga-plastic-barrel-pack	https://opengameart.org/content/plastic-barrel-pack	node cong-cu/lay.mjs 2d-assets oga-plastic-barrel-pack
oga-repetitive-mixed-style-track	Repetitive mixed style track	OpenGameArt	CC-BY 3.0 (ban goc OpenGameArt; 2d-assets ghi CC0 - LECH, theo ban goc)	2D	misc,Action,Modern,Instrumental	misc/oga-repetitive-mixed-style-track	https://opengameart.org/content/repetitive-mixed-style-track	node cong-cu/lay.mjs 2d-assets oga-repetitive-mixed-style-track
oga-screw-nut	Screw-nut	OpenGameArt	CC0 1.0	2D	misc,tech,Other,Static Mesh	misc/oga-screw-nut	https://opengameart.org/content/screw-nut	node cong-cu/lay.mjs 2d-assets oga-screw-nut
oga-ske-supertux3d	Ske (Supertux3D)	OpenGameArt	CC0 1.0	2D	misc,supertux3D,Action,Other,Rigged Mesh	misc/oga-ske-supertux3d	https://opengameart.org/content/ske-supertux3d	node cong-cu/lay.mjs 2d-assets oga-ske-supertux3d
oga-skill-hit	Skill hit	OpenGameArt	CC0 1.0	2D	misc,skill,hit,Action,Modern,Other	misc/oga-skill-hit	https://opengameart.org/content/skill-hit	node cong-cu/lay.mjs 2d-assets oga-skill-hit
oga-spy-running-theme	Spy running theme	OpenGameArt	CC0 1.0	2D	misc,Action,metal,Modern,Warfare,Other,Battle,Instrumental	misc/oga-spy-running-theme	https://opengameart.org/content/spy-running-theme	node cong-cu/lay.mjs 2d-assets oga-spy-running-theme
oga-squeak-toy-sounds	Squeak toy sounds	OpenGameArt	CC0 1.0	2D	misc,squeak,toy,Kids	misc/oga-squeak-toy-sounds	https://opengameart.org/content/squeak-toy-sounds	node cong-cu/lay.mjs 2d-assets oga-squeak-toy-sounds
oga-steam-release-sounds	Steam release sounds	OpenGameArt	CC0 1.0	2D	misc,steam,hiss,steampunk,release,Tempest in the Aether,Weekly Challenge,Historical,Modern,Other	misc/oga-steam-release-sounds	https://opengameart.org/content/steam-release-sounds	node cong-cu/lay.mjs 2d-assets oga-steam-release-sounds
oga-stilagmate-supertux3d	Stilagmate (Supertux3D)	OpenGameArt	CC0 1.0	2D	misc,supertux3D,Other,Rigged Mesh	misc/oga-stilagmate-supertux3d	https://opengameart.org/content/stilagmate-supertux3d	node cong-cu/lay.mjs 2d-assets oga-stilagmate-supertux3d
oga-teck-sound	Teck Sound	OpenGameArt	CC0 1.0	2D	misc,Bass Loop,Modern	misc/oga-teck-sound	https://opengameart.org/content/teck-sound	node cong-cu/lay.mjs 2d-assets oga-teck-sound
oga-ticking-clock	Ticking clock.	OpenGameArt	CC0 1.0	2D	misc,clock,tick,loop,steampunk,clockwork,ticking,Tempest in the Aether,Weekly Challenge,Historical,Modern	misc/oga-ticking-clock	https://opengameart.org/content/ticking-clock	node cong-cu/lay.mjs 2d-assets oga-ticking-clock
oga-tools	Tools	OpenGameArt	CC0 1.0	2D	misc,tools,Other,Static Mesh	misc/oga-tools	https://opengameart.org/content/tools	node cong-cu/lay.mjs 2d-assets oga-tools
oga-walk-cycles	Walk Cycles	OpenGameArt	CC0 1.0	2D	misc,animation,walk,walking,cycle,Historical,Modern,Rigged Mesh	misc/oga-walk-cycles	https://opengameart.org/content/walk-cycles	node cong-cu/lay.mjs 2d-assets oga-walk-cycles
oga-woman-mesh	Woman mesh	OpenGameArt	CC0 (theo 2d-assets, chua doi chieu ban goc)	2D	misc,Other,Static Mesh	misc/oga-woman-mesh	https://opengameart.org/content/woman-mesh	node cong-cu/lay.mjs 2d-assets oga-woman-mesh
oga-wood-barrels-pack	Wood Barrels Pack	OpenGameArt	CC0 1.0	2D	misc,Wood,barrel,Other,Static Mesh	misc/oga-wood-barrels-pack	https://opengameart.org/content/wood-barrels-pack	node cong-cu/lay.mjs 2d-assets oga-wood-barrels-pack
oga-wood-pallet-v1-pack	Wood Pallet v1 Pack	OpenGameArt	CC0 1.0	2D	misc,pallet,Wood,Other,Static Mesh	misc/oga-wood-pallet-v1-pack	https://opengameart.org/content/wood-pallet-v1-pack	node cong-cu/lay.mjs 2d-assets oga-wood-pallet-v1-pack
oga-wood-pallet-v2-pack	Wood Pallet v2 Pack	OpenGameArt	CC0 1.0	2D	misc,pallet,Wood,Other,Static Mesh	misc/oga-wood-pallet-v2-pack	https://opengameart.org/content/wood-pallet-v2-pack	node cong-cu/lay.mjs 2d-assets oga-wood-pallet-v2-pack
oga-wooden-blockade-texture	Wooden Blockade Texture	OpenGameArt	CC0 1.0	2D	misc,wooden,blockade,Other,Wood,Vector Art	misc/oga-wooden-blockade-texture	https://opengameart.org/content/wooden-blockade-texture	node cong-cu/lay.mjs 2d-assets oga-wooden-blockade-texture
physics-assets	Physics Assets	Kenney	CC0 1.0	2D	misc,block,oopi,physics,shape	misc/physics-assets	https://kenney.nl/assets/physics-assets	node cong-cu/lay.mjs 2d-assets physics-assets
pixel-platformer-blocks	Pixel Platformer Blocks	Kenney	CC0 1.0	2D	misc,blocks,pixel	misc/pixel-platformer-blocks	https://kenney.nl/assets/pixel-platformer-blocks	node cong-cu/lay.mjs 2d-assets pixel-platformer-blocks
playing-cards-pack	Playing Cards Pack	Kenney	CC0 1.0	2D	misc,boardgame,cards,dice,pixel	misc/playing-cards-pack	https://kenney.nl/assets/playing-cards-pack	node cong-cu/lay.mjs 2d-assets playing-cards-pack
puzzle-pack-1	Puzzle Pack 1	Kenney	CC0 1.0	2D	misc,brick,paddle,puzzle	misc/puzzle-pack-1	https://kenney.nl/assets/puzzle-pack-1	node cong-cu/lay.mjs 2d-assets puzzle-pack-1
rolling-ball-assets	Rolling Ball Assets	Kenney	CC0 1.0	2D	misc,ball,top-down	misc/rolling-ball-assets	https://kenney.nl/assets/rolling-ball-assets	node cong-cu/lay.mjs 2d-assets rolling-ball-assets
shape-characters	Shape Characters	Kenney	CC0 1.0	2D	misc,characters,geometric,shape	misc/shape-characters	https://kenney.nl/assets/shape-characters	node cong-cu/lay.mjs 2d-assets shape-characters
tiny-ski	Tiny Ski	Kenney	CC0 1.0	2D	misc,pixel,ski,sports	misc/tiny-ski	https://kenney.nl/assets/tiny-ski	node cong-cu/lay.mjs 2d-assets tiny-ski
tower-defense-top-down	Tower Defense (Top-Down)	Kenney	CC0 1.0	2D	misc,defense,top-down,tower,weapon	misc/tower-defense-top-down	https://kenney.nl/assets/tower-defense-top-down	node cong-cu/lay.mjs 2d-assets tower-defense-top-down
yellow-paint-pack	Yellow Paint Pack	Kenney	CC0 1.0	2D	misc,paint,yellow	misc/yellow-paint-pack	https://kenney.nl/assets/yellow-paint-pack	node cong-cu/lay.mjs 2d-assets yellow-paint-pack
brick-pack	Brick Pack	Kenney	CC0 1.0	2D	modern-urban,tiles-terrain,brick,building,oopi,platformer	modern-urban/brick-pack	https://kenney.nl/assets/brick-pack	node cong-cu/lay.mjs 2d-assets brick-pack
hexagon-buildings	Hexagon Buildings	Kenney	CC0 1.0	2D	modern-urban,tiles-terrain,building,hexagon,tile	modern-urban/hexagon-buildings	https://kenney.nl/assets/hexagon-buildings	node cong-cu/lay.mjs 2d-assets hexagon-buildings
hexagon-pack	Hexagon Pack	Kenney	CC0 1.0	2D	modern-urban,nature,tiles-terrain,building,hexagon,nature,tile	modern-urban/hexagon-pack	https://kenney.nl/assets/hexagon-pack	node cong-cu/lay.mjs 2d-assets hexagon-pack
isometric-roads	Isometric Roads	Kenney	CC0 1.0	2D	modern-urban,nature,tiles-terrain,isometric,landscape,road	modern-urban/isometric-roads	https://kenney.nl/assets/isometric-roads	node cong-cu/lay.mjs 2d-assets isometric-roads
isometric-tiles-buildings	Isometric Tiles Buildings	Kenney	CC0 1.0	2D	modern-urban,tiles-terrain,building,city,isometric,town	modern-urban/isometric-tiles-buildings	https://kenney.nl/assets/isometric-tiles-buildings	node cong-cu/lay.mjs 2d-assets isometric-tiles-buildings
isometric-tiles-city	Isometric Tiles City	Kenney	CC0 1.0	2D	modern-urban,tiles-terrain,building,city,isometric,town	modern-urban/isometric-tiles-city	https://kenney.nl/assets/isometric-tiles-city	node cong-cu/lay.mjs 2d-assets isometric-tiles-city
oga-bookcase	Bookcase	OpenGameArt	CC0 (theo 2d-assets, chua doi chieu ban goc)	2D	modern-urban,Wood,container,bookcase,shelves,book container,Friday Challenge,Finally Finished,Modern,Other,Static Mesh,furniture	modern-urban/oga-bookcase	https://opengameart.org/content/bookcase	node cong-cu/lay.mjs 2d-assets oga-bookcase
oga-crimelike-furniture	Crimelike - Furniture	OpenGameArt	CC0 1.0	2D	modern-urban,tiles-terrain,Modern,pixel,32x32,tile,furniture,crimelike,bed,sofa,bath,Action,Modern,Raster Art	modern-urban/oga-crimelike-furniture	https://opengameart.org/content/crimelike-furniture	node cong-cu/lay.mjs 2d-assets oga-crimelike-furniture
oga-door-open-door-close	Door open, door close	OpenGameArt	CC0 1.0	2D	modern-urban,door,close,enter,exit,Wood,house,Other	modern-urban/oga-door-open-door-close	https://opengameart.org/content/door-open-door-close	node cong-cu/lay.mjs 2d-assets oga-door-open-door-close
oga-fire-hydrant	Fire Hydrant	OpenGameArt	CC0 (theo 2d-assets, chua doi chieu ban goc)	2D	modern-urban,Friday Challenge,Fifteen Minutes,prop,city,hydrant,low-poly,static,Other,Static Mesh	modern-urban/oga-fire-hydrant	https://opengameart.org/content/fire-hydrant	node cong-cu/lay.mjs 2d-assets oga-fire-hydrant
oga-stapler	Stapler	OpenGameArt	CC0 1.0	2D	modern-urban,blend,blender,Modern,tool,office,Static Mesh	modern-urban/oga-stapler	https://opengameart.org/content/stapler	node cong-cu/lay.mjs 2d-assets oga-stapler
oga-trees-and-rock-resources	Trees and rock resources	OpenGameArt	CC0 1.0	2D	modern-urban,nature,rts,Wood,tree,stone,building,harvested,resources,Strategy,Warfare,Other,nature,stone	modern-urban/oga-trees-and-rock-resources	https://opengameart.org/content/trees-and-rock-resources	node cong-cu/lay.mjs 2d-assets oga-trees-and-rock-resources
oga-wooden-building-block	Wooden Building Block	OpenGameArt	CC0 1.0	2D	modern-urban,Wood,block,building,cube,rapid prototype,build,placeholder,Puzzle,Static Mesh	modern-urban/oga-wooden-building-block	https://opengameart.org/content/wooden-building-block	node cong-cu/lay.mjs 2d-assets oga-wooden-building-block
oga-wooden-table-with-glass-insert	wooden table with glass insert	OpenGameArt	CC0 1.0	2D	modern-urban,wooden,table,blender,Wood,furniture,interior,Other,Rigged Mesh	modern-urban/oga-wooden-table-with-glass-insert	https://opengameart.org/content/wooden-table-with-glass-insert	node cong-cu/lay.mjs 2d-assets oga-wooden-table-with-glass-insert
pico-8-city	Pico-8 City	Kenney	CC0 1.0	2D	modern-urban,city,pixel,town,vehicles	modern-urban/pico-8-city	https://kenney.nl/assets/pico-8-city	node cong-cu/lay.mjs 2d-assets pico-8-city
pixel-platformer-industrial-expansion	Pixel Platformer Industrial Expansion	Kenney	CC0 1.0	2D	modern-urban,tiles-terrain,construction,factory,industrial,metal,pixel,platformer	modern-urban/pixel-platformer-industrial-expansion	https://kenney.nl/assets/pixel-platformer-industrial-expansion	node cong-cu/lay.mjs 2d-assets pixel-platformer-industrial-expansion
platformer-art-buildings	Platformer Art Buildings	Kenney	CC0 1.0	2D	modern-urban,tiles-terrain,building,platformer,tile	modern-urban/platformer-art-buildings	https://kenney.nl/assets/platformer-art-buildings	node cong-cu/lay.mjs 2d-assets platformer-art-buildings
top-down-shooter	Top-down Shooter	Kenney	CC0 1.0	2D	modern-urban,characters,tiles-terrain,furniture,tile,top-down,zombie	modern-urban/top-down-shooter	https://kenney.nl/assets/top-down-shooter	node cong-cu/lay.mjs 2d-assets top-down-shooter
1-bit-platformer-pack	1-Bit Platformer Pack	Kenney	CC0 1.0	2D	nature,characters,tiles-terrain,1-bit,character,pixel,platformer,terrain,tile	nature/1-bit-platformer-pack	https://kenney.nl/assets/1-bit-platformer-pack	node cong-cu/lay.mjs 2d-assets 1-bit-platformer-pack
foliage-pack	Foliage Pack	Kenney	CC0 1.0	2D	nature,nature,tree	nature/foliage-pack	https://kenney.nl/assets/foliage-pack	node cong-cu/lay.mjs 2d-assets foliage-pack
hexagon-tiles	Hexagon Tiles	Kenney	CC0 1.0	2D	nature,characters,tiles-terrain,character,hexagon,landscape,oopi,tile	nature/hexagon-tiles	https://kenney.nl/assets/hexagon-tiles	node cong-cu/lay.mjs 2d-assets hexagon-tiles
isometric-miniature-farm	Isometric Miniature Farm	Kenney	CC0 1.0	2D	nature,tiles-terrain,farm,isometric	nature/isometric-miniature-farm	https://kenney.nl/assets/isometric-miniature-farm	node cong-cu/lay.mjs 2d-assets isometric-miniature-farm
isometric-roads-water	Isometric Roads Water	Kenney	CC0 1.0	2D	nature,tiles-terrain,isometric,landscape,water	nature/isometric-roads-water	https://kenney.nl/assets/isometric-roads-water	node cong-cu/lay.mjs 2d-assets isometric-roads-water
isometric-tiles-landscape	Isometric Tiles Landscape	Kenney	CC0 1.0	2D	nature,tiles-terrain,isometric,landscape,nature	nature/isometric-tiles-landscape	https://kenney.nl/assets/isometric-tiles-landscape	node cong-cu/lay.mjs 2d-assets isometric-tiles-landscape
oga-2-lowpoly-trees	2 Lowpoly trees	OpenGameArt	CC0 1.0	2D	nature,tree,vegetation,lowpoly,bark,leaf,leaves,green,brown,branch,branches,ugly,Other	nature/oga-2-lowpoly-trees	https://opengameart.org/content/2-lowpoly-trees	node cong-cu/lay.mjs 2d-assets oga-2-lowpoly-trees
oga-20-rustles-dry-leaves	20 Rustles of dry leaves	OpenGameArt	CC0 1.0	2D	nature,crackle,fire,plant,tree,vegetation,dry,leaf,leaves,movement,bush,spy,thief	nature/oga-20-rustles-dry-leaves	https://opengameart.org/content/20-rustles-dry-leaves	node cong-cu/lay.mjs 2d-assets oga-20-rustles-dry-leaves
oga-6-short-water-splashes	6 Short water splashes	OpenGameArt	CC0 1.0	2D	nature,water,splash,sputtering,noise,aqua,Other	nature/oga-6-short-water-splashes	https://opengameart.org/content/6-short-water-splashes	node cong-cu/lay.mjs 2d-assets oga-6-short-water-splashes
oga-cartonny-tree-leaves-and-flowers	Cartonny Tree leaves and flowers	OpenGameArt	CC0 1.0	2D	nature,cartoon,plants,Other,nature,vegetation,plant	nature/oga-cartonny-tree-leaves-and-flowers	https://opengameart.org/content/cartonny-tree-leaves-and-flowers	node cong-cu/lay.mjs 2d-assets oga-cartonny-tree-leaves-and-flowers
oga-cartoony-treee-set	Cartoony treee set	OpenGameArt	CC0 (theo 2d-assets, chua doi chieu ban goc)	2D	nature,cartoon,trees,uv,mapped,Other,Static Mesh,vegetation,tree	nature/oga-cartoony-treee-set	https://opengameart.org/content/cartoony-treee-set	node cong-cu/lay.mjs 2d-assets oga-cartoony-treee-set
oga-dirty-railshooter	Dirty Railshooter	OpenGameArt	CC0 (theo 2d-assets, chua doi chieu ban goc)	2D	nature,characters,dirty,Inkscape,vector,girl,monster,cactus,gun-weilding,Action,Warfare,Other,Raster Art,nature	nature/oga-dirty-railshooter	https://opengameart.org/content/dirty-railshooter	node cong-cu/lay.mjs 2d-assets oga-dirty-railshooter
oga-light-wood-1024x1024	Light wood 1024x1024	OpenGameArt	CC0 1.0	2D	nature,Wood,table,surface,wooden,Other,nature,Wood	nature/oga-light-wood-1024x1024	https://opengameart.org/content/light-wood-1024x1024	node cong-cu/lay.mjs 2d-assets oga-light-wood-1024x1024
oga-man	Man	OpenGameArt	CC0 1.0	2D	nature,man,Sprite,brick,spikes,water,block,run,running,Friday Challenge,Minimalist,Action,Other	nature/oga-man	https://opengameart.org/content/man	node cong-cu/lay.mjs 2d-assets oga-man
oga-tree	Tree	OpenGameArt	CC0 1.0	2D	nature,tree,Other,Static Mesh	nature/oga-tree	https://opengameart.org/content/tree	node cong-cu/lay.mjs 2d-assets oga-tree
oga-white-bread	White bread	OpenGameArt	CC0 1.0	2D	nature,bread,food,bakery,wheat,meal,Other,nature	nature/oga-white-bread	https://opengameart.org/content/white-bread	node cong-cu/lay.mjs 2d-assets oga-white-bread
pixel-platformer-farm-expansion	Pixel Platformer Farm Expansion	Kenney	CC0 1.0	2D	nature,tiles-terrain,farm,pixel,platformer	nature/pixel-platformer-farm-expansion	https://kenney.nl/assets/pixel-platformer-farm-expansion	node cong-cu/lay.mjs 2d-assets pixel-platformer-farm-expansion
platformer-bricks	Platformer Bricks	Kenney	CC0 1.0	2D	nature,tiles-terrain,brick,landscape,platformer	nature/platformer-bricks	https://kenney.nl/assets/platformer-bricks	node cong-cu/lay.mjs 2d-assets platformer-bricks
tower-defense	Tower Defense	Kenney	CC0 1.0	2D	nature,tiles-terrain,defense,isometric,landscape	nature/tower-defense	https://kenney.nl/assets/tower-defense	node cong-cu/lay.mjs 2d-assets tower-defense
alien-ufo-pack	Alien UFO Pack	Kenney	CC0 1.0	2D	sci-fi,vehicles,characters,alien,character,oopi,ufo,vehicle	sci-fi/alien-ufo-pack	https://kenney.nl/assets/alien-ufo-pack	node cong-cu/lay.mjs 2d-assets alien-ufo-pack
oga-100-seamless-textures	100 Seamless Textures	OpenGameArt	CC0 1.0	2D	sci-fi,fantasy,seamless,Action,Educational,Puzzle,RPG,Strategy,Fantasy,Historical,Kids,Modern,Sci-Fi,Warfare	sci-fi/oga-100-seamless-textures	https://opengameart.org/content/100-seamless-textures	node cong-cu/lay.mjs 2d-assets oga-100-seamless-textures
oga-12-wet-towel-hittingfallingpunching-floor-sounds	12 wet towel hitting/falling/punching floor sounds	OpenGameArt	CC0 1.0	2D	sci-fi,fantasy,hit,attack,fight,punch,slash,hard,heavy,Action,Fantasy,Sci-Fi,Warfare,Other	sci-fi/oga-12-wet-towel-hittingfallingpunching-floor-sounds	https://opengameart.org/content/12-wet-towel-hittingfallingpunching-floor-sounds	node cong-cu/lay.mjs 2d-assets oga-12-wet-towel-hittingfallingpunching-floor-sounds
oga-15-vocal-male-strainhurtpainjump-sounds	15 vocal male strain/hurt/pain/jump sounds	OpenGameArt	CC0 1.0	2D	sci-fi,fantasy,hurt,pain,Voice,vocal,human,strain,tenderness,jump,Action,Fantasy,Modern,Sci-Fi	sci-fi/oga-15-vocal-male-strainhurtpainjump-sounds	https://opengameart.org/content/15-vocal-male-strainhurtpainjump-sounds	node cong-cu/lay.mjs 2d-assets oga-15-vocal-male-strainhurtpainjump-sounds
oga-16-button-clicks	16 button clicks	OpenGameArt	CC0 1.0	2D	sci-fi,fantasy,menu,gui,buttons,clicks,presses,power,enable,disable,confirm,move,choice,choose	sci-fi/oga-16-button-clicks	https://opengameart.org/content/16-button-clicks	node cong-cu/lay.mjs 2d-assets oga-16-button-clicks
oga-16x16-pixel-cake	16x16 Pixel Cake	OpenGameArt	CC0 1.0	2D	sci-fi,16x16,food,cake,lie,Friday Challenge,Homage,Sci-Fi,Other,Pixel Art,Sprite,Item	sci-fi/oga-16x16-pixel-cake	https://opengameart.org/content/16x16-pixel-cake	node cong-cu/lay.mjs 2d-assets oga-16x16-pixel-cake
oga-18-random-video-game-sound-effects	18 random video game sound effects	OpenGameArt	CC0 1.0	2D	sci-fi,fantasy,effect,Effects,beach,squeak,beam,error,scan,whoosh,ray,boing,bloop,Puzzle	sci-fi/oga-18-random-video-game-sound-effects	https://opengameart.org/content/18-random-video-game-sound-effects	node cong-cu/lay.mjs 2d-assets oga-18-random-video-game-sound-effects
oga-2-tilling-circuit-textures-pack	2 Tilling Circuit Textures Pack	OpenGameArt	CC0 1.0	2D	sci-fi,tiles-terrain,pattern,seamless,electronic,circuit,Modern,Sci-Fi,Other,Map	sci-fi/oga-2-tilling-circuit-textures-pack	https://opengameart.org/content/2-tilling-circuit-textures-pack	node cong-cu/lay.mjs 2d-assets oga-2-tilling-circuit-textures-pack
oga-2-wooden-squish-splatter-sequences	2 wooden squish splatter sequences	OpenGameArt	CC0 1.0	2D	sci-fi,fantasy,destruction,hit,breaking,destroy,break,bash,Wood,weapon,weapons,attack,impact,squish	sci-fi/oga-2-wooden-squish-splatter-sequences	https://opengameart.org/content/2-wooden-squish-splatter-sequences	node cong-cu/lay.mjs 2d-assets oga-2-wooden-squish-splatter-sequences
oga-3-crate-textures-w-bump-normal	3 crate textures (w/ bump & normal)	OpenGameArt	CC0 1.0	2D	sci-fi,fantasy,Wood,crate,normal,bump,diffuse,Action,Educational,Puzzle,RPG,Strategy,Fantasy,Historical	sci-fi/oga-3-crate-textures-w-bump-normal	https://opengameart.org/content/3-crate-textures-w-bump-normal	node cong-cu/lay.mjs 2d-assets oga-3-crate-textures-w-bump-normal
oga-3-dark-magic-spells	3 dark magic spells	OpenGameArt	CC0 1.0	2D	sci-fi,fantasy,dark,evil,magic,demon,sorcerer,synthesized,RPG,Sci-Fi,Other	sci-fi/oga-3-dark-magic-spells	https://opengameart.org/content/3-dark-magic-spells	node cong-cu/lay.mjs 2d-assets oga-3-dark-magic-spells
oga-31-pings-and-metal-filing-sounds	31 pings and metal filing sounds	OpenGameArt	CC0 1.0	2D	sci-fi,file,metal,ping,scrape,filing,Tempest in the Aether,Weekly Challenge,Historical,Modern,Sci-Fi	sci-fi/oga-31-pings-and-metal-filing-sounds	https://opengameart.org/content/31-pings-and-metal-filing-sounds	node cong-cu/lay.mjs 2d-assets oga-31-pings-and-metal-filing-sounds
oga-35-wooden-crackshitsdestructions	35 wooden cracks/hits/destructions	OpenGameArt	CC0 1.0	2D	sci-fi,fantasy,modern-urban,destruction,hit,breaking,destroy,break,bash,Wood,construction,building,weapon,weapons,attack	sci-fi/oga-35-wooden-crackshitsdestructions	https://opengameart.org/content/35-wooden-crackshitsdestructions	node cong-cu/lay.mjs 2d-assets oga-35-wooden-crackshitsdestructions
oga-37-hitspunches	37 hits/punches	OpenGameArt	CC0 1.0	2D	sci-fi,fantasy,hit,punch,attack,violence,beat,arm,body,organic,combat,damage,wound,hand-to-hand	sci-fi/oga-37-hitspunches	https://opengameart.org/content/37-hitspunches	node cong-cu/lay.mjs 2d-assets oga-37-hitspunches
oga-3d-pipes	3D Pipes	OpenGameArt	CC0 1.0	2D	sci-fi,fantasy,tiles-terrain,tutorial,Weekly Challenge,pipes,Action,Educational,Puzzle,RPG,Strategy,Fantasy,Historical,Kids,Modern	sci-fi/oga-3d-pipes	https://opengameart.org/content/3d-pipes	node cong-cu/lay.mjs 2d-assets oga-3d-pipes
oga-4-atmospheric-ghostly-loops	4 Atmospheric ghostly loops	OpenGameArt	CC0 1.0	2D	sci-fi,fantasy,ghost,dark,loop,magic,horror,angst,depression,sad,atmosphere,atmospheric,Action,RPG	sci-fi/oga-4-atmospheric-ghostly-loops	https://opengameart.org/content/4-atmospheric-ghostly-loops	node cong-cu/lay.mjs 2d-assets oga-4-atmospheric-ghostly-loops
oga-4-dry-snow-steps	4 dry snow steps	OpenGameArt	CC0 1.0	2D	sci-fi,fantasy,nature,snow,step,steps,movement,ice,winter,crack,feet,cold,freeze,frozen,crisp	sci-fi/oga-4-dry-snow-steps	https://opengameart.org/content/4-dry-snow-steps	node cong-cu/lay.mjs 2d-assets oga-4-dry-snow-steps
oga-4-large-planets	4 large planets	OpenGameArt	CC0 1.0	2D	sci-fi,nature,tiles-terrain,planet,space,Action,Puzzle,Strategy,Modern,Sci-Fi,Warfare,background,Storyboard,Raster Art,nature	sci-fi/oga-4-large-planets	https://opengameart.org/content/4-large-planets	node cong-cu/lay.mjs 2d-assets oga-4-large-planets
oga-4-space-portal-sounds	4 Space / Portal Sounds	OpenGameArt	CC0 1.0	2D	sci-fi,fantasy,Friday Challenge,To The Stars,spaceship,space,Portal,Action,Fantasy,Sci-Fi	sci-fi/oga-4-space-portal-sounds	https://opengameart.org/content/4-space-portal-sounds	node cong-cu/lay.mjs 2d-assets oga-4-space-portal-sounds
oga-40-wet-towel-clubpoundhitattack-sounds	40 wet towel club/pound/hit/attack sounds	OpenGameArt	CC0 1.0	2D	sci-fi,fantasy,hit,attack,weapon,attacking,pound,fight,meat,body,hitting,fighting,pounding,towel	sci-fi/oga-40-wet-towel-clubpoundhitattack-sounds	https://opengameart.org/content/40-wet-towel-clubpoundhitattack-sounds	node cong-cu/lay.mjs 2d-assets oga-40-wet-towel-clubpoundhitattack-sounds
oga-41-snow-shoe-steps	41 snow shoe steps	OpenGameArt	CC0 (theo 2d-assets, chua doi chieu ban goc)	2D	sci-fi,fantasy,nature,snow,ice,ground,step,steps,human,movement,walking,travel,shoe,Action,Educational	sci-fi/oga-41-snow-shoe-steps	https://opengameart.org/content/41-snow-shoe-steps	node cong-cu/lay.mjs 2d-assets oga-41-snow-shoe-steps
oga-42-snow-and-gravel-footsteps	42 Snow and Gravel Footsteps	OpenGameArt	CC0 1.0	2D	sci-fi,fantasy,nature,snow,ice,gravel,ground,step,steps,human,movement,walking,travel,Action,Educational	sci-fi/oga-42-snow-and-gravel-footsteps	https://opengameart.org/content/42-snow-and-gravel-footsteps	node cong-cu/lay.mjs 2d-assets oga-42-snow-and-gravel-footsteps
oga-5-break-crunch-impacts	5 break, crunch impacts	OpenGameArt	CC0 1.0	2D	sci-fi,fantasy,destruction,Wood,crunch,breaking,destroy,Action,Educational,RPG,Strategy,Fantasy,Historical,Modern	sci-fi/oga-5-break-crunch-impacts	https://opengameart.org/content/5-break-crunch-impacts	node cong-cu/lay.mjs 2d-assets oga-5-break-crunch-impacts
oga-5-wood-textures	5 wood textures	OpenGameArt	CC0 1.0	2D	sci-fi,fantasy,tiles-terrain,Wood,tile,tileable,Action,Educational,Puzzle,RPG,Strategy,Fantasy,Historical,Kids,Modern	sci-fi/oga-5-wood-textures	https://opengameart.org/content/5-wood-textures	node cong-cu/lay.mjs 2d-assets oga-5-wood-textures
oga-8-wet-squish-slurp-impacts	8 wet squish, slurp impacts	OpenGameArt	CC0 1.0	2D	sci-fi,fantasy,hammer,destruction,hit,breaking,destroy,break,liquid,scream,squish,organic,kill,bash	sci-fi/oga-8-wet-squish-slurp-impacts	https://opengameart.org/content/8-wet-squish-slurp-impacts	node cong-cu/lay.mjs 2d-assets oga-8-wet-squish-slurp-impacts
oga-9-wet-snow-steps	9 wet snow steps	OpenGameArt	CC0 1.0	2D	sci-fi,fantasy,nature,snow,step,steps,movement,ice,winter,crack,feet,cold,freeze,frozen,crisp	sci-fi/oga-9-wet-snow-steps	https://opengameart.org/content/9-wet-snow-steps	node cong-cu/lay.mjs 2d-assets oga-9-wet-snow-steps
oga-alien-portrait	Alien Portrait	OpenGameArt	CC0 1.0	2D	sci-fi,fantasy,alien,Portrait,Fantasy,Sci-Fi,Other	sci-fi/oga-alien-portrait	https://opengameart.org/content/alien-portrait	node cong-cu/lay.mjs 2d-assets oga-alien-portrait
oga-alien-sounds	Alien sounds	OpenGameArt	CC0 1.0	2D	sci-fi,vehicles,alien,space,laser,ship,ufo,Action,Modern,Sci-Fi,Other	sci-fi/oga-alien-sounds	https://opengameart.org/content/alien-sounds	node cong-cu/lay.mjs 2d-assets oga-alien-sounds
oga-alien-space	Alien Space	OpenGameArt	CC0 1.0	2D	sci-fi,fantasy,alien,space,Action,Educational,RPG,Strategy,Kids,Sci-Fi,Other,Rigged Mesh	sci-fi/oga-alien-space	https://opengameart.org/content/alien-space	node cong-cu/lay.mjs 2d-assets oga-alien-space
oga-ammo-box-pack	Ammo Box Pack	OpenGameArt	CC0 1.0	2D	sci-fi,ammo,box,Action,Modern,Sci-Fi,Warfare,Other,Static Mesh	sci-fi/oga-ammo-box-pack	https://opengameart.org/content/ammo-box-pack	node cong-cu/lay.mjs 2d-assets oga-ammo-box-pack
oga-anarchy-rains	anarchy rains	OpenGameArt	CC0 (theo 2d-assets, chua doi chieu ban goc)	2D	sci-fi,fantasy,modern-urban,anarchy,buildings,city,girl,Fantasy,Modern,Sci-Fi	sci-fi/oga-anarchy-rains	https://opengameart.org/content/anarchy-rains	node cong-cu/lay.mjs 2d-assets oga-anarchy-rains
oga-arch	Arch	OpenGameArt	CC0 1.0	2D	sci-fi,fantasy,modern-urban,tiles-terrain,building,tile,svg,RPG,Strategy,Fantasy,Historical,Sci-Fi,Warfare,Isometric,Map Tileset,Vector Art	sci-fi/oga-arch	https://opengameart.org/content/arch	node cong-cu/lay.mjs 2d-assets oga-arch
oga-astrominer-sprites	Astrominer Sprites	OpenGameArt	CC0 1.0	2D	sci-fi,vehicles,space,shooter,shmup,Sci-Fi,Pixel Art,Sprite,Vehicle,Top-down	sci-fi/oga-astrominer-sprites	https://opengameart.org/content/astrominer-sprites	node cong-cu/lay.mjs 2d-assets oga-astrominer-sprites
oga-atmospheric-interaction-sound-pack	Atmospheric Interaction Sound Pack	OpenGameArt	CC0 1.0	2D	sci-fi,fantasy,nature,beep,error,countdown,hit,punch,warning,positive,bleep,echo,magic,water,laser	sci-fi/oga-atmospheric-interaction-sound-pack	https://opengameart.org/content/atmospheric-interaction-sound-pack	node cong-cu/lay.mjs 2d-assets oga-atmospheric-interaction-sound-pack
oga-atmospheric-puzzles	Atmospheric puzzles	OpenGameArt	CC0 1.0	2D	sci-fi,fantasy,modern-urban,nature,tiles-terrain,industrial,water,space,menu,background,summer,krank,Educational,Puzzle,Fantasy,Kids,Modern	sci-fi/oga-atmospheric-puzzles	https://opengameart.org/content/atmospheric-puzzles	node cong-cu/lay.mjs 2d-assets oga-atmospheric-puzzles
oga-basic-daggershortsword	Basic Dagger/Shortsword	OpenGameArt	CC0 (theo 2d-assets, chua doi chieu ban goc)	2D	sci-fi,fantasy,weapon,dagger,sword,Action,RPG,Strategy,Fantasy,Sci-Fi,Warfare,Static Mesh	sci-fi/oga-basic-daggershortsword	https://opengameart.org/content/basic-daggershortsword	node cong-cu/lay.mjs 2d-assets oga-basic-daggershortsword
oga-blank-female-base	Blank Female Base	OpenGameArt	CC0 (theo 2d-assets, chua doi chieu ban goc)	2D	sci-fi,fantasy,characters,female,body,base,Action,RPG,Strategy,Fantasy,Historical,Modern,Sci-Fi,Warfare,Other	sci-fi/oga-blank-female-base	https://opengameart.org/content/blank-female-base	node cong-cu/lay.mjs 2d-assets oga-blank-female-base
oga-blank-male-base	Blank Male Base	OpenGameArt	CC0 (theo 2d-assets, chua doi chieu ban goc)	2D	sci-fi,fantasy,characters,male,base,Action,RPG,Strategy,Fantasy,Historical,Modern,Sci-Fi,Warfare,Other,Portrait	sci-fi/oga-blank-male-base	https://opengameart.org/content/blank-male-base	node cong-cu/lay.mjs 2d-assets oga-blank-male-base
oga-bleeding-out	Bleeding out	OpenGameArt	CC0 1.0	2D	sci-fi,fantasy,shot,sad,dark,violin,Ambient,stab,alone,Action,RPG,Fantasy,Modern,Sci-Fi	sci-fi/oga-bleeding-out	https://opengameart.org/content/bleeding-out	node cong-cu/lay.mjs 2d-assets oga-bleeding-out
oga-blender-materials-library	Blender materials library	OpenGameArt	CC0 1.0	2D	sci-fi,fantasy,nature,resources,Action,Educational,Puzzle,RPG,Strategy,Fantasy,Historical,Kids,Modern,Sci-Fi,Warfare	sci-fi/oga-blender-materials-library	https://opengameart.org/content/blender-materials-library	node cong-cu/lay.mjs 2d-assets oga-blender-materials-library
oga-blender25-human-rig	Blender2.5 Human Rig	OpenGameArt	CC0 1.0	2D	sci-fi,fantasy,rig,Human Rig,Humanoid Rig,Action,Educational,RPG,Strategy,Fantasy,Historical,Kids,Modern,Sci-Fi	sci-fi/oga-blender25-human-rig	https://opengameart.org/content/blender25-human-rig	node cong-cu/lay.mjs 2d-assets oga-blender25-human-rig
oga-bolt	Bolt	OpenGameArt	CC0 1.0	2D	sci-fi,fantasy,bolt,flash,lightning,speed,power,power up,bonus,turbo,nitro,boost,Action,Educational	sci-fi/oga-bolt	https://opengameart.org/content/bolt	node cong-cu/lay.mjs 2d-assets oga-bolt
oga-brick-wall-textures	brick wall textures	OpenGameArt	CC0 1.0	2D	sci-fi,fantasy,tiles-terrain,brick,tile,normal,Action,Educational,Puzzle,RPG,Strategy,Fantasy,Historical,Kids,Modern	sci-fi/oga-brick-wall-textures	https://opengameart.org/content/brick-wall-textures	node cong-cu/lay.mjs 2d-assets oga-brick-wall-textures
oga-broken-gear	Broken gear	OpenGameArt	CC0 (theo 2d-assets, chua doi chieu ban goc)	2D	sci-fi,fantasy,broken,fear,metal,trash,destroyed,Tempest in the Aether,scrap,repair,Weekly Challenge,Action,RPG,Strategy	sci-fi/oga-broken-gear	https://opengameart.org/content/broken-gear	node cong-cu/lay.mjs 2d-assets oga-broken-gear
oga-camo-golgotha-textures-bunkergreen-camojpg	Camo Golgotha Textures: bunker_green-camo.jpg	OpenGameArt	CC0 1.0	2D	sci-fi,fantasy,Fantasy,Modern,Sci-Fi,Raster Art,fabric,camo,camouflage	sci-fi/oga-camo-golgotha-textures-bunkergreen-camojpg	https://opengameart.org/content/camo-golgotha-textures-bunkergreen-camojpg	node cong-cu/lay.mjs 2d-assets oga-camo-golgotha-textures-bunkergreen-camojpg
oga-camouflage-from-golgotha-textures-bunkergalvanizedjpg	Camouflage from Golgotha Textures: bunker_galvanized.jpg	OpenGameArt	CC0 1.0	2D	sci-fi,fantasy,Fantasy,Modern,Sci-Fi,Raster Art,fabric,camo,camouflage	sci-fi/oga-camouflage-from-golgotha-textures-bunkergalvanizedjpg	https://opengameart.org/content/camouflage-from-golgotha-textures-bunkergalvanizedjpg	node cong-cu/lay.mjs 2d-assets oga-camouflage-from-golgotha-textures-bunkergalvanizedjpg
oga-camouflage-golgotha-textures-galvanizedbluejpg	Camouflage Golgotha Textures: galvanized_blue.jpg	OpenGameArt	CC0 1.0	2D	sci-fi,fantasy,Fantasy,Modern,Sci-Fi,Raster Art,fabric,camo,camouflage	sci-fi/oga-camouflage-golgotha-textures-galvanizedbluejpg	https://opengameart.org/content/camouflage-golgotha-textures-galvanizedbluejpg	node cong-cu/lay.mjs 2d-assets oga-camouflage-golgotha-textures-galvanizedbluejpg
oga-cartoony-flaskcanteen	Cartoony(?) flask/canteen	OpenGameArt	CC0 (theo 2d-assets, chua doi chieu ban goc)	2D	sci-fi,fantasy,canteen,flask,bottle,container,Expedition,Weekly Challenge,Action,Educational,Puzzle,RPG,Strategy,Fantasy	sci-fi/oga-cartoony-flaskcanteen	https://opengameart.org/content/cartoony-flaskcanteen	node cong-cu/lay.mjs 2d-assets oga-cartoony-flaskcanteen
oga-chain-winch-sounds	Chain winch sounds	OpenGameArt	CC0 1.0	2D	sci-fi,winch,steampunk,chain,Tempest in the Aether,Weekly Challenge,Historical,Modern,Sci-Fi	sci-fi/oga-chain-winch-sounds	https://opengameart.org/content/chain-winch-sounds	node cong-cu/lay.mjs 2d-assets oga-chain-winch-sounds
oga-chill-main-menu-music	Chill Main Menu music	OpenGameArt	CC0 1.0	2D	sci-fi,fantasy,characters,Augmentality,zombie,beat,main menu,Action,Fantasy,Modern,Sci-Fi,Other,Ambient,Instrumental	sci-fi/oga-chill-main-menu-music	https://opengameart.org/content/chill-main-menu-music	node cong-cu/lay.mjs 2d-assets oga-chill-main-menu-music
oga-click-sounds6	Click sounds(6)	OpenGameArt	CC0 1.0	2D	sci-fi,fantasy,click,Action,Educational,Puzzle,RPG,Strategy,Fantasy,Historical,Kids,Modern,Sci-Fi,Warfare	sci-fi/oga-click-sounds6	https://opengameart.org/content/click-sounds6	node cong-cu/lay.mjs 2d-assets oga-click-sounds6
oga-clouds-skybox-1	clouds skybox 1	OpenGameArt	CC0 1.0	2D	sci-fi,fantasy,skybox,sky,Action,Educational,Puzzle,RPG,Strategy,Fantasy,Historical,Kids,Modern,Sci-Fi	sci-fi/oga-clouds-skybox-1	https://opengameart.org/content/clouds-skybox-1	node cong-cu/lay.mjs 2d-assets oga-clouds-skybox-1
oga-colorful-planets	colorful planets	OpenGameArt	CC0 1.0	2D	sci-fi,tiles-terrain,planet,moon,space,sky,background,atmosphere,round,sphere,Sci-Fi,background,Storyboard,Sprite	sci-fi/oga-colorful-planets	https://opengameart.org/content/colorful-planets	node cong-cu/lay.mjs 2d-assets oga-colorful-planets
oga-colorize-enemies	Colorize Enemies	OpenGameArt	CC0 (theo 2d-assets, chua doi chieu ban goc)	2D	sci-fi,vehicles,space,ship,spaceship,fighter,Action,Strategy,Sci-Fi,Warfare,Pixel Art,Sprite,Vehicle	sci-fi/oga-colorize-enemies	https://opengameart.org/content/colorize-enemies	node cong-cu/lay.mjs 2d-assets oga-colorize-enemies
oga-colorized-boss-sprites	Colorized Boss Sprites	OpenGameArt	CC0 1.0	2D	sci-fi,vehicles,characters,boss,space,ship,spaceship,Action,Strategy,Sci-Fi,Warfare,Pixel Art,Enemy,Vehicle,Top-down	sci-fi/oga-colorized-boss-sprites	https://opengameart.org/content/colorized-boss-sprites	node cong-cu/lay.mjs 2d-assets oga-colorized-boss-sprites
oga-crates-of-the-future	Crates of the Future	OpenGameArt	CC0 1.0	2D	sci-fi,fantasy,crate,box,Action,Educational,Puzzle,RPG,Strategy,Fantasy,Kids,Sci-Fi,Other	sci-fi/oga-crates-of-the-future	https://opengameart.org/content/crates-of-the-future	node cong-cu/lay.mjs 2d-assets oga-crates-of-the-future
oga-creepy-forest-f	Creepy Forest (F)	OpenGameArt	CC0 1.0	2D	sci-fi,fantasy,nature,forest,Ambient,Guitar,scary,eerie,electric,ambience,osare,tree,wind,upgrade,wide	sci-fi/oga-creepy-forest-f	https://opengameart.org/content/creepy-forest-f	node cong-cu/lay.mjs 2d-assets oga-creepy-forest-f
oga-dark-ambiences	Dark Ambiences	OpenGameArt	CC0 1.0	2D	sci-fi,fantasy,dark,ambience,Ambient,scary,spooky,Action,RPG,Fantasy,Sci-Fi	sci-fi/oga-dark-ambiences	https://opengameart.org/content/dark-ambiences	node cong-cu/lay.mjs 2d-assets oga-dark-ambiences
oga-dark-camouflage-golgotha-textures-galvanizeddarkjpg	Dark Camouflage Golgotha Textures: galvanized_dark.jpg	OpenGameArt	CC0 1.0	2D	sci-fi,fantasy,Fantasy,Modern,Sci-Fi,Raster Art,fabric,camo,camouflage	sci-fi/oga-dark-camouflage-golgotha-textures-galvanizeddarkjpg	https://opengameart.org/content/dark-camouflage-golgotha-textures-galvanizeddarkjpg	node cong-cu/lay.mjs 2d-assets oga-dark-camouflage-golgotha-textures-galvanizeddarkjpg
oga-defect-motor-loop	(defect) motor loop	OpenGameArt	CC0 1.0	2D	sci-fi,fantasy,electronic,electronic,loop,device,mechanical,pattern,fan,motor,rotation,repetitive,Action,Educational	sci-fi/oga-defect-motor-loop	https://opengameart.org/content/defect-motor-loop	node cong-cu/lay.mjs 2d-assets oga-defect-motor-loop
oga-desert-town-clothing-concepts	Desert Town Clothing Concepts	OpenGameArt	CC0 (theo 2d-assets, chua doi chieu ban goc)	2D	sci-fi,fantasy,characters,clothing,Action,RPG,Strategy,Fantasy,Historical,Modern,Sci-Fi,Warfare,Other,Character	sci-fi/oga-desert-town-clothing-concepts	https://opengameart.org/content/desert-town-clothing-concepts	node cong-cu/lay.mjs 2d-assets oga-desert-town-clothing-concepts
oga-dirty-burnt-and-light-sand	Dirty, burnt and light sand	OpenGameArt	CC0 1.0	2D	sci-fi,fantasy,nature,ground,floor,2048,sand,white,light,dark,brown,apocalyptic,old,burnt,scorched	sci-fi/oga-dirty-burnt-and-light-sand	https://opengameart.org/content/dirty-burnt-and-light-sand	node cong-cu/lay.mjs 2d-assets oga-dirty-burnt-and-light-sand
oga-do-you-remember-laughter	Do you remember laughter?	OpenGameArt	CC0 1.0	2D	sci-fi,fantasy,laughter,funny,comedy,evil laugh,sinister,maniacal,cough,Action,Educational,Puzzle,RPG,Strategy	sci-fi/oga-do-you-remember-laughter	https://opengameart.org/content/do-you-remember-laughter	node cong-cu/lay.mjs 2d-assets oga-do-you-remember-laughter
oga-dog-grunt	Dog Grunt	OpenGameArt	CC0 1.0	2D	sci-fi,fantasy,characters,dog,bark,animal,scream,angry,fear,horror,monster,aggressive,cute,aggression,growl	sci-fi/oga-dog-grunt	https://opengameart.org/content/dog-grunt	node cong-cu/lay.mjs 2d-assets oga-dog-grunt
oga-door-open-door-close-set	Door Open, Door Close Set	OpenGameArt	CC0 1.0	2D	sci-fi,fantasy,modern-urban,Wood,door,entrance,passage,exit,enter,building,wooden,scream,squeak,Action,Educational	sci-fi/oga-door-open-door-close-set	https://opengameart.org/content/door-open-door-close-set	node cong-cu/lay.mjs 2d-assets oga-door-open-door-close-set
oga-dripping-water-loop	Dripping water loop	OpenGameArt	CC0 1.0	2D	sci-fi,fantasy,nature,water,splash,loop,cave,dripping,cellar,basement,Action,RPG,Strategy,Fantasy,Historical	sci-fi/oga-dripping-water-loop	https://opengameart.org/content/dripping-water-loop	node cong-cu/lay.mjs 2d-assets oga-dripping-water-loop
oga-electronic-device-loop	Electronic device loop	OpenGameArt	CC0 1.0	2D	sci-fi,fantasy,tiles-terrain,computer,device,loop,mechanical,electronic,machine,Ambient,background,object,apparatus,Action,Educational	sci-fi/oga-electronic-device-loop	https://opengameart.org/content/electronic-device-loop	node cong-cu/lay.mjs 2d-assets oga-electronic-device-loop
oga-elf-male	Elf Male	OpenGameArt	CC0 (theo 2d-assets, chua doi chieu ban goc)	2D	sci-fi,fantasy,characters,elf,male,outlines,Action,RPG,Fantasy,Sci-Fi,Other,Portrait,Character	sci-fi/oga-elf-male	https://opengameart.org/content/elf-male	node cong-cu/lay.mjs 2d-assets oga-elf-male
oga-engine-sounds2	Engine sounds(2)	OpenGameArt	CC0 1.0	2D	sci-fi,engine,Action,Modern,Sci-Fi,Other	sci-fi/oga-engine-sounds2	https://opengameart.org/content/engine-sounds2	node cong-cu/lay.mjs 2d-assets oga-engine-sounds2
oga-et	ET	OpenGameArt	CC0 1.0	2D	sci-fi,ET,Sci-Fi,Static Mesh	sci-fi/oga-et	https://opengameart.org/content/et	node cong-cu/lay.mjs 2d-assets oga-et
oga-etescape	ET_Escape	OpenGameArt	CC0 (theo 2d-assets, chua doi chieu ban goc)	2D	sci-fi,fantasy,ET,alien,rigged,blender,toon,Fantasy,Kids,Sci-Fi,Other,Rigged Mesh	sci-fi/oga-etescape	https://opengameart.org/content/etescape	node cong-cu/lay.mjs 2d-assets oga-etescape
oga-evil-laughter-0	evil laughter	OpenGameArt	CC0 1.0	2D	sci-fi,fantasy,evil,laughter,Action,RPG,Strategy,Fantasy,Historical,Sci-Fi,Voice	sci-fi/oga-evil-laughter-0	https://opengameart.org/content/evil-laughter-0	node cong-cu/lay.mjs 2d-assets oga-evil-laughter-0
oga-evil-temple-ambiance-loop	Evil temple Ambiance loop	OpenGameArt	CC0 1.0	2D	sci-fi,fantasy,nature,evil,temple,desert,chant,nasheed,muslim,Action,Educational,Puzzle,RPG,Fantasy,Historical	sci-fi/oga-evil-temple-ambiance-loop	https://opengameart.org/content/evil-temple-ambiance-loop	node cong-cu/lay.mjs 2d-assets oga-evil-temple-ambiance-loop
oga-excited-horror-sound	excited horror sound	OpenGameArt	CC0 1.0	2D	sci-fi,horror,scary,excited,exciting,Action,Sci-Fi,Warfare,Other	sci-fi/oga-excited-horror-sound	https://opengameart.org/content/excited-horror-sound	node cong-cu/lay.mjs 2d-assets oga-excited-horror-sound
oga-faces-0	Faces	OpenGameArt	CC0 1.0	2D	sci-fi,fantasy,characters,zombie,monster,mad,face,human,alien,grim,Fantasy,Sci-Fi,Other,Portrait,Character	sci-fi/oga-faces-0	https://opengameart.org/content/faces-0	node cong-cu/lay.mjs 2d-assets oga-faces-0
oga-fat-side-scroller-cat	Fat Side-scroller Cat	OpenGameArt	CC0 1.0	2D	sci-fi,fantasy,characters,animation,Sprite,cat,cute,white,feline,fat,jump and run,meow,Action,Educational,Puzzle	sci-fi/oga-fat-side-scroller-cat	https://opengameart.org/content/fat-side-scroller-cat	node cong-cu/lay.mjs 2d-assets oga-fat-side-scroller-cat
oga-flare-ignition	Flare ignition	OpenGameArt	CC0 1.0	2D	sci-fi,fantasy,fire,light,matchstick,flare,pyrotechnics,pyro,illumination,Action,Educational,Puzzle,RPG,Strategy	sci-fi/oga-flare-ignition	https://opengameart.org/content/flare-ignition	node cong-cu/lay.mjs 2d-assets oga-flare-ignition
oga-flight-or-spell-sound	Flight or spell sound	OpenGameArt	CC0 1.0	2D	sci-fi,fantasy,Action,RPG,Fantasy,Sci-Fi,Warfare,Other,Ambient	sci-fi/oga-flight-or-spell-sound	https://opengameart.org/content/flight-or-spell-sound	node cong-cu/lay.mjs 2d-assets oga-flight-or-spell-sound
oga-forest-bird-sounds	Forest bird sounds	OpenGameArt	CC0 1.0	2D	sci-fi,fantasy,nature,forest,bird,RPG,Strategy,Fantasy,Historical,Sci-Fi,Other,Voice	sci-fi/oga-forest-bird-sounds	https://opengameart.org/content/forest-bird-sounds	node cong-cu/lay.mjs 2d-assets oga-forest-bird-sounds
oga-freejazz-medley-loop	FreeJazz Medley Loop	OpenGameArt	CC0 1.0	2D	sci-fi,slow,Jazz,Modern,Sci-Fi,Other,Instrumental	sci-fi/oga-freejazz-medley-loop	https://opengameart.org/content/freejazz-medley-loop	node cong-cu/lay.mjs 2d-assets oga-freejazz-medley-loop
oga-frieda-dog	Frieda the dog	OpenGameArt	CC0 (theo 2d-assets, chua doi chieu ban goc)	2D	sci-fi,fantasy,characters,dog,doggy,vector,black,cute,ugly,animal,hund,pretty,Action,Educational,Puzzle	sci-fi/oga-frieda-dog	https://opengameart.org/content/frieda-dog	node cong-cu/lay.mjs 2d-assets oga-frieda-dog
oga-fueloil-tank-pack	Fuel/oil tank Pack	OpenGameArt	CC0 1.0	2D	sci-fi,fuel,oil,fuel tank,Action,Modern,Sci-Fi,Warfare,Other,Static Mesh	sci-fi/oga-fueloil-tank-pack	https://opengameart.org/content/fueloil-tank-pack	node cong-cu/lay.mjs 2d-assets oga-fueloil-tank-pack
oga-futuristic-grenade	Futuristic Grenade	OpenGameArt	CC0 1.0	2D	sci-fi,fantasy,Friday Challenge,Espionage,grenade,weapon,explosive,future,Modern,bomb,Action,RPG,Modern,Sci-Fi	sci-fi/oga-futuristic-grenade	https://opengameart.org/content/futuristic-grenade	node cong-cu/lay.mjs 2d-assets oga-futuristic-grenade
oga-gate	Gate	OpenGameArt	CC0 1.0	2D	sci-fi,fantasy,modern-urban,tiles-terrain,building,tile,svg,RPG,Strategy,Fantasy,Sci-Fi,Warfare,Isometric,Map Tileset,Vector Art	sci-fi/oga-gate	https://opengameart.org/content/gate	node cong-cu/lay.mjs 2d-assets oga-gate
oga-genuine-sneeze-sound	Genuine Sneeze Sound	OpenGameArt	CC0 1.0	2D	sci-fi,fantasy,scream,sneeze,achoo,niesen,Action,Educational,Puzzle,RPG,Strategy,Fantasy,Historical,Kids	sci-fi/oga-genuine-sneeze-sound	https://opengameart.org/content/genuine-sneeze-sound	node cong-cu/lay.mjs 2d-assets oga-genuine-sneeze-sound
oga-get-equipped-8-bit-drum-loop	Get Equipped (8-bit drum loop)	OpenGameArt	CC0 1.0	2D	sci-fi,drums,tom,mega man,Weekly Challenge,Eight Bits,Action,Modern,Sci-Fi,Instrumental	sci-fi/oga-get-equipped-8-bit-drum-loop	https://opengameart.org/content/get-equipped-8-bit-drum-loop	node cong-cu/lay.mjs 2d-assets oga-get-equipped-8-bit-drum-loop
oga-ghost	Ghost	OpenGameArt	CC0 1.0	2D	sci-fi,fantasy,ghost,spooky,die,Ambient,scary,Action,RPG,Strategy,Fantasy,Sci-Fi,Warfare,Ambient	sci-fi/oga-ghost	https://opengameart.org/content/ghost	node cong-cu/lay.mjs 2d-assets oga-ghost
oga-ghost-breath	Ghost breath	OpenGameArt	CC0 1.0	2D	sci-fi,fantasy,ghost,undead,death,horror,scream,cast,spell,magic,gasp,Action,RPG,Fantasy	sci-fi/oga-ghost-breath	https://opengameart.org/content/ghost-breath	node cong-cu/lay.mjs 2d-assets oga-ghost-breath
oga-girl-and-beast-concept	Girl and Beast Concept	OpenGameArt	CC0 (theo 2d-assets, chua doi chieu ban goc)	2D	sci-fi,fantasy,characters,tribal,girl,beast,native,Action,RPG,Strategy,Fantasy,Sci-Fi,Warfare,Other,Character	sci-fi/oga-girl-and-beast-concept	https://opengameart.org/content/girl-and-beast-concept	node cong-cu/lay.mjs 2d-assets oga-girl-and-beast-concept
oga-gold-bar	Gold bar	OpenGameArt	CC0 1.0	2D	sci-fi,fantasy,gold,bar,money,loot,reward,bonus,power up,Action,Educational,Puzzle,RPG,Strategy	sci-fi/oga-gold-bar	https://opengameart.org/content/gold-bar	node cong-cu/lay.mjs 2d-assets oga-gold-bar
oga-golgotha-effects-textures-120mmbottomjpg	Golgotha Effects Textures: 120mm_bottom.jpg	OpenGameArt	CC0 1.0	2D	sci-fi,fantasy,Fantasy,Modern,Sci-Fi,Raster Art,Effects	sci-fi/oga-golgotha-effects-textures-120mmbottomjpg	https://opengameart.org/content/golgotha-effects-textures-120mmbottomjpg	node cong-cu/lay.mjs 2d-assets oga-golgotha-effects-textures-120mmbottomjpg
oga-golgotha-effects-textures-120mmtopjpg	Golgotha Effects Textures: 120mm_top.jpg	OpenGameArt	CC0 1.0	2D	sci-fi,fantasy,Fantasy,Modern,Sci-Fi,Raster Art,Effects	sci-fi/oga-golgotha-effects-textures-120mmtopjpg	https://opengameart.org/content/golgotha-effects-textures-120mmtopjpg	node cong-cu/lay.mjs 2d-assets oga-golgotha-effects-textures-120mmtopjpg
oga-golgotha-effects-textures-acid-frontjpg	Golgotha Effects Textures: acid-front.jpg	OpenGameArt	CC0 (theo 2d-assets, chua doi chieu ban goc)	2D	sci-fi,fantasy,Fantasy,Modern,Sci-Fi,Raster Art,Effects	sci-fi/oga-golgotha-effects-textures-acid-frontjpg	https://opengameart.org/content/golgotha-effects-textures-acid-frontjpg	node cong-cu/lay.mjs 2d-assets oga-golgotha-effects-textures-acid-frontjpg
oga-golgotha-effects-textures-acid-halfjpg	Golgotha Effects Textures: acid-half.jpg	OpenGameArt	CC0 1.0	2D	sci-fi,fantasy,Fantasy,Modern,Sci-Fi,Raster Art,Effects	sci-fi/oga-golgotha-effects-textures-acid-halfjpg	https://opengameart.org/content/golgotha-effects-textures-acid-halfjpg	node cong-cu/lay.mjs 2d-assets oga-golgotha-effects-textures-acid-halfjpg
oga-golgotha-effects-textures-acid-sidejpg	Golgotha Effects Textures: acid-side.jpg	OpenGameArt	CC0 1.0	2D	sci-fi,fantasy,Fantasy,Modern,Sci-Fi,Raster Art,Effects	sci-fi/oga-golgotha-effects-textures-acid-sidejpg	https://opengameart.org/content/golgotha-effects-textures-acid-sidejpg	node cong-cu/lay.mjs 2d-assets oga-golgotha-effects-textures-acid-sidejpg
oga-golgotha-effects-textures-acidjpg	Golgotha Effects Textures: acid.jpg	OpenGameArt	CC0 (theo 2d-assets, chua doi chieu ban goc)	2D	sci-fi,fantasy,Fantasy,Modern,Sci-Fi,Raster Art,Effects	sci-fi/oga-golgotha-effects-textures-acidjpg	https://opengameart.org/content/golgotha-effects-textures-acidjpg	node cong-cu/lay.mjs 2d-assets oga-golgotha-effects-textures-acidjpg
oga-golgotha-effects-textures-auto1-backjpg	Golgotha Effects Textures: auto1-back.jpg	OpenGameArt	CC0 (theo 2d-assets, chua doi chieu ban goc)	2D	sci-fi,fantasy,Fantasy,Modern,Sci-Fi,Raster Art,Effects	sci-fi/oga-golgotha-effects-textures-auto1-backjpg	https://opengameart.org/content/golgotha-effects-textures-auto1-backjpg	node cong-cu/lay.mjs 2d-assets oga-golgotha-effects-textures-auto1-backjpg
oga-golgotha-effects-textures-auto1jpg	Golgotha Effects Textures: auto1.jpg	OpenGameArt	CC0 1.0	2D	sci-fi,fantasy,Fantasy,Modern,Sci-Fi,Raster Art,Effects	sci-fi/oga-golgotha-effects-textures-auto1jpg	https://opengameart.org/content/golgotha-effects-textures-auto1jpg	node cong-cu/lay.mjs 2d-assets oga-golgotha-effects-textures-auto1jpg
oga-golgotha-effects-textures-auto2jpg	Golgotha Effects Textures: auto2.jpg	OpenGameArt	CC0 1.0	2D	sci-fi,fantasy,Fantasy,Modern,Sci-Fi,Raster Art,Effects	sci-fi/oga-golgotha-effects-textures-auto2jpg	https://opengameart.org/content/golgotha-effects-textures-auto2jpg	node cong-cu/lay.mjs 2d-assets oga-golgotha-effects-textures-auto2jpg
oga-golgotha-effects-textures-auto3jpg	Golgotha Effects Textures: auto3.jpg	OpenGameArt	CC0 1.0	2D	sci-fi,fantasy,Fantasy,Modern,Sci-Fi,Raster Art,Effects	sci-fi/oga-golgotha-effects-textures-auto3jpg	https://opengameart.org/content/golgotha-effects-textures-auto3jpg	node cong-cu/lay.mjs 2d-assets oga-golgotha-effects-textures-auto3jpg
oga-golgotha-effects-textures-autofireballjpg	Golgotha Effects Textures: auto_fireball.jpg	OpenGameArt	CC0 1.0	2D	sci-fi,fantasy,Fantasy,Modern,Sci-Fi,Raster Art,Effects	sci-fi/oga-golgotha-effects-textures-autofireballjpg	https://opengameart.org/content/golgotha-effects-textures-autofireballjpg	node cong-cu/lay.mjs 2d-assets oga-golgotha-effects-textures-autofireballjpg
oga-golgotha-effects-textures-balanceplates1jpg	Golgotha Effects Textures: balance_plates1.jpg	OpenGameArt	CC0 1.0	2D	sci-fi,fantasy,Fantasy,Modern,Sci-Fi,Raster Art,Effects	sci-fi/oga-golgotha-effects-textures-balanceplates1jpg	https://opengameart.org/content/golgotha-effects-textures-balanceplates1jpg	node cong-cu/lay.mjs 2d-assets oga-golgotha-effects-textures-balanceplates1jpg
oga-golgotha-effects-textures-blackhole1jpg	Golgotha Effects Textures: blackhole1.jpg	OpenGameArt	CC0 1.0	2D	sci-fi,fantasy,Fantasy,Modern,Sci-Fi,Raster Art,Effects	sci-fi/oga-golgotha-effects-textures-blackhole1jpg	https://opengameart.org/content/golgotha-effects-textures-blackhole1jpg	node cong-cu/lay.mjs 2d-assets oga-golgotha-effects-textures-blackhole1jpg
oga-golgotha-effects-textures-blackhole2jpg	Golgotha Effects Textures: blackhole2.jpg	OpenGameArt	CC0 (theo 2d-assets, chua doi chieu ban goc)	2D	sci-fi,fantasy,Fantasy,Modern,Sci-Fi,Raster Art,Effects	sci-fi/oga-golgotha-effects-textures-blackhole2jpg	https://opengameart.org/content/golgotha-effects-textures-blackhole2jpg	node cong-cu/lay.mjs 2d-assets oga-golgotha-effects-textures-blackhole2jpg
oga-golgotha-effects-textures-blackholejpg	Golgotha Effects Textures: blackhole.jpg	OpenGameArt	CC0 1.0	2D	sci-fi,fantasy,Fantasy,Modern,Sci-Fi,Raster Art,Effects	sci-fi/oga-golgotha-effects-textures-blackholejpg	https://opengameart.org/content/golgotha-effects-textures-blackholejpg	node cong-cu/lay.mjs 2d-assets oga-golgotha-effects-textures-blackholejpg
oga-golgotha-effects-textures-blueflarejpg	Golgotha Effects Textures: blue_flare.jpg	OpenGameArt	CC0 1.0	2D	sci-fi,fantasy,Fantasy,Modern,Sci-Fi,Raster Art,Effects	sci-fi/oga-golgotha-effects-textures-blueflarejpg	https://opengameart.org/content/golgotha-effects-textures-blueflarejpg	node cong-cu/lay.mjs 2d-assets oga-golgotha-effects-textures-blueflarejpg
oga-golgotha-effects-textures-bulletparticlejpg	Golgotha Effects Textures: bullet_particle.jpg	OpenGameArt	CC0 1.0	2D	sci-fi,fantasy,Fantasy,Modern,Sci-Fi,Raster Art,Effects	sci-fi/oga-golgotha-effects-textures-bulletparticlejpg	https://opengameart.org/content/golgotha-effects-textures-bulletparticlejpg	node cong-cu/lay.mjs 2d-assets oga-golgotha-effects-textures-bulletparticlejpg
oga-golgotha-effects-textures-bullettexturejpg	Golgotha Effects Textures: bullet_texture.jpg	OpenGameArt	CC0 1.0	2D	sci-fi,fantasy,Fantasy,Modern,Sci-Fi,Raster Art,Effects	sci-fi/oga-golgotha-effects-textures-bullettexturejpg	https://opengameart.org/content/golgotha-effects-textures-bullettexturejpg	node cong-cu/lay.mjs 2d-assets oga-golgotha-effects-textures-bullettexturejpg
oga-golgotha-effects-textures-evil3colorjpg	Golgotha Effects Textures: evil3_color.jpg	OpenGameArt	CC0 1.0	2D	sci-fi,fantasy,Fantasy,Modern,Sci-Fi,Raster Art,Effects	sci-fi/oga-golgotha-effects-textures-evil3colorjpg	https://opengameart.org/content/golgotha-effects-textures-evil3colorjpg	node cong-cu/lay.mjs 2d-assets oga-golgotha-effects-textures-evil3colorjpg
oga-golgotha-effects-textures-evil3jpg	Golgotha Effects Textures: evil3.jpg	OpenGameArt	CC0 (theo 2d-assets, chua doi chieu ban goc)	2D	sci-fi,fantasy,Fantasy,Modern,Sci-Fi,Raster Art,Effects	sci-fi/oga-golgotha-effects-textures-evil3jpg	https://opengameart.org/content/golgotha-effects-textures-evil3jpg	node cong-cu/lay.mjs 2d-assets oga-golgotha-effects-textures-evil3jpg
oga-golgotha-effects-textures-evil3smalljpg	Golgotha Effects Textures: evil3_small.jpg	OpenGameArt	CC0 (theo 2d-assets, chua doi chieu ban goc)	2D	sci-fi,fantasy,Fantasy,Modern,Sci-Fi,Raster Art,Effects	sci-fi/oga-golgotha-effects-textures-evil3smalljpg	https://opengameart.org/content/golgotha-effects-textures-evil3smalljpg	node cong-cu/lay.mjs 2d-assets oga-golgotha-effects-textures-evil3smalljpg
oga-golgotha-effects-textures-evil5jpg	Golgotha Effects Textures: evil5.jpg	OpenGameArt	CC0 1.0	2D	sci-fi,fantasy,Fantasy,Modern,Sci-Fi,Raster Art,Effects	sci-fi/oga-golgotha-effects-textures-evil5jpg	https://opengameart.org/content/golgotha-effects-textures-evil5jpg	node cong-cu/lay.mjs 2d-assets oga-golgotha-effects-textures-evil5jpg
oga-golgotha-effects-textures-evil6colorjpg	Golgotha Effects Textures: evil6_color.jpg	OpenGameArt	CC0 1.0	2D	sci-fi,fantasy,Fantasy,Modern,Sci-Fi,Raster Art,Effects	sci-fi/oga-golgotha-effects-textures-evil6colorjpg	https://opengameart.org/content/golgotha-effects-textures-evil6colorjpg	node cong-cu/lay.mjs 2d-assets oga-golgotha-effects-textures-evil6colorjpg
oga-golgotha-effects-textures-evil6jpg	Golgotha Effects Textures: evil6.jpg	OpenGameArt	CC0 1.0	2D	sci-fi,fantasy,Fantasy,Modern,Sci-Fi,Raster Art,Effects	sci-fi/oga-golgotha-effects-textures-evil6jpg	https://opengameart.org/content/golgotha-effects-textures-evil6jpg	node cong-cu/lay.mjs 2d-assets oga-golgotha-effects-textures-evil6jpg
oga-golgotha-effects-textures-explosions1jpg	Golgotha Effects Textures: explosions1.jpg	OpenGameArt	CC0 1.0	2D	sci-fi,fantasy,Fantasy,Modern,Sci-Fi,Raster Art,Effects	sci-fi/oga-golgotha-effects-textures-explosions1jpg	https://opengameart.org/content/golgotha-effects-textures-explosions1jpg	node cong-cu/lay.mjs 2d-assets oga-golgotha-effects-textures-explosions1jpg
oga-golgotha-effects-textures-explosions2jpg	Golgotha Effects Textures: explosions2.jpg	OpenGameArt	CC0 1.0	2D	sci-fi,fantasy,Fantasy,Modern,Sci-Fi,Raster Art,Effects	sci-fi/oga-golgotha-effects-textures-explosions2jpg	https://opengameart.org/content/golgotha-effects-textures-explosions2jpg	node cong-cu/lay.mjs 2d-assets oga-golgotha-effects-textures-explosions2jpg
oga-golgotha-effects-textures-explosions3jpg	Golgotha Effects Textures: explosions3.jpg	OpenGameArt	CC0 1.0	2D	sci-fi,fantasy,Fantasy,Modern,Sci-Fi,Raster Art,Effects	sci-fi/oga-golgotha-effects-textures-explosions3jpg	https://opengameart.org/content/golgotha-effects-textures-explosions3jpg	node cong-cu/lay.mjs 2d-assets oga-golgotha-effects-textures-explosions3jpg
oga-golgotha-effects-textures-explosions4jpg	Golgotha Effects Textures: explosions4.jpg	OpenGameArt	CC0 1.0	2D	sci-fi,fantasy,Fantasy,Modern,Sci-Fi,Raster Art,Effects	sci-fi/oga-golgotha-effects-textures-explosions4jpg	https://opengameart.org/content/golgotha-effects-textures-explosions4jpg	node cong-cu/lay.mjs 2d-assets oga-golgotha-effects-textures-explosions4jpg
oga-golgotha-effects-textures-fire2jpg	Golgotha Effects Textures: fire2.jpg	OpenGameArt	CC0 1.0	2D	sci-fi,fantasy,Fantasy,Modern,Sci-Fi,Raster Art,Effects	sci-fi/oga-golgotha-effects-textures-fire2jpg	https://opengameart.org/content/golgotha-effects-textures-fire2jpg	node cong-cu/lay.mjs 2d-assets oga-golgotha-effects-textures-fire2jpg
oga-golgotha-effects-textures-fire4jpg	Golgotha Effects Textures: fire4.jpg	OpenGameArt	CC0 1.0	2D	sci-fi,fantasy,Fantasy,Modern,Sci-Fi,Raster Art,Effects	sci-fi/oga-golgotha-effects-textures-fire4jpg	https://opengameart.org/content/golgotha-effects-textures-fire4jpg	node cong-cu/lay.mjs 2d-assets oga-golgotha-effects-textures-fire4jpg
oga-golgotha-effects-textures-fireball-bigjpg	Golgotha Effects Textures: fireball-big.jpg	OpenGameArt	CC0 1.0	2D	sci-fi,fantasy,Fantasy,Modern,Sci-Fi,Raster Art,Effects	sci-fi/oga-golgotha-effects-textures-fireball-bigjpg	https://opengameart.org/content/golgotha-effects-textures-fireball-bigjpg	node cong-cu/lay.mjs 2d-assets oga-golgotha-effects-textures-fireball-bigjpg
oga-golgotha-effects-textures-fireball-frontjpg	Golgotha Effects Textures: fireball-front.jpg	OpenGameArt	CC0 1.0	2D	sci-fi,fantasy,Fantasy,Modern,Sci-Fi,Raster Art,Effects	sci-fi/oga-golgotha-effects-textures-fireball-frontjpg	https://opengameart.org/content/golgotha-effects-textures-fireball-frontjpg	node cong-cu/lay.mjs 2d-assets oga-golgotha-effects-textures-fireball-frontjpg
oga-golgotha-effects-textures-fireball-sidejpg	Golgotha Effects Textures: fireball-side.jpg	OpenGameArt	CC0 1.0	2D	sci-fi,fantasy,Fantasy,Modern,Sci-Fi,Raster Art,Effects	sci-fi/oga-golgotha-effects-textures-fireball-sidejpg	https://opengameart.org/content/golgotha-effects-textures-fireball-sidejpg	node cong-cu/lay.mjs 2d-assets oga-golgotha-effects-textures-fireball-sidejpg
oga-golgotha-effects-textures-firegradientjpg	Golgotha Effects Textures: fire_gradient.jpg	OpenGameArt	CC0 (theo 2d-assets, chua doi chieu ban goc)	2D	sci-fi,fantasy,Fantasy,Modern,Sci-Fi,Raster Art,Effects	sci-fi/oga-golgotha-effects-textures-firegradientjpg	https://opengameart.org/content/golgotha-effects-textures-firegradientjpg	node cong-cu/lay.mjs 2d-assets oga-golgotha-effects-textures-firegradientjpg
oga-golgotha-effects-textures-firejpg	Golgotha Effects Textures: fire.jpg	OpenGameArt	CC0 1.0	2D	sci-fi,fantasy,Fantasy,Modern,Sci-Fi,Raster Art,Effects	sci-fi/oga-golgotha-effects-textures-firejpg	https://opengameart.org/content/golgotha-effects-textures-firejpg	node cong-cu/lay.mjs 2d-assets oga-golgotha-effects-textures-firejpg
oga-golgotha-effects-textures-flames1jpg	Golgotha Effects Textures: flames1.jpg	OpenGameArt	CC0 1.0	2D	sci-fi,fantasy,Fantasy,Modern,Sci-Fi,Raster Art,Effects	sci-fi/oga-golgotha-effects-textures-flames1jpg	https://opengameart.org/content/golgotha-effects-textures-flames1jpg	node cong-cu/lay.mjs 2d-assets oga-golgotha-effects-textures-flames1jpg
oga-golgotha-effects-textures-flames2jpg	Golgotha Effects Textures: flames2.jpg	OpenGameArt	CC0 1.0	2D	sci-fi,fantasy,Fantasy,Modern,Sci-Fi,Raster Art,Effects	sci-fi/oga-golgotha-effects-textures-flames2jpg	https://opengameart.org/content/golgotha-effects-textures-flames2jpg	node cong-cu/lay.mjs 2d-assets oga-golgotha-effects-textures-flames2jpg
oga-golgotha-effects-textures-flames3jpg	Golgotha Effects Textures: flames3.jpg	OpenGameArt	CC0 1.0	2D	sci-fi,fantasy,Fantasy,Modern,Sci-Fi,Raster Art,Effects	sci-fi/oga-golgotha-effects-textures-flames3jpg	https://opengameart.org/content/golgotha-effects-textures-flames3jpg	node cong-cu/lay.mjs 2d-assets oga-golgotha-effects-textures-flames3jpg
oga-golgotha-effects-textures-flames4jpg	Golgotha Effects Textures: flames4.jpg	OpenGameArt	CC0 1.0	2D	sci-fi,fantasy,Fantasy,Modern,Sci-Fi,Raster Art,Effects	sci-fi/oga-golgotha-effects-textures-flames4jpg	https://opengameart.org/content/golgotha-effects-textures-flames4jpg	node cong-cu/lay.mjs 2d-assets oga-golgotha-effects-textures-flames4jpg
oga-golgotha-effects-textures-flarebluejpg	Golgotha Effects Textures: flare_blue.jpg	OpenGameArt	CC0 1.0	2D	sci-fi,fantasy,Fantasy,Modern,Sci-Fi,Raster Art,Effects	sci-fi/oga-golgotha-effects-textures-flarebluejpg	https://opengameart.org/content/golgotha-effects-textures-flarebluejpg	node cong-cu/lay.mjs 2d-assets oga-golgotha-effects-textures-flarebluejpg
oga-golgotha-effects-textures-flareredjpg	Golgotha Effects Textures: flare_red.jpg	OpenGameArt	CC0 (theo 2d-assets, chua doi chieu ban goc)	2D	sci-fi,fantasy,Fantasy,Modern,Sci-Fi,Raster Art,Effects	sci-fi/oga-golgotha-effects-textures-flareredjpg	https://opengameart.org/content/golgotha-effects-textures-flareredjpg	node cong-cu/lay.mjs 2d-assets oga-golgotha-effects-textures-flareredjpg
oga-golgotha-effects-textures-flaretestjpg	Golgotha Effects Textures: flaretest.jpg	OpenGameArt	CC0 (theo 2d-assets, chua doi chieu ban goc)	2D	sci-fi,fantasy,Fantasy,Modern,Sci-Fi,Raster Art,Effects	sci-fi/oga-golgotha-effects-textures-flaretestjpg	https://opengameart.org/content/golgotha-effects-textures-flaretestjpg	node cong-cu/lay.mjs 2d-assets oga-golgotha-effects-textures-flaretestjpg
oga-golgotha-effects-textures-flaretestjpg-0	Golgotha Effects Textures: flare_test.jpg	OpenGameArt	CC0 1.0	2D	sci-fi,fantasy,Fantasy,Modern,Sci-Fi,Raster Art,Effects	sci-fi/oga-golgotha-effects-textures-flaretestjpg-0	https://opengameart.org/content/golgotha-effects-textures-flaretestjpg-0	node cong-cu/lay.mjs 2d-assets oga-golgotha-effects-textures-flaretestjpg-0
oga-golgotha-effects-textures-guntargetcursorjpg	Golgotha Effects Textures: gun_target_cursor.jpg	OpenGameArt	CC0 1.0	2D	sci-fi,fantasy,Fantasy,Modern,Sci-Fi,Raster Art,Effects	sci-fi/oga-golgotha-effects-textures-guntargetcursorjpg	https://opengameart.org/content/golgotha-effects-textures-guntargetcursorjpg	node cong-cu/lay.mjs 2d-assets oga-golgotha-effects-textures-guntargetcursorjpg
oga-golgotha-effects-textures-jcredballjpg	Golgotha Effects Textures: jc_red_ball.jpg	OpenGameArt	CC0 1.0	2D	sci-fi,fantasy,Fantasy,Modern,Sci-Fi,Raster Art,Effects	sci-fi/oga-golgotha-effects-textures-jcredballjpg	https://opengameart.org/content/golgotha-effects-textures-jcredballjpg	node cong-cu/lay.mjs 2d-assets oga-golgotha-effects-textures-jcredballjpg
oga-golgotha-effects-textures-laserboltjpg	Golgotha Effects Textures: laser_bolt.jpg	OpenGameArt	CC0 1.0	2D	sci-fi,fantasy,Fantasy,Modern,Sci-Fi,Raster Art,Effects	sci-fi/oga-golgotha-effects-textures-laserboltjpg	https://opengameart.org/content/golgotha-effects-textures-laserboltjpg	node cong-cu/lay.mjs 2d-assets oga-golgotha-effects-textures-laserboltjpg
oga-golgotha-effects-textures-lavafulljpg	Golgotha Effects Textures: lavafull.jpg	OpenGameArt	CC0 1.0	2D	sci-fi,fantasy,Fantasy,Modern,Sci-Fi,Raster Art,Effects	sci-fi/oga-golgotha-effects-textures-lavafulljpg	https://opengameart.org/content/golgotha-effects-textures-lavafulljpg	node cong-cu/lay.mjs 2d-assets oga-golgotha-effects-textures-lavafulljpg
oga-golgotha-effects-textures-lightjpg	Golgotha Effects Textures: light.jpg	OpenGameArt	CC0 1.0	2D	sci-fi,fantasy,Fantasy,Modern,Sci-Fi,Raster Art,Effects	sci-fi/oga-golgotha-effects-textures-lightjpg	https://opengameart.org/content/golgotha-effects-textures-lightjpg	node cong-cu/lay.mjs 2d-assets oga-golgotha-effects-textures-lightjpg
oga-golgotha-effects-textures-lightoldjpg	Golgotha Effects Textures: light_old.jpg	OpenGameArt	CC0 1.0	2D	sci-fi,fantasy,Fantasy,Modern,Sci-Fi,Raster Art,Effects	sci-fi/oga-golgotha-effects-textures-lightoldjpg	https://opengameart.org/content/golgotha-effects-textures-lightoldjpg	node cong-cu/lay.mjs 2d-assets oga-golgotha-effects-textures-lightoldjpg
oga-golgotha-effects-textures-lighttestjpg	Golgotha Effects Textures: light_test.jpg	OpenGameArt	CC0 1.0	2D	sci-fi,fantasy,Fantasy,Modern,Sci-Fi,Raster Art,Effects	sci-fi/oga-golgotha-effects-textures-lighttestjpg	https://opengameart.org/content/golgotha-effects-textures-lighttestjpg	node cong-cu/lay.mjs 2d-assets oga-golgotha-effects-textures-lighttestjpg
oga-golgotha-effects-textures-lilfire1jpg	Golgotha Effects Textures: lil_fire1.jpg	OpenGameArt	CC0 1.0	2D	sci-fi,fantasy,Fantasy,Modern,Sci-Fi,Raster Art,Effects	sci-fi/oga-golgotha-effects-textures-lilfire1jpg	https://opengameart.org/content/golgotha-effects-textures-lilfire1jpg	node cong-cu/lay.mjs 2d-assets oga-golgotha-effects-textures-lilfire1jpg
oga-golgotha-effects-textures-minigunround1jpg	Golgotha Effects Textures: minigun_round1.jpg	OpenGameArt	CC0 1.0	2D	sci-fi,fantasy,Fantasy,Modern,Sci-Fi,Raster Art,Effects	sci-fi/oga-golgotha-effects-textures-minigunround1jpg	https://opengameart.org/content/golgotha-effects-textures-minigunround1jpg	node cong-cu/lay.mjs 2d-assets oga-golgotha-effects-textures-minigunround1jpg
oga-golgotha-effects-textures-moonjpg	Golgotha Effects Textures: moon.jpg	OpenGameArt	CC0 1.0	2D	sci-fi,fantasy,Fantasy,Modern,Sci-Fi,Raster Art,Effects	sci-fi/oga-golgotha-effects-textures-moonjpg	https://opengameart.org/content/golgotha-effects-textures-moonjpg	node cong-cu/lay.mjs 2d-assets oga-golgotha-effects-textures-moonjpg
oga-golgotha-effects-textures-nuclearmissilebackjpg	Golgotha Effects Textures: nuclear_missile_back.jpg	OpenGameArt	CC0 1.0	2D	sci-fi,fantasy,Fantasy,Modern,Sci-Fi,Raster Art,Effects	sci-fi/oga-golgotha-effects-textures-nuclearmissilebackjpg	https://opengameart.org/content/golgotha-effects-textures-nuclearmissilebackjpg	node cong-cu/lay.mjs 2d-assets oga-golgotha-effects-textures-nuclearmissilebackjpg
oga-golgotha-effects-textures-plasmabolt2jpg	Golgotha Effects Textures: plasma_bolt2.jpg	OpenGameArt	CC0 1.0	2D	sci-fi,fantasy,Fantasy,Modern,Sci-Fi,Raster Art,Effects	sci-fi/oga-golgotha-effects-textures-plasmabolt2jpg	https://opengameart.org/content/golgotha-effects-textures-plasmabolt2jpg	node cong-cu/lay.mjs 2d-assets oga-golgotha-effects-textures-plasmabolt2jpg
oga-golgotha-effects-textures-plasmaboltjpg	Golgotha Effects Textures: plasma_bolt.jpg	OpenGameArt	CC0 1.0	2D	sci-fi,fantasy,Fantasy,Modern,Sci-Fi,Raster Art,Effects	sci-fi/oga-golgotha-effects-textures-plasmaboltjpg	https://opengameart.org/content/golgotha-effects-textures-plasmaboltjpg	node cong-cu/lay.mjs 2d-assets oga-golgotha-effects-textures-plasmaboltjpg
oga-golgotha-effects-textures-powerupflare3jpg	Golgotha Effects Textures: powerup_flare3.jpg	OpenGameArt	CC0 1.0	2D	sci-fi,fantasy,Fantasy,Modern,Sci-Fi,Raster Art,Effects	sci-fi/oga-golgotha-effects-textures-powerupflare3jpg	https://opengameart.org/content/golgotha-effects-textures-powerupflare3jpg	node cong-cu/lay.mjs 2d-assets oga-golgotha-effects-textures-powerupflare3jpg
oga-golgotha-effects-textures-powerupflareblue3jpg	Golgotha Effects Textures: powerup_flare_blue3.jpg	OpenGameArt	CC0 1.0	2D	sci-fi,fantasy,Fantasy,Modern,Sci-Fi,Raster Art,Effects	sci-fi/oga-golgotha-effects-textures-powerupflareblue3jpg	https://opengameart.org/content/golgotha-effects-textures-powerupflareblue3jpg	node cong-cu/lay.mjs 2d-assets oga-golgotha-effects-textures-powerupflareblue3jpg
oga-golgotha-effects-textures-poweruprainbow1jpg	Golgotha Effects Textures: powerup_rainbow1.jpg	OpenGameArt	CC0 (theo 2d-assets, chua doi chieu ban goc)	2D	sci-fi,fantasy,Fantasy,Modern,Sci-Fi,Raster Art,Effects	sci-fi/oga-golgotha-effects-textures-poweruprainbow1jpg	https://opengameart.org/content/golgotha-effects-textures-poweruprainbow1jpg	node cong-cu/lay.mjs 2d-assets oga-golgotha-effects-textures-poweruprainbow1jpg
oga-golgotha-effects-textures-poweruprainbow2jpg	Golgotha Effects Textures: powerup_rainbow2.jpg	OpenGameArt	CC0 1.0	2D	sci-fi,fantasy,Fantasy,Modern,Sci-Fi,Raster Art,Effects	sci-fi/oga-golgotha-effects-textures-poweruprainbow2jpg	https://opengameart.org/content/golgotha-effects-textures-poweruprainbow2jpg	node cong-cu/lay.mjs 2d-assets oga-golgotha-effects-textures-poweruprainbow2jpg
oga-golgotha-effects-textures-poweruprainbowjpg	Golgotha Effects Textures: powerup_rainbow.jpg	OpenGameArt	CC0 (theo 2d-assets, chua doi chieu ban goc)	2D	sci-fi,fantasy,Fantasy,Modern,Sci-Fi,Raster Art,Effects	sci-fi/oga-golgotha-effects-textures-poweruprainbowjpg	https://opengameart.org/content/golgotha-effects-textures-poweruprainbowjpg	node cong-cu/lay.mjs 2d-assets oga-golgotha-effects-textures-poweruprainbowjpg
oga-golgotha-effects-textures-redflarejpg	Golgotha Effects Textures: red_flare.jpg	OpenGameArt	CC0 1.0	2D	sci-fi,fantasy,Fantasy,Modern,Sci-Fi,Raster Art,Effects	sci-fi/oga-golgotha-effects-textures-redflarejpg	https://opengameart.org/content/golgotha-effects-textures-redflarejpg	node cong-cu/lay.mjs 2d-assets oga-golgotha-effects-textures-redflarejpg
oga-golgotha-effects-textures-redlaser1cross-sectionjpg	Golgotha Effects Textures: redlaser1_cross-section.jpg	OpenGameArt	CC0 1.0	2D	sci-fi,fantasy,Fantasy,Modern,Sci-Fi,Raster Art,Effects	sci-fi/oga-golgotha-effects-textures-redlaser1cross-sectionjpg	https://opengameart.org/content/golgotha-effects-textures-redlaser1cross-sectionjpg	node cong-cu/lay.mjs 2d-assets oga-golgotha-effects-textures-redlaser1cross-sectionjpg
oga-golgotha-effects-textures-redlaser1jpg	Golgotha Effects Textures: redlaser1.jpg	OpenGameArt	CC0 1.0	2D	sci-fi,fantasy,Fantasy,Modern,Sci-Fi,Raster Art,Effects	sci-fi/oga-golgotha-effects-textures-redlaser1jpg	https://opengameart.org/content/golgotha-effects-textures-redlaser1jpg	node cong-cu/lay.mjs 2d-assets oga-golgotha-effects-textures-redlaser1jpg
oga-golgotha-effects-textures-shieldsjpg	Golgotha Effects Textures: shields.jpg	OpenGameArt	CC0 1.0	2D	sci-fi,fantasy,Fantasy,Modern,Sci-Fi,Raster Art,Effects	sci-fi/oga-golgotha-effects-textures-shieldsjpg	https://opengameart.org/content/golgotha-effects-textures-shieldsjpg	node cong-cu/lay.mjs 2d-assets oga-golgotha-effects-textures-shieldsjpg
oga-golgotha-effects-textures-shockwave1jpg	Golgotha Effects Textures: shockwave1.jpg	OpenGameArt	CC0 (theo 2d-assets, chua doi chieu ban goc)	2D	sci-fi,fantasy,Fantasy,Modern,Sci-Fi,Raster Art,Effects	sci-fi/oga-golgotha-effects-textures-shockwave1jpg	https://opengameart.org/content/golgotha-effects-textures-shockwave1jpg	node cong-cu/lay.mjs 2d-assets oga-golgotha-effects-textures-shockwave1jpg
oga-golgotha-effects-textures-smokeparticlejpg	Golgotha Effects Textures: smoke_particle.jpg	OpenGameArt	CC0 1.0	2D	sci-fi,fantasy,Fantasy,Modern,Sci-Fi,Raster Art,Effects	sci-fi/oga-golgotha-effects-textures-smokeparticlejpg	https://opengameart.org/content/golgotha-effects-textures-smokeparticlejpg	node cong-cu/lay.mjs 2d-assets oga-golgotha-effects-textures-smokeparticlejpg
oga-golgotha-effects-textures-smokepuff1jpg	Golgotha Effects Textures: smoke_puff1.jpg	OpenGameArt	CC0 1.0	2D	sci-fi,fantasy,Fantasy,Modern,Sci-Fi,Raster Art,Effects	sci-fi/oga-golgotha-effects-textures-smokepuff1jpg	https://opengameart.org/content/golgotha-effects-textures-smokepuff1jpg	node cong-cu/lay.mjs 2d-assets oga-golgotha-effects-textures-smokepuff1jpg
oga-golgotha-effects-textures-smokepuff2jpg	Golgotha Effects Textures: smoke_puff2.jpg	OpenGameArt	CC0 1.0	2D	sci-fi,fantasy,Fantasy,Modern,Sci-Fi,Raster Art,Effects	sci-fi/oga-golgotha-effects-textures-smokepuff2jpg	https://opengameart.org/content/golgotha-effects-textures-smokepuff2jpg	node cong-cu/lay.mjs 2d-assets oga-golgotha-effects-textures-smokepuff2jpg
oga-golgotha-effects-textures-smokepuff3jpg	Golgotha Effects Textures: smoke_puff3.jpg	OpenGameArt	CC0 1.0	2D	sci-fi,fantasy,Fantasy,Modern,Sci-Fi,Raster Art,Effects	sci-fi/oga-golgotha-effects-textures-smokepuff3jpg	https://opengameart.org/content/golgotha-effects-textures-smokepuff3jpg	node cong-cu/lay.mjs 2d-assets oga-golgotha-effects-textures-smokepuff3jpg
oga-golgotha-effects-textures-smokepuff4jpg	Golgotha Effects Textures: smoke_puff4.jpg	OpenGameArt	CC0 1.0	2D	sci-fi,fantasy,Fantasy,Modern,Sci-Fi,Raster Art,Effects	sci-fi/oga-golgotha-effects-textures-smokepuff4jpg	https://opengameart.org/content/golgotha-effects-textures-smokepuff4jpg	node cong-cu/lay.mjs 2d-assets oga-golgotha-effects-textures-smokepuff4jpg
oga-golgotha-effects-textures-smokepuff5jpg	Golgotha Effects Textures: smoke_puff5.jpg	OpenGameArt	CC0 1.0	2D	sci-fi,fantasy,Fantasy,Modern,Sci-Fi,Raster Art,Effects	sci-fi/oga-golgotha-effects-textures-smokepuff5jpg	https://opengameart.org/content/golgotha-effects-textures-smokepuff5jpg	node cong-cu/lay.mjs 2d-assets oga-golgotha-effects-textures-smokepuff5jpg
oga-golgotha-effects-textures-smokeringjpg	Golgotha Effects Textures: smoke_ring.jpg	OpenGameArt	CC0 1.0	2D	sci-fi,fantasy,Fantasy,Modern,Sci-Fi,Raster Art,Effects	sci-fi/oga-golgotha-effects-textures-smokeringjpg	https://opengameart.org/content/golgotha-effects-textures-smokeringjpg	node cong-cu/lay.mjs 2d-assets oga-golgotha-effects-textures-smokeringjpg
oga-golgotha-effects-textures-swirlbrassjpg	Golgotha Effects Textures: swirlbrass.jpg	OpenGameArt	CC0 (theo 2d-assets, chua doi chieu ban goc)	2D	sci-fi,fantasy,Fantasy,Modern,Sci-Fi,Raster Art,Effects	sci-fi/oga-golgotha-effects-textures-swirlbrassjpg	https://opengameart.org/content/golgotha-effects-textures-swirlbrassjpg	node cong-cu/lay.mjs 2d-assets oga-golgotha-effects-textures-swirlbrassjpg
oga-golgotha-effects-textures-t2jpg	Golgotha Effects Textures: t2.jpg	OpenGameArt	CC0 1.0	2D	sci-fi,fantasy,Fantasy,Modern,Sci-Fi,Raster Art,Effects	sci-fi/oga-golgotha-effects-textures-t2jpg	https://opengameart.org/content/golgotha-effects-textures-t2jpg	node cong-cu/lay.mjs 2d-assets oga-golgotha-effects-textures-t2jpg
oga-golgotha-effects-textures-targetcursorjpg	Golgotha Effects Textures: target_cursor.jpg	OpenGameArt	CC0 1.0	2D	sci-fi,fantasy,Fantasy,Modern,Sci-Fi,Raster Art,Effects	sci-fi/oga-golgotha-effects-textures-targetcursorjpg	https://opengameart.org/content/golgotha-effects-textures-targetcursorjpg	node cong-cu/lay.mjs 2d-assets oga-golgotha-effects-textures-targetcursorjpg
oga-golgotha-effects-textures-teststaticjpg	Golgotha Effects Textures: test_static.jpg	OpenGameArt	CC0 1.0	2D	sci-fi,fantasy,Fantasy,Modern,Sci-Fi,Raster Art,Effects	sci-fi/oga-golgotha-effects-textures-teststaticjpg	https://opengameart.org/content/golgotha-effects-textures-teststaticjpg	node cong-cu/lay.mjs 2d-assets oga-golgotha-effects-textures-teststaticjpg
oga-golgotha-effects-textures-tubetexturejpg	Golgotha Effects Textures: tube_texture.jpg	OpenGameArt	CC0 1.0	2D	sci-fi,fantasy,Fantasy,Modern,Sci-Fi,Raster Art,Effects	sci-fi/oga-golgotha-effects-textures-tubetexturejpg	https://opengameart.org/content/golgotha-effects-textures-tubetexturejpg	node cong-cu/lay.mjs 2d-assets oga-golgotha-effects-textures-tubetexturejpg
oga-golgotha-effects-textures-verticalplasmajpg	Golgotha Effects Textures: vertical_plasma.jpg	OpenGameArt	CC0 1.0	2D	sci-fi,fantasy,Fantasy,Modern,Sci-Fi,Raster Art,Effects	sci-fi/oga-golgotha-effects-textures-verticalplasmajpg	https://opengameart.org/content/golgotha-effects-textures-verticalplasmajpg	node cong-cu/lay.mjs 2d-assets oga-golgotha-effects-textures-verticalplasmajpg
oga-golgotha-effects-textures-weaponflashfrontjpg	Golgotha Effects Textures: weapon_flash_front.jpg	OpenGameArt	CC0 1.0	2D	sci-fi,fantasy,Fantasy,Modern,Sci-Fi,Raster Art,Effects	sci-fi/oga-golgotha-effects-textures-weaponflashfrontjpg	https://opengameart.org/content/golgotha-effects-textures-weaponflashfrontjpg	node cong-cu/lay.mjs 2d-assets oga-golgotha-effects-textures-weaponflashfrontjpg
oga-golgotha-effects-textures-weaponflashjpg	Golgotha Effects Textures: weapon_flash.jpg	OpenGameArt	CC0 1.0	2D	sci-fi,fantasy,flash,Fantasy,Modern,Sci-Fi,Raster Art,Effects	sci-fi/oga-golgotha-effects-textures-weaponflashjpg	https://opengameart.org/content/golgotha-effects-textures-weaponflashjpg	node cong-cu/lay.mjs 2d-assets oga-golgotha-effects-textures-weaponflashjpg
oga-golgotha-effects-textures-yellowarm1jpg	Golgotha Effects Textures: yellowarm1.jpg	OpenGameArt	CC0 1.0	2D	sci-fi,fantasy,Fantasy,Modern,Sci-Fi,Raster Art,Effects	sci-fi/oga-golgotha-effects-textures-yellowarm1jpg	https://opengameart.org/content/golgotha-effects-textures-yellowarm1jpg	node cong-cu/lay.mjs 2d-assets oga-golgotha-effects-textures-yellowarm1jpg
oga-golgotha-effects-textures-yellowarm2jpg	Golgotha Effects Textures: yellowarm2.jpg	OpenGameArt	CC0 1.0	2D	sci-fi,fantasy,Fantasy,Modern,Sci-Fi,Raster Art,Effects	sci-fi/oga-golgotha-effects-textures-yellowarm2jpg	https://opengameart.org/content/golgotha-effects-textures-yellowarm2jpg	node cong-cu/lay.mjs 2d-assets oga-golgotha-effects-textures-yellowarm2jpg
oga-golgotha-effects-textures-yellowarm3jpg	Golgotha Effects Textures: yellowarm3.jpg	OpenGameArt	CC0 (theo 2d-assets, chua doi chieu ban goc)	2D	sci-fi,fantasy,Fantasy,Modern,Sci-Fi,Raster Art,Effects	sci-fi/oga-golgotha-effects-textures-yellowarm3jpg	https://opengameart.org/content/golgotha-effects-textures-yellowarm3jpg	node cong-cu/lay.mjs 2d-assets oga-golgotha-effects-textures-yellowarm3jpg
oga-golgotha-textures	Golgotha Textures	OpenGameArt	CC0 1.0	2D	sci-fi,fantasy,Fantasy,Modern,Sci-Fi,Raster Art	sci-fi/oga-golgotha-textures	https://opengameart.org/content/golgotha-textures	node cong-cu/lay.mjs 2d-assets oga-golgotha-textures
oga-golgotha-textures-2sphinxneckmaintopjpg	Golgotha Textures: 2sphinxneckmaintop.jpg	OpenGameArt	CC0 1.0	2D	sci-fi,fantasy,Fantasy,Modern,Sci-Fi,Raster Art	sci-fi/oga-golgotha-textures-2sphinxneckmaintopjpg	https://opengameart.org/content/golgotha-textures-2sphinxneckmaintopjpg	node cong-cu/lay.mjs 2d-assets oga-golgotha-textures-2sphinxneckmaintopjpg
oga-golgotha-textures-5sqtunnelceildarkjpg	Golgotha Textures: 5sqtunnelceildark.jpg	OpenGameArt	CC0 1.0	2D	sci-fi,fantasy,Fantasy,Modern,Sci-Fi,Raster Art	sci-fi/oga-golgotha-textures-5sqtunnelceildarkjpg	https://opengameart.org/content/golgotha-textures-5sqtunnelceildarkjpg	node cong-cu/lay.mjs 2d-assets oga-golgotha-textures-5sqtunnelceildarkjpg
oga-golgotha-textures-5sqtunnelceiljpg	Golgotha Textures: 5sqtunnelceil.jpg	OpenGameArt	CC0 1.0	2D	sci-fi,fantasy,Fantasy,Modern,Sci-Fi,Raster Art	sci-fi/oga-golgotha-textures-5sqtunnelceiljpg	https://opengameart.org/content/golgotha-textures-5sqtunnelceiljpg	node cong-cu/lay.mjs 2d-assets oga-golgotha-textures-5sqtunnelceiljpg
oga-golgotha-textures-5sqtunnelceilmergejpg	Golgotha Textures: 5sqtunnelceilmerge.jpg	OpenGameArt	CC0 1.0	2D	sci-fi,fantasy,Fantasy,Modern,Sci-Fi,Raster Art	sci-fi/oga-golgotha-textures-5sqtunnelceilmergejpg	https://opengameart.org/content/golgotha-textures-5sqtunnelceilmergejpg	node cong-cu/lay.mjs 2d-assets oga-golgotha-textures-5sqtunnelceilmergejpg
oga-golgotha-textures-5sqtunnelroaddark2jpg	Golgotha Textures: 5sqtunnelroaddark2.jpg	OpenGameArt	CC0 1.0	2D	sci-fi,fantasy,Fantasy,Modern,Sci-Fi,Raster Art	sci-fi/oga-golgotha-textures-5sqtunnelroaddark2jpg	https://opengameart.org/content/golgotha-textures-5sqtunnelroaddark2jpg	node cong-cu/lay.mjs 2d-assets oga-golgotha-textures-5sqtunnelroaddark2jpg
oga-golgotha-textures-5sqtunnelroaddarkjpg	Golgotha Textures: 5sqtunnelroaddark.jpg	OpenGameArt	CC0 1.0	2D	sci-fi,fantasy,Fantasy,Modern,Sci-Fi,Raster Art	sci-fi/oga-golgotha-textures-5sqtunnelroaddarkjpg	https://opengameart.org/content/golgotha-textures-5sqtunnelroaddarkjpg	node cong-cu/lay.mjs 2d-assets oga-golgotha-textures-5sqtunnelroaddarkjpg
oga-golgotha-textures-5sqtunnelroadjpg	Golgotha Textures: 5sqtunnelroad.jpg	OpenGameArt	CC0 1.0	2D	sci-fi,fantasy,Fantasy,Modern,Sci-Fi,Raster Art	sci-fi/oga-golgotha-textures-5sqtunnelroadjpg	https://opengameart.org/content/golgotha-textures-5sqtunnelroadjpg	node cong-cu/lay.mjs 2d-assets oga-golgotha-textures-5sqtunnelroadjpg
oga-golgotha-textures-aastopwindow2longjpg	Golgotha Textures: aastopwindow2long.jpg	OpenGameArt	CC0 1.0	2D	sci-fi,fantasy,Fantasy,Modern,Sci-Fi,Raster Art	sci-fi/oga-golgotha-textures-aastopwindow2longjpg	https://opengameart.org/content/golgotha-textures-aastopwindow2longjpg	node cong-cu/lay.mjs 2d-assets oga-golgotha-textures-aastopwindow2longjpg
oga-golgotha-textures-aastopwindow4longjpg	Golgotha Textures: aastopwindow4long.jpg	OpenGameArt	CC0 1.0	2D	sci-fi,fantasy,Fantasy,Modern,Sci-Fi,Raster Art	sci-fi/oga-golgotha-textures-aastopwindow4longjpg	https://opengameart.org/content/golgotha-textures-aastopwindow4longjpg	node cong-cu/lay.mjs 2d-assets oga-golgotha-textures-aastopwindow4longjpg
oga-golgotha-textures-airbaseradarpanelsjpg	Golgotha Textures: airbase_radar_panels.jpg	OpenGameArt	CC0 1.0	2D	sci-fi,fantasy,Fantasy,Modern,Sci-Fi,Raster Art	sci-fi/oga-golgotha-textures-airbaseradarpanelsjpg	https://opengameart.org/content/golgotha-textures-airbaseradarpanelsjpg	node cong-cu/lay.mjs 2d-assets oga-golgotha-textures-airbaseradarpanelsjpg
oga-golgotha-textures-aliencrust2jpg	Golgotha Textures: alien_crust2.jpg	OpenGameArt	CC0 1.0	2D	sci-fi,fantasy,Fantasy,Modern,Sci-Fi,Raster Art	sci-fi/oga-golgotha-textures-aliencrust2jpg	https://opengameart.org/content/golgotha-textures-aliencrust2jpg	node cong-cu/lay.mjs 2d-assets oga-golgotha-textures-aliencrust2jpg
oga-golgotha-textures-armbottomsidetgajpg	Golgotha Textures: armbottomsidetga.jpg	OpenGameArt	CC0 1.0	2D	sci-fi,fantasy,Fantasy,Modern,Sci-Fi,Raster Art	sci-fi/oga-golgotha-textures-armbottomsidetgajpg	https://opengameart.org/content/golgotha-textures-armbottomsidetgajpg	node cong-cu/lay.mjs 2d-assets oga-golgotha-textures-armbottomsidetgajpg
oga-golgotha-textures-armorbuildingplatesjpg	Golgotha Textures: armor_building_plates.jpg	OpenGameArt	CC0 1.0	2D	sci-fi,fantasy,Fantasy,Modern,Sci-Fi,Raster Art	sci-fi/oga-golgotha-textures-armorbuildingplatesjpg	https://opengameart.org/content/golgotha-textures-armorbuildingplatesjpg	node cong-cu/lay.mjs 2d-assets oga-golgotha-textures-armorbuildingplatesjpg
oga-golgotha-textures-armorplate1jpg	Golgotha Textures: armorplate1.jpg	OpenGameArt	CC0 1.0	2D	sci-fi,fantasy,Fantasy,Modern,Sci-Fi,Raster Art	sci-fi/oga-golgotha-textures-armorplate1jpg	https://opengameart.org/content/golgotha-textures-armorplate1jpg	node cong-cu/lay.mjs 2d-assets oga-golgotha-textures-armorplate1jpg
oga-golgotha-textures-balancescales1jpg	Golgotha Textures: balance_scales1.jpg	OpenGameArt	CC0 1.0	2D	sci-fi,fantasy,Fantasy,Modern,Sci-Fi,Raster Art	sci-fi/oga-golgotha-textures-balancescales1jpg	https://opengameart.org/content/golgotha-textures-balancescales1jpg	node cong-cu/lay.mjs 2d-assets oga-golgotha-textures-balancescales1jpg
oga-golgotha-textures-balancescales2jpg	Golgotha Textures: balance_scales2.jpg	OpenGameArt	CC0 (theo 2d-assets, chua doi chieu ban goc)	2D	sci-fi,fantasy,Fantasy,Modern,Sci-Fi,Raster Art	sci-fi/oga-golgotha-textures-balancescales2jpg	https://opengameart.org/content/golgotha-textures-balancescales2jpg	node cong-cu/lay.mjs 2d-assets oga-golgotha-textures-balancescales2jpg
oga-golgotha-textures-bombermetal1bjpg	Golgotha Textures: bomber_metal1b.jpg	OpenGameArt	CC0 (theo 2d-assets, chua doi chieu ban goc)	2D	sci-fi,fantasy,Fantasy,Modern,Sci-Fi,Raster Art	sci-fi/oga-golgotha-textures-bombermetal1bjpg	https://opengameart.org/content/golgotha-textures-bombermetal1bjpg	node cong-cu/lay.mjs 2d-assets oga-golgotha-textures-bombermetal1bjpg
oga-golgotha-textures-bombermetal1jpg	Golgotha Textures: bomber_metal1.jpg	OpenGameArt	CC0 1.0	2D	sci-fi,fantasy,Fantasy,Modern,Sci-Fi,Raster Art	sci-fi/oga-golgotha-textures-bombermetal1jpg	https://opengameart.org/content/golgotha-textures-bombermetal1jpg	node cong-cu/lay.mjs 2d-assets oga-golgotha-textures-bombermetal1jpg
oga-golgotha-textures-bombtruckhubsjpg	Golgotha Textures: bombtruck_hubs.jpg	OpenGameArt	CC0 1.0	2D	sci-fi,fantasy,Fantasy,Modern,Sci-Fi,Raster Art	sci-fi/oga-golgotha-textures-bombtruckhubsjpg	https://opengameart.org/content/golgotha-textures-bombtruckhubsjpg	node cong-cu/lay.mjs 2d-assets oga-golgotha-textures-bombtruckhubsjpg
oga-golgotha-textures-brideunderjpg	Golgotha Textures: brideunder.jpg	OpenGameArt	CC0 (theo 2d-assets, chua doi chieu ban goc)	2D	sci-fi,fantasy,Fantasy,Modern,Sci-Fi,Raster Art	sci-fi/oga-golgotha-textures-brideunderjpg	https://opengameart.org/content/golgotha-textures-brideunderjpg	node cong-cu/lay.mjs 2d-assets oga-golgotha-textures-brideunderjpg
oga-golgotha-textures-bridge1roadfulljpg	Golgotha Textures: bridge1roadfull.jpg	OpenGameArt	CC0 1.0	2D	sci-fi,fantasy,Fantasy,Modern,Sci-Fi,Raster Art	sci-fi/oga-golgotha-textures-bridge1roadfulljpg	https://opengameart.org/content/golgotha-textures-bridge1roadfulljpg	node cong-cu/lay.mjs 2d-assets oga-golgotha-textures-bridge1roadfulljpg
oga-golgotha-textures-bridgebigbeamjpg	Golgotha Textures: bridgebigbeam.jpg	OpenGameArt	CC0 1.0	2D	sci-fi,fantasy,Fantasy,Modern,Sci-Fi,Raster Art	sci-fi/oga-golgotha-textures-bridgebigbeamjpg	https://opengameart.org/content/golgotha-textures-bridgebigbeamjpg	node cong-cu/lay.mjs 2d-assets oga-golgotha-textures-bridgebigbeamjpg
oga-golgotha-textures-brushedbarrel2jpg	Golgotha Textures: brushedbarrel2.jpg	OpenGameArt	CC0 1.0	2D	sci-fi,fantasy,Fantasy,Modern,Sci-Fi,Raster Art	sci-fi/oga-golgotha-textures-brushedbarrel2jpg	https://opengameart.org/content/golgotha-textures-brushedbarrel2jpg	node cong-cu/lay.mjs 2d-assets oga-golgotha-textures-brushedbarrel2jpg
oga-golgotha-textures-brushedbarreljpg	Golgotha Textures: brushedbarrel.jpg	OpenGameArt	CC0 1.0	2D	sci-fi,fantasy,Fantasy,Modern,Sci-Fi,Raster Art	sci-fi/oga-golgotha-textures-brushedbarreljpg	https://opengameart.org/content/golgotha-textures-brushedbarreljpg	node cong-cu/lay.mjs 2d-assets oga-golgotha-textures-brushedbarreljpg
oga-golgotha-textures-buldfactorycolumn1jpg	Golgotha Textures: buldfactorycolumn1.jpg	OpenGameArt	CC0 1.0	2D	sci-fi,fantasy,Fantasy,Modern,Sci-Fi,Raster Art	sci-fi/oga-golgotha-textures-buldfactorycolumn1jpg	https://opengameart.org/content/golgotha-textures-buldfactorycolumn1jpg	node cong-cu/lay.mjs 2d-assets oga-golgotha-textures-buldfactorycolumn1jpg
oga-golgotha-textures-buldiron2jpg	Golgotha Textures: buldiron2.jpg	OpenGameArt	CC0 1.0	2D	sci-fi,fantasy,Fantasy,Modern,Sci-Fi,Raster Art	sci-fi/oga-golgotha-textures-buldiron2jpg	https://opengameart.org/content/golgotha-textures-buldiron2jpg	node cong-cu/lay.mjs 2d-assets oga-golgotha-textures-buldiron2jpg
oga-golgotha-textures-buldiron3jpg	Golgotha Textures: buldiron3.jpg	OpenGameArt	CC0 1.0	2D	sci-fi,fantasy,Fantasy,Modern,Sci-Fi,Raster Art	sci-fi/oga-golgotha-textures-buldiron3jpg	https://opengameart.org/content/golgotha-textures-buldiron3jpg	node cong-cu/lay.mjs 2d-assets oga-golgotha-textures-buldiron3jpg
oga-golgotha-textures-buldrockroofjpg	Golgotha Textures: buldrockroof.jpg	OpenGameArt	CC0 1.0	2D	sci-fi,fantasy,Fantasy,Modern,Sci-Fi,Raster Art	sci-fi/oga-golgotha-textures-buldrockroofjpg	https://opengameart.org/content/golgotha-textures-buldrockroofjpg	node cong-cu/lay.mjs 2d-assets oga-golgotha-textures-buldrockroofjpg
oga-golgotha-textures-buldwarehouseroofjpg	Golgotha Textures: buldwarehouseroof.jpg	OpenGameArt	CC0 1.0	2D	sci-fi,fantasy,Fantasy,Modern,Sci-Fi,Raster Art	sci-fi/oga-golgotha-textures-buldwarehouseroofjpg	https://opengameart.org/content/golgotha-textures-buldwarehouseroofjpg	node cong-cu/lay.mjs 2d-assets oga-golgotha-textures-buldwarehouseroofjpg
oga-golgotha-textures-cabinchimneyside-backupjpg	Golgotha Textures: cabin_chimney_side-backup.jpg	OpenGameArt	CC0 1.0	2D	sci-fi,fantasy,Fantasy,Modern,Sci-Fi,Raster Art	sci-fi/oga-golgotha-textures-cabinchimneyside-backupjpg	https://opengameart.org/content/golgotha-textures-cabinchimneyside-backupjpg	node cong-cu/lay.mjs 2d-assets oga-golgotha-textures-cabinchimneyside-backupjpg
oga-golgotha-textures-cabinchimneysidejpg	Golgotha Textures: cabin_chimney_side.jpg	OpenGameArt	CC0 (theo 2d-assets, chua doi chieu ban goc)	2D	sci-fi,fantasy,Fantasy,Modern,Sci-Fi,Raster Art	sci-fi/oga-golgotha-textures-cabinchimneysidejpg	https://opengameart.org/content/golgotha-textures-cabinchimneysidejpg	node cong-cu/lay.mjs 2d-assets oga-golgotha-textures-cabinchimneysidejpg
oga-golgotha-textures-cameralenscasingjpg	Golgotha Textures: camera_lens_casing.jpg	OpenGameArt	CC0 1.0	2D	sci-fi,fantasy,Fantasy,Modern,Sci-Fi,Raster Art	sci-fi/oga-golgotha-textures-cameralenscasingjpg	https://opengameart.org/content/golgotha-textures-cameralenscasingjpg	node cong-cu/lay.mjs 2d-assets oga-golgotha-textures-cameralenscasingjpg
oga-golgotha-textures-carriertopsidetopjpg	Golgotha Textures: carriertopsidetop.jpg	OpenGameArt	CC0 1.0	2D	sci-fi,fantasy,Fantasy,Modern,Sci-Fi,Raster Art	sci-fi/oga-golgotha-textures-carriertopsidetopjpg	https://opengameart.org/content/golgotha-textures-carriertopsidetopjpg	node cong-cu/lay.mjs 2d-assets oga-golgotha-textures-carriertopsidetopjpg
oga-golgotha-textures-castlewallslongjpg	Golgotha Textures: castle_walls_long.jpg	OpenGameArt	CC0 1.0	2D	sci-fi,fantasy,Fantasy,Modern,Sci-Fi,Raster Art	sci-fi/oga-golgotha-textures-castlewallslongjpg	https://opengameart.org/content/golgotha-textures-castlewallslongjpg	node cong-cu/lay.mjs 2d-assets oga-golgotha-textures-castlewallslongjpg
oga-golgotha-textures-castlewallsshortjpg	Golgotha Textures: castle_walls_short.jpg	OpenGameArt	CC0 1.0	2D	sci-fi,fantasy,Fantasy,Modern,Sci-Fi,Raster Art	sci-fi/oga-golgotha-textures-castlewallsshortjpg	https://opengameart.org/content/golgotha-textures-castlewallsshortjpg	node cong-cu/lay.mjs 2d-assets oga-golgotha-textures-castlewallsshortjpg
oga-golgotha-textures-castlewallstalljpg	Golgotha Textures: castle_walls_tall.jpg	OpenGameArt	CC0 (theo 2d-assets, chua doi chieu ban goc)	2D	sci-fi,fantasy,Fantasy,Modern,Sci-Fi,Raster Art	sci-fi/oga-golgotha-textures-castlewallstalljpg	https://opengameart.org/content/golgotha-textures-castlewallstalljpg	node cong-cu/lay.mjs 2d-assets oga-golgotha-textures-castlewallstalljpg
oga-golgotha-textures-charredvehiclejpg	Golgotha Textures: charredvehicle.jpg	OpenGameArt	CC0 1.0	2D	sci-fi,fantasy,Fantasy,Modern,Sci-Fi,Raster Art	sci-fi/oga-golgotha-textures-charredvehiclejpg	https://opengameart.org/content/golgotha-textures-charredvehiclejpg	node cong-cu/lay.mjs 2d-assets oga-golgotha-textures-charredvehiclejpg
oga-golgotha-textures-cobblestilelarge512jpg	Golgotha Textures: cobblestilelarge512.jpg	OpenGameArt	CC0 (theo 2d-assets, chua doi chieu ban goc)	2D	sci-fi,fantasy,Fantasy,Modern,Sci-Fi,Raster Art	sci-fi/oga-golgotha-textures-cobblestilelarge512jpg	https://opengameart.org/content/golgotha-textures-cobblestilelarge512jpg	node cong-cu/lay.mjs 2d-assets oga-golgotha-textures-cobblestilelarge512jpg
oga-golgotha-textures-cobramainbarrel2jpg	Golgotha Textures: cobra_mainbarrel2.jpg	OpenGameArt	CC0 1.0	2D	sci-fi,fantasy,Fantasy,Modern,Sci-Fi,Raster Art	sci-fi/oga-golgotha-textures-cobramainbarrel2jpg	https://opengameart.org/content/golgotha-textures-cobramainbarrel2jpg	node cong-cu/lay.mjs 2d-assets oga-golgotha-textures-cobramainbarrel2jpg
oga-golgotha-textures-cobramainbarreljpg	Golgotha Textures: cobra_mainbarrel.jpg	OpenGameArt	CC0 1.0	2D	sci-fi,fantasy,Fantasy,Modern,Sci-Fi,Raster Art	sci-fi/oga-golgotha-textures-cobramainbarreljpg	https://opengameart.org/content/golgotha-textures-cobramainbarreljpg	node cong-cu/lay.mjs 2d-assets oga-golgotha-textures-cobramainbarreljpg
oga-golgotha-textures-cobramainbarrelsidesjpg	Golgotha Textures: cobra_mainbarrel_sides.jpg	OpenGameArt	CC0 1.0	2D	sci-fi,fantasy,Fantasy,Modern,Sci-Fi,Raster Art	sci-fi/oga-golgotha-textures-cobramainbarrelsidesjpg	https://opengameart.org/content/golgotha-textures-cobramainbarrelsidesjpg	node cong-cu/lay.mjs 2d-assets oga-golgotha-textures-cobramainbarrelsidesjpg
oga-golgotha-textures-cobraventslong-backupjpg	Golgotha Textures: cobra_vents_long-backup.jpg	OpenGameArt	CC0 1.0	2D	sci-fi,fantasy,Fantasy,Modern,Sci-Fi,Raster Art	sci-fi/oga-golgotha-textures-cobraventslong-backupjpg	https://opengameart.org/content/golgotha-textures-cobraventslong-backupjpg	node cong-cu/lay.mjs 2d-assets oga-golgotha-textures-cobraventslong-backupjpg
oga-golgotha-textures-cobraventslongjpg	Golgotha Textures: cobra_vents_long.jpg	OpenGameArt	CC0 1.0	2D	sci-fi,fantasy,Fantasy,Modern,Sci-Fi,Raster Art	sci-fi/oga-golgotha-textures-cobraventslongjpg	https://opengameart.org/content/golgotha-textures-cobraventslongjpg	node cong-cu/lay.mjs 2d-assets oga-golgotha-textures-cobraventslongjpg
oga-golgotha-textures-craproof1jpg	Golgotha Textures: craproof1.jpg	OpenGameArt	CC0 1.0	2D	sci-fi,fantasy,Fantasy,Modern,Sci-Fi,Raster Art	sci-fi/oga-golgotha-textures-craproof1jpg	https://opengameart.org/content/golgotha-textures-craproof1jpg	node cong-cu/lay.mjs 2d-assets oga-golgotha-textures-craproof1jpg
oga-golgotha-textures-craproof2jpg	Golgotha Textures: craproof2.jpg	OpenGameArt	CC0 (theo 2d-assets, chua doi chieu ban goc)	2D	sci-fi,fantasy,Fantasy,Modern,Sci-Fi,Raster Art	sci-fi/oga-golgotha-textures-craproof2jpg	https://opengameart.org/content/golgotha-textures-craproof2jpg	node cong-cu/lay.mjs 2d-assets oga-golgotha-textures-craproof2jpg
oga-golgotha-textures-crombricksewidesmlerjpg	Golgotha Textures: crombricksewidesmler.jpg	OpenGameArt	CC0 1.0	2D	sci-fi,fantasy,Fantasy,Modern,Sci-Fi,Raster Art	sci-fi/oga-golgotha-textures-crombricksewidesmlerjpg	https://opengameart.org/content/golgotha-textures-crombricksewidesmlerjpg	node cong-cu/lay.mjs 2d-assets oga-golgotha-textures-crombricksewidesmlerjpg
oga-golgotha-textures-crombricksewidesmljpg	Golgotha Textures: crombricksewidesml.jpg	OpenGameArt	CC0 1.0	2D	sci-fi,fantasy,Fantasy,Modern,Sci-Fi,Raster Art	sci-fi/oga-golgotha-textures-crombricksewidesmljpg	https://opengameart.org/content/golgotha-textures-crombricksewidesmljpg	node cong-cu/lay.mjs 2d-assets oga-golgotha-textures-crombricksewidesmljpg
oga-golgotha-textures-cromecementpanelsmljpg	Golgotha Textures: cromecementpanelsml.jpg	OpenGameArt	CC0 1.0	2D	sci-fi,fantasy,Fantasy,Modern,Sci-Fi,Raster Art	sci-fi/oga-golgotha-textures-cromecementpanelsmljpg	https://opengameart.org/content/golgotha-textures-cromecementpanelsmljpg	node cong-cu/lay.mjs 2d-assets oga-golgotha-textures-cromecementpanelsmljpg
oga-golgotha-textures-cromecemtpanlroofleftjpg	Golgotha Textures: cromecemtpanlroofleft.jpg	OpenGameArt	CC0 1.0	2D	sci-fi,fantasy,Fantasy,Modern,Sci-Fi,Raster Art	sci-fi/oga-golgotha-textures-cromecemtpanlroofleftjpg	https://opengameart.org/content/golgotha-textures-cromecemtpanlroofleftjpg	node cong-cu/lay.mjs 2d-assets oga-golgotha-textures-cromecemtpanlroofleftjpg
oga-golgotha-textures-cromecemtpanlroofmidjpg	Golgotha Textures: cromecemtpanlroofmid.jpg	OpenGameArt	CC0 1.0	2D	sci-fi,fantasy,Fantasy,Modern,Sci-Fi,Raster Art	sci-fi/oga-golgotha-textures-cromecemtpanlroofmidjpg	https://opengameart.org/content/golgotha-textures-cromecemtpanlroofmidjpg	node cong-cu/lay.mjs 2d-assets oga-golgotha-textures-cromecemtpanlroofmidjpg
oga-golgotha-textures-cromecemtwlkjpg	Golgotha Textures: cromecemtwlk.jpg	OpenGameArt	CC0 1.0	2D	sci-fi,fantasy,Fantasy,Modern,Sci-Fi,Raster Art	sci-fi/oga-golgotha-textures-cromecemtwlkjpg	https://opengameart.org/content/golgotha-textures-cromecemtwlkjpg	node cong-cu/lay.mjs 2d-assets oga-golgotha-textures-cromecemtwlkjpg
oga-golgotha-textures-cromejpg	Golgotha Textures: crome.jpg	OpenGameArt	CC0 1.0	2D	sci-fi,fantasy,Fantasy,Modern,Sci-Fi,Raster Art	sci-fi/oga-golgotha-textures-cromejpg	https://opengameart.org/content/golgotha-textures-cromejpg	node cong-cu/lay.mjs 2d-assets oga-golgotha-textures-cromejpg
oga-golgotha-textures-cromfactoryrooflarge2bjpg	Golgotha Textures: cromfactoryrooflarge2b.jpg	OpenGameArt	CC0 (theo 2d-assets, chua doi chieu ban goc)	2D	sci-fi,fantasy,Fantasy,Modern,Sci-Fi,Raster Art	sci-fi/oga-golgotha-textures-cromfactoryrooflarge2bjpg	https://opengameart.org/content/golgotha-textures-cromfactoryrooflarge2bjpg	node cong-cu/lay.mjs 2d-assets oga-golgotha-textures-cromfactoryrooflarge2bjpg
oga-golgotha-textures-cromfactoryroofsmall2bjpg	Golgotha Textures: cromfactoryroofsmall2b.jpg	OpenGameArt	CC0 1.0	2D	sci-fi,fantasy,Fantasy,Modern,Sci-Fi,Raster Art	sci-fi/oga-golgotha-textures-cromfactoryroofsmall2bjpg	https://opengameart.org/content/golgotha-textures-cromfactoryroofsmall2bjpg	node cong-cu/lay.mjs 2d-assets oga-golgotha-textures-cromfactoryroofsmall2bjpg
oga-golgotha-textures-cromfactoryroofsmall2jpg	Golgotha Textures: cromfactoryroofsmall2.jpg	OpenGameArt	CC0 1.0	2D	sci-fi,fantasy,Fantasy,Modern,Sci-Fi,Raster Art	sci-fi/oga-golgotha-textures-cromfactoryroofsmall2jpg	https://opengameart.org/content/golgotha-textures-cromfactoryroofsmall2jpg	node cong-cu/lay.mjs 2d-assets oga-golgotha-textures-cromfactoryroofsmall2jpg
oga-golgotha-textures-cromsignpolejpg	Golgotha Textures: cromsignpole.jpg	OpenGameArt	CC0 1.0	2D	sci-fi,fantasy,Fantasy,Modern,Sci-Fi,Raster Art	sci-fi/oga-golgotha-textures-cromsignpolejpg	https://opengameart.org/content/golgotha-textures-cromsignpolejpg	node cong-cu/lay.mjs 2d-assets oga-golgotha-textures-cromsignpolejpg
oga-golgotha-textures-cromwatertower2jpg	Golgotha Textures: cromwatertower2.jpg	OpenGameArt	CC0 1.0	2D	sci-fi,fantasy,Fantasy,Modern,Sci-Fi,Raster Art	sci-fi/oga-golgotha-textures-cromwatertower2jpg	https://opengameart.org/content/golgotha-textures-cromwatertower2jpg	node cong-cu/lay.mjs 2d-assets oga-golgotha-textures-cromwatertower2jpg
oga-golgotha-textures-damconcrete1jpg	Golgotha Textures: dam_concrete1.jpg	OpenGameArt	CC0 1.0	2D	sci-fi,fantasy,Fantasy,Modern,Sci-Fi,Raster Art	sci-fi/oga-golgotha-textures-damconcrete1jpg	https://opengameart.org/content/golgotha-textures-damconcrete1jpg	node cong-cu/lay.mjs 2d-assets oga-golgotha-textures-damconcrete1jpg
oga-golgotha-textures-decursiobottomjpg	Golgotha Textures: decursio_bottom.jpg	OpenGameArt	CC0 1.0	2D	sci-fi,fantasy,Fantasy,Modern,Sci-Fi,Raster Art	sci-fi/oga-golgotha-textures-decursiobottomjpg	https://opengameart.org/content/golgotha-textures-decursiobottomjpg	node cong-cu/lay.mjs 2d-assets oga-golgotha-textures-decursiobottomjpg
oga-golgotha-textures-decursiotopjpg	Golgotha Textures: decursio_top.jpg	OpenGameArt	CC0 1.0	2D	sci-fi,fantasy,Fantasy,Modern,Sci-Fi,Raster Art	sci-fi/oga-golgotha-textures-decursiotopjpg	https://opengameart.org/content/golgotha-textures-decursiotopjpg	node cong-cu/lay.mjs 2d-assets oga-golgotha-textures-decursiotopjpg
oga-golgotha-textures-docktopsidejpg	Golgotha Textures: docktopside.jpg	OpenGameArt	CC0 (theo 2d-assets, chua doi chieu ban goc)	2D	sci-fi,fantasy,Fantasy,Modern,Sci-Fi,Raster Art	sci-fi/oga-golgotha-textures-docktopsidejpg	https://opengameart.org/content/golgotha-textures-docktopsidejpg	node cong-cu/lay.mjs 2d-assets oga-golgotha-textures-docktopsidejpg
oga-golgotha-textures-factoryiron1jpg	Golgotha Textures: factoryiron1.jpg	OpenGameArt	CC0 (theo 2d-assets, chua doi chieu ban goc)	2D	sci-fi,fantasy,Fantasy,Modern,Sci-Fi,Raster Art	sci-fi/oga-golgotha-textures-factoryiron1jpg	https://opengameart.org/content/golgotha-textures-factoryiron1jpg	node cong-cu/lay.mjs 2d-assets oga-golgotha-textures-factoryiron1jpg
oga-golgotha-textures-factoryironstone1jpg	Golgotha Textures: factoryironstone1.jpg	OpenGameArt	CC0 1.0	2D	sci-fi,fantasy,Fantasy,Modern,Sci-Fi,Raster Art	sci-fi/oga-golgotha-textures-factoryironstone1jpg	https://opengameart.org/content/golgotha-textures-factoryironstone1jpg	node cong-cu/lay.mjs 2d-assets oga-golgotha-textures-factoryironstone1jpg
oga-golgotha-textures-factoryironstone2jpg	Golgotha Textures: factoryironstone2.jpg	OpenGameArt	CC0 1.0	2D	sci-fi,fantasy,Fantasy,Modern,Sci-Fi,Raster Art	sci-fi/oga-golgotha-textures-factoryironstone2jpg	https://opengameart.org/content/golgotha-textures-factoryironstone2jpg	node cong-cu/lay.mjs 2d-assets oga-golgotha-textures-factoryironstone2jpg
oga-golgotha-textures-factoryironstonewhite2jpg	Golgotha Textures: factoryironstonewhite2.jpg	OpenGameArt	CC0 1.0	2D	sci-fi,fantasy,Fantasy,Modern,Sci-Fi,Raster Art	sci-fi/oga-golgotha-textures-factoryironstonewhite2jpg	https://opengameart.org/content/golgotha-textures-factoryironstonewhite2jpg	node cong-cu/lay.mjs 2d-assets oga-golgotha-textures-factoryironstonewhite2jpg
oga-golgotha-textures-factorylargerocksplainjpg	Golgotha Textures: factorylargerocksplain.jpg	OpenGameArt	CC0 (theo 2d-assets, chua doi chieu ban goc)	2D	sci-fi,fantasy,stone,wall,Fantasy,Modern,Sci-Fi,Raster Art	sci-fi/oga-golgotha-textures-factorylargerocksplainjpg	https://opengameart.org/content/golgotha-textures-factorylargerocksplainjpg	node cong-cu/lay.mjs 2d-assets oga-golgotha-textures-factorylargerocksplainjpg
oga-golgotha-textures-factorywindofans2jpg	Golgotha Textures: factorywindofans2.jpg	OpenGameArt	CC0 1.0	2D	sci-fi,fantasy,Fantasy,Modern,Sci-Fi,Raster Art	sci-fi/oga-golgotha-textures-factorywindofans2jpg	https://opengameart.org/content/golgotha-textures-factorywindofans2jpg	node cong-cu/lay.mjs 2d-assets oga-golgotha-textures-factorywindofans2jpg
oga-golgotha-textures-factorywindofansjpg	Golgotha Textures: factorywindofans.jpg	OpenGameArt	CC0 1.0	2D	sci-fi,fantasy,Fantasy,Modern,Sci-Fi,Raster Art	sci-fi/oga-golgotha-textures-factorywindofansjpg	https://opengameart.org/content/golgotha-textures-factorywindofansjpg	node cong-cu/lay.mjs 2d-assets oga-golgotha-textures-factorywindofansjpg
oga-golgotha-textures-factorywindonofans2jpg	Golgotha Textures: factorywindonofans2.jpg	OpenGameArt	CC0 (theo 2d-assets, chua doi chieu ban goc)	2D	sci-fi,fantasy,Fantasy,Modern,Sci-Fi,Raster Art	sci-fi/oga-golgotha-textures-factorywindonofans2jpg	https://opengameart.org/content/golgotha-textures-factorywindonofans2jpg	node cong-cu/lay.mjs 2d-assets oga-golgotha-textures-factorywindonofans2jpg
oga-golgotha-textures-factorywindonofansjpg	Golgotha Textures: factorywindonofans.jpg	OpenGameArt	CC0 1.0	2D	sci-fi,fantasy,Fantasy,Modern,Sci-Fi,Raster Art	sci-fi/oga-golgotha-textures-factorywindonofansjpg	https://opengameart.org/content/golgotha-textures-factorywindonofansjpg	node cong-cu/lay.mjs 2d-assets oga-golgotha-textures-factorywindonofansjpg
oga-golgotha-textures-filterjpg	Golgotha Textures: filter.jpg	OpenGameArt	CC0 1.0	2D	sci-fi,fantasy,Fantasy,Modern,Sci-Fi,Raster Art	sci-fi/oga-golgotha-textures-filterjpg	https://opengameart.org/content/golgotha-textures-filterjpg	node cong-cu/lay.mjs 2d-assets oga-golgotha-textures-filterjpg
oga-golgotha-textures-flagtopjpg	Golgotha Textures: flag_top.jpg	OpenGameArt	CC0 (theo 2d-assets, chua doi chieu ban goc)	2D	sci-fi,fantasy,Fantasy,Modern,Sci-Fi,Raster Art	sci-fi/oga-golgotha-textures-flagtopjpg	https://opengameart.org/content/golgotha-textures-flagtopjpg	node cong-cu/lay.mjs 2d-assets oga-golgotha-textures-flagtopjpg
oga-golgotha-textures-framemetaljpg	Golgotha Textures: frame_metal.jpg	OpenGameArt	CC0 1.0	2D	sci-fi,fantasy,Fantasy,Modern,Sci-Fi,Raster Art	sci-fi/oga-golgotha-textures-framemetaljpg	https://opengameart.org/content/golgotha-textures-framemetaljpg	node cong-cu/lay.mjs 2d-assets oga-golgotha-textures-framemetaljpg
oga-golgotha-textures-francegrassfulljpg	Golgotha Textures: francegrassfull.jpg	OpenGameArt	CC0 1.0	2D	sci-fi,fantasy,Fantasy,Modern,Sci-Fi,Raster Art	sci-fi/oga-golgotha-textures-francegrassfulljpg	https://opengameart.org/content/golgotha-textures-francegrassfulljpg	node cong-cu/lay.mjs 2d-assets oga-golgotha-textures-francegrassfulljpg
oga-golgotha-textures-francehousetoptopjpg	Golgotha Textures: francehousetoptop.jpg	OpenGameArt	CC0 1.0	2D	sci-fi,fantasy,Fantasy,Modern,Sci-Fi,Raster Art	sci-fi/oga-golgotha-textures-francehousetoptopjpg	https://opengameart.org/content/golgotha-textures-francehousetoptopjpg	node cong-cu/lay.mjs 2d-assets oga-golgotha-textures-francehousetoptopjpg
oga-golgotha-textures-francesiloside2jpg	Golgotha Textures: francesiloside2.jpg	OpenGameArt	CC0 1.0	2D	sci-fi,fantasy,Fantasy,Modern,Sci-Fi,Raster Art	sci-fi/oga-golgotha-textures-francesiloside2jpg	https://opengameart.org/content/golgotha-textures-francesiloside2jpg	node cong-cu/lay.mjs 2d-assets oga-golgotha-textures-francesiloside2jpg
oga-golgotha-textures-francesilosidejpg	Golgotha Textures: francesiloside.jpg	OpenGameArt	CC0 1.0	2D	sci-fi,fantasy,Fantasy,Modern,Sci-Fi,Raster Art	sci-fi/oga-golgotha-textures-francesilosidejpg	https://opengameart.org/content/golgotha-textures-francesilosidejpg	node cong-cu/lay.mjs 2d-assets oga-golgotha-textures-francesilosidejpg
oga-golgotha-textures-galvanizedjpg	Golgotha Textures: galvanized.jpg	OpenGameArt	CC0 1.0	2D	sci-fi,fantasy,Fantasy,Modern,Sci-Fi,Raster Art	sci-fi/oga-golgotha-textures-galvanizedjpg	https://opengameart.org/content/golgotha-textures-galvanizedjpg	node cong-cu/lay.mjs 2d-assets oga-golgotha-textures-galvanizedjpg
oga-golgotha-textures-ggfinbacksml2jpg	Golgotha Textures: ggfinbacksml2.jpg	OpenGameArt	CC0 1.0	2D	sci-fi,fantasy,Fantasy,Modern,Sci-Fi,Raster Art	sci-fi/oga-golgotha-textures-ggfinbacksml2jpg	https://opengameart.org/content/golgotha-textures-ggfinbacksml2jpg	node cong-cu/lay.mjs 2d-assets oga-golgotha-textures-ggfinbacksml2jpg
oga-golgotha-textures-goldenergyjpg	Golgotha Textures: gold_energy.jpg	OpenGameArt	CC0 (theo 2d-assets, chua doi chieu ban goc)	2D	sci-fi,fantasy,Fantasy,Modern,Sci-Fi,Raster Art	sci-fi/oga-golgotha-textures-goldenergyjpg	https://opengameart.org/content/golgotha-textures-goldenergyjpg	node cong-cu/lay.mjs 2d-assets oga-golgotha-textures-goldenergyjpg
oga-golgotha-textures-grassfulljpg	Golgotha Textures: grassfull.jpg	OpenGameArt	CC0 (theo 2d-assets, chua doi chieu ban goc)	2D	sci-fi,fantasy,Fantasy,Modern,Sci-Fi,Raster Art	sci-fi/oga-golgotha-textures-grassfulljpg	https://opengameart.org/content/golgotha-textures-grassfulljpg	node cong-cu/lay.mjs 2d-assets oga-golgotha-textures-grassfulljpg
oga-golgotha-textures-greclighthouse1jpg	Golgotha Textures: greclighthouse1.jpg	OpenGameArt	CC0 1.0	2D	sci-fi,fantasy,Fantasy,Modern,Sci-Fi,Raster Art	sci-fi/oga-golgotha-textures-greclighthouse1jpg	https://opengameart.org/content/golgotha-textures-greclighthouse1jpg	node cong-cu/lay.mjs 2d-assets oga-golgotha-textures-greclighthouse1jpg
oga-golgotha-textures-greclighthouse3jpg	Golgotha Textures: greclighthouse3.jpg	OpenGameArt	CC0 1.0	2D	sci-fi,fantasy,Fantasy,Modern,Sci-Fi,Raster Art	sci-fi/oga-golgotha-textures-greclighthouse3jpg	https://opengameart.org/content/golgotha-textures-greclighthouse3jpg	node cong-cu/lay.mjs 2d-assets oga-golgotha-textures-greclighthouse3jpg
oga-golgotha-textures-grecstuccobump2jpg	Golgotha Textures: grecstuccobump2.jpg	OpenGameArt	CC0 1.0	2D	sci-fi,fantasy,Fantasy,Modern,Sci-Fi,Raster Art	sci-fi/oga-golgotha-textures-grecstuccobump2jpg	https://opengameart.org/content/golgotha-textures-grecstuccobump2jpg	node cong-cu/lay.mjs 2d-assets oga-golgotha-textures-grecstuccobump2jpg
oga-golgotha-textures-greececobble2jpg	Golgotha Textures: greececobble2.jpg	OpenGameArt	CC0 1.0	2D	sci-fi,fantasy,Fantasy,Modern,Sci-Fi,Raster Art	sci-fi/oga-golgotha-textures-greececobble2jpg	https://opengameart.org/content/golgotha-textures-greececobble2jpg	node cong-cu/lay.mjs 2d-assets oga-golgotha-textures-greececobble2jpg
oga-golgotha-textures-grndcealbentbuldlongjpg	Golgotha Textures: grndcealbentbuldlong.jpg	OpenGameArt	CC0 1.0	2D	sci-fi,fantasy,Fantasy,Modern,Sci-Fi,Raster Art	sci-fi/oga-golgotha-textures-grndcealbentbuldlongjpg	https://opengameart.org/content/golgotha-textures-grndcealbentbuldlongjpg	node cong-cu/lay.mjs 2d-assets oga-golgotha-textures-grndcealbentbuldlongjpg
oga-golgotha-textures-grndcealbentbuldlongshortjpg	Golgotha Textures: grndcealbentbuldlongshort.jpg	OpenGameArt	CC0 1.0	2D	sci-fi,fantasy,Fantasy,Modern,Sci-Fi,Raster Art	sci-fi/oga-golgotha-textures-grndcealbentbuldlongshortjpg	https://opengameart.org/content/golgotha-textures-grndcealbentbuldlongshortjpg	node cong-cu/lay.mjs 2d-assets oga-golgotha-textures-grndcealbentbuldlongshortjpg
oga-golgotha-textures-grndcobblestilelargejpg	Golgotha Textures: grndcobblestilelarge.jpg	OpenGameArt	CC0 1.0	2D	sci-fi,fantasy,Fantasy,Modern,Sci-Fi,Raster Art	sci-fi/oga-golgotha-textures-grndcobblestilelargejpg	https://opengameart.org/content/golgotha-textures-grndcobblestilelargejpg	node cong-cu/lay.mjs 2d-assets oga-golgotha-textures-grndcobblestilelargejpg
oga-golgotha-textures-grndcobblestonejpg	Golgotha Textures: grndcobblestone.jpg	OpenGameArt	CC0 1.0	2D	sci-fi,fantasy,Fantasy,Modern,Sci-Fi,Raster Art	sci-fi/oga-golgotha-textures-grndcobblestonejpg	https://opengameart.org/content/golgotha-textures-grndcobblestonejpg	node cong-cu/lay.mjs 2d-assets oga-golgotha-textures-grndcobblestonejpg
oga-golgotha-textures-grndconcrete1jpg	Golgotha Textures: grndconcrete1.jpg	OpenGameArt	CC0 1.0	2D	sci-fi,fantasy,Fantasy,Modern,Sci-Fi,Raster Art	sci-fi/oga-golgotha-textures-grndconcrete1jpg	https://opengameart.org/content/golgotha-textures-grndconcrete1jpg	node cong-cu/lay.mjs 2d-assets oga-golgotha-textures-grndconcrete1jpg
oga-golgotha-textures-grndgrilltallelec2jpg	Golgotha Textures: grndgrilltallelec2.jpg	OpenGameArt	CC0 1.0	2D	sci-fi,fantasy,Fantasy,Modern,Sci-Fi,Raster Art	sci-fi/oga-golgotha-textures-grndgrilltallelec2jpg	https://opengameart.org/content/golgotha-textures-grndgrilltallelec2jpg	node cong-cu/lay.mjs 2d-assets oga-golgotha-textures-grndgrilltallelec2jpg
oga-golgotha-textures-grndroad1midjpg	Golgotha Textures: grndroad1mid.jpg	OpenGameArt	CC0 1.0	2D	sci-fi,fantasy,Fantasy,Modern,Sci-Fi,Raster Art	sci-fi/oga-golgotha-textures-grndroad1midjpg	https://opengameart.org/content/golgotha-textures-grndroad1midjpg	node cong-cu/lay.mjs 2d-assets oga-golgotha-textures-grndroad1midjpg
oga-golgotha-textures-hhroofgrayjpg	Golgotha Textures: hhroofgray.jpg	OpenGameArt	CC0 (theo 2d-assets, chua doi chieu ban goc)	2D	sci-fi,fantasy,Fantasy,Modern,Sci-Fi,Raster Art	sci-fi/oga-golgotha-textures-hhroofgrayjpg	https://opengameart.org/content/golgotha-textures-hhroofgrayjpg	node cong-cu/lay.mjs 2d-assets oga-golgotha-textures-hhroofgrayjpg
oga-golgotha-textures-hiehriselargejpg	Golgotha Textures: hiehriselarge.jpg	OpenGameArt	CC0 1.0	2D	sci-fi,fantasy,Fantasy,Modern,Sci-Fi,Raster Art	sci-fi/oga-golgotha-textures-hiehriselargejpg	https://opengameart.org/content/golgotha-textures-hiehriselargejpg	node cong-cu/lay.mjs 2d-assets oga-golgotha-textures-hiehriselargejpg
oga-golgotha-textures-hiehrisesmljpg	Golgotha Textures: hiehrisesml.jpg	OpenGameArt	CC0 1.0	2D	sci-fi,fantasy,Fantasy,Modern,Sci-Fi,Raster Art	sci-fi/oga-golgotha-textures-hiehrisesmljpg	https://opengameart.org/content/golgotha-textures-hiehrisesmljpg	node cong-cu/lay.mjs 2d-assets oga-golgotha-textures-hiehrisesmljpg
oga-golgotha-textures-holycrossendjpg	Golgotha Textures: holy_cross_end.jpg	OpenGameArt	CC0 1.0	2D	sci-fi,fantasy,Fantasy,Modern,Sci-Fi,Raster Art	sci-fi/oga-golgotha-textures-holycrossendjpg	https://opengameart.org/content/golgotha-textures-holycrossendjpg	node cong-cu/lay.mjs 2d-assets oga-golgotha-textures-holycrossendjpg
oga-golgotha-textures-iorngratdarkjpg	Golgotha Textures: iorngratdark.jpg	OpenGameArt	CC0 (theo 2d-assets, chua doi chieu ban goc)	2D	sci-fi,fantasy,Fantasy,Modern,Sci-Fi,Raster Art	sci-fi/oga-golgotha-textures-iorngratdarkjpg	https://opengameart.org/content/golgotha-textures-iorngratdarkjpg	node cong-cu/lay.mjs 2d-assets oga-golgotha-textures-iorngratdarkjpg
oga-golgotha-textures-iorngratjpg	Golgotha Textures: iorngrat.jpg	OpenGameArt	CC0 1.0	2D	sci-fi,fantasy,Fantasy,Modern,Sci-Fi,Raster Art	sci-fi/oga-golgotha-textures-iorngratjpg	https://opengameart.org/content/golgotha-textures-iorngratjpg	node cong-cu/lay.mjs 2d-assets oga-golgotha-textures-iorngratjpg
oga-golgotha-textures-ironsidesmljpg	Golgotha Textures: ironsidesml.jpg	OpenGameArt	CC0 1.0	2D	sci-fi,fantasy,Fantasy,Modern,Sci-Fi,Raster Art	sci-fi/oga-golgotha-textures-ironsidesmljpg	https://opengameart.org/content/golgotha-textures-ironsidesmljpg	node cong-cu/lay.mjs 2d-assets oga-golgotha-textures-ironsidesmljpg
oga-golgotha-textures-jerurockfloorjpg	Golgotha Textures: jerurockfloor.jpg	OpenGameArt	CC0 1.0	2D	sci-fi,fantasy,Fantasy,Modern,Sci-Fi,Raster Art	sci-fi/oga-golgotha-textures-jerurockfloorjpg	https://opengameart.org/content/golgotha-textures-jerurockfloorjpg	node cong-cu/lay.mjs 2d-assets oga-golgotha-textures-jerurockfloorjpg
oga-golgotha-textures-jerusrockwallbigjpg	Golgotha Textures: jerusrockwallbig.jpg	OpenGameArt	CC0 1.0	2D	sci-fi,fantasy,Fantasy,Modern,Sci-Fi,Raster Art	sci-fi/oga-golgotha-textures-jerusrockwallbigjpg	https://opengameart.org/content/golgotha-textures-jerusrockwallbigjpg	node cong-cu/lay.mjs 2d-assets oga-golgotha-textures-jerusrockwallbigjpg
oga-golgotha-textures-jerusrockwallhalfjpg	Golgotha Textures: jerusrockwallhalf.jpg	OpenGameArt	CC0 1.0	2D	sci-fi,fantasy,Fantasy,Modern,Sci-Fi,Raster Art	sci-fi/oga-golgotha-textures-jerusrockwallhalfjpg	https://opengameart.org/content/golgotha-textures-jerusrockwallhalfjpg	node cong-cu/lay.mjs 2d-assets oga-golgotha-textures-jerusrockwallhalfjpg
oga-golgotha-textures-jerusrockwallhalfshortjpg	Golgotha Textures: jerusrockwallhalfshort.jpg	OpenGameArt	CC0 1.0	2D	sci-fi,fantasy,Fantasy,Modern,Sci-Fi,Raster Art	sci-fi/oga-golgotha-textures-jerusrockwallhalfshortjpg	https://opengameart.org/content/golgotha-textures-jerusrockwallhalfshortjpg	node cong-cu/lay.mjs 2d-assets oga-golgotha-textures-jerusrockwallhalfshortjpg
oga-golgotha-textures-jerusrockwallsml1burnjpg	Golgotha Textures: jerusrockwallsml1burn.jpg	OpenGameArt	CC0 1.0	2D	sci-fi,fantasy,Fantasy,Modern,Sci-Fi,Raster Art	sci-fi/oga-golgotha-textures-jerusrockwallsml1burnjpg	https://opengameart.org/content/golgotha-textures-jerusrockwallsml1burnjpg	node cong-cu/lay.mjs 2d-assets oga-golgotha-textures-jerusrockwallsml1burnjpg
oga-golgotha-textures-jerusrockwallsml1jpg	Golgotha Textures: jerusrockwallsml1.jpg	OpenGameArt	CC0 1.0	2D	sci-fi,fantasy,Fantasy,Modern,Sci-Fi,Raster Art	sci-fi/oga-golgotha-textures-jerusrockwallsml1jpg	https://opengameart.org/content/golgotha-textures-jerusrockwallsml1jpg	node cong-cu/lay.mjs 2d-assets oga-golgotha-textures-jerusrockwallsml1jpg
oga-golgotha-textures-jerusrockwallsml2jpg	Golgotha Textures: jerusrockwallsml2.jpg	OpenGameArt	CC0 (theo 2d-assets, chua doi chieu ban goc)	2D	sci-fi,fantasy,Fantasy,Modern,Sci-Fi,Raster Art	sci-fi/oga-golgotha-textures-jerusrockwallsml2jpg	https://opengameart.org/content/golgotha-textures-jerusrockwallsml2jpg	node cong-cu/lay.mjs 2d-assets oga-golgotha-textures-jerusrockwallsml2jpg
oga-golgotha-textures-jerusrockwallsmljpg	Golgotha Textures: jerusrockwallsml.jpg	OpenGameArt	CC0 1.0	2D	sci-fi,fantasy,Fantasy,Modern,Sci-Fi,Raster Art	sci-fi/oga-golgotha-textures-jerusrockwallsmljpg	https://opengameart.org/content/golgotha-textures-jerusrockwallsmljpg	node cong-cu/lay.mjs 2d-assets oga-golgotha-textures-jerusrockwallsmljpg
oga-golgotha-textures-jerusrockwallsmltalljpg	Golgotha Textures: jerusrockwallsmltall.jpg	OpenGameArt	CC0 1.0	2D	sci-fi,fantasy,Fantasy,Modern,Sci-Fi,Raster Art	sci-fi/oga-golgotha-textures-jerusrockwallsmltalljpg	https://opengameart.org/content/golgotha-textures-jerusrockwallsmltalljpg	node cong-cu/lay.mjs 2d-assets oga-golgotha-textures-jerusrockwallsmltalljpg
oga-golgotha-textures-jerusslab1jpg	Golgotha Textures: jerusslab1.jpg	OpenGameArt	CC0 (theo 2d-assets, chua doi chieu ban goc)	2D	sci-fi,fantasy,Fantasy,Modern,Sci-Fi,Raster Art	sci-fi/oga-golgotha-textures-jerusslab1jpg	https://opengameart.org/content/golgotha-textures-jerusslab1jpg	node cong-cu/lay.mjs 2d-assets oga-golgotha-textures-jerusslab1jpg
oga-golgotha-textures-lilflakjpg	Golgotha Textures: lil_flak.jpg	OpenGameArt	CC0 1.0	2D	sci-fi,fantasy,Fantasy,Modern,Sci-Fi,Raster Art	sci-fi/oga-golgotha-textures-lilflakjpg	https://opengameart.org/content/golgotha-textures-lilflakjpg	node cong-cu/lay.mjs 2d-assets oga-golgotha-textures-lilflakjpg
oga-golgotha-textures-mainbasepanelongplainjpg	Golgotha Textures: mainbasepanelongplain.jpg	OpenGameArt	CC0 1.0	2D	sci-fi,fantasy,Fantasy,Modern,Sci-Fi,Raster Art	sci-fi/oga-golgotha-textures-mainbasepanelongplainjpg	https://opengameart.org/content/golgotha-textures-mainbasepanelongplainjpg	node cong-cu/lay.mjs 2d-assets oga-golgotha-textures-mainbasepanelongplainjpg
oga-golgotha-textures-mainbluebackjpg	Golgotha Textures: mainblueback.jpg	OpenGameArt	CC0 (theo 2d-assets, chua doi chieu ban goc)	2D	sci-fi,fantasy,Fantasy,Modern,Sci-Fi,Raster Art	sci-fi/oga-golgotha-textures-mainbluebackjpg	https://opengameart.org/content/golgotha-textures-mainbluebackjpg	node cong-cu/lay.mjs 2d-assets oga-golgotha-textures-mainbluebackjpg
oga-golgotha-textures-marblesmall1jpg	Golgotha Textures: marble_small1.jpg	OpenGameArt	CC0 1.0	2D	sci-fi,fantasy,Fantasy,Modern,Sci-Fi,Raster Art	sci-fi/oga-golgotha-textures-marblesmall1jpg	https://opengameart.org/content/golgotha-textures-marblesmall1jpg	node cong-cu/lay.mjs 2d-assets oga-golgotha-textures-marblesmall1jpg
oga-golgotha-textures-metalbeamcenterjpg	Golgotha Textures: metalbeamcenter.jpg	OpenGameArt	CC0 1.0	2D	sci-fi,fantasy,Fantasy,Modern,Sci-Fi,Raster Art	sci-fi/oga-golgotha-textures-metalbeamcenterjpg	https://opengameart.org/content/golgotha-textures-metalbeamcenterjpg	node cong-cu/lay.mjs 2d-assets oga-golgotha-textures-metalbeamcenterjpg
oga-golgotha-textures-metalbridgebeam1jpg	Golgotha Textures: metalbridgebeam1.jpg	OpenGameArt	CC0 1.0	2D	sci-fi,fantasy,Fantasy,Modern,Sci-Fi,Raster Art	sci-fi/oga-golgotha-textures-metalbridgebeam1jpg	https://opengameart.org/content/golgotha-textures-metalbridgebeam1jpg	node cong-cu/lay.mjs 2d-assets oga-golgotha-textures-metalbridgebeam1jpg
oga-golgotha-textures-metalbridgebeam2jpg	Golgotha Textures: metalbridgebeam2.jpg	OpenGameArt	CC0 (theo 2d-assets, chua doi chieu ban goc)	2D	sci-fi,fantasy,Fantasy,Modern,Sci-Fi,Raster Art	sci-fi/oga-golgotha-textures-metalbridgebeam2jpg	https://opengameart.org/content/golgotha-textures-metalbridgebeam2jpg	node cong-cu/lay.mjs 2d-assets oga-golgotha-textures-metalbridgebeam2jpg
oga-golgotha-textures-metalbridgebombs1jpg	Golgotha Textures: metalbridgebombs1.jpg	OpenGameArt	CC0 1.0	2D	sci-fi,fantasy,Fantasy,Modern,Sci-Fi,Raster Art	sci-fi/oga-golgotha-textures-metalbridgebombs1jpg	https://opengameart.org/content/golgotha-textures-metalbridgebombs1jpg	node cong-cu/lay.mjs 2d-assets oga-golgotha-textures-metalbridgebombs1jpg
oga-golgotha-textures-metalbridgebombs2jpg	Golgotha Textures: metalbridgebombs2.jpg	OpenGameArt	CC0 (theo 2d-assets, chua doi chieu ban goc)	2D	sci-fi,fantasy,Fantasy,Modern,Sci-Fi,Raster Art	sci-fi/oga-golgotha-textures-metalbridgebombs2jpg	https://opengameart.org/content/golgotha-textures-metalbridgebombs2jpg	node cong-cu/lay.mjs 2d-assets oga-golgotha-textures-metalbridgebombs2jpg
oga-golgotha-textures-metalbridgetoprailbigjpg	Golgotha Textures: metalbridgetoprailbig.jpg	OpenGameArt	CC0 1.0	2D	sci-fi,fantasy,Fantasy,Modern,Sci-Fi,Raster Art	sci-fi/oga-golgotha-textures-metalbridgetoprailbigjpg	https://opengameart.org/content/golgotha-textures-metalbridgetoprailbigjpg	node cong-cu/lay.mjs 2d-assets oga-golgotha-textures-metalbridgetoprailbigjpg
oga-golgotha-textures-metalbumps1jpg	Golgotha Textures: metal_bumps1.jpg	OpenGameArt	CC0 (theo 2d-assets, chua doi chieu ban goc)	2D	sci-fi,fantasy,Fantasy,Modern,Sci-Fi,Raster Art	sci-fi/oga-golgotha-textures-metalbumps1jpg	https://opengameart.org/content/golgotha-textures-metalbumps1jpg	node cong-cu/lay.mjs 2d-assets oga-golgotha-textures-metalbumps1jpg
oga-golgotha-textures-metalbumps2jpg	Golgotha Textures: metal_bumps2.jpg	OpenGameArt	CC0 1.0	2D	sci-fi,fantasy,Fantasy,Modern,Sci-Fi,Raster Art	sci-fi/oga-golgotha-textures-metalbumps2jpg	https://opengameart.org/content/golgotha-textures-metalbumps2jpg	node cong-cu/lay.mjs 2d-assets oga-golgotha-textures-metalbumps2jpg
oga-golgotha-textures-metalrockjpg	Golgotha Textures: metalrock.jpg	OpenGameArt	CC0 1.0	2D	sci-fi,fantasy,Fantasy,Modern,Sci-Fi,Raster Art	sci-fi/oga-golgotha-textures-metalrockjpg	https://opengameart.org/content/golgotha-textures-metalrockjpg	node cong-cu/lay.mjs 2d-assets oga-golgotha-textures-metalrockjpg
oga-golgotha-textures-misslescararmbluejpg	Golgotha Textures: misslescararmblue.jpg	OpenGameArt	CC0 1.0	2D	sci-fi,fantasy,Fantasy,Modern,Sci-Fi,Raster Art	sci-fi/oga-golgotha-textures-misslescararmbluejpg	https://opengameart.org/content/golgotha-textures-misslescararmbluejpg	node cong-cu/lay.mjs 2d-assets oga-golgotha-textures-misslescararmbluejpg
oga-golgotha-textures-misslescararmjpg	Golgotha Textures: misslescararm.jpg	OpenGameArt	CC0 1.0	2D	sci-fi,fantasy,Fantasy,Modern,Sci-Fi,Raster Art	sci-fi/oga-golgotha-textures-misslescararmjpg	https://opengameart.org/content/golgotha-textures-misslescararmjpg	node cong-cu/lay.mjs 2d-assets oga-golgotha-textures-misslescararmjpg
oga-golgotha-textures-moneyenginesidejpg	Golgotha Textures: moneyengineside.jpg	OpenGameArt	CC0 1.0	2D	sci-fi,fantasy,Fantasy,Modern,Sci-Fi,Raster Art	sci-fi/oga-golgotha-textures-moneyenginesidejpg	https://opengameart.org/content/golgotha-textures-moneyenginesidejpg	node cong-cu/lay.mjs 2d-assets oga-golgotha-textures-moneyenginesidejpg
oga-golgotha-textures-mosaic1jpg	Golgotha Textures: mosaic1.jpg	OpenGameArt	CC0 1.0	2D	sci-fi,fantasy,Fantasy,Modern,Sci-Fi,Raster Art	sci-fi/oga-golgotha-textures-mosaic1jpg	https://opengameart.org/content/golgotha-textures-mosaic1jpg	node cong-cu/lay.mjs 2d-assets oga-golgotha-textures-mosaic1jpg
oga-golgotha-textures-oilarmtgajpg	Golgotha Textures: oilarmtga.jpg	OpenGameArt	CC0 1.0	2D	sci-fi,fantasy,Fantasy,Modern,Sci-Fi,Raster Art	sci-fi/oga-golgotha-textures-oilarmtgajpg	https://opengameart.org/content/golgotha-textures-oilarmtgajpg	node cong-cu/lay.mjs 2d-assets oga-golgotha-textures-oilarmtgajpg
oga-golgotha-textures-oilwieghtsjpg	Golgotha Textures: oilwieghts.jpg	OpenGameArt	CC0 1.0	2D	sci-fi,fantasy,Fantasy,Modern,Sci-Fi,Raster Art	sci-fi/oga-golgotha-textures-oilwieghtsjpg	https://opengameart.org/content/golgotha-textures-oilwieghtsjpg	node cong-cu/lay.mjs 2d-assets oga-golgotha-textures-oilwieghtsjpg
oga-golgotha-textures-oldmetaljpg	Golgotha Textures: oldmetal.jpg	OpenGameArt	CC0 1.0	2D	sci-fi,fantasy,Fantasy,Modern,Sci-Fi,Raster Art	sci-fi/oga-golgotha-textures-oldmetaljpg	https://opengameart.org/content/golgotha-textures-oldmetaljpg	node cong-cu/lay.mjs 2d-assets oga-golgotha-textures-oldmetaljpg
oga-golgotha-textures-pillarlong2jpg	Golgotha Textures: pillarlong2.jpg	OpenGameArt	CC0 1.0	2D	sci-fi,fantasy,Fantasy,Modern,Sci-Fi,Raster Art	sci-fi/oga-golgotha-textures-pillarlong2jpg	https://opengameart.org/content/golgotha-textures-pillarlong2jpg	node cong-cu/lay.mjs 2d-assets oga-golgotha-textures-pillarlong2jpg
oga-golgotha-textures-pittedjpg	Golgotha Textures: pitted.jpg	OpenGameArt	CC0 1.0	2D	sci-fi,fantasy,Fantasy,Modern,Sci-Fi,Raster Art	sci-fi/oga-golgotha-textures-pittedjpg	https://opengameart.org/content/golgotha-textures-pittedjpg	node cong-cu/lay.mjs 2d-assets oga-golgotha-textures-pittedjpg
oga-golgotha-textures-plainwallsidejpg	Golgotha Textures: plainwallside.jpg	OpenGameArt	CC0 1.0	2D	sci-fi,fantasy,Fantasy,Modern,Sci-Fi,Raster Art	sci-fi/oga-golgotha-textures-plainwallsidejpg	https://opengameart.org/content/golgotha-textures-plainwallsidejpg	node cong-cu/lay.mjs 2d-assets oga-golgotha-textures-plainwallsidejpg
oga-golgotha-textures-plainwallsideshort512jpg	Golgotha Textures: plainwallsideshort512.jpg	OpenGameArt	CC0 1.0	2D	sci-fi,fantasy,Fantasy,Modern,Sci-Fi,Raster Art	sci-fi/oga-golgotha-textures-plainwallsideshort512jpg	https://opengameart.org/content/golgotha-textures-plainwallsideshort512jpg	node cong-cu/lay.mjs 2d-assets oga-golgotha-textures-plainwallsideshort512jpg
oga-golgotha-textures-pockroof2jpg	Golgotha Textures: pockroof2.jpg	OpenGameArt	CC0 1.0	2D	sci-fi,fantasy,Fantasy,Modern,Sci-Fi,Raster Art	sci-fi/oga-golgotha-textures-pockroof2jpg	https://opengameart.org/content/golgotha-textures-pockroof2jpg	node cong-cu/lay.mjs 2d-assets oga-golgotha-textures-pockroof2jpg
oga-golgotha-textures-pockroofjpg	Golgotha Textures: pockroof.jpg	OpenGameArt	CC0 (theo 2d-assets, chua doi chieu ban goc)	2D	sci-fi,fantasy,Fantasy,Modern,Sci-Fi,Raster Art	sci-fi/oga-golgotha-textures-pockroofjpg	https://opengameart.org/content/golgotha-textures-pockroofjpg	node cong-cu/lay.mjs 2d-assets oga-golgotha-textures-pockroofjpg
oga-golgotha-textures-railbarrelsidejpg	Golgotha Textures: railbarrelside.jpg	OpenGameArt	CC0 1.0	2D	sci-fi,fantasy,Fantasy,Modern,Sci-Fi,Raster Art	sci-fi/oga-golgotha-textures-railbarrelsidejpg	https://opengameart.org/content/golgotha-textures-railbarrelsidejpg	node cong-cu/lay.mjs 2d-assets oga-golgotha-textures-railbarrelsidejpg
oga-golgotha-textures-reddecorwalljpg	Golgotha Textures: reddecorwall.jpg	OpenGameArt	CC0 1.0	2D	sci-fi,fantasy,Fantasy,Modern,Sci-Fi,Raster Art	sci-fi/oga-golgotha-textures-reddecorwalljpg	https://opengameart.org/content/golgotha-textures-reddecorwalljpg	node cong-cu/lay.mjs 2d-assets oga-golgotha-textures-reddecorwalljpg
oga-golgotha-textures-repairwallsjpg	Golgotha Textures: repair_walls.jpg	OpenGameArt	CC0 1.0	2D	sci-fi,fantasy,Fantasy,Modern,Sci-Fi,Raster Art	sci-fi/oga-golgotha-textures-repairwallsjpg	https://opengameart.org/content/golgotha-textures-repairwallsjpg	node cong-cu/lay.mjs 2d-assets oga-golgotha-textures-repairwallsjpg
oga-golgotha-textures-ringbottomsjpg	Golgotha Textures: ring_bottoms.jpg	OpenGameArt	CC0 1.0	2D	sci-fi,fantasy,Fantasy,Modern,Sci-Fi,Raster Art	sci-fi/oga-golgotha-textures-ringbottomsjpg	https://opengameart.org/content/golgotha-textures-ringbottomsjpg	node cong-cu/lay.mjs 2d-assets oga-golgotha-textures-ringbottomsjpg
oga-golgotha-textures-rockbuildsidejpg	Golgotha Textures: rockbuildside.jpg	OpenGameArt	CC0 1.0	2D	sci-fi,fantasy,Fantasy,Modern,Sci-Fi,Raster Art	sci-fi/oga-golgotha-textures-rockbuildsidejpg	https://opengameart.org/content/golgotha-textures-rockbuildsidejpg	node cong-cu/lay.mjs 2d-assets oga-golgotha-textures-rockbuildsidejpg
oga-golgotha-textures-rockbuildsidesmljpg	Golgotha Textures: rockbuildsidesml.jpg	OpenGameArt	CC0 (theo 2d-assets, chua doi chieu ban goc)	2D	sci-fi,fantasy,Fantasy,Modern,Sci-Fi,Raster Art	sci-fi/oga-golgotha-textures-rockbuildsidesmljpg	https://opengameart.org/content/golgotha-textures-rockbuildsidesmljpg	node cong-cu/lay.mjs 2d-assets oga-golgotha-textures-rockbuildsidesmljpg
oga-golgotha-textures-rockbuildsidetopjpg	Golgotha Textures: rockbuildsidetop.jpg	OpenGameArt	CC0 1.0	2D	sci-fi,fantasy,Fantasy,Modern,Sci-Fi,Raster Art	sci-fi/oga-golgotha-textures-rockbuildsidetopjpg	https://opengameart.org/content/golgotha-textures-rockbuildsidetopjpg	node cong-cu/lay.mjs 2d-assets oga-golgotha-textures-rockbuildsidetopjpg
oga-golgotha-textures-rockfloorbigjpg	Golgotha Textures: rockfloorbig.jpg	OpenGameArt	CC0 1.0	2D	sci-fi,fantasy,Fantasy,Modern,Sci-Fi,Raster Art	sci-fi/oga-golgotha-textures-rockfloorbigjpg	https://opengameart.org/content/golgotha-textures-rockfloorbigjpg	node cong-cu/lay.mjs 2d-assets oga-golgotha-textures-rockfloorbigjpg
oga-golgotha-textures-roktanktreadfront1jpg	Golgotha Textures: roktanktreadfront1.jpg	OpenGameArt	CC0 1.0	2D	sci-fi,fantasy,Fantasy,Modern,Sci-Fi,Raster Art	sci-fi/oga-golgotha-textures-roktanktreadfront1jpg	https://opengameart.org/content/golgotha-textures-roktanktreadfront1jpg	node cong-cu/lay.mjs 2d-assets oga-golgotha-textures-roktanktreadfront1jpg
oga-golgotha-textures-romancolumntopborderjpg	Golgotha Textures: roman_column_topborder.jpg	OpenGameArt	CC0 (theo 2d-assets, chua doi chieu ban goc)	2D	sci-fi,fantasy,Fantasy,Modern,Sci-Fi,Raster Art	sci-fi/oga-golgotha-textures-romancolumntopborderjpg	https://opengameart.org/content/golgotha-textures-romancolumntopborderjpg	node cong-cu/lay.mjs 2d-assets oga-golgotha-textures-romancolumntopborderjpg
oga-golgotha-textures-romebridge1ajpg	Golgotha Textures: rome_bridge1a.jpg	OpenGameArt	CC0 1.0	2D	sci-fi,fantasy,Fantasy,Modern,Sci-Fi,Raster Art	sci-fi/oga-golgotha-textures-romebridge1ajpg	https://opengameart.org/content/golgotha-textures-romebridge1ajpg	node cong-cu/lay.mjs 2d-assets oga-golgotha-textures-romebridge1ajpg
oga-golgotha-textures-romebridge1side1ajpg	Golgotha Textures: rome_bridge1_side1a.jpg	OpenGameArt	CC0 1.0	2D	sci-fi,fantasy,Fantasy,Modern,Sci-Fi,Raster Art	sci-fi/oga-golgotha-textures-romebridge1side1ajpg	https://opengameart.org/content/golgotha-textures-romebridge1side1ajpg	node cong-cu/lay.mjs 2d-assets oga-golgotha-textures-romebridge1side1ajpg
oga-golgotha-textures-romeroadsjpg	Golgotha Textures: rome_roads.jpg	OpenGameArt	CC0 1.0	2D	sci-fi,fantasy,Fantasy,Modern,Sci-Fi,Raster Art	sci-fi/oga-golgotha-textures-romeroadsjpg	https://opengameart.org/content/golgotha-textures-romeroadsjpg	node cong-cu/lay.mjs 2d-assets oga-golgotha-textures-romeroadsjpg
oga-golgotha-textures-roocktopjpg	Golgotha Textures: roocktop.jpg	OpenGameArt	CC0 1.0	2D	sci-fi,fantasy,Fantasy,Modern,Sci-Fi,Raster Art	sci-fi/oga-golgotha-textures-roocktopjpg	https://opengameart.org/content/golgotha-textures-roocktopjpg	node cong-cu/lay.mjs 2d-assets oga-golgotha-textures-roocktopjpg
oga-golgotha-textures-rooffrancejpg	Golgotha Textures: rooffrance.jpg	OpenGameArt	CC0 1.0	2D	sci-fi,fantasy,Fantasy,Modern,Sci-Fi,Raster Art	sci-fi/oga-golgotha-textures-rooffrancejpg	https://opengameart.org/content/golgotha-textures-rooffrancejpg	node cong-cu/lay.mjs 2d-assets oga-golgotha-textures-rooffrancejpg
oga-golgotha-textures-roofrock1darkjpg	Golgotha Textures: roofrock1dark.jpg	OpenGameArt	CC0 1.0	2D	sci-fi,fantasy,Fantasy,Modern,Sci-Fi,Raster Art	sci-fi/oga-golgotha-textures-roofrock1darkjpg	https://opengameart.org/content/golgotha-textures-roofrock1darkjpg	node cong-cu/lay.mjs 2d-assets oga-golgotha-textures-roofrock1darkjpg
oga-golgotha-textures-roofrock1jpg	Golgotha Textures: roofrock1.jpg	OpenGameArt	CC0 (theo 2d-assets, chua doi chieu ban goc)	2D	sci-fi,fantasy,Fantasy,Modern,Sci-Fi,Raster Art	sci-fi/oga-golgotha-textures-roofrock1jpg	https://opengameart.org/content/golgotha-textures-roofrock1jpg	node cong-cu/lay.mjs 2d-assets oga-golgotha-textures-roofrock1jpg
oga-golgotha-textures-rustymetal1jpg	Golgotha Textures: rustymetal1.jpg	OpenGameArt	CC0 1.0	2D	sci-fi,fantasy,Fantasy,Modern,Sci-Fi,Raster Art	sci-fi/oga-golgotha-textures-rustymetal1jpg	https://opengameart.org/content/golgotha-textures-rustymetal1jpg	node cong-cu/lay.mjs 2d-assets oga-golgotha-textures-rustymetal1jpg
oga-golgotha-textures-scrapstuccowbrickplain2jpg	Golgotha Textures: scrapstuccowbrickplain2.jpg	OpenGameArt	CC0 1.0	2D	sci-fi,fantasy,Fantasy,Modern,Sci-Fi,Raster Art	sci-fi/oga-golgotha-textures-scrapstuccowbrickplain2jpg	https://opengameart.org/content/golgotha-textures-scrapstuccowbrickplain2jpg	node cong-cu/lay.mjs 2d-assets oga-golgotha-textures-scrapstuccowbrickplain2jpg
oga-golgotha-textures-scrapstuccowbrickplainjpg	Golgotha Textures: scrapstuccowbrickplain.jpg	OpenGameArt	CC0 (theo 2d-assets, chua doi chieu ban goc)	2D	sci-fi,fantasy,Fantasy,Modern,Sci-Fi,Raster Art	sci-fi/oga-golgotha-textures-scrapstuccowbrickplainjpg	https://opengameart.org/content/golgotha-textures-scrapstuccowbrickplainjpg	node cong-cu/lay.mjs 2d-assets oga-golgotha-textures-scrapstuccowbrickplainjpg
oga-golgotha-textures-secretfloorjpg	Golgotha Textures: secret_floor.jpg	OpenGameArt	CC0 (theo 2d-assets, chua doi chieu ban goc)	2D	sci-fi,fantasy,Fantasy,Modern,Sci-Fi,Raster Art	sci-fi/oga-golgotha-textures-secretfloorjpg	https://opengameart.org/content/golgotha-textures-secretfloorjpg	node cong-cu/lay.mjs 2d-assets oga-golgotha-textures-secretfloorjpg
oga-golgotha-textures-sewall4bjpg	Golgotha Textures: sewall4b.jpg	OpenGameArt	CC0 (theo 2d-assets, chua doi chieu ban goc)	2D	sci-fi,fantasy,Fantasy,Modern,Sci-Fi,Raster Art	sci-fi/oga-golgotha-textures-sewall4bjpg	https://opengameart.org/content/golgotha-textures-sewall4bjpg	node cong-cu/lay.mjs 2d-assets oga-golgotha-textures-sewall4bjpg
oga-golgotha-textures-shingleroof512jpg	Golgotha Textures: shingleroof512.jpg	OpenGameArt	CC0 1.0	2D	sci-fi,fantasy,Fantasy,Modern,Sci-Fi,Raster Art	sci-fi/oga-golgotha-textures-shingleroof512jpg	https://opengameart.org/content/golgotha-textures-shingleroof512jpg	node cong-cu/lay.mjs 2d-assets oga-golgotha-textures-shingleroof512jpg
oga-golgotha-textures-shingles1jpg	Golgotha Textures: shingles1.jpg	OpenGameArt	CC0 1.0	2D	sci-fi,fantasy,Fantasy,Modern,Sci-Fi,Raster Art	sci-fi/oga-golgotha-textures-shingles1jpg	https://opengameart.org/content/golgotha-textures-shingles1jpg	node cong-cu/lay.mjs 2d-assets oga-golgotha-textures-shingles1jpg
oga-golgotha-textures-snow1jpg	Golgotha Textures: snow1.jpg	OpenGameArt	CC0 1.0	2D	sci-fi,fantasy,Fantasy,Modern,Sci-Fi,Raster Art	sci-fi/oga-golgotha-textures-snow1jpg	https://opengameart.org/content/golgotha-textures-snow1jpg	node cong-cu/lay.mjs 2d-assets oga-golgotha-textures-snow1jpg
oga-golgotha-textures-speckelroofsmlrightsidejpg	Golgotha Textures: speckelroofsmlrightside.jpg	OpenGameArt	CC0 1.0	2D	sci-fi,fantasy,Fantasy,Modern,Sci-Fi,Raster Art	sci-fi/oga-golgotha-textures-speckelroofsmlrightsidejpg	https://opengameart.org/content/golgotha-textures-speckelroofsmlrightsidejpg	node cong-cu/lay.mjs 2d-assets oga-golgotha-textures-speckelroofsmlrightsidejpg
oga-golgotha-textures-stepsfrntjpg	Golgotha Textures: stepsfrnt.jpg	OpenGameArt	CC0 1.0	2D	sci-fi,fantasy,Fantasy,Modern,Sci-Fi,Raster Art	sci-fi/oga-golgotha-textures-stepsfrntjpg	https://opengameart.org/content/golgotha-textures-stepsfrntjpg	node cong-cu/lay.mjs 2d-assets oga-golgotha-textures-stepsfrntjpg
oga-golgotha-textures-stepstopjpg	Golgotha Textures: stepstop.jpg	OpenGameArt	CC0 (theo 2d-assets, chua doi chieu ban goc)	2D	sci-fi,fantasy,Fantasy,Modern,Sci-Fi,Raster Art	sci-fi/oga-golgotha-textures-stepstopjpg	https://opengameart.org/content/golgotha-textures-stepstopjpg	node cong-cu/lay.mjs 2d-assets oga-golgotha-textures-stepstopjpg
oga-golgotha-textures-tiletoplightredjpg	Golgotha Textures: tiletoplightred.jpg	OpenGameArt	CC0 1.0	2D	sci-fi,fantasy,Fantasy,Modern,Sci-Fi,Raster Art	sci-fi/oga-golgotha-textures-tiletoplightredjpg	https://opengameart.org/content/golgotha-textures-tiletoplightredjpg	node cong-cu/lay.mjs 2d-assets oga-golgotha-textures-tiletoplightredjpg
oga-golgotha-textures-tiletopredjpg	Golgotha Textures: tiletopred.jpg	OpenGameArt	CC0 1.0	2D	sci-fi,fantasy,Fantasy,Modern,Sci-Fi,Raster Art	sci-fi/oga-golgotha-textures-tiletopredjpg	https://opengameart.org/content/golgotha-textures-tiletopredjpg	node cong-cu/lay.mjs 2d-assets oga-golgotha-textures-tiletopredjpg
oga-golgotha-textures-tintbackblower5botjpg	Golgotha Textures: tintbackblower5bot.jpg	OpenGameArt	CC0 1.0	2D	sci-fi,fantasy,Fantasy,Modern,Sci-Fi,Raster Art	sci-fi/oga-golgotha-textures-tintbackblower5botjpg	https://opengameart.org/content/golgotha-textures-tintbackblower5botjpg	node cong-cu/lay.mjs 2d-assets oga-golgotha-textures-tintbackblower5botjpg
oga-golgotha-textures-tintcamovtopjpg	Golgotha Textures: tintcamovtop.jpg	OpenGameArt	CC0 1.0	2D	sci-fi,fantasy,Fantasy,Modern,Sci-Fi,Raster Art	sci-fi/oga-golgotha-textures-tintcamovtopjpg	https://opengameart.org/content/golgotha-textures-tintcamovtopjpg	node cong-cu/lay.mjs 2d-assets oga-golgotha-textures-tintcamovtopjpg
oga-golgotha-textures-tintcementwithwinjpg	Golgotha Textures: tintcementwithwin.jpg	OpenGameArt	CC0 1.0	2D	sci-fi,fantasy,Fantasy,Modern,Sci-Fi,Raster Art	sci-fi/oga-golgotha-textures-tintcementwithwinjpg	https://opengameart.org/content/golgotha-textures-tintcementwithwinjpg	node cong-cu/lay.mjs 2d-assets oga-golgotha-textures-tintcementwithwinjpg
oga-golgotha-textures-tintcromvalvecovertop1jpg	Golgotha Textures: tintcromvalvecovertop1.jpg	OpenGameArt	CC0 1.0	2D	sci-fi,fantasy,Fantasy,Modern,Sci-Fi,Raster Art	sci-fi/oga-golgotha-textures-tintcromvalvecovertop1jpg	https://opengameart.org/content/golgotha-textures-tintcromvalvecovertop1jpg	node cong-cu/lay.mjs 2d-assets oga-golgotha-textures-tintcromvalvecovertop1jpg
oga-golgotha-textures-tintfrontbott2jpg	Golgotha Textures: tintfrontbott2.jpg	OpenGameArt	CC0 1.0	2D	sci-fi,fantasy,Fantasy,Modern,Sci-Fi,Raster Art	sci-fi/oga-golgotha-textures-tintfrontbott2jpg	https://opengameart.org/content/golgotha-textures-tintfrontbott2jpg	node cong-cu/lay.mjs 2d-assets oga-golgotha-textures-tintfrontbott2jpg
oga-golgotha-textures-trainwoodshrtjpg	Golgotha Textures: trainwoodshrt.jpg	OpenGameArt	CC0 1.0	2D	sci-fi,fantasy,Fantasy,Modern,Sci-Fi,Raster Art	sci-fi/oga-golgotha-textures-trainwoodshrtjpg	https://opengameart.org/content/golgotha-textures-trainwoodshrtjpg	node cong-cu/lay.mjs 2d-assets oga-golgotha-textures-trainwoodshrtjpg
oga-golgotha-textures-tunnelceilingjpg	Golgotha Textures: tunnel_ceiling.jpg	OpenGameArt	CC0 (theo 2d-assets, chua doi chieu ban goc)	2D	sci-fi,fantasy,Fantasy,Modern,Sci-Fi,Raster Art	sci-fi/oga-golgotha-textures-tunnelceilingjpg	https://opengameart.org/content/golgotha-textures-tunnelceilingjpg	node cong-cu/lay.mjs 2d-assets oga-golgotha-textures-tunnelceilingjpg
oga-golgotha-textures-tunnelcornersjpg	Golgotha Textures: tunnel_corners.jpg	OpenGameArt	CC0 1.0	2D	sci-fi,fantasy,Fantasy,Modern,Sci-Fi,Raster Art	sci-fi/oga-golgotha-textures-tunnelcornersjpg	https://opengameart.org/content/golgotha-textures-tunnelcornersjpg	node cong-cu/lay.mjs 2d-assets oga-golgotha-textures-tunnelcornersjpg
oga-golgotha-textures-tunnelentrancetalljpg	Golgotha Textures: tunnel_entrance_tall.jpg	OpenGameArt	CC0 1.0	2D	sci-fi,fantasy,Fantasy,Modern,Sci-Fi,Raster Art	sci-fi/oga-golgotha-textures-tunnelentrancetalljpg	https://opengameart.org/content/golgotha-textures-tunnelentrancetalljpg	node cong-cu/lay.mjs 2d-assets oga-golgotha-textures-tunnelentrancetalljpg
oga-golgotha-textures-tunnelentrancetopjpg	Golgotha Textures: tunnel_entrance_top.jpg	OpenGameArt	CC0 (theo 2d-assets, chua doi chieu ban goc)	2D	sci-fi,fantasy,Fantasy,Modern,Sci-Fi,Raster Art	sci-fi/oga-golgotha-textures-tunnelentrancetopjpg	https://opengameart.org/content/golgotha-textures-tunnelentrancetopjpg	node cong-cu/lay.mjs 2d-assets oga-golgotha-textures-tunnelentrancetopjpg
oga-golgotha-textures-tunnellightsjpg	Golgotha Textures: tunnel_lights.jpg	OpenGameArt	CC0 (theo 2d-assets, chua doi chieu ban goc)	2D	sci-fi,fantasy,Fantasy,Modern,Sci-Fi,Raster Art	sci-fi/oga-golgotha-textures-tunnellightsjpg	https://opengameart.org/content/golgotha-textures-tunnellightsjpg	node cong-cu/lay.mjs 2d-assets oga-golgotha-textures-tunnellightsjpg
oga-golgotha-textures-tunnelmetalside1jpg	Golgotha Textures: tunnelmetalside1.jpg	OpenGameArt	CC0 (theo 2d-assets, chua doi chieu ban goc)	2D	sci-fi,fantasy,Fantasy,Modern,Sci-Fi,Raster Art	sci-fi/oga-golgotha-textures-tunnelmetalside1jpg	https://opengameart.org/content/golgotha-textures-tunnelmetalside1jpg	node cong-cu/lay.mjs 2d-assets oga-golgotha-textures-tunnelmetalside1jpg
oga-golgotha-textures-tunneloutsidesjpg	Golgotha Textures: tunnel_outsides.jpg	OpenGameArt	CC0 1.0	2D	sci-fi,fantasy,Fantasy,Modern,Sci-Fi,Raster Art	sci-fi/oga-golgotha-textures-tunneloutsidesjpg	https://opengameart.org/content/golgotha-textures-tunneloutsidesjpg	node cong-cu/lay.mjs 2d-assets oga-golgotha-textures-tunneloutsidesjpg
oga-golgotha-textures-tunnelroadjpg	Golgotha Textures: tunnel_road.jpg	OpenGameArt	CC0 1.0	2D	sci-fi,fantasy,modern-urban,Fantasy,Modern,Sci-Fi,Raster Art,road,asphalt,street	sci-fi/oga-golgotha-textures-tunnelroadjpg	https://opengameart.org/content/golgotha-textures-tunnelroadjpg	node cong-cu/lay.mjs 2d-assets oga-golgotha-textures-tunnelroadjpg
oga-golgotha-textures-vehl1metalpaneljpg	Golgotha Textures: vehl1metalpanel.jpg	OpenGameArt	CC0 1.0	2D	sci-fi,fantasy,Fantasy,Modern,Sci-Fi,Raster Art	sci-fi/oga-golgotha-textures-vehl1metalpaneljpg	https://opengameart.org/content/golgotha-textures-vehl1metalpaneljpg	node cong-cu/lay.mjs 2d-assets oga-golgotha-textures-vehl1metalpaneljpg
oga-golgotha-textures-vehl1tankside1jpg	Golgotha Textures: vehl1tankside1.jpg	OpenGameArt	CC0 1.0	2D	sci-fi,fantasy,Fantasy,Modern,Sci-Fi,Raster Art	sci-fi/oga-golgotha-textures-vehl1tankside1jpg	https://opengameart.org/content/golgotha-textures-vehl1tankside1jpg	node cong-cu/lay.mjs 2d-assets oga-golgotha-textures-vehl1tankside1jpg
oga-golgotha-textures-vehl1tanksidemiss2ajpg	Golgotha Textures: vehl1tanksidemiss2a.jpg	OpenGameArt	CC0 1.0	2D	sci-fi,fantasy,Fantasy,Modern,Sci-Fi,Raster Art	sci-fi/oga-golgotha-textures-vehl1tanksidemiss2ajpg	https://opengameart.org/content/golgotha-textures-vehl1tanksidemiss2ajpg	node cong-cu/lay.mjs 2d-assets oga-golgotha-textures-vehl1tanksidemiss2ajpg
oga-golgotha-textures-vehl1tanksidemisslajpg	Golgotha Textures: vehl1tanksidemissla.jpg	OpenGameArt	CC0 1.0	2D	sci-fi,fantasy,Fantasy,Modern,Sci-Fi,Raster Art	sci-fi/oga-golgotha-textures-vehl1tanksidemisslajpg	https://opengameart.org/content/golgotha-textures-vehl1tanksidemisslajpg	node cong-cu/lay.mjs 2d-assets oga-golgotha-textures-vehl1tanksidemisslajpg
oga-golgotha-textures-vehl1tanktop1jpg	Golgotha Textures: vehl1tanktop1.jpg	OpenGameArt	CC0 1.0	2D	sci-fi,fantasy,Fantasy,Modern,Sci-Fi,Raster Art	sci-fi/oga-golgotha-textures-vehl1tanktop1jpg	https://opengameart.org/content/golgotha-textures-vehl1tanktop1jpg	node cong-cu/lay.mjs 2d-assets oga-golgotha-textures-vehl1tanktop1jpg
oga-golgotha-textures-vehl1train2by4jpg	Golgotha Textures: vehl1train2by4.jpg	OpenGameArt	CC0 1.0	2D	sci-fi,fantasy,Fantasy,Modern,Sci-Fi,Raster Art	sci-fi/oga-golgotha-textures-vehl1train2by4jpg	https://opengameart.org/content/golgotha-textures-vehl1train2by4jpg	node cong-cu/lay.mjs 2d-assets oga-golgotha-textures-vehl1train2by4jpg
oga-golgotha-textures-vehl1train2jpg	Golgotha Textures: vehl1train2.jpg	OpenGameArt	CC0 1.0	2D	sci-fi,fantasy,Fantasy,Modern,Sci-Fi,Raster Art	sci-fi/oga-golgotha-textures-vehl1train2jpg	https://opengameart.org/content/golgotha-textures-vehl1train2jpg	node cong-cu/lay.mjs 2d-assets oga-golgotha-textures-vehl1train2jpg
oga-golgotha-textures-vehl2oneshortbritjpg	Golgotha Textures: vehl2oneshortbrit.jpg	OpenGameArt	CC0 1.0	2D	sci-fi,fantasy,Fantasy,Modern,Sci-Fi,Raster Art	sci-fi/oga-golgotha-textures-vehl2oneshortbritjpg	https://opengameart.org/content/golgotha-textures-vehl2oneshortbritjpg	node cong-cu/lay.mjs 2d-assets oga-golgotha-textures-vehl2oneshortbritjpg
oga-golgotha-textures-vehl2panelone4sidedjpg	Golgotha Textures: vehl2panelone4sided.jpg	OpenGameArt	CC0 1.0	2D	sci-fi,fantasy,Fantasy,Modern,Sci-Fi,Raster Art	sci-fi/oga-golgotha-textures-vehl2panelone4sidedjpg	https://opengameart.org/content/golgotha-textures-vehl2panelone4sidedjpg	node cong-cu/lay.mjs 2d-assets oga-golgotha-textures-vehl2panelone4sidedjpg
oga-golgotha-textures-vehl2panelsidefrntjpg	Golgotha Textures: vehl2panelsidefrnt.jpg	OpenGameArt	CC0 1.0	2D	sci-fi,fantasy,Fantasy,Modern,Sci-Fi,Raster Art	sci-fi/oga-golgotha-textures-vehl2panelsidefrntjpg	https://opengameart.org/content/golgotha-textures-vehl2panelsidefrntjpg	node cong-cu/lay.mjs 2d-assets oga-golgotha-textures-vehl2panelsidefrntjpg
oga-golgotha-textures-vehl2panelthreedarkjpg	Golgotha Textures: vehl2panelthreedark.jpg	OpenGameArt	CC0 1.0	2D	sci-fi,fantasy,Fantasy,Modern,Sci-Fi,Raster Art	sci-fi/oga-golgotha-textures-vehl2panelthreedarkjpg	https://opengameart.org/content/golgotha-textures-vehl2panelthreedarkjpg	node cong-cu/lay.mjs 2d-assets oga-golgotha-textures-vehl2panelthreedarkjpg
oga-golgotha-textures-vehl2panelthreeshortjpg	Golgotha Textures: vehl2panelthreeshort.jpg	OpenGameArt	CC0 1.0	2D	sci-fi,fantasy,Fantasy,Modern,Sci-Fi,Raster Art	sci-fi/oga-golgotha-textures-vehl2panelthreeshortjpg	https://opengameart.org/content/golgotha-textures-vehl2panelthreeshortjpg	node cong-cu/lay.mjs 2d-assets oga-golgotha-textures-vehl2panelthreeshortjpg
oga-golgotha-textures-vehl2paneltwoshortjpg	Golgotha Textures: vehl2paneltwoshort.jpg	OpenGameArt	CC0 1.0	2D	sci-fi,fantasy,Fantasy,Modern,Sci-Fi,Raster Art	sci-fi/oga-golgotha-textures-vehl2paneltwoshortjpg	https://opengameart.org/content/golgotha-textures-vehl2paneltwoshortjpg	node cong-cu/lay.mjs 2d-assets oga-golgotha-textures-vehl2paneltwoshortjpg
oga-golgotha-textures-vehl2paneltwotalljpg	Golgotha Textures: vehl2paneltwotall.jpg	OpenGameArt	CC0 1.0	2D	sci-fi,fantasy,Fantasy,Modern,Sci-Fi,Raster Art	sci-fi/oga-golgotha-textures-vehl2paneltwotalljpg	https://opengameart.org/content/golgotha-textures-vehl2paneltwotalljpg	node cong-cu/lay.mjs 2d-assets oga-golgotha-textures-vehl2paneltwotalljpg
oga-golgotha-textures-vehlbarrlholejpg	Golgotha Textures: vehlbarrlhole.jpg	OpenGameArt	CC0 1.0	2D	sci-fi,fantasy,Fantasy,Modern,Sci-Fi,Raster Art	sci-fi/oga-golgotha-textures-vehlbarrlholejpg	https://opengameart.org/content/golgotha-textures-vehlbarrlholejpg	node cong-cu/lay.mjs 2d-assets oga-golgotha-textures-vehlbarrlholejpg
oga-golgotha-textures-vehlbarrljpg	Golgotha Textures: vehlbarrl.jpg	OpenGameArt	CC0 1.0	2D	sci-fi,fantasy,Fantasy,Modern,Sci-Fi,Raster Art	sci-fi/oga-golgotha-textures-vehlbarrljpg	https://opengameart.org/content/golgotha-textures-vehlbarrljpg	node cong-cu/lay.mjs 2d-assets oga-golgotha-textures-vehlbarrljpg
oga-golgotha-textures-vehlengbackjpg	Golgotha Textures: vehlengback.jpg	OpenGameArt	CC0 1.0	2D	sci-fi,fantasy,Fantasy,Modern,Sci-Fi,Raster Art	sci-fi/oga-golgotha-textures-vehlengbackjpg	https://opengameart.org/content/golgotha-textures-vehlengbackjpg	node cong-cu/lay.mjs 2d-assets oga-golgotha-textures-vehlengbackjpg
oga-golgotha-textures-vehlfrnt3gunsjpg	Golgotha Textures: vehlfrnt3guns.jpg	OpenGameArt	CC0 1.0	2D	sci-fi,fantasy,Fantasy,Modern,Sci-Fi,Raster Art	sci-fi/oga-golgotha-textures-vehlfrnt3gunsjpg	https://opengameart.org/content/golgotha-textures-vehlfrnt3gunsjpg	node cong-cu/lay.mjs 2d-assets oga-golgotha-textures-vehlfrnt3gunsjpg
oga-golgotha-textures-vehlhonycobjpg	Golgotha Textures: vehlhonycob.jpg	OpenGameArt	CC0 (theo 2d-assets, chua doi chieu ban goc)	2D	sci-fi,fantasy,Fantasy,Modern,Sci-Fi,Raster Art	sci-fi/oga-golgotha-textures-vehlhonycobjpg	https://opengameart.org/content/golgotha-textures-vehlhonycobjpg	node cong-cu/lay.mjs 2d-assets oga-golgotha-textures-vehlhonycobjpg
oga-golgotha-textures-vehltoplongt2jpg	Golgotha Textures: vehltoplongt2.jpg	OpenGameArt	CC0 1.0	2D	sci-fi,fantasy,Fantasy,Modern,Sci-Fi,Raster Art	sci-fi/oga-golgotha-textures-vehltoplongt2jpg	https://opengameart.org/content/golgotha-textures-vehltoplongt2jpg	node cong-cu/lay.mjs 2d-assets oga-golgotha-textures-vehltoplongt2jpg
oga-golgotha-textures-vehltreadsbackjpg	Golgotha Textures: vehltreadsback.jpg	OpenGameArt	CC0 1.0	2D	sci-fi,fantasy,Fantasy,Modern,Sci-Fi,Raster Art	sci-fi/oga-golgotha-textures-vehltreadsbackjpg	https://opengameart.org/content/golgotha-textures-vehltreadsbackjpg	node cong-cu/lay.mjs 2d-assets oga-golgotha-textures-vehltreadsbackjpg
oga-golgotha-textures-vehltreadsbacknewjpg	Golgotha Textures: vehltreadsbacknew.jpg	OpenGameArt	CC0 1.0	2D	sci-fi,fantasy,Fantasy,Modern,Sci-Fi,Raster Art	sci-fi/oga-golgotha-textures-vehltreadsbacknewjpg	https://opengameart.org/content/golgotha-textures-vehltreadsbacknewjpg	node cong-cu/lay.mjs 2d-assets oga-golgotha-textures-vehltreadsbacknewjpg
oga-golgotha-textures-vehltreadslongjpg	Golgotha Textures: vehltreadslong.jpg	OpenGameArt	CC0 1.0	2D	sci-fi,fantasy,Fantasy,Modern,Sci-Fi,Raster Art	sci-fi/oga-golgotha-textures-vehltreadslongjpg	https://opengameart.org/content/golgotha-textures-vehltreadslongjpg	node cong-cu/lay.mjs 2d-assets oga-golgotha-textures-vehltreadslongjpg
oga-golgotha-textures-vehltreadstopjpg	Golgotha Textures: vehltreadstop.jpg	OpenGameArt	CC0 1.0	2D	sci-fi,fantasy,Fantasy,Modern,Sci-Fi,Raster Art	sci-fi/oga-golgotha-textures-vehltreadstopjpg	https://opengameart.org/content/golgotha-textures-vehltreadstopjpg	node cong-cu/lay.mjs 2d-assets oga-golgotha-textures-vehltreadstopjpg
oga-golgotha-textures-vehlwhltreadjpg	Golgotha Textures: vehlwhltread.jpg	OpenGameArt	CC0 1.0	2D	sci-fi,fantasy,Fantasy,Modern,Sci-Fi,Raster Art	sci-fi/oga-golgotha-textures-vehlwhltreadjpg	https://opengameart.org/content/golgotha-textures-vehlwhltreadjpg	node cong-cu/lay.mjs 2d-assets oga-golgotha-textures-vehlwhltreadjpg
oga-golgotha-textures-vehlwingside1jpg	Golgotha Textures: vehlwingside1.jpg	OpenGameArt	CC0 1.0	2D	sci-fi,fantasy,Fantasy,Modern,Sci-Fi,Raster Art	sci-fi/oga-golgotha-textures-vehlwingside1jpg	https://opengameart.org/content/golgotha-textures-vehlwingside1jpg	node cong-cu/lay.mjs 2d-assets oga-golgotha-textures-vehlwingside1jpg
oga-golgotha-textures-walkwaybiglawyerbuildjpg	Golgotha Textures: walkwaybiglawyerbuild.jpg	OpenGameArt	CC0 1.0	2D	sci-fi,fantasy,Fantasy,Modern,Sci-Fi,Raster Art	sci-fi/oga-golgotha-textures-walkwaybiglawyerbuildjpg	https://opengameart.org/content/golgotha-textures-walkwaybiglawyerbuildjpg	node cong-cu/lay.mjs 2d-assets oga-golgotha-textures-walkwaybiglawyerbuildjpg
oga-golgotha-textures-walkwaysmallfrntlawyerbuildjpg	Golgotha Textures: walkwaysmallfrntlawyerbuild.jpg	OpenGameArt	CC0 (theo 2d-assets, chua doi chieu ban goc)	2D	sci-fi,fantasy,Fantasy,Modern,Sci-Fi,Raster Art	sci-fi/oga-golgotha-textures-walkwaysmallfrntlawyerbuildjpg	https://opengameart.org/content/golgotha-textures-walkwaysmallfrntlawyerbuildjpg	node cong-cu/lay.mjs 2d-assets oga-golgotha-textures-walkwaysmallfrntlawyerbuildjpg
oga-golgotha-textures-walkwaysmallsidelawyerbuildjpg	Golgotha Textures: walkwaysmallsidelawyerbuild.jpg	OpenGameArt	CC0 (theo 2d-assets, chua doi chieu ban goc)	2D	sci-fi,fantasy,Fantasy,Modern,Sci-Fi,Raster Art	sci-fi/oga-golgotha-textures-walkwaysmallsidelawyerbuildjpg	https://opengameart.org/content/golgotha-textures-walkwaysmallsidelawyerbuildjpg	node cong-cu/lay.mjs 2d-assets oga-golgotha-textures-walkwaysmallsidelawyerbuildjpg
oga-golgotha-textures-waterwalljpg	Golgotha Textures: waterwall.jpg	OpenGameArt	CC0 1.0	2D	sci-fi,fantasy,Fantasy,Modern,Sci-Fi,Raster Art	sci-fi/oga-golgotha-textures-waterwalljpg	https://opengameart.org/content/golgotha-textures-waterwalljpg	node cong-cu/lay.mjs 2d-assets oga-golgotha-textures-waterwalljpg
oga-golgotha-textures-waterwallshort2jpg	Golgotha Textures: waterwallshort2.jpg	OpenGameArt	CC0 1.0	2D	sci-fi,fantasy,Fantasy,Modern,Sci-Fi,Raster Art	sci-fi/oga-golgotha-textures-waterwallshort2jpg	https://opengameart.org/content/golgotha-textures-waterwallshort2jpg	node cong-cu/lay.mjs 2d-assets oga-golgotha-textures-waterwallshort2jpg
oga-golgotha-textures-waterwallshortjpg	Golgotha Textures: waterwallshort.jpg	OpenGameArt	CC0 1.0	2D	sci-fi,fantasy,Fantasy,Modern,Sci-Fi,Raster Art	sci-fi/oga-golgotha-textures-waterwallshortjpg	https://opengameart.org/content/golgotha-textures-waterwallshortjpg	node cong-cu/lay.mjs 2d-assets oga-golgotha-textures-waterwallshortjpg
oga-golgotha-textures-widopeakwindowswalljpg	Golgotha Textures: widopeakwindowswall.jpg	OpenGameArt	CC0 1.0	2D	sci-fi,fantasy,modern-urban,manmade,wall,building,Fantasy,Modern,Sci-Fi,Raster Art	sci-fi/oga-golgotha-textures-widopeakwindowswalljpg	https://opengameart.org/content/golgotha-textures-widopeakwindowswalljpg	node cong-cu/lay.mjs 2d-assets oga-golgotha-textures-widopeakwindowswalljpg
oga-golgotha-textures-windodarktoptopjpg	Golgotha Textures: windodarktoptop.jpg	OpenGameArt	CC0 1.0	2D	sci-fi,fantasy,modern-urban,Fantasy,Modern,Sci-Fi,Raster Art,building,architecture	sci-fi/oga-golgotha-textures-windodarktoptopjpg	https://opengameart.org/content/golgotha-textures-windodarktoptopjpg	node cong-cu/lay.mjs 2d-assets oga-golgotha-textures-windodarktoptopjpg
oga-gradius-clone-sprites	Gradius Clone Sprites	OpenGameArt	CC0 1.0	2D	sci-fi,shooter,Gradius,shmup,Action,Sci-Fi,pixelart,Sprite	sci-fi/oga-gradius-clone-sprites	https://opengameart.org/content/gradius-clone-sprites	node cong-cu/lay.mjs 2d-assets oga-gradius-clone-sprites
oga-graphite-border	Graphite border	OpenGameArt	CC0 1.0	2D	sci-fi,fantasy,border,vector,RPG,Strategy,Fantasy,Historical,Modern,Sci-Fi,Warfare,User Interface,Vector Art	sci-fi/oga-graphite-border	https://opengameart.org/content/graphite-border	node cong-cu/lay.mjs 2d-assets oga-graphite-border
oga-ground-missile-command-type-game	ground for Missile Command type game	OpenGameArt	CC0 1.0	2D	sci-fi,tiles-terrain,ground,Missile Command,Action,Sci-Fi,background,Storyboard	sci-fi/oga-ground-missile-command-type-game	https://opengameart.org/content/ground-missile-command-type-game	node cong-cu/lay.mjs 2d-assets oga-ground-missile-command-type-game
oga-ground-textures-camouflagepng	Ground Textures: camouflage.png	OpenGameArt	CC0 1.0	2D	sci-fi,fantasy,Fantasy,Historical,Sci-Fi,Raster Art	sci-fi/oga-ground-textures-camouflagepng	https://opengameart.org/content/ground-textures-camouflagepng	node cong-cu/lay.mjs 2d-assets oga-ground-textures-camouflagepng
oga-ground-textures-dryforestgroundjpg	Ground Textures: dryforestground.jpg	OpenGameArt	CC0 1.0	2D	sci-fi,fantasy,nature,nature,ground,forest,dry,Fantasy,Historical,Sci-Fi,Raster Art	sci-fi/oga-ground-textures-dryforestgroundjpg	https://opengameart.org/content/ground-textures-dryforestgroundjpg	node cong-cu/lay.mjs 2d-assets oga-ground-textures-dryforestgroundjpg
oga-ground-textures-drygroundjpg	Ground Textures: dryground.jpg	OpenGameArt	CC0 1.0	2D	sci-fi,fantasy,Fantasy,Historical,Sci-Fi,Raster Art	sci-fi/oga-ground-textures-drygroundjpg	https://opengameart.org/content/ground-textures-drygroundjpg	node cong-cu/lay.mjs 2d-assets oga-ground-textures-drygroundjpg
oga-ground-textures-dryleavesjpg	Ground Textures: dryleaves.jpg	OpenGameArt	CC0 1.0	2D	sci-fi,fantasy,nature,ground,nature,Fantasy,Historical,Sci-Fi,Raster Art,nature	sci-fi/oga-ground-textures-dryleavesjpg	https://opengameart.org/content/ground-textures-dryleavesjpg	node cong-cu/lay.mjs 2d-assets oga-ground-textures-dryleavesjpg
oga-ground-textures-gras364jpg	Ground Textures: gras364.jpg	OpenGameArt	CC0 1.0	2D	sci-fi,fantasy,nature,grass,nature,Fantasy,Historical,Sci-Fi,Raster Art	sci-fi/oga-ground-textures-gras364jpg	https://opengameart.org/content/ground-textures-gras364jpg	node cong-cu/lay.mjs 2d-assets oga-ground-textures-gras364jpg
oga-ground-textures-gras428jpg	Ground Textures: gras428.jpg	OpenGameArt	CC0 (theo 2d-assets, chua doi chieu ban goc)	2D	sci-fi,fantasy,Fantasy,Historical,Sci-Fi,Raster Art	sci-fi/oga-ground-textures-gras428jpg	https://opengameart.org/content/ground-textures-gras428jpg	node cong-cu/lay.mjs 2d-assets oga-ground-textures-gras428jpg
oga-ground-textures-grass123jpg	Ground Textures: grass123.jpg	OpenGameArt	CC0 1.0	2D	sci-fi,fantasy,Fantasy,Historical,Sci-Fi,Raster Art	sci-fi/oga-ground-textures-grass123jpg	https://opengameart.org/content/ground-textures-grass123jpg	node cong-cu/lay.mjs 2d-assets oga-ground-textures-grass123jpg
oga-ground-textures-greenleavesjpg	Ground Textures: greenleaves.jpg	OpenGameArt	CC0 (theo 2d-assets, chua doi chieu ban goc)	2D	sci-fi,fantasy,Fantasy,Historical,Sci-Fi,Raster Art	sci-fi/oga-ground-textures-greenleavesjpg	https://opengameart.org/content/ground-textures-greenleavesjpg	node cong-cu/lay.mjs 2d-assets oga-ground-textures-greenleavesjpg
oga-ground-textures-halfdrygrass536jpg	Ground Textures: halfdrygrass536.jpg	OpenGameArt	CC0 1.0	2D	sci-fi,fantasy,nature,grass,nature,Fantasy,Historical,Sci-Fi,Raster Art	sci-fi/oga-ground-textures-halfdrygrass536jpg	https://opengameart.org/content/ground-textures-halfdrygrass536jpg	node cong-cu/lay.mjs 2d-assets oga-ground-textures-halfdrygrass536jpg
oga-ground-textures-halfdrygrassjpg	Ground Textures: halfdrygrass.jpg	OpenGameArt	CC0 1.0	2D	sci-fi,fantasy,Fantasy,Historical,Sci-Fi,Raster Art	sci-fi/oga-ground-textures-halfdrygrassjpg	https://opengameart.org/content/ground-textures-halfdrygrassjpg	node cong-cu/lay.mjs 2d-assets oga-ground-textures-halfdrygrassjpg
oga-ground-textures-infraredjpg	Ground Textures: infrared.jpg	OpenGameArt	CC0 1.0	2D	sci-fi,fantasy,Fantasy,Historical,Sci-Fi,Raster Art	sci-fi/oga-ground-textures-infraredjpg	https://opengameart.org/content/ground-textures-infraredjpg	node cong-cu/lay.mjs 2d-assets oga-ground-textures-infraredjpg
oga-ground-textures-leavesjpg	Ground Textures: leaves.jpg	OpenGameArt	CC0 (theo 2d-assets, chua doi chieu ban goc)	2D	sci-fi,fantasy,Fantasy,Historical,Sci-Fi,Raster Art	sci-fi/oga-ground-textures-leavesjpg	https://opengameart.org/content/ground-textures-leavesjpg	node cong-cu/lay.mjs 2d-assets oga-ground-textures-leavesjpg
oga-ground-textures-stonesjpg	Ground Textures: stones.jpg	OpenGameArt	CC0 (theo 2d-assets, chua doi chieu ban goc)	2D	sci-fi,fantasy,stones,stone,Fantasy,Historical,Sci-Fi,Raster Art	sci-fi/oga-ground-textures-stonesjpg	https://opengameart.org/content/ground-textures-stonesjpg	node cong-cu/lay.mjs 2d-assets oga-ground-textures-stonesjpg
oga-ground-textures-stonygrassjpg	Ground Textures: stonygrass.jpg	OpenGameArt	CC0 1.0	2D	sci-fi,fantasy,nature,grass,nature,stony,Fantasy,Historical,Sci-Fi,Raster Art	sci-fi/oga-ground-textures-stonygrassjpg	https://opengameart.org/content/ground-textures-stonygrassjpg	node cong-cu/lay.mjs 2d-assets oga-ground-textures-stonygrassjpg
oga-ground-textures-youngfieldjpg	Ground Textures: youngfield.jpg	OpenGameArt	CC0 1.0	2D	sci-fi,fantasy,Fantasy,Historical,Sci-Fi,Raster Art	sci-fi/oga-ground-textures-youngfieldjpg	https://opengameart.org/content/ground-textures-youngfieldjpg	node cong-cu/lay.mjs 2d-assets oga-ground-textures-youngfieldjpg
oga-grungy-lights-texture-pack	Grungy Lights Texture Pack	OpenGameArt	CC0 1.0	2D	sci-fi,fantasy,lights,dirty,Action,Educational,Puzzle,RPG,Strategy,Fantasy,Historical,Kids,Modern,Sci-Fi	sci-fi/oga-grungy-lights-texture-pack	https://opengameart.org/content/grungy-lights-texture-pack	node cong-cu/lay.mjs 2d-assets oga-grungy-lights-texture-pack
oga-grunts-male-death-and-pain	grunts of male death and pain	OpenGameArt	CC0 1.0	2D	sci-fi,fantasy,death,pain,grunt,hurt,injury,dying,Action,RPG,Strategy,Sci-Fi,Warfare,Voice	sci-fi/oga-grunts-male-death-and-pain	https://opengameart.org/content/grunts-male-death-and-pain	node cong-cu/lay.mjs 2d-assets oga-grunts-male-death-and-pain
oga-gun-reload-lock-or-click-sound	Gun reload, lock or click sound	OpenGameArt	CC0 (theo 2d-assets, chua doi chieu ban goc)	2D	sci-fi,fantasy,lock,click,gun,reload,unlock,Action,Puzzle,RPG,Fantasy,Sci-Fi,Warfare,Other	sci-fi/oga-gun-reload-lock-or-click-sound	https://opengameart.org/content/gun-reload-lock-or-click-sound	node cong-cu/lay.mjs 2d-assets oga-gun-reload-lock-or-click-sound
oga-gunloop-8bit	gunloop 8bit	OpenGameArt	CC0 1.0	2D	sci-fi,gun,loop,8-bit,shoot,Action,Strategy,Modern,Sci-Fi,Warfare,Battle	sci-fi/oga-gunloop-8bit	https://opengameart.org/content/gunloop-8bit	node cong-cu/lay.mjs 2d-assets oga-gunloop-8bit
oga-guy-and-robots	Guy and robots	OpenGameArt	CC0 1.0	2D	sci-fi,characters,Sprite,robot,walking,arcade,Action,Educational,Puzzle,Kids,Other,Enemy,Vector Art	sci-fi/oga-guy-and-robots	https://opengameart.org/content/guy-and-robots	node cong-cu/lay.mjs 2d-assets oga-guy-and-robots
oga-heartbeat-single-sound	Heartbeat (single sound)	OpenGameArt	CC0 1.0	2D	sci-fi,fantasy,heart,drama,beat,heartbeat,Action,Educational,RPG,Strategy,Fantasy,Historical,Modern,Sci-Fi	sci-fi/oga-heartbeat-single-sound	https://opengameart.org/content/heartbeat-single-sound	node cong-cu/lay.mjs 2d-assets oga-heartbeat-single-sound
oga-helicopter-cartoony	Helicopter Cartoony	OpenGameArt	CC0 (theo 2d-assets, chua doi chieu ban goc)	2D	sci-fi,fantasy,vehicles,characters,helicopter,Vehicle,Flight,Action,Educational,Puzzle,RPG,Strategy,Fantasy,Historical,Kids,Modern	sci-fi/oga-helicopter-cartoony	https://opengameart.org/content/helicopter-cartoony	node cong-cu/lay.mjs 2d-assets oga-helicopter-cartoony
oga-human-head-250-verts	Human Head 250 verts	OpenGameArt	CC0 1.0	2D	sci-fi,fantasy,human,Human head,Low Poly Model,Action,RPG,Strategy,Fantasy,Historical,Kids,Modern,Sci-Fi,Warfare	sci-fi/oga-human-head-250-verts	https://opengameart.org/content/human-head-250-verts	node cong-cu/lay.mjs 2d-assets oga-human-head-250-verts
oga-ice-spells	Ice spells	OpenGameArt	CC0 1.0	2D	sci-fi,fantasy,ice,crackle,spell,cold,freeze,crackling,snap,Action,RPG,Fantasy,Modern,Sci-Fi	sci-fi/oga-ice-spells	https://opengameart.org/content/ice-spells	node cong-cu/lay.mjs 2d-assets oga-ice-spells
oga-in-the-robot-pub-loop	in the robot pub loop	OpenGameArt	CC0 (theo 2d-assets, chua doi chieu ban goc)	2D	sci-fi,tiles-terrain,robot,background,tracker,milkytracker,Historical,Sci-Fi,Other,Ambient	sci-fi/oga-in-the-robot-pub-loop	https://opengameart.org/content/in-the-robot-pub-loop	node cong-cu/lay.mjs 2d-assets oga-in-the-robot-pub-loop
oga-insect-or-alien-scream	Insect or alien scream	OpenGameArt	CC0 1.0	2D	sci-fi,fantasy,scream,fear,attack,anger,alien,insect,bug,condom,hate,spider,crunchy,roach	sci-fi/oga-insect-or-alien-scream	https://opengameart.org/content/insect-or-alien-scream	node cong-cu/lay.mjs 2d-assets oga-insect-or-alien-scream
oga-insect-or-alien-scream-short	Insect or alien scream (short)	OpenGameArt	CC0 1.0	2D	sci-fi,fantasy,scream,fear,attack,anger,alien,insect,bug,condom,hate,spider,crunchy,roach	sci-fi/oga-insect-or-alien-scream-short	https://opengameart.org/content/insect-or-alien-scream-short	node cong-cu/lay.mjs 2d-assets oga-insect-or-alien-scream-short
oga-last-stand-in-space	Last stand in space	OpenGameArt	CC0 1.0	2D	sci-fi,fantasy,vehicles,future,alien,medical,lab,space,ship,aliens,death,alarm,evacuate,kill,bloody	sci-fi/oga-last-stand-in-space	https://opengameart.org/content/last-stand-in-space	node cong-cu/lay.mjs 2d-assets oga-last-stand-in-space
oga-leafy-treeplant-branch	Leafy tree/plant branch	OpenGameArt	CC0 1.0	2D	sci-fi,fantasy,nature,plant,vegetation,green,tree,leaf,leaves,Action,Educational,Puzzle,RPG,Strategy,Fantasy	sci-fi/oga-leafy-treeplant-branch	https://opengameart.org/content/leafy-treeplant-branch	node cong-cu/lay.mjs 2d-assets oga-leafy-treeplant-branch
oga-life-corrupted-binary	Life in corrupted binary	OpenGameArt	CC0 1.0	2D	sci-fi,fantasy,downtempo,glitch,Ambient,electronic,chill,noises,Puzzle,Fantasy,Modern,Sci-Fi,Instrumental	sci-fi/oga-life-corrupted-binary	https://opengameart.org/content/life-corrupted-binary	node cong-cu/lay.mjs 2d-assets oga-life-corrupted-binary
oga-liquid-bottle-drink-set	Liquid Bottle Drink Set	OpenGameArt	CC0 1.0	2D	sci-fi,fantasy,nature,Item,shake,water,liquid,potion,mana,health,drink,bottle,container,flask,swallow	sci-fi/oga-liquid-bottle-drink-set	https://opengameart.org/content/liquid-bottle-drink-set	node cong-cu/lay.mjs 2d-assets oga-liquid-bottle-drink-set
oga-little-robo	little robo	OpenGameArt	CC0 (theo 2d-assets, chua doi chieu ban goc)	2D	sci-fi,Kids,Sci-Fi,Other,Static Mesh	sci-fi/oga-little-robo	https://opengameart.org/content/little-robo	node cong-cu/lay.mjs 2d-assets oga-little-robo
oga-loading-screen-loop	Loading screen loop	OpenGameArt	CC0 1.0	2D	sci-fi,fantasy,fps,doom,future,futuristic,evil,dark,mood,electronic,loop,loading,screen,Action	sci-fi/oga-loading-screen-loop	https://opengameart.org/content/loading-screen-loop	node cong-cu/lay.mjs 2d-assets oga-loading-screen-loop
oga-low-poly-male-model	Low Poly Male Model	OpenGameArt	CC0 1.0	2D	sci-fi,fantasy,male,Action,Educational,RPG,Strategy,Fantasy,Historical,Kids,Modern,Sci-Fi,Warfare,Static Mesh	sci-fi/oga-low-poly-male-model	https://opengameart.org/content/low-poly-male-model	node cong-cu/lay.mjs 2d-assets oga-low-poly-male-model
oga-lowpoly-blade-runner-case	Lowpoly Blade Runner case	OpenGameArt	CC0 1.0	2D	sci-fi,case,bladerunner,briefcase,Sci-Fi,Static Mesh	sci-fi/oga-lowpoly-blade-runner-case	https://opengameart.org/content/lowpoly-blade-runner-case	node cong-cu/lay.mjs 2d-assets oga-lowpoly-blade-runner-case
oga-lowpoly-tree	Lowpoly Tree	OpenGameArt	CC0 1.0	2D	sci-fi,fantasy,nature,tree,Action,Educational,Puzzle,RPG,Strategy,Fantasy,Historical,Kids,Modern,Sci-Fi,Warfare	sci-fi/oga-lowpoly-tree	https://opengameart.org/content/lowpoly-tree	node cong-cu/lay.mjs 2d-assets oga-lowpoly-tree
oga-magnetic-bomb-pack	Magnetic Bomb Pack	OpenGameArt	CC0 1.0	2D	sci-fi,bomb,magnetic,Action,Modern,Sci-Fi,Warfare,Other,Static Mesh	sci-fi/oga-magnetic-bomb-pack	https://opengameart.org/content/magnetic-bomb-pack	node cong-cu/lay.mjs 2d-assets oga-magnetic-bomb-pack
oga-medpack	Medpack	OpenGameArt	CC0 1.0	2D	sci-fi,fantasy,health,upgrade,medpack,power up,bonus,Action,RPG,Fantasy,Modern,Sci-Fi,Warfare,Other	sci-fi/oga-medpack	https://opengameart.org/content/medpack	node cong-cu/lay.mjs 2d-assets oga-medpack
oga-metal-clang-sounds	Metal clang sounds	OpenGameArt	CC0 (theo 2d-assets, chua doi chieu ban goc)	2D	sci-fi,steampunk,metal,clang,Tempest in the Aether,Weekly Challenge,Modern,Sci-Fi,Other	sci-fi/oga-metal-clang-sounds	https://opengameart.org/content/metal-clang-sounds	node cong-cu/lay.mjs 2d-assets oga-metal-clang-sounds
oga-metal-grate-texture	metal grate texture	OpenGameArt	CC0 1.0	2D	sci-fi,fantasy,diffuse,normal,bump,alpha,metal,grate,floor,walkway,Action,Educational,Puzzle,RPG	sci-fi/oga-metal-grate-texture	https://opengameart.org/content/metal-grate-texture	node cong-cu/lay.mjs 2d-assets oga-metal-grate-texture
oga-miscmenu-sci-fi-sounds	Misc/menu sci-fi sounds.	OpenGameArt	CC0 1.0	2D	sci-fi,fantasy,bounce,crunch,menu,scifi,futuristic,loading,screen,bouncehit,disconect,walkie,talkie,Puzzle	sci-fi/oga-miscmenu-sci-fi-sounds	https://opengameart.org/content/miscmenu-sci-fi-sounds	node cong-cu/lay.mjs 2d-assets oga-miscmenu-sci-fi-sounds
oga-monster-concept	Monster Concept	OpenGameArt	CC0 (theo 2d-assets, chua doi chieu ban goc)	2D	sci-fi,fantasy,characters,monster,scary,drawing,creature,goul,Action,RPG,Fantasy,Sci-Fi,Other,Portrait,Character	sci-fi/oga-monster-concept	https://opengameart.org/content/monster-concept	node cong-cu/lay.mjs 2d-assets oga-monster-concept
oga-monster-constest-not-super-good-not-very-bad-either	monster [Constest] [Not super good, but not very bad either]	OpenGameArt	CC0 1.0	2D	sci-fi,fantasy,characters,alien,blender,rigged,monster,contest,mutant,Fantasy,Sci-Fi,Other,Rigged Mesh,Static Mesh	sci-fi/oga-monster-constest-not-super-good-not-very-bad-either	https://opengameart.org/content/monster-constest-not-super-good-not-very-bad-either	node cong-cu/lay.mjs 2d-assets oga-monster-constest-not-super-good-not-very-bad-either
oga-monster-sound-effects-2	Monster Sound Effects 2	OpenGameArt	CC0 1.0	2D	sci-fi,fantasy,characters,monster,beast,creature,Enemy,guttural,die,hit,attack,defend,idle,Action,RPG	sci-fi/oga-monster-sound-effects-2	https://opengameart.org/content/monster-sound-effects-2	node cong-cu/lay.mjs 2d-assets oga-monster-sound-effects-2
oga-monster-sound-effects-pack	Monster Sound Effects Pack	OpenGameArt	CC0 1.0	2D	sci-fi,fantasy,characters,monster,vocal,grunt,pain,death,die,beast,RPG,creature,Action,hit,Strategy	sci-fi/oga-monster-sound-effects-pack	https://opengameart.org/content/monster-sound-effects-pack	node cong-cu/lay.mjs 2d-assets oga-monster-sound-effects-pack
oga-monster-sound-pack-volume-1	Monster Sound Pack, Volume 1	OpenGameArt	CC0 1.0	2D	sci-fi,fantasy,characters,monster,creature,death,hit,attack,defend,growl,die,beast,Enemy,Action,RPG	sci-fi/oga-monster-sound-pack-volume-1	https://opengameart.org/content/monster-sound-pack-volume-1	node cong-cu/lay.mjs 2d-assets oga-monster-sound-pack-volume-1
oga-moon-overlay-texture	Moon overlay texture	OpenGameArt	CC0 1.0	2D	sci-fi,nature,tiles-terrain,moon,overlay,Other,background,Storyboard,nature,space,satellite	sci-fi/oga-moon-overlay-texture	https://opengameart.org/content/moon-overlay-texture	node cong-cu/lay.mjs 2d-assets oga-moon-overlay-texture
oga-neon-node	Neon Node	OpenGameArt	CC0 1.0	2D	sci-fi,fantasy,vehicles,cyberpunk,retro,minimal,neon,light,dark,simple,Sci-Fi,vector,neon color,geometrical,Action	sci-fi/oga-neon-node	https://opengameart.org/content/neon-node	node cong-cu/lay.mjs 2d-assets oga-neon-node
oga-off-to-the-stars	Off to the Stars	OpenGameArt	CC0 1.0	2D	sci-fi,fantasy,Friday Challenge,To The Stars,Fantasy,Modern,Sci-Fi	sci-fi/oga-off-to-the-stars	https://opengameart.org/content/off-to-the-stars	node cong-cu/lay.mjs 2d-assets oga-off-to-the-stars
oga-old-frogatto-tile-art	old frogatto tile art	OpenGameArt	CC0 1.0	2D	sci-fi,fantasy,nature,tiles-terrain,Platformer,pixel,tiles,tree,entrance,cave,bush,fence,sign,grass,dirt,ground	sci-fi/oga-old-frogatto-tile-art	https://opengameart.org/content/old-frogatto-tile-art	node cong-cu/lay.mjs 2d-assets oga-old-frogatto-tile-art
oga-p2p-and-mesh-networks	p2p and mesh networks	OpenGameArt	CC0 (theo 2d-assets, chua doi chieu ban goc)	2D	sci-fi,fantasy,modern-urban,girl,city,bitcoin,yada,Fantasy,Sci-Fi,Top-down	sci-fi/oga-p2p-and-mesh-networks	https://opengameart.org/content/p2p-and-mesh-networks	node cong-cu/lay.mjs 2d-assets oga-p2p-and-mesh-networks
oga-peacock-scream	Peacock scream	OpenGameArt	CC0 1.0	2D	sci-fi,fantasy,characters,scream,bird,animal,mating,call,colorful,exotic,peacock,Action,Educational,Puzzle,RPG	sci-fi/oga-peacock-scream	https://opengameart.org/content/peacock-scream	node cong-cu/lay.mjs 2d-assets oga-peacock-scream
oga-pietextureset	PieTextureset	OpenGameArt	CC0 1.0	2D	sci-fi,fantasy,tiles-terrain,concrete,metal,rust,stone,tiles,512,1024,floor,ground,wall,diffuse,specular	sci-fi/oga-pietextureset	https://opengameart.org/content/pietextureset	node cong-cu/lay.mjs 2d-assets oga-pietextureset
oga-planet-000	Planet 000	OpenGameArt	CC0 1.0	2D	sci-fi,nature,planet,Sci-Fi,nature,space	sci-fi/oga-planet-000	https://opengameart.org/content/planet-000	node cong-cu/lay.mjs 2d-assets oga-planet-000
oga-plastic-bomb-pack	Plastic Bomb Pack	OpenGameArt	CC0 1.0	2D	sci-fi,bomb,platic,c4,Action,Modern,Sci-Fi,Warfare,Other,Static Mesh	sci-fi/oga-plastic-bomb-pack	https://opengameart.org/content/plastic-bomb-pack	node cong-cu/lay.mjs 2d-assets oga-plastic-bomb-pack
oga-propellor	Propellor	OpenGameArt	CC0 1.0	2D	sci-fi,fantasy,airplane,broken,scrap,technology,Tempest in the Aether,machinery,Weekly Challenge,Action,Educational,Puzzle,RPG,Strategy	sci-fi/oga-propellor	https://opengameart.org/content/propellor	node cong-cu/lay.mjs 2d-assets oga-propellor
oga-pyramid-background-0	Pyramid Background	OpenGameArt	CC0 1.0	2D	sci-fi,fantasy,nature,tiles-terrain,background,vector,sun,desert,pyramid,Weekly Challenge,Ancient Egypt,Action,Educational,Puzzle,RPG,Strategy	sci-fi/oga-pyramid-background-0	https://opengameart.org/content/pyramid-background-0	node cong-cu/lay.mjs 2d-assets oga-pyramid-background-0
oga-quick-drill-fix	Quick Drill Fix	OpenGameArt	CC0 (theo 2d-assets, chua doi chieu ban goc)	2D	sci-fi,fantasy,robot,robotic,cute,machine,mechanical,electronic,micro,small,tiny,drill,drilling,squeeze	sci-fi/oga-quick-drill-fix	https://opengameart.org/content/quick-drill-fix	node cong-cu/lay.mjs 2d-assets oga-quick-drill-fix
oga-random-sound-effects	Random Sound effects	OpenGameArt	CC0 1.0	2D	sci-fi,fantasy,evil,scream,Effects,insect,squish,laughter,death,fear,anger,panic,mad,Evil laughing	sci-fi/oga-random-sound-effects	https://opengameart.org/content/random-sound-effects	node cong-cu/lay.mjs 2d-assets oga-random-sound-effects
oga-random-sounds-samples	Random Sounds Samples	OpenGameArt	CC0 1.0	2D	sci-fi,fantasy,Effects,cricket,ambience,dog,bark,footstep,walking,walk,leave,leaves,rustle,helpful	sci-fi/oga-random-sounds-samples	https://opengameart.org/content/random-sounds-samples	node cong-cu/lay.mjs 2d-assets oga-random-sounds-samples
oga-realistic-rocksboulders	Realistic Rocks/Boulders	OpenGameArt	CC0 1.0	2D	sci-fi,fantasy,nature,rocks,nature,scenery,Action,RPG,Strategy,Fantasy,Historical,Kids,Modern,Sci-Fi,Warfare	sci-fi/oga-realistic-rocksboulders	https://opengameart.org/content/realistic-rocksboulders	node cong-cu/lay.mjs 2d-assets oga-realistic-rocksboulders
oga-retro-deaddestroyeddamaged-sound	retro dead/destroyed/damaged sound	OpenGameArt	CC0 1.0	2D	sci-fi,fantasy,wav,damaged,retro,Action,Educational,Puzzle,RPG,Strategy,Fantasy,Historical,Kids,Modern	sci-fi/oga-retro-deaddestroyeddamaged-sound	https://opengameart.org/content/retro-deaddestroyeddamaged-sound	node cong-cu/lay.mjs 2d-assets oga-retro-deaddestroyeddamaged-sound
oga-rocket-fly-8-bit	Rocket Fly By (8-bit)	OpenGameArt	CC0 1.0	2D	sci-fi,rocket,flyby,fly by,propulsion,Weekly Challenge,Eight Bits,Action,Modern,Sci-Fi,Warfare,Battle,Spells	sci-fi/oga-rocket-fly-8-bit	https://opengameart.org/content/rocket-fly-8-bit	node cong-cu/lay.mjs 2d-assets oga-rocket-fly-8-bit
oga-rocket-launch	Rocket launch	OpenGameArt	CC0 1.0	2D	sci-fi,fantasy,star,space travel,launch,rocket,Sci-Fi,Friday Challenge,NASA,interstellar travel,fuel,fuel tank,ignition,To The Stars	sci-fi/oga-rocket-launch	https://opengameart.org/content/rocket-launch	node cong-cu/lay.mjs 2d-assets oga-rocket-launch
oga-rpg-frames-window-border-tiling-textures	RPG Frames: Window Border Tiling-Textures	OpenGameArt	CC0 1.0	2D	sci-fi,fantasy,frame,border,tiling,RPG,jrpg,RPG,Fantasy,Sci-Fi,Map Tileset	sci-fi/oga-rpg-frames-window-border-tiling-textures	https://opengameart.org/content/rpg-frames-window-border-tiling-textures	node cong-cu/lay.mjs 2d-assets oga-rpg-frames-window-border-tiling-textures
oga-sand-spell	Sand spell	OpenGameArt	CC0 (theo 2d-assets, chua doi chieu ban goc)	2D	sci-fi,fantasy,nature,sand,desert,wosh,hiss,Action,Puzzle,RPG,Strategy,Fantasy,Modern,Sci-Fi,Other	sci-fi/oga-sand-spell	https://opengameart.org/content/sand-spell	node cong-cu/lay.mjs 2d-assets oga-sand-spell
oga-sci-fi-elf-designs	Sci-Fi Elf Designs	OpenGameArt	CC0 (theo 2d-assets, chua doi chieu ban goc)	2D	sci-fi,fantasy,characters,elf,Sci-Fi,design,RPG,Fantasy,Modern,Sci-Fi,Other,Character	sci-fi/oga-sci-fi-elf-designs	https://opengameart.org/content/sci-fi-elf-designs	node cong-cu/lay.mjs 2d-assets oga-sci-fi-elf-designs
oga-sci-fi-rifle	Sci-Fi Rifle	OpenGameArt	CC0 1.0	2D	sci-fi,Sci-Fi,weapon,ranged,Action,Sci-Fi,Warfare,Static Mesh	sci-fi/oga-sci-fi-rifle	https://opengameart.org/content/sci-fi-rifle	node cong-cu/lay.mjs 2d-assets oga-sci-fi-rifle
oga-sci-fi-vehicle-sound	Sci-Fi Vehicle Sound	OpenGameArt	CC0 (theo 2d-assets, chua doi chieu ban goc)	2D	sci-fi,vehicles,Sci-Fi,Vehicle,spaceship,starship,die,land,Take Off,Action,Strategy,Modern,Sci-Fi,Warfare	sci-fi/oga-sci-fi-vehicle-sound	https://opengameart.org/content/sci-fi-vehicle-sound	node cong-cu/lay.mjs 2d-assets oga-sci-fi-vehicle-sound
oga-scoutship	Scoutship	OpenGameArt	CC0 1.0	2D	sci-fi,vehicles,space,ship,scout,spaceship,vessel,pinnace,ftl,drive,Action,Modern,Sci-Fi,Warfare	sci-fi/oga-scoutship	https://opengameart.org/content/scoutship	node cong-cu/lay.mjs 2d-assets oga-scoutship
oga-scratched-metal-crate	Scratched Metal Crate	OpenGameArt	CC0 1.0	2D	sci-fi,fantasy,metal,crate,box,normal map,bump map,Action,Educational,Puzzle,RPG,Strategy,Fantasy,Historical	sci-fi/oga-scratched-metal-crate	https://opengameart.org/content/scratched-metal-crate	node cong-cu/lay.mjs 2d-assets oga-scratched-metal-crate
oga-sf-female	SF Female	OpenGameArt	CC0 (theo 2d-assets, chua doi chieu ban goc)	2D	sci-fi,fantasy,female,manga,Fantasy,Kids,Sci-Fi	sci-fi/oga-sf-female	https://opengameart.org/content/sf-female	node cong-cu/lay.mjs 2d-assets oga-sf-female
oga-shipyard-v04-customizable-spaceships	Shipyard v0.4 customizable spaceships	OpenGameArt	CC0 1.0	2D	sci-fi,spaceship,space,Sci-Fi,blender,Action,Strategy,Warfare,Static Mesh	sci-fi/oga-shipyard-v04-customizable-spaceships	https://opengameart.org/content/shipyard-v04-customizable-spaceships	node cong-cu/lay.mjs 2d-assets oga-shipyard-v04-customizable-spaceships
oga-short-wind-sound	Short wind sound	OpenGameArt	CC0 1.0	2D	sci-fi,fantasy,air,wind,Action,Educational,Puzzle,RPG,Strategy,Fantasy,Historical,Kids,Modern,Sci-Fi	sci-fi/oga-short-wind-sound	https://opengameart.org/content/short-wind-sound	node cong-cu/lay.mjs 2d-assets oga-short-wind-sound
oga-sinister-laugh	Sinister Laugh	OpenGameArt	CC0 1.0	2D	sci-fi,fantasy,evil laugh,sinister laugh,evil,laughter,Action,RPG,Strategy,Fantasy,Modern,Sci-Fi,Warfare,Other	sci-fi/oga-sinister-laugh	https://opengameart.org/content/sinister-laugh	node cong-cu/lay.mjs 2d-assets oga-sinister-laugh
oga-skin-cells-touch	Skin cells touch	OpenGameArt	CC0 1.0	2D	sci-fi,fantasy,evil,Ambient,piano,synth,suspense,Resident,pad,sorrow,Fantasy,Sci-Fi,Other,Instrumental	sci-fi/oga-skin-cells-touch	https://opengameart.org/content/skin-cells-touch	node cong-cu/lay.mjs 2d-assets oga-skin-cells-touch
oga-small-pest-aliencreature	Small pest alien/creature	OpenGameArt	CC0 1.0	2D	sci-fi,fantasy,grunts,alien,creature,future,futuristic,fps,jumps,taunts,deaths,Action,Fantasy,Modern	sci-fi/oga-small-pest-aliencreature	https://opengameart.org/content/small-pest-aliencreature	node cong-cu/lay.mjs 2d-assets oga-small-pest-aliencreature
oga-smart-bomb	Smart Bomb	OpenGameArt	CC0 (theo 2d-assets, chua doi chieu ban goc)	2D	sci-fi,characters,smart bomb,Action,Sci-Fi,Sprite,Enemy	sci-fi/oga-smart-bomb	https://opengameart.org/content/smart-bomb	node cong-cu/lay.mjs 2d-assets oga-smart-bomb
oga-smuggling-ship	Smuggling ship	OpenGameArt	CC0 1.0	2D	sci-fi,vehicles,spaceship,vessel,space,ship,scifi,Action,Strategy,Modern,Sci-Fi,Warfare,Other,Static Mesh	sci-fi/oga-smuggling-ship	https://opengameart.org/content/smuggling-ship	node cong-cu/lay.mjs 2d-assets oga-smuggling-ship
oga-so-thats-coming-along	So that's coming along...	OpenGameArt	CC0 1.0	2D	sci-fi,fantasy,evil,laugh,diabolical,cackle,Action,RPG,Fantasy,Kids,Sci-Fi,Other,Voice	sci-fi/oga-so-thats-coming-along	https://opengameart.org/content/so-thats-coming-along	node cong-cu/lay.mjs 2d-assets oga-so-thats-coming-along
oga-space-backdrop	Space Backdrop	OpenGameArt	CC0 1.0	2D	sci-fi,tiles-terrain,space,stars,starfield,Sci-Fi,background,Storyboard	sci-fi/oga-space-backdrop	https://opengameart.org/content/space-backdrop	node cong-cu/lay.mjs 2d-assets oga-space-backdrop
oga-space-background	Space background	OpenGameArt	CC0 1.0	2D	sci-fi,tiles-terrain,space,Action,Sci-Fi,background,Storyboard	sci-fi/oga-space-background	https://opengameart.org/content/space-background	node cong-cu/lay.mjs 2d-assets oga-space-background
oga-space-background-0	Space Background	OpenGameArt	CC0 1.0	2D	sci-fi,tiles-terrain,space,background,stars,Horsehead Nebula,Sci-Fi,Other,background,Storyboard	sci-fi/oga-space-background-0	https://opengameart.org/content/space-background-0	node cong-cu/lay.mjs 2d-assets oga-space-background-0
oga-space-background-asteroid	Space Background Asteroid	OpenGameArt	CC0 1.0	2D	sci-fi,tiles-terrain,space,background,asteroid,stars,Sci-Fi,Other,background,Storyboard	sci-fi/oga-space-background-asteroid	https://opengameart.org/content/space-background-asteroid	node cong-cu/lay.mjs 2d-assets oga-space-background-asteroid
oga-space-blocks	Space blocks	OpenGameArt	CC0 1.0	2D	sci-fi,space,block,brick,rectangle,object,cargo,box,container,prop,shippment,Action,Puzzle	sci-fi/oga-space-blocks	https://opengameart.org/content/space-blocks	node cong-cu/lay.mjs 2d-assets oga-space-blocks
oga-space-laser	Space Laser	OpenGameArt	CC0 1.0	2D	sci-fi,space,laser,flange,reverb,Action,Sci-Fi,Warfare,Spells	sci-fi/oga-space-laser	https://opengameart.org/content/space-laser	node cong-cu/lay.mjs 2d-assets oga-space-laser
oga-space-music	Space Music	OpenGameArt	CC0 1.0	2D	sci-fi,fantasy,space,electric,Techno,fast,Fantasy,Modern,Sci-Fi,Other,Instrumental	sci-fi/oga-space-music	https://opengameart.org/content/space-music	node cong-cu/lay.mjs 2d-assets oga-space-music
oga-space-ship-floating-sounds2	Space ship floating sounds(2)	OpenGameArt	CC0 1.0	2D	sci-fi,fantasy,space ship,floating,Strategy,Fantasy,Modern,Sci-Fi,Other	sci-fi/oga-space-ship-floating-sounds2	https://opengameart.org/content/space-ship-floating-sounds2	node cong-cu/lay.mjs 2d-assets oga-space-ship-floating-sounds2
oga-space-ship-shield-sounds	Space Ship Shield Sounds	OpenGameArt	CC0 1.0	2D	sci-fi,vehicles,space,ship,shield,starship,Sci-Fi,Warfare,Spells	sci-fi/oga-space-ship-shield-sounds	https://opengameart.org/content/space-ship-shield-sounds	node cong-cu/lay.mjs 2d-assets oga-space-ship-shield-sounds
oga-space-ship-sprite-sheet	Space ship sprite sheet.	OpenGameArt	CC0 1.0	2D	sci-fi,vehicles,characters,spaceship,Sci-Fi,ship,space,space ship,gimp,spritesheet,Sprite,Action,Enemy,Vehicle,Top-down	sci-fi/oga-space-ship-sprite-sheet	https://opengameart.org/content/space-ship-sprite-sheet	node cong-cu/lay.mjs 2d-assets oga-space-ship-sprite-sheet
oga-space-starter-kit	Space Starter Kit	OpenGameArt	CC0 1.0	2D	sci-fi,vehicles,characters,tiles-terrain,galaga,space,stars,ufo,starfighter,Weekly Challenge,Sci-Fi,background,Storyboard,Enemy,Vehicle,Top-down	sci-fi/oga-space-starter-kit	https://opengameart.org/content/space-starter-kit	node cong-cu/lay.mjs 2d-assets oga-space-starter-kit
oga-space-stuff	Space stuff	OpenGameArt	CC0 1.0	2D	sci-fi,characters,space,gun,weapon,bullet,ammo,ammunition,energy,Item,radar,antenna,astronaut,cosmos	sci-fi/oga-space-stuff	https://opengameart.org/content/space-stuff	node cong-cu/lay.mjs 2d-assets oga-space-stuff
oga-spaceship-set-32x32px	Spaceship set 32x32px	OpenGameArt	CC0 1.0	2D	sci-fi,characters,Weekly Challenge,spaceship,pixel,shooter,Flight,32x32,topdown,Action,Strategy,Sci-Fi,Warfare,Pixel Art	sci-fi/oga-spaceship-set-32x32px	https://opengameart.org/content/spaceship-set-32x32px	node cong-cu/lay.mjs 2d-assets oga-spaceship-set-32x32px
oga-spacy-cloudnebula-backgrounds	Spacy cloud/nebula backgrounds	OpenGameArt	CC0 (theo 2d-assets, chua doi chieu ban goc)	2D	sci-fi,tiles-terrain,space,sky,homeworld,nebula,skybox,clouds,Sci-Fi,background,Storyboard	sci-fi/oga-spacy-cloudnebula-backgrounds	https://opengameart.org/content/spacy-cloudnebula-backgrounds	node cong-cu/lay.mjs 2d-assets oga-spacy-cloudnebula-backgrounds
oga-spell-sounds	Spell sounds	OpenGameArt	CC0 1.0	2D	sci-fi,fantasy,spell,noise,synth,Action,RPG,Fantasy,Sci-Fi,Other,Battle,Spells	sci-fi/oga-spell-sounds	https://opengameart.org/content/spell-sounds	node cong-cu/lay.mjs 2d-assets oga-spell-sounds
oga-spoof-pixel-ships	Spoof Pixel Ships	OpenGameArt	CC0 1.0	2D	sci-fi,spoof,pixel,spaceship,Action,Sci-Fi,Raster Art,Pixel Art,Sprite	sci-fi/oga-spoof-pixel-ships	https://opengameart.org/content/spoof-pixel-ships	node cong-cu/lay.mjs 2d-assets oga-spoof-pixel-ships
oga-spoof-pixel-ships-jungle-enemies	Spoof Pixel Ships Jungle Enemies	OpenGameArt	CC0 (theo 2d-assets, chua doi chieu ban goc)	2D	sci-fi,characters,Action,Sci-Fi,Other,Pixel Art,Sprite,Enemy	sci-fi/oga-spoof-pixel-ships-jungle-enemies	https://opengameart.org/content/spoof-pixel-ships-jungle-enemies	node cong-cu/lay.mjs 2d-assets oga-spoof-pixel-ships-jungle-enemies
oga-spring-sounds	Spring sounds	OpenGameArt	CC0 1.0	2D	sci-fi,spring,boing,Tempest in the Aether,Weekly Challenge,Historical,Kids,Modern,Sci-Fi,Other	sci-fi/oga-spring-sounds	https://opengameart.org/content/spring-sounds	node cong-cu/lay.mjs 2d-assets oga-spring-sounds
oga-star	Star	OpenGameArt	CC0 1.0	2D	sci-fi,Friday Challenge,To The Stars,Strategy,Kids,Sci-Fi,Sprite,Effects,Item	sci-fi/oga-star	https://opengameart.org/content/star	node cong-cu/lay.mjs 2d-assets oga-star
oga-star-0	Star	OpenGameArt	CC0 1.0	2D	sci-fi,fantasy,star,bonus,health,power up,spin,Action,Educational,Puzzle,RPG,Strategy,Fantasy,Kids	sci-fi/oga-star-0	https://opengameart.org/content/star-0	node cong-cu/lay.mjs 2d-assets oga-star-0
oga-starship-corvette	Starship Corvette	OpenGameArt	CC0 1.0	2D	sci-fi,vehicles,starship,space,Friday Challenge,To The Stars,ship,shuttle,corvette,frigate,Action,Sci-Fi,Warfare,Static Mesh	sci-fi/oga-starship-corvette	https://opengameart.org/content/starship-corvette	node cong-cu/lay.mjs 2d-assets oga-starship-corvette
oga-starting-of-the-universe	Starting of the universe	OpenGameArt	CC0 1.0	2D	sci-fi,fantasy,starting,universe,vocoder,Guitar,piano,Educational,Puzzle,RPG,Fantasy,Modern,Sci-Fi,Other	sci-fi/oga-starting-of-the-universe	https://opengameart.org/content/starting-of-the-universe	node cong-cu/lay.mjs 2d-assets oga-starting-of-the-universe
oga-steam-boiler-sound-loop	Steam boiler sound loop	OpenGameArt	CC0 1.0	2D	sci-fi,generator,loop,Tempest in the Aether,steampunk,Weekly Challenge,Historical,Modern,Sci-Fi,Other,Ambient	sci-fi/oga-steam-boiler-sound-loop	https://opengameart.org/content/steam-boiler-sound-loop	node cong-cu/lay.mjs 2d-assets oga-steam-boiler-sound-loop
oga-steam-monster	Steam monster	OpenGameArt	CC0 1.0	2D	sci-fi,fantasy,vehicles,characters,steam,steampunk,Weekly Challenge,Steampunk Style,monster,metal,face,Action,Puzzle,RPG,Strategy,Fantasy	sci-fi/oga-steam-monster	https://opengameart.org/content/steam-monster	node cong-cu/lay.mjs 2d-assets oga-steam-monster
oga-steampunk-goggles	Steampunk Goggles	OpenGameArt	CC0 1.0	2D	sci-fi,fantasy,Tempest in the Aether,accessories,Action,RPG,Strategy,Fantasy,Historical,Sci-Fi,Warfare,Static Mesh	sci-fi/oga-steampunk-goggles	https://opengameart.org/content/steampunk-goggles	node cong-cu/lay.mjs 2d-assets oga-steampunk-goggles
oga-stone-brick-wall-golgotha-stone1512jpg	Stone Brick Wall Golgotha: stone1512.jpg	OpenGameArt	CC0 1.0	2D	sci-fi,fantasy,Fantasy,Modern,Sci-Fi,Raster Art,stone,brick,wall	sci-fi/oga-stone-brick-wall-golgotha-stone1512jpg	https://opengameart.org/content/stone-brick-wall-golgotha-stone1512jpg	node cong-cu/lay.mjs 2d-assets oga-stone-brick-wall-golgotha-stone1512jpg
oga-street-lines	Street Lines	OpenGameArt	CC0 1.0	2D	sci-fi,fantasy,modern-urban,street,road,Action,Educational,Puzzle,RPG,Strategy,Fantasy,Historical,Kids,Modern,Sci-Fi	sci-fi/oga-street-lines	https://opengameart.org/content/street-lines	node cong-cu/lay.mjs 2d-assets oga-street-lines
oga-suitcase-bomb-pack	Suitcase Bomb Pack	OpenGameArt	CC0 1.0	2D	sci-fi,money,bomb,suitcase,Action,Modern,Sci-Fi,Warfare,Other,Static Mesh	sci-fi/oga-suitcase-bomb-pack	https://opengameart.org/content/suitcase-bomb-pack	node cong-cu/lay.mjs 2d-assets oga-suitcase-bomb-pack
oga-techno-geek	tEcHNo gEeK	OpenGameArt	CC0 1.0	2D	sci-fi,fantasy,Techno,space,Bass,groove,beats,Action,RPG,Strategy,Modern,Sci-Fi,Other,Instrumental	sci-fi/oga-techno-geek	https://opengameart.org/content/techno-geek	node cong-cu/lay.mjs 2d-assets oga-techno-geek
oga-the-sun	The Sun	OpenGameArt	CC0 1.0	2D	sci-fi,fantasy,nature,tiles-terrain,sun,high,hi,res,resolution,solar,Public Treasure Hunt,Weekly Challenge,Educational,Fantasy,Sci-Fi,background	sci-fi/oga-the-sun	https://opengameart.org/content/the-sun	node cong-cu/lay.mjs 2d-assets oga-the-sun
oga-the-trial-illustration	The Trial Illustration	OpenGameArt	CC0 (theo 2d-assets, chua doi chieu ban goc)	2D	sci-fi,fantasy,tiles-terrain,trial,illustration,RPG,Fantasy,Modern,Sci-Fi,Other,background,Storyboard,Raster Art,Vector Art	sci-fi/oga-the-trial-illustration	https://opengameart.org/content/the-trial-illustration	node cong-cu/lay.mjs 2d-assets oga-the-trial-illustration
oga-top-down-space-fighter-sprite	Top-down space fighter sprite	OpenGameArt	CC0 1.0	2D	sci-fi,vehicles,Sci-Fi,Sprite,Vehicle,Top-down	sci-fi/oga-top-down-space-fighter-sprite	https://opengameart.org/content/top-down-space-fighter-sprite	node cong-cu/lay.mjs 2d-assets oga-top-down-space-fighter-sprite
oga-torch	Torch	OpenGameArt	CC0 1.0	2D	sci-fi,torch,poly,low-poly,light,low,lamp,flashlight,Action,Strategy,Modern,Sci-Fi,Warfare	sci-fi/oga-torch	https://opengameart.org/content/torch	node cong-cu/lay.mjs 2d-assets oga-torch
oga-tragic-ambient-main-menu	Tragic ambient main menu	OpenGameArt	CC0 1.0	2D	sci-fi,fantasy,characters,zombie,death,Ambient,space,kill,Main,menu,tragic,Action,Fantasy,Sci-Fi,Warfare	sci-fi/oga-tragic-ambient-main-menu	https://opengameart.org/content/tragic-ambient-main-menu	node cong-cu/lay.mjs 2d-assets oga-tragic-ambient-main-menu
oga-tree-bark-close-and-far-1024-and-2048	Tree bark (close and far, 1024 and 2048)	OpenGameArt	CC0 1.0	2D	sci-fi,fantasy,nature,bark,Wood,tree,vegetation,wooden,Action,Educational,Puzzle,RPG,Strategy,Fantasy,Historical	sci-fi/oga-tree-bark-close-and-far-1024-and-2048	https://opengameart.org/content/tree-bark-close-and-far-1024-and-2048	node cong-cu/lay.mjs 2d-assets oga-tree-bark-close-and-far-1024-and-2048
oga-tree-bark-dark-to-light-4096x2048	Tree bark (dark to light) 4096x2048	OpenGameArt	CC0 1.0	2D	sci-fi,fantasy,nature,bark,tree,plant,vegetation,Wood,hard,gimp,xcf,Action,Educational,Puzzle,RPG	sci-fi/oga-tree-bark-dark-to-light-4096x2048	https://opengameart.org/content/tree-bark-dark-to-light-4096x2048	node cong-cu/lay.mjs 2d-assets oga-tree-bark-dark-to-light-4096x2048
oga-treeman	treeman	OpenGameArt	CC0 (theo 2d-assets, chua doi chieu ban goc)	2D	sci-fi,fantasy,nature,characters,tree,man,RPG,Fantasy,Sci-Fi,Character,horror,scary,freak,monster	sci-fi/oga-treeman	https://opengameart.org/content/treeman	node cong-cu/lay.mjs 2d-assets oga-treeman
oga-turret	turret	OpenGameArt	CC0 (theo 2d-assets, chua doi chieu ban goc)	2D	sci-fi,turret,gun,weapons,cannon,defense,chaingun,defence,machine gun,Sci-Fi,Warfare,Static Mesh	sci-fi/oga-turret	https://opengameart.org/content/turret	node cong-cu/lay.mjs 2d-assets oga-turret
oga-undead-trader-quotes	undead trader quotes.	OpenGameArt	CC0 1.0	2D	sci-fi,fantasy,flare,undead,man,trader,voices,buying,what,trade,Action,RPG,Strategy,Fantasy	sci-fi/oga-undead-trader-quotes	https://opengameart.org/content/undead-trader-quotes	node cong-cu/lay.mjs 2d-assets oga-undead-trader-quotes
oga-upside-down-grin-freaky-ambient	Upside Down Grin (freaky Ambient)	OpenGameArt	CC0 1.0	2D	sci-fi,fantasy,evil,kill,Halloween,Weekly Challenge,alleyway,hopeless,gruesome,scared,Action,RPG,Fantasy,Historical	sci-fi/oga-upside-down-grin-freaky-ambient	https://opengameart.org/content/upside-down-grin-freaky-ambient	node cong-cu/lay.mjs 2d-assets oga-upside-down-grin-freaky-ambient
oga-urban-decay-textures-1	Urban Decay Textures 1	OpenGameArt	CC0 1.0	2D	sci-fi,fantasy,modern-urban,stone,brick,rust,Post-Apocalyptic,urban,decay,cracks,RPG,Historical,Modern,Sci-Fi,Warfare	sci-fi/oga-urban-decay-textures-1	https://opengameart.org/content/urban-decay-textures-1	node cong-cu/lay.mjs 2d-assets oga-urban-decay-textures-1
oga-urban-decay-textures-2	Urban Decay Textures 2	OpenGameArt	CC0 1.0	2D	sci-fi,fantasy,modern-urban,stone,brick,rust,Post-Apocalyptic,urban,decay,cracks,RPG,Historical,Modern,Sci-Fi,Warfare	sci-fi/oga-urban-decay-textures-2	https://opengameart.org/content/urban-decay-textures-2	node cong-cu/lay.mjs 2d-assets oga-urban-decay-textures-2
oga-urban-decay-textures-3	Urban Decay Textures 3	OpenGameArt	CC0 1.0	2D	sci-fi,fantasy,modern-urban,stone,brick,rust,Post-Apocalyptic,urban,decay,cracks,RPG,Historical,Modern,Sci-Fi,Warfare	sci-fi/oga-urban-decay-textures-3	https://opengameart.org/content/urban-decay-textures-3	node cong-cu/lay.mjs 2d-assets oga-urban-decay-textures-3
oga-various-old-paper-stains-drops-and-other	various old paper stains, drops and other	OpenGameArt	CC0 1.0	2D	sci-fi,fantasy,tiles-terrain,tear,stain,stained,paper,stains,drops,marks,dirt,war,Post-Apocalyptic,old,worn	sci-fi/oga-various-old-paper-stains-drops-and-other	https://opengameart.org/content/various-old-paper-stains-drops-and-other	node cong-cu/lay.mjs 2d-assets oga-various-old-paper-stains-drops-and-other
oga-very-low-poly-human	Very Low Poly Human	OpenGameArt	CC0 1.0	2D	sci-fi,fantasy,human,low poly,male,Action,Educational,Puzzle,RPG,Strategy,Fantasy,Historical,Kids,Modern	sci-fi/oga-very-low-poly-human	https://opengameart.org/content/very-low-poly-human	node cong-cu/lay.mjs 2d-assets oga-very-low-poly-human
oga-wall-grass-rock-stone-wood-and-dirt-480	Wall, grass, rock, stone, wood and dirt (480)	OpenGameArt	CC0 1.0	2D	sci-fi,fantasy,nature,dirt,wall,grass,Rock,stone,Wood,ground,paving,planks,clover,leaves,thatch	sci-fi/oga-wall-grass-rock-stone-wood-and-dirt-480	https://opengameart.org/content/wall-grass-rock-stone-wood-and-dirt-480	node cong-cu/lay.mjs 2d-assets oga-wall-grass-rock-stone-wood-and-dirt-480
oga-warp-engine-engage-sound	Warp Engine Engage Sound	OpenGameArt	CC0 1.0	2D	sci-fi,warp,engine,starship,space,hyperspace,Sci-Fi	sci-fi/oga-warp-engine-engage-sound	https://opengameart.org/content/warp-engine-engage-sound	node cong-cu/lay.mjs 2d-assets oga-warp-engine-engage-sound
oga-weapon-box-pack	Weapon Box Pack	OpenGameArt	CC0 1.0	2D	sci-fi,weapon,box,Action,Modern,Sci-Fi,Warfare,Other,Static Mesh	sci-fi/oga-weapon-box-pack	https://opengameart.org/content/weapon-box-pack	node cong-cu/lay.mjs 2d-assets oga-weapon-box-pack
oga-wind-hit-time-morph	Wind, hit, time morph	OpenGameArt	CC0 1.0	2D	sci-fi,time,warp,swosh,hit,swoosh,matrix,distortion,distort,bullet time,Modern,Sci-Fi,Other	sci-fi/oga-wind-hit-time-morph	https://opengameart.org/content/wind-hit-time-morph	node cong-cu/lay.mjs 2d-assets oga-wind-hit-time-morph
oga-wind1	wind1	OpenGameArt	CC0 1.0	2D	sci-fi,fantasy,wind,PD,Action,RPG,Strategy,Fantasy,Historical,Modern,Sci-Fi,Warfare,Ambient,Battle	sci-fi/oga-wind1	https://opengameart.org/content/wind1	node cong-cu/lay.mjs 2d-assets oga-wind1
oga-wireframe-portrait	Wireframe Portrait	OpenGameArt	CC0 (theo 2d-assets, chua doi chieu ban goc)	2D	sci-fi,Portrait,scifi,wireframe,Sci-Fi,Portrait	sci-fi/oga-wireframe-portrait	https://opengameart.org/content/wireframe-portrait	node cong-cu/lay.mjs 2d-assets oga-wireframe-portrait
planets	Planets	Kenney	CC0 1.0	2D	sci-fi,galaxy,planet,space	sci-fi/planets	https://kenney.nl/assets/planets	node cong-cu/lay.mjs 2d-assets planets
platformer-pack-industrial	Platformer Pack Industrial	Kenney	CC0 1.0	2D	sci-fi,modern-urban,tiles-terrain,industrial,metal,platformer,space,tile	sci-fi/platformer-pack-industrial	https://kenney.nl/assets/platformer-pack-industrial	node cong-cu/lay.mjs 2d-assets platformer-pack-industrial
robot-pack	Robot Pack	Kenney	CC0 1.0	2D	sci-fi,characters,character,robot	sci-fi/robot-pack	https://kenney.nl/assets/robot-pack	node cong-cu/lay.mjs 2d-assets robot-pack
sci-fi-rts	Sci-Fi RTS	Kenney	CC0 1.0	2D	sci-fi,modern-urban,tiles-terrain,building,future,map,rts,sci-fi,tile	sci-fi/sci-fi-rts	https://kenney.nl/assets/sci-fi-rts	node cong-cu/lay.mjs 2d-assets sci-fi-rts
simple-space	Simple Space	Kenney	CC0 1.0	2D	sci-fi,tiles-terrain,map,sci-fi,space	sci-fi/simple-space	https://kenney.nl/assets/simple-space	node cong-cu/lay.mjs 2d-assets simple-space
space-shooter-extension	Space Shooter Extension	Kenney	CC0 1.0	2D	sci-fi,vehicles,ship,space	sci-fi/space-shooter-extension	https://kenney.nl/assets/space-shooter-extension	node cong-cu/lay.mjs 2d-assets space-shooter-extension
space-shooter-remastered	Space Shooter Remastered	Kenney	CC0 1.0	2D	sci-fi,vehicles,laser,space,vehicle,weapon	sci-fi/space-shooter-remastered	https://kenney.nl/assets/space-shooter-remastered	node cong-cu/lay.mjs 2d-assets space-shooter-remastered
background-elements	Background Elements	Kenney	CC0 1.0	2D	tiles-terrain,background	tiles-terrain/background-elements	https://kenney.nl/assets/background-elements	node cong-cu/lay.mjs 2d-assets background-elements
background-elements-remastered	Background Elements Remastered	Kenney	CC0 1.0	2D	tiles-terrain,background	tiles-terrain/background-elements-remastered	https://kenney.nl/assets/background-elements-remastered	node cong-cu/lay.mjs 2d-assets background-elements-remastered
isometric-blocks	Isometric Blocks	Kenney	CC0 1.0	2D	tiles-terrain,block,isometric	tiles-terrain/isometric-blocks	https://kenney.nl/assets/isometric-blocks	node cong-cu/lay.mjs 2d-assets isometric-blocks
isometric-miniature-bases	Isometric Miniature Bases	Kenney	CC0 1.0	2D	tiles-terrain,base,isometric,tabletop	tiles-terrain/isometric-miniature-bases	https://kenney.nl/assets/isometric-miniature-bases	node cong-cu/lay.mjs 2d-assets isometric-miniature-bases
isometric-miniature-library	Isometric Miniature Library	Kenney	CC0 1.0	2D	tiles-terrain,isometric,library	tiles-terrain/isometric-miniature-library	https://kenney.nl/assets/isometric-miniature-library	node cong-cu/lay.mjs 2d-assets isometric-miniature-library
isometric-miniature-prototype	Isometric Miniature Prototype	Kenney	CC0 1.0	2D	tiles-terrain,isometric,prototype	tiles-terrain/isometric-miniature-prototype	https://kenney.nl/assets/isometric-miniature-prototype	node cong-cu/lay.mjs 2d-assets isometric-miniature-prototype
letter-tiles	Letter Tiles	Kenney	CC0 1.0	2D	tiles-terrain,letter,puzzle,tile	tiles-terrain/letter-tiles	https://kenney.nl/assets/letter-tiles	node cong-cu/lay.mjs 2d-assets letter-tiles
map-pack	Map Pack	Kenney	CC0 1.0	2D	tiles-terrain,map,oopi,overworld,tile,world	tiles-terrain/map-pack	https://kenney.nl/assets/map-pack	node cong-cu/lay.mjs 2d-assets map-pack
minimap-pack	Minimap Pack	Kenney	CC0 1.0	2D	tiles-terrain,map,metroidvania,minimap,pixel,search action,ui	tiles-terrain/minimap-pack	https://kenney.nl/assets/minimap-pack	node cong-cu/lay.mjs 2d-assets minimap-pack
oga-background-voices	Background voices	OpenGameArt	CC0 1.0	2D	tiles-terrain,background,growl,moan,temple,Vocals,Voice,Other	tiles-terrain/oga-background-voices	https://opengameart.org/content/background-voices	node cong-cu/lay.mjs 2d-assets oga-background-voices
oga-backgrounds	Backgrounds	OpenGameArt	CC0 1.0	2D	tiles-terrain,background,Puzzle,Other,Storyboard	tiles-terrain/oga-backgrounds	https://opengameart.org/content/backgrounds	node cong-cu/lay.mjs 2d-assets oga-backgrounds
oga-basic-grass	Basic Grass	OpenGameArt	CC0 1.0	2D	tiles-terrain,grass,Other,Map	tiles-terrain/oga-basic-grass	https://opengameart.org/content/basic-grass	node cong-cu/lay.mjs 2d-assets oga-basic-grass
oga-brick-patterns	Brick patterns	OpenGameArt	CC0 1.0	2D	tiles-terrain,brick,wall,colored,red,background,pattern,Modern,Storyboard,stone,Map Tileset,Vector Art	tiles-terrain/oga-brick-patterns	https://opengameart.org/content/brick-patterns	node cong-cu/lay.mjs 2d-assets oga-brick-patterns
oga-diamond-tile	Diamond Tile	OpenGameArt	CC0 1.0	2D	tiles-terrain,checkerboard,diagonal,diamond,tile,Modern,background,Storyboard,Vector Art	tiles-terrain/oga-diamond-tile	https://opengameart.org/content/diamond-tile	node cong-cu/lay.mjs 2d-assets oga-diamond-tile
oga-hex-tiles	Hex Tiles	OpenGameArt	CC0 1.0	2D	tiles-terrain,tile,background,hexagon,flooring,Modern,background,Storyboard,Effects,Vector Art	tiles-terrain/oga-hex-tiles	https://opengameart.org/content/hex-tiles	node cong-cu/lay.mjs 2d-assets oga-hex-tiles
oga-isoball-project-tiles	IsoBall Project Tiles	OpenGameArt	CC0 1.0	2D	tiles-terrain,pixelart,tiles,Isometric,ball,.png,Isometric,Puzzle,Other,Map,tileset,Pixel Art	tiles-terrain/oga-isoball-project-tiles	https://opengameart.org/content/isoball-project-tiles	node cong-cu/lay.mjs 2d-assets oga-isoball-project-tiles
oga-platformer-level-design	Platformer level design	OpenGameArt	CC0 (theo 2d-assets, chua doi chieu ban goc)	2D	tiles-terrain,vector,level,tiled,sketch,Action,Kids,background,Storyboard,Map,tileset,Vector Art	tiles-terrain/oga-platformer-level-design	https://opengameart.org/content/platformer-level-design	node cong-cu/lay.mjs 2d-assets oga-platformer-level-design
oga-rain-gutter-loop	Rain in the Gutter Loop	OpenGameArt	CC0 1.0	2D	tiles-terrain,rain,Gutter,Ambient,ambience,background,Other	tiles-terrain/oga-rain-gutter-loop	https://opengameart.org/content/rain-gutter-loop	node cong-cu/lay.mjs 2d-assets oga-rain-gutter-loop
oga-steel-plate-tiles	Steel Plate Tiles	OpenGameArt	CC0 1.0	2D	tiles-terrain,tile,steel,plate,background,Modern,Other,Storyboard,metal,Vector Art	tiles-terrain/oga-steel-plate-tiles	https://opengameart.org/content/steel-plate-tiles	node cong-cu/lay.mjs 2d-assets oga-steel-plate-tiles
oga-tilings	Tilings	OpenGameArt	CC0 1.0	2D	tiles-terrain,tiling,geometry,pattern,algorithm,code,tiles,Weekly Challenge,Public Treasure Hunt,Other,Static Mesh	tiles-terrain/oga-tilings	https://opengameart.org/content/tilings	node cong-cu/lay.mjs 2d-assets oga-tilings
pixel-line-platformer	Pixel Line Platformer	Kenney	CC0 1.0	2D	tiles-terrain,godot,pixel,platformer	tiles-terrain/pixel-line-platformer	https://kenney.nl/assets/pixel-line-platformer	node cong-cu/lay.mjs 2d-assets pixel-line-platformer
pixel-platformer	Pixel Platformer	Kenney	CC0 1.0	2D	tiles-terrain,oopi,pixel,platformer	tiles-terrain/pixel-platformer	https://kenney.nl/assets/pixel-platformer	node cong-cu/lay.mjs 2d-assets pixel-platformer
pixel-platformer-food-expansion	Pixel Platformer Food Expansion	Kenney	CC0 1.0	2D	tiles-terrain,food,pixel,platformer	tiles-terrain/pixel-platformer-food-expansion	https://kenney.nl/assets/pixel-platformer-food-expansion	node cong-cu/lay.mjs 2d-assets pixel-platformer-food-expansion
platformer-art-candy	Platformer Art Candy	Kenney	CC0 1.0	2D	tiles-terrain,candy,platformer,tile	tiles-terrain/platformer-art-candy	https://kenney.nl/assets/platformer-art-candy	node cong-cu/lay.mjs 2d-assets platformer-art-candy
platformer-art-deluxe	Platformer Art Deluxe	Kenney	CC0 1.0	2D	tiles-terrain,oopi,platformer,tile	tiles-terrain/platformer-art-deluxe	https://kenney.nl/assets/platformer-art-deluxe	node cong-cu/lay.mjs 2d-assets platformer-art-deluxe
platformer-art-extended-tileset	Platformer Art Extended Tileset	Kenney	CC0 1.0	2D	tiles-terrain,platformer,tile	tiles-terrain/platformer-art-extended-tileset	https://kenney.nl/assets/platformer-art-extended-tileset	node cong-cu/lay.mjs 2d-assets platformer-art-extended-tileset
platformer-art-mushrooms	Platformer Art Mushrooms	Kenney	CC0 1.0	2D	tiles-terrain,mushroom,platformer,tile	tiles-terrain/platformer-art-mushrooms	https://kenney.nl/assets/platformer-art-mushrooms	node cong-cu/lay.mjs 2d-assets platformer-art-mushrooms
platformer-art-pixel	Platformer Art Pixel	Kenney	CC0 1.0	2D	tiles-terrain,oopi,pixel,platformer,tile	tiles-terrain/platformer-art-pixel	https://kenney.nl/assets/platformer-art-pixel	node cong-cu/lay.mjs 2d-assets platformer-art-pixel
platformer-art-requests	Platformer Art Requests	Kenney	CC0 1.0	2D	tiles-terrain,platformer,tile,weapon	tiles-terrain/platformer-art-requests	https://kenney.nl/assets/platformer-art-requests	node cong-cu/lay.mjs 2d-assets platformer-art-requests
platformer-art-winter	Platformer Art Winter	Kenney	CC0 1.0	2D	tiles-terrain,platformer,tile,winter	tiles-terrain/platformer-art-winter	https://kenney.nl/assets/platformer-art-winter	node cong-cu/lay.mjs 2d-assets platformer-art-winter
rune-pack	Rune Pack	Kenney	CC0 1.0	2D	tiles-terrain,puzzle,rune,stone,tile	tiles-terrain/rune-pack	https://kenney.nl/assets/rune-pack	node cong-cu/lay.mjs 2d-assets rune-pack
scribble-platformer	Scribble Platformer	Kenney	CC0 1.0	2D	tiles-terrain,platformer	tiles-terrain/scribble-platformer	https://kenney.nl/assets/scribble-platformer	node cong-cu/lay.mjs 2d-assets scribble-platformer
shooting-gallery	Shooting Gallery	Kenney	CC0 1.0	2D	tiles-terrain,background,hud,shoot	tiles-terrain/shooting-gallery	https://kenney.nl/assets/shooting-gallery	node cong-cu/lay.mjs 2d-assets shooting-gallery
simplified-platformer-pack	Simplified Platformer Pack	Kenney	CC0 1.0	2D	tiles-terrain,platformer,tile	tiles-terrain/simplified-platformer-pack	https://kenney.nl/assets/simplified-platformer-pack	node cong-cu/lay.mjs 2d-assets simplified-platformer-pack
board-game-icons	Board Game Icons	Kenney	CC0 1.0	2D	ui,board,card,icon,interface	ui/board-game-icons	https://kenney.nl/assets/board-game-icons	node cong-cu/lay.mjs 2d-assets board-game-icons
board-game-info	Board Game Info	Kenney	CC0 1.0	2D	ui,board,icon,information,interface	ui/board-game-info	https://kenney.nl/assets/board-game-info	node cong-cu/lay.mjs 2d-assets board-game-info
cartography-pack	Cartography Pack	Kenney	CC0 1.0	2D	ui,fantasy,modern-urban,tiles-terrain,castle,fantasy,icon,map,town	ui/cartography-pack	https://kenney.nl/assets/cartography-pack	node cong-cu/lay.mjs 2d-assets cartography-pack
crosshair-pack	Crosshair Pack	Kenney	CC0 1.0	2D	ui,crosshair,fps,interface,shooter	ui/crosshair-pack	https://kenney.nl/assets/crosshair-pack	node cong-cu/lay.mjs 2d-assets crosshair-pack
cursor-pack	Cursor Pack	Kenney	CC0 1.0	2D	ui,cursor,icon,interface	ui/cursor-pack	https://kenney.nl/assets/cursor-pack	node cong-cu/lay.mjs 2d-assets cursor-pack
cursor-pixel-pack	Cursor Pixel Pack	Kenney	CC0 1.0	2D	ui,cursor,icon,interface,pixel	ui/cursor-pixel-pack	https://kenney.nl/assets/cursor-pixel-pack	node cong-cu/lay.mjs 2d-assets cursor-pixel-pack
emotes-pack	Emotes Pack	Kenney	CC0 1.0	2D	ui,balloon,emote,icon,interface	ui/emotes-pack	https://kenney.nl/assets/emotes-pack	node cong-cu/lay.mjs 2d-assets emotes-pack
fantasy-ui-borders	Fantasy UI Borders	Kenney	CC0 1.0	2D	ui,fantasy,button,decorative,fantasy,interface,panel,rpg	ui/fantasy-ui-borders	https://kenney.nl/assets/fantasy-ui-borders	node cong-cu/lay.mjs 2d-assets fantasy-ui-borders
game-icons	Game Icons	Kenney	CC0 1.0	2D	ui,gamepad,icon,interface,joystick,prompt	ui/game-icons	https://kenney.nl/assets/game-icons	node cong-cu/lay.mjs 2d-assets game-icons
game-icons-expansion	Game Icons (Expansion)	Kenney	CC0 1.0	2D	ui,gamepad,icon,interface,joystick,prompt	ui/game-icons-expansion	https://kenney.nl/assets/game-icons-expansion	node cong-cu/lay.mjs 2d-assets game-icons-expansion
input-prompts	Input Prompts	Kenney	CC0 1.0	2D	ui,button,control,gamepad,input,interface,prompt	ui/input-prompts	https://kenney.nl/assets/input-prompts	node cong-cu/lay.mjs 2d-assets input-prompts
input-prompts-pixel	Input Prompts Pixel	Kenney	CC0 1.0	2D	ui,button,control,gamepad,input,interface,pixel,prompt	ui/input-prompts-pixel	https://kenney.nl/assets/input-prompts-pixel	node cong-cu/lay.mjs 2d-assets input-prompts-pixel
input-prompts-pixel-1-bit	Input Prompts Pixel 1-Bit	Kenney	CC0 1.0	2D	ui,1-bit,button,control,gamepad,input,interface,pixel,prompt	ui/input-prompts-pixel-1-bit	https://kenney.nl/assets/input-prompts-pixel-1-bit	node cong-cu/lay.mjs 2d-assets input-prompts-pixel-1-bit
kenney-fonts	Kenney Fonts	Kenney	CC0 1.0	2D	ui,font,letter,pixel	ui/kenney-fonts	https://kenney.nl/assets/kenney-fonts	node cong-cu/lay.mjs 2d-assets kenney-fonts
medals	Medals	Kenney	CC0 1.0	2D	ui,award,interface,medal,ribbon	ui/medals	https://kenney.nl/assets/medals	node cong-cu/lay.mjs 2d-assets medals
mobile-controls	Mobile Controls	Kenney	CC0 1.0	2D	ui,button,control,hud,interface,prompt	ui/mobile-controls	https://kenney.nl/assets/mobile-controls	node cong-cu/lay.mjs 2d-assets mobile-controls
oga-16px-sword-and-shield	16px sword and shield	OpenGameArt	CC0 1.0	2D	ui,sci-fi,fantasy,sword,shield,tiny,Icon,attack,defend,Action,Educational,Puzzle,RPG,Strategy,Fantasy	ui/oga-16px-sword-and-shield	https://opengameart.org/content/16px-sword-and-shield	node cong-cu/lay.mjs 2d-assets oga-16px-sword-and-shield
oga-16x16-rpg-items	16x16 RPG items	OpenGameArt	CC0 1.0	2D	ui,fantasy,RPG,items,inventory,RPG,Fantasy,Historical,Raster Art,Icon,Pixel Art,Item	ui/oga-16x16-rpg-items	https://opengameart.org/content/16x16-rpg-items	node cong-cu/lay.mjs 2d-assets oga-16x16-rpg-items
oga-2-retro-topdown-spaceships	2 retro topdown spaceships	OpenGameArt	CC0 (theo 2d-assets, chua doi chieu ban goc)	2D	ui,sci-fi,vehicles,characters,ship,spaceship,retro,Flight,Weekly Challenge,Action,Strategy,Modern,Sci-Fi,Warfare,Raster Art,metal	ui/oga-2-retro-topdown-spaceships	https://opengameart.org/content/2-retro-topdown-spaceships	node cong-cu/lay.mjs 2d-assets oga-2-retro-topdown-spaceships
oga-4-summoning-circles	4 summoning circles	OpenGameArt	CC0 1.0	2D	ui,sci-fi,fantasy,glyphs,summoning circle,Puzzle,RPG,Strategy,Fantasy,Sci-Fi,Warfare,Icon,Top-down,Vector Art	ui/oga-4-summoning-circles	https://opengameart.org/content/4-summoning-circles	node cong-cu/lay.mjs 2d-assets oga-4-summoning-circles
oga-7-mechanical-clicks-and-buzzes	7 mechanical clicks and buzzes	OpenGameArt	CC0 1.0	2D	ui,sci-fi,click,gui,menu,button,mechanical,electronic,enable,disable,error,buzz,control,access	ui/oga-7-mechanical-clicks-and-buzzes	https://opengameart.org/content/7-mechanical-clicks-and-buzzes	node cong-cu/lay.mjs 2d-assets oga-7-mechanical-clicks-and-buzzes
oga-9-pixel-font-3x3	9 pixel font (3x3)	OpenGameArt	CC0 1.0	2D	ui,symbols,font,minimal,pixel,Modern,Other,Pixel Art,User Interface	ui/oga-9-pixel-font-3x3	https://opengameart.org/content/9-pixel-font-3x3	node cong-cu/lay.mjs 2d-assets oga-9-pixel-font-3x3
oga-apples	Apples	OpenGameArt	CC0 (theo 2d-assets, chua doi chieu ban goc)	2D	ui,nature,fruit,Icon,colorful,apple,Educational,Puzzle,Kids,Other,nature,Icon,Item,Vector Art	ui/oga-apples	https://opengameart.org/content/apples	node cong-cu/lay.mjs 2d-assets oga-apples
oga-artifacts	Artifacts	OpenGameArt	CC0 1.0	2D	ui,fantasy,items,artifact,Item,sword,axe,shield,Artifacts,Things,Swords,Shields,Crown,Action	ui/oga-artifacts	https://opengameart.org/content/artifacts	node cong-cu/lay.mjs 2d-assets oga-artifacts
oga-ascii-bitmap-font	ASCII bitmap font	OpenGameArt	CC0 1.0	2D	ui,symbols,font,pixel,bitmap,Other,Pixel Art,User Interface	ui/oga-ascii-bitmap-font	https://opengameart.org/content/ascii-bitmap-font	node cong-cu/lay.mjs 2d-assets oga-ascii-bitmap-font
oga-bitmap-font	Bitmap Font	OpenGameArt	CC0 1.0	2D	ui,symbols,font,Educational,Raster Art,Pixel Art	ui/oga-bitmap-font	https://opengameart.org/content/bitmap-font	node cong-cu/lay.mjs 2d-assets oga-bitmap-font
oga-brightmix-icon-set	Brightmix Icon Set	OpenGameArt	CC0 1.0	2D	ui,Public Treasure Hunt,Weekly Challenge,Icon,icons,monochrome,faces,Educational,Other,Icon,User Interface,Vector Art	ui/oga-brightmix-icon-set	https://opengameart.org/content/brightmix-icon-set	node cong-cu/lay.mjs 2d-assets oga-brightmix-icon-set
oga-bullet-silhouettes	Bullet silhouettes	OpenGameArt	CC0 1.0	2D	ui,sci-fi,fantasy,ammunition,bullets,ammo,weapon,energy,grenade,shot,arms,electricity,laser,radioactive,biohazzard	ui/oga-bullet-silhouettes	https://opengameart.org/content/bullet-silhouettes	node cong-cu/lay.mjs 2d-assets oga-bullet-silhouettes
oga-button-animation-colorful-vector	Button Animation (Colorful Vector)	OpenGameArt	CC0 1.0	2D	ui,sci-fi,fantasy,button,color,press,start,Weekly Challenge,Action,Educational,Puzzle,RPG,Strategy,Fantasy,Historical	ui/oga-button-animation-colorful-vector	https://opengameart.org/content/button-animation-colorful-vector	node cong-cu/lay.mjs 2d-assets oga-button-animation-colorful-vector
oga-buttons	Buttons	OpenGameArt	CC0 (theo 2d-assets, chua doi chieu ban goc)	2D	ui,sci-fi,fantasy,button,RPG,Fantasy,Sci-Fi,Item	ui/oga-buttons	https://opengameart.org/content/buttons	node cong-cu/lay.mjs 2d-assets oga-buttons
oga-cave-picturesicons	Cave pictures/icons	OpenGameArt	CC0 (theo 2d-assets, chua doi chieu ban goc)	2D	ui,sci-fi,fantasy,nature,tiles-terrain,Weekly Challenge,exploration,Expedition,cave,caves,cavern,caverns,Action,Puzzle,RPG,Strategy,Fantasy	ui/oga-cave-picturesicons	https://opengameart.org/content/cave-picturesicons	node cong-cu/lay.mjs 2d-assets oga-cave-picturesicons
oga-completion-sound	Completion sound.	OpenGameArt	CC0 1.0	2D	ui,sci-fi,fantasy,text,button,ding,ring,clear,bell,complete,task,coin,rupee,Educational,Puzzle	ui/oga-completion-sound	https://opengameart.org/content/completion-sound	node cong-cu/lay.mjs 2d-assets oga-completion-sound
oga-country-flags	Country Flags	OpenGameArt	CC0 1.0	2D	ui,flags,country,Icon,Educational,Strategy,Historical,Other,Icon,Pixel Art	ui/oga-country-flags	https://opengameart.org/content/country-flags	node cong-cu/lay.mjs 2d-assets oga-country-flags
oga-crosshairs-and-reticles	Crosshairs and Reticles	OpenGameArt	CC0 1.0	2D	ui,sci-fi,fps,selection,Strategy,simulation,target,marker,reticle,crosshair,Action,Strategy,Modern,Sci-Fi	ui/oga-crosshairs-and-reticles	https://opengameart.org/content/crosshairs-and-reticles	node cong-cu/lay.mjs 2d-assets oga-crosshairs-and-reticles
oga-cubikopp-qubic-smilies	Cubikopp qubic smilies	OpenGameArt	CC0 1.0	2D	ui,fantasy,smilies,angry,happy,sad,evil,love,smile,kiss,kissing,smiley,Educational,Puzzle	ui/oga-cubikopp-qubic-smilies	https://opengameart.org/content/cubikopp-qubic-smilies	node cong-cu/lay.mjs 2d-assets oga-cubikopp-qubic-smilies
oga-cyberwand-lvl1-5	Cyberwand lvl1-5	OpenGameArt	CC0 1.0	2D	ui,sci-fi,fantasy,retro,minimal,color,Item,device,cyberpunk,neon,bright,hacker,hacking,decker,Action	ui/oga-cyberwand-lvl1-5	https://opengameart.org/content/cyberwand-lvl1-5	node cong-cu/lay.mjs 2d-assets oga-cyberwand-lvl1-5
oga-dark-shaded-buttons	Dark shaded buttons	OpenGameArt	CC0 1.0	2D	ui,sci-fi,fantasy,buttons,gui,click,push,enable,disable,control,press,Action,Educational,Puzzle,RPG	ui/oga-dark-shaded-buttons	https://opengameart.org/content/dark-shaded-buttons	node cong-cu/lay.mjs 2d-assets oga-dark-shaded-buttons
oga-dirty-hand-font-16px-high	Dirty hand font (16px high)	OpenGameArt	CC0 (theo 2d-assets, chua doi chieu ban goc)	2D	ui,sci-fi,fantasy,symbols,font,dirty,pixel,ugly,handwriting,Action,Educational,Puzzle,Fantasy,Modern,Sci-Fi	ui/oga-dirty-hand-font-16px-high	https://opengameart.org/content/dirty-hand-font-16px-high	node cong-cu/lay.mjs 2d-assets oga-dirty-hand-font-16px-high
oga-do-not-enter-signs	Do Not Enter signs	OpenGameArt	CC0 1.0	2D	ui,tiles-terrain,sign,Icon,danger,warning,do not enter,caution,notice,Action,Educational,Puzzle,Modern,background	ui/oga-do-not-enter-signs	https://opengameart.org/content/do-not-enter-signs	node cong-cu/lay.mjs 2d-assets oga-do-not-enter-signs
oga-fabulous-stars	Fabulous Stars	OpenGameArt	CC0 1.0	2D	ui,powerup,star,Icon,Weekly Challenge,Public Treasure Hunt,update,awesome,Other,Icon,Vector Art	ui/oga-fabulous-stars	https://opengameart.org/content/fabulous-stars	node cong-cu/lay.mjs 2d-assets oga-fabulous-stars
oga-faceset-2-bit	Faceset 2-bit	OpenGameArt	CC0 1.0	2D	ui,fantasy,characters,Friday Challenge,Minimalist,faces,RPG,Strategy,Fantasy,Historical,Warfare,Raster Art,Icon,Pixel Art,Portrait	ui/oga-faceset-2-bit	https://opengameart.org/content/faceset-2-bit	node cong-cu/lay.mjs 2d-assets oga-faceset-2-bit
oga-forum-controls	Forum Controls	OpenGameArt	CC0 1.0	2D	ui,icons,buttons,arrow,arrows,smiley,smilies,forum,up,down,letter,mail,home	ui/oga-forum-controls	https://opengameart.org/content/forum-controls	node cong-cu/lay.mjs 2d-assets oga-forum-controls
oga-gameforum-icons	Game/Forum icons	OpenGameArt	CC0 (theo 2d-assets, chua doi chieu ban goc)	2D	ui,fantasy,forum,space ship,sword,cogwheel,horn,error,medal,coin,monitor,forums,kart,devil	ui/oga-gameforum-icons	https://opengameart.org/content/gameforum-icons	node cong-cu/lay.mjs 2d-assets oga-gameforum-icons
oga-gui-buttons-activehover	GUI Buttons Active/Hover	OpenGameArt	CC0 1.0	2D	ui,sci-fi,fantasy,gui,button,Action,Educational,Puzzle,RPG,Strategy,Fantasy,Historical,Kids,Modern,Sci-Fi	ui/oga-gui-buttons-activehover	https://opengameart.org/content/gui-buttons-activehover	node cong-cu/lay.mjs 2d-assets oga-gui-buttons-activehover
oga-gui-sound-effects	GUI Sound Effects	OpenGameArt	CC0 1.0	2D	ui,fantasy,menu,gui,effect,Effects,select,interface,error,confirmation,click,ok,button,RPG	ui/oga-gui-sound-effects	https://opengameart.org/content/gui-sound-effects	node cong-cu/lay.mjs 2d-assets oga-gui-sound-effects
oga-heart-shield	Heart shield	OpenGameArt	CC0 1.0	2D	ui,fantasy,heart,health,love,bar,armor,shield,health bar,love bar,protection,red,blood,pink	ui/oga-heart-shield	https://opengameart.org/content/heart-shield	node cong-cu/lay.mjs 2d-assets oga-heart-shield
oga-high-power-stamp	High Power Stamp	OpenGameArt	CC0 (theo 2d-assets, chua doi chieu ban goc)	2D	ui,tiles-terrain,Icon,electricity,battery,charge,Modern,Other,background,Storyboard,Raster Art,User Interface,gui	ui/oga-high-power-stamp	https://opengameart.org/content/high-power-stamp	node cong-cu/lay.mjs 2d-assets oga-high-power-stamp
oga-icon-backgrounds	Icon Backgrounds	OpenGameArt	CC0 1.0	2D	ui,sci-fi,fantasy,tiles-terrain,Icon,background,Action,Puzzle,RPG,Strategy,Fantasy,Kids,Sci-Fi,Other,Storyboard,Raster Art	ui/oga-icon-backgrounds	https://opengameart.org/content/icon-backgrounds	node cong-cu/lay.mjs 2d-assets oga-icon-backgrounds
oga-icons-and-logos	Icons and logos	OpenGameArt	CC0 1.0	2D	ui,clock,arrows,Icon,logo,shield,minus,plus,note,sound icon,jewels,Other	ui/oga-icons-and-logos	https://opengameart.org/content/icons-and-logos	node cong-cu/lay.mjs 2d-assets oga-icons-and-logos
oga-interface-beeps	Interface beeps	OpenGameArt	CC0 1.0	2D	ui,sci-fi,interface,menu,beep,Sci-Fi	ui/oga-interface-beeps	https://opengameart.org/content/interface-beeps	node cong-cu/lay.mjs 2d-assets oga-interface-beeps
oga-male-face	male face	OpenGameArt	CC0 (theo 2d-assets, chua doi chieu ban goc)	2D	ui,sci-fi,fantasy,characters,Portrait,Action,RPG,Strategy,Fantasy,Modern,Sci-Fi,Warfare,Icon,Portrait,Sprite,Character	ui/oga-male-face	https://opengameart.org/content/male-face	node cong-cu/lay.mjs 2d-assets oga-male-face
oga-medals-1	Medals	OpenGameArt	CC0 1.0	2D	ui,sci-fi,fantasy,medal,medals,gold,silver,valuable,brass,copper,Action,Educational,Puzzle,RPG,Strategy	ui/oga-medals-1	https://opengameart.org/content/medals-1	node cong-cu/lay.mjs 2d-assets oga-medals-1
oga-mini-icons	Mini Icons	OpenGameArt	CC0 1.0	2D	ui,computer,icons,Icon,table,file,save,load,reload,reload,back,page,up	ui/oga-mini-icons	https://opengameart.org/content/mini-icons	node cong-cu/lay.mjs 2d-assets oga-mini-icons
oga-modern-scimmitar	Modern Scimmitar	OpenGameArt	CC0 1.0	2D	ui,fantasy,weapon,Icon,Action,RPG,Strategy,Fantasy,Other,Raster Art,Item,Vector Art	ui/oga-modern-scimmitar	https://opengameart.org/content/modern-scimmitar	node cong-cu/lay.mjs 2d-assets oga-modern-scimmitar
oga-modified-32x32-treasure-chest	Modified 32x32 Treasure chest	OpenGameArt	CC0 1.0	2D	ui,fantasy,chest,treasure chest,32x32,Action,Puzzle,RPG,Strategy,Fantasy,Historical,Wood,Icon,Map Tileset	ui/oga-modified-32x32-treasure-chest	https://opengameart.org/content/modified-32x32-treasure-chest	node cong-cu/lay.mjs 2d-assets oga-modified-32x32-treasure-chest
oga-modified-and-cliped-magic-skill-item-icons	Modified And Cliped Magic, Skill & Item Icons	OpenGameArt	CC0 1.0	2D	ui,fantasy,apple,armor,arrow,beer,blood,book,boots,bottle,chest,cup,dagger,Fantasy	ui/oga-modified-and-cliped-magic-skill-item-icons	https://opengameart.org/content/modified-and-cliped-magic-skill-item-icons	node cong-cu/lay.mjs 2d-assets oga-modified-and-cliped-magic-skill-item-icons
oga-mouse-buttons-arrow-keys	Mouse buttons & arrow keys	OpenGameArt	CC0 1.0	2D	ui,sci-fi,fantasy,arrows,buttons,mouse,interface,Minimalist,Friday Challenge,input,keys,mice,input device,interaction,tutorial	ui/oga-mouse-buttons-arrow-keys	https://opengameart.org/content/mouse-buttons-arrow-keys	node cong-cu/lay.mjs 2d-assets oga-mouse-buttons-arrow-keys
oga-nature-spell	Nature spell	OpenGameArt	CC0 1.0	2D	ui,fantasy,Icon,button,magic,RPG,Strategy,Fantasy,Icon	ui/oga-nature-spell	https://opengameart.org/content/nature-spell	node cong-cu/lay.mjs 2d-assets oga-nature-spell
oga-new-faceset-2-bit	New Faceset 2-bit	OpenGameArt	CC0 1.0	2D	ui,fantasy,characters,tiles-terrain,Portrait,Character,Fantasy,4 colors,Action,Puzzle,RPG,Strategy,Historical,Warfare,Other,background	ui/oga-new-faceset-2-bit	https://opengameart.org/content/new-faceset-2-bit	node cong-cu/lay.mjs 2d-assets oga-new-faceset-2-bit
oga-oga2-share-icons-request-answer	OGA2 share Icons [request answer]	OpenGameArt	CC0 1.0	2D	ui,icons,svg,gui,refresh,Other,Icon,User Interface,Vector Art	ui/oga-oga2-share-icons-request-answer	https://opengameart.org/content/oga2-share-icons-request-answer	node cong-cu/lay.mjs 2d-assets oga-oga2-share-icons-request-answer
oga-old-typewriter-font	Old typewriter font	OpenGameArt	CC0 (theo 2d-assets, chua doi chieu ban goc)	2D	ui,fantasy,symbols,font,old,typewriter,RPG,Strategy,Historical,Modern,Warfare,Other,User Interface,Vector Art	ui/oga-old-typewriter-font	https://opengameart.org/content/old-typewriter-font	node cong-cu/lay.mjs 2d-assets oga-old-typewriter-font
oga-osare-weapon-icons	OSARE weapon icons	OpenGameArt	CC0 1.0	2D	ui,fantasy,sword,shield,staff,armor,bow,slingshot,Action,RPG,Fantasy,Warfare,metal,Wood	ui/oga-osare-weapon-icons	https://opengameart.org/content/osare-weapon-icons	node cong-cu/lay.mjs 2d-assets oga-osare-weapon-icons
oga-pagesofadventure-four-getinvolved-icons	PagesOfAdventure four GetInvolved icons.	OpenGameArt	CC0 (theo 2d-assets, chua doi chieu ban goc)	2D	ui,icons,getinvolved,Weekly Challenge,Modern,Icon	ui/oga-pagesofadventure-four-getinvolved-icons	https://opengameart.org/content/pagesofadventure-four-getinvolved-icons	node cong-cu/lay.mjs 2d-assets oga-pagesofadventure-four-getinvolved-icons
oga-pd-glossy-icon-buttons	PD Glossy Icon Buttons	OpenGameArt	CC0 1.0	2D	ui,button,glossy,phone,Icon,ui,gui,glass,Other,Icon,User Interface,Vector Art	ui/oga-pd-glossy-icon-buttons	https://opengameart.org/content/pd-glossy-icon-buttons	node cong-cu/lay.mjs 2d-assets oga-pd-glossy-icon-buttons
oga-pixelart-menu-naturery-hand-shooting-some-green-stuff	Pixelart menu with a naturery hand shooting some green stuff	OpenGameArt	CC0 1.0	2D	ui,fantasy,Friday Challenge,interface,Touch of Nature,Fantasy,Other,Pixel Art,User Interface	ui/oga-pixelart-menu-naturery-hand-shooting-some-green-stuff	https://opengameart.org/content/pixelart-menu-naturery-hand-shooting-some-green-stuff	node cong-cu/lay.mjs 2d-assets oga-pixelart-menu-naturery-hand-shooting-some-green-stuff
oga-powers-icons	Powers Icons	OpenGameArt	CC0 1.0	2D	ui,fantasy,icons,powers,Action,RPG,Fantasy,Warfare,Raster Art,Icon	ui/oga-powers-icons	https://opengameart.org/content/powers-icons	node cong-cu/lay.mjs 2d-assets oga-powers-icons
oga-rectangle-gems-etc-16px	rectangle gems etc. (16px)	OpenGameArt	CC0 1.0	2D	ui,sci-fi,fantasy,characters,smilies,face,emotion,rectangle,gem,retro,simple,minimal,cartoon,cartoony,minimalistic,Minimalist	ui/oga-rectangle-gems-etc-16px	https://opengameart.org/content/rectangle-gems-etc-16px	node cong-cu/lay.mjs 2d-assets oga-rectangle-gems-etc-16px
oga-rpg-item-set	RPG item set	OpenGameArt	CC0 1.0	2D	ui,fantasy,RPG,Item,decor,pixel,RPG,Fantasy,Icon,Pixel Art,Item	ui/oga-rpg-item-set	https://opengameart.org/content/rpg-item-set	node cong-cu/lay.mjs 2d-assets oga-rpg-item-set
oga-rpg-sheet	RPG Sheet	OpenGameArt	CC0 1.0	2D	ui,fantasy,nature,tiles-terrain,RPG,tile,tileset,magic,Icon,cursor,Rock,rocks,tiles,sand,halo,Action	ui/oga-rpg-sheet	https://opengameart.org/content/rpg-sheet	node cong-cu/lay.mjs 2d-assets oga-rpg-sheet
oga-rpg-sound-pack	RPG Sound Pack	OpenGameArt	CC0 1.0	2D	ui,fantasy,characters,coins,RPG,snarl,squish,blob,Jelly,slime,Shade,NPC,Enemy,growl,roar	ui/oga-rpg-sound-pack	https://opengameart.org/content/rpg-sound-pack	node cong-cu/lay.mjs 2d-assets oga-rpg-sound-pack
oga-ruining-tower	Ruining tower	OpenGameArt	CC0 (theo 2d-assets, chua doi chieu ban goc)	2D	ui,fantasy,tower,ruins,damaged,damage,Weekly Challenge,destruction,debris,Towers,Wreckage,Action,Puzzle,RPG	ui/oga-ruining-tower	https://opengameart.org/content/ruining-tower	node cong-cu/lay.mjs 2d-assets oga-ruining-tower
oga-scrached-and-rusted-metal-panel	scrached and rusted metal panel	OpenGameArt	CC0 1.0	2D	ui,sci-fi,fantasy,tiles-terrain,metal,rust,wall,panel,Action,Educational,RPG,Strategy,Fantasy,Historical,Kids,Modern	ui/oga-scrached-and-rusted-metal-panel	https://opengameart.org/content/scrached-and-rusted-metal-panel	node cong-cu/lay.mjs 2d-assets oga-scrached-and-rusted-metal-panel
oga-season-symbols	Season Symbols	OpenGameArt	CC0 1.0	2D	ui,nature,summer,winter,ice,sun,light,snow,crystal,autumn,flower,Weekly Challenge,Public Treasure Hunt,season	ui/oga-season-symbols	https://opengameart.org/content/season-symbols	node cong-cu/lay.mjs 2d-assets oga-season-symbols
oga-security-keypad	Security Keypad	OpenGameArt	CC0 1.0	2D	ui,sci-fi,keypad,security,button,Weekly Challenge,Action,Modern,Sci-Fi,Static Mesh	ui/oga-security-keypad	https://opengameart.org/content/security-keypad	node cong-cu/lay.mjs 2d-assets oga-security-keypad
oga-simple-light-graysacle-cursors-16x16	simple light graysacle cursors (16x16)	OpenGameArt	CC0 1.0	2D	ui,Icon,arrow,simple,low-pixel,ui,gui,cursor,mouse,Other,Pixel Art,User Interface	ui/oga-simple-light-graysacle-cursors-16x16	https://opengameart.org/content/simple-light-graysacle-cursors-16x16	node cong-cu/lay.mjs 2d-assets oga-simple-light-graysacle-cursors-16x16
oga-skill-item-and-spell-icons	Skill, item and spell icons	OpenGameArt	CC0 1.0	2D	ui,fantasy,nature,icons,Fantasy,RPG,MMORPG,glove,teeth,fire,jewel,gem,boots,shoes,blood	ui/oga-skill-item-and-spell-icons	https://opengameart.org/content/skill-item-and-spell-icons	node cong-cu/lay.mjs 2d-assets oga-skill-item-and-spell-icons
oga-skin-tearing-blade	"Skin Tearing Blade"	OpenGameArt	CC0 1.0	2D	ui,fantasy,sword,Blade,Action,RPG,Fantasy,Other,Raster Art,Icon,Item	ui/oga-skin-tearing-blade	https://opengameart.org/content/skin-tearing-blade	node cong-cu/lay.mjs 2d-assets oga-skin-tearing-blade
oga-some-gui-graphics	Some Gui Graphics	OpenGameArt	CC0 1.0	2D	ui,gui,border,button,cursor,jewel,exclamation point,question mark,Other,User Interface	ui/oga-some-gui-graphics	https://opengameart.org/content/some-gui-graphics	node cong-cu/lay.mjs 2d-assets oga-some-gui-graphics
oga-speaker-images	Speaker images	OpenGameArt	CC0 1.0	2D	ui,sci-fi,volume,Icon,speaker,Historical,Modern,Sci-Fi,Other,effect,User Interface	ui/oga-speaker-images	https://opengameart.org/content/speaker-images	node cong-cu/lay.mjs 2d-assets oga-speaker-images
oga-spell	spell	OpenGameArt	CC0 1.0	2D	ui,fantasy,Icon,button,magic,RPG,Strategy,Fantasy,Icon	ui/oga-spell	https://opengameart.org/content/spell	node cong-cu/lay.mjs 2d-assets oga-spell
oga-spikey-emblems	Spikey emblems	OpenGameArt	CC0 1.0	2D	ui,sci-fi,fantasy,Weekly Challenge,Player Emblems,simple,flag,team,spikey,faction,fraction,cult,god,Action,Educational	ui/oga-spikey-emblems	https://opengameart.org/content/spikey-emblems	node cong-cu/lay.mjs 2d-assets oga-spikey-emblems
oga-sword-and-shield-16x16	Sword and shield (16x16)	OpenGameArt	CC0 1.0	2D	ui,fantasy,Icon,arrow,simple,low-pixel,ui,gui,cursor,mouse,sword,shield,weapon,slice	ui/oga-sword-and-shield-16x16	https://opengameart.org/content/sword-and-shield-16x16	node cong-cu/lay.mjs 2d-assets oga-sword-and-shield-16x16
oga-talking-skull-animation-24x24	Talking skull animation (24x24)	OpenGameArt	CC0 1.0	2D	ui,sci-fi,fantasy,characters,skull,animation,Friday Challenge,Homage,Icon,black,white,monochrome,24x24,black and white,1-bit,Action	ui/oga-talking-skull-animation-24x24	https://opengameart.org/content/talking-skull-animation-24x24	node cong-cu/lay.mjs 2d-assets oga-talking-skull-animation-24x24
oga-tango-desktop-icons	Tango Desktop Icons	OpenGameArt	CC0 1.0	2D	ui,Weekly Challenge,Icon,icons,computer,file,close,Public Treasure Hunt,smileys,folder,go,Other,Icon	ui/oga-tango-desktop-icons	https://opengameart.org/content/tango-desktop-icons	node cong-cu/lay.mjs 2d-assets oga-tango-desktop-icons
oga-treasure-chests-32x32-and-16x16	Treasure chests, 32x32 and 16x16	OpenGameArt	CC0 1.0	2D	ui,sci-fi,fantasy,16x16,32x32,chest,treasure chest,Wood,metal,Action,Educational,Puzzle,RPG,Strategy,Fantasy	ui/oga-treasure-chests-32x32-and-16x16	https://opengameart.org/content/treasure-chests-32x32-and-16x16	node cong-cu/lay.mjs 2d-assets oga-treasure-chests-32x32-and-16x16
pixel-ui-pack	Pixel UI Pack	Kenney	CC0 1.0	2D	ui,button,panel,pixel	ui/pixel-ui-pack	https://kenney.nl/assets/pixel-ui-pack	node cong-cu/lay.mjs 2d-assets pixel-ui-pack
ranks-pack	Ranks Pack	Kenney	CC0 1.0	2D	ui,interface,medal,rank	ui/ranks-pack	https://kenney.nl/assets/ranks-pack	node cong-cu/lay.mjs 2d-assets ranks-pack
roguelike-rpg-pack	Roguelike/RPG pack	Kenney	CC0 1.0	2D	ui,fantasy,modern-urban,tiles-terrain,button,furniture,panel,pixel,roguelike,rpg,tile,town	ui/roguelike-rpg-pack	https://kenney.nl/assets/roguelike-rpg-pack	node cong-cu/lay.mjs 2d-assets roguelike-rpg-pack
ui-pack	UI Pack	Kenney	CC0 1.0	2D	ui,button,interface,panel,slider	ui/ui-pack	https://kenney.nl/assets/ui-pack	node cong-cu/lay.mjs 2d-assets ui-pack
ui-pack-adventure	UI Pack - Adventure	Kenney	CC0 1.0	2D	ui,button,interface,panel,slider	ui/ui-pack-adventure	https://kenney.nl/assets/ui-pack-adventure	node cong-cu/lay.mjs 2d-assets ui-pack-adventure
ui-pack-pixel-adventure	UI Pack - Pixel Adventure	Kenney	CC0 1.0	2D	ui,button,interface,panel,pixel,slider	ui/ui-pack-pixel-adventure	https://kenney.nl/assets/ui-pack-pixel-adventure	node cong-cu/lay.mjs 2d-assets ui-pack-pixel-adventure
ui-pack-rpg-expansion	UI Pack (RPG Expansion)	Kenney	CC0 1.0	2D	ui,fantasy,button,interface,panel,rpg,slider	ui/ui-pack-rpg-expansion	https://kenney.nl/assets/ui-pack-rpg-expansion	node cong-cu/lay.mjs 2d-assets ui-pack-rpg-expansion
ui-pack-sci-fi	UI Pack - Sci-Fi	Kenney	CC0 1.0	2D	ui,sci-fi,button,interface,panel,sci-fi,slider,space	ui/ui-pack-sci-fi	https://kenney.nl/assets/ui-pack-sci-fi	node cong-cu/lay.mjs 2d-assets ui-pack-sci-fi
isometric-tiles-vehicles	Isometric Tiles Vehicles	Kenney	CC0 1.0	2D	vehicles,tiles-terrain,isometric,vehicle	vehicles/isometric-tiles-vehicles	https://kenney.nl/assets/isometric-tiles-vehicles	node cong-cu/lay.mjs 2d-assets isometric-tiles-vehicles
oga-additional-skins-for-the-cartoony-helicopter	Additional skins for the cartoony helicopter	OpenGameArt	CC0 (theo 2d-assets, chua doi chieu ban goc)	2D	vehicles,helicopter,cute,cartoon,Sprite,Action,Puzzle,Kids,metal,Sprite,Vehicle	vehicles/oga-additional-skins-for-the-cartoony-helicopter	https://opengameart.org/content/additional-skins-for-the-cartoony-helicopter	node cong-cu/lay.mjs 2d-assets oga-additional-skins-for-the-cartoony-helicopter
oga-metal-barrels-pack	Metal Barrels Pack	OpenGameArt	CC0 1.0	2D	vehicles,tank,oil,fuel,metal,barrel,Action,Modern,Warfare,Other,Static Mesh	vehicles/oga-metal-barrels-pack	https://opengameart.org/content/metal-barrels-pack	node cong-cu/lay.mjs 2d-assets oga-metal-barrels-pack
oga-red-car-top-down	Red Car (top-down)	OpenGameArt	CC0 1.0	2D	vehicles,car,red,racing,motor,sport,ocal,speed,competition,Action,Modern,Other,metal	vehicles/oga-red-car-top-down	https://opengameart.org/content/red-car-top-down	node cong-cu/lay.mjs 2d-assets oga-red-car-top-down
oga-tileset-and-assets-for-a-scorched-earth-type-game	Tileset and assets for a Scorched Earth type game	OpenGameArt	CC0 1.0	2D	vehicles,tiles-terrain,side view,tileset,tank,background,mountain,pixel,small,tiny,army,war,Action,Modern	vehicles/oga-tileset-and-assets-for-a-scorched-earth-type-game	https://opengameart.org/content/tileset-and-assets-for-a-scorched-earth-type-game	node cong-cu/lay.mjs 2d-assets oga-tileset-and-assets-for-a-scorched-earth-type-game
oga-wittle-tank-soldier-and-plane	wittle tank, soldier and plane	OpenGameArt	CC0 1.0	2D	vehicles,characters,Sprite,unit,low-pixel,small,micro,microscopic,4-bit,warriors,fighters,soldiers,army,units	vehicles/oga-wittle-tank-soldier-and-plane	https://opengameart.org/content/wittle-tank-soldier-and-plane	node cong-cu/lay.mjs 2d-assets oga-wittle-tank-soldier-and-plane
pixel-shmup	Pixel Shmup	Kenney	CC0 1.0	2D	vehicles,pixel,plane,shmup,top-down	vehicles/pixel-shmup	https://kenney.nl/assets/pixel-shmup	node cong-cu/lay.mjs 2d-assets pixel-shmup
pixel-vehicle-pack	Pixel Vehicle Pack	Kenney	CC0 1.0	2D	vehicles,car,pixel,vehicle	vehicles/pixel-vehicle-pack	https://kenney.nl/assets/pixel-vehicle-pack	node cong-cu/lay.mjs 2d-assets pixel-vehicle-pack
racing-pack	Racing Pack	Kenney	CC0 1.0	2D	vehicles,tiles-terrain,car,racing,tile,top-down,vehicle	vehicles/racing-pack	https://kenney.nl/assets/racing-pack	node cong-cu/lay.mjs 2d-assets racing-pack
tanks	Tanks	Kenney	CC0 1.0	2D	vehicles,side,tank	vehicles/tanks	https://kenney.nl/assets/tanks	node cong-cu/lay.mjs 2d-assets tanks
tappy-plane	Tappy Plane	Kenney	CC0 1.0	2D	vehicles,nature,flight,landscape,plane,side	vehicles/tappy-plane	https://kenney.nl/assets/tappy-plane	node cong-cu/lay.mjs 2d-assets tappy-plane
tiny-battle	Tiny Battle	Kenney	CC0 1.0	2D	vehicles,battle,pixel,tank,unit,vehicle,war	vehicles/tiny-battle	https://kenney.nl/assets/tiny-battle	node cong-cu/lay.mjs 2d-assets tiny-battle
top-down-tanks	Top-Down Tanks	Kenney	CC0 1.0	2D	vehicles,tiles-terrain,tank,tile,top-down,vehicle	vehicles/top-down-tanks	https://kenney.nl/assets/top-down-tanks	node cong-cu/lay.mjs 2d-assets top-down-tanks
top-down-tanks-remastered	Top-down Tanks Remastered	Kenney	CC0 1.0	2D	vehicles,tiles-terrain,tank,tile,top-down,vehicle	vehicles/top-down-tanks-remastered	https://kenney.nl/assets/top-down-tanks-remastered	node cong-cu/lay.mjs 2d-assets top-down-tanks-remastered
