id	ten	tac_gia	license	loai	tag	tai	trang	cach_lay
tiles-073	Tiles 073	3dtextures.me	CC0 1.0	textures	ceramic,geometric,house,Pattern,Tiles	https://drive.google.com/drive/folders/1L8QrlxPwUKpGnZRHMgV-b3JCXvpPlcfz	https://3dtextures.me/2026/09/18/tiles-073/	node cong-cu/lay.mjs 3dtextures tiles-073
terracotta-floor-tiles-009	Terracotta Floor Tiles 009	3dtextures.me	CC0 1.0	textures	Floor,geometric,ground,house,Pattern,procedural,terracotta,Tiles	https://drive.google.com/drive/folders/122i23_FpmTRrnpUwLDH01x7REEYGyZ7J	https://3dtextures.me/2026/09/14/terracotta-floor-tiles-009/	node cong-cu/lay.mjs 3dtextures terracotta-floor-tiles-009
terracotta-floor-tiles-008	Terracotta Floor Tiles 008	3dtextures.me	CC0 1.0	textures	Floor,geometric,ground,house,Pattern,procedural,terracotta,Tiles	https://drive.google.com/drive/folders/1ttfvVYxOHZL8gTEcJEXdziZmZ0uAND--	https://3dtextures.me/2026/09/08/terracotta-floor-tiles-008/	node cong-cu/lay.mjs 3dtextures terracotta-floor-tiles-008
green-marble-gold-encrusted-001	Green Marble Gold Encrusted 001	3dtextures.me	CC0 1.0	textures	encrusted,geometric,gold,house,Marble,Pattern,procedural	https://drive.google.com/drive/folders/1U-SaFIhKkA7sVrZJ715hFvxihupEEYnA	https://3dtextures.me/2026/09/02/green-marble-gold-encrusted-001/	node cong-cu/lay.mjs 3dtextures green-marble-gold-encrusted-001
glass-frosted-004	Glass Frosted 004	3dtextures.me	CC0 1.0	textures	frosted,geometric,glass,house,Pattern,procedural,window	https://drive.google.com/drive/folders/1zveEcxY_3OvvtoseggQpqsh6w8evYYwo	https://3dtextures.me/2026/08/31/glass-frosted-004/	node cong-cu/lay.mjs 3dtextures glass-frosted-004
glass-window-005	Glass Window 005	3dtextures.me	CC0 1.0	textures	geometric,glass,house,Metal,Pattern,procedural,window	https://drive.google.com/drive/folders/1MzM3dugSxF_QGmr22N2JD2-dkRyBZF13	https://3dtextures.me/2026/08/24/glass-window-005/	node cong-cu/lay.mjs 3dtextures glass-window-005
wood-tiles-005	Wood Tiles 005	3dtextures.me	CC0 1.0	textures	geometric,house,Pattern,procedural,Tiles,Wall,Wood	https://drive.google.com/drive/folders/1XEyuYBP6GbmJQc8ZQTLTwVNe_aEtHAk3	https://3dtextures.me/2026/08/24/wood-tiles-005/	node cong-cu/lay.mjs 3dtextures wood-tiles-005
tiles-071	Tiles 071	3dtextures.me	CC0 1.0	textures	ceramic,geometric,house,Pattern,Tiles	https://drive.google.com/drive/folders/1B9QhE5nZSTQd-lA4Tuaimv_yCX3kyEyI	https://3dtextures.me/2026/08/20/tiles-071/	node cong-cu/lay.mjs 3dtextures tiles-071
sci-fi-metal-plate-005	Sci-fi Metal Plate 005	3dtextures.me	CC0 1.0	textures	Floor,flooring,Metal,metallic,plate,Sci-fi,scifi,spaceship,Tiles	https://drive.google.com/drive/folders/1f0RZmTDq4gqegrXOPezFxH_93d3MmQqZ	https://3dtextures.me/2026/08/11/sci-fi-metal-plate-005/	node cong-cu/lay.mjs 3dtextures sci-fi-metal-plate-005
tiles-072	Tiles 072	3dtextures.me	CC0 1.0	textures	clay,Concrete,Floor,flooring,ground,house,terracotta,Tiles	https://drive.google.com/drive/folders/1rciX0TJRufKtcNJ_2BqGxccO1xWN9Px-	https://3dtextures.me/2026/08/06/tiles-072/	node cong-cu/lay.mjs 3dtextures tiles-072
fabric-lace-053	Fabric Lace 053	3dtextures.me	CC0 1.0	textures	cloth,clothes,fabrc,fishnet,knit,knitted,lace,lingirie,underware	https://drive.google.com/drive/folders/1cKrdxOZNLueuvDaKavii_4jZ8-BtuaRt	https://3dtextures.me/2026/07/23/fabric-lace-053/	node cong-cu/lay.mjs 3dtextures fabric-lace-053
escalator-steps-001	Escalator Steps 001	3dtextures.me	CC0 1.0	textures	escalator,Floor,flooring,ground,house,industrial,mall,Metal,metallic,steps	https://drive.google.com/drive/folders/1mrx4Wua2rlDGpOAxeGFnmCp137jnw6y5	https://3dtextures.me/2026/07/22/escalator-steps-001/	node cong-cu/lay.mjs 3dtextures escalator-steps-001
terracotta-floor-tiles-007	Terracotta Floor Tiles 007	3dtextures.me	CC0 1.0	textures	clay,Floor,flooring,ground,house,terracotta,Tiles	https://drive.google.com/drive/folders/1kzUcSxpe98_Hl2oc_i7ADa8kzz3gSMWQ	https://3dtextures.me/2026/07/20/terracotta-floor-tiles-007/	node cong-cu/lay.mjs 3dtextures terracotta-floor-tiles-007
roof-tiles-terracotta-009	Roof Tiles Terracotta 009	3dtextures.me	CC0 1.0	textures	clay,house,Roof,roofing,terracotta,Tiles	https://drive.google.com/drive/folders/1rXD86MVQgQ78VDGi6Pj9RfhWaZ3_Ijti	https://3dtextures.me/2026/07/17/roof-tiles-terracotta-009/	node cong-cu/lay.mjs 3dtextures roof-tiles-terracotta-009
concrete-tiles-003	Concrete Tiles 003	3dtextures.me	CC0 1.0	textures	Concrete,Floor,flooring,ground,Tiles	https://drive.google.com/drive/folders/1hHhocmup2qQmQ0eEszH6kFYnCdaGeL83	https://3dtextures.me/2026/07/14/concrete-tiles-003/	node cong-cu/lay.mjs 3dtextures concrete-tiles-003
terracotta-floor-tiles-006	Terracotta Floor Tiles 006	3dtextures.me	CC0 1.0	textures	Brick,bricks,Floor,flooring,ground,terracotta,Tiles,Wall	https://drive.google.com/drive/folders/1xE5SAh-jA2HdBPb6j8J_khA61XhKC40O	https://3dtextures.me/2026/07/02/terracotta-floor-tiles-006/	node cong-cu/lay.mjs 3dtextures terracotta-floor-tiles-006
fabric-lace-052	Fabric Lace 052	3dtextures.me	CC0 1.0	textures	cloth,clothes,fabrc,fishnet,knit,knitted,lace,lingirie,underware	https://drive.google.com/drive/folders/1lUbtdFiAqCRUQ_6wpoq7T5faRgICHOqm	https://3dtextures.me/2026/06/30/fabric-lace-052/	node cong-cu/lay.mjs 3dtextures fabric-lace-052
terracotta-floor-tiles-005	Terracotta Floor Tiles 005	3dtextures.me	CC0 1.0	textures	Brick,bricks,Floor,flooring,ground,terracotta,Tiles,Wall	https://drive.google.com/drive/folders/1EyWOxkPodyQnc_G27QucmY4R-Ts_nX1k	https://3dtextures.me/2026/06/17/terracotta-floor-tiles-005/	node cong-cu/lay.mjs 3dtextures terracotta-floor-tiles-005
metal-grill-027	Metal Grill 027	3dtextures.me	CC0 1.0	textures	grill,Metal,metallic,plate,Sci-fi,scifi	https://drive.google.com/drive/folders/179BZqIBg-gcm9vNkAJv5skkk6QLz-9M-	https://3dtextures.me/2026/06/16/metal-grill-027/	node cong-cu/lay.mjs 3dtextures metal-grill-027
dragon-scales-002	Dragon Scales 002	3dtextures.me	CC0 1.0	textures	Animal,dragon,fantasy,Organic,Scales	https://drive.google.com/drive/folders/1p_ivbN3s_HD_0acJ8rAXMmJdRkJHcMOy	https://3dtextures.me/2026/06/10/dragon-scales-002/	node cong-cu/lay.mjs 3dtextures dragon-scales-002
fabric-lace-051	Fabric Lace 051	3dtextures.me	CC0 1.0	textures	cloth,clothes,fabrc,fishnet,knit,knitted,lace,lingirie,underware	https://drive.google.com/drive/folders/1K5ZL_6A9aHbMSjgvdXhmAQTDrnigOm4n	https://3dtextures.me/2026/05/30/fabric-lace-051/	node cong-cu/lay.mjs 3dtextures fabric-lace-051
wood-wicker-013-free-seamless-pbr-texture	Wood Wicker 013 – Free Seamless PBR Texture	3dtextures.me	CC0 1.0	textures	basket,substance,Substance Designer,weave,wicker,Wood	https://drive.google.com/drive/folders/1hmUDEhldL9gp3tRk8F7wOErT9SSIYU-R	https://3dtextures.me/2026/05/29/wood-wicker-013-free-seamless-pbr-texture/	node cong-cu/lay.mjs 3dtextures wood-wicker-013-free-seamless-pbr-texture
glass-frosted-003-free-seamless-pbr-texture	Glass Frosted 003 – Free Seamless PBR Texture	3dtextures.me	CC0 1.0	textures	etched,frosted,glass,substance,Substance Designer,window	https://drive.google.com/drive/folders/1IKVzGNZOimP-Ix-5rG5h23dNslIFGr_d	https://3dtextures.me/2026/05/27/glass-frosted-003-free-seamless-pbr-texture/	node cong-cu/lay.mjs 3dtextures glass-frosted-003-free-seamless-pbr-texture
snow-005-free-seamless-pbr-texture	Snow 005 – Free Seamless PBR Texture	3dtextures.me	CC0 1.0	textures	ground,Snow,substance,Substance Designer	https://drive.google.com/drive/folders/1My8gzX2WZrNejBX7pOXGavXkfgBNc1qR	https://3dtextures.me/2026/05/21/snow-005-free-seamless-pbr-texture/	node cong-cu/lay.mjs 3dtextures snow-005-free-seamless-pbr-texture
conveyor-belt-001-free-seamless-pbr-texture	Conveyor Belt 001 – Free Seamless PBR Texture	3dtextures.me	CC0 1.0	textures	belt,conveyor,industrial,interlocking,Metal,metallic,substance,Substance Designer	https://drive.google.com/drive/folders/1vY1KPagF4ALIjjVRIBI0yWO3sdcUBgNO	https://3dtextures.me/2026/05/19/conveyor-belt-001-free-seamless-pbr-texture/	node cong-cu/lay.mjs 3dtextures conveyor-belt-001-free-seamless-pbr-texture
wall-stone-037-free-seamless-pbr-texture	Wall Stone 037 – Free Seamless PBR Texture	3dtextures.me	CC0 1.0	textures	medieval,Stone,substance,Substance Designer,Wall	https://drive.google.com/drive/folders/1TeKEa3Z9Seot15BT1CYAvQnwTW_Mpf1f	https://3dtextures.me/2026/05/12/wall-stone-037-free-seamless-pbr-texture/	node cong-cu/lay.mjs 3dtextures wall-stone-037-free-seamless-pbr-texture
wall-brick-terracotta-003-free-seamless-pbr-texture	Wall Brick Terracotta 003 – Free Seamless PBR Texture	3dtextures.me	CC0 1.0	textures	Brick,exposed,mediterranean,substance,Substance Designer,Wall	https://drive.google.com/drive/folders/18AvRUM-bvUIh3RO_lPADJOVWk6q_4sUj	https://3dtextures.me/2026/05/11/wall-brick-terracotta-003-free-seamless-pbr-texture/	node cong-cu/lay.mjs 3dtextures wall-brick-terracotta-003-free-seamless-pbr-texture
metal-grill-026-free-seamless-pbr-texture	Metal Grill 026 – Free Seamless PBR Texture	3dtextures.me	CC0 1.0	textures	grill,Metal,metallic,plate,substance,Substance Designer	https://drive.google.com/drive/folders/1ss0_e92tXH8Sz-vmxhSuNNClA86CCXi8	https://3dtextures.me/2026/05/07/metal-grill-026-free-seamless-pbr-texture/	node cong-cu/lay.mjs 3dtextures metal-grill-026-free-seamless-pbr-texture
fabric-lace-050-free-seamless-pbr-texture	Fabric Lace 050 – Free Seamless PBR Texture	3dtextures.me	CC0 1.0	textures	cloth,clothes,Fabric,lace,lingerie,substance,Substance Designer,victorian	https://drive.google.com/drive/folders/1h-XsKsOnmiLdD6UZ1Lqniu3A9kZiSlvf	https://3dtextures.me/2026/05/04/fabric-lace-050-free-seamless-pbr-texture/	node cong-cu/lay.mjs 3dtextures fabric-lace-050-free-seamless-pbr-texture
wall-brick-028-free-seamless-pbr-texture	Wall Brick 028 – Free Seamless PBR Texture	3dtextures.me	CC0 1.0	textures	Brick,exposed,mediterranean,substance,Substance Designer,Wall	https://drive.google.com/drive/folders/1agKWkqp7Z46mDDTGRqdAWxQ4xKmEjQ9z	https://3dtextures.me/2026/04/29/wall-brick-028-free-seamless-pbr-texture/	node cong-cu/lay.mjs 3dtextures wall-brick-028-free-seamless-pbr-texture
metal-plate-049-free-seamless-pbr-texture	Metal Plate 049 – Free Seamless PBR Texture	3dtextures.me	CC0 1.0	textures	hull,Metal,metallic,panel,plate,Sci-fi,scifi,ship,substance,Substance Designer	https://drive.google.com/drive/folders/1py8rXz3qg38wvuEJVwgFWGDhp_Xl5CYX	https://3dtextures.me/2026/04/20/metal-plate-049-free-seamless-pbr-texture/	node cong-cu/lay.mjs 3dtextures metal-plate-049-free-seamless-pbr-texture
fabric-padded-010-free-seamless-pbr-texture	Fabric Padded 010 – Free Seamless PBR Texture	3dtextures.me	CC0 1.0	textures	cloth,clothes,Fabric,Padded,Sci-fi,scifi,substance,Substance Designer	https://drive.google.com/drive/folders/1QtTOevyUJH4jHOer_79TrxB7j1TAXV-4	https://3dtextures.me/2026/04/15/fabric-padded-010-free-seamless-pbr-texture/	node cong-cu/lay.mjs 3dtextures fabric-padded-010-free-seamless-pbr-texture
fabric-lace-049-free-seamless-pbr-texture	Fabric Lace 049 – Free Seamless PBR Texture	3dtextures.me	CC0 1.0	textures	cloth,clothes,Fabric,lace,lingerie,substance,Substance Designer,victorian	https://drive.google.com/drive/folders/1cgZCW5SIEMnxSQxCzSV2RorVTx5ow5ew	https://3dtextures.me/2026/04/07/fabric-lace-049-free-seamless-pbr-texture/	node cong-cu/lay.mjs 3dtextures fabric-lace-049-free-seamless-pbr-texture
concrete-wall-formwork-016-free-seamless-pbr-texture	Concrete Wall Formwork 016 – Free Seamless PBR Texture	3dtextures.me	CC0 1.0	textures	Concrete,formwork,substance,Substance Designer,Wall	https://drive.google.com/drive/folders/1rkbQrxKUDSonJEpTUuliB93PUwEmRwz8	https://3dtextures.me/2026/04/02/concrete-wall-formwork-016-free-seamless-pbr-texture/	node cong-cu/lay.mjs 3dtextures concrete-wall-formwork-016-free-seamless-pbr-texture
wall-brick-027-free-seamless-pbr-texture	Wall Brick 027 – Free Seamless PBR Texture	3dtextures.me	CC0 1.0	textures	Brick,medieval,substance,Substance Designer,Wall	https://drive.google.com/drive/folders/1Hoo4x2YA4O0wOtfXTdpPhLrEeEY5rZBn	https://3dtextures.me/2026/03/27/wall-brick-027-free-seamless-pbr-texture/	node cong-cu/lay.mjs 3dtextures wall-brick-027-free-seamless-pbr-texture
wood-floor-parquet-walnut-016-free-seamless-pbr-texture	Wood Floor Parquet Walnut 016 – Free Seamless PBR Texture	3dtextures.me	CC0 1.0	textures	Floor,medieval,parquet,substance,Substance Designer,walnut,Wood	https://drive.google.com/drive/folders/1-x0-zAA7hmhE-wNpPLKukoV7iZbbSuyI	https://3dtextures.me/2026/03/23/wood-floor-parquet-walnut-016-free-seamless-pbr-texture/	node cong-cu/lay.mjs 3dtextures wood-floor-parquet-walnut-016-free-seamless-pbr-texture
wall-stone-036-free-seamless-pbr-texture	Wall Stone 036 – Free Seamless PBR Texture	3dtextures.me	CC0 1.0	textures	medieval,Stone,substance,Substance Designer,Wall	https://drive.google.com/drive/folders/1IAc28xu3u2hLtmiPjiZw0DyreIuxOM9B	https://3dtextures.me/2026/03/18/wall-stone-036-free-seamless-pbr-texture/	node cong-cu/lay.mjs 3dtextures wall-stone-036-free-seamless-pbr-texture
glass-stained-panel-window-004-free-seamless-pbr-texture	Glass Stained Panel Window 004 – Free Seamless PBR Texture	3dtextures.me	CC0 1.0	textures	glass,medieval,panel,stained,substance,Substance Designer,window	https://drive.google.com/drive/folders/17ivjCYFpRluD58Zzkw4EGGSCrNCAc7um	https://3dtextures.me/2026/03/14/glass-stained-panel-window-004-free-seamless-pbr-texture/	node cong-cu/lay.mjs 3dtextures glass-stained-panel-window-004-free-seamless-pbr-texture
glass-stained-panel-window-003	Glass Stained Panel Window 003	3dtextures.me	CC0 1.0	textures	geometric,glass,medieval,Pattern,stained,window	https://drive.google.com/drive/folders/1wczQAQLw27NE3DaMndCnvWnaj81-aIhY	https://3dtextures.me/2026/03/13/glass-stained-panel-window-003/	node cong-cu/lay.mjs 3dtextures glass-stained-panel-window-003
glass-stained-panel-window-002	Glass Stained Panel Window 002	3dtextures.me	CC0 1.0	textures	geometric,glass,medieval,Pattern,stained,window	https://drive.google.com/drive/folders/1QMsB-CE5Q3_cr8tWPWOBcox66c26aNyr	https://3dtextures.me/2026/03/10/glass-stained-panel-window-002/	node cong-cu/lay.mjs 3dtextures glass-stained-panel-window-002
metal-armor-chainlink-005	Metal Armor Chainlink 005	3dtextures.me	CC0 1.0	textures	armor,chain link,chainlink,geometric,knight,medieval,Pattern	https://drive.google.com/drive/folders/1gC1w6lzpRr0KXYtPnNtHjSc5Ym-JMzPU	https://3dtextures.me/2026/03/02/metal-armor-chainlink-005/	node cong-cu/lay.mjs 3dtextures metal-armor-chainlink-005
glass-stained-panel-001	Glass Stained Panel 001	3dtextures.me	CC0 1.0	textures	geometric,glass,medieval,Pattern,stained,window	https://drive.google.com/drive/folders/1gC1w6lzpRr0KXYtPnNtHjSc5Ym-JMzPU	https://3dtextures.me/2026/02/26/glass-stained-panel-001/	node cong-cu/lay.mjs 3dtextures glass-stained-panel-001
tiles-hex-concave-001	Tiles Hex Concave 001	3dtextures.me	CC0 1.0	textures	concave,hex,hexagonal,mosaic,Pattern,porcelain,reometric,Tiles,Wall	https://drive.google.com/drive/folders/1hWP790gsMypzRcfF3PWXOtZ4IBFUmjAY	https://3dtextures.me/2026/02/25/tiles-hex-concave-001/	node cong-cu/lay.mjs 3dtextures tiles-hex-concave-001
tiles-matte-porcelain-mosaic-001	Tiles Matte Porcelain Mosaic 001	3dtextures.me	CC0 1.0	textures	Floor,flooring,ground,matte,mosaic,porcelain,Tiles,Wall	https://drive.google.com/drive/folders/1YLIKdbJHhMcTl8FbKo7Q-vv9XnEibqVC	https://3dtextures.me/2026/02/23/tiles-matte-porcelain-mosaic-001/	node cong-cu/lay.mjs 3dtextures tiles-matte-porcelain-mosaic-001
concrete-blocks-017	Concrete Blocks 017	3dtextures.me	CC0 1.0	textures	blocks,Concrete,Floor,flooring,ground,Tiles	https://drive.google.com/drive/folders/1wnKFzdtsJ97JKwBlKHiVjrbJjvVC4eo1	https://3dtextures.me/2026/02/20/concrete-blocks-017/	node cong-cu/lay.mjs 3dtextures concrete-blocks-017
metal-weathered-light-brass-001	Metal Weathered Light Brass 001	3dtextures.me	CC0 1.0	textures	aged,brass,Metal,metallic,rust,weathered	https://drive.google.com/drive/folders/1mfKbGLYn5UehUTgY6CxniScb_dOEQXjB	https://3dtextures.me/2026/02/15/metal-weathered-light-brass-001/	node cong-cu/lay.mjs 3dtextures metal-weathered-light-brass-001
leather-stitched-triblade-padded-002	Leather Stitched Triblade Padded 002	3dtextures.me	CC0 1.0	textures	cloth,clothes,Fabric,Leather,Padded,stitched	https://drive.google.com/drive/folders/1-Hxp43M7Ai2Jd0-JXRLHi4mMKwKajzXf	https://3dtextures.me/2026/02/11/leather-stitched-triblade-padded-002/	node cong-cu/lay.mjs 3dtextures leather-stitched-triblade-padded-002
rope-002	Rope 002	3dtextures.me	CC0 1.0	textures	rope	https://drive.google.com/drive/folders/136I7Hs9aj_92eoe_X2SwQc4XUsnYp7mp	https://3dtextures.me/2026/02/08/rope-002/	node cong-cu/lay.mjs 3dtextures rope-002
tiles-escher-fish-001	Tiles Escher Fish 001	3dtextures.me	CC0 1.0	textures	Brick,escher,fish,interlocked,Tiles,Wall	https://drive.google.com/drive/folders/1dVoOwJcUWbINPUB4YbuiJdMqESSJsgin	https://3dtextures.me/2026/02/06/tiles-escher-fish-001/	node cong-cu/lay.mjs 3dtextures tiles-escher-fish-001
wall-brick-terracotta-002	Wall Brick Terracotta 002	3dtextures.me	CC0 1.0	textures	Brick,irregular,Stone,terracotta,Tiles,Wall	https://drive.google.com/drive/folders/1zG_sAXLANEQ8jlyurYnFRqmRpuB6hPng	https://3dtextures.me/2026/02/04/wall-brick-terracotta-002/	node cong-cu/lay.mjs 3dtextures wall-brick-terracotta-002
tiles-subway-wall-004	Tiles Subway Wall 004	3dtextures.me	CC0 1.0	textures	Brick,subway,Tiles,Wall	https://drive.google.com/drive/folders/1Ee3kf7R4ziVgLmjCkbZTjD74Uzs0sKh9	https://3dtextures.me/2026/02/01/tiles-subway-wall-004/	node cong-cu/lay.mjs 3dtextures tiles-subway-wall-004
metal-corrugated-018	Metal Corrugated 018	3dtextures.me	CC0 1.0	textures	aged,corrugated,Metal,metallic,old,Pattern,rust,Rusted	https://drive.google.com/drive/folders/17bmVMnkZ0g1iWaE6ChnqNE30UQDS5fuP	https://3dtextures.me/2026/01/31/metal-corrugated-018/	node cong-cu/lay.mjs 3dtextures metal-corrugated-018
metal-armor-pattern-001	Metal Armor Pattern 001	3dtextures.me	CC0 1.0	textures	armor,knight,Metal,metallic,Pattern	https://drive.google.com/drive/folders/1sIxu3zrj5Cw9BQq2NjB1m7UVC7odPDlr	https://3dtextures.me/2026/01/28/metal-armor-pattern-001/	node cong-cu/lay.mjs 3dtextures metal-armor-pattern-001
wall-stone-035	Wall Stone 035	3dtextures.me	CC0 1.0	textures	Brick,irregular,Stone,Wall	https://drive.google.com/drive/folders/18uniFcbfzcZpWmxbY-6SQBeVHwBnUcSg	https://3dtextures.me/2026/01/26/wall-stone-035/	node cong-cu/lay.mjs 3dtextures wall-stone-035
tiles-subway-wall-003	Tiles Subway Wall 003	3dtextures.me	CC0 1.0	textures	Brick,subway,Tiles,Wall	https://drive.google.com/drive/folders/1Sg0EBicf4uNY-3dld8cUGmENQkSOPvQs	https://3dtextures.me/2026/01/23/tiles-subway-wall-003/	node cong-cu/lay.mjs 3dtextures tiles-subway-wall-003
wall-brick-terracotta-001	Wall Brick Terracotta 001	3dtextures.me	CC0 1.0	textures	Brick,irregular,Stone,terracotta,Tiles,Wall	https://drive.google.com/drive/folders/14UjXa0_UGNmxCMyG7Vz40vMH9wVJti5T	https://3dtextures.me/2025/12/27/wall-brick-terracotta-001/	node cong-cu/lay.mjs 3dtextures wall-brick-terracotta-001
cobblestone-irregular-floor-001	Cobblestone Irregular Floor 001	3dtextures.me	CC0 1.0	textures	cobblestone,Floor,flooring,ground,irregular,Stone,Tiles	https://drive.google.com/drive/folders/1pgRNS3ZAgTZyDb0w6BzWyW9ZNYha6FTH	https://3dtextures.me/2025/12/23/cobblestone-irregular-floor-001/	node cong-cu/lay.mjs 3dtextures cobblestone-irregular-floor-001
bamboo-fence-001	Bamboo Fence 001	3dtextures.me	CC0 1.0	textures	Bamboo,fence,material,Substance Designer,Wood	https://drive.google.com/drive/folders/1okYtThw_bLTaat2VqpKLrIqWwj1ZUoyw	https://3dtextures.me/2025/12/19/bamboo-fence-001/	node cong-cu/lay.mjs 3dtextures bamboo-fence-001
wood-roof-shingles-002	Wood Roof Shingles 002	3dtextures.me	CC0 1.0	textures	carved,material,old,Roof,shingles,Substance Designer,Wood	https://drive.google.com/drive/folders/1lQLzxLPKjujXerHjCIunr_Q8gbCMBsWX	https://3dtextures.me/2025/12/16/wood-roof-shingles-002/	node cong-cu/lay.mjs 3dtextures wood-roof-shingles-002
leather-stitched-triblade-padded-001	Leather Stitched Triblade Padded 001	3dtextures.me	CC0 1.0	textures	clothes,Fabric,Leather,Padded,stitched,triblade	https://drive.google.com/drive/folders/1XiMFV5cGQsGYjdqfMpimmCPDaC7zFH57	https://3dtextures.me/2025/12/11/leather-stitched-triblade-padded-001/	node cong-cu/lay.mjs 3dtextures leather-stitched-triblade-padded-001
wall-stone-fluted-001	Wall Stone Fluted 001	3dtextures.me	CC0 1.0	textures	Stone,Tiles,Wall	https://drive.google.com/drive/folders/1qI3OJET5U3zXO58p7AdrQCYUSoc67rJz	https://3dtextures.me/2025/12/08/wall-stone-fluted-001/	node cong-cu/lay.mjs 3dtextures wall-stone-fluted-001
wall-stone-034	Wall Stone 034	3dtextures.me	CC0 1.0	textures	Stone,Tiles,Wall	https://drive.google.com/drive/folders/1NhOrfzs7v8Nl-D_YMj5JP672v-dGGW1D	https://3dtextures.me/2025/12/05/wall-stone-034/	node cong-cu/lay.mjs 3dtextures wall-stone-034
tiles-stone-006	Tiles Stone 006	3dtextures.me	CC0 1.0	textures	blocks,Floor,flooring,Stone,Tiles,Wall	https://drive.google.com/drive/folders/1V70_aFbeaoK9WIw7fCRLlxCMg5olXWp_	https://3dtextures.me/2025/12/02/tiles-stone-006/	node cong-cu/lay.mjs 3dtextures tiles-stone-006
tiles-interlocked-ribbed-001	Tiles Interlocked Ribbed 001	3dtextures.me	CC0 1.0	textures	ceramic,feature,geometric,interlocked,Pattern,ribbed,Tiles,Wall	https://drive.google.com/drive/folders/1lrjttV8f5CZAsHXBrhDTqhQSQI9UI_nc	https://3dtextures.me/2025/12/01/tiles-interlocked-ribbed-001/	node cong-cu/lay.mjs 3dtextures tiles-interlocked-ribbed-001
wood-carved-lattice-panels-001	Wood Carved Lattice Panels 001	3dtextures.me	CC0 1.0	textures	carved,Ceiling,coffers,lattice,material,old,panels,Substance Designer,Wood	https://drive.google.com/drive/folders/1VeSA_XOJAyLp1A4hazbmZaASc-WzLDVn	https://3dtextures.me/2025/11/28/wood-carved-lattice-panels-001/	node cong-cu/lay.mjs 3dtextures wood-carved-lattice-panels-001
linoleum-floor-001	Linoleum Floor 001	3dtextures.me	CC0 1.0	textures	ceramic,feature,Floor,flooring,geometric,Pattern,Tiles,Wall	https://drive.google.com/drive/folders/1xirut5JhUH3MiLnaVm343rEebVYOV0R4	https://3dtextures.me/2025/11/24/linoleum-floor-001/	node cong-cu/lay.mjs 3dtextures linoleum-floor-001
wall-stone-033	Wall Stone 033	3dtextures.me	CC0 1.0	textures	Stone,Tiles,Wall	https://drive.google.com/drive/folders/1FuHA6L3Xm6aUCrDc_QkCcJx3hu5yyD3e	https://3dtextures.me/2025/11/22/wall-stone-033/	node cong-cu/lay.mjs 3dtextures wall-stone-033
brick-wall-026	Brick Wall 026	3dtextures.me	CC0 1.0	textures	blocks,Brick,ceramic,damaged,Wall	https://drive.google.com/drive/folders/1nHKb39QfSwOEeWLmdVrTkHijlOtTm8yU	https://3dtextures.me/2025/11/21/brick-wall-026/	node cong-cu/lay.mjs 3dtextures brick-wall-026
stone-tiles-006	Stone Tiles 006	3dtextures.me	CC0 1.0	textures	blocks,Stone,Tiles,Wall	https://drive.google.com/drive/folders/1TM2HmU2dbWnuARVGkLv2ciwHWF5qt_hR	https://3dtextures.me/2025/11/20/stone-tiles-006/	node cong-cu/lay.mjs 3dtextures stone-tiles-006
concrete-wall-015	Concrete Wall 015	3dtextures.me	CC0 1.0	textures	blocks,Concrete,damaged,Wall	https://drive.google.com/drive/folders/1k5L8YNvioc12qLe-qhkV_u3-Hb3ZqZB0	https://3dtextures.me/2025/11/18/concrete-wall-015/	node cong-cu/lay.mjs 3dtextures concrete-wall-015
concrete-wall-014	Concrete Wall 014	3dtextures.me	CC0 1.0	textures	blocks,Concrete,damaged,Wall	https://drive.google.com/drive/folders/1qWDeSLFjfYcvimqIx-9oNcOps-UaojoZ	https://3dtextures.me/2025/11/12/concrete-wall-014/	node cong-cu/lay.mjs 3dtextures concrete-wall-014
wood-ceiling-coffers-004	Wood Ceiling Coffers 004	3dtextures.me	CC0 1.0	textures	Ceiling,coffers,material,old,Substance Designer,Wood	https://drive.google.com/drive/folders/1_JVwpvfFYEjuvUCgCFK-rCijWaUdbc19	https://3dtextures.me/2025/11/10/wood-ceiling-coffers-004/	node cong-cu/lay.mjs 3dtextures wood-ceiling-coffers-004
fabric-denim-patch-001	Fabric Denim Patch 001	3dtextures.me	CC0 1.0	textures	cloth,clothes,Denim,Fabric,feature,geometric,jeans,patch,patches,Pattern	https://drive.google.com/drive/folders/1XdIY85raVeH3n9ZmQB_MDYNih9LX3oZk	https://3dtextures.me/2025/11/07/fabric-denim-patch-001/	node cong-cu/lay.mjs 3dtextures fabric-denim-patch-001
tiles-070	Tiles 070	3dtextures.me	CC0 1.0	textures	ceramic,feature,geometric,Pattern,Tiles,Wall	https://drive.google.com/drive/folders/1a246zWg4OORptBaxVAH64o_60udijPFF	https://3dtextures.me/2025/11/06/tiles-070/	node cong-cu/lay.mjs 3dtextures tiles-070
concrete-blocks-016	Concrete Blocks 016	3dtextures.me	CC0 1.0	textures	blocks,Concrete,Wall	https://drive.google.com/drive/folders/1bW3VfesDvOXXrHwmFISzhxBgMw6N4F-i	https://3dtextures.me/2025/11/04/concrete-blocks-016/	node cong-cu/lay.mjs 3dtextures concrete-blocks-016
wood-wicker-012	Wood Wicker 012	3dtextures.me	CC0 1.0	textures	chair,furniture,jute,rattan,vintage,weave,wicker,Wood	https://drive.google.com/drive/folders/1-A6c1KZ1rCIhsjj5s2iYGW9PJL_V2OO4	https://3dtextures.me/2025/10/30/wood-wicker-012/	node cong-cu/lay.mjs 3dtextures wood-wicker-012
fabric-lace-048	Fabric Lace 048	3dtextures.me	CC0 1.0	textures	cloth,clothes,Fabric,feature,fishnet,geometric,lace,Pattern	https://drive.google.com/drive/folders/1EA5qUfJu56mVZVr-PgA1igsBw_dhEAbJ	https://3dtextures.me/2025/10/29/fabric-lace-048/	node cong-cu/lay.mjs 3dtextures fabric-lace-048
tiles-069	Tiles 069	3dtextures.me	CC0 1.0	textures	ceramic,feature,Floor,flooring,footprint,geometric,Pattern,Tiles,Wall	https://drive.google.com/drive/folders/1Bro41QZUclpz85jje1Jg6oqi5iMrlHZJ	https://3dtextures.me/2025/10/28/tiles-069/	node cong-cu/lay.mjs 3dtextures tiles-069
wood-stacked-001	Wood Stacked 001	3dtextures.me	CC0 1.0	textures	footwear,old,shoes,stacked,Wood	https://drive.google.com/drive/folders/1jtNf7RLXtjtBS5ocMVjqb3gqiLBgsTki	https://3dtextures.me/2025/10/27/wood-stacked-001/	node cong-cu/lay.mjs 3dtextures wood-stacked-001
wall-stone-032	Wall Stone 032	3dtextures.me	CC0 1.0	textures	Stone,Tiles,Wall	https://drive.google.com/drive/folders/1pQZdFZ-DUiAdhxLg5pZw4ETLdZiXdeWS	https://3dtextures.me/2025/10/24/wall-stone-032/	node cong-cu/lay.mjs 3dtextures wall-stone-032
wood-032	Wood 032	3dtextures.me	CC0 1.0	textures	Floor,flooring,hexagon,old,vintage,Wood	https://drive.google.com/drive/folders/1IphfqRwOCIUdeN2mhTkVa6SFm4-BHwLI	https://3dtextures.me/2025/10/20/wood-032/	node cong-cu/lay.mjs 3dtextures wood-032
metal-hammered-005	Metal Hammered 005	3dtextures.me	CC0 1.0	textures	copper,geometric,hammered,Metal,metallic,Pattern	https://drive.google.com/drive/folders/1uw5SwNMme_HM60H3bFZa3SGXoR-DMr5l	https://3dtextures.me/2025/10/17/metal-hammered-005/	node cong-cu/lay.mjs 3dtextures metal-hammered-005
glass-frosted-002	Glass Frosted 002	3dtextures.me	CC0 1.0	textures	frosted,geometric,glass,Pattern,screen,window,windows	https://drive.google.com/drive/folders/1KXDGQpXj8FRfkJ6MGeSazdkbtWkunw3P	https://3dtextures.me/2025/10/16/glass-frosted-002/	node cong-cu/lay.mjs 3dtextures glass-frosted-002
fabric-knitted-007-halloween	Fabric Knitted 007 - Halloween	3dtextures.me	CC0 1.0	textures	cloth,clothes,Fabric,feature,geometric,halloween,knitted,lace,Pattern,pumpkin	https://drive.google.com/drive/folders/1PEptsloh4-cT5ArDQrtL5rLmOv-VIzKx	https://3dtextures.me/2025/10/15/fabric-knitted-007-halloween/	node cong-cu/lay.mjs 3dtextures fabric-knitted-007-halloween
fabric-lace-047	Fabric Lace 047	3dtextures.me	CC0 1.0	textures	cloth,clothes,Fabric,feature,geometric,lace,Pattern	https://drive.google.com/drive/folders/1mrlzukV43eprIasq2BdNnEEPkYtwJitC	https://3dtextures.me/2025/10/10/fabric-lace-047/	node cong-cu/lay.mjs 3dtextures fabric-lace-047
fabric-ribbon-001	Fabric Ribbon 001	3dtextures.me	CC0 1.0	textures	cloth,clothes,Fabric,geometric,palette,Pattern,ribbon,tarp	https://drive.google.com/drive/folders/1_LUTht03jPtAunFfQHDuLPNz9wrJAQ0y	https://3dtextures.me/2025/10/06/fabric-ribbon-001/	node cong-cu/lay.mjs 3dtextures fabric-ribbon-001
tiles-068	Tiles 068	3dtextures.me	CC0 1.0	textures	ceramic,feature,Floor,flooring,geometric,Pattern,Tiles,Wall	https://drive.google.com/drive/folders/1ZyGyrOLKx5Ff4v94uTtrGXA3nhsM_c5g	https://3dtextures.me/2025/10/04/tiles-068/	node cong-cu/lay.mjs 3dtextures tiles-068
wood-floor-015	Wood Floor 015	3dtextures.me	CC0 1.0	textures	Floor,flooring,hexagon,old,vintage,Wood	https://drive.google.com/drive/folders/1FVZ0NeOCEV6hxaiZ0wlWq-oD5LwYNmk4	https://3dtextures.me/2025/10/03/wood-floor-015/	node cong-cu/lay.mjs 3dtextures wood-floor-015
tiles-067	Tiles 067	3dtextures.me	CC0 1.0	textures	ceramic,feature,Floor,flooring,geometric,Pattern,Tiles,Wall	https://drive.google.com/drive/folders/1J4ABZ_36-Ts1mmVQuPke25GXzhS4a2bX	https://3dtextures.me/2025/10/02/tiles-067/	node cong-cu/lay.mjs 3dtextures tiles-067
metal-pattern-012	Metal Pattern 012	3dtextures.me	CC0 1.0	textures	geometric,Metal,metallic,Pattern,rust,Rusted,wear,weathering	https://drive.google.com/drive/folders/1EG22kRq6Mrj7JZ9p1BYDCxtIgD56lu4q	https://3dtextures.me/2025/10/01/metal-pattern-012/	node cong-cu/lay.mjs 3dtextures metal-pattern-012
tiles-066	Tiles 066	3dtextures.me	CC0 1.0	textures	ceramic,feature,Floor,flooring,geometric,Pattern,Tiles,Wall	https://drive.google.com/drive/folders/1RawavCW1b8CM18uWAf33O59aOlpm1rpH	https://3dtextures.me/2025/09/29/tiles-066/	node cong-cu/lay.mjs 3dtextures tiles-066
hexa-grip-board-001	Hexa-Grip Board 001	3dtextures.me	CC0 1.0	textures	geometric,grip,haxa grip,Pattern	https://drive.google.com/drive/folders/1oCPQ0NLhjh_4D-XHSXmgPGdg3DzeJNq8	https://3dtextures.me/2025/09/26/hexa-grip-board-001/	node cong-cu/lay.mjs 3dtextures hexa-grip-board-001
metal-pattern-011	Metal Pattern 011	3dtextures.me	CC0 1.0	textures	geometric,Metal,metallic,Pattern	https://drive.google.com/drive/folders/1maOqSWAcJ46TlMkbSNGTnXNKpFlqw1tn	https://3dtextures.me/2025/09/25/metal-pattern-011/	node cong-cu/lay.mjs 3dtextures metal-pattern-011
wood-floor-014	Wood Floor 014	3dtextures.me	CC0 1.0	textures	Floor,flooring,hexagon,old,vintage,Wood	https://drive.google.com/drive/folders/1Nt-sT1GIxV-QlJnh40IlKWgMPjb__npb	https://3dtextures.me/2025/09/24/wood-floor-014/	node cong-cu/lay.mjs 3dtextures wood-floor-014
porcelain-001	Porcelain 001	3dtextures.me	CC0 1.0	textures	china,geometric,Pattern,porcelain,vase	https://drive.google.com/drive/folders/1GTlw7nPkb4l5RXPk9XrHsvAMWGUhFHU-	https://3dtextures.me/2025/09/23/porcelain-001/	node cong-cu/lay.mjs 3dtextures porcelain-001
terracotta-floor-tiles-004	Terracotta Floor Tiles 004	3dtextures.me	CC0 1.0	textures	blocks,feature,Floor,flooring,geometric,ground,Pattern,terracotta,Tiles,Wall	https://drive.google.com/drive/folders/18SW9puzEWyFKwxW0WJ80qhzt5ebZI3aC	https://3dtextures.me/2025/09/19/terracotta-floor-tiles-004/	node cong-cu/lay.mjs 3dtextures terracotta-floor-tiles-004
sci-fi-metal-panel-010	Sci-fi Metal Panel 010	3dtextures.me	CC0 1.0	textures	corrugated,geometric,Metal,metallic,panel,Pattern,Sci-fi,science fiction,scifi,ship,spaceship	https://drive.google.com/drive/folders/1YdJVfZaLdhBfx7NibwFuw1ETiElK_SS0	https://3dtextures.me/2025/09/18/sci-fi-metal-panel-010/	node cong-cu/lay.mjs 3dtextures sci-fi-metal-panel-010
wall-fabric-001	Wall Fabric 001	3dtextures.me	CC0 1.0	textures	cloth,Fabric,feature,geometric,Pattern,Wall	https://drive.google.com/drive/folders/1ky_Iy7QCHirZwTu6WI4lGbhgurZPdfiV	https://3dtextures.me/2025/09/17/wall-fabric-001/	node cong-cu/lay.mjs 3dtextures wall-fabric-001
tiles-065	Tiles 065	3dtextures.me	CC0 1.0	textures	ceramic,feature,Floor,flooring,geometric,Pattern,Tiles,Wall	https://drive.google.com/drive/folders/12fGKUeItV2GQ_4Liz2XloCu6DtnhoZ7P	https://3dtextures.me/2025/09/16/tiles-065/	node cong-cu/lay.mjs 3dtextures tiles-065
terracotta-floor-tiles-003	Terracotta Floor Tiles 003	3dtextures.me	CC0 1.0	textures	blocks,feature,Floor,flooring,geometric,ground,Pattern,terracotta,Tiles,Wall	https://drive.google.com/drive/folders/1IQCTRKo5SxEK49L6bUfrYwbotdSbIXh0	https://3dtextures.me/2025/09/15/terracotta-floor-tiles-003/	node cong-cu/lay.mjs 3dtextures terracotta-floor-tiles-003
fabric-tarp-003	Fabric Tarp 003	3dtextures.me	CC0 1.0	textures	cloth,clothes,Fabric,geometric,palette,Pattern,tarp	https://drive.google.com/drive/folders/13qdq8gE7BFzYQvWczGGQBb4hxS914GoN	https://3dtextures.me/2025/09/11/fabric-tarp-003/	node cong-cu/lay.mjs 3dtextures fabric-tarp-003
metal-corrugated-017	Metal Corrugated 017	3dtextures.me	CC0 1.0	textures	corrugated,geometric,Metal,metallic,Pattern	https://drive.google.com/drive/folders/1b_HbHlHzXCW5Chty7QILTiTg8vUadYI2	https://3dtextures.me/2025/09/10/metal-corrugated-017/	node cong-cu/lay.mjs 3dtextures metal-corrugated-017
concrete-tiles-002	Concrete Tiles 002	3dtextures.me	CC0 1.0	textures	blocks,cement,Concrete,feature,Floor,flooring,geometric,ground,Pattern,Tiles,Wall	https://drive.google.com/drive/folders/16wX4c2MijzxqaO2qcxD-qSS4WIdjLVAf	https://3dtextures.me/2025/09/09/concrete-tiles-002/	node cong-cu/lay.mjs 3dtextures concrete-tiles-002
glass-pattern-004	Glass Pattern 004	3dtextures.me	CC0 1.0	textures	geometric,glass,Pattern,window,windows	https://drive.google.com/drive/folders/1AnHjhJEJeh8hYs8d3f_lrl5KwzUPUYyE	https://3dtextures.me/2025/09/08/glass-pattern-004/	node cong-cu/lay.mjs 3dtextures glass-pattern-004
tiles-064	Tiles 064	3dtextures.me	CC0 1.0	textures	ceramic,feature,Floor,flooring,geometric,Pattern,Tiles,Wall	https://drive.google.com/drive/folders/1iMAGMntNpFoiiZ2XbBHSC1-bq1E0osq2	https://3dtextures.me/2025/09/05/tiles-064/	node cong-cu/lay.mjs 3dtextures tiles-064
fabric-lace-046	Fabric Lace 046	3dtextures.me	CC0 1.0	textures	cloth,clothes,Fabric,feature,geometric,lace,Pattern	https://drive.google.com/drive/folders/1hzMXrURrkHXwhq_eZpgd8ZtxzYvA6mb3	https://3dtextures.me/2025/09/01/fabric-lace-046/	node cong-cu/lay.mjs 3dtextures fabric-lace-046
stylized-wood-planks-003	Stylized Wood Planks 003	3dtextures.me	CC0 1.0	textures	board,Floor,flooring,particle,particle board,Wood	https://drive.google.com/drive/folders/1jpXc9bfRFzFkG93Cz5Ipc-rC3sFrY0W1	https://3dtextures.me/2025/08/30/stylized-wood-planks-003/	node cong-cu/lay.mjs 3dtextures stylized-wood-planks-003
wood-particle-board-005	Wood Particle Board 005	3dtextures.me	CC0 1.0	textures	board,Floor,flooring,particle,particle board,Wood	https://drive.google.com/drive/folders/1fYZyiawtQv21Ug8jIqXxprYeWLZ32-Zo	https://3dtextures.me/2025/08/29/wood-particle-board-005/	node cong-cu/lay.mjs 3dtextures wood-particle-board-005
fabric-seersucker-001	Fabric Seersucker 001	3dtextures.me	CC0 1.0	textures	cloth,clothes,Fabric,feature,geometric,Pattern,seersucker	https://drive.google.com/drive/folders/11LkUqwDPmK6bp0-9-jg57K42ewsmmuRE	https://3dtextures.me/2025/08/28/fabric-seersucker-001/	node cong-cu/lay.mjs 3dtextures fabric-seersucker-001
glass-pattern-003	Glass Pattern 003	3dtextures.me	CC0 1.0	textures	geometric,glass,Pattern,window,windows	https://drive.google.com/drive/folders/1zU71rdg99Lntmez7FRwrliI4ZvLMnrBo	https://3dtextures.me/2025/08/27/glass-pattern-003/	node cong-cu/lay.mjs 3dtextures glass-pattern-003
wood-floor-010-2	Wood Floor 010	3dtextures.me	CC0 1.0	textures	Floor,flooring,parquet,Wood	https://drive.google.com/drive/folders/1Ncvfte06V1dr3t5NhQ4Pgh8VW8sihDVh	https://3dtextures.me/2025/08/21/wood-floor-010-2/	node cong-cu/lay.mjs 3dtextures wood-floor-010-2
tiles-063	Tiles 063	3dtextures.me	CC0 1.0	textures	ceramic,feature,geometric,Pattern,Tiles,Wall	https://drive.google.com/drive/folders/1x7lE2vguFNcKTej25TqktJc5RmwSoU6z	https://3dtextures.me/2025/08/20/tiles-063/	node cong-cu/lay.mjs 3dtextures tiles-063
wall-stone-031	Wall Stone 031	3dtextures.me	CC0 1.0	textures	Stone,Tiles,Wall	https://drive.google.com/drive/folders/1Pt8ROsueQa_TIxy_ly8QRtZzmC4fsXdL	https://3dtextures.me/2025/08/19/wall-stone-031/	node cong-cu/lay.mjs 3dtextures wall-stone-031
tiles-062	Tiles 062	3dtextures.me	CC0 1.0	textures	ceramic,feature,geometric,Pattern,Tiles,Wall	https://drive.google.com/drive/folders/1gDuryXjraCyDDtUy89c9dkkAe0TFgkFu	https://3dtextures.me/2025/08/18/tiles-062/	node cong-cu/lay.mjs 3dtextures tiles-062
metal-pattern-010	Metal Pattern 010	3dtextures.me	CC0 1.0	textures	geometric,Metal,metallic,Pattern	https://drive.google.com/drive/folders/1ug-QMX4NTVqenwSB-sBJwHm3K_SaPe5W	https://3dtextures.me/2025/08/17/metal-pattern-010/	node cong-cu/lay.mjs 3dtextures metal-pattern-010
metal-weave-011	Metal Weave 011	3dtextures.me	CC0 1.0	textures	geometric,Metal,metallic,Pattern,weave	https://drive.google.com/drive/folders/1b5GihRW0hCU6ZxexHD-jCaqQqP1_jism	https://3dtextures.me/2025/08/01/metal-weave-011/	node cong-cu/lay.mjs 3dtextures metal-weave-011
tiles-061	Tiles 061	3dtextures.me	CC0 1.0	textures	ceramic,feature,geometric,Pattern,Tiles,Wall	https://drive.google.com/drive/folders/1B9QhE5nZSTQd-lA4Tuaimv_yCX3kyEyI	https://3dtextures.me/2025/07/31/tiles-061/	node cong-cu/lay.mjs 3dtextures tiles-061
leather-padded-004	Leather Padded 004	3dtextures.me	CC0 1.0	textures	cloth,clothes,Fabric,feature,geometric,Leather,Padded,Pattern,Rug	https://drive.google.com/drive/folders/11vpyX2Jr_8VGbexStuVcYctTRlA5tu7o	https://3dtextures.me/2025/07/30/leather-padded-004/	node cong-cu/lay.mjs 3dtextures leather-padded-004
fabric-padded-009	Fabric Padded 009	3dtextures.me	CC0 1.0	textures	cloth,clothes,Fabric,feature,geometric,Padded,Pattern,Rug	https://drive.google.com/drive/folders/1goMKn_c7OGKDtdxptC6rG1GNGFNmNw_1	https://3dtextures.me/2025/07/29/fabric-padded-009/	node cong-cu/lay.mjs 3dtextures fabric-padded-009
concrete-blocks-015	Concrete Blocks 015	3dtextures.me	CC0 1.0	textures	blocks,cement,Concrete,feature,geometric,Pattern,Wall	https://drive.google.com/drive/folders/1wPIvx9bZjmGaZFq4fLK7O9Iy8E2a2OU1	https://3dtextures.me/2025/07/28/concrete-blocks-015/	node cong-cu/lay.mjs 3dtextures concrete-blocks-015
wall-stone-030	Wall Stone 030	3dtextures.me	CC0 1.0	textures	Stone,Tiles,Wall	https://drive.google.com/drive/folders/1Giwju7rhAXoXjawYPofgqzdf5SUAcue8	https://3dtextures.me/2025/07/20/wall-stone-030/	node cong-cu/lay.mjs 3dtextures wall-stone-030
wall-stone-029	Wall Stone 029	3dtextures.me	CC0 1.0	textures	Stone,Tiles,Wall	https://drive.google.com/drive/folders/1atTZupuQg0yQOqahIeya_Ui7c9dKk6Kt	https://3dtextures.me/2025/07/18/wall-stone-029/	node cong-cu/lay.mjs 3dtextures wall-stone-029
tiles-060	Tiles 060	3dtextures.me	CC0 1.0	textures	Floor,fluted,geometric,Pattern,scifi,Tiles,Wall,wellington	https://drive.google.com/drive/folders/1VjGU2jlOUSBOs2e-2rmFg3Ye_YsuzEM0	https://3dtextures.me/2025/07/17/tiles-060/	node cong-cu/lay.mjs 3dtextures tiles-060
brick-wall-025	Brick Wall 025	3dtextures.me	CC0 1.0	textures	Brick,brick wall,Wall	https://drive.google.com/drive/folders/1mOkPtagJwkhZaQ0dYEbXL_DXKfAOk-ha	https://3dtextures.me/2025/07/15/brick-wall-025/	node cong-cu/lay.mjs 3dtextures brick-wall-025
brick-wall-024	Brick Wall 024	3dtextures.me	CC0 1.0	textures	Brick,brick wall,Stone,Wall	https://drive.google.com/drive/folders/12r-P2rMzMrRU4SN9FlfT6KphYCmAhF6H	https://3dtextures.me/2025/07/14/brick-wall-024/	node cong-cu/lay.mjs 3dtextures brick-wall-024
stone-wall-fieldstone-001	Stone Wall Fieldstone 001	3dtextures.me	CC0 1.0	textures	fieldstone,Stone,Tiles,Wall	https://drive.google.com/drive/folders/1lgisfkotoXR3ICsNfPyASVeCu2h4BH3P	https://3dtextures.me/2025/07/04/stone-wall-fieldstone-001/	node cong-cu/lay.mjs 3dtextures stone-wall-fieldstone-001
fabric-padded-008	Fabric Padded 008	3dtextures.me	CC0 1.0	textures	cloth,clothes,Fabric,fancy,glitter,Padded,Sci-fi,scifi	https://drive.google.com/drive/folders/1Un_zB1YhLU9Dy__nDJQCHg1eliGiFW1k	https://3dtextures.me/2025/07/03/fabric-padded-008/	node cong-cu/lay.mjs 3dtextures fabric-padded-008
fabric-glitter-001	Fabric Glitter 001	3dtextures.me	CC0 1.0	textures	cloth,clothes,Fabric,fancy,glitter	https://drive.google.com/drive/folders/1h4leCU9JwFUEOQUFM1Zii96_g255tJ_z	https://3dtextures.me/2025/07/02/fabric-glitter-001/	node cong-cu/lay.mjs 3dtextures fabric-glitter-001
concrete-blocks-014	Concrete Blocks 014	3dtextures.me	CC0 1.0	textures	blocks,Concrete,geometric,Wall	https://drive.google.com/drive/folders/1UXRFaBRiwzbjzABSJudWevQW90KV506c	https://3dtextures.me/2025/07/01/concrete-blocks-014/	node cong-cu/lay.mjs 3dtextures concrete-blocks-014
brick-wall-023	Brick Wall 023	3dtextures.me	CC0 1.0	textures	Brick,brick wall,Wall	https://drive.google.com/drive/folders/1lxJ7cYZ8C4yDfmIqieWqOYKSlP-BSmFI	https://3dtextures.me/2025/06/30/brick-wall-023/	node cong-cu/lay.mjs 3dtextures brick-wall-023
wall-stone-028	Wall Stone 028	3dtextures.me	CC0 1.0	textures	Stone,Tiles,Wall	https://drive.google.com/drive/folders/106DqMe1pX08CNbBZD1YMyUskBHxFvQ8f	https://3dtextures.me/2025/06/21/wall-stone-028/	node cong-cu/lay.mjs 3dtextures wall-stone-028
fabric-lace-045	Fabric Lace 045	3dtextures.me	CC0 1.0	textures	cloth,clothes,Fabric,lace,lingerie	https://drive.google.com/drive/folders/1J5LHDTb0dVnEnPEFhbbUBhkEBp7D8vr1	https://3dtextures.me/2025/06/20/fabric-lace-045/	node cong-cu/lay.mjs 3dtextures fabric-lace-045
tiles-hexagon-geometric-001	Tiles Hexagon Geometric 001	3dtextures.me	CC0 1.0	textures	ceramic,Floor,geometric,ground,hexagon,terracotta,Tiles	https://drive.google.com/drive/folders/1Lmo9wcuQ740EO5rdqpxYQF7xV_hH80-H	https://3dtextures.me/2025/06/19/tiles-hexagon-geometric-001/	node cong-cu/lay.mjs 3dtextures tiles-hexagon-geometric-001
brick-wall-022	Brick Wall 022	3dtextures.me	CC0 1.0	textures	Brick,brick wall,bricks,Wall	https://drive.google.com/drive/folders/1qjwt98te3mEnJ0alJapawhikllZma6cj	https://3dtextures.me/2025/06/18/brick-wall-022/	node cong-cu/lay.mjs 3dtextures brick-wall-022
abstract-014	Abstract 014	3dtextures.me	CC0 1.0	textures	Abstract,geometric,Pattern,scifi	https://drive.google.com/drive/folders/13W_v0x_UAg-0lQ8puaN917LRpZsTCc8Z	https://3dtextures.me/2025/06/17/abstract-014/	node cong-cu/lay.mjs 3dtextures abstract-014
tiles-wislow-weave-001	Tiles Wislow Weave 001	3dtextures.me	CC0 1.0	textures	Floor,fluted,geometric,Pattern,scifi,Tiles,Wall,wellington	https://drive.google.com/drive/folders/1_HgekM216AoW2Yj-_kHQhZwU7KQ3NAFc	https://3dtextures.me/2025/06/02/tiles-wislow-weave-001/	node cong-cu/lay.mjs 3dtextures tiles-wislow-weave-001
tiles-wellington-001	Tiles Wellington 001	3dtextures.me	CC0 1.0	textures	Floor,fluted,geometric,Pattern,scifi,Tiles,Wall,wellington	https://drive.google.com/drive/folders/1cYKte87GqYcgamE1z4nnswoDGqeNkMcF	https://3dtextures.me/2025/05/29/tiles-wellington-001/	node cong-cu/lay.mjs 3dtextures tiles-wellington-001
tiles-fluted-001	Tiles Fluted 001	3dtextures.me	CC0 1.0	textures	Floor,fluted,scifi,Tiles,Wall	https://drive.google.com/drive/folders/1qI3OJET5U3zXO58p7AdrQCYUSoc67rJz	https://3dtextures.me/2025/05/28/tiles-fluted-001/	node cong-cu/lay.mjs 3dtextures tiles-fluted-001
sci-fi-metal-panel-009	Sci-fi Metal Panel 009	3dtextures.me	CC0 1.0	textures	aged,Metal,metallic,old,panel,rust,Sci-fi,science fiction,scifi,spaceship	https://drive.google.com/drive/folders/1TmApCl8myP13I5By3TsJKnxT69qVrawA	https://3dtextures.me/2025/05/27/sci-fi-metal-panel-009/	node cong-cu/lay.mjs 3dtextures sci-fi-metal-panel-009
flagstone-floor-001	Flagstone Floor 001	3dtextures.me	CC0 1.0	textures	bug,feature wall,flagstone,Floor,flooring,ground,Stone,Tiles	https://drive.google.com/drive/folders/1cmPoqIu8w0HXG2wIUmcUEqHBoZHz3Y51	https://3dtextures.me/2025/05/26/flagstone-floor-001/	node cong-cu/lay.mjs 3dtextures flagstone-floor-001
tiles-scarabs-001	Tiles Scarabs 001	3dtextures.me	CC0 1.0	textures	bug,feature wall,Floor,flooring,ground,pyramids,scarabs,terracotta,Tiles,Wall	https://drive.google.com/drive/folders/1JDp3NH-2WqJs508lwTvcaJMXSiOP79le	https://3dtextures.me/2025/05/17/tiles-scarabs-001/	node cong-cu/lay.mjs 3dtextures tiles-scarabs-001
tiles-pyramids-001	Tiles Pyramids 001	3dtextures.me	CC0 1.0	textures	feature wall,Floor,flooring,ground,pyramids,terracotta,Tiles,Wall	https://drive.google.com/drive/folders/1Xcj4DiQEVisjrVU8kHvlXBJpyw8XYeRE	https://3dtextures.me/2025/05/16/tiles-pyramids-001/	node cong-cu/lay.mjs 3dtextures tiles-pyramids-001
tiles-hexagon-flowers-001	Tiles Hexagon Flowers 001	3dtextures.me	CC0 1.0	textures	feature wall,Floor,flooring,ground,terracotta,Tiles,Wall	https://drive.google.com/drive/folders/1ZuiqcZgAcVE2dXa7s1ur2HPOSxwtPdL4	https://3dtextures.me/2025/05/15/tiles-hexagon-flowers-001/	node cong-cu/lay.mjs 3dtextures tiles-hexagon-flowers-001
terracotta-tiles-007	Terracotta Tiles 007	3dtextures.me	CC0 1.0	textures	Floor,flooring,ground,terracotta,Tiles	https://drive.google.com/drive/folders/19HrMv3xTdaP1Txcr65uYZHGrk039TSt-	https://3dtextures.me/2025/05/14/terracotta-tiles-007/	node cong-cu/lay.mjs 3dtextures terracotta-tiles-007
sci-fi-panel-001	Sci-fi Panel 001	3dtextures.me	CC0 1.0	textures	Metal,plate,Sci-fi,science fiction,scifi,spaceship	https://drive.google.com/drive/folders/1Seq7l4SrZ2ExTZ63AK1YCCzNpUAGIPYQ	https://3dtextures.me/2025/05/13/sci-fi-panel-001/	node cong-cu/lay.mjs 3dtextures sci-fi-panel-001
white-marble-006	White Marble 006	3dtextures.me	CC0 1.0	textures	bathroom,countertop,Floor,kitchen,Marble,Stone,wc	https://drive.google.com/drive/folders/1dkxfbrJI1IOXdXpCyXncW9SDPhFEOkJ4	https://3dtextures.me/2025/05/07/white-marble-006/	node cong-cu/lay.mjs 3dtextures white-marble-006
tiles-stone-005	Tiles Stone 005	3dtextures.me	CC0 1.0	textures	Floor,ground,Stone,Tiles	https://drive.google.com/drive/folders/15EIDZlhb1PcW-zdiIkfjbFm39qJyxA3o	https://3dtextures.me/2025/05/06/tiles-stone-005/	node cong-cu/lay.mjs 3dtextures tiles-stone-005
tiles-stone-004	Tiles Stone 004	3dtextures.me	CC0 1.0	textures	Floor,ground,Stone,Tiles	https://drive.google.com/drive/folders/18owoKaITgYY0Kdbe7aDZ2AYtjrrwbATg	https://3dtextures.me/2025/05/05/tiles-stone-004/	node cong-cu/lay.mjs 3dtextures tiles-stone-004
tiles-star-cross-001	Tiles Star Cross 001	3dtextures.me	CC0 1.0	textures	ceramic,cross,star,Tiles,Wall	https://drive.google.com/drive/folders/1agaNyFvlkaEv28P1xUaxrYj7huO-VOFt	https://3dtextures.me/2025/05/04/tiles-star-cross-001/	node cong-cu/lay.mjs 3dtextures tiles-star-cross-001
sci-fi-metal-panel-008	Sci-fi Metal Panel 008	3dtextures.me	CC0 1.0	textures	panel,Sci-fi,science fiction,scifi,spaceship,Tiles,Wall	https://drive.google.com/drive/folders/1Ro3fqhhzHqTBha8xVNETXCxgQCV5CBWU	https://3dtextures.me/2025/05/03/sci-fi-metal-panel-008/	node cong-cu/lay.mjs 3dtextures sci-fi-metal-panel-008
tiles-059	Tiles 059	3dtextures.me	CC0 1.0	textures	ceramic,Tiles,Wall	https://drive.google.com/drive/folders/1xmeRX0Y5ZmuWUBpHf4yyYPOy0vP5wes0	https://3dtextures.me/2025/04/28/tiles-059/	node cong-cu/lay.mjs 3dtextures tiles-059
wall-stone-027	Wall Stone 027	3dtextures.me	CC0 1.0	textures	Stone,Wall	https://drive.google.com/drive/folders/1KOEqvNQVSHICirAr-_sdJR3Tgfmv4S7X	https://3dtextures.me/2025/04/27/wall-stone-027/	node cong-cu/lay.mjs 3dtextures wall-stone-027
sci-fi-metal-plate-004	Sci-fi Metal Plate 004	3dtextures.me	CC0 1.0	textures	Floor,ground,plate,Sci-fi,scifi,ship,space,spaceship,Tiles	https://drive.google.com/drive/folders/1E_7gkfY9TbZO0DYkbZHSE2ygU5FVRFSX	https://3dtextures.me/2025/04/26/sci-fi-metal-plate-004/	node cong-cu/lay.mjs 3dtextures sci-fi-metal-plate-004
stone-tiles-005	Stone Tiles 005	3dtextures.me	CC0 1.0	textures	Floor,ground,Stone,Tiles	https://drive.google.com/drive/folders/12i0MOHc9oRQryZsALH-WtKFhChCHLAIh	https://3dtextures.me/2025/04/25/stone-tiles-005/	node cong-cu/lay.mjs 3dtextures stone-tiles-005
epoxy-floor-001	Epoxy Floor 001	3dtextures.me	CC0 1.0	textures	epoxy,Floor	https://drive.google.com/drive/folders/1Iaf4qClxDZeMeC-5n6yprbA-YYP3N_rQ	https://3dtextures.me/2025/04/25/epoxy-floor-001/	node cong-cu/lay.mjs 3dtextures epoxy-floor-001
wall-stone-026	Wall Stone 026	3dtextures.me	CC0 1.0	textures	ceramic,old,Stone,Tiles,Wall,worn	https://drive.google.com/drive/folders/1EKdrUOi54TbKI0K0JfHVYLQa3Fp0S3L9	https://3dtextures.me/2025/04/20/wall-stone-026/	node cong-cu/lay.mjs 3dtextures wall-stone-026
tiles-058	Tiles 058	3dtextures.me	CC0 1.0	textures	ceramic,old,Tiles,Wall,worn	https://drive.google.com/drive/folders/1vhBVDpOaXMWM_FKrWcvT3bDmT4kZx8-q	https://3dtextures.me/2025/04/20/tiles-058/	node cong-cu/lay.mjs 3dtextures tiles-058
tiles-057	Tiles 057	3dtextures.me	CC0 1.0	textures	ceramic,old,Tiles,Wall,worn	https://drive.google.com/drive/folders/17cJxcFAVpCQvohtIQWnDz7aQSpEu-88I	https://3dtextures.me/2025/04/20/tiles-057/	node cong-cu/lay.mjs 3dtextures tiles-057
tiles-056	Tiles 056	3dtextures.me	CC0 1.0	textures	ceramic,old,Tiles,Wall,worn	https://drive.google.com/drive/folders/15o6HAPH2lHHRbvoy-hw47Jp5qeg8EzZ3	https://3dtextures.me/2025/04/20/tiles-056/	node cong-cu/lay.mjs 3dtextures tiles-056
concrete-cat-tiles-001	Concrete Cat Tiles 001	3dtextures.me	CC0 1.0	textures	ceramic,old,Tiles,Wall,worn	https://drive.google.com/drive/folders/1CDI9SV5wkmxpDaWIs1HKTGtSKinXGImj	https://3dtextures.me/2025/04/20/concrete-cat-tiles-001/	node cong-cu/lay.mjs 3dtextures concrete-cat-tiles-001
tiles-055	Tiles 055	3dtextures.me	CC0 1.0	textures	ceramic,old,Tiles,Wall,worn	https://drive.google.com/drive/folders/15u4S_9C7Nxof0O3cX301cI7J600UPWAo	https://3dtextures.me/2025/03/31/tiles-055/	node cong-cu/lay.mjs 3dtextures tiles-055
tiles-054	Tiles 054	3dtextures.me	CC0 1.0	textures	ceramic,old,Tiles,Wall,worn	https://drive.google.com/drive/folders/1VzokRlT-Ma1sxqP5eDoHwFpXLhhBXDeU	https://3dtextures.me/2025/03/31/tiles-054/	node cong-cu/lay.mjs 3dtextures tiles-054
stylized-wooden-roof-001	Stylized Wooden Roof 001	3dtextures.me	CC0 1.0	textures	cartoon,hand painted,handpainted,Roof,shingles,stylized,Wood,wooden	https://drive.google.com/drive/folders/1Dyc7RL2EVqP3bWoUZcb2ryH2vRSPeZ60	https://3dtextures.me/2025/03/31/stylized-wooden-roof-001/	node cong-cu/lay.mjs 3dtextures stylized-wooden-roof-001
sci-fi-metal-walkway-001	Sci-Fi Metal Walkway 001	3dtextures.me	CC0 1.0	textures	Fabric,Metal,metallic,Pattern,Sci-fi,science fiction,scifi,Wall	https://drive.google.com/drive/folders/1EBbGN17W6K7vs5M6X9LX8tyoQjXnpaUe	https://3dtextures.me/2025/03/31/sci-fi-metal-walkway-001/	node cong-cu/lay.mjs 3dtextures sci-fi-metal-walkway-001
fabric-lace-044	Fabric Lace 044	3dtextures.me	CC0 1.0	textures	cloth,clothes,Fabric,lace,lingerie,weave	https://drive.google.com/drive/folders/1VWZ8KeiqmvGhrkgDII4Utwfxf67T07xU	https://3dtextures.me/2025/03/31/fabric-lace-044/	node cong-cu/lay.mjs 3dtextures fabric-lace-044
sci-fi-wall-016	Sci-Fi Wall 016	3dtextures.me	CC0 1.0	textures	Fabric,Metal,metallic,Pattern,Sci-fi,science fiction,scifi,Wall	https://drive.google.com/drive/folders/1s8YlKXZgMs_mbEjEiiKHWfo_CY_fNkqf	https://3dtextures.me/2025/03/18/sci-fi-wall-016/	node cong-cu/lay.mjs 3dtextures sci-fi-wall-016
metal-radiator-001	Metal Radiator 001	3dtextures.me	CC0 1.0	textures	car,Metal,metallic,Pattern,radiator	https://drive.google.com/drive/folders/1RyHTLoMSxi72UTUaYGNHFZbKTqvejYdn	https://3dtextures.me/2025/03/18/metal-radiator-001/	node cong-cu/lay.mjs 3dtextures metal-radiator-001
fabric-embroidery-001	Fabric Embroidery 001	3dtextures.me	CC0 1.0	textures	embroidery,Fabric	https://drive.google.com/drive/folders/1eovL1yIlN_dT99UMPS7LmW5X3tERB62t	https://3dtextures.me/2025/03/18/fabric-embroidery-001/	node cong-cu/lay.mjs 3dtextures fabric-embroidery-001
concrete-wall-013	Concrete Wall 013	3dtextures.me	CC0 1.0	textures	aged,Concrete,damaged,rebar,Wall,worn	https://drive.google.com/drive/folders/1UlOw5mPUzKzsmM_s4j6f-P8J__eHFFY0	https://3dtextures.me/2025/03/18/concrete-wall-013/	node cong-cu/lay.mjs 3dtextures concrete-wall-013
tiles-ceramic-001	Tiles Ceramic 001	3dtextures.me	CC0 1.0	textures	ceramic,old,Tiles,Wall,worn	https://drive.google.com/drive/folders/1BGm8bdyu9zvGjgem4S-55aCGBcDAOc4A	https://3dtextures.me/2025/03/18/tiles-ceramic-001/	node cong-cu/lay.mjs 3dtextures tiles-ceramic-001
tiles-dutch-001	Tiles Dutch 001	3dtextures.me	CC0 1.0	textures	azulejos,ceramic,dutch,old,Tiles,Wall,worn	https://drive.google.com/drive/folders/178nFpnRHMAe9nDQ2pGXiuZoM-I3gpaY-	https://3dtextures.me/2025/02/18/tiles-dutch-001/	node cong-cu/lay.mjs 3dtextures tiles-dutch-001
stylized-metal-plates-001	Stylized Metal Plates 001	3dtextures.me	CC0 1.0	textures	cartoon,hand painted,handpainted,Metal,plates,stylized	https://drive.google.com/drive/folders/1zAczmGVyzWK7PuF9D93yUzWlchCHjCrZ	https://3dtextures.me/2025/02/18/stylized-metal-plates-001/	node cong-cu/lay.mjs 3dtextures stylized-metal-plates-001
wall-stone-025	Wall Stone 025	3dtextures.me	CC0 1.0	textures	Rocks,Stone,Wall	https://drive.google.com/drive/folders/1s6HmVeiVg09M2S6nLg65cxAElFVWDGYx	https://3dtextures.me/2025/02/18/wall-stone-025/	node cong-cu/lay.mjs 3dtextures wall-stone-025
moon-002	Moon 002	3dtextures.me	CC0 1.0	textures	ground,Moon,planet,satelite	https://drive.google.com/drive/folders/1cVx-gb1XxuWAajCImC60T0cYFDpYQi7O	https://3dtextures.me/2025/02/18/moon-002/	node cong-cu/lay.mjs 3dtextures moon-002
fabric-jute-001	Fabric Jute 001	3dtextures.me	CC0 1.0	textures	cloth,clothes,crude,Fabric,jute,raw,weave	https://drive.google.com/drive/folders/1mQYIeoCFnswKYjrBaBz371fdF7kGmNoE	https://3dtextures.me/2025/02/18/fabric-jute-001/	node cong-cu/lay.mjs 3dtextures fabric-jute-001
terracotta-floor-tiles-002	Terracotta Floor Tiles 002	3dtextures.me	CC0 1.0	textures	Floor,flooring,house,old,terracotta,Tiles	https://drive.google.com/drive/folders/1b5x1BFG_Q2loVeFiFk0ZDqnEefeSAqUA	https://3dtextures.me/2025/02/07/terracotta-floor-tiles-002/	node cong-cu/lay.mjs 3dtextures terracotta-floor-tiles-002
stylized-wall-002	Stylized Wall 002	3dtextures.me	CC0 1.0	textures	cartoon,hand painted,house,Roof,stylized,Wall	https://drive.google.com/drive/folders/1VJgAOvHC29EVbz7xdA8c29JmIgsP1_WV	https://3dtextures.me/2025/02/07/stylized-wall-002/	node cong-cu/lay.mjs 3dtextures stylized-wall-002
enamel-metal-001	Enamel Metal 001	3dtextures.me	CC0 1.0	textures	cook,enamel,kitchen,mesh,Metal,rust,Rusted,Wall	https://drive.google.com/drive/folders/1Jp8v2JQNV1efJcxtK8e85EhQOj_9xRUF	https://3dtextures.me/2025/02/07/enamel-metal-001/	node cong-cu/lay.mjs 3dtextures enamel-metal-001
fabric-latex-001	Fabric Latex 001	3dtextures.me	CC0 1.0	textures	cloth,clothes,cobweb,Fabric,lace,latex,lingerie,spiderweb,weave	https://drive.google.com/drive/folders/1CqiIFOv5L_sL0vBdUwEa1Zqm6NbjH3YU	https://3dtextures.me/2025/02/07/fabric-latex-001/	node cong-cu/lay.mjs 3dtextures fabric-latex-001
fabric-lace-043	Fabric Lace 043	3dtextures.me	CC0 1.0	textures	cloth,clothes,Fabric,lace,lingerie,weave	https://drive.google.com/drive/folders/1eqtwIvAa3o45s01oySCiCxuw3riUsUHs	https://3dtextures.me/2025/02/04/fabric-lace-043/	node cong-cu/lay.mjs 3dtextures fabric-lace-043
wood-floor-009-2	Wood Floor 009	3dtextures.me	CC0 1.0	textures	Floor,house,Wood	https://drive.google.com/drive/folders/10oQ0u_SAu-EjKc4ye-hvpcktI1h9vZMh	https://3dtextures.me/2025/01/20/wood-floor-009-2/	node cong-cu/lay.mjs 3dtextures wood-floor-009-2
wallpaper-002	Wallpaper 002	3dtextures.me	CC0 1.0	textures	Wall,Wallpaper	https://drive.google.com/drive/folders/1lb_KFSxSkpzgt7DKSFxGxX0UWSAKnfAA	https://3dtextures.me/2025/01/20/wallpaper-002/	node cong-cu/lay.mjs 3dtextures wallpaper-002
metal-mesh-009	Metal Mesh 009	3dtextures.me	CC0 1.0	textures	mesh,Metal,rust,Rusted,Sci-fi,spaceship,Wall	https://drive.google.com/drive/folders/1Iv4p90MqVvQLPpZGXa80peaj7Lpn-bLH	https://3dtextures.me/2025/01/20/metal-mesh-009/	node cong-cu/lay.mjs 3dtextures metal-mesh-009
metal-007	Metal 007	3dtextures.me	CC0 1.0	textures	Bronze,Metal,panel,Pattern	https://drive.google.com/drive/folders/1O3lI9Ypa8ZVwgszImz95ZYaw-zwMgN-r	https://3dtextures.me/2025/01/20/metal-007/	node cong-cu/lay.mjs 3dtextures metal-007
fabric-lace-042	Fabric Lace 042	3dtextures.me	CC0 1.0	textures	cloth,clothes,Fabric,lace,lingerie,weave	https://drive.google.com/drive/folders/1j8O0pDNqVnqBLYVEJ49Dt8Z9qBfySkm-	https://3dtextures.me/2025/01/20/fabric-lace-042/	node cong-cu/lay.mjs 3dtextures fabric-lace-042
wall-damaged-002	Wall Damaged 002	3dtextures.me	CC0 1.0	textures	damaged,Wall	https://drive.google.com/drive/folders/1XzWzUMX-dIZqItq6sYFc30lv__Khx0zC	https://3dtextures.me/2024/12/16/wall-damaged-002/	node cong-cu/lay.mjs 3dtextures wall-damaged-002
stylized-wood-wall-001	Stylized Wood Wall 001	3dtextures.me	CC0 1.0	textures	cartoon,hand painted,house,Roof,stylized,Wall,Wood	https://drive.google.com/drive/folders/1mKBGerzy1BKQvjCkyMV2BmfAoIdXnWQh	https://3dtextures.me/2024/12/16/stylized-wood-wall-001/	node cong-cu/lay.mjs 3dtextures stylized-wood-wall-001
sci-fi-metal-mesh-002	Sci-fi Metal Mesh 002	3dtextures.me	CC0 1.0	textures	mesh,Metal,rust,Rusted,Sci-fi,spaceship,Wall	https://drive.google.com/drive/folders/1xZ_cvuVipOFAcYPVVi2icAX7BxYlxv9h	https://3dtextures.me/2024/12/16/sci-fi-metal-mesh-002/	node cong-cu/lay.mjs 3dtextures sci-fi-metal-mesh-002
metal-pattern-009	Metal Pattern 009	3dtextures.me	CC0 1.0	textures	Metal,panel,Pattern	https://drive.google.com/drive/folders/1OQRwaStoN2z0c6AfRcUolEajdRrtoEuC	https://3dtextures.me/2024/12/16/metal-pattern-009/	node cong-cu/lay.mjs 3dtextures metal-pattern-009
fabric-rug-009	Fabric Rug 009	3dtextures.me	CC0 1.0	textures	Fabric,Rug	https://drive.google.com/drive/folders/1o91t5BNNUP_RxIWketaYvNJU4_3IUYpA	https://3dtextures.me/2024/12/16/fabric-rug-009/	node cong-cu/lay.mjs 3dtextures fabric-rug-009
metal-panel-010	Metal Panel 010	3dtextures.me	CC0 1.0	textures	Metal,panel,Pattern	https://drive.google.com/drive/folders/1i-VBTO11PqBxopov2jXDiFSGU6UK0029	https://3dtextures.me/2024/11/28/metal-panel-010/	node cong-cu/lay.mjs 3dtextures metal-panel-010
leather-armor-004	Leather Armor 004	3dtextures.me	CC0 1.0	textures	armor,knight,Leather,medieval,Metal,warrior	https://drive.google.com/drive/folders/1-KU54KIYUtVoXV2_kmagA2SA1acGS8g8	https://3dtextures.me/2024/11/28/leather-armor-004/	node cong-cu/lay.mjs 3dtextures leather-armor-004
chocolate-002	Chocolate 002	3dtextures.me	CC0 1.0	textures	chocolate,food,sweet,sweets	https://drive.google.com/drive/folders/1mGRhFYnM8Ag87L9N1mqxfoLWbssjENmS	https://3dtextures.me/2024/11/28/chocolate-002/	node cong-cu/lay.mjs 3dtextures chocolate-002
stylized-roof-001	Stylized Roof 001	3dtextures.me	CC0 1.0	textures	cartoon,hand painted,Roof,straw,stylized	https://drive.google.com/drive/folders/1lZRzN0oxS81FDFpmYt-Ml4CO6P5HquNB	https://3dtextures.me/2024/11/28/stylized-roof-001/	node cong-cu/lay.mjs 3dtextures stylized-roof-001
stylized-cliff-rock-006	Stylized Cliff Rock 006	3dtextures.me	CC0 1.0	textures	cartoon,cliff,hand painted,rock,stylized	https://drive.google.com/drive/folders/1JOeLFDGOh6PGqrwQWQrnvUxj3h-Anpky	https://3dtextures.me/2024/11/28/stylized-cliff-rock-006/	node cong-cu/lay.mjs 3dtextures stylized-cliff-rock-006
stylized-card-001	Stylized Card 001	3dtextures.me	CC0 1.0	textures	cartoon,hand painted,stylized	https://drive.google.com/drive/folders/19AXkoLLtxw11_JihK5a7E9I2XLMya7dT	https://3dtextures.me/2024/10/28/stylized-card-001/	node cong-cu/lay.mjs 3dtextures stylized-card-001
stylized-stone-floor-010	Stylized Stone Floor 010	3dtextures.me	CC0 1.0	textures	cartoon,Floor,ground,hand painted,rock,Stone,stylized	https://drive.google.com/drive/folders/1LtR5dpXYaHeObp2yPBd5uIAoW482OpzB	https://3dtextures.me/2024/10/28/stylized-stone-floor-010/	node cong-cu/lay.mjs 3dtextures stylized-stone-floor-010
sci-fi-metal-panel-007	Sci-fi Metal Panel 007	3dtextures.me	CC0 1.0	textures	Metal,Sci-fi,spaceship,Wall	https://drive.google.com/drive/folders/1oSPm6Tx-XecrA6wA6dHScIfzrSzsUtft	https://3dtextures.me/2024/10/28/sci-fi-metal-panel-007/	node cong-cu/lay.mjs 3dtextures sci-fi-metal-panel-007
tiles-053	Tiles 053	3dtextures.me	CC0 1.0	textures	backsplash,bathroom,ceramic,kitchen,Pattern,Tiles,vintage	https://drive.google.com/drive/folders/12qdTomoXDFV_6Di01i3JKdpxmE7ct-Wp	https://3dtextures.me/2024/10/28/tiles-053/	node cong-cu/lay.mjs 3dtextures tiles-053
metal-gold-foil-001	Metal Gold Foil 001	3dtextures.me	CC0 1.0	textures	foil,gold,Metal,Pattern	https://drive.google.com/drive/folders/1_1v3Zs5UTFHo56mzMFeKCtFaQZIOY4MZ	https://3dtextures.me/2024/10/28/metal-gold-foil-001/	node cong-cu/lay.mjs 3dtextures metal-gold-foil-001
stylized-stone-floor-009	Stylized Stone Floor 009	3dtextures.me	CC0 1.0	textures	cartoon,Floor,ground,hand painted,rock,Stone,stylized	https://drive.google.com/drive/folders/1vLwZKmzdVz-0-UCuAm3aLAUhYevZK_tK	https://3dtextures.me/2024/10/09/stylized-stone-floor-009/	node cong-cu/lay.mjs 3dtextures stylized-stone-floor-009
stylized-rocks-003	Stylized Rocks 003	3dtextures.me	CC0 1.0	textures	cartoon,hand painted,rock,Stone,stylized	https://drive.google.com/drive/folders/1xfigYu1pRhw4CGS-Mrc8IrixJUFLPfNA	https://3dtextures.me/2024/10/09/stylized-rocks-003/	node cong-cu/lay.mjs 3dtextures stylized-rocks-003
stylized-metal-pattern-001	Stylized Metal Pattern 001	3dtextures.me	CC0 1.0	textures	cartoon,hand painted,Metal,Pattern,stylized	https://drive.google.com/drive/folders/1w5ZJeh05sNsC9GkPmKx5pBec9T6hx-uj	https://3dtextures.me/2024/10/09/stylized-metal-pattern-001/	node cong-cu/lay.mjs 3dtextures stylized-metal-pattern-001
metal-pattern-008	Metal Pattern 008	3dtextures.me	CC0 1.0	textures	chain link,chainlink,Metal,Pattern	https://drive.google.com/drive/folders/11Jr8QmcFmpx_9FLrTbvvl_QQRuVP3I1C	https://3dtextures.me/2024/10/09/metal-pattern-008/	node cong-cu/lay.mjs 3dtextures metal-pattern-008
fabric-weave-001	Fabric Weave 001	3dtextures.me	CC0 1.0	textures	cloth,clothes,Fabric,weave	https://drive.google.com/drive/folders/16ZjMVpRxxKzykIcVSFziWuXzSXsTTtlR	https://3dtextures.me/2024/10/09/fabric-weave-001/	node cong-cu/lay.mjs 3dtextures fabric-weave-001
wood-planks-014	Wood Planks 014	3dtextures.me	CC0 1.0	textures	door,Floor,planks,Wood	https://drive.google.com/drive/folders/1rKsRIzM6j8vZkvXHJhS1FfsHT5OtpwDp	https://3dtextures.me/2024/09/24/wood-planks-014/	node cong-cu/lay.mjs 3dtextures wood-planks-014
stylized-wood-floor-001	Stylized Wood Floor 001	3dtextures.me	CC0 1.0	textures	cartoon,Floor,ground,stylized,Wood	https://drive.google.com/drive/folders/1pyMW3qBAWP5AGvUYmKSOVq1CRCdVWf3J	https://3dtextures.me/2024/09/24/stylized-wood-floor-001/	node cong-cu/lay.mjs 3dtextures stylized-wood-floor-001
stylized-stone-floor-008	Stylized Stone Floor 008	3dtextures.me	CC0 1.0	textures	cartoon,Floor,ground,Stone,stylized	https://drive.google.com/drive/folders/1wU_Pz6GdnT7eBCFtLetWreYNfmxeXAiu	https://3dtextures.me/2024/09/24/stylized-stone-floor-008/	node cong-cu/lay.mjs 3dtextures stylized-stone-floor-008
stylized-metal-shingles-001	Stylized Metal Shingles 001	3dtextures.me	CC0 1.0	textures	cartoon,Metal,Roof,shingles,stylized	https://drive.google.com/drive/folders/1wU_Pz6GdnT7eBCFtLetWreYNfmxeXAiu	https://3dtextures.me/2024/09/24/stylized-metal-shingles-001/	node cong-cu/lay.mjs 3dtextures stylized-metal-shingles-001
metal-chain-link-004	Metal Chain Link 004	3dtextures.me	CC0 1.0	textures	chain link,chainlink,Metal,Pattern	https://drive.google.com/drive/folders/17GmN_Q7EJE4Kh4hCnC0hul7YBuosFhFJ	https://3dtextures.me/2024/09/24/metal-chain-link-004/	node cong-cu/lay.mjs 3dtextures metal-chain-link-004
sci-fi-wall-015	Sci-fi Wall 015	3dtextures.me	CC0 1.0	textures	Sci-fi,spaceship,Wall	https://drive.google.com/drive/folders/17FVM_NibvW8Yzesp0iXIUP81mSnT_WOj	https://3dtextures.me/2024/09/03/sci-fi-wall-015/	node cong-cu/lay.mjs 3dtextures sci-fi-wall-015
leather-armor-003	Leather Armor 003	3dtextures.me	CC0 1.0	textures	armor,knight,Leather,medieval,Metal	https://drive.google.com/drive/folders/1_Pgo0rYUgpA291fhHVsGcRTE0x0Iv0tU	https://3dtextures.me/2024/09/03/leather-armor-003/	node cong-cu/lay.mjs 3dtextures leather-armor-003
stylized-feathers-002	Stylized Feathers 002	3dtextures.me	CC0 1.0	textures	bird,cartoon,feathers,Organic,stylized	https://drive.google.com/drive/folders/1kWGSUld3WhMo9Hxla1Ob_9QwlJxRYcVt	https://3dtextures.me/2024/09/03/stylized-feathers-002/	node cong-cu/lay.mjs 3dtextures stylized-feathers-002
stylized-stone-floor-007	Stylized Stone Floor 007	3dtextures.me	CC0 1.0	textures	cartoon,Floor,Stone,stylized	https://drive.google.com/drive/folders/1zUAViRgFkf0kEOir_hzopc7X1Zj-h_ct	https://3dtextures.me/2024/09/03/stylized-stone-floor-007/	node cong-cu/lay.mjs 3dtextures stylized-stone-floor-007
wall-painted-002	Wall Painted 002	3dtextures.me	CC0 1.0	textures	painted,Wall	https://drive.google.com/drive/folders/1RVQnfhLLc5SDX5SOT_9H0g7l_LM-I42n	https://3dtextures.me/2024/09/03/wall-painted-002/	node cong-cu/lay.mjs 3dtextures wall-painted-002
metal-grill-025	Metal Grill 025	3dtextures.me	CC0 1.0	textures	Metal	https://drive.google.com/drive/folders/12IwOs-O3kL227Y4-BRMQZCRF8B2yZpvy	https://3dtextures.me/2024/08/21/metal-grill-025/	node cong-cu/lay.mjs 3dtextures metal-grill-025
stylized-stone-floor-001b	Stylized Stone Floor 001b	3dtextures.me	CC0 1.0	textures	Floor,Stone,stylized	https://drive.google.com/drive/folders/1GU6UVuQiyGQbRzgYd2-cWO7Wy2F1Nil6	https://3dtextures.me/2024/08/21/stylized-stone-floor-001b/	node cong-cu/lay.mjs 3dtextures stylized-stone-floor-001b
stylized-cliff-rock-005	Stylized Cliff Rock 005	3dtextures.me	CC0 1.0	textures	cliff,rock,stylized	https://drive.google.com/drive/folders/1kuBXoYblm9rV_sbzkGtqMqK2yBN859eb	https://3dtextures.me/2024/08/21/stylized-cliff-rock-005/	node cong-cu/lay.mjs 3dtextures stylized-cliff-rock-005
stylized-bricks-005	Stylized Bricks 005	3dtextures.me	CC0 1.0	textures	bricks,stylized,Wall	https://drive.google.com/drive/folders/1UIuiu0QyJPT_IwpRdmB8iMOy_K5uqjul	https://3dtextures.me/2024/08/21/stylized-bricks-005/	node cong-cu/lay.mjs 3dtextures stylized-bricks-005
leather-padded-003	Leather Padded 003	3dtextures.me	CC0 1.0	textures	cloth,clothes,Fabric,Leather,Padded	https://drive.google.com/drive/folders/1OveVmOPQRtSkVpRsRE8VnCxovSjv2QcI	https://3dtextures.me/2024/08/17/leather-padded-003/	node cong-cu/lay.mjs 3dtextures leather-padded-003
leather-padded-002	Leather Padded 002	3dtextures.me	CC0 1.0	textures	cloth,clothes,Fabric,Leather,Padded	https://drive.google.com/drive/folders/15cvcfbG4AmQF9iMGLthmWwgOMWuWhtTh	https://3dtextures.me/2024/08/04/leather-padded-002/	node cong-cu/lay.mjs 3dtextures leather-padded-002
stylized-terracotta-tiles-001	Stylized Terracotta Tiles 001	3dtextures.me	CC0 1.0	textures	cartoon,Floor,ground,stylized,terracotta,Tiles	https://drive.google.com/drive/folders/1OqYmxZm2IMfFQOYyhMhh8PrYs14MEVhD	https://3dtextures.me/2024/08/03/stylized-terracotta-tiles-001/	node cong-cu/lay.mjs 3dtextures stylized-terracotta-tiles-001
stylized-cliff-rock-003-2	Stylized Cliff Rock 003	3dtextures.me	CC0 1.0	textures	cartoon,cliff,rock,Stone,stylized	https://drive.google.com/drive/folders/1j5mUbheA7wlgFSOK0ERfeWpC6RN3zmu2	https://3dtextures.me/2024/08/03/stylized-cliff-rock-003-2/	node cong-cu/lay.mjs 3dtextures stylized-cliff-rock-003-2
tiles-052	Tiles 052	3dtextures.me	CC0 1.0	textures	ceramic,damaged,kitchen,old,Tiles	https://drive.google.com/drive/folders/1dsRbymzd4uVLfYI2dyKyqC9byyJI3z7X	https://3dtextures.me/2024/08/02/tiles-052/	node cong-cu/lay.mjs 3dtextures tiles-052
stylized-sand-002	Stylized Sand 002	3dtextures.me	CC0 1.0	textures	beach,cartoon,Sand,stylized	https://drive.google.com/drive/folders/1G_ox8IUHCGsJSc1g7vJuI-GYpg2v7PRo	https://3dtextures.me/2024/08/02/stylized-sand-002/	node cong-cu/lay.mjs 3dtextures stylized-sand-002
stylized-thatched-roof-003	Stylized Thatched Roof 003	3dtextures.me	CC0 1.0	textures	cartoon,Roof,stylized,thatched	https://drive.google.com/drive/folders/1CkUvgmjXKCK9_IQ3mV07dQQwWgDCVjd3	https://3dtextures.me/2024/07/29/stylized-thatched-roof-003/	node cong-cu/lay.mjs 3dtextures stylized-thatched-roof-003
chainmail-001	Chainmail 001	3dtextures.me	CC0 1.0	textures	armor,chainmail,knight,medieval	https://drive.google.com/drive/folders/111rJix98AnnHqWZiwrDF8cfmogPlVEO-	https://3dtextures.me/2024/07/26/chainmail-001/	node cong-cu/lay.mjs 3dtextures chainmail-001
kintsugi-001	Kintsugi 001	3dtextures.me	CC0 1.0	textures	gold,golden,japan,japanese,kintsugi,Metal,metallic	https://drive.google.com/drive/folders/157qVCBpOQOHzO2l2FSTPDDyGeCwkZ2W7	https://3dtextures.me/2024/07/26/kintsugi-001/	node cong-cu/lay.mjs 3dtextures kintsugi-001
obsidian-002	Obsidian 002	3dtextures.me	CC0 1.0	textures	gem,obsidian,precious,rock,Stone	https://drive.google.com/drive/folders/1H6oxQIx0X8R5U5io4O81gBF9HYYKlayI	https://3dtextures.me/2024/07/25/obsidian-002/	node cong-cu/lay.mjs 3dtextures obsidian-002
stylized-tiles-004	Stylized Tiles 004	3dtextures.me	CC0 1.0	textures	cartoon,Floor,ground,stylized,terracotta,Tiles	https://drive.google.com/drive/folders/1GEWUH6ZNaP6hdckRlS2_uS1D6IwN2iut	https://3dtextures.me/2024/07/24/stylized-tiles-004/	node cong-cu/lay.mjs 3dtextures stylized-tiles-004
stylized-scales-003	Stylized Scales 003	3dtextures.me	CC0 1.0	textures	cartoon,lizard,reptile,Scales,snake,stylized	https://drive.google.com/drive/folders/1411c3He93ajI4sG7I4DMlHN75fgTwkfP	https://3dtextures.me/2024/07/21/stylized-scales-003/	node cong-cu/lay.mjs 3dtextures stylized-scales-003
stylized-wood-planks-002	Stylized Wood Planks 002	3dtextures.me	CC0 1.0	textures	cartoon,Floor,planks,stylized,Wood	https://drive.google.com/drive/folders/17SkbsrpxC23y8_4lB5qRT661N_WmcJgZ	https://3dtextures.me/2024/07/19/stylized-wood-planks-002/	node cong-cu/lay.mjs 3dtextures stylized-wood-planks-002
portuguese-tiles-006	Portuguese Tiles 006	3dtextures.me	CC0 1.0	textures	azulejos,ceramic,portuguese,Tiles,Wall	https://drive.google.com/drive/folders/1YKVmP8pzreAQ3Lgxm_G3CaFZn8JHgQtB	https://3dtextures.me/2024/07/19/portuguese-tiles-006/	node cong-cu/lay.mjs 3dtextures portuguese-tiles-006
stylized-stone-floor-006	Stylized Stone Floor 006	3dtextures.me	CC0 1.0	textures	Floor,ground,Stone,stylized	https://drive.google.com/drive/folders/1Xk2yv94S-PVRBD_EjLSGxVcHHvpLZUvZ	https://3dtextures.me/2024/07/18/stylized-stone-floor-006/	node cong-cu/lay.mjs 3dtextures stylized-stone-floor-006
fabric-lace-041	Fabric Lace 041	3dtextures.me	CC0 1.0	textures	cloth,clothes,Fabric,lace,lingerie	https://drive.google.com/drive/folders/1WYiuudcdoddBkyfTRIZBthe7fCcduOFb	https://3dtextures.me/2024/07/18/fabric-lace-041/	node cong-cu/lay.mjs 3dtextures fabric-lace-041
stylized-tiles-003	Stylized Tiles 003	3dtextures.me	CC0 1.0	textures	ground,stylized,Tiles	https://drive.google.com/drive/folders/1cmR_OZa_k46UMRUYpImuIwmERVGOQQcV	https://3dtextures.me/2024/07/06/stylized-tiles-003/	node cong-cu/lay.mjs 3dtextures stylized-tiles-003
fabric-lace-040	Fabric Lace 040	3dtextures.me	CC0 1.0	textures	cloth,clothes,Fabric,lace,lingerie	https://drive.google.com/drive/folders/1-38k1nL8kxNC_LPkr3zF1TyUhvVUePmt	https://3dtextures.me/2024/07/05/fabric-lace-040/	node cong-cu/lay.mjs 3dtextures fabric-lace-040
stylized-roof-tiles-002	Stylized Roof Tiles 002	3dtextures.me	CC0 1.0	textures	painted,painterly,Roof,stylized,Tiles	https://drive.google.com/drive/folders/1sdkRFDS8Q8ewK4FQgBb8igiyEQksqfcb	https://3dtextures.me/2024/07/04/stylized-roof-tiles-002/	node cong-cu/lay.mjs 3dtextures stylized-roof-tiles-002
stylized-lava-001	Stylized Lava 001	3dtextures.me	CC0 1.0	textures	Lava,magma,rock,Stone,stylized,volcano	https://drive.google.com/drive/folders/1EkeILSJ0a9cFauYDG5jrh6HC-IzdL931	https://3dtextures.me/2024/07/03/stylized-lava-001/	node cong-cu/lay.mjs 3dtextures stylized-lava-001
stylized-stone-column-001	Stylized Stone Column 001	3dtextures.me	CC0 1.0	textures	column,greek,Marble,painted,roman,Stone,stylized	https://drive.google.com/drive/folders/1XB1Kjf7deKqQeA_qE9gD1ts9vn_drvfS	https://3dtextures.me/2024/07/02/stylized-stone-column-001/	node cong-cu/lay.mjs 3dtextures stylized-stone-column-001
cactus-002	Cactus 002	3dtextures.me	CC0 1.0	textures	cactus,desert,plant	https://drive.google.com/drive/folders/1pScyOU_TFG6WHaugmnIuHs-mP0vmezzr	https://3dtextures.me/2024/06/29/cactus-002/	node cong-cu/lay.mjs 3dtextures cactus-002
fabric-lace-039	Fabric Lace 039	3dtextures.me	CC0 1.0	textures	cloth,clothes,Fabric,lace,lingerie	https://drive.google.com/drive/folders/1Xk23pHwVG64aMjmj6UPHyocgyp8OYbmu	https://3dtextures.me/2024/06/28/fabric-lace-039/	node cong-cu/lay.mjs 3dtextures fabric-lace-039
stylized-roof-tiles-001	Stylized Roof Tiles 001	3dtextures.me	CC0 1.0	textures	handpainted,painterly,Roof,stylized,terracotta,Tiles	https://drive.google.com/drive/folders/1Ek7mp3Y0vf_7Ot-7Rg0j_zYl6ucrzLEV	https://3dtextures.me/2024/06/27/stylized-roof-tiles-001/	node cong-cu/lay.mjs 3dtextures stylized-roof-tiles-001
cactus-001	Cactus 001	3dtextures.me	CC0 1.0	textures	cactus,desert,Organic,plant,torns	https://drive.google.com/drive/folders/1pUQ8OWldsJMlFfR4qBqPBhvyziBzqyE0	https://3dtextures.me/2024/06/26/cactus-001/	node cong-cu/lay.mjs 3dtextures cactus-001
wallpaper-backrooms-001	Wallpaper Backrooms 001	3dtextures.me	CC0 1.0	textures	backrooms,Wallpaper	https://drive.google.com/drive/folders/1odVZc6mlIlhPJfDJZ5o9WfsTR1uhB86o	https://3dtextures.me/2024/06/25/wallpaper-backrooms-001/	node cong-cu/lay.mjs 3dtextures wallpaper-backrooms-001
wood-wicker-011	Wood Wicker 011	3dtextures.me	CC0 1.0	textures	wicker,Wood	https://drive.google.com/drive/folders/1nuHRrNMW0dwYQfz3Qt7sO7GR4U083yGE	https://3dtextures.me/2024/06/22/wood-wicker-011/	node cong-cu/lay.mjs 3dtextures wood-wicker-011
fabric-lace-038	Fabric Lace 038	3dtextures.me	CC0 1.0	textures	cloth,clothes,Fabric,lace,lingerie	https://drive.google.com/drive/folders/1P-hFJJQRO6Z553ZfTYhrD6HM0HzmFg_h	https://3dtextures.me/2024/06/21/fabric-lace-038/	node cong-cu/lay.mjs 3dtextures fabric-lace-038
stylized-coins-001	Stylized Coins 001	3dtextures.me	CC0 1.0	textures	cartoon,coins,handpainted,Metal,pirates,sculpted,stylized,treasure	https://drive.google.com/drive/folders/1LO9_WEmC02ok55KR47omZSrCSCBZq4Y3	https://3dtextures.me/2024/06/20/stylized-coins-001/	node cong-cu/lay.mjs 3dtextures stylized-coins-001
stylized-ice-001	Stylized Ice 001	3dtextures.me	CC0 1.0	textures	cartoon,handpainted,Ice,iceberg,sculpted,stylized	https://drive.google.com/drive/folders/1nfRlnJp1g971xwRMDQZWLL1dOBwRC7U4	https://3dtextures.me/2024/06/19/stylized-ice-001/	node cong-cu/lay.mjs 3dtextures stylized-ice-001
stylized-stone-wall-002	Stylized Stone Wall 002	3dtextures.me	CC0 1.0	textures	cartoon,handpainted,sculpted,Stone,stylized,Wall	https://drive.google.com/drive/folders/1fx7UqWdkFEddCWiZ6qw-brXznBCoQgpu	https://3dtextures.me/2024/06/18/stylized-stone-wall-002/	node cong-cu/lay.mjs 3dtextures stylized-stone-wall-002
marston-mats-001	Marston Mats 001	3dtextures.me	CC0 1.0	textures	ground,Marston Mats,Metal	https://drive.google.com/drive/folders/1vT4y1oeM7t_a1FWiQIfkdgE2s1ee-sPV	https://3dtextures.me/2024/06/10/marston-mats-001/	node cong-cu/lay.mjs 3dtextures marston-mats-001
fabric-lace-037	Fabric Lace 037	3dtextures.me	CC0 1.0	textures	cloth,clothes,Fabric,lace,lingerie	https://drive.google.com/drive/folders/1KNtkdLjepoFukM79EP2fYZDqq5g5nPKj	https://3dtextures.me/2024/06/10/fabric-lace-037/	node cong-cu/lay.mjs 3dtextures fabric-lace-037
stylized-bark-003	Stylized Bark 003	3dtextures.me	CC0 1.0	textures	Bark,stylized,tree	https://drive.google.com/drive/folders/16YbFslBvGmbDqzbq3pe6TixN7ZbzhqLR	https://3dtextures.me/2024/06/08/stylized-bark-003/	node cong-cu/lay.mjs 3dtextures stylized-bark-003
stylized-ground-002	Stylized Ground 002	3dtextures.me	CC0 1.0	textures	Dirt,Floor,ground,grounding,stylized	https://drive.google.com/drive/folders/1nuJznXRETe27QnccAh6789e850RCfzVu	https://3dtextures.me/2024/06/07/stylized-ground-002/	node cong-cu/lay.mjs 3dtextures stylized-ground-002
sand-008	Sand 008	3dtextures.me	CC0 1.0	textures	beach,dune,dunes,Sand	https://drive.google.com/drive/folders/1Lr26k7oBT3dotJVg2YQRqf0e28u-eO4a	https://3dtextures.me/2024/06/06/sand-008/	node cong-cu/lay.mjs 3dtextures sand-008
stylized-hair-001	Stylized Hair 001	3dtextures.me	CC0 1.0	textures	fur,hair,handpainted,stylized	https://drive.google.com/drive/folders/1ZqwMfmIGGB-nL5xXlPZ76DYBYoAw6KNI	https://3dtextures.me/2024/06/04/stylized-hair-001/	node cong-cu/lay.mjs 3dtextures stylized-hair-001
fabric-lace-036	Fabric Lace 036	3dtextures.me	CC0 1.0	textures	cloth,clothes,Fabric,lingerie	https://drive.google.com/drive/folders/1IyVTgGB3oczhxNNqcXWVa4uYWom_gc8z	https://3dtextures.me/2024/06/03/fabric-lace-036/	node cong-cu/lay.mjs 3dtextures fabric-lace-036
stylized-bricks-004	Stylized Bricks 004	3dtextures.me	CC0 1.0	textures	Brick,Moss,stylized,Wall	https://drive.google.com/drive/folders/1_xAkxF8j3QZYANBfzXgAU-kzM2Dx5Ox1	https://3dtextures.me/2024/05/31/stylized-bricks-004/	node cong-cu/lay.mjs 3dtextures stylized-bricks-004
stylized-wood-tiles-002	Stylized Wood Tiles 002	3dtextures.me	CC0 1.0	textures	stylized,Tiles,Wood	https://drive.google.com/drive/folders/188x3L47IU-RmbB_abkQgs0S09KBezuJF	https://3dtextures.me/2024/05/30/stylized-wood-tiles-002/	node cong-cu/lay.mjs 3dtextures stylized-wood-tiles-002
concrete-blocks-013	Concrete Blocks 013	3dtextures.me	CC0 1.0	textures	blocks,Concrete	https://drive.google.com/drive/folders/1ka3GXbtbZtx4LvjG7StvNG53YO0PEFh1	https://3dtextures.me/2024/05/28/concrete-blocks-013/	node cong-cu/lay.mjs 3dtextures concrete-blocks-013
tiles-051	Tiles 051	3dtextures.me	CC0 1.0	textures	ceramic,damaged,kitchen,old,Tiles	https://drive.google.com/drive/folders/1aW0OBLmzajOjCRImDG81MoCli_vlPZL0	https://3dtextures.me/2024/05/27/tiles-051/	node cong-cu/lay.mjs 3dtextures tiles-051
fabric-lace-035	Fabric Lace 035	3dtextures.me	CC0 1.0	textures	cloth,clothes,Fabric,lace,lingerie	https://drive.google.com/drive/folders/1-dxpXbU4ZN701njpwrLG-5FqyB1uV778	https://3dtextures.me/2024/05/25/fabric-lace-035/	node cong-cu/lay.mjs 3dtextures fabric-lace-035
metal-pierced-001b	Metal Pierced 001b	3dtextures.me	CC0 1.0	textures	bullet,bullet holes,holes,Metal,metallic,pierced	https://drive.google.com/drive/folders/1PZicm42F0hsEti0HehFZhlxQlLHUW-yL	https://3dtextures.me/2024/05/23/metal-pierced-001b/	node cong-cu/lay.mjs 3dtextures metal-pierced-001b
metal-pierced-001	Metal Pierced 001	3dtextures.me	CC0 1.0	textures	bullet,bullet holes,holes,Metal,metallic,pierced	https://drive.google.com/drive/folders/1SL3JEbuo-NxL_mkCa2gp4ysxOPt5drxH	https://3dtextures.me/2024/05/22/metal-pierced-001/	node cong-cu/lay.mjs 3dtextures metal-pierced-001
brick-wall-021	Brick Wall 021	3dtextures.me	CC0 1.0	textures	Brick,old,Wall,weathered	https://drive.google.com/drive/folders/1TcXFdEzvQ9uB-1G2a4bcJZMl6Jpv1mYF	https://3dtextures.me/2024/05/21/brick-wall-021/	node cong-cu/lay.mjs 3dtextures brick-wall-021
fabric-lace-034	Fabric Lace 034	3dtextures.me	CC0 1.0	textures	cloth,clothes,Fabric,lace,lingerie,Pattern,rust	https://drive.google.com/drive/folders/1FU84zskvc_o5TpFUVB1mgi9bdhq9K-8F	https://3dtextures.me/2024/05/14/fabric-lace-034/	node cong-cu/lay.mjs 3dtextures fabric-lace-034
metal-pattern-007d	Metal Pattern 007d	3dtextures.me	CC0 1.0	textures	Metal,metallic,Pattern,rust	https://drive.google.com/drive/folders/17UlQPv93cU-8M1yqrLBznV9Q2J48SLcF	https://3dtextures.me/2024/05/10/metal-pattern-007d/	node cong-cu/lay.mjs 3dtextures metal-pattern-007d
metal-pattern-007c	Metal Pattern 007c	3dtextures.me	CC0 1.0	textures	Metal,metallic,Pattern,rust	https://drive.google.com/drive/folders/1_D53Cj2UJoYSoJCWp_3an1HB9-1gsVjL	https://3dtextures.me/2024/05/09/metal-pattern-007c/	node cong-cu/lay.mjs 3dtextures metal-pattern-007c
metal-pattern-007b	Metal Pattern 007b	3dtextures.me	CC0 1.0	textures	Metal,metallic,Pattern,rust	https://drive.google.com/drive/folders/1Tn7StPvwd-dXozZlrCVhgRAJP77IgHn1	https://3dtextures.me/2024/05/09/metal-pattern-007b/	node cong-cu/lay.mjs 3dtextures metal-pattern-007b
metalpattern007a	Metal Pattern 007a	3dtextures.me	CC0 1.0	textures	Metal,metallic,Pattern,rust	https://drive.google.com/drive/folders/11rTee4Jl5B82cGXeevkSyc53Nu5M2ygB	https://3dtextures.me/2024/05/06/metalpattern007a/	node cong-cu/lay.mjs 3dtextures metalpattern007a
wood-metal-platform-001	Wood Metal Platform 001	3dtextures.me	CC0 1.0	textures	archviz,Floor,ground,Metal,metallic,old,platform,rust,Wood	https://drive.google.com/drive/folders/1HumDNiwd2NFjFpeXPUBHUnv-EFnd-ItC	https://3dtextures.me/2022/09/16/wood-metal-platform-001/	node cong-cu/lay.mjs 3dtextures wood-metal-platform-001
wood-herringbone-tiles-004	Wood Herringbone Tiles 004	3dtextures.me	CC0 1.0	textures	archviz,Floor,herringbone,Substance Designer,Tiles,Wood	https://drive.google.com/drive/folders/1ZooJp7tmjxVGFakAMajk_AN0BPmmDj_v	https://3dtextures.me/2022/09/15/wood-herringbone-tiles-004/	node cong-cu/lay.mjs 3dtextures wood-herringbone-tiles-004
stone-floor-004	Stone Floor 004	3dtextures.me	CC0 1.0	textures	archviz,Floor,Grass,ground,path,Stone,Stone Floor,Substance Designer	https://drive.google.com/drive/folders/1Q8rN1USdGMvcmGgw-M9czc29S3JrW3uW	https://3dtextures.me/2022/09/14/stone-floor-004/	node cong-cu/lay.mjs 3dtextures stone-floor-004
fabric-lace-028	Fabric Lace 028	3dtextures.me	CC0 1.0	textures	archviz,cloth,clothes,Fabric,fishnet,lace,socks,stockings,underwear	https://drive.google.com/drive/folders/1afVAmz-kNmkBkKDIFsnKkIcUmrerpoYn	https://3dtextures.me/2022/09/13/fabric-lace-028/	node cong-cu/lay.mjs 3dtextures fabric-lace-028
fabric-039	Fabric 039	3dtextures.me	CC0 1.0	textures	archviz,cloth,clothes,Fabric	https://drive.google.com/drive/folders/1wEqR5fkvR7rRMJlohORPmpSFeQ0LpCcn	https://3dtextures.me/2022/06/20/fabric-039/	node cong-cu/lay.mjs 3dtextures fabric-039
fabric-lace-027	Fabric Lace 027	3dtextures.me	CC0 1.0	textures	archviz,cloth,clothes,Fabric,fishnet,lace,socks,stockings,underwear	https://drive.google.com/drive/folders/1eiDZQoWBoUSN2R6E7cnZap_PijKETTcV	https://3dtextures.me/2022/06/20/fabric-lace-027/	node cong-cu/lay.mjs 3dtextures fabric-lace-027
marble-white-008	Marble White 008	3dtextures.me	CC0 1.0	textures	archviz,Marble,polished,rock,Stone	https://drive.google.com/drive/folders/1K0vez2kTvPfbZaJ8i2ytBM0RVmliJS82	https://3dtextures.me/2022/06/20/marble-white-008/	node cong-cu/lay.mjs 3dtextures marble-white-008
fabric-038	Fabric 038	3dtextures.me	CC0 1.0	textures	archviz,Fabric	https://drive.google.com/drive/folders/1Zse_36uyfEIn37Z3Yu2QR7145DLtNerK	https://3dtextures.me/2022/06/20/fabric-038/	node cong-cu/lay.mjs 3dtextures fabric-038
wood-027	Wood 027	3dtextures.me	CC0 1.0	textures	archviz,Substance Designer,Wood	https://drive.google.com/drive/folders/1DY0BLyQdi2kqtd9XPCvrF58cNwaDoqpC	https://3dtextures.me/2022/05/21/wood-027/	node cong-cu/lay.mjs 3dtextures wood-027
stylized-stone-floor-005	Stylized Stone Floor 005	3dtextures.me	CC0 1.0	textures	archviz,Floor,Grass,ground,path,Stone,Stone Floor,stylized,Substance Designer	https://drive.google.com/drive/folders/12ftSPL1yPH2dcyeyULAMyZGOZXnrU9-A	https://3dtextures.me/2022/05/21/stylized-stone-floor-005/	node cong-cu/lay.mjs 3dtextures stylized-stone-floor-005
metal-006	Metal 006	3dtextures.me	CC0 1.0	textures	archviz,Metal,Substance Designer	https://drive.google.com/drive/folders/1RX5_cbJVeUqqo2HGw8hNWIpiXC3srnAI	https://3dtextures.me/2022/05/13/metal-006/	node cong-cu/lay.mjs 3dtextures metal-006
fabric-lace-026	Fabric Lace 026	3dtextures.me	CC0 1.0	textures	archviz,cloth,clothes,Fabric,fishnet,lace,socks,stockings,Substance Designer,underwear	https://drive.google.com/drive/folders/1z9MyKS7bP5kZmukDi6r-7e6GiFVmafGV	https://3dtextures.me/2022/05/13/fabric-lace-026/	node cong-cu/lay.mjs 3dtextures fabric-lace-026
concrete-muddy-001	Concrete Muddy 001	3dtextures.me	CC0 1.0	textures	archviz,Concrete,Dirt,Floor,gravel,ground,Pebbles,Rocks,stones,Substance Designer	https://drive.google.com/drive/folders/14RrtOBTEAxNUNolFDkVMtBEr3EPWPxvm	https://3dtextures.me/2022/05/06/concrete-muddy-001/	node cong-cu/lay.mjs 3dtextures concrete-muddy-001
gravel-001	Gravel 001	3dtextures.me	CC0 1.0	textures	archviz,Dirt,Floor,gravel,ground,Pebbles,Rocks,stones,Substance Designer	https://drive.google.com/drive/folders/16UxdNJXCBXTWqnvLuES7K-GHmuPHaGF1	https://3dtextures.me/2022/04/27/gravel-001/	node cong-cu/lay.mjs 3dtextures gravel-001
bark-007	Bark 007	3dtextures.me	CC0 1.0	textures	archviz,Bark,Organic,pine,Substance Designer,tree,Vegetable	https://drive.google.com/drive/folders/1i9ZngpQ7r221NHtcntQmRKIoiic1r_qI	https://3dtextures.me/2022/04/18/bark-007/	node cong-cu/lay.mjs 3dtextures bark-007
fabric-lace-025	Fabric Lace 025	3dtextures.me	CC0 1.0	textures	archviz,cloth,clothes,Fabric,fishnet,lace,socks,stockings,Substance Designer,underwear	https://drive.google.com/drive/folders/1s71m6eVXwUE6A310BzU-y7o4BcnhPm18	https://3dtextures.me/2022/04/16/fabric-lace-025/	node cong-cu/lay.mjs 3dtextures fabric-lace-025
metal-artdeco-tiles-001	Metal ArtDeco Tiles 001	3dtextures.me	CC0 1.0	textures	archviz,art deco,Metal,Substance Designer,Tiles	https://drive.google.com/drive/folders/1_VHBS0C8CYbdJLq3ZLdmBsxXXMtjxOfi	https://3dtextures.me/2022/04/10/metal-artdeco-tiles-001/	node cong-cu/lay.mjs 3dtextures metal-artdeco-tiles-001
fabric-lace-024	Fabric Lace 024	3dtextures.me	CC0 1.0	textures	archviz,cloth,clothes,Fabric,fishnet,lace,socks,stockings,Substance Designer,underwear	https://drive.google.com/drive/folders/1qv6uXdweiVD9D_1tjpGY8uWQdMniLGXZ	https://3dtextures.me/2022/04/10/fabric-lace-024/	node cong-cu/lay.mjs 3dtextures fabric-lace-024
stylized-fur-02	Stylized Fur 02	3dtextures.me	CC0 1.0	textures	archviz,fur,stylized,Substance Designer	https://drive.google.com/drive/folders/16v1ZEFxOCXrMpunCKNF4jgKQZYanmE1s	https://3dtextures.me/2022/04/09/stylized-fur-02/	node cong-cu/lay.mjs 3dtextures stylized-fur-02
sci-fi-hose-006	Sci-fi Hose 006	3dtextures.me	CC0 1.0	textures	archviz,hose,machine,Metal,metallic,pipe,robot,Sci-fi,scifi,ship,spaceship,Substance Designer	https://drive.google.com/drive/folders/15rXK3ltN9iG-PCnNo384nrw5jQZOTL9L	https://3dtextures.me/2022/04/09/sci-fi-hose-006/	node cong-cu/lay.mjs 3dtextures sci-fi-hose-006
rock-047	Rock 047	3dtextures.me	CC0 1.0	textures	archviz,rock,Rocks,Stone,Substance Designer	https://drive.google.com/drive/folders/1pVzFbOQftgvfC_OHttVb2J12SN6JtEMB	https://3dtextures.me/2022/04/07/rock-047/	node cong-cu/lay.mjs 3dtextures rock-047
wall-stone-023	Wall Stone 023	3dtextures.me	CC0 1.0	textures	archviz,rock,Rocks,Stone,Substance Designer,Wall	https://drive.google.com/drive/folders/1jcCjve799YctnT-Wg9r_u5jFGZA3m_cv	https://3dtextures.me/2022/04/03/wall-stone-023/	node cong-cu/lay.mjs 3dtextures wall-stone-023
sci-fi-metal-panel-006	Sci-fi Metal Panel 006	3dtextures.me	CC0 1.0	textures	archviz,Metal,metallic,panel,Sci-fi,scifi,space,spaceship,Substance Designer,Wall	https://drive.google.com/drive/folders/10m97V9NkZTw_RZqBpJNSUnksE2rK4Jxw	https://3dtextures.me/2022/04/03/sci-fi-metal-panel-006/	node cong-cu/lay.mjs 3dtextures sci-fi-metal-panel-006
fabric-lace-023	Fabric Lace 023	3dtextures.me	CC0 1.0	textures	archviz,cloth,clothes,Fabric,fishnet,lace,socks,stockings,Substance Designer,underwear	https://drive.google.com/drive/folders/1RP4nF5o3o9HGIb5xtc6l9ozZQq9rjuud	https://3dtextures.me/2022/04/03/fabric-lace-023/	node cong-cu/lay.mjs 3dtextures fabric-lace-023
warning-sign-biohazard-001	Warning Sign - Biohazard 001	3dtextures.me	CC0 1.0	textures	archviz,biohazard,danger,Metal,metallic,sign,Substance Designer,warning	https://drive.google.com/drive/folders/16eMxMNLeXQ0B0aarvX301F5vyBxtfnfr	https://3dtextures.me/2022/03/31/warning-sign-biohazard-001/	node cong-cu/lay.mjs 3dtextures warning-sign-biohazard-001
rock-046	Rock 046	3dtextures.me	CC0 1.0	textures	archviz,rock,Rocks,Stone,Substance Designer	https://drive.google.com/drive/folders/1jZox_SzxC5terG2TZAvyLSHdaZiFReNe	https://3dtextures.me/2022/03/31/rock-046/	node cong-cu/lay.mjs 3dtextures rock-046
concrete-blocks-012	Concrete Blocks 012	3dtextures.me	CC0 1.0	textures	archviz,blocks,Concrete,Floor,ground,Moss,Substance Designer	https://drive.google.com/drive/folders/1p9go4B29s8AtsV-d6EZUKdTjvGQnJkQm	https://3dtextures.me/2022/03/27/concrete-blocks-012/	node cong-cu/lay.mjs 3dtextures concrete-blocks-012
fabric-lace-022	Fabric Lace 022	3dtextures.me	CC0 1.0	textures	archviz,cloth,clothes,Fabric,fishnet,lace,socks,stockings,Substance Designer,underwear	https://drive.google.com/drive/folders/1jrX1O8qqKYVK1-RK94kfa4HTmekBp2XG	https://3dtextures.me/2022/03/27/fabric-lace-022/	node cong-cu/lay.mjs 3dtextures fabric-lace-022
stylized-roof-thatched-002	Stylized Roof Thatched 002	3dtextures.me	CC0 1.0	textures	archviz,house,Roof,straw,stylized,Substance Designer,thatched	https://drive.google.com/drive/folders/10og_mWVJxo4oru4kkdjcu7-TK4BoKzsz	https://3dtextures.me/2022/03/27/stylized-roof-thatched-002/	node cong-cu/lay.mjs 3dtextures stylized-roof-thatched-002
metal-rusted-010	Metal Rusted 010	3dtextures.me	CC0 1.0	textures	archviz,Metal,rust,Rusted,Substance Designer	https://drive.google.com/drive/folders/1ILjEvGqErJxLkZUW2zRRseOESldKoiYD	https://3dtextures.me/2022/03/27/metal-rusted-010/	node cong-cu/lay.mjs 3dtextures metal-rusted-010
rock-045	Rock 045	3dtextures.me	CC0 1.0	textures	archviz,rock,Rocks,Stone,Substance Designer	https://drive.google.com/drive/folders/1cEBvmNz24rT4GfGGVIvSFw_MOgENKAt_	https://3dtextures.me/2022/03/23/rock-045/	node cong-cu/lay.mjs 3dtextures rock-045
wallpaper-art-deco-002	Wallpaper Art Deco 002	3dtextures.me	CC0 1.0	textures	archviz,art deco,Metal,metallic,Substance Designer,Wall,Wallpaper	https://drive.google.com/drive/folders/1wNtlZlYTLWR5GQZZcI_SJ4jdyyZ6mWZB	https://3dtextures.me/2022/03/20/wallpaper-art-deco-002/	node cong-cu/lay.mjs 3dtextures wallpaper-art-deco-002
warning-sign-poison-001	Warning Sign - Poison 001	3dtextures.me	CC0 1.0	textures	archviz,danger,Metal,metallic,poison,sign,Substance Designer,warning	https://drive.google.com/drive/folders/1rNOe__7nPHFkxk3iwYQtXjDEjInyf2mx	https://3dtextures.me/2022/03/20/warning-sign-poison-001/	node cong-cu/lay.mjs 3dtextures warning-sign-poison-001
fabric-knitted-006	Fabric Knitted 006	3dtextures.me	CC0 1.0	textures	archviz,cloth,clothes,Fabric,knitted,Substance Designer,textile,wool	https://drive.google.com/drive/folders/1f90la2MJSFgX0sCIetwSbZTasI7e1L3R	https://3dtextures.me/2022/03/19/fabric-knitted-006/	node cong-cu/lay.mjs 3dtextures fabric-knitted-006
fabric-lace-021	Fabric Lace 021	3dtextures.me	CC0 1.0	textures	archviz,cloth,clothes,Fabric,fishnet,lace,socks,stockings,Substance Designer,underwear	https://drive.google.com/drive/folders/1srHv_rT3JX6OG22ZEkTAltQhWS1ZY1sj	https://3dtextures.me/2022/03/18/fabric-lace-021/	node cong-cu/lay.mjs 3dtextures fabric-lace-021
pebbles-029	Pebbles 029	3dtextures.me	CC0 1.0	textures	archviz,Floor,ground,Pebbles,Rocks,ruble,Stone Floor,stones,Substance Designer	https://drive.google.com/drive/folders/17ouvKim_8fz9i9Wkzb2x8xJ0wNxJBsVr	https://3dtextures.me/2022/03/17/pebbles-029/	node cong-cu/lay.mjs 3dtextures pebbles-029
wall-plaster-002	Wall Plaster 002	3dtextures.me	CC0 1.0	textures	aged,archviz,damaged,old,paint,Plaster,Substance Designer,Wall	https://drive.google.com/drive/folders/1iKYTX_oDSgNyg688ymn5eU0u2cPIpoFn	https://3dtextures.me/2022/03/13/wall-plaster-002/	node cong-cu/lay.mjs 3dtextures wall-plaster-002
fabric-lace-020	Fabric Lace 020	3dtextures.me	CC0 1.0	textures	archviz,cloth,clothes,Fabric,fishnet,lace,socks,stockings,Substance Designer,underwear	https://drive.google.com/drive/folders/1zSqvXp9lUKugsu_Z-2gscDbfHzsJQ-jF	https://3dtextures.me/2022/03/13/fabric-lace-020/	node cong-cu/lay.mjs 3dtextures fabric-lace-020
pebbles-028	Pebbles 028	3dtextures.me	CC0 1.0	textures	archviz,Floor,ground,Pebbles,Rocks,ruble,Stone Floor,stones,Substance Designer	https://drive.google.com/drive/folders/1_HTApZ89Deid32NFnyNdlvUMpaj2ychT	https://3dtextures.me/2022/03/12/pebbles-028/	node cong-cu/lay.mjs 3dtextures pebbles-028
sci-fi-metal-panel-005	Sci-fi Metal Panel 005	3dtextures.me	CC0 1.0	textures	archviz,Metal,metallic,panel,Sci-fi,scifi,space,spaceship,Substance Designer,Wall	https://drive.google.com/drive/folders/1IdOBLWIgRa9PqkQcIoXtvblNviVWnYIU	https://3dtextures.me/2022/03/11/sci-fi-metal-panel-005/	node cong-cu/lay.mjs 3dtextures sci-fi-metal-panel-005
concrete-019	Concrete 019	3dtextures.me	CC0 1.0	textures	archviz,Concrete,Floor,ground,Moss,Substance Designer	https://drive.google.com/drive/folders/1wsc0KSdS33aIIry0LOIxZf1g0hb_JlMt	https://3dtextures.me/2022/03/09/concrete-019/	node cong-cu/lay.mjs 3dtextures concrete-019
concrete-018	Concrete 018	3dtextures.me	CC0 1.0	textures	archviz,Concrete,Moss,Substance Designer	https://drive.google.com/drive/folders/1dlZfspkEmTuiW5ERE_QMRtEYx5Ibu4HF	https://3dtextures.me/2022/03/06/concrete-018/	node cong-cu/lay.mjs 3dtextures concrete-018
fabric-lace-019	Fabric Lace 019	3dtextures.me	CC0 1.0	textures	archviz,cloth,clothes,Fabric,fishnet,lace,socks,stockings,Substance Designer,underwear	https://drive.google.com/drive/folders/18aZxy50I4DKOUCreNYkkUd6CSRgIh1Zr	https://3dtextures.me/2022/03/05/fabric-lace-019/	node cong-cu/lay.mjs 3dtextures fabric-lace-019
sci-fi-metal-panel-004	Sci-fi Metal Panel 004	3dtextures.me	CC0 1.0	textures	archviz,Metal,metallic,panel,Sci-fi,scifi,space,spaceship,Substance Designer,Wall	https://drive.google.com/drive/folders/1VDavMJLikqJDpMPbhcPL7Coo3JGORYqk	https://3dtextures.me/2022/03/04/sci-fi-metal-panel-004/	node cong-cu/lay.mjs 3dtextures sci-fi-metal-panel-004
rock-044	Rock 044	3dtextures.me	CC0 1.0	textures	archviz,rock,Rocks,Stone,Substance Designer	https://drive.google.com/drive/folders/12UnC6pQ-4yWmGBvorkCrD7Ue_DkY_GCU	https://3dtextures.me/2022/03/03/rock-044/	node cong-cu/lay.mjs 3dtextures rock-044
plastic-005	Plastic 005	3dtextures.me	CC0 1.0	textures	archviz,Plastic,Substance Designer	https://drive.google.com/drive/folders/1hcw-0GMosrtM0QTD80wk_mnfBxyjuwRg	https://3dtextures.me/2022/03/02/plastic-005/	node cong-cu/lay.mjs 3dtextures plastic-005
bark-pine-003	Bark Pine 003	3dtextures.me	CC0 1.0	textures	archviz,Bark,Organic,pine,Substance Designer,tree,Vegetable	https://drive.google.com/drive/folders/1tgxNAxxO-pMvyBy1JOH32mwyDEiCHzfJ	https://3dtextures.me/2022/02/25/bark-pine-003/	node cong-cu/lay.mjs 3dtextures bark-pine-003
fabric-lace-018	Fabric Lace 018	3dtextures.me	CC0 1.0	textures	archviz,cloth,clothes,Fabric,fishnet,lace,socks,stockings,Substance Designer,underwear	https://drive.google.com/drive/folders/1MtYrBa4L_MiFEKximpr_fM50Q4lMtL_l	https://3dtextures.me/2022/02/25/fabric-lace-018/	node cong-cu/lay.mjs 3dtextures fabric-lace-018
hedge-001	Hedge 001	3dtextures.me	CC0 1.0	textures	archviz,Foliage,hedge,leaves,Organic,Substance Designer,Vegetable	https://drive.google.com/drive/folders/1GRJVKvDlaPbsExFdWptKT5Wx3cy_yiWd	https://3dtextures.me/2022/02/24/hedge-001/	node cong-cu/lay.mjs 3dtextures hedge-001
rock-043	Rock 043	3dtextures.me	CC0 1.0	textures	archviz,rock,Rocks,Stone,Substance Designer	https://drive.google.com/drive/folders/1iQnJWNOSyguLzcXlvmzz-f317_fg8Oiv	https://3dtextures.me/2022/02/23/rock-043/	node cong-cu/lay.mjs 3dtextures rock-043
plastic-004	Plastic 004	3dtextures.me	CC0 1.0	textures	archviz,Plastic,Substance Designer	https://drive.google.com/drive/folders/1LOQMs3H6LiKfACjoApJx0UFenyFmFDkd	https://3dtextures.me/2022/02/22/plastic-004/	node cong-cu/lay.mjs 3dtextures plastic-004
sci-fi-hose-005	Sci-fi Hose 005	3dtextures.me	CC0 1.0	textures	archviz,hose,machine,Metal,metallic,pipe,robot,Sci-fi,scifi,ship,spaceship,Substance Designer	https://drive.google.com/drive/folders/1omNHrMsaQtEvVp598cHdgIsey5vYJI9f	https://3dtextures.me/2022/02/20/sci-fi-hose-005/	node cong-cu/lay.mjs 3dtextures sci-fi-hose-005
fabric-lace-017	Fabric Lace 017	3dtextures.me	CC0 1.0	textures	archviz,cloth,clothes,Fabric,fishnet,lace,socks,stockings,Substance Designer,underwear	https://drive.google.com/drive/folders/14XsCrKdOLipAdDmnfJi_hZVOAklRFH_T	https://3dtextures.me/2022/02/20/fabric-lace-017/	node cong-cu/lay.mjs 3dtextures fabric-lace-017
plastic-wrap-001	Plastic Wrap 001	3dtextures.me	CC0 1.0	textures	archviz,Plastic,Substance Designer,wrap	https://drive.google.com/drive/folders/1SRJa9eAgH-tUQP6jmstLzDMfOcW7yeIw	https://3dtextures.me/2022/02/19/plastic-wrap-001/	node cong-cu/lay.mjs 3dtextures plastic-wrap-001
metal-grill-024	Metal Grill 024	3dtextures.me	CC0 1.0	textures	archviz,fence,grill,Metal,metallic,panel,Sci-fi,scifi,space,spaceship,Substance Designer,Wall	https://drive.google.com/drive/folders/1lW3BzCYs_SlkDquFuQg1V24wj7SjhL22	https://3dtextures.me/2022/02/18/metal-grill-024/	node cong-cu/lay.mjs 3dtextures metal-grill-024
sci-fi-wall-014	Sci-fi Wall 014	3dtextures.me	CC0 1.0	textures	archviz,Metal,metallic,panel,Sci-fi,scifi,space,spaceship,Substance Designer,Wall	https://drive.google.com/drive/folders/196mWVTTdb65wEUc2MedPi5KuKULrzM4b	https://3dtextures.me/2022/02/16/sci-fi-wall-014/	node cong-cu/lay.mjs 3dtextures sci-fi-wall-014
fabric-lace-016	Fabric Lace 016	3dtextures.me	CC0 1.0	textures	archviz,cloth,clothes,Fabric,fishnet,lace,socks,stockings,Substance Designer,underwear	https://drive.google.com/drive/folders/1eawKd55Yc7mbpH8QfQlvuhG2T3fBQR5O	https://3dtextures.me/2022/02/13/fabric-lace-016/	node cong-cu/lay.mjs 3dtextures fabric-lace-016
warning-sign-high-voltage-001	Warning Sign - High Voltage 001	3dtextures.me	CC0 1.0	textures	archviz,danger,high,Metal,metallic,sign,Substance Designer,voltage,warning	https://drive.google.com/drive/folders/1c-mwjYSGIu6AFl0OBbXyfcVtSMcZOrnT	https://3dtextures.me/2022/02/12/warning-sign-high-voltage-001/	node cong-cu/lay.mjs 3dtextures warning-sign-high-voltage-001
metal-vent-006	Metal Vent 006	3dtextures.me	CC0 1.0	textures	archviz,grill,Metal,Substance Designer,vent	https://drive.google.com/drive/folders/1DojV_6gejSha6fCgTZzlUpjq8XMRIfrj	https://3dtextures.me/2022/02/11/metal-vent-006/	node cong-cu/lay.mjs 3dtextures metal-vent-006
metal-vent-005	Metal Vent 005	3dtextures.me	CC0 1.0	textures	archviz,grill,Metal,Substance Designer,vent	https://drive.google.com/drive/folders/1OkNcBPQblIBQUMnfGhTnIkGG_QcQashC	https://3dtextures.me/2022/02/10/metal-vent-005/	node cong-cu/lay.mjs 3dtextures metal-vent-005
ground-dirt-009	Ground Dirt 009	3dtextures.me	CC0 1.0	textures	archviz,Dirt,earth,Floor,flooring,gravel,ground,Pebbles,Substance Designer	https://drive.google.com/drive/folders/1Kiav4Z2Fe1LDUn3rW7C5wwvvqmExsLq8	https://3dtextures.me/2022/02/07/ground-dirt-009/	node cong-cu/lay.mjs 3dtextures ground-dirt-009
terrazzo-003	Terrazzo 003	3dtextures.me	CC0 1.0	textures	archviz,Floor,flooring,ground,Stone Floor,Substance Designer,terrazzo	https://drive.google.com/drive/folders/1PkkVHHKRiYwp7_qZ11RVNS8IRpl05EVc	https://3dtextures.me/2022/02/06/terrazzo-003/	node cong-cu/lay.mjs 3dtextures terrazzo-003
fabric-lace-015	Fabric Lace 015	3dtextures.me	CC0 1.0	textures	archviz,cloth,clothes,Fabric,fishnet,lace,socks,stockings,Substance Designer,underwear	https://drive.google.com/drive/folders/1QNwYUPvPmOhU33zSJudXl8Um7eBiWNEH	https://3dtextures.me/2022/02/06/fabric-lace-015/	node cong-cu/lay.mjs 3dtextures fabric-lace-015
plastic-003	Plastic 003	3dtextures.me	CC0 1.0	textures	archviz,Plastic,Substance Designer	https://drive.google.com/drive/folders/1n-cg2tm3XhZ39Bp7ucvkeD1Vww1OA9WI	https://3dtextures.me/2022/02/06/plastic-003/	node cong-cu/lay.mjs 3dtextures plastic-003
sci-fi-wall-013	Sci-fi Wall 013	3dtextures.me	CC0 1.0	textures	archviz,Metal,metallic,panel,Sci-fi,scifi,space,spaceship,Substance Designer,Wall	https://drive.google.com/drive/folders/1TEtcjCRlIb62qzSv_z8pU0b-zi5unWXz	https://3dtextures.me/2022/02/03/sci-fi-wall-013/	node cong-cu/lay.mjs 3dtextures sci-fi-wall-013
bricks-terracotta-003	Bricks Terracotta 003	3dtextures.me	CC0 1.0	textures	archviz,Brick,bricks,cement,clay,Concrete,Substance Designer,terracotta,Wall	https://drive.google.com/drive/folders/17nqerrxXiNc5Rxpo99qAVf87rRpFvJpK	https://3dtextures.me/2022/01/31/bricks-terracotta-003/	node cong-cu/lay.mjs 3dtextures bricks-terracotta-003
fabric-lace-014	Fabric Lace 014	3dtextures.me	CC0 1.0	textures	archviz,cloth,clothes,Fabric,fishnet,lace,socks,stockings,Substance Designer,underwear	https://drive.google.com/drive/folders/1WOybCHKUOyenomDwBEkqEaM9wLBLOql_	https://3dtextures.me/2022/01/30/fabric-lace-014/	node cong-cu/lay.mjs 3dtextures fabric-lace-014
concrete-wall-012	Concrete Wall 012	3dtextures.me	CC0 1.0	textures	archviz,Concrete,Substance Designer,Wall	https://drive.google.com/drive/folders/1kliHAlfVFOku0l4b1f0A4Zgl9Hv95Mb8	https://3dtextures.me/2022/01/29/concrete-wall-012/	node cong-cu/lay.mjs 3dtextures concrete-wall-012
stylized-bricks-002	Stylized Bricks 002	3dtextures.me	CC0 1.0	textures	archviz,bricks,stylized,Substance Designer,Wall	https://drive.google.com/drive/folders/1nplEJbOQEQ-UifDooq3S5HOiAtkbHMB2	https://3dtextures.me/2022/01/29/stylized-bricks-002/	node cong-cu/lay.mjs 3dtextures stylized-bricks-002
organic-abstract-006	Organic Abstract 006	3dtextures.me	CC0 1.0	textures	Abstract,Animal,archviz,fibers,muscle,Organic,Substance Designer	https://drive.google.com/drive/folders/19xexgws_HouhI4K61xQOebQb1sOsfIUJ	https://3dtextures.me/2022/01/27/organic-abstract-006/	node cong-cu/lay.mjs 3dtextures organic-abstract-006
wood-026	Wood 026	3dtextures.me	CC0 1.0	textures	archviz,furniture,Substance Designer,Wood	https://drive.google.com/drive/folders/1OD4JLuw1Du5wlc2NL47Of-1RbW5LayeA	https://3dtextures.me/2022/01/23/wood-026/	node cong-cu/lay.mjs 3dtextures wood-026
fabric-lace-013	Fabric Lace 013	3dtextures.me	CC0 1.0	textures	archviz,cloth,clothes,Fabric,fishnet,lace,socks,stockings,Substance Designer,underwear	https://drive.google.com/drive/folders/1lowDOvOqWDre0drxFLcjWmLX_Ryb_B0C	https://3dtextures.me/2022/01/22/fabric-lace-013/	node cong-cu/lay.mjs 3dtextures fabric-lace-013
wood-025	Wood 025	3dtextures.me	CC0 1.0	textures	archviz,furniture,Substance Designer,Wood	https://drive.google.com/drive/folders/1u6rjXhjlbJsTRIMUI2zikK04VvPAboF3	https://3dtextures.me/2022/01/22/wood-025/	node cong-cu/lay.mjs 3dtextures wood-025
wood-024	Wood 024	3dtextures.me	CC0 1.0	textures	archviz,furniture,Substance Designer,Wood	https://drive.google.com/drive/folders/1ES9OX3zAJPLa3pAvacowhvUZJbh9hSpo	https://3dtextures.me/2022/01/21/wood-024/	node cong-cu/lay.mjs 3dtextures wood-024
wood-wicker-010	Wood Wicker 010	3dtextures.me	CC0 1.0	textures	archviz,basket,furniture,Substance Designer,weave,wicker,Wood	https://drive.google.com/drive/folders/1AQdHxjivouN6X2Q4PcJrVs5DBsdarLiK	https://3dtextures.me/2022/01/20/wood-wicker-010/	node cong-cu/lay.mjs 3dtextures wood-wicker-010
stone-path-008	Stone Path 008	3dtextures.me	CC0 1.0	textures	archviz,Floor,ground,path,pathway,Rocks,Stone,Stone Floor,Substance Designer	https://drive.google.com/drive/folders/1GOEx0-Uk5Wc-Rhx2k0hFtcpx3Ppknsqn	https://3dtextures.me/2022/01/16/stone-path-008/	node cong-cu/lay.mjs 3dtextures stone-path-008
fabric-lace-012	Fabric Lace 012	3dtextures.me	CC0 1.0	textures	archviz,cloth,clothes,Fabric,fishnet,lace,socks,stockings,Substance Designer,underwear	https://drive.google.com/drive/folders/1XzXXuFxDKHnDg_XOhP2Nn_DzvUoGEQR9	https://3dtextures.me/2022/01/16/fabric-lace-012/	node cong-cu/lay.mjs 3dtextures fabric-lace-012
fabric-037	Fabric 037	3dtextures.me	CC0 1.0	textures	archviz,Fabric,Substance Designer	https://drive.google.com/drive/folders/1xsREYAEN0KjkYpuqK3oho5ONc_tZHMCg	https://3dtextures.me/2022/01/14/fabric-037/	node cong-cu/lay.mjs 3dtextures fabric-037
plastic-002	Plastic 002	3dtextures.me	CC0 1.0	textures	archviz,crate,Plastic,stylized,Substance Designer	https://drive.google.com/drive/folders/1sJKYc___gSentEnT5J0dDU92C8wzXHNo	https://3dtextures.me/2022/01/13/plastic-002/	node cong-cu/lay.mjs 3dtextures plastic-002
abstract-organic-005	Abstract Organic 005	3dtextures.me	CC0 1.0	textures	Abstract,Animal,Organic,Substance Designer	https://drive.google.com/drive/folders/1oBI99I2Vnw7ZIQud0sYJU5RKjgn3vyL2	https://3dtextures.me/2022/01/10/abstract-organic-005/	node cong-cu/lay.mjs 3dtextures abstract-organic-005
marble-grey-002	Marble Grey 002	3dtextures.me	CC0 1.0	textures	archviz,counter,countertop,grey,kitchen,Marble,Rocks,Substance Designer	https://drive.google.com/drive/folders/1qhdpgD3gLjunmnuwzeJkcj5UiW475kq9	https://3dtextures.me/2022/01/09/marble-grey-002/	node cong-cu/lay.mjs 3dtextures marble-grey-002
fabric-padded-007	Fabric Padded 007	3dtextures.me	CC0 1.0	textures	archviz,Fabric,Padded,Substance Designer	https://drive.google.com/drive/folders/17b7M_BdouljT0FSJlYioEbLWlhA6Zuzr	https://3dtextures.me/2022/01/09/fabric-padded-007/	node cong-cu/lay.mjs 3dtextures fabric-padded-007
metal-vent-004	Metal Vent 004	3dtextures.me	CC0 1.0	textures	archviz,Metal,metallic,Substance Designer,vent	https://drive.google.com/drive/folders/1gNqSMXqh8sFoNCznPAhSYXrykbJslt4I	https://3dtextures.me/2022/01/07/metal-vent-004/	node cong-cu/lay.mjs 3dtextures metal-vent-004
fabric-lace-011	Fabric Lace 011	3dtextures.me	CC0 1.0	textures	archviz,cloth,clothes,Fabric,fishnet,lace,socks,stockings,Substance Designer,underwear	https://drive.google.com/drive/folders/15xT82PeNhq2LJeTIeL1V0zzLmZbgpG9q	https://3dtextures.me/2022/01/06/fabric-lace-011/	node cong-cu/lay.mjs 3dtextures fabric-lace-011
stone-path-007	Stone Path 007	3dtextures.me	CC0 1.0	textures	archviz,garden,ground,path,pathway,Rocks,Stone,Substance Designer	https://drive.google.com/drive/folders/1mCyutelsLxZVPOZe0f-vbF1dNd1wtrDU	https://3dtextures.me/2022/01/04/stone-path-007/	node cong-cu/lay.mjs 3dtextures stone-path-007
fabric-lace-010	Fabric Lace 010	3dtextures.me	CC0 1.0	textures	archviz,cloth,clothes,Fabric,fishnet,lace,socks,stockings,Substance Designer,underwear	https://drive.google.com/drive/folders/1LwBTFhfwmPxMD9hrajUT2tyJPuw-kYc_	https://3dtextures.me/2022/01/02/fabric-lace-010/	node cong-cu/lay.mjs 3dtextures fabric-lace-010
fabric-padded-wall-001	Fabric Padded Wall 001	3dtextures.me	CC0 1.0	textures	archviz,Fabric,Padded,Substance Designer,Wall	https://drive.google.com/drive/folders/1zHd9bXVdRwITE5L9iZPK5og8jDQQ4avi	https://3dtextures.me/2022/01/01/fabric-padded-wall-001/	node cong-cu/lay.mjs 3dtextures fabric-padded-wall-001
sci-fi-metal-panel-003	Sci-fi Metal Panel 003	3dtextures.me	CC0 1.0	textures	archviz,Metal,metallic,panel,Sci-fi,scifi,space,spaceship,Substance Designer,Wall	https://drive.google.com/drive/folders/1GmKq8oWEd_cqvE26_OTkXYDxtrSmSChM	https://3dtextures.me/2021/12/30/sci-fi-metal-panel-003/	node cong-cu/lay.mjs 3dtextures sci-fi-metal-panel-003
metal-key-hole-001	Metal Key Hole 001	3dtextures.me	CC0 1.0	textures	archviz,door,hole,key,keyhole,Metal,metallic,Substance Designer	https://drive.google.com/drive/folders/1uMUsNV_IY--XZy4rwhW2tIeGsFV3V2D6	https://3dtextures.me/2021/12/29/metal-key-hole-001/	node cong-cu/lay.mjs 3dtextures metal-key-hole-001
fabric-lace-009	Fabric Lace 009	3dtextures.me	CC0 1.0	textures	archviz,cloth,clothes,Fabric,fishnet,lace,socks,stockings,Substance Designer,underwear	https://drive.google.com/drive/folders/1Q2inAoT4q-VbGcijYEQPs3JP7YhKYu9i	https://3dtextures.me/2021/12/26/fabric-lace-009/	node cong-cu/lay.mjs 3dtextures fabric-lace-009
wall-stone-022	Wall Stone 022	3dtextures.me	CC0 1.0	textures	archviz,medieval,Stone,Substance Designer,Wall	https://drive.google.com/drive/folders/1T3ZIDkjYJxE1lUi_dPKB9qNbNg8BOToJ	https://3dtextures.me/2021/12/25/wall-stone-022/	node cong-cu/lay.mjs 3dtextures wall-stone-022
sci-fi-hose-004	Sci-fi Hose 004	3dtextures.me	CC0 1.0	textures	archviz,hose,machine,Metal,metallic,pipe,robot,Sci-fi,scifi,ship,spaceship,Substance Designer	https://drive.google.com/drive/folders/1kcpyxK84QhmetGW1rIjuooTJ7JzLBIAC	https://3dtextures.me/2021/12/23/sci-fi-hose-004/	node cong-cu/lay.mjs 3dtextures sci-fi-hose-004
stone-floor-007	Stone Floor 007	3dtextures.me	CC0 1.0	textures	archviz,Floor,flooring,ground,Stone,Stone Floor,Substance Designer	https://drive.google.com/drive/folders/1n4B0pfrRP78Ty85ipNXeKIogJDvcm54I	https://3dtextures.me/2021/12/23/stone-floor-007/	node cong-cu/lay.mjs 3dtextures stone-floor-007
metal-corrugated-016	Metal Corrugated 016	3dtextures.me	CC0 1.0	textures	archviz,corrugated,Metal,metallic,perforated,sheet,Substance Designer	https://drive.google.com/drive/folders/1-WapaJdnf9LR5sbhEViDtGE3wx1mBbXd	https://3dtextures.me/2021/12/21/metal-corrugated-016/	node cong-cu/lay.mjs 3dtextures metal-corrugated-016
stylized-crate-002	Stylized Crate 002	3dtextures.me	CC0 1.0	textures	archviz,crate,stylized,Substance Designer	https://drive.google.com/drive/folders/1ksi1cnp_CWZJRMymHzVzQUi30b5gsReK	https://3dtextures.me/2021/12/20/stylized-crate-002/	node cong-cu/lay.mjs 3dtextures stylized-crate-002
leather-weave-006	Leather Weave 006	3dtextures.me	CC0 1.0	textures	Animal,archviz,cloth,clothes,Fabric,Leather,Metal,metallic,Organic,Substance Designer,textile,weave	https://drive.google.com/drive/folders/1x4PRC_zBtcCESVGN2cCXlbMw6Djixof5	https://3dtextures.me/2021/12/19/leather-weave-006/	node cong-cu/lay.mjs 3dtextures leather-weave-006
fabric-lace-008	Fabric Lace 008	3dtextures.me	CC0 1.0	textures	archviz,cloth,clothes,Fabric,fishnet,lace,socks,stockings,Substance Designer,underwear	https://drive.google.com/drive/folders/1Kxr4RdvMooifoLvDfBdELQa10eBcGyC_	https://3dtextures.me/2021/12/17/fabric-lace-008/	node cong-cu/lay.mjs 3dtextures fabric-lace-008
tiles-049	Tiles 049	3dtextures.me	CC0 1.0	textures	archviz,bathroom,ceramic,Substance Designer,Tiles,Wall,wc	https://drive.google.com/drive/folders/1LTRfIDVG5Dn52A4nzEXdN2ULEvYG9Al5	https://3dtextures.me/2021/12/16/tiles-049/	node cong-cu/lay.mjs 3dtextures tiles-049
stone-floor-006	Stone Floor 006	3dtextures.me	CC0 1.0	textures	archviz,Floor,flooring,ground,pavement,Rocks,Stone,Stone Floor,Substance Designer	https://drive.google.com/drive/folders/1hd7xzUfuQfXaAJgFYmnuNR3yM0Imef2F	https://3dtextures.me/2021/12/15/stone-floor-006/	node cong-cu/lay.mjs 3dtextures stone-floor-006
sci-fi-metal-panel-002	Sci-fi Metal Panel 002	3dtextures.me	CC0 1.0	textures	airship,archviz,Metal,metallic,panel,Sci-fi,scifi,ship,spaceship,Substance Designer,Wall	https://drive.google.com/drive/folders/1bbhxGkl-HisknDvKIpK5zbpk3fxxieyz	https://3dtextures.me/2021/12/11/sci-fi-metal-panel-002/	node cong-cu/lay.mjs 3dtextures sci-fi-metal-panel-002
metal-scratched-009	Metal Scratched 009	3dtextures.me	CC0 1.0	textures	aged,archviz,damage,damaged,Metal,old,pitted,Rusted,scratch,scratched,Substance Designer	https://drive.google.com/drive/folders/1M8J0kXCx5Ur4SnGeuZlSNvKRJjDpfTmc	https://3dtextures.me/2021/12/10/metal-scratched-009/	node cong-cu/lay.mjs 3dtextures metal-scratched-009
fabric-lace-007	Fabric Lace 007	3dtextures.me	CC0 1.0	textures	archviz,cloth,clothes,Fabric,fishnet,lace,socks,stockings,Substance Designer,underwear	https://drive.google.com/drive/folders/1uloTVHkc8zX5aZ7PEpb6q4ENgoFrRFwX	https://3dtextures.me/2021/12/09/fabric-lace-007/	node cong-cu/lay.mjs 3dtextures fabric-lace-007
wood-floor-012	Wood Floor 012	3dtextures.me	CC0 1.0	textures	archviz,Floor,flooring,ground,planks,Substance Designer,Wood	https://drive.google.com/drive/folders/1Ol7n7S-iy7c2wxsZREDmPVPPkdmqXUxO	https://3dtextures.me/2021/12/09/wood-floor-012/	node cong-cu/lay.mjs 3dtextures wood-floor-012
canyon-rock-002	Canyon Rock 002	3dtextures.me	CC0 1.0	textures	archviz,canyon,cliff,layered,layers,rock,Rocks,sediments,Stone,Substance Designer	https://drive.google.com/drive/folders/1LK6h854fq6nYJ-T6ZdHXfOAU_IakuiLb	https://3dtextures.me/2021/12/08/canyon-rock-002/	node cong-cu/lay.mjs 3dtextures canyon-rock-002
nylon-ribbon-side-001	Nylon Ribbon Side 001	3dtextures.me	CC0 1.0	textures	archviz,Fabric,nylon,ribbon,Substance Designer,synthetic	https://drive.google.com/drive/folders/1CVCq-bkVsSxFbmRta1q3fISYH1e9E7ub	https://3dtextures.me/2021/12/05/nylon-ribbon-side-001/	node cong-cu/lay.mjs 3dtextures nylon-ribbon-side-001
nylon-ribbon-001	Nylon Ribbon 001	3dtextures.me	CC0 1.0	textures	archviz,Fabric,nylon,ribbon,Substance Designer,synthetic	https://drive.google.com/drive/folders/1Lge8dvw5qmKCvWrD1eTgSY9ki1KYN47A	https://3dtextures.me/2021/12/03/nylon-ribbon-001/	node cong-cu/lay.mjs 3dtextures nylon-ribbon-001
metal-gold-001	Metal Gold 001	3dtextures.me	CC0 1.0	textures	archviz,gold,Metal,metallic,precious,Substance Designer	https://drive.google.com/drive/folders/1cYC26f9mAivsnCZ10MJDAtW45FyKPqPE	https://3dtextures.me/2021/12/01/metal-gold-001/	node cong-cu/lay.mjs 3dtextures metal-gold-001
wood-023	Wood 023	3dtextures.me	CC0 1.0	textures	archviz,burnt,charred,dark,Substance Designer,Wood	https://drive.google.com/drive/folders/1rFe2up1DCbu5p3cGGcrL-Q0YkB2z0FXT	https://3dtextures.me/2021/11/30/wood-023/	node cong-cu/lay.mjs 3dtextures wood-023
fabric-lace-006	Fabric Lace 006	3dtextures.me	CC0 1.0	textures	archviz,cloth,clothes,Fabric,fishnet,lace,socks,stockings,Substance Designer,underwear	https://drive.google.com/drive/folders/1ieyd5gR1GcJeeQkBTpLkvX1aHcEZuir4	https://3dtextures.me/2021/11/29/fabric-lace-006/	node cong-cu/lay.mjs 3dtextures fabric-lace-006
metal-corrugated-015	Metal Corrugated 015	3dtextures.me	CC0 1.0	textures	archviz,corrugated,Metal,metallic,old,rust,Rusted,Substance Designer	https://drive.google.com/drive/folders/1xLoQEntHVV5kEVtVFVTlm3PUM9WaNOFp	https://3dtextures.me/2021/11/27/metal-corrugated-015/	node cong-cu/lay.mjs 3dtextures metal-corrugated-015
fabric-lace-005	Fabric Lace 005	3dtextures.me	CC0 1.0	textures	archviz,cloth,clothes,Fabric,fishnet,lace,socks,stockings,Substance Designer,underwear	https://drive.google.com/drive/folders/1AwoTiHXQJyENSwS5ESv8efiUxmtpMZuK	https://3dtextures.me/2021/11/26/fabric-lace-005/	node cong-cu/lay.mjs 3dtextures fabric-lace-005
wood-fence-001	Wood Fence 001	3dtextures.me	CC0 1.0	textures	archviz,fence,house,Substance Designer,Wood	https://drive.google.com/drive/folders/1JO8hQiA48d6xEXFy-IB75ULqkDok9s25	https://3dtextures.me/2021/11/25/wood-fence-001/	node cong-cu/lay.mjs 3dtextures wood-fence-001
fabric-lace-004	Fabric Lace 004	3dtextures.me	CC0 1.0	textures	archviz,cloth,clothes,Fabric,fishnet,lace,socks,stockings,Substance Designer,underwear	https://drive.google.com/drive/folders/1y4tuIy8MDhj4oNKeC2opSX4476K7xIrA	https://3dtextures.me/2021/11/24/fabric-lace-004/	node cong-cu/lay.mjs 3dtextures fabric-lace-004
rug-006	Rug 006	3dtextures.me	CC0 1.0	textures	archviz,bathroom,bedroom,cloth,Fabric,Floor,livingroom,Rug,Substance Designer,wc	https://drive.google.com/drive/folders/1FlBs0b4oBHk1jynSsiELNEdg16eoc_Ka	https://3dtextures.me/2021/11/24/rug-006/	node cong-cu/lay.mjs 3dtextures rug-006
leather-012	Leather 012	3dtextures.me	CC0 1.0	textures	Animal,archviz,clothes,Fabric,Leather,Organic,Substance Designer	https://drive.google.com/drive/folders/1K-uvO3qWszrAgBEV5HdofyHvc7EB4vHP	https://3dtextures.me/2021/11/21/leather-012/	node cong-cu/lay.mjs 3dtextures leather-012
sci-fi-wall-012	Sci-fi Wall 012	3dtextures.me	CC0 1.0	textures	archviz,Metal,metallic,Sci-fi,scifi,space,spaceship,Substance Designer,Wall	https://drive.google.com/drive/folders/1MMzhG4bijk3kVBwK-bQmd6HAkBNTUYzS	https://3dtextures.me/2021/11/20/sci-fi-wall-012/	node cong-cu/lay.mjs 3dtextures sci-fi-wall-012
wood-022	Wood 022	3dtextures.me	CC0 1.0	textures	archviz,cherry,Substance Designer,Wood	https://drive.google.com/drive/folders/1uZLB20yveA766K5kSRSCHdB1cLwIlef-	https://3dtextures.me/2021/11/18/wood-022/	node cong-cu/lay.mjs 3dtextures wood-022
surface-imperfections-002	Surface Imperfections 002	3dtextures.me	CC0 1.0	textures	archviz,imperfections,Substance Designer,surface	https://drive.google.com/drive/folders/1E4mzBeju8kxE8wGYFE9GFomz5kg4RG7h	https://3dtextures.me/2021/11/18/surface-imperfections-002/	node cong-cu/lay.mjs 3dtextures surface-imperfections-002
tiles-048	Tiles 048	3dtextures.me	CC0 1.0	textures	archviz,bathroom,ceramic,geometric,gold,golden,kitchen,Metal,Substance Designer,Tiles	https://drive.google.com/drive/folders/1VZuATjxIWDluwJWutAkHzXyZX7KhVN8d	https://3dtextures.me/2021/11/16/tiles-048/	node cong-cu/lay.mjs 3dtextures tiles-048
metal-copper-roof-001a	Metal Copper Roof 001a	3dtextures.me	CC0 1.0	textures	archviz,copper,Metal,metallic,Roof,Substance Designer,Tiles	https://drive.google.com/drive/folders/1pr83mqt1lOdBHwQvNaYWDBI9vbqb2TVO	https://3dtextures.me/2021/11/15/metal-copper-roof-001a/	node cong-cu/lay.mjs 3dtextures metal-copper-roof-001a
paper-lantern-001	Paper Lantern 001	3dtextures.me	CC0 1.0	textures	archviz,lantern,light,lights,Misc,paper,Substance Designer	https://drive.google.com/drive/folders/1f69WS0G7VQFPP4J1uzqWpEW97Mht-NjP	https://3dtextures.me/2021/11/12/paper-lantern-001/	node cong-cu/lay.mjs 3dtextures paper-lantern-001
fabric-mesh-003	Fabric Mesh 003	3dtextures.me	CC0 1.0	textures	archviz,army,cloth,Fabric,mesh,Metal,metallic,nylon,Substance Designer	https://drive.google.com/drive/folders/17Yw_oZ5puTGSb_wj41JHgLiJP_BhTZzK	https://3dtextures.me/2021/11/11/fabric-mesh-003/	node cong-cu/lay.mjs 3dtextures fabric-mesh-003
metal-mesh-008	Metal Mesh 008	3dtextures.me	CC0 1.0	textures	archviz,mesh,Metal,metallic,Substance Designer,wire	https://drive.google.com/drive/folders/1q-zSklwMyBuq0p03IyRZXB6iwgeLFz9t	https://3dtextures.me/2021/11/10/metal-mesh-008/	node cong-cu/lay.mjs 3dtextures metal-mesh-008
stylized-roof-thatched-001	Stylized Roof Thatched 001	3dtextures.me	CC0 1.0	textures	archviz,house,Roof,straw,stylized,Substance Designer,thatched	https://drive.google.com/drive/folders/1iUmqFOqS3SvgnONNPqQoOP5Fy63L7Kmn	https://3dtextures.me/2021/11/08/stylized-roof-thatched-001/	node cong-cu/lay.mjs 3dtextures stylized-roof-thatched-001
fabric-seam-001	Fabric Seam 001	3dtextures.me	CC0 1.0	textures	archviz,cloth,Fabric,seam,Substance Designer,textile	https://drive.google.com/drive/folders/1YRl2FKnwAJV3CLoYybATRG44nmt9M2MD	https://3dtextures.me/2021/11/06/fabric-seam-001/	node cong-cu/lay.mjs 3dtextures fabric-seam-001
fabric-tarp-002	Fabric Tarp 002	3dtextures.me	CC0 1.0	textures	archviz,cloth,Fabric,Substance Designer,tarp,textile	https://drive.google.com/drive/folders/1AEQoSYkhg73R4CncpjGh4qALoNhjVEL6	https://3dtextures.me/2021/11/04/fabric-tarp-002/	node cong-cu/lay.mjs 3dtextures fabric-tarp-002
metal-damaged-001	Metal Damaged 001	3dtextures.me	CC0 1.0	textures	aged,archviz,damage,damaged,Metal,metallic,old,pitted,Rusted,Substance Designer	https://drive.google.com/drive/folders/13uhZej_HCYVTmhVVfRUWAfIn9axn4swa	https://3dtextures.me/2021/11/03/metal-damaged-001/	node cong-cu/lay.mjs 3dtextures metal-damaged-001
metal-copper-roof-001	Metal Copper Roof 001	3dtextures.me	CC0 1.0	textures	archviz,copper,Metal,metallic,Roof,Substance Designer,Tiles	https://drive.google.com/drive/folders/1Y-fDvYKfFKnuGqIhNMNgBKwmBp_cxUSf	https://3dtextures.me/2021/11/02/metal-copper-roof-001/	node cong-cu/lay.mjs 3dtextures metal-copper-roof-001
wall-plaster-001	Wall Plaster 001	3dtextures.me	CC0 1.0	textures	archviz,Plaster,Substance Designer,Wall	https://drive.google.com/drive/folders/1yUV2E-OQFLCAjMJ2UXAvU2ADaL6VBdiP	https://3dtextures.me/2021/10/30/wall-plaster-001/	node cong-cu/lay.mjs 3dtextures wall-plaster-001
metal-gate-003	Metal Gate 003	3dtextures.me	CC0 1.0	textures	archviz,castle,gate,medieval,Metal,metallic,Substance Designer	https://drive.google.com/drive/folders/1CmyWNw4p42m2Jemy1xNo9Dis-ahzM_HO	https://3dtextures.me/2021/10/29/metal-gate-003/	node cong-cu/lay.mjs 3dtextures metal-gate-003
trimsheet-zippers-001	Trimsheet Zippers 001	3dtextures.me	CC0 1.0	textures	archviz,Fabric,metallic,Misc,Substance Designer,trimsheet,zip,zipper	https://drive.google.com/drive/folders/1KiSokamlb2TnuR2Uo6MZek9yygdIJBys	https://3dtextures.me/2021/10/28/trimsheet-zippers-001/	node cong-cu/lay.mjs 3dtextures trimsheet-zippers-001
surface-imperfections-stains-001	Surface Imperfections Stains 001	3dtextures.me	CC0 1.0	textures	archviz,Dirt,imperfections,stains,Substance Designer,surface	https://drive.google.com/drive/folders/10iNU2RT8vFAnSwumKK_r47NTJxaQEdxd	https://3dtextures.me/2021/10/27/surface-imperfections-stains-001/	node cong-cu/lay.mjs 3dtextures surface-imperfections-stains-001
tiles-047	Tiles 047	3dtextures.me	CC0 1.0	textures	archviz,ceramic,Substance Designer,Tiles,Wall	https://drive.google.com/drive/folders/1Y33BPJKRLQPfGC_XRXDDSPf7mC3yOHO_	https://3dtextures.me/2021/10/26/tiles-047/	node cong-cu/lay.mjs 3dtextures tiles-047
surface-imperfections-cracks-001	Surface Imperfections Cracks 001	3dtextures.me	CC0 1.0	textures	archviz,cracks,damage,imperfections,Substance Designer,surface	https://drive.google.com/drive/folders/1LWh2l7LxJUq_9qoLovg6n4KNeGNrY-q0	https://3dtextures.me/2021/10/23/surface-imperfections-cracks-001/	node cong-cu/lay.mjs 3dtextures surface-imperfections-cracks-001
surface-imperfections-leaks-001	Surface Imperfections Leaks 001	3dtextures.me	CC0 1.0	textures	archviz,damage,imperfections,leak,leaks,moisture,Substance Designer,surface,Water	https://drive.google.com/drive/folders/1aYJ4Sf9qm9FWbXcYmNGL5CvXB7TiziO9	https://3dtextures.me/2021/10/21/surface-imperfections-leaks-001/	node cong-cu/lay.mjs 3dtextures surface-imperfections-leaks-001
concrete-blocks-011	Concrete Blocks 011	3dtextures.me	CC0 1.0	textures	archviz,blocks,cement,Concrete,Substance Designer,Wall	https://drive.google.com/drive/folders/1r2R96PnfH85xlv11MWRV8zSIT73Id3C9	https://3dtextures.me/2021/10/20/concrete-blocks-011/	node cong-cu/lay.mjs 3dtextures concrete-blocks-011
surface-imperfections-grunge-001	Surface Imperfections Grunge 001	3dtextures.me	CC0 1.0	textures	archviz,Dirt,Grunge,imperfe,Substance Designer,surface,surface imperfections	https://drive.google.com/drive/folders/1jR5zba4e2fzVbHHLed7950bVBiP62uKK	https://3dtextures.me/2021/10/19/surface-imperfections-grunge-001/	node cong-cu/lay.mjs 3dtextures surface-imperfections-grunge-001
wood-shingles-001	Wood Shingles 001	3dtextures.me	CC0 1.0	textures	archviz,house,shingles,siding,Substance Designer,Tiles,Wall,Wood	https://drive.google.com/drive/folders/1rW-o0j21C0Qr9GAR_l51YE6JY8zoUTJ4	https://3dtextures.me/2021/10/18/wood-shingles-001/	node cong-cu/lay.mjs 3dtextures wood-shingles-001
sci-fi-hose-003	Sci-fi Hose 003	3dtextures.me	CC0 1.0	textures	archviz,cables,hose,Metal,metallic,Sci-fi,Substance Designer	https://drive.google.com/drive/folders/1kE7T8lnduxar_tz-2BrRG4LjT-1UqBiC	https://3dtextures.me/2021/10/16/sci-fi-hose-003/	node cong-cu/lay.mjs 3dtextures sci-fi-hose-003
leather-011	Leather 011	3dtextures.me	CC0 1.0	textures	Animal,archviz,cloth,clothes,Leather,Organic,Substance Designer,textile	https://drive.google.com/drive/folders/1-SJnEjxv-dkCoSwhoehT6fzw-SPWHQ6M	https://3dtextures.me/2021/10/15/leather-011/	node cong-cu/lay.mjs 3dtextures leather-011
concrete-wall-011	Concrete Wall 011	3dtextures.me	CC0 1.0	textures	archviz,cement,Concrete,Substance Designer,Wall	https://drive.google.com/drive/folders/1-3q4YGYPHjhFsbCo7IXu8GHegZZK2Ki3	https://3dtextures.me/2021/10/14/concrete-wall-011/	node cong-cu/lay.mjs 3dtextures concrete-wall-011
water-droplets-001	Water Droplets 001	3dtextures.me	CC0 1.0	textures	archviz,droplets,drops,imperfection,Substance Designer,surface,Water	https://drive.google.com/drive/folders/1HypiOeKsK7o-H5HBwU-9UH9Md8edj7ZA	https://3dtextures.me/2021/10/12/water-droplets-001/	node cong-cu/lay.mjs 3dtextures water-droplets-001
tiles-046	Tiles 046	3dtextures.me	CC0 1.0	textures	archviz,ceramic,Floor,flooring,ground,Substance Designer,Tiles	https://drive.google.com/drive/folders/15QYJvJItBXvppHPAstiVUK_kw3bitN_U	https://3dtextures.me/2021/10/11/tiles-046/	node cong-cu/lay.mjs 3dtextures tiles-046
fabric-036	Fabric 036	3dtextures.me	CC0 1.0	textures	archviz,cloth,clothes,Fabric,Substance Designer,textile	https://drive.google.com/drive/folders/1Kb_17hrJTtj7vHZ87dL2ZetjBGDzAM7v	https://3dtextures.me/2021/10/08/fabric-036/	node cong-cu/lay.mjs 3dtextures fabric-036
fabric-035	Fabric 035	3dtextures.me	CC0 1.0	textures	archviz,cloth,clothes,Fabric,Substance Designer,textile	https://drive.google.com/drive/folders/1XRkVwgM0uqyWF40Hd-uq5AebiLjzj_FE	https://3dtextures.me/2021/10/07/fabric-035/	node cong-cu/lay.mjs 3dtextures fabric-035
ceiling-open-cell-001	Ceiling Open Cell 001	3dtextures.me	CC0 1.0	textures	archviz,Ceiling,cell,Floor,Metal,office,open,Substance Designer	https://drive.google.com/drive/folders/1sSaHfgEI0uhbqFypGRd0jJE5xo8xv33t	https://3dtextures.me/2021/10/06/ceiling-open-cell-001/	node cong-cu/lay.mjs 3dtextures ceiling-open-cell-001
tatami-001	Tatami 001	3dtextures.me	CC0 1.0	textures	archviz,Floor,flooring,ground,japanese,Substance Designer,tatami,weave,wicker,Wood	https://drive.google.com/drive/folders/1xV-jLdaY8oIOrBzXBugf81ju_ioImNM1	https://3dtextures.me/2021/10/05/tatami-001/	node cong-cu/lay.mjs 3dtextures tatami-001
marble-white-007	Marble White 007	3dtextures.me	CC0 1.0	textures	archviz,counter,countertop,kitchen,Marble,rock,Rocks,Stone,Substance Designer	https://drive.google.com/drive/folders/1befwAhK_gJlbcDnUqgTRtWCHFITmFL-E	https://3dtextures.me/2021/10/04/marble-white-007/	node cong-cu/lay.mjs 3dtextures marble-white-007
sci-fi-hose-002	Sci-fi Hose 002	3dtextures.me	CC0 1.0	textures	archviz,hose,machine,Metal,metallic,pipe,robot,Sci-fi,scifi,ship,spaceship,Substance Designer	https://drive.google.com/drive/folders/1KMPkkHrqZZXWM0kX_M9i_hEI7OhYqm3E	https://3dtextures.me/2021/10/01/sci-fi-hose-002/	node cong-cu/lay.mjs 3dtextures sci-fi-hose-002
wood-planks-013	Wood Planks 013	3dtextures.me	CC0 1.0	textures	archviz,castle,door,gate,medieval,Metal,metallic,planks,Substance Designer,Wood	https://drive.google.com/drive/folders/1er6wnGa9pDffRoTSMjBLjoOPk9emNMG6	https://3dtextures.me/2021/09/30/wood-planks-013/	node cong-cu/lay.mjs 3dtextures wood-planks-013
sci-fi-pipes-001	Sci-fi Pipes 001	3dtextures.me	CC0 1.0	textures	archviz,Metal,metallic,pipes,Sci-fi,scifi,ship,spaceship,Substance Designer,tubes,Wall	https://drive.google.com/drive/folders/1zfTYeslSPP2f4-1pGVOfIQKwU3306O6E	https://3dtextures.me/2021/09/29/sci-fi-pipes-001/	node cong-cu/lay.mjs 3dtextures sci-fi-pipes-001
terracotta-tiles-006	Terracotta Tiles 006	3dtextures.me	CC0 1.0	textures	archviz,Floor,flooring,ground,Stone Floor,Substance Designer,terracotta,Tiles	https://drive.google.com/drive/folders/1XASEt1KpeYiDsQ8VJBzvI_FFEPXulvuD	https://3dtextures.me/2021/09/28/terracotta-tiles-006/	node cong-cu/lay.mjs 3dtextures terracotta-tiles-006
tiger-eye-gem-001	Tiger Eye Gem 001	3dtextures.me	CC0 1.0	textures	archviz,eye,gem,Gems,jewelry,precious,rock,Stone,Substance Designer,tiger	https://drive.google.com/drive/folders/1AoUCR8vZK_Id8qko8xomysq2-MHsdXzm	https://3dtextures.me/2021/09/27/tiger-eye-gem-001/	node cong-cu/lay.mjs 3dtextures tiger-eye-gem-001
fabric-alcantara-001	Fabric Alcantara 001	3dtextures.me	CC0 1.0	textures	alcantara,archviz,cloth,clothes,Fabric,Substance Designer,textile	https://drive.google.com/drive/folders/1_fU6VGRrVnptmKi0bfAsXKjSDPZsdWDb	https://3dtextures.me/2021/09/25/fabric-alcantara-001/	node cong-cu/lay.mjs 3dtextures fabric-alcantara-001
malachite-001	Malachite 001	3dtextures.me	CC0 1.0	textures	archviz,gem,Gems,malachite,precious,rock,Stone,Substance Designer	https://drive.google.com/drive/folders/1p7CrhEGRXYhHpntMB4dieEw_umdgTOXU	https://3dtextures.me/2021/09/24/malachite-001/	node cong-cu/lay.mjs 3dtextures malachite-001
sci-fi-metal-plate-003	Sci-fi Metal Plate 003	3dtextures.me	CC0 1.0	textures	archviz,cargo,Floor,Metal,plate,Sci-fi,scifi,ship,spaceship,Substance Designer,Wall	https://drive.google.com/drive/folders/1FOAW-zQ311ms-_Et-LT269HTMfD0Nfby	https://3dtextures.me/2021/09/23/sci-fi-metal-plate-003/	node cong-cu/lay.mjs 3dtextures sci-fi-metal-plate-003
rock-cliff-003	Rock Cliff 003	3dtextures.me	CC0 1.0	textures	archviz,cliff,rock,Rocks,Stone,Substance Designer	https://drive.google.com/drive/folders/126Ail7lwbaCstl4RG5xhOVx9DO6Llykk	https://3dtextures.me/2021/09/22/rock-cliff-003/	node cong-cu/lay.mjs 3dtextures rock-cliff-003
lapis-lazuli-002	Lapis Lazuli 002	3dtextures.me	CC0 1.0	textures	archviz,gem,Gems,jewelry,lapis,lazuli,precious,rock,Stone,Substance Designer	https://drive.google.com/drive/folders/17gf6GBw-jW-PWSBah6Avl5rboOlO4L5E	https://3dtextures.me/2021/09/21/lapis-lazuli-002/	node cong-cu/lay.mjs 3dtextures lapis-lazuli-002
tiles-045	Tiles 045	3dtextures.me	CC0 1.0	textures	archviz,ceramic,Floor,flooring,geometric,ground,old,Substance Designer,Tiles	https://drive.google.com/drive/folders/1pZV_vpVCStj10ksN_b7gCf0axIfsA219	https://3dtextures.me/2021/09/18/tiles-045/	node cong-cu/lay.mjs 3dtextures tiles-045
stone-column-002	Stone Column 002	3dtextures.me	CC0 1.0	textures	archviz,castle,column,medieval,monastery,rock,Rocks,Stone,Substance Designer	https://drive.google.com/drive/folders/1dw9wbGLSOVcTJourGwWwQ54_TWqKHZlx	https://3dtextures.me/2021/09/17/stone-column-002/	node cong-cu/lay.mjs 3dtextures stone-column-002
sci-fi-hose-001	Sci-fi Hose 001	3dtextures.me	CC0 1.0	textures	archviz,cable,hose,Metal,metallic,Sci-fi,scifi,Substance Designer	https://drive.google.com/drive/folders/1Jm1a4Bf7QgeZ9w9uC48yIHau42LiUuII	https://3dtextures.me/2021/09/16/sci-fi-hose-001/	node cong-cu/lay.mjs 3dtextures sci-fi-hose-001
skin-lizard-002	Skin Lizard 002	3dtextures.me	CC0 1.0	textures	Animal,archviz,lizard,Organic,reptile,Scales,skin,spikes,Substance Designer	https://drive.google.com/drive/folders/1IVaan32RoB6DKJbZgkaVgTmsLR8RvP04	https://3dtextures.me/2021/09/15/skin-lizard-002/	node cong-cu/lay.mjs 3dtextures skin-lizard-002
lava-006	Lava 006	3dtextures.me	CC0 1.0	textures	archviz,Lava,magma,rock,Rocks,Substance Designer,volcano	https://drive.google.com/drive/folders/1C7fp5xBIaJfGCaPjx-qCfdJdZZbgUULQ	https://3dtextures.me/2021/09/14/lava-006/	node cong-cu/lay.mjs 3dtextures lava-006
metal-hammered-004	Metal Hammered 004	3dtextures.me	CC0 1.0	textures	archviz,copper,hammered,Metal,metallic,Substance Designer	https://drive.google.com/drive/folders/1lZMqugXcMNOjn_JyRw6k74qVC5Zd90y5	https://3dtextures.me/2021/09/12/metal-hammered-004/	node cong-cu/lay.mjs 3dtextures metal-hammered-004
wallpaper-art-deco-001	Wallpaper Art Deco 001	3dtextures.me	CC0 1.0	textures	archviz,art deco,feature wall,Substance Designer,Wall,Wallpaper	https://drive.google.com/drive/folders/1ZhtGCpd1wMqEc7Q5iZMQhystEBsW1s2m	https://3dtextures.me/2021/09/10/wallpaper-art-deco-001/	node cong-cu/lay.mjs 3dtextures wallpaper-art-deco-001
stylized-wood-siding-001	Stylized Wood Siding 001	3dtextures.me	CC0 1.0	textures	archviz,feature wall,siding,stylized,Substance Designer,Wall,Wood	https://drive.google.com/drive/folders/10MZOKvOue-8m160JoJDDcwlhQ1RVtQjg	https://3dtextures.me/2021/09/09/stylized-wood-siding-001/	node cong-cu/lay.mjs 3dtextures stylized-wood-siding-001
wood-wicker-009	Wood Wicker 009	3dtextures.me	CC0 1.0	textures	archviz,Substance Designer,weave,wicker,Wood	https://drive.google.com/drive/folders/1qWSJJuzN1FoQniTw2TVtuDk838sFpSLw	https://3dtextures.me/2021/09/07/wood-wicker-009/	node cong-cu/lay.mjs 3dtextures wood-wicker-009
abstract-011	Abstract 011	3dtextures.me	CC0 1.0	textures	Abstract,archviz,crystal,Metal,Substance Designer	https://drive.google.com/drive/folders/1ITg9iJ6YEtkYCQ5VwvysZzC_3AyGtqId	https://3dtextures.me/2021/09/06/abstract-011/	node cong-cu/lay.mjs 3dtextures abstract-011
paper-embossed-001	Paper Embossed 001	3dtextures.me	CC0 1.0	textures	archviz,embossed,paper,Substance Designer,towel	https://drive.google.com/drive/folders/1JueBaz_hoWqQUYujjm-iRoonPG_sI_A8	https://3dtextures.me/2021/09/05/paper-embossed-001/	node cong-cu/lay.mjs 3dtextures paper-embossed-001
glass-window-004	Glass Window 004	3dtextures.me	CC0 1.0	textures	archviz,glass,Metal,metallic,Substance Designer,window	https://drive.google.com/drive/folders/1GT-yYR3Xf_X5bYRvytN5V5f3mkehFy0D	https://3dtextures.me/2021/09/03/glass-window-004/	node cong-cu/lay.mjs 3dtextures glass-window-004
metal-locker-001	Metal Locker 001	3dtextures.me	CC0 1.0	textures	archviz,locker,Metal,metallic,Sci-fi,scifi,Substance Designer	https://drive.google.com/drive/folders/1iX2eBVKGoIq5unnDpEv1Vm6i-h8O16yy	https://3dtextures.me/2021/09/03/metal-locker-001/	node cong-cu/lay.mjs 3dtextures metal-locker-001
clay-001	Clay 001	3dtextures.me	CC0 1.0	textures	archviz,clay,Misc,pot,pottery,rock,Stone,Substance Designer	https://drive.google.com/drive/folders/1jSELp0-hyOEWXkA8KmZ9ZN4DQSlpzDeS	https://3dtextures.me/2021/09/01/clay-001/	node cong-cu/lay.mjs 3dtextures clay-001
fabric-034	Fabric 034	3dtextures.me	CC0 1.0	textures	archviz,cloth,clothes,Fabric,Substance Designer,textile	https://drive.google.com/drive/folders/1d_AQEeywBQe1NXb68ZI768vxyoQUtbYO	https://3dtextures.me/2021/08/30/fabric-034/	node cong-cu/lay.mjs 3dtextures fabric-034
sci-fi-floor-003	Sci-fi Floor 003	3dtextures.me	CC0 1.0	textures	archviz,Floor,flooring,ground,Metal,metallic,Sci-fi,scifi,Substance Designer	https://drive.google.com/drive/folders/1kLnymcfxVyv07qpp_uydTBg2p9tw0YAu	https://3dtextures.me/2021/08/27/sci-fi-floor-003/	node cong-cu/lay.mjs 3dtextures sci-fi-floor-003
stone-floor-005	Stone Floor 005	3dtextures.me	CC0 1.0	textures	archviz,Floor,flooring,rock,Sand,Stone,Stone Floor,Substance Designer	https://drive.google.com/drive/folders/1rW5UwOB6EpaDD2Jkdxp8ltnuQfECDrI0	https://3dtextures.me/2021/08/26/stone-floor-005/	node cong-cu/lay.mjs 3dtextures stone-floor-005
glass-vintage-001	Glass Vintage 001	3dtextures.me	CC0 1.0	textures	archviz,glass,Substance Designer,vintage,window	https://drive.google.com/drive/folders/1UMYaUmWW3aQ4-FjEA9zULrz1ad7nS3iT	https://3dtextures.me/2021/08/25/glass-vintage-001/	node cong-cu/lay.mjs 3dtextures glass-vintage-001
tiles-044	Tiles 044	3dtextures.me	CC0 1.0	textures	archviz,bathroom,ceramic,gold,golden,kitchen,Substance Designer,Tiles,wc	https://drive.google.com/drive/folders/1mconBTM5O3slwIhVcKTo0_eaOYn-eVdv	https://3dtextures.me/2021/08/24/tiles-044/	node cong-cu/lay.mjs 3dtextures tiles-044
leather-weave-002-2	Leather Weave 002	3dtextures.me	CC0 1.0	textures	Animal,archviz,cloth,clothes,furniture,Leather,Organic,Substance Designer,weave	https://drive.google.com/drive/folders/1X09injLWgetUDYvppE4JCb2cRrqXUHIM	https://3dtextures.me/2021/08/23/leather-weave-002-2/	node cong-cu/lay.mjs 3dtextures leather-weave-002-2
tiles-stone-002	Tiles Stone 002	3dtextures.me	CC0 1.0	textures	archviz,schist,Stone,Substance Designer,Tiles,Wall	https://drive.google.com/drive/folders/1QRBYQdFAxuK4ptBrRXu48oO50q7Xcz-p	https://3dtextures.me/2021/08/21/tiles-stone-002/	node cong-cu/lay.mjs 3dtextures tiles-stone-002
metal-corrugated-galvanized-001	Metal Corrugated Galvanized 001	3dtextures.me	CC0 1.0	textures	archviz,corrugated,door,Galvanized,gate,Metal,Substance Designer	https://drive.google.com/drive/folders/1t7UP5_7C6hMh16C6l-hF4IyDgwU52PmI	https://3dtextures.me/2021/08/20/metal-corrugated-galvanized-001/	node cong-cu/lay.mjs 3dtextures metal-corrugated-galvanized-001
terracotta-tiles-005	Terracotta Tiles 005	3dtextures.me	CC0 1.0	textures	archviz,Floor,flooring,ground,Substance Designer,terracotta,Tiles,Water,wet	https://drive.google.com/drive/folders/18a_zi3_T4Z3nO832BAZQJmlG22etyngK	https://3dtextures.me/2021/08/19/terracotta-tiles-005/	node cong-cu/lay.mjs 3dtextures terracotta-tiles-005
wood-chiseled-001	Wood Chiseled 001	3dtextures.me	CC0 1.0	textures	archviz,chiseled,panel,panels,Substance Designer,Wall,Wood	https://drive.google.com/drive/folders/15plRMRUj9HN-pluki9Mcou-mQv9MoE76	https://3dtextures.me/2021/08/18/wood-chiseled-001/	node cong-cu/lay.mjs 3dtextures wood-chiseled-001
wood-panel-003	Wood Panel 003	3dtextures.me	CC0 1.0	textures	archviz,Metal,panel,panels,Substance Designer,Wall,Wood	https://drive.google.com/drive/folders/1NEPnixwRxqL6egh_eBX61ZO01HYWGbPW	https://3dtextures.me/2021/08/17/wood-panel-003/	node cong-cu/lay.mjs 3dtextures wood-panel-003
metal-tube-001	Metal Tube 001	3dtextures.me	CC0 1.0	textures	archviz,Metal,panel,panels,pipe,Sci-fi,scifi,Substance Designer,tube	https://drive.google.com/drive/folders/14SWKjIxXdfrTIa2DsgIyairBUgG71pGw	https://3dtextures.me/2021/08/14/metal-tube-001/	node cong-cu/lay.mjs 3dtextures metal-tube-001
metal-panels-009	Metal Panels 009	3dtextures.me	CC0 1.0	textures	archviz,Metal,panel,panels,Sci-fi,scifi,Substance Designer	https://drive.google.com/drive/folders/15jpfjGTH-ZW1svEVFvRLZRtEQ7jUOyil	https://3dtextures.me/2021/08/13/metal-panels-009/	node cong-cu/lay.mjs 3dtextures metal-panels-009
wood-floor-011	Wood Floor 011	3dtextures.me	CC0 1.0	textures	archviz,Floor,ground,Substance Designer,Tiles,timber,Wood	https://drive.google.com/drive/folders/16rjgrt5WJOZksoaY0u0qUT35LydB0cAe	https://3dtextures.me/2021/08/12/wood-floor-011/	node cong-cu/lay.mjs 3dtextures wood-floor-011
wood-particle-board-003	Wood Particle Board 003	3dtextures.me	CC0 1.0	textures	archviz,board,osb,particle,particle board,Substance Designer,timber,Wood	https://drive.google.com/drive/folders/1VmyofhpKasgqBXYDev2y13EBkLoJ2V8F	https://3dtextures.me/2021/08/11/wood-particle-board-003/	node cong-cu/lay.mjs 3dtextures wood-particle-board-003
candy-001	Candy 001	3dtextures.me	CC0 1.0	textures	archviz,candy,food,lollypop,Substance Designer,sweets	https://drive.google.com/drive/folders/1nq9XshJ4HAV-229u7baE6pTSLd4k8U-s	https://3dtextures.me/2021/08/10/candy-001/	node cong-cu/lay.mjs 3dtextures candy-001
metal-weave-010	Metal Weave 010	3dtextures.me	CC0 1.0	textures	archviz,Metal,Substance Designer,tube,weave	https://drive.google.com/drive/folders/19F97Ecu4j3WaAqBQ3U5oCkUFsQKQEyYZ	https://3dtextures.me/2021/08/08/metal-weave-010/	node cong-cu/lay.mjs 3dtextures metal-weave-010
wood-window-001	Wood Window 001	3dtextures.me	CC0 1.0	textures	archviz,glass,Substance Designer,window,Wood	https://drive.google.com/drive/folders/1nkA5ls961RXaTVT00OLymlPbKFUjRn94	https://3dtextures.me/2021/08/07/wood-window-001/	node cong-cu/lay.mjs 3dtextures wood-window-001
fabric-knitted-005	Fabric Knitted 005	3dtextures.me	CC0 1.0	textures	archviz,cloth,clothes,Fabric,knitted,Substance Designer,textile,wool	https://drive.google.com/drive/folders/1WBa6zob4FtqCfJN_1Mazu1XnpkbkRBIg	https://3dtextures.me/2021/08/05/fabric-knitted-005/	node cong-cu/lay.mjs 3dtextures fabric-knitted-005
concrete-wall-010	Concrete Wall 010	3dtextures.me	CC0 1.0	textures	archviz,cement,Concrete,Substance Designer,Wall	https://drive.google.com/drive/folders/1aXeNkqE26Wbwfn_TmQB7cWhfUujxQes2	https://3dtextures.me/2021/08/04/concrete-wall-010/	node cong-cu/lay.mjs 3dtextures concrete-wall-010
wood-wicker-008	Wood Wicker 008	3dtextures.me	CC0 1.0	textures	archviz,Substance Designer,weave,wicker,Wood	https://drive.google.com/drive/folders/1SUeNVsxL2pvudgoEpGNDJwj8PeBqxck4	https://3dtextures.me/2021/08/03/wood-wicker-008/	node cong-cu/lay.mjs 3dtextures wood-wicker-008
stylized-dry-mud-001	Stylized Dry Mud 001	3dtextures.me	CC0 1.0	textures	archviz,Dirt,ground,mud,stylized,Substance Designer	https://drive.google.com/drive/folders/1lr4Nu4oQ1zPBRDoOX5jXuINhNAUsxbvA	https://3dtextures.me/2021/08/01/stylized-dry-mud-001/	node cong-cu/lay.mjs 3dtextures stylized-dry-mud-001
wood-floor-010	Wood Floor 010	3dtextures.me	CC0 1.0	textures	archviz,Floor,ground,parquet,Substance Designer,Wood	https://drive.google.com/drive/folders/17CEzXSSJPLvAjuSAH8hcwT-Rf93d_Lqo	https://3dtextures.me/2021/08/01/wood-floor-010/	node cong-cu/lay.mjs 3dtextures wood-floor-010
leather-padded-001	Leather Padded 001	3dtextures.me	CC0 1.0	textures	Animal,archviz,couch,Fabric,furniture,Leather,Organic,Padded,Substance Designer,upholstery	https://drive.google.com/drive/folders/1KbADMW22FLO-VuKu8X0eiVDpeMzph3r4	https://3dtextures.me/2021/07/29/leather-padded-001/	node cong-cu/lay.mjs 3dtextures leather-padded-001
sandstone-fossils-001	Sandstone Fossils 001	3dtextures.me	CC0 1.0	textures	archviz,Dirt,fossils,ground,Sandstone,Substance Designer	https://drive.google.com/drive/folders/1p4pNwaHCjqEfd_JjDpBn6g2uKG2Kf6Jt	https://3dtextures.me/2021/07/29/sandstone-fossils-001/	node cong-cu/lay.mjs 3dtextures sandstone-fossils-001
metal-damascus-steel-001	Metal Damascus Steel 001	3dtextures.me	CC0 1.0	textures	archviz,damascus,Metal,steel,Substance Designer,weapon	https://drive.google.com/drive/folders/1M46-lkJ8zcK96VXFAwQrNM4gI5zry_zb	https://3dtextures.me/2021/07/27/metal-damascus-steel-001/	node cong-cu/lay.mjs 3dtextures metal-damascus-steel-001
metal-grill-023	Metal Grill 023	3dtextures.me	CC0 1.0	textures	archviz,Floor,grill,Metal,Substance Designer	https://drive.google.com/drive/folders/1TpM6GiL0BU94ssNFrqZKfkWWWw85Knyu	https://3dtextures.me/2021/07/26/metal-grill-023/	node cong-cu/lay.mjs 3dtextures metal-grill-023
foliage-lily-pads-001	Foliage Lily Pads 001	3dtextures.me	CC0 1.0	textures	archviz,flower,Foliage,lilypads,Organic,plant,pond,Substance Designer,Vegetable,Water	https://drive.google.com/drive/folders/1CQrFOw0eHyyQGIqeUXRy2wdbNYWC-aXm	https://3dtextures.me/2021/07/24/foliage-lily-pads-001/	node cong-cu/lay.mjs 3dtextures foliage-lily-pads-001
wall-stone-021	Wall Stone 021	3dtextures.me	CC0 1.0	textures	archviz,castle,medieval,Rocks,Stone,Substance Designer,Wall	https://drive.google.com/drive/folders/1AxrnFCU1KiPRI0IpG8voOIBUDtrlgcWr	https://3dtextures.me/2021/07/21/wall-stone-021/	node cong-cu/lay.mjs 3dtextures wall-stone-021
pebbles-027	Pebbles 027	3dtextures.me	CC0 1.0	textures	archviz,feature,Pebbles,Rocks,Stone,Substance Designer,Wall	https://drive.google.com/drive/folders/1f4eQW6bBMfyYIUUw2BW9iz-Ab-mIX9qc	https://3dtextures.me/2021/07/20/pebbles-027/	node cong-cu/lay.mjs 3dtextures pebbles-027
wall-tiles-stone-001	Wall Tiles Stone 001	3dtextures.me	CC0 1.0	textures	archviz,feature,Rocks,Stone,Substance Designer,Tiles,Wall	https://drive.google.com/drive/folders/1iYlWSKEfKJHc17KbUYHt6kSTGjAVzjWT	https://3dtextures.me/2021/07/19/wall-tiles-stone-001/	node cong-cu/lay.mjs 3dtextures wall-tiles-stone-001
stylized-ground-001	Stylized Ground 001	3dtextures.me	CC0 1.0	textures	archviz,Floor,ground,Rocks,stones,stylized,Substance Designer	https://drive.google.com/drive/folders/1iJzQH2W7S9GIMwI0eSyq5oBXefdHHwi9	https://3dtextures.me/2021/07/18/stylized-ground-001/	node cong-cu/lay.mjs 3dtextures stylized-ground-001
pebbles-026	Pebbles 026	3dtextures.me	CC0 1.0	textures	archviz,Floor,ground,Pebbles,Rocks,stones,Substance Designer	https://drive.google.com/drive/folders/1iJzQH2W7S9GIMwI0eSyq5oBXefdHHwi9	https://3dtextures.me/2021/07/15/pebbles-026/	node cong-cu/lay.mjs 3dtextures pebbles-026
metal-hammered-003	Metal Hammered 003	3dtextures.me	CC0 1.0	textures	archviz,hammered,iron,Metal,metallic,Substance Designer	https://drive.google.com/drive/folders/1GPudacmiO68HU8f3sdGtLqJQp0pCrGfQ	https://3dtextures.me/2021/07/14/metal-hammered-003/	node cong-cu/lay.mjs 3dtextures metal-hammered-003
nylon-cord-001	Nylon Cord 001	3dtextures.me	CC0 1.0	textures	archviz,cord,Fabric,Misc,nylon,rope,Substance Designer	https://drive.google.com/drive/folders/1iAYJ58PXv-Z1_ncvYD7gzkv_oPYV4jAw	https://3dtextures.me/2021/07/13/nylon-cord-001/	node cong-cu/lay.mjs 3dtextures nylon-cord-001
concrete-017	Concrete 017	3dtextures.me	CC0 1.0	textures	archviz,cement,Concrete,Substance Designer,Wall	https://drive.google.com/drive/folders/1QFbXBf9CEIt5q9adCId3H8quMDqgOyz0	https://3dtextures.me/2021/07/12/concrete-017/	node cong-cu/lay.mjs 3dtextures concrete-017
sci-fi-wall-011	Sci-fi Wall 011	3dtextures.me	CC0 1.0	textures	airship,archviz,emission,lights,metallic,Sci-fi,scifi,spaceship,Substance Designer,Wall	https://drive.google.com/drive/folders/1EvPdD46v0QpNFfc2ZoYOWbp7QZdZlWVZ	https://3dtextures.me/2021/07/10/sci-fi-wall-011/	node cong-cu/lay.mjs 3dtextures sci-fi-wall-011
fabric-033	Fabric 033	3dtextures.me	CC0 1.0	textures	archviz,cloth,clothes,Fabric,Substance Designer,textile	https://drive.google.com/drive/folders/1mJIc-w2wK9KAKNTtsdmTgvlBDanDC6fd	https://3dtextures.me/2021/07/09/fabric-033/	node cong-cu/lay.mjs 3dtextures fabric-033
tiles-modern-002	Tiles Modern 002	3dtextures.me	CC0 1.0	textures	archviz,building,facade,Metal,metallic,modern,Substance Designer,Tiles,Wall	https://drive.google.com/drive/folders/1h7udquNjFv2TPo_s6o-W0oLE_vt2FHK5	https://3dtextures.me/2021/07/09/tiles-modern-002/	node cong-cu/lay.mjs 3dtextures tiles-modern-002
concrete-blocks-010	Concrete Blocks 010	3dtextures.me	CC0 1.0	textures	archviz,blocks,cement,Concrete,Floor,ground,Substance Designer,Wall	https://drive.google.com/drive/folders/1Y8IG1Fbg3I3ohQgK3ewLVhY_Y32FWHsJ	https://3dtextures.me/2021/07/07/concrete-blocks-010/	node cong-cu/lay.mjs 3dtextures concrete-blocks-010
metal-plate-rusted-002	Metal Plate Rusted 002	3dtextures.me	CC0 1.0	textures	archviz,Floor,ground,Metal,old,plate,rust,Rusted,Substance Designer,wear	https://drive.google.com/drive/folders/1YWcJQjb_Qll8TMOc2yfW3oBAyIQQr1g1	https://3dtextures.me/2021/07/06/metal-plate-rusted-002/	node cong-cu/lay.mjs 3dtextures metal-plate-rusted-002
fabric-032	Fabric 032	3dtextures.me	CC0 1.0	textures	archviz,cloth,clothes,Fabric,Substance Designer,textile	https://drive.google.com/drive/folders/1Jm76bqKB1Vi8mXB1j_Y9L1aCSjxFWG2_	https://3dtextures.me/2021/07/04/fabric-032/	node cong-cu/lay.mjs 3dtextures fabric-032
metal-corrugated-014	Metal Corrugated 014	3dtextures.me	CC0 1.0	textures	archviz,corrugated,gate,Metal,Substance Designer	https://drive.google.com/drive/folders/1O8X29IwNKpjCJp44Exkx7kYOcurFykwd	https://3dtextures.me/2021/07/03/metal-corrugated-014/	node cong-cu/lay.mjs 3dtextures metal-corrugated-014
wood-pattern-coffers-004	Wood Pattern Coffers 004	3dtextures.me	CC0 1.0	textures	archviz,coffers,Pattern,Substance Designer,Wall,Wood	https://drive.google.com/drive/folders/1lMCt-nmCmc1h5M9NeSn8kr7xmDaR-VK2	https://3dtextures.me/2021/07/02/wood-pattern-coffers-004/	node cong-cu/lay.mjs 3dtextures wood-pattern-coffers-004
wood-pattern-001	Wood Pattern 001	3dtextures.me	CC0 1.0	textures	archviz,Pattern,Substance Designer,Wood	https://drive.google.com/drive/folders/1hiLVIRktF9Kf7eC4Mpk6UeVZ2vj7I2KR	https://3dtextures.me/2021/06/30/wood-pattern-001/	node cong-cu/lay.mjs 3dtextures wood-pattern-001
tiles-043	Tiles 043	3dtextures.me	CC0 1.0	textures	archviz,ceramic,Floor,flooring,ground,Substance Designer,Tiles	https://drive.google.com/drive/folders/1NS2UPFg6kqKSdBaqPRQus6gXAOyjsP5K	https://3dtextures.me/2021/06/28/tiles-043/	node cong-cu/lay.mjs 3dtextures tiles-043
metal-plate-048	Metal Plate 048	3dtextures.me	CC0 1.0	textures	archviz,Floor,ground,Metal,plate,Rusted,Substance Designer	https://drive.google.com/drive/folders/1nymeLdYtzO65dWOkbVYpqJEkp8Zpiau2	https://3dtextures.me/2021/06/26/metal-plate-048/	node cong-cu/lay.mjs 3dtextures metal-plate-048
tiles-wall-001	Tiles Wall 001	3dtextures.me	CC0 1.0	textures	archviz,building,facade,medieval,Substance Designer,Tiles,Wall	https://drive.google.com/drive/folders/1y2znyIB0nltxm6rYbN5T02M7xuCkaQaX	https://3dtextures.me/2021/06/25/tiles-wall-001/	node cong-cu/lay.mjs 3dtextures tiles-wall-001
tiles-modern-001	Tiles Modern 001	3dtextures.me	CC0 1.0	textures	archviz,building,facade,modern,Substance Designer,Tiles	https://drive.google.com/drive/folders/1LPsR6rzoASyErWFMZr_nfR5W8i1Tx7Gp	https://3dtextures.me/2021/06/24/tiles-modern-001/	node cong-cu/lay.mjs 3dtextures tiles-modern-001
tiles-terracotta-007	Tiles Terracotta 007	3dtextures.me	CC0 1.0	textures	archviz,Floor,ground,Substance Designer,terracotta,Tiles	https://drive.google.com/drive/folders/1Eox20UN6Y5qCoNKz8cGhGN_tzKMogVTT	https://3dtextures.me/2021/06/22/tiles-terracotta-007/	node cong-cu/lay.mjs 3dtextures tiles-terracotta-007
wood-wicker-007	Wood Wicker 007	3dtextures.me	CC0 1.0	textures	archviz,rattan,Substance Designer,wicker,Wood	https://drive.google.com/drive/folders/1_gyRNLz5DoiC-nzlkeiWtb6Wmu3Nn3-x	https://3dtextures.me/2021/06/21/wood-wicker-007/	node cong-cu/lay.mjs 3dtextures wood-wicker-007
wood-ceiling-001	Wood Ceiling 001	3dtextures.me	CC0 1.0	textures	archviz,Ceiling,feature,Substance Designer,Wall,Wood	https://drive.google.com/drive/folders/1uTlb_uMd170XmLGDJstMNadFE3ZLgxAS	https://3dtextures.me/2021/06/19/wood-ceiling-001/	node cong-cu/lay.mjs 3dtextures wood-ceiling-001
leather-010	Leather 010	3dtextures.me	CC0 1.0	textures	Animal,archviz,cloth,clothes,Fabric,Leather,Organic,Substance Designer,textile	https://drive.google.com/drive/folders/1rI1DpusKBhxFlb_u4IBmvSE4GK6Sjrgp	https://3dtextures.me/2021/06/18/leather-010/	node cong-cu/lay.mjs 3dtextures leather-010
fabric-nylon-002	Fabric Nylon 002	3dtextures.me	CC0 1.0	textures	archviz,cloth,clothes,Fabric,nylon,Substance Designer,textile	https://drive.google.com/drive/folders/1R55_wQwJxcsW5Dwhk892YwyoHlBG5rvG	https://3dtextures.me/2021/06/17/fabric-nylon-002/	node cong-cu/lay.mjs 3dtextures fabric-nylon-002
glass-window-003	Glass Window 003	3dtextures.me	CC0 1.0	textures	archviz,cast,glass,iron,Substance Designer,window	https://drive.google.com/drive/folders/1RUTyr0rdD4s4BoyjBmrnCqYpiM_L30D1	https://3dtextures.me/2021/06/15/glass-window-003/	node cong-cu/lay.mjs 3dtextures glass-window-003
abstract-organic-004	Abstract Organic 004	3dtextures.me	CC0 1.0	textures	Abstract,archviz,Organic	https://drive.google.com/drive/folders/17JvLVThCt7SY3beepsIqHZqnXYLSuEdE	https://3dtextures.me/2021/06/14/abstract-organic-004/	node cong-cu/lay.mjs 3dtextures abstract-organic-004
fabric-031	Fabric 031	3dtextures.me	CC0 1.0	textures	archviz,cloth,clothes,Fabric,Padded,synthetic	https://drive.google.com/drive/folders/1wV9f2y8B4QmDupKifHa_2y1GkJgi-3yX	https://3dtextures.me/2021/06/13/fabric-031/	node cong-cu/lay.mjs 3dtextures fabric-031
rock-moss-001	Rock Moss 001	3dtextures.me	CC0 1.0	textures	archviz,ground,Moss,rock,Rocks,Stone,Vegetable	https://drive.google.com/drive/folders/1P0bCYIKNU6HEZBbDB5NRKeFVdvJGUDh_	https://3dtextures.me/2021/06/12/rock-moss-001/	node cong-cu/lay.mjs 3dtextures rock-moss-001
concrete-blocks-009	Concrete Blocks 009	3dtextures.me	CC0 1.0	textures	archviz,blocks,cement,Concrete,Wall	https://drive.google.com/drive/folders/1zak29nkSDFbBkHidXwwF-s8LymoN6VfL	https://3dtextures.me/2021/06/10/concrete-blocks-009/	node cong-cu/lay.mjs 3dtextures concrete-blocks-009
stylized-crystal-002	Stylized Crystal 002	3dtextures.me	CC0 1.0	textures	archviz,crystal,gem,precious,Rocks,Stone,stylized,Substance Designer	https://drive.google.com/drive/folders/1H-6xgZP0iy8dbqnau60-535VfHurh-pg	https://3dtextures.me/2021/06/09/stylized-crystal-002/	node cong-cu/lay.mjs 3dtextures stylized-crystal-002
wood-mdf-001	Wood MDF 001	3dtextures.me	CC0 1.0	textures	archviz,cnc,mdf,Substance Designer,Wood	https://drive.google.com/drive/folders/1DJ7wYrXmt48kjy6SumT8mI5BfyZxTkxF	https://3dtextures.me/2021/06/07/wood-mdf-001/	node cong-cu/lay.mjs 3dtextures wood-mdf-001
roof-tiles-terracotta-008	Roof Tiles Terracotta 008	3dtextures.me	CC0 1.0	textures	archviz,Roof,Substance Designer,terracotta,Tiles	https://drive.google.com/drive/folders/10NxBYpi2kb9VDyZeTYrq2aI00jzB6q_B	https://3dtextures.me/2021/06/05/roof-tiles-terracotta-008/	node cong-cu/lay.mjs 3dtextures roof-tiles-terracotta-008
terrazzo-002	Terrazzo 002	3dtextures.me	CC0 1.0	textures	archviz,Floor,flooring,ground,Substance Designer,terrazzo	https://drive.google.com/drive/folders/1slfbuoVjV3v-urZwSta24V9oG1s9rlJ1	https://3dtextures.me/2021/06/04/terrazzo-002/	node cong-cu/lay.mjs 3dtextures terrazzo-002
fabric-burlap-005	Fabric Burlap 005	3dtextures.me	CC0 1.0	textures	archviz,burlap,cloth,clothes,Fabric,Substance Designer,textile	https://drive.google.com/drive/folders/1aYdLEtGtLtSZmqv1ButHRvpxLC3RDQf0	https://3dtextures.me/2021/06/02/fabric-burlap-005/	node cong-cu/lay.mjs 3dtextures fabric-burlap-005
metal-mesh-006-3	Metal Pattern 005	3dtextures.me	CC0 1.0	textures	archviz,mesh,Metal,Pattern,Substance Designer	https://drive.google.com/drive/folders/1BfKtyP2Jkf-8ZaCvPRW_GwuZkzE6u6Ek	https://3dtextures.me/2021/06/01/metal-mesh-006-3/	node cong-cu/lay.mjs 3dtextures metal-mesh-006-3
metal-mesh-006-2	Metal Mesh 006	3dtextures.me	CC0 1.0	textures	archviz,mesh,Metal,Pattern,Sci-fi,scifi,Substance Designer	https://drive.google.com/drive/folders/1y5QTkOHBG_F-jmw6Qzw7BBLH1K8k5Wcx	https://3dtextures.me/2021/05/31/metal-mesh-006-2/	node cong-cu/lay.mjs 3dtextures metal-mesh-006-2
rock-042	Rock 042	3dtextures.me	CC0 1.0	textures	archviz,boulder,rock,Rocks,Stone,Substance Designer	https://drive.google.com/drive/folders/1wucabighOjDbxChYyc7Ic1EHJGzJQBpk	https://3dtextures.me/2021/05/28/rock-042/	node cong-cu/lay.mjs 3dtextures rock-042
concrete-wall-009	Concrete Wall 009	3dtextures.me	CC0 1.0	textures	archviz,cement,Concrete,Substance Designer,Wall	https://drive.google.com/drive/folders/1WGbaMuRhkQa9-EK2wbxi9UHZFitELnrH	https://3dtextures.me/2021/05/27/concrete-wall-009/	node cong-cu/lay.mjs 3dtextures concrete-wall-009
waffle-001	Waffle 001	3dtextures.me	CC0 1.0	textures	archviz,breakfast,food,Misc,Substance Designer,waffle	https://drive.google.com/drive/folders/1zUcCCULAj_15ClTE72W1f1AlC1reb1wO	https://3dtextures.me/2021/05/26/waffle-001/	node cong-cu/lay.mjs 3dtextures waffle-001
stylized-crystal-001	Stylized Crystal 001	3dtextures.me	CC0 1.0	textures	archviz,crystal,gem,stylized,Substance Designer	https://drive.google.com/drive/folders/18SGChvZrO4nose--ceamXvCGwsoJ9h10	https://3dtextures.me/2021/05/25/stylized-crystal-001/	node cong-cu/lay.mjs 3dtextures stylized-crystal-001
metal-grill-022	Metal Grill 022	3dtextures.me	CC0 1.0	textures	archviz,grill,Metal,plate,Substance Designer	https://drive.google.com/drive/folders/1DYL7Yx-nGiScxuHl_jd1G5VqeqWyQFlG	https://3dtextures.me/2021/05/24/metal-grill-022/	node cong-cu/lay.mjs 3dtextures metal-grill-022
nylon-weave-001	Nylon Weave 001	3dtextures.me	CC0 1.0	textures	archviz,Fabric,nylon,Substance Designer,weave	https://drive.google.com/drive/folders/1QNdBVOhSri850jW5VqAy6lwQCHhWDbUc	https://3dtextures.me/2021/05/21/nylon-weave-001/	node cong-cu/lay.mjs 3dtextures nylon-weave-001
bamboo-weave-001	Bamboo Weave 001	3dtextures.me	CC0 1.0	textures	archviz,Bamboo,furniture,Substance Designer,weave,Wood	https://drive.google.com/drive/folders/1E7H8BwnHHY7j0ZzLOUruZZg5OEMNGvLO	https://3dtextures.me/2021/05/20/bamboo-weave-001/	node cong-cu/lay.mjs 3dtextures bamboo-weave-001
metal-corrugated-013	Metal Corrugated 013	3dtextures.me	CC0 1.0	textures	archviz,corrugated,Metal,rust,Rusted,Sci-fi,scifi,Substance Designer	https://drive.google.com/drive/folders/1Supzq4pQlvQjvBZ0lRJNh6lVG2HZJuOM	https://3dtextures.me/2021/05/19/metal-corrugated-013/	node cong-cu/lay.mjs 3dtextures metal-corrugated-013
leather-perforated-001	Leather Perforated 001	3dtextures.me	CC0 1.0	textures	Animal,archviz,clothes,Fabric,Leather,Organic,Substance Designer,textile	https://drive.google.com/drive/folders/1Ly8DoDowcc8YXkLbyEhiKzyOvY9dnHsn	https://3dtextures.me/2021/05/18/leather-perforated-001/	node cong-cu/lay.mjs 3dtextures leather-perforated-001
wallpaper-geometric-001	Wallpaper geometric 001	3dtextures.me	CC0 1.0	textures	archviz,geometric,paper,Substance Designer,Wall,Wallpaper	https://drive.google.com/drive/folders/1fUzG-5FbrOpKub-EJ9ZQqJVZpA9TKLLl	https://3dtextures.me/2021/05/17/wallpaper-geometric-001/	node cong-cu/lay.mjs 3dtextures wallpaper-geometric-001
vent-003	Vent 003	3dtextures.me	CC0 1.0	textures	archviz,Metal,metallic,Sci-fi,scifi,Substance Designer,vent	https://drive.google.com/drive/folders/1yXJJ2nx6gg3UH8BokpjfzJzxzsnQeyoh	https://3dtextures.me/2021/05/14/vent-003/	node cong-cu/lay.mjs 3dtextures vent-003
metal-tiles-004	Metal Tiles 004	3dtextures.me	CC0 1.0	textures	archviz,art,art deco,Metal,metallic,Substance Designer,Tiles	https://drive.google.com/drive/folders/1i4PSPG6DrnrWCBJPwuDdbK7rDgybIV5M	https://3dtextures.me/2021/05/13/metal-tiles-004/	node cong-cu/lay.mjs 3dtextures metal-tiles-004
sci-fi-wall-010	Sci-fi Wall 010	3dtextures.me	CC0 1.0	textures	archviz,cloth,Fabric,Metal,metallic,Sci-fi,scifi,Substance Designer,textile,Wall	https://drive.google.com/drive/folders/1yqL99QCOU6Lq_DHBtniQ2KuwgojLQB1d	https://3dtextures.me/2021/05/12/sci-fi-wall-010/	node cong-cu/lay.mjs 3dtextures sci-fi-wall-010
tiles-042	Tiles 042	3dtextures.me	CC0 1.0	textures	archviz,art deco,ceramic,Substance Designer,Tiles,vintage	https://drive.google.com/drive/folders/1W9lqIor5I2zfhtz34TQ-0GaXnuSTzGwa	https://3dtextures.me/2021/05/11/tiles-042/	node cong-cu/lay.mjs 3dtextures tiles-042
cobblestone-002	Cobblestone 002	3dtextures.me	CC0 1.0	textures	archviz,calçada,cobblestone,Floor,flooring,ground,portuguese,Rocks,Stone,Stone Floor,Substance Designer	https://drive.google.com/drive/folders/1SC2xlUKi6vUqOTirInkSVSaT51L6X_vL	https://3dtextures.me/2021/05/10/cobblestone-002/	node cong-cu/lay.mjs 3dtextures cobblestone-002
concrete-blocks-008	Concrete Blocks 008	3dtextures.me	CC0 1.0	textures	archviz,blocks,cement,Concrete,Dirt,ground,Substance Designer	https://drive.google.com/drive/folders/1fg7EqlJTKXsFbmuLGHcbJP7QWLKHzJQO	https://3dtextures.me/2021/05/09/concrete-blocks-008/	node cong-cu/lay.mjs 3dtextures concrete-blocks-008
metal-grill-021-2	Metal Grill 021	3dtextures.me	CC0 1.0	textures	archviz,grill,guard,iron,Metal,Substance Designer	https://drive.google.com/drive/folders/1Gj_WkpYWjseAm9kdbk-mCHGnVAfRJABK	https://3dtextures.me/2021/05/07/metal-grill-021-2/	node cong-cu/lay.mjs 3dtextures metal-grill-021-2
sci-fi-padded-fabric-004	Sci-fi Padded Fabric 004	3dtextures.me	CC0 1.0	textures	archviz,cloth,Fabric,Padded,Sci-fi,scifi,Substance Designer,textile	https://drive.google.com/drive/folders/1eM9sPHapa0jMxeSPxiISVN2VqtHELU2d	https://3dtextures.me/2021/05/06/sci-fi-padded-fabric-004/	node cong-cu/lay.mjs 3dtextures sci-fi-padded-fabric-004
bark-006-2	Bark 006	3dtextures.me	CC0 1.0	textures	archviz,Bark,Substance Designer,tree,Wood	https://drive.google.com/drive/folders/1xsJLoUAw-9BKTg5LCHf0s-kdryvGNda-	https://3dtextures.me/2021/05/05/bark-006-2/	node cong-cu/lay.mjs 3dtextures bark-006-2
rock-041	Rock 041	3dtextures.me	CC0 1.0	textures	archviz,asteroid,craters,Moon,rock,Rocks,Stone,Substance Designer	https://drive.google.com/drive/folders/1CpKUdHp3dRy-R75xIvc_U4arf8TbZp_P	https://3dtextures.me/2021/05/03/rock-041/	node cong-cu/lay.mjs 3dtextures rock-041
tiles-041	Tiles 041	3dtextures.me	CC0 1.0	textures	archviz,ceramic,Substance Designer,Tiles	https://drive.google.com/drive/folders/12kTjEaxbPgm6lVFo8P91Q9_qUahD8UtD	https://3dtextures.me/2021/05/01/tiles-041/	node cong-cu/lay.mjs 3dtextures tiles-041
fabric-padded-polyester-003	Fabric Padded Polyester 003	3dtextures.me	CC0 1.0	textures	archviz,Fabric,Padded,polyester,Substance Designer	https://drive.google.com/drive/folders/1Bzl_8IhM-pDYbFXPv2_V3xsfzf_mGhy9	https://3dtextures.me/2021/04/30/fabric-padded-polyester-003/	node cong-cu/lay.mjs 3dtextures fabric-padded-polyester-003
old-wood-002	Old Wood 002	3dtextures.me	CC0 1.0	textures	archviz,Substance Designer,Wood	https://drive.google.com/drive/folders/1wjDRNmeWyBNhQxVOSGlqvlSYwIWYhBvQ	https://3dtextures.me/2021/04/28/old-wood-002/	node cong-cu/lay.mjs 3dtextures old-wood-002
wall-stone-020	Wall Stone 020	3dtextures.me	CC0 1.0	textures	archviz,Brick,bricks,Rocks,Stone,Substance Designer,Wall	https://drive.google.com/drive/folders/1qVpGOFmjXA9P9sowqe2bWfyWvuZ-aVRQ	https://3dtextures.me/2021/04/27/wall-stone-020/	node cong-cu/lay.mjs 3dtextures wall-stone-020
roof-tiles-terracotta-007	Roof Tiles Terracotta 007	3dtextures.me	CC0 1.0	textures	archviz,Roof,Substance Designer,terracotta,Tiles	https://drive.google.com/drive/folders/1jwncqSjq8umRmqgF27FJaAiGdr_SLFeu	https://3dtextures.me/2021/04/26/roof-tiles-terracotta-007/	node cong-cu/lay.mjs 3dtextures roof-tiles-terracotta-007
wood-tiles-004	Wood Tiles 004	3dtextures.me	CC0 1.0	textures	archviz,feature,Substance Designer,Tiles,Wall,Wood	https://drive.google.com/drive/folders/1NDyIhPAnH1cqbvyjiQrnd33y_UPfL_we	https://3dtextures.me/2021/04/23/wood-tiles-004/	node cong-cu/lay.mjs 3dtextures wood-tiles-004
rocks-hexagons-002	Rocks Hexagons 002	3dtextures.me	CC0 1.0	textures	archviz,cliffs,Floor,giants,ground,hexagons,path,Rocks,Stone,Stone Floor,Substance Designer	https://drive.google.com/drive/folders/1hi8eRPUAnhJywcEGGjFUNboVrewYdxeQ	https://3dtextures.me/2021/04/22/rocks-hexagons-002/	node cong-cu/lay.mjs 3dtextures rocks-hexagons-002
stylized-tiles-002	Stylized Tiles 002	3dtextures.me	CC0 1.0	textures	archviz,Floor,ground,Stone Floor,stylized,Substance Designer,Tiles	https://drive.google.com/drive/folders/1hFZhh1l1WseQmkzUfieUHHTqVNCg_ELd	https://3dtextures.me/2021/04/21/stylized-tiles-002/	node cong-cu/lay.mjs 3dtextures stylized-tiles-002
concrete-ceiling-002	Concrete Ceiling 002	3dtextures.me	CC0 1.0	textures	archviz,Ceiling,cement,Concrete,Roof,Substance Designer	https://drive.google.com/drive/folders/1neWDWFNBJ0NNcolR-DfDe9oPVHFlAhy6	https://3dtextures.me/2021/04/20/concrete-ceiling-002/	node cong-cu/lay.mjs 3dtextures concrete-ceiling-002
metal-mesh-006	Metal Mesh 006	3dtextures.me	CC0 1.0	textures	archviz,armor,mesh,Metal,Sci-fi,scifi,Substance Designer,weave	https://drive.google.com/drive/folders/1nfioaHTx1kVvaooLzbfdP2NCJOSEhdYT	https://3dtextures.me/2021/04/19/metal-mesh-006/	node cong-cu/lay.mjs 3dtextures metal-mesh-006
fabric-rug-008	Fabric Rug 008	3dtextures.me	CC0 1.0	textures	archviz,carpet,cloth,Fabric,Rug,Substance Designer,textile	https://drive.google.com/drive/folders/1uXoiwBnjGGa3K9fHpQaR2HGypiMsYlbZ	https://3dtextures.me/2021/04/16/fabric-rug-008/	node cong-cu/lay.mjs 3dtextures fabric-rug-008
flower-bud-001	Flower Bud 001	3dtextures.me	CC0 1.0	textures	archviz,flower,Organic,plant,Substance Designer,Vegetable	https://drive.google.com/drive/folders/1GEKabqwUzAAH2yZLjfcLZoLCvfEtOhBE	https://3dtextures.me/2021/04/15/flower-bud-001/	node cong-cu/lay.mjs 3dtextures flower-bud-001
road-001	Road 001	3dtextures.me	CC0 1.0	textures	archviz,ground,road,street,Substance Designer,tarmac	https://drive.google.com/drive/folders/14goSPqabwx4jQ6O-oDmNV0QKVSJOZkGk	https://3dtextures.me/2021/04/14/road-001/	node cong-cu/lay.mjs 3dtextures road-001
metal-grill-021	Metal Grill 021	3dtextures.me	CC0 1.0	textures	archviz,grill,grills,mesh,Metal,metallic,mic,microphone,Substance Designer	https://drive.google.com/drive/folders/1tm32teo1Ry6hc4m2aQZdIUvxAqJdBU5e	https://3dtextures.me/2021/04/13/metal-grill-021/	node cong-cu/lay.mjs 3dtextures metal-grill-021
metal-grill-020	Metal Grill 020	3dtextures.me	CC0 1.0	textures	archviz,grill,grills,Metal,Substance Designer	https://drive.google.com/drive/folders/1qQs5gZX-VoZW1gSLDNsDb7aDDPuk524J	https://3dtextures.me/2021/04/12/metal-grill-020/	node cong-cu/lay.mjs 3dtextures metal-grill-020
rock-040	Rock 040	3dtextures.me	CC0 1.0	textures	archviz,boulder,rock,Rocks,Stone,Substance Designer	https://drive.google.com/drive/folders/1WT09wKziewTNrXvHaH2JKZgv2-2MoNeG	https://3dtextures.me/2021/04/09/rock-040/	node cong-cu/lay.mjs 3dtextures rock-040
wood-wall-003	Wood Wall 003	3dtextures.me	CC0 1.0	textures	archviz,Substance Designer,Wall,Wood	https://drive.google.com/drive/folders/1ugCrx03DRDlagp_sRbYYDsnpY9jFJlEA	https://3dtextures.me/2021/04/08/wood-wall-003/	node cong-cu/lay.mjs 3dtextures wood-wall-003
leather-armor-002	Leather Armor 002	3dtextures.me	CC0 1.0	textures	Animal,archviz,armor,cloth,Fabric,knight,Leather,medieval,Organic,Substance Designer,textile	https://drive.google.com/drive/folders/1y-7q_gX0pcZtFsZUG6D4_Pno1OxgnTtS	https://3dtextures.me/2021/04/07/leather-armor-002/	node cong-cu/lay.mjs 3dtextures leather-armor-002
fabric-padded-006	Fabric Padded 006	3dtextures.me	CC0 1.0	textures	archviz,cloth,Fabric,nylon,Sci-fi,scifi,Substance Designer,textile	https://drive.google.com/drive/folders/1YAS3xyNwR4zTH_6J-V_cDzxuI9dOed8K	https://3dtextures.me/2021/04/06/fabric-padded-006/	node cong-cu/lay.mjs 3dtextures fabric-padded-006
stylized-scales-002	Stylized Scales 002	3dtextures.me	CC0 1.0	textures	Animal,archviz,lizard,Organic,reptile,Scales,snake,stylized,Substance Designer	https://drive.google.com/drive/folders/140FXsiVVQdM0lvsvq4JMAUzw0vhNL1xI	https://3dtextures.me/2021/04/05/stylized-scales-002/	node cong-cu/lay.mjs 3dtextures stylized-scales-002
concrete-wall-008	Concrete Wall 008	3dtextures.me	CC0 1.0	textures	archviz,Concrete,damaged,metallic,rebar,Substance Designer,Wall	https://drive.google.com/drive/folders/1PVrNc73G9LAHNt2Ev4JOZQSO6nc_oSJg	https://3dtextures.me/2021/04/03/concrete-wall-008/	node cong-cu/lay.mjs 3dtextures concrete-wall-008
fabric-nylon-001	Fabric Nylon 001	3dtextures.me	CC0 1.0	textures	archviz,cloth,clothes,Fabric,nylon,Substance Designer,textile	https://drive.google.com/drive/folders/1n2p4AG-5TbTIhC2c6zoOveiqY2dE92xI	https://3dtextures.me/2021/04/02/fabric-nylon-001/	node cong-cu/lay.mjs 3dtextures fabric-nylon-001
catacomb-wall-001	Catacomb Wall 001	3dtextures.me	CC0 1.0	textures	archviz,catacomb,medieval,Rocks,skeleton,skull,Stone,stones,Substance Designer,Wall	https://drive.google.com/drive/folders/1pdR15vfECtKOsAzmQ9yhRn6lBdz1aKgI	https://3dtextures.me/2021/03/31/catacomb-wall-001/	node cong-cu/lay.mjs 3dtextures catacomb-wall-001
wood-floor-009	Wood Floor 009	3dtextures.me	CC0 1.0	textures	archviz,dark,Floor,ground,Substance Designer,Wood	https://drive.google.com/drive/folders/1_muKfn_cQXV6VTWbxuJpywb0tMq51SD8	https://3dtextures.me/2021/03/30/wood-floor-009/	node cong-cu/lay.mjs 3dtextures wood-floor-009
stylized-stone-floor-004	Stylized Stone Floor 004	3dtextures.me	CC0 1.0	textures	archviz,Floor,ground,Stone,Stone Floor,stylized,Substance Designer,Wall	https://drive.google.com/drive/folders/1D8CvyqZIRMHX1Ca3GWGTiXWB-BrCSdiv	https://3dtextures.me/2021/03/29/stylized-stone-floor-004/	node cong-cu/lay.mjs 3dtextures stylized-stone-floor-004
stylized-bricks-001	Stylized Bricks 001	3dtextures.me	CC0 1.0	textures	archviz,Brick,bricks,stylized,Substance Designer,Wall	https://drive.google.com/drive/folders/1h_ggy8DfNb4Klak29JcLMNuM9Wv8kdKR	https://3dtextures.me/2021/03/26/stylized-bricks-001/	node cong-cu/lay.mjs 3dtextures stylized-bricks-001
egg-shell-001	Egg Shell 001	3dtextures.me	CC0 1.0	textures	Animal,archviz,chic,chicken,easter,egg,egg shell,Organic,shell,Substance Designer	https://drive.google.com/drive/folders/1vYJod2XTPLCXgGJpm6pDPw7zBw8nkqkF	https://3dtextures.me/2021/03/25/egg-shell-001/	node cong-cu/lay.mjs 3dtextures egg-shell-001
metal-trimsheet-002	Metal Trimsheet 002	3dtextures.me	CC0 1.0	textures	archviz,Metal,Substance Designer,trim sheet,trimsheet	https://drive.google.com/drive/folders/1yYwn7qwzPnQe5q9LOU2YaHsDj73NjImt	https://3dtextures.me/2021/03/24/metal-trimsheet-002/	node cong-cu/lay.mjs 3dtextures metal-trimsheet-002
metal-trimsheet-001	Metal Trimsheet 001	3dtextures.me	CC0 1.0	textures	archviz,Metal,Substance Designer,trim sheet,trimsheet	https://drive.google.com/drive/folders/1y-P1Q7VOboMywf6Wv9T5HJeFYfWYTxiF	https://3dtextures.me/2021/03/23/metal-trimsheet-001/	node cong-cu/lay.mjs 3dtextures metal-trimsheet-001
paper-wrinkled-001	Paper Wrinkled 001	3dtextures.me	CC0 1.0	textures	archviz,paper,school,Substance Designer,wrinkled	https://drive.google.com/drive/folders/19JjSyWmYD9wXCXznpRL5xsfA-LhjJt1J	https://3dtextures.me/2021/03/22/paper-wrinkled-001/	node cong-cu/lay.mjs 3dtextures paper-wrinkled-001
stylized-grass-003	Stylized Grass 003	3dtextures.me	CC0 1.0	textures	archviz,Grass,ground,stylized,Substance Designer,Vegetable	https://drive.google.com/drive/folders/1rc5lCeFixdFEaJRx1WbTH8KlRH9TfsiQ	https://3dtextures.me/2021/03/19/stylized-grass-003/	node cong-cu/lay.mjs 3dtextures stylized-grass-003
metal-scratched-008	Metal Scratched 008	3dtextures.me	CC0 1.0	textures	archviz,Metal,Sci-fi,scifi,scratched,spaceship,Substance Designer	https://drive.google.com/drive/folders/1j2gecVZAnoPqeuQIGdJ8tdd2w8pkA9vJ	https://3dtextures.me/2021/03/18/metal-scratched-008/	node cong-cu/lay.mjs 3dtextures metal-scratched-008
metal-plate-047	Metal Plate 047	3dtextures.me	CC0 1.0	textures	archviz,Metal,plate,Rusted,Sci-fi,scifi,spaceship,Substance Designer	https://drive.google.com/drive/folders/1Ni6M0jrSpDxnk9cmcPR-440gp6k7zz_L	https://3dtextures.me/2021/03/17/metal-plate-047/	node cong-cu/lay.mjs 3dtextures metal-plate-047
metal-plate-sci-fi-002-2	Metal Plate Sci-Fi 002	3dtextures.me	CC0 1.0	textures	archviz,Metal,plate,Sci-fi,scifi,spaceship,Substance Designer	https://drive.google.com/drive/folders/1jS0E-soYGt1eB5i73xf4sHAOwbnmWJuF	https://3dtextures.me/2021/03/16/metal-plate-sci-fi-002-2/	node cong-cu/lay.mjs 3dtextures metal-plate-sci-fi-002-2
leather-armor-001	Leather Armor 001	3dtextures.me	CC0 1.0	textures	Animal,archviz,armor,army,knight,Leather,medieval,Organic,soldier,Substance Designer	https://drive.google.com/drive/folders/1CGesguMCbveoUinIZ_oZX6xX95Lwy5Bl	https://3dtextures.me/2021/03/15/leather-armor-001/	node cong-cu/lay.mjs 3dtextures leather-armor-001
stylized-stone-floor-003	Stylized Stone Floor 003	3dtextures.me	CC0 1.0	textures	archviz,cobblestone,Dirt,Floor,ground,Pebbles,Stone,stylized,Substance Designer	https://drive.google.com/drive/folders/1OXh26oQ_p_Y6F4vq3OnfCvuf9y_XJfNo	https://3dtextures.me/2021/03/12/stylized-stone-floor-003/	node cong-cu/lay.mjs 3dtextures stylized-stone-floor-003
ground-skull-001	Ground Skull 001	3dtextures.me	CC0 1.0	textures	Animal,archviz,bones,Dirt,ground,Organic,Pebbles,skeleton,skull,Substance Designer	https://drive.google.com/drive/folders/1J7Ez7XM6qZZnzo3u9WEUYLa6vtzI3vjy	https://3dtextures.me/2021/03/11/ground-skull-001/	node cong-cu/lay.mjs 3dtextures ground-skull-001
metal-corrugated-012	Metal Corrugated 012	3dtextures.me	CC0 1.0	textures	archviz,corrugated,door,gate,iron,Metal,steel,Substance Designer	https://drive.google.com/drive/folders/1hmm9po10Le51H-UGoO0nJVBQ7sbTDNsI	https://3dtextures.me/2021/03/10/metal-corrugated-012/	node cong-cu/lay.mjs 3dtextures metal-corrugated-012
metal-gate-002	Metal Gate 002	3dtextures.me	CC0 1.0	textures	archviz,door,gate,iron,medieval,Metal,Substance Designer	https://drive.google.com/drive/folders/1Jilb02PsZhwRtqQnpMOp9CBsiExsLEDH	https://3dtextures.me/2021/03/09/metal-gate-002/	node cong-cu/lay.mjs 3dtextures metal-gate-002
concrete-blocks-007	Concrete Blocks 007	3dtextures.me	CC0 1.0	textures	archviz,blocks,cement,cinder,Concrete,Substance Designer,Wall	https://drive.google.com/drive/folders/154Q7JznfsNJOL4yc8aTyHjvqEN4nEEpA	https://3dtextures.me/2021/03/08/concrete-blocks-007/	node cong-cu/lay.mjs 3dtextures concrete-blocks-007
fabric-padded-005	Fabric Padded 005	3dtextures.me	CC0 1.0	textures	archviz,armor,cloth,clothes,Fabric,knight,medieval,Padded,Substance Designer,textile	https://drive.google.com/drive/folders/16luTuGFJ8v1pTuXYyinxrUe2AJicvLGg	https://3dtextures.me/2021/03/05/fabric-padded-005/	node cong-cu/lay.mjs 3dtextures fabric-padded-005
wood-pathway-001	Wood Pathway 001	3dtextures.me	CC0 1.0	textures	archviz,Floor,ground,path,pathway,Substance Designer,walkway,Wood	https://drive.google.com/drive/folders/1_e_xHQBOYpwudK0eqRtZnw418HHNvWim	https://3dtextures.me/2021/03/04/wood-pathway-001/	node cong-cu/lay.mjs 3dtextures wood-pathway-001
metal-guard-roses-001	Metal Guard Roses 001	3dtextures.me	CC0 1.0	textures	archviz,cast,flowers,guard,iron,Metal,roses,Substance Designer,window	https://drive.google.com/drive/folders/1J7iS6Hlu_VXhUmWtahsM9AwnVIghUhAg	https://3dtextures.me/2021/03/03/metal-guard-roses-001/	node cong-cu/lay.mjs 3dtextures metal-guard-roses-001
leather-diamond-patches-002	Leather Diamond Patches 002	3dtextures.me	CC0 1.0	textures	archviz,armor,army,cloth,clothes,diamond,Fabric,knight,Leather,medieval,Metal,patches,Substance Designer,textile	https://drive.google.com/drive/folders/1gFEHOMbkXJ_7nllLQn3Rsn2SxStTp8Rr	https://3dtextures.me/2021/03/02/leather-diamond-patches-002/	node cong-cu/lay.mjs 3dtextures leather-diamond-patches-002
metal-corrugated-011	Metal Corrugated 011	3dtextures.me	CC0 1.0	textures	archviz,corrugated,iron,Metal,rust,Rusted,steel,Substance Designer	https://drive.google.com/drive/folders/134it8C_hUv2EtNOvKXfYHqmy9q4zQksf	https://3dtextures.me/2021/03/01/metal-corrugated-011/	node cong-cu/lay.mjs 3dtextures metal-corrugated-011
wood-ceiling-coffers-003	Wood Ceiling Coffers 003	3dtextures.me	CC0 1.0	textures	archviz,Ceiling,coffers,Substance Designer,Wood	https://drive.google.com/drive/folders/1jI1Fg7fbCapzb3JlzpNjecrtbQDwmQss	https://3dtextures.me/2021/02/26/wood-ceiling-coffers-003/	node cong-cu/lay.mjs 3dtextures wood-ceiling-coffers-003
wall-stone-019	Wall Stone 019	3dtextures.me	CC0 1.0	textures	archviz,castle,medieval,rock,Stone,Substance Designer,Wall	https://drive.google.com/drive/folders/1zfPDt453Jb7uzi2VW-synepEHDNrtyKT	https://3dtextures.me/2021/02/25/wall-stone-019/	node cong-cu/lay.mjs 3dtextures wall-stone-019
leather-weave-005	Leather Weave 005	3dtextures.me	CC0 1.0	textures	accessories,archviz,cloth,clothes,fashion,Leather,Organic,Substance Designer,textile,weave	https://drive.google.com/drive/folders/1Q9_166n-9ZaRBO1b_vQWybn332-IinQU	https://3dtextures.me/2021/02/24/leather-weave-005/	node cong-cu/lay.mjs 3dtextures leather-weave-005
wood-wicker-006	Wood Wicker 006	3dtextures.me	CC0 1.0	textures	archviz,furniture,Substance Designer,weave,wicker,Wood	https://drive.google.com/drive/folders/1-Oq8faOZY8XVddIKnuSVoeVqaazEJm5X	https://3dtextures.me/2021/02/23/wood-wicker-006/	node cong-cu/lay.mjs 3dtextures wood-wicker-006
metal-grill-019	Metal Grill 019	3dtextures.me	CC0 1.0	textures	archviz,Floor,grate,grill,Metal,Sci-fi,scifi,Substance Designer	https://drive.google.com/drive/folders/1S57a9n3txoPgwVY5sZR-xByCB0nImDxN	https://3dtextures.me/2021/02/22/metal-grill-019/	node cong-cu/lay.mjs 3dtextures metal-grill-019
wall-stone-hieroglyphs-001	Wall Stone Hieroglyphs 001	3dtextures.me	CC0 1.0	textures	archviz,egypt,egyptian,hieroglyphs,Stone,Substance Designer,Wall	https://drive.google.com/drive/folders/1qbkyblgm2GFER_NJ_Qg96bgX6C-qk4Eu	https://3dtextures.me/2021/02/19/wall-stone-hieroglyphs-001/	node cong-cu/lay.mjs 3dtextures wall-stone-hieroglyphs-001
wood-barrel-top-001	Wood Barrel Top 001	3dtextures.me	CC0 1.0	textures	archviz,barrel,Substance Designer,Wood	https://drive.google.com/drive/folders/1_0j9qV_u22g-oYDpFVRf6-4WY7KMhZks	https://3dtextures.me/2021/02/18/wood-barrel-top-001/	node cong-cu/lay.mjs 3dtextures wood-barrel-top-001
wood-barrel-side-001	Wood Barrel Side 001	3dtextures.me	CC0 1.0	textures	archviz,barrel,Substance Designer,Wood	https://drive.google.com/drive/folders/14ePRMTJ1-yMCqoWxxfGlBLLNoqho84cQ	https://3dtextures.me/2021/02/17/wood-barrel-side-001/	node cong-cu/lay.mjs 3dtextures wood-barrel-side-001
wood-plywood-side-001	Wood Plywood Side 001	3dtextures.me	CC0 1.0	textures	archviz,plywood,Substance Designer,Wood	https://drive.google.com/drive/folders/1zw08ndJqsZLm7Hwx0tIGLeXpf-9hmC_c	https://3dtextures.me/2021/02/16/wood-plywood-side-001/	node cong-cu/lay.mjs 3dtextures wood-plywood-side-001
wood-plywood-001	Wood Plywood 001	3dtextures.me	CC0 1.0	textures	archviz,plywood,Substance Designer,Wood	https://drive.google.com/drive/folders/1Du1d58G1hDPUPN_zfzclfUQO4_aWrtIa	https://3dtextures.me/2021/02/15/wood-plywood-001/	node cong-cu/lay.mjs 3dtextures wood-plywood-001
wood-crate-001	Wood Crate 001	3dtextures.me	CC0 1.0	textures	archviz,crate,Substance Designer,Wood	https://drive.google.com/drive/folders/18FCBVb74x5BnTmxwvBIitMK8u_PdTWkv	https://3dtextures.me/2021/02/12/wood-crate-001/	node cong-cu/lay.mjs 3dtextures wood-crate-001
leather-weave-4	Leather Weave 4	3dtextures.me	CC0 1.0	textures	archviz,armor,army,knight,medieval,mesh,Metal,military,Organic,soldier,Substance Designer	https://drive.google.com/drive/folders/1AVo4bLCrcrgb3aqdxMx4hV_g2E4xCkzn	https://3dtextures.me/2021/02/11/leather-weave-4/	node cong-cu/lay.mjs 3dtextures leather-weave-4
metal-mesh-005	Metal Mesh 005	3dtextures.me	CC0 1.0	textures	archviz,armor,army,chainlink,knight,medieval,mesh,Metal,military,soldier,Substance Designer	https://drive.google.com/drive/folders/1KVeN0efn9DYOmIC_6iEwp3uoc7FsmjuA	https://3dtextures.me/2021/02/10/metal-mesh-005/	node cong-cu/lay.mjs 3dtextures metal-mesh-005
sci-fi-armor-001	Sci-fi Armor 001	3dtextures.me	CC0 1.0	textures	archviz,armor,army,futuristic,military,Misc,Sci-fi,scifi,soldier,Substance Designer	https://drive.google.com/drive/folders/1QhzYA6wUbGMpFonamam7L2SIpiwD1Evz	https://3dtextures.me/2021/02/09/sci-fi-armor-001/	node cong-cu/lay.mjs 3dtextures sci-fi-armor-001
marble-blue-004	Marble Blue 004	3dtextures.me	CC0 1.0	textures	archviz,bathroom,furniture,kitchen,Marble,polished,Rocks,Stone,Substance Designer,wc	https://drive.google.com/drive/folders/1Yxpl3SqnpFrYw3_5eVm4AvghlLtmI7xn	https://3dtextures.me/2021/02/08/marble-blue-004/	node cong-cu/lay.mjs 3dtextures marble-blue-004
marble-red-004	Marble Red 004	3dtextures.me	CC0 1.0	textures	archviz,bathroom,furniture,kitchen,Marble,polished,Rocks,Stone,Substance Designer,wc	https://drive.google.com/drive/folders/1hnZXY7AT1M5C1WUc98RFWUJF7Fa_jmh8	https://3dtextures.me/2021/02/05/marble-red-004/	node cong-cu/lay.mjs 3dtextures marble-red-004
metal-iron-guard-004	Metal Iron Guard 004	3dtextures.me	CC0 1.0	textures	archviz,Fabric,Leather,Metal,textile,weave,Wood	https://drive.google.com/drive/folders/1UUvIJi7gwEZKnN5GXwIsP_hZ1WTB0qPP	https://3dtextures.me/2021/02/04/metal-iron-guard-004/	node cong-cu/lay.mjs 3dtextures metal-iron-guard-004
leather-weave-003	Leather Weave 003	3dtextures.me	CC0 1.0	textures	Animal,archviz,Fabric,Leather,Organic,Substance Designer,textile,weave,Wood	https://drive.google.com/drive/folders/1cRPqs6i0w4M-wNQUK_opLrzHyfE9kRWu	https://3dtextures.me/2021/02/03/leather-weave-003/	node cong-cu/lay.mjs 3dtextures leather-weave-003
wall-stone-018	Wall Stone 018	3dtextures.me	CC0 1.0	textures	archviz,castle,medieval,Rocks,Stone,Substance Designer,Wall	https://drive.google.com/drive/folders/1qSug6lwHdsmZP8FcKbmeLLONwXOjJ3s_	https://3dtextures.me/2021/02/02/wall-stone-018/	node cong-cu/lay.mjs 3dtextures wall-stone-018
stage-floor-001	Stage Floor 001	3dtextures.me	CC0 1.0	textures	archviz,Floor,stage,Substance Designer,theater,theatre,Tiles,vinyl,wear,Wood	https://drive.google.com/drive/folders/117m2XltsC0_L0TL5Dou-fxBIDVJYll-k	https://3dtextures.me/2021/02/01/stage-floor-001/	node cong-cu/lay.mjs 3dtextures stage-floor-001
metal-pattern-005	Metal Pattern 005	3dtextures.me	CC0 1.0	textures	archviz,Metal,metallic,Pattern,Sci-fi,scifi,spaceship,Substance Designer	https://drive.google.com/drive/folders/1nH2_MqIDjK1B8WfMZYTLRYkleZNnzwC_	https://3dtextures.me/2021/01/29/metal-pattern-005/	node cong-cu/lay.mjs 3dtextures metal-pattern-005
sci-fi-wall-009	Sci-Fi Wall 009	3dtextures.me	CC0 1.0	textures	archviz,cloth,Fabric,Metal,metallic,Sci-fi,scifi,spaceship,Substance Designer,textile,Wall	https://drive.google.com/drive/folders/1kb8j6MGWmCMpIpjjYh9v4KtrvMy3Ubbl	https://3dtextures.me/2021/01/28/sci-fi-wall-009/	node cong-cu/lay.mjs 3dtextures sci-fi-wall-009
sci-fi-wall-008	Sci-Fi Wall 008	3dtextures.me	CC0 1.0	textures	archviz,cloth,Fabric,Metal,metallic,Sci-fi,scifi,spaceship,Substance Designer,textile,Wall	https://drive.google.com/drive/folders/1qWoeNBQaboFdmzsvTztnTyPTdqM-bW3A	https://3dtextures.me/2021/01/27/sci-fi-wall-008/	node cong-cu/lay.mjs 3dtextures sci-fi-wall-008
thatched-roof-001	Thatched Roof 001	3dtextures.me	CC0 1.0	textures	archviz,Roof,straw,Substance Designer,thatched	https://drive.google.com/drive/folders/1L20U-CXcEG-2zK2a5Ybe0SP7HR1gnk9o	https://3dtextures.me/2021/01/26/thatched-roof-001/	node cong-cu/lay.mjs 3dtextures thatched-roof-001
fabric-knitted-004	Fabric Knitted 004	3dtextures.me	CC0 1.0	textures	archviz,cloth,clothes,Fabric,knitted,Substance Designer,textile	https://drive.google.com/drive/folders/1mulrT8ZEH3IBJ6DY90tOGD_q5Osu9KyJ	https://3dtextures.me/2021/01/25/fabric-knitted-004/	node cong-cu/lay.mjs 3dtextures fabric-knitted-004
rocks-hexagons-001	Rocks Hexagons 001	3dtextures.me	CC0 1.0	textures	archviz,ground,rock,Rocks,Stone,Stone Floor,Substance Designer	https://drive.google.com/drive/folders/16zKJJ_gUeDkc3ytw2X-NS95acWL9ZGz7	https://3dtextures.me/2021/01/22/rocks-hexagons-001/	node cong-cu/lay.mjs 3dtextures rocks-hexagons-001
fabric-carpet-001	Fabric Carpet 001	3dtextures.me	CC0 1.0	textures	archviz,carpet,cloth,Fabric,Rug,Substance Designer,textile	https://drive.google.com/drive/folders/1dN7etd9bYxvAWTEIvpyr0mhuSR_xv2Up	https://3dtextures.me/2021/01/21/fabric-carpet-001/	node cong-cu/lay.mjs 3dtextures fabric-carpet-001
building-facade-001	Building Facade 001	3dtextures.me	CC0 1.0	textures	archviz,Brick,building,facade,Substance Designer,Wall,windows	https://drive.google.com/drive/folders/1yahXm4mNAOOj9VdJ5eLpdRqMrN1M4N60	https://3dtextures.me/2021/01/20/building-facade-001/	node cong-cu/lay.mjs 3dtextures building-facade-001
roof-tiles-terracotta-006	Roof Tiles Terracotta 006	3dtextures.me	CC0 1.0	textures	archviz,ground,Roof,Substance Designer,terracotta,Tiles	https://drive.google.com/drive/folders/1i8bJO7j5cVGMYGT74N369NFPHoWZ_bqd	https://3dtextures.me/2021/01/19/roof-tiles-terracotta-006/	node cong-cu/lay.mjs 3dtextures roof-tiles-terracotta-006
tiles-terracotta-006	Tiles Terracotta 006	3dtextures.me	CC0 1.0	textures	archviz,Floor,ground,Substance Designer,terracotta,Tiles	https://drive.google.com/drive/folders/1tU3SILR9lAqsyqosqTLucmxb0fZe9Ow1	https://3dtextures.me/2021/01/18/tiles-terracotta-006/	node cong-cu/lay.mjs 3dtextures tiles-terracotta-006
metal-pattern-diamond-001	Metal Pattern Diamond 001	3dtextures.me	CC0 1.0	textures	archviz,diamond,Metal,Pattern,Substance Designer	https://drive.google.com/drive/folders/1MicH8xzF_4xrl_aRhs9F6KfQfOYi8icq	https://3dtextures.me/2021/01/15/metal-pattern-diamond-001/	node cong-cu/lay.mjs 3dtextures metal-pattern-diamond-001
tiles-terracotta-005	Tiles Terracotta 005	3dtextures.me	CC0 1.0	textures	archviz,Floor,ground,Substance Designer,terracotta,Tiles,Wood	https://drive.google.com/drive/folders/1Bwt7Cjc8jQWkcBaj3wHqClhbNnzHUmGx	https://3dtextures.me/2021/01/14/tiles-terracotta-005/	node cong-cu/lay.mjs 3dtextures tiles-terracotta-005
phone-cord-001	Phone Cord 001	3dtextures.me	CC0 1.0	textures	archviz,coil,cord,Misc,phone,Plastic,Substance Designer,telephone	https://drive.google.com/drive/folders/1RoIzneIqLoxPtK1jw8fXye_YbKpUmsw4	https://3dtextures.me/2021/01/13/phone-cord-001/	node cong-cu/lay.mjs 3dtextures phone-cord-001
stylized-stone-wall-001	Stylized Stone Wall 001	3dtextures.me	CC0 1.0	textures	archviz,castle,medieval,Rocks,Stone,stylized,Substance Designer,Wall	https://drive.google.com/drive/folders/1QGWGddAUA1m7bBxpp-mM32hYUbABbv_H	https://3dtextures.me/2021/01/12/stylized-stone-wall-001/	node cong-cu/lay.mjs 3dtextures stylized-stone-wall-001
tiles-040	Tiles 040	3dtextures.me	CC0 1.0	textures	archviz,bathroom,ceramic,kitchen,Substance Designer,Tiles,wc	https://drive.google.com/drive/folders/1bZ56nE1p8X9oGdniOoU_sSK_hE38CeH6	https://3dtextures.me/2021/01/11/tiles-040/	node cong-cu/lay.mjs 3dtextures tiles-040
metal-grill-018	Metal Grill 018	3dtextures.me	CC0 1.0	textures	archviz,Metal,metallic,scratched,scratches,Substance Designer	https://drive.google.com/drive/folders/1rIHF7NcIDg6ll2jaXSbPi8UAHwkDl0Ic	https://3dtextures.me/2021/01/08/metal-grill-018/	node cong-cu/lay.mjs 3dtextures metal-grill-018
metal-scratched-007	Metal Scratched 007	3dtextures.me	CC0 1.0	textures	archviz,Metal,metallic,scratched,scratches,Substance Designer	https://drive.google.com/drive/folders/1fu0UMp6yUoplvfiA8BBGjHYFphN8oI_5	https://3dtextures.me/2021/01/07/metal-scratched-007/	node cong-cu/lay.mjs 3dtextures metal-scratched-007
stone-path-006	Stone Path 006	3dtextures.me	CC0 1.0	textures	archviz,Grass,ground,Moss,path,pathway,rock,Rocks,Stone,Substance Designer	https://drive.google.com/drive/folders/1XLVrY8ux3tjtZzEjq5T5tM8XunVlqYTm	https://3dtextures.me/2021/01/06/stone-path-006/	node cong-cu/lay.mjs 3dtextures stone-path-006
fabric-knitted-003	Fabric Knitted 003	3dtextures.me	CC0 1.0	textures	archviz,cloth,clothes,Fabric,knitted,Substance Designer,textile	https://drive.google.com/drive/folders/1ukb63bwHDn8aLH_Rcd5XzSL6eEx74oXk	https://3dtextures.me/2021/01/05/fabric-knitted-003/	node cong-cu/lay.mjs 3dtextures fabric-knitted-003
metal-iron-guard-003	Metal Iron Guard 003	3dtextures.me	CC0 1.0	textures	archviz,cast,fence,guard,iron,Metal,Substance Designer	https://drive.google.com/drive/folders/1rdhAc5NTN-DU5DWv7bFiRTEimrTYAZ9P	https://3dtextures.me/2021/01/04/metal-iron-guard-003/	node cong-cu/lay.mjs 3dtextures metal-iron-guard-003
fabric-tarp-001	Fabric Tarp 001	3dtextures.me	CC0 1.0	textures	archviz,cloth,clothes,Fabric,Substance Designer,tarp,textile	https://drive.google.com/drive/folders/1YAcJiXqQNQ01Cqd2JJyrj5FBk7UZQC2I	https://3dtextures.me/2021/01/01/fabric-tarp-001/	node cong-cu/lay.mjs 3dtextures fabric-tarp-001
metal-rusted-009	Metal Rusted 009	3dtextures.me	CC0 1.0	textures	archviz,Metal,Rusted,Substance Designer	https://drive.google.com/drive/folders/1YEa3hlw38z3ilntfkRUCl53zv_FUT0zl	https://3dtextures.me/2020/12/31/metal-rusted-009/	node cong-cu/lay.mjs 3dtextures metal-rusted-009
rope-001	Rope 001	3dtextures.me	CC0 1.0	textures	archviz,Fabric,Misc,rope,Substance Designer	https://drive.google.com/drive/folders/1k7ij12hx3aOrEzsoZWeLhLPGqm2PxzWN	https://3dtextures.me/2020/12/30/rope-001/	node cong-cu/lay.mjs 3dtextures rope-001
roof-tiles-schist-001	Roof Tiles Schist 001	3dtextures.me	CC0 1.0	textures	archviz,house,Rocks,Roof,schist,Stone,Substance Designer,Tiles	https://drive.google.com/drive/folders/1Asp4BWyTpUD6x35CR1R0qQDQl0s-yUCY	https://3dtextures.me/2020/12/29/roof-tiles-schist-001/	node cong-cu/lay.mjs 3dtextures roof-tiles-schist-001
fabric-wool-001	Fabric Wool 001	3dtextures.me	CC0 1.0	textures	archviz,cloth,clothes,Fabric,Substance Designer,textile,wool	https://drive.google.com/drive/folders/1RdBpTwbGrvfvz9vbPSomo80DQodHHi7u	https://3dtextures.me/2020/12/28/fabric-wool-001/	node cong-cu/lay.mjs 3dtextures fabric-wool-001
concrete-blocks-006	Concrete Blocks 006	3dtextures.me	CC0 1.0	textures	archviz,blocks,cement,Concrete,Substance Designer	https://drive.google.com/drive/folders/14mznwRHl-8yMj0g43y-7VReM3QRXq7mK	https://3dtextures.me/2020/12/25/concrete-blocks-006/	node cong-cu/lay.mjs 3dtextures concrete-blocks-006
wood-herringbone-tiles-003	Wood Herringbone Tiles 003	3dtextures.me	CC0 1.0	textures	archviz,Floor,herringbone,Substance Designer,Tiles,Wood	https://drive.google.com/drive/folders/1U1GBaxdPPyZf6vpPuJZZlrayoha09AKn	https://3dtextures.me/2020/12/24/wood-herringbone-tiles-003/	node cong-cu/lay.mjs 3dtextures wood-herringbone-tiles-003
metal-tiles-003	Metal Tiles 003	3dtextures.me	CC0 1.0	textures	archviz,Metal,Substance Designer,Tiles	https://drive.google.com/drive/folders/1VQXEI1yOIEUQafEfUbi2f-K5SrBgXz9P	https://3dtextures.me/2020/12/23/metal-tiles-003/	node cong-cu/lay.mjs 3dtextures metal-tiles-003
wood-ceiling-coffers-002	Wood Ceiling Coffers 002	3dtextures.me	CC0 1.0	textures	archviz,Ceiling,coffers,Substance Designer,Wood	https://drive.google.com/drive/folders/1ZmJjYbRJX2gWL-CZEAo_KA-T07QVxTTl	https://3dtextures.me/2020/12/22/wood-ceiling-coffers-002/	node cong-cu/lay.mjs 3dtextures wood-ceiling-coffers-002
metal-floor-001	Metal Floor 001	3dtextures.me	CC0 1.0	textures	archviz,Floor,Metal,Sci-fi,scifi,Substance Designer	https://drive.google.com/drive/folders/1XDh51617lbY57fdPV-vPt9mhRJYXkDK5	https://3dtextures.me/2020/12/21/metal-floor-001/	node cong-cu/lay.mjs 3dtextures metal-floor-001
leather-009	Leather 009	3dtextures.me	CC0 1.0	textures	archviz,cloth,Fabric,furniture,Leather,Organic,Substance Designer,textile,upholstery	https://drive.google.com/drive/folders/1jDe2FgfvaqfZEVSufWSf5o5nZoMhdC8h	https://3dtextures.me/2020/12/18/leather-009/	node cong-cu/lay.mjs 3dtextures leather-009
metal-iron-guard-002	Metal Iron Guard 002	3dtextures.me	CC0 1.0	textures	archviz,cast,guard,iron,Metal,Substance Designer	https://drive.google.com/drive/folders/1ufiyXJLU6YKWNmUe0uHGTkkjcnne6nCm	https://3dtextures.me/2020/12/17/metal-iron-guard-002/	node cong-cu/lay.mjs 3dtextures metal-iron-guard-002
wood-acoustic-panels-001	Wood Acoustic Panels 001	3dtextures.me	CC0 1.0	textures	acoustic,archviz,Misc,panels,Substance Designer,Wood	https://drive.google.com/drive/folders/1QdMjyiqPV-9nVJAuf_wndN05suM7LSGp	https://3dtextures.me/2020/12/16/wood-acoustic-panels-001/	node cong-cu/lay.mjs 3dtextures wood-acoustic-panels-001
concrete-blocks-005	Concrete Blocks 005	3dtextures.me	CC0 1.0	textures	archviz,blocks,cement,Concrete,Substance Designer,Wall	https://drive.google.com/drive/folders/1eOoYb-Ss8wHCHIjre8JwAhQWv3MSp-BN	https://3dtextures.me/2020/12/15/concrete-blocks-005/	node cong-cu/lay.mjs 3dtextures concrete-blocks-005
tiles-039	Tiles 039	3dtextures.me	CC0 1.0	textures	archviz,ceramic,moroccan,Substance Designer,Tiles	https://drive.google.com/drive/folders/1fWdGx1d951rJsJ7MncVpJfX2kMeMbLXJ	https://3dtextures.me/2020/12/14/tiles-039/	node cong-cu/lay.mjs 3dtextures tiles-039
wood-panel-002	Wood Panel 002	3dtextures.me	CC0 1.0	textures	archviz,panel,Substance Designer,Wood	https://drive.google.com/drive/folders/1K-uW7gCB7LwUR8DKFLiW0AAg4zaPjm-H	https://3dtextures.me/2020/12/11/wood-panel-002/	node cong-cu/lay.mjs 3dtextures wood-panel-002
metal-grill-017	Metal Grill 017	3dtextures.me	CC0 1.0	textures	archviz,grill,mesh,Metal,Substance Designer	https://drive.google.com/drive/folders/1fibOvYlcJUfrsuR-Q3uxzu5FWP6WR1cz	https://3dtextures.me/2020/12/10/metal-grill-017/	node cong-cu/lay.mjs 3dtextures metal-grill-017
metal-ceiling-vintage-001	Metal Ceiling Vintage 001	3dtextures.me	CC0 1.0	textures	archviz,Ceiling,Metal,Substance Designer,tin,vintage	https://drive.google.com/drive/folders/1jwhHCs2EjfNYD-JSmRxGJFpJxEzC4qyr	https://3dtextures.me/2020/12/09/metal-ceiling-vintage-001/	node cong-cu/lay.mjs 3dtextures metal-ceiling-vintage-001
fabric-quilt-005	Fabric Quilt 005	3dtextures.me	CC0 1.0	textures	archviz,bed,bedroom,cloth,clothes,Fabric,quilt,room,Substance Designer,textile	https://drive.google.com/drive/folders/1XV9UH8Aq04FTi4YwHt9KoAXA9_ZSxhDB	https://3dtextures.me/2020/12/08/fabric-quilt-005/	node cong-cu/lay.mjs 3dtextures fabric-quilt-005
wall-interior-001	Wall Interior 001	3dtextures.me	CC0 1.0	textures	archviz,house,interior,Substance Designer,Wall,Wallpaper	https://drive.google.com/drive/folders/1SWO366FVl_DxVXqOCoXY0DR3OEXj4lnJ	https://3dtextures.me/2020/12/07/wall-interior-001/	node cong-cu/lay.mjs 3dtextures wall-interior-001
roof-tiles-copper-001	Roof Tiles Copper 001	3dtextures.me	CC0 1.0	textures	archviz,copper,metalic,Roof,shingles,Substance Designer,Tiles	https://drive.google.com/drive/folders/12yi6hLj34dT2p4v9Yis5BhKeg5hOxNqx	https://3dtextures.me/2020/12/04/roof-tiles-copper-001/	node cong-cu/lay.mjs 3dtextures roof-tiles-copper-001
wood-tiles-003	Wood Tiles 003	3dtextures.me	CC0 1.0	textures	archviz,Floor,ground,Substance Designer,Tiles,Wood	https://drive.google.com/drive/folders/1j9QbiU7-NmzLtGuj_MQE64_ewbxH6Eg4	https://3dtextures.me/2020/12/03/wood-tiles-003/	node cong-cu/lay.mjs 3dtextures wood-tiles-003
fabric-sequin-001	Fabric Sequin 001	3dtextures.me	CC0 1.0	textures	archviz,cloth,clothes,Fabric,sequin,Substance Designer,textile	https://drive.google.com/drive/folders/1T4tXK-RCUYikN7R0pJCAgP_TnHLKvY5z	https://3dtextures.me/2020/12/02/fabric-sequin-001/	node cong-cu/lay.mjs 3dtextures fabric-sequin-001
leather-weave-002	Leather Weave 002	3dtextures.me	CC0 1.0	textures	Animal,archviz,Fabric,Leather,Organic,Substance Designer,weave	https://drive.google.com/drive/folders/1Gg88CbWRNJ4-sF0Pg6O3ooeonG8zNZQs	https://3dtextures.me/2020/12/01/leather-weave-002/	node cong-cu/lay.mjs 3dtextures leather-weave-002
metal-mesh-004	Metal Mesh 004	3dtextures.me	CC0 1.0	textures	archviz,mesh,Metal,Sci-fi,scifi,Substance Designer	https://drive.google.com/drive/folders/1KPyEh1PM3tPE8vHX5Xzlfm2yFKUe57uN	https://3dtextures.me/2020/11/30/metal-mesh-004/	node cong-cu/lay.mjs 3dtextures metal-mesh-004
stylized-lava-rocks-001	Stylized Lava Rocks 001	3dtextures.me	CC0 1.0	textures	archviz,handpainted,Lava,Rocks,stylized,Substance Designer	https://drive.google.com/drive/folders/1kN_zJ7gQNKveKmg2-MsbLHS-CDsI3NPZ	https://3dtextures.me/2020/11/27/stylized-lava-rocks-001/	node cong-cu/lay.mjs 3dtextures stylized-lava-rocks-001
metal-guard-001	Metal Guard 001	3dtextures.me	CC0 1.0	textures	archviz,decorative,iron,Metal,Substance Designer	https://drive.google.com/drive/folders/1iQsjSsiyq1CJYommm-bj6y0Job_yd-s7	https://3dtextures.me/2020/11/26/metal-guard-001/	node cong-cu/lay.mjs 3dtextures metal-guard-001
bamboo-lattice-001	Bamboo Lattice 001	3dtextures.me	CC0 1.0	textures	archviz,Bamboo,lattice,mesh,Substance Designer,Wood	https://drive.google.com/drive/folders/1c032HdKZkOwHVOZqp_3kmbB1weRHUuvk	https://3dtextures.me/2020/11/25/bamboo-lattice-001/	node cong-cu/lay.mjs 3dtextures bamboo-lattice-001
stylized-wood-shingles-001	Stylized Wood Shingles 001	3dtextures.me	CC0 1.0	textures	archviz,Ceiling,handpainted,Roof,shingles,stylized,Substance Designer,Tiles,Wood	https://drive.google.com/drive/folders/1TsVtvlSzuQVTIOm6vDpzKGaSmQUko21o	https://3dtextures.me/2020/11/24/stylized-wood-shingles-001/	node cong-cu/lay.mjs 3dtextures stylized-wood-shingles-001
tiles-terracotta-004	Tiles Terracotta 004	3dtextures.me	CC0 1.0	textures	archviz,Floor,ground,Substance Designer,terracotta,Tiles	https://drive.google.com/drive/folders/1v9GD3xd52_wYrtd_iuI5LgFpE3lmb9Bh	https://3dtextures.me/2020/11/23/tiles-terracotta-004/	node cong-cu/lay.mjs 3dtextures tiles-terracotta-004
sci-fi-metal-mesh-001	Sci-fi Metal Mesh 001	3dtextures.me	CC0 1.0	textures	archviz,mesh,Metal,Sci-fi,scifi,Substance Designer	https://drive.google.com/drive/folders/17iUGXz0DX50cmIUztX1yVpdmr_NKIK5c	https://3dtextures.me/2020/11/20/sci-fi-metal-mesh-001/	node cong-cu/lay.mjs 3dtextures sci-fi-metal-mesh-001
subway-tiles-002	Subway Tiles 002	3dtextures.me	CC0 1.0	textures	archviz,ceramic,Substance Designer,subway,Tiles	https://drive.google.com/drive/folders/1hbi-l5CJFieuk0Y7PIRO23d3NQ3yNIpz	https://3dtextures.me/2020/11/19/subway-tiles-002/	node cong-cu/lay.mjs 3dtextures subway-tiles-002
sci-fi-door-001	Sci-fi Door 001	3dtextures.me	CC0 1.0	textures	archviz,door,Metal,Misc,Sci-fi,scifi,Substance Designer	https://drive.google.com/drive/folders/1U_-Ar5onwrEzhN15Qj8jAiyajM_kjYog	https://3dtextures.me/2020/11/18/sci-fi-door-001/	node cong-cu/lay.mjs 3dtextures sci-fi-door-001
metal-fan-001	Metal Fan 001	3dtextures.me	CC0 1.0	textures	archviz,fan,Metal,Misc,Sci-fi,scifi,Substance Designer	https://drive.google.com/drive/folders/12e9wC0WerqZBg7wrbLmyLQ-HNBrmuMxx	https://3dtextures.me/2020/11/17/metal-fan-001/	node cong-cu/lay.mjs 3dtextures metal-fan-001
griptape-001	Griptape 001	3dtextures.me	CC0 1.0	textures	archviz,griptape,Misc,sandpaper,Substance Designer	https://drive.google.com/drive/folders/1X7SPtqRwm9oYT-BP1CAoBwyluoG4tezt	https://3dtextures.me/2020/11/16/griptape-001/	node cong-cu/lay.mjs 3dtextures griptape-001
window-001	Window 001	3dtextures.me	CC0 1.0	textures	archviz,building,glass,Metal,Misc,Substance Designer,window	https://drive.google.com/drive/folders/1y3QXBNtI5cRBjsdzZjNYj_9Sw3Gcl1wz	https://3dtextures.me/2020/11/13/window-001/	node cong-cu/lay.mjs 3dtextures window-001
pebbles-025	Pebbles 025	3dtextures.me	CC0 1.0	textures	archviz,ground,Pebbles,Rocks,stones,Substance Designer	https://drive.google.com/drive/folders/1ktNYnCu-qUtHWOHU7BrC6m705WAmIeHU	https://3dtextures.me/2020/11/12/pebbles-025/	node cong-cu/lay.mjs 3dtextures pebbles-025
roof-tiles-stone-001	Roof Tiles Stone 001	3dtextures.me	CC0 1.0	textures	archviz,Moss,Rocks,Roof,Stone,Substance Designer,Tiles	https://drive.google.com/drive/folders/1rhBrAvk0m2efwm1ahTJO2lbqkyp9PzMU	https://3dtextures.me/2020/11/11/roof-tiles-stone-001/	node cong-cu/lay.mjs 3dtextures roof-tiles-stone-001
tiles-038	Tiles 038	3dtextures.me	CC0 1.0	textures	archviz,bathroom,ceramic,geometric,kitchen,Substance Designer,Tiles	https://drive.google.com/drive/folders/1xXzsc4mS2Kv1cE5Fk3py4oUKDD26co3B	https://3dtextures.me/2020/11/10/tiles-038/	node cong-cu/lay.mjs 3dtextures tiles-038
metal-mesh-003	Metal Mesh 003	3dtextures.me	CC0 1.0	textures	archviz,mesh,Metal,plate,Sci-fi,scifi,Substance Designer	https://drive.google.com/drive/folders/1sg1S0Mz7M8pArGfMLSkq2jx365JXysLA	https://3dtextures.me/2020/11/09/metal-mesh-003/	node cong-cu/lay.mjs 3dtextures metal-mesh-003
metal-plate-046	Metal Plate 046	3dtextures.me	CC0 1.0	textures	archviz,Metal,plate,Sci-fi,scifi,Substance Designer	https://drive.google.com/drive/folders/1xF9u30CJ8JK4_pwJxTu2aSHrooB4rSpk	https://3dtextures.me/2020/11/06/metal-plate-046/	node cong-cu/lay.mjs 3dtextures metal-plate-046
wall-stone-017	Wall Stone 017	3dtextures.me	CC0 1.0	textures	archviz,Rocks,Stone,Substance Designer,Wall	https://drive.google.com/drive/folders/1IXAbndeIkhFhyKUInI6tOykCC-QLfDWe	https://3dtextures.me/2020/11/05/wall-stone-017/	node cong-cu/lay.mjs 3dtextures wall-stone-017
tiles-moroccan-002	Tiles Moroccan 002	3dtextures.me	CC0 1.0	textures	archviz,ceramic,moroccan,shell,Substance Designer,Tiles,Wall	https://drive.google.com/drive/folders/1Ikw-AnyafwB82wmvwAb4JAewRXvsg7_V	https://3dtextures.me/2020/11/04/tiles-moroccan-002/	node cong-cu/lay.mjs 3dtextures tiles-moroccan-002
concrete-wall-007	Concrete Wall 007	3dtextures.me	CC0 1.0	textures	archviz,Concrete,Substance Designer,Wall	https://drive.google.com/drive/folders/1QPoWtUhP6UvKqmiEJBcxt_o3ch26tfwb	https://3dtextures.me/2020/11/03/concrete-wall-007/	node cong-cu/lay.mjs 3dtextures concrete-wall-007
shell-wall-001	Shell Wall 001	3dtextures.me	CC0 1.0	textures	Animal,archviz,Concrete,Organic,shells,Substance Designer,Wall	https://drive.google.com/drive/folders/12-25mnEPacxhdYRUUjmfIC7XkPce3KE7	https://3dtextures.me/2020/11/02/shell-wall-001/	node cong-cu/lay.mjs 3dtextures shell-wall-001
ground-wet-rocks-002	Ground Wet Rocks 002	3dtextures.me	CC0 1.0	textures	archviz,Dirt,Floor,ground,mud,Pebbles,Rocks,Stone Floor,stones,Substance Designer,wet	https://drive.google.com/drive/folders/1hG6b68YVciQFn9tpYqrPMW4XAVCt8KzS	https://3dtextures.me/2020/10/30/ground-wet-rocks-002/	node cong-cu/lay.mjs 3dtextures ground-wet-rocks-002
pebbles-024	Pebbles 024	3dtextures.me	CC0 1.0	textures	archviz,Dirt,Floor,ground,Pebbles,Rocks,Stone Floor,stones,Substance Designer	https://drive.google.com/drive/folders/17RHB5dIHvO5__vK2QvLstdQgMpouxLYk	https://3dtextures.me/2020/10/29/pebbles-024/	node cong-cu/lay.mjs 3dtextures pebbles-024
metal-panel-008	Metal Panel 008	3dtextures.me	CC0 1.0	textures	archviz,Metal,metallic,panel,Sci-fi,scifi,Substance Designer,Wall	https://drive.google.com/drive/folders/1Uj5DtAtd0mf4ce9pOxOawWkeI_wYQwS-	https://3dtextures.me/2020/10/28/metal-panel-008/	node cong-cu/lay.mjs 3dtextures metal-panel-008
fabric-tartan-001	Fabric Tartan 001	3dtextures.me	CC0 1.0	textures	archviz,cloth,Fabric,Substance Designer,tartan,textile	https://drive.google.com/drive/folders/1LpLftf1J6mP88K5s_sQCH_vZ4tCRWrpe	https://3dtextures.me/2020/10/27/fabric-tartan-001/	node cong-cu/lay.mjs 3dtextures fabric-tartan-001
veins-001	Veins 001	3dtextures.me	CC0 1.0	textures	Animal,archviz,blood,human,Organic,Substance Designer,veins	https://drive.google.com/drive/folders/1-Dq4E7NhoKhycsjwwNMEH_wjKBseCSKD	https://3dtextures.me/2020/10/26/veins-001/	node cong-cu/lay.mjs 3dtextures veins-001
metal-rusted-008	Metal Rusted 008	3dtextures.me	CC0 1.0	textures	archviz,Metal,Rusted,Substance Designer	https://drive.google.com/drive/folders/16Z0FazyaleDCGlLM-L3_D88C4_7Plquu	https://3dtextures.me/2020/10/23/metal-rusted-008/	node cong-cu/lay.mjs 3dtextures metal-rusted-008
metal-plate-045	Metal Plate 045	3dtextures.me	CC0 1.0	textures	archviz,Metal,Substance Designer	https://drive.google.com/drive/folders/1NOMaHq9bgrRhzBwE2AAE8mZTeAWbHuEh	https://3dtextures.me/2020/10/22/metal-plate-045/	node cong-cu/lay.mjs 3dtextures metal-plate-045
metal-abstract-001	Metal Abstract 001	3dtextures.me	CC0 1.0	textures	Abstract,archviz,Metal,Substance Designer	https://drive.google.com/drive/folders/1WtVbq-4mna86ChlUzSsCRVnbI6zvlWID	https://3dtextures.me/2020/10/21/metal-abstract-001/	node cong-cu/lay.mjs 3dtextures metal-abstract-001
tiles-037	Tiles 037	3dtextures.me	CC0 1.0	textures	archviz,bathroom,ceramic,kitchen,Substance Designer,Tiles,Wall,wc	https://drive.google.com/drive/folders/1uMrUatkjs8sOMdV1skPB28rJ2gC2KQ8e	https://3dtextures.me/2020/10/20/tiles-037/	node cong-cu/lay.mjs 3dtextures tiles-037
fabric-030	Fabric 030	3dtextures.me	CC0 1.0	textures	archviz,cloth,clothes,Fabric,Substance Designer,textiles	https://drive.google.com/drive/folders/1gA88YJIw--F9-sjfaEcm7mk1SnnfYpeu	https://3dtextures.me/2020/10/19/fabric-030/	node cong-cu/lay.mjs 3dtextures fabric-030
stylized-tiles-001	Stylized Tiles 001	3dtextures.me	CC0 1.0	textures	archviz,ceramic,Floor,stylized,Substance Designer,terracotta,Tiles	https://drive.google.com/drive/folders/1pa4hXBZMATF37J1Iy-4wH6jr2qzRMP48	https://3dtextures.me/2020/10/16/stylized-tiles-001/	node cong-cu/lay.mjs 3dtextures stylized-tiles-001
sci-fi-floor-002	Sci-fi Floor 002	3dtextures.me	CC0 1.0	textures	archviz,Floor,Metal,Sci-fi,scifi,spaceship,Substance Designer	https://drive.google.com/drive/folders/1rC4giz7x5PpHzF0lyGtYweLOQ68iH9UO	https://3dtextures.me/2020/10/15/sci-fi-floor-002/	node cong-cu/lay.mjs 3dtextures sci-fi-floor-002
metal-hammered-002	Metal Hammered 002	3dtextures.me	CC0 1.0	textures	archviz,hammered,Metal,Substance Designer	https://drive.google.com/drive/folders/1QkWbn3-k_mpXwzUyVQ64McbmceV6glVS	https://3dtextures.me/2020/10/14/metal-hammered-002/	node cong-cu/lay.mjs 3dtextures metal-hammered-002
metal-corrugated-010	Metal Corrugated 010	3dtextures.me	CC0 1.0	textures	archviz,corrugated,Metal,Roof,Rusted,sheets,Substance Designer,Wall	https://drive.google.com/drive/folders/1HRS7G-O1LTkKU7RkGWr-6QXY_mwFkUW4	https://3dtextures.me/2020/10/13/metal-corrugated-010/	node cong-cu/lay.mjs 3dtextures metal-corrugated-010
plastic-rough-001	Plastic Rough 001	3dtextures.me	CC0 1.0	textures	archviz,Plastic,Rough,Substance Designer	https://drive.google.com/drive/folders/14B0jRjF3zNEWSL736JiUJcXCobWTArqt	https://3dtextures.me/2020/10/12/plastic-rough-001/	node cong-cu/lay.mjs 3dtextures plastic-rough-001
wood-herringbone-tiles-002	Wood Herringbone Tiles 002	3dtextures.me	CC0 1.0	textures	archviz,Floor,ground,grounding,herringbone,Substance Designer,Tiles,Wood	https://drive.google.com/drive/folders/1_jCRgXfcocRP0DLuO_ja9LNBen2rZtOp	https://3dtextures.me/2020/10/09/wood-herringbone-tiles-002/	node cong-cu/lay.mjs 3dtextures wood-herringbone-tiles-002
fabric-rug-007	Fabric Rug 007	3dtextures.me	CC0 1.0	textures	archviz,carpet,cloth,clothes,Fabric,Floor,Rug,Substance Designer,textile	https://drive.google.com/drive/folders/1GDRzOCVLS6Nf__J4el5y3sTuz250-Ju0	https://3dtextures.me/2020/10/08/fabric-rug-007/	node cong-cu/lay.mjs 3dtextures fabric-rug-007
sci-fi-wall-007	Sci-fi Wall 007	3dtextures.me	CC0 1.0	textures	archviz,Metal,metallic,Sci-fi,scifi,spaceship,Substance Designer,Wall	https://drive.google.com/drive/folders/1XxPKW8QL_daQjO5LGC6NXr1P_T4vMKzE	https://3dtextures.me/2020/10/07/sci-fi-wall-007/	node cong-cu/lay.mjs 3dtextures sci-fi-wall-007
terracotta-tiles-004	Terracotta Tiles 004	3dtextures.me	CC0 1.0	textures	archviz,Floor,ground,Substance Designer,terracotta,Tiles	https://drive.google.com/drive/folders/1t9_42rKB2YZFukzQpn9IsSnrODxoCPwG	https://3dtextures.me/2020/10/06/terracotta-tiles-004/	node cong-cu/lay.mjs 3dtextures terracotta-tiles-004
fabric-quilt-004	Fabric Quilt 004	3dtextures.me	CC0 1.0	textures	archviz,cloth,clothes,Fabric,quilt,Substance Designer,textile	https://drive.google.com/drive/folders/1nf0VoGdyGIDhbhVMU6-8n4Mq9PxKYOKc	https://3dtextures.me/2020/10/05/fabric-quilt-004/	node cong-cu/lay.mjs 3dtextures fabric-quilt-004
plastic-safety-fence-001	Plastic Safety Fence 001	3dtextures.me	CC0 1.0	textures	archviz,construction,fence,Plastic,safety,Substance Designer,warning	https://drive.google.com/drive/folders/1tt-tEAyNgRkLBTG61E3rpLy9ghk_4KOF	https://3dtextures.me/2020/10/02/plastic-safety-fence-001/	node cong-cu/lay.mjs 3dtextures plastic-safety-fence-001
metal-mesh-002	Metal Mesh 002	3dtextures.me	CC0 1.0	textures	archviz,Floor,mesh,Metal,Sci-fi,scifi,spaceship,Substance Designer	https://drive.google.com/drive/folders/1lMEPWrqTOmwQ00Lw5441Qb6PGeOD90SW	https://3dtextures.me/2020/10/01/metal-mesh-002/	node cong-cu/lay.mjs 3dtextures metal-mesh-002
sci-fi-floor-001	Sci-fi Floor 001	3dtextures.me	CC0 1.0	textures	archviz,Floor,Metal,Sci-fi,scifi,spaceship,Substance Designer	https://drive.google.com/drive/folders/1Zfk4x2oSeSRsxnxcRN3SzHxkjuF1Dnnd	https://3dtextures.me/2020/09/30/sci-fi-floor-001/	node cong-cu/lay.mjs 3dtextures sci-fi-floor-001
tiles-moroccan-001	Tiles Moroccan 001	3dtextures.me	CC0 1.0	textures	archviz,bathroom,ceramic,kitchen,moroccan,Substance Designer,Tiles	https://drive.google.com/drive/folders/1Xe9kjfm7h52FBnifYhvQrpJO0W39CgiR	https://3dtextures.me/2020/09/29/tiles-moroccan-001/	node cong-cu/lay.mjs 3dtextures tiles-moroccan-001
concrete-blocks-004	Concrete Blocks 004	3dtextures.me	CC0 1.0	textures	archviz,blocks,Concrete,Floor,ground,sidewalk,Substance Designer	https://drive.google.com/drive/folders/1Z0n3OsEH7yj2Q4XWqozLQ_NFpOF_tbxL	https://3dtextures.me/2020/09/28/concrete-blocks-004/	node cong-cu/lay.mjs 3dtextures concrete-blocks-004
sci-fi-wall-006	Sci-Fi Wall 006	3dtextures.me	CC0 1.0	textures	archviz,cables,Sci-fi,scifi,spaceship,Substance Designer,Wall	https://drive.google.com/drive/folders/1i5qZjnsCDHRiIu55L4QctXZgCCmsB8Wh	https://3dtextures.me/2020/09/25/sci-fi-wall-006/	node cong-cu/lay.mjs 3dtextures sci-fi-wall-006
fabric-lace-003	Fabric Lace 003	3dtextures.me	CC0 1.0	textures	archviz,cloth,clothes,Fabric,lingerie,polyester,Substance Designer,tear,textile,underwear	https://drive.google.com/drive/folders/1V60aK3zZgx6bS7J24M7UBQ0GobMzqqJo	https://3dtextures.me/2020/09/24/fabric-lace-003/	node cong-cu/lay.mjs 3dtextures fabric-lace-003
fabric-polyester-004	Fabric Polyester 004	3dtextures.me	CC0 1.0	textures	archviz,cloth,clothes,Fabric,Padded,polyester,Sci-fi,scifi,Substance Designer,tear,textile	https://drive.google.com/drive/folders/1D2N1nhS2asWlVzhBuCSFDWLr5s7ZpXMX	https://3dtextures.me/2020/09/23/fabric-polyester-004/	node cong-cu/lay.mjs 3dtextures fabric-polyester-004
fabric-padded-polyester-002	Fabric Padded Polyester 002	3dtextures.me	CC0 1.0	textures	archviz,cloth,clothes,Fabric,Padded,Sci-fi,scifi,Substance Designer,textile	https://drive.google.com/drive/folders/1YgSq_RvgccacOL6KOi6puNurReyCfFYt	https://3dtextures.me/2020/09/22/fabric-padded-polyester-002/	node cong-cu/lay.mjs 3dtextures fabric-padded-polyester-002
glass-stained-001	Glass Stained 001	3dtextures.me	CC0 1.0	textures	archviz,church,glass,Metal,stained,Substance Designer,window	https://drive.google.com/drive/folders/15q4JWgvOFPR3Cpf_ixGBaw-UX32dxHTI	https://3dtextures.me/2020/09/21/glass-stained-001/	node cong-cu/lay.mjs 3dtextures glass-stained-001
stylized-crate-001	Stylized Crate 001	3dtextures.me	CC0 1.0	textures	archviz,crate,handpainted,stylized,Substance Designer,Wood	https://drive.google.com/drive/folders/1aL5FywCnBOxLbUWI0JWubh23WwQ4lBkr	https://3dtextures.me/2020/09/18/stylized-crate-001/	node cong-cu/lay.mjs 3dtextures stylized-crate-001
brick-wall-019	Brick Wall 019	3dtextures.me	CC0 1.0	textures	archviz,Brick,Substance Designer,terracotta,Wall	https://drive.google.com/drive/folders/1Fdl8NE7o-tEc8NgetfLGB14G5EMTT_Ok	https://3dtextures.me/2020/09/17/brick-wall-019/	node cong-cu/lay.mjs 3dtextures brick-wall-019
plastic-tubes-001	Plastic Tubes 001	3dtextures.me	CC0 1.0	textures	archviz,Dirt,Plastic,pvc,Sci-fi,Substance Designer,tubes	https://drive.google.com/drive/folders/1qK0OMRMPYaOoxPoK4-rtUElUBKx6FmaH	https://3dtextures.me/2020/09/16/plastic-tubes-001/	node cong-cu/lay.mjs 3dtextures plastic-tubes-001
pebbles-wall-001	Pebbles Wall 001	3dtextures.me	CC0 1.0	textures	archviz,Pebbles,rock,Rocks,Stone,Substance Designer,Wall	https://drive.google.com/drive/folders/1-w0zZoSbst3FsPGnE9JX-L3RMJuHHOZ6	https://3dtextures.me/2020/09/15/pebbles-wall-001/	node cong-cu/lay.mjs 3dtextures pebbles-wall-001
tiles-036	Tiles 036	3dtextures.me	CC0 1.0	textures	archviz,bathroom,ceramic,kitchen,Substance Designer,Tiles	https://drive.google.com/drive/folders/18vtMO_9KfXvdS_BUove2WMW9qfM_Jy9k	https://3dtextures.me/2020/09/14/tiles-036/	node cong-cu/lay.mjs 3dtextures tiles-036
concrete-ceiling-001	Concrete Ceiling 001	3dtextures.me	CC0 1.0	textures	archviz,Ceiling,cement,Concrete,Substance Designer	https://drive.google.com/drive/folders/1VwYZTsOTVyOJ1YWwXQEj93W-8J2Afh3d	https://3dtextures.me/2020/09/11/concrete-ceiling-001/	node cong-cu/lay.mjs 3dtextures concrete-ceiling-001
wood-panel-001	Wood Panel 001	3dtextures.me	CC0 1.0	textures	archviz,Metal,Substance Designer,Wall,Wood	https://drive.google.com/drive/folders/1bqrDHvHkx0aPLJKNNH5K0rmHx-HCLyep	https://3dtextures.me/2020/09/10/wood-panel-001/	node cong-cu/lay.mjs 3dtextures wood-panel-001
sci-fi-wall-005	Sci-Fi Wall 005	3dtextures.me	CC0 1.0	textures	archviz,cloth,Fabric,Metal,Sci-fi,scifi,Substance Designer,textile,Wall	https://drive.google.com/drive/folders/1-9Iqrt4-Kh7avx7w5j6CIBKW9c_cyP2G	https://3dtextures.me/2020/09/09/sci-fi-wall-005/	node cong-cu/lay.mjs 3dtextures sci-fi-wall-005
stylized-leaves-002	Stylized Leaves 002	3dtextures.me	CC0 1.0	textures	archviz,Foliage,handpainted,leaves,Organic,stylized,Substance Designer,Vegetable	https://drive.google.com/drive/folders/1LaKGlkKtQkmEqxiRiyJomd6fSUloPcCi	https://3dtextures.me/2020/09/08/stylized-leaves-002/	node cong-cu/lay.mjs 3dtextures stylized-leaves-002
concrete-wall-006	Concrete Wall 006	3dtextures.me	CC0 1.0	textures	archviz,cement,Concrete,Substance Designer,Wall	https://drive.google.com/drive/folders/1Nh8SGZYMOgZb3r2yACFF8PlFfnHoI7_b	https://3dtextures.me/2020/09/07/concrete-wall-006/	node cong-cu/lay.mjs 3dtextures concrete-wall-006
fabric-burlap-004	Fabric Burlap 004	3dtextures.me	CC0 1.0	textures	archviz,burlap,cloth,clothes,Fabric,Substance Designer,textile	https://drive.google.com/drive/folders/1GBWEZv8Thevs7Z-iB5jgBadrWCS2XZ_d	https://3dtextures.me/2020/09/04/fabric-burlap-004/	node cong-cu/lay.mjs 3dtextures fabric-burlap-004
stylized-stone-floor-002	Stylized Stone Floor 002	3dtextures.me	CC0 1.0	textures	archviz,Floor,ground,Stone Floor,stylized,Substance Designer	https://drive.google.com/drive/folders/1k1D0PpEhecT4ew5FGHjoShHwD9cAdBIz	https://3dtextures.me/2020/09/03/stylized-stone-floor-002/	node cong-cu/lay.mjs 3dtextures stylized-stone-floor-002
stylized-book-001	Stylized Book 001	3dtextures.me	CC0 1.0	textures	archviz,asset,book,Misc,stylized,Substance Designer	https://drive.google.com/drive/folders/1UMoVYv1QW1odJokYpyh9zNPKNfJYC4o2	https://3dtextures.me/2020/09/02/stylized-book-001/	node cong-cu/lay.mjs 3dtextures stylized-book-001
pebbles-023	Pebbles 023	3dtextures.me	CC0 1.0	textures	archviz,ground,Pebbles,Rocks,Stone Floor,stones,Substance Designer	https://drive.google.com/drive/folders/1wasbYrE-WmZtokD-6pK41EHpUPO4TPnR	https://3dtextures.me/2020/09/01/pebbles-023/	node cong-cu/lay.mjs 3dtextures pebbles-023
bark-006	Bark 006	3dtextures.me	CC0 1.0	textures	archviz,Bark,Organic,Substance Designer,tree,Vegetable,Wood	https://drive.google.com/drive/folders/1a92GftDkQNJsz3IN4gAJvNTQoHRf-EWH	https://3dtextures.me/2020/08/31/bark-006/	node cong-cu/lay.mjs 3dtextures bark-006
grass-005	Grass 005	3dtextures.me	CC0 1.0	textures	archviz,Floor,Foliage,Grass,ground,Organic,Substance Designer,Vegetable	https://drive.google.com/drive/folders/1dPqdOUq403UULSAyGQ--wEGfctGQazUM	https://3dtextures.me/2020/08/28/grass-005/	node cong-cu/lay.mjs 3dtextures grass-005
glass-frosted-001	Glass Frosted 001	3dtextures.me	CC0 1.0	textures	archviz,frosted,glass,Substance Designer,window	https://drive.google.com/drive/folders/12CKCjxDxG1hDRQqdir5FjONIy3Iqd0Sq	https://3dtextures.me/2020/08/27/glass-frosted-001/	node cong-cu/lay.mjs 3dtextures glass-frosted-001
metal-grill-rusted-001	Metal Grill Rusted 001	3dtextures.me	CC0 1.0	textures	aged,archviz,grill,Metal,rust,Rusted,Substance Designer	https://drive.google.com/drive/folders/1dI6PkwNeY4DgIEABFOhavDH6A0dUeKP4	https://3dtextures.me/2020/08/26/metal-grill-rusted-001/	node cong-cu/lay.mjs 3dtextures metal-grill-rusted-001
stone-wall-016	Stone Wall 016	3dtextures.me	CC0 1.0	textures	archviz,rock,Rocks,Stone,Substance Designer,Wall	https://drive.google.com/drive/folders/1w03IEM-VrteriQcs9Q7gI0mnkE2ABP5E	https://3dtextures.me/2020/08/25/stone-wall-016/	node cong-cu/lay.mjs 3dtextures stone-wall-016
sea-rock-001	Sea Rock 001	3dtextures.me	CC0 1.0	textures	Animal,archviz,barnacles,ocean,Organic,rock,Rocks,sea,shellfish,Substance Designer	https://drive.google.com/drive/folders/1i8ITAJvBiu8AcNkRSdTgX9PCrwYqv4ED	https://3dtextures.me/2020/08/24/sea-rock-001/	node cong-cu/lay.mjs 3dtextures sea-rock-001
metal-plate-sci-fi-002	Metal Plate Sci-Fi 002	3dtextures.me	CC0 1.0	textures	archviz,Metal,panel,plate,Sci-fi,scifi,Substance Designer	https://drive.google.com/drive/folders/1WZ06RlomZUyWrYQVnqq2pMP3kMd253Xi	https://3dtextures.me/2020/08/21/metal-plate-sci-fi-002/	node cong-cu/lay.mjs 3dtextures metal-plate-sci-fi-002
stylized-metal-gate-001	Stylized Metal Gate 001	3dtextures.me	CC0 1.0	textures	archviz,gate,handpainted,Metal,stylized,Substance Designer	https://drive.google.com/drive/folders/1MpOT7nRz69dBklYG2VEuPDWL0mluUnS8	https://3dtextures.me/2020/08/20/stylized-metal-gate-001/	node cong-cu/lay.mjs 3dtextures stylized-metal-gate-001
railway-track-001	Railway Track 001	3dtextures.me	CC0 1.0	textures	archviz,Metal,Misc,railway,Substance Designer,track,train,Wood	https://drive.google.com/drive/folders/1CMh0U1C8eZfQu0gZ4EorFSt3CA5bFM_z	https://3dtextures.me/2020/08/19/railway-track-001/	node cong-cu/lay.mjs 3dtextures railway-track-001
surface-imperfection-dirt-001	Surface Imperfection Dirt 001	3dtextures.me	CC0 1.0	textures	archviz,Dirt,imperfection,Substance Designer,surface,surface imperfections	https://drive.google.com/drive/folders/1DDVyN5zC5HfXadf3yFKmSmeHrPojRj17	https://3dtextures.me/2020/08/18/surface-imperfection-dirt-001/	node cong-cu/lay.mjs 3dtextures surface-imperfection-dirt-001
pebbles-022	Pebbles 022	3dtextures.me	CC0 1.0	textures	archviz,gravel,ground,pathway,Pebbles,rock,Rocks,Stone,Substance Designer	https://drive.google.com/drive/folders/1oOw-XRchACy0qDyta6saUQT0p3wnEtVQ	https://3dtextures.me/2020/08/17/pebbles-022/	node cong-cu/lay.mjs 3dtextures pebbles-022
warning-plate-biohazard	Warning Plate Biohazard	3dtextures.me	CC0 1.0	textures	archviz,biohazard,Metal,plate,Substance Designer,warning	https://drive.google.com/drive/folders/15e41soiJsgyEsNMTbQ50cFKFD76XA6tm	https://3dtextures.me/2020/08/14/warning-plate-biohazard/	node cong-cu/lay.mjs 3dtextures warning-plate-biohazard
fabric-029	Fabric 029	3dtextures.me	CC0 1.0	textures	archviz,cloth,clothes,drapes,Fabric,furniture,Substance Designer,textile	https://drive.google.com/drive/folders/1Izc0BHQFZMy7XRswdNq0Jcu8gf8PashD	https://3dtextures.me/2020/08/13/fabric-029/	node cong-cu/lay.mjs 3dtextures fabric-029
metal-painted-002	Metal Painted 002	3dtextures.me	CC0 1.0	textures	archviz,Metal,painted,Substance Designer	https://drive.google.com/drive/folders/1ykzlm-UiXajP7CB4nLIv9Ekiy1pXr1KJ	https://3dtextures.me/2020/08/12/metal-painted-002/	node cong-cu/lay.mjs 3dtextures metal-painted-002
stylized-rocks-002	Stylized Rocks 002	3dtextures.me	CC0 1.0	textures	archviz,Floor,ground,handpainted,rock,Rocks,Stone,Stone Floor,stylized,Substance Designer	https://drive.google.com/drive/folders/1RMi4E_dYXR71t4mSAJmRS2T55s-K5ewW	https://3dtextures.me/2020/08/11/stylized-rocks-002/	node cong-cu/lay.mjs 3dtextures stylized-rocks-002
fabric-028	Fabric 028	3dtextures.me	CC0 1.0	textures	archviz,cloth,clothes,Fabric,Substance Designer,textile,weave,wool	https://drive.google.com/drive/folders/1XrTv1cnMEU2maL_SeBfwYLONy8Hbij9D	https://3dtextures.me/2020/08/10/fabric-028/	node cong-cu/lay.mjs 3dtextures fabric-028
ground-wet-rocks-001	Ground Wet Rocks 001	3dtextures.me	CC0 1.0	textures	archviz,Dirt,Floor,ground,path,Rocks,Substance Designer,wet	https://drive.google.com/drive/folders/1oEOvYsCO6r-ZkHBGAZzQE-IeE8KmnV4W	https://3dtextures.me/2020/08/07/ground-wet-rocks-001/	node cong-cu/lay.mjs 3dtextures ground-wet-rocks-001
fabric-mesh-military-001	Fabric Mesh Military 001	3dtextures.me	CC0 1.0	textures	archviz,army,cloth,Fabric,mesh,military,net,Substance Designer,textile	https://drive.google.com/drive/folders/1pxFNpk6z7ZXdtZfdJEf0oAqR-S7lDkPj	https://3dtextures.me/2020/08/06/fabric-mesh-military-001/	node cong-cu/lay.mjs 3dtextures fabric-mesh-military-001
wood-herringbone-tiles-001	Wood Herringbone Tiles 001	3dtextures.me	CC0 1.0	textures	archviz,Floor,herringbone,Substance Designer,Tiles,Wood	https://drive.google.com/drive/folders/1jR2KT8_ci-6P49C8h0Q9zMxI18-DAxii	https://3dtextures.me/2020/08/05/wood-herringbone-tiles-001/	node cong-cu/lay.mjs 3dtextures wood-herringbone-tiles-001
metal-grill-016	Metal Grill 016	3dtextures.me	CC0 1.0	textures	archviz,grill,Metal,Sci-fi,scifi,Substance Designer	https://drive.google.com/drive/folders/1Poz2_GLenpeZqFdFe2djGh-VfeFoy6_I	https://3dtextures.me/2020/08/04/metal-grill-016/	node cong-cu/lay.mjs 3dtextures metal-grill-016
marble-white-006	Marble White 006	3dtextures.me	CC0 1.0	textures	archviz,bathroom,kitchen,Marble,Rocks,Stone,Substance Designer,wc	https://drive.google.com/drive/folders/1-Iz5Bjphb8-eIuRBoHQnlIzWDol9dP81	https://3dtextures.me/2020/08/03/marble-white-006/	node cong-cu/lay.mjs 3dtextures marble-white-006
sci-fi-wall-004	Sci-Fi Wall 004	3dtextures.me	CC0 1.0	textures	archviz,cloth,Fabric,Metal,Sci-fi,scifi,Substance Designer,textile,Wall	https://drive.google.com/drive/folders/1Kn2IAMawB7ZyB17nL-rqRh1tlyyftx6t	https://3dtextures.me/2020/07/31/sci-fi-wall-004/	node cong-cu/lay.mjs 3dtextures sci-fi-wall-004
metal-grill-015	Metal Grill 015	3dtextures.me	CC0 1.0	textures	archviz,grill,Metal,plate,Sci-fi,scifi,Substance Designer	https://drive.google.com/drive/folders/1WjM4TW1UYAFqwOa2iXEsd2xAxxCO4u0M	https://3dtextures.me/2020/07/30/metal-grill-015/	node cong-cu/lay.mjs 3dtextures metal-grill-015
metal-pitted-001	Metal Pitted 001	3dtextures.me	CC0 1.0	textures	archviz,Metal,pitted,rust,rusty,Substance Designer	https://drive.google.com/drive/folders/1zty7uPmWt8cJDVAvinsazEVFZK6683gB	https://3dtextures.me/2020/07/29/metal-pitted-001/	node cong-cu/lay.mjs 3dtextures metal-pitted-001
stylized-grass-002	Stylized Grass 002	3dtextures.me	CC0 1.0	textures	archviz,Grass,ground,Organic,stylized,Substance Designer,Vegetable	https://drive.google.com/drive/folders/1d8CQmkuWPgVmISURapn5BMTIcLk_K4op	https://3dtextures.me/2020/07/28/stylized-grass-002/	node cong-cu/lay.mjs 3dtextures stylized-grass-002
stylized-wood-fence-001	Stylized Wood Fence 001	3dtextures.me	CC0 1.0	textures	archviz,fence,stylized,Substance Designer,Wood	https://drive.google.com/drive/folders/17t3hYc09lGN8KZSLziB1FvYopt5IlsVv	https://3dtextures.me/2020/07/27/stylized-wood-fence-001/	node cong-cu/lay.mjs 3dtextures stylized-wood-fence-001
fabric-vinyl-001	Fabric Vinyl 001	3dtextures.me	CC0 1.0	textures	archviz,cloth,clothes,Fabric,Substance Designer,textile,vinyl	https://drive.google.com/drive/folders/1JOlD1GEDK2Rs8-vOywGQUra7FIapCg6y	https://3dtextures.me/2020/07/24/fabric-vinyl-001/	node cong-cu/lay.mjs 3dtextures fabric-vinyl-001
metal-grill-014	Metal Grill 014	3dtextures.me	CC0 1.0	textures	archviz,fence,gate,grill,Metal,Substance Designer	https://drive.google.com/drive/folders/12scIGdZfDw2jefVVr3MYITdIJD6Yxxo-	https://3dtextures.me/2020/07/23/metal-grill-014/	node cong-cu/lay.mjs 3dtextures metal-grill-014
stylized-wood-planks-001	Stylized Wood Planks 001	3dtextures.me	CC0 1.0	textures	archviz,handpainted,planks,stylized,Substance Designer,Wood	https://drive.google.com/drive/folders/1o2p75tlio_tPr_rQYLy_LOzqMe2mpzeh	https://3dtextures.me/2020/07/22/stylized-wood-planks-001/	node cong-cu/lay.mjs 3dtextures stylized-wood-planks-001
concrete-blocks-003	Concrete Blocks 003	3dtextures.me	CC0 1.0	textures	archviz,blocks,Concrete,ground,pavement,Substance Designer	https://drive.google.com/drive/folders/1KQ7zDUvab8hDAptaEOXRY_o8Jfo-k-p-	https://3dtextures.me/2020/07/21/concrete-blocks-003/	node cong-cu/lay.mjs 3dtextures concrete-blocks-003
metal-plate-044	Metal Plate 044	3dtextures.me	CC0 1.0	textures	archviz,Metal,plate,Sci-fi,scifi,Substance Designer	https://drive.google.com/drive/folders/1wGne3BtigAqz0wbPQFvd3qoPDxFbD3Fz	https://3dtextures.me/2020/07/20/metal-plate-044/	node cong-cu/lay.mjs 3dtextures metal-plate-044
surface-imperfection-001	Surface Imperfection 001	3dtextures.me	CC0 1.0	textures	archviz,imperfection,Substance Designer,surface,surface imperfections	https://drive.google.com/drive/folders/191u7SrPwdC_dmFhhSgyQV2qvnQC83f5D	https://3dtextures.me/2020/07/17/surface-imperfection-001/	node cong-cu/lay.mjs 3dtextures surface-imperfection-001
stylized-stone-floor-001	Stylized Stone Floor 001	3dtextures.me	CC0 1.0	textures	archviz,Floor,ground,Stone Floor,stylized,Substance Designer	https://drive.google.com/drive/folders/1V0UVB7Sv1Ydj-kkqrTO2fs662D-8ZsbW	https://3dtextures.me/2020/07/16/stylized-stone-floor-001/	node cong-cu/lay.mjs 3dtextures stylized-stone-floor-001
glass-window-002	Glass Window 002	3dtextures.me	CC0 1.0	textures	archviz,glass,Metal,Substance Designer,window	https://drive.google.com/drive/folders/1AlPhTMrOpDp7OLeJtsr_ybbAsANiR3-M	https://3dtextures.me/2020/07/15/glass-window-002/	node cong-cu/lay.mjs 3dtextures glass-window-002
stylized-layered-rock-001	Stylized Layered Rock 001	3dtextures.me	CC0 1.0	textures	archviz,rock,Rocks,Stone,stylized,Substance Designer	https://drive.google.com/drive/folders/1l-lF63d75gjtZi0y5dEnE6cRNiKWu149	https://3dtextures.me/2020/07/14/stylized-layered-rock-001/	node cong-cu/lay.mjs 3dtextures stylized-layered-rock-001
metal-plate-rusted-001	Metal Plate Rusted 001	3dtextures.me	CC0 1.0	textures	archviz,Metal,plate,Rusted,Sci-fi,scifi,Substance Designer	https://drive.google.com/drive/folders/1NGF5HW4J1NXMj7cRTLgsyQiKbj7JAn2f	https://3dtextures.me/2020/07/13/metal-plate-rusted-001/	node cong-cu/lay.mjs 3dtextures metal-plate-rusted-001
metal-grill-013	Metal Grill 013	3dtextures.me	CC0 1.0	textures	archviz,grill,Metal,Sci-fi,scifi,Substance Designer	https://drive.google.com/drive/folders/1LTyG81HAzW5CGa_r07_vyc79zkMb0wI3	https://3dtextures.me/2020/07/10/metal-grill-013/	node cong-cu/lay.mjs 3dtextures metal-grill-013
terracotta-bricks-002	Terracotta Bricks 002	3dtextures.me	CC0 1.0	textures	archviz,Brick,bricks,Substance Designer,terracotta,Wall	https://drive.google.com/drive/folders/1fgau0jOyayUw-1Pxz1USATs29DmswAOs	https://3dtextures.me/2020/07/09/terracotta-bricks-002/	node cong-cu/lay.mjs 3dtextures terracotta-bricks-002
sci-fi-metal-panel-001	Sci-fi Metal Panel 001	3dtextures.me	CC0 1.0	textures	archviz,Metal,metalic,panel,plate,Sci-fi,ship,spaceship,Substance Designer	https://drive.google.com/drive/folders/1eDbGkytz5lWmx8wFWWRm3CxJzKYzHOKX	https://3dtextures.me/2020/07/08/sci-fi-metal-panel-001/	node cong-cu/lay.mjs 3dtextures sci-fi-metal-panel-001
stylized-rocks-001	Stylized Rocks 001	3dtextures.me	CC0 1.0	textures	archviz,ground,handpainted,Rocks,Stone,stylized,Substance Designer	https://drive.google.com/drive/folders/1XvjwzdjJ2MCXjiEy9Pv_VDwKk_ozJjUk	https://3dtextures.me/2020/07/07/stylized-rocks-001/	node cong-cu/lay.mjs 3dtextures stylized-rocks-001
stylized-scales-001	Stylized Scales 001	3dtextures.me	CC0 1.0	textures	Animal,archviz,handpainted,lizard,Organic,reptile,Scales,snake,stylized,Substance Designer	https://drive.google.com/drive/folders/1DQgngRTtrG039f5p7C7nFFHrPk1yHg9Q	https://3dtextures.me/2020/07/06/stylized-scales-001/	node cong-cu/lay.mjs 3dtextures stylized-scales-001
stylized-leaves-001	Stylized Leaves 001	3dtextures.me	CC0 1.0	textures	archviz,Foliage,ground,handpainted,leaves,stylized,Substance Designer	https://drive.google.com/drive/folders/1NSR5Le0vpaczxyp_bETiXtQeTy6Y1GBr	https://3dtextures.me/2020/07/03/stylized-leaves-001/	node cong-cu/lay.mjs 3dtextures stylized-leaves-001
stone-path-005	Stone Path 005	3dtextures.me	CC0 1.0	textures	archviz,Dirt,Floor,ground,path,pathway,rock,Rocks,Stone,Substance Designer	https://drive.google.com/drive/folders/1xP5OD_DqzJozsu5YN3XWiqlU5F8nKqVh	https://3dtextures.me/2020/07/02/stone-path-005/	node cong-cu/lay.mjs 3dtextures stone-path-005
crystal-004	Crystal 004	3dtextures.me	CC0 1.0	textures	archviz,crystal,crystals,gem,Gems,precious,precious stone,Stone,Substance Designer	https://drive.google.com/drive/folders/1fKbFsP3xIM0KCXcJlPOsrblfJZrWwPrb	https://3dtextures.me/2020/07/01/crystal-004/	node cong-cu/lay.mjs 3dtextures crystal-004
metal-pattern-004	Metal Pattern 004	3dtextures.me	CC0 1.0	textures	archviz,Metal,Pattern,Scales,Sci-fi,scifi,Substance Designer	https://drive.google.com/drive/folders/1Hp8cyhWPKB6q1oTvjYIoyXI8_rcdnjwE	https://3dtextures.me/2020/06/30/metal-pattern-004/	node cong-cu/lay.mjs 3dtextures metal-pattern-004
coffee-grains-001	Coffee Grains 001	3dtextures.me	CC0 1.0	textures	archviz,coffee,grain,grains,Organic,Substance Designer,Vegetable	https://drive.google.com/drive/folders/1VoxAN9pZ5qw0AwDYBVj3hN5eC5RzDjZ0	https://3dtextures.me/2020/06/29/coffee-grains-001/	node cong-cu/lay.mjs 3dtextures coffee-grains-001
stone-wall-015	Stone Wall 015	3dtextures.me	CC0 1.0	textures	archviz,castle,medieval,old,rock,Stone,Substance Designer,Wall	https://drive.google.com/drive/folders/1u_Y7rjMTpVK1ndzyeKA_8IzBBPvBL0ke	https://3dtextures.me/2020/06/26/stone-wall-015/	node cong-cu/lay.mjs 3dtextures stone-wall-015
stylized-sand-001	Stylized Sand 001	3dtextures.me	CC0 1.0	textures	Animal,archviz,beach,handpainted,ocean,Organic,Sand,sea,shore,stylized,Substance Designer	https://drive.google.com/drive/folders/1jjRaGQkBrWlq1RPZdVBJUYKgC-odESFg	https://3dtextures.me/2020/06/25/stylized-sand-001/	node cong-cu/lay.mjs 3dtextures stylized-sand-001
stylized-fur-001	Stylized Fur 001	3dtextures.me	CC0 1.0	textures	Animal,archviz,fur,handpainted,Organic,stylized,Substance Designer	https://drive.google.com/drive/folders/1SZxyVat6P3-vVgdN6PSNyr3W_heXb9-A	https://3dtextures.me/2020/06/24/stylized-fur-001/	node cong-cu/lay.mjs 3dtextures stylized-fur-001
tiles-terracotta-003	Tiles Terracotta 003	3dtextures.me	CC0 1.0	textures	archviz,ceramic,siding,Substance Designer,terracotta,Tiles	https://drive.google.com/drive/folders/1mrkOQA3pqG03U89txz2VSe6uVkplNDcM	https://3dtextures.me/2020/06/23/tiles-terracotta-003/	node cong-cu/lay.mjs 3dtextures tiles-terracotta-003
fabric-mesh-002	Fabric Mesh 002	3dtextures.me	CC0 1.0	textures	archviz,cloth,clothes,Fabric,mesh,Substance Designer	https://drive.google.com/drive/folders/1qWNOFAoNIRVBF2pHfUBiZByEC3qLL-rn	https://3dtextures.me/2020/06/22/fabric-mesh-002/	node cong-cu/lay.mjs 3dtextures fabric-mesh-002
fabric-027	Fabric 027	3dtextures.me	CC0 1.0	textures	archviz,cloth,clothes,Fabric,mesh,Substance Designer	https://drive.google.com/drive/folders/1CX25QNe9Yjx-5dJvfXJyl1oxO_x46UGK	https://3dtextures.me/2020/06/19/fabric-027/	node cong-cu/lay.mjs 3dtextures fabric-027
fabric-mesh-001	Fabric Mesh 001	3dtextures.me	CC0 1.0	textures	archviz,cloth,clothes,Fabric,mesh,Substance Designer	https://drive.google.com/drive/folders/1r59xroLzcYgz35MfRy_ugk6f_3koa7aR	https://3dtextures.me/2020/06/18/fabric-mesh-001/	node cong-cu/lay.mjs 3dtextures fabric-mesh-001
stylized-wall-001	Stylized Wall 001	3dtextures.me	CC0 1.0	textures	archviz,corridor,handpainted,house,stylized,Substance Designer,Wall,Wallpaper,Wood	https://drive.google.com/drive/folders/1PnaQIgh98-6Tx_HrdgAd9rR5SpQzQ-HP	https://3dtextures.me/2020/06/17/stylized-wall-001/	node cong-cu/lay.mjs 3dtextures stylized-wall-001
candle-001	Candle 001	3dtextures.me	CC0 1.0	textures	acousti,Animal,candle,Misc,Organic,Substance Designer,wax	https://drive.google.com/drive/folders/1lWvRKZ8E0Jm6T2JCX_FHoeJxavOlmHfB	https://3dtextures.me/2020/06/16/candle-001/	node cong-cu/lay.mjs 3dtextures candle-001
acoustic-foam-002	Acoustic Foam 002	3dtextures.me	CC0 1.0	textures	acousti,archviz,foam,Misc,Substance Designer	https://drive.google.com/drive/folders/1NZvHdasojiuR5VYhtS3-CIPEuzlGPhM8	https://3dtextures.me/2020/06/15/acoustic-foam-002/	node cong-cu/lay.mjs 3dtextures acoustic-foam-002
alpha-brush-stitches-001	Alpha Brush - Stitches 001	3dtextures.me	CC0 1.0	textures	archviz,blender,brush,brushes,cloth,clothes,Fabric,nylon,polyester,sculpt,Substance Designer,textile,zbrush	https://drive.google.com/drive/folders/11JY3-yXK8mBsWJ8erqg1XYEK1RNx4lY8	https://3dtextures.me/2020/06/12/alpha-brush-stitches-001/	node cong-cu/lay.mjs 3dtextures alpha-brush-stitches-001
fabric-nylon-weave-001	Fabric Nylon Weave 001	3dtextures.me	CC0 1.0	textures	archviz,cloth,clothes,Fabric,nylon,polyester,Substance Designer,textile	https://drive.google.com/drive/folders/1iVCAQn3VTrUD9tUKHldrv1zMIdB0BjNB	https://3dtextures.me/2020/06/11/fabric-nylon-weave-001/	node cong-cu/lay.mjs 3dtextures fabric-nylon-weave-001
metal-pattern-003	Metal Pattern 003	3dtextures.me	CC0 1.0	textures	archviz,Metal,Pattern,Sci-fi,scifi,Substance Designer	https://drive.google.com/drive/folders/1TQL4uKCTJ3UFJZZbarsUmPK1MMqiSGSc	https://3dtextures.me/2020/06/10/metal-pattern-003/	node cong-cu/lay.mjs 3dtextures metal-pattern-003
stylized-sci-fi-wall-001	Stylized Sci-fi Wall 001	3dtextures.me	CC0 1.0	textures	archviz,Metal,Sci-fi,scifi,stylized,Substance Designer,Wall	https://drive.google.com/drive/folders/1VId8EPan08ZU2PdUw_ZcPKZB9A6wQ_WQ	https://3dtextures.me/2020/06/09/stylized-sci-fi-wall-001/	node cong-cu/lay.mjs 3dtextures stylized-sci-fi-wall-001
fabric-silk-001	Fabric Silk 001	3dtextures.me	CC0 1.0	textures	archviz,cloth,clothes,Fabric,silk,Substance Designer,textile	https://drive.google.com/drive/folders/19z-TXmD_mz-Kzwplxx4_J4oA20fQ6MLM	https://3dtextures.me/2020/06/08/fabric-silk-001/	node cong-cu/lay.mjs 3dtextures fabric-silk-001
brick-wall-018	Brick Wall 018	3dtextures.me	CC0 1.0	textures	archviz,Brick,castle,medieval,Substance Designer,Wall,Wood	https://drive.google.com/drive/folders/1u6qaUrzgZ4ts1_w32O8QWmYWtr4euR46	https://3dtextures.me/2020/06/05/brick-wall-018/	node cong-cu/lay.mjs 3dtextures brick-wall-018
metal-plate-043	Metal Plate 043	3dtextures.me	CC0 1.0	textures	archviz,Metal,plate,Substance Designer	https://drive.google.com/drive/folders/1rj9SRuJGwNTpf7oqghTgApKqy-jxBu_K	https://3dtextures.me/2020/06/04/metal-plate-043/	node cong-cu/lay.mjs 3dtextures metal-plate-043
fabric-argyle-001	Fabric Argyle 001	3dtextures.me	CC0 1.0	textures	archviz,cloth,clothes,Fabric,Substance Designer,textile	https://drive.google.com/drive/folders/1sxujhGohlBd05f35zeCy9-Y4NDe8ARby	https://3dtextures.me/2020/06/03/fabric-argyle-001/	node cong-cu/lay.mjs 3dtextures fabric-argyle-001
stylized-grass-001	Stylized Grass 001	3dtextures.me	CC0 1.0	textures	archviz,Grass,ground,Organic,stylized,Substance Designer,Vegetable	https://drive.google.com/drive/folders/1BM_QHmnC_3KQAVM32Wxuh8hA8yIvG6Oa	https://3dtextures.me/2020/06/02/stylized-grass-001/	node cong-cu/lay.mjs 3dtextures stylized-grass-001
ground-wet-003	Ground Wet 003	3dtextures.me	CC0 1.0	textures	archviz,Dirt,ground,mud,Substance Designer,Water,wet	https://drive.google.com/drive/folders/1sLphcW0grGYxhZrtAHbolp1TYadAgxIH	https://3dtextures.me/2020/06/01/ground-wet-003/	node cong-cu/lay.mjs 3dtextures ground-wet-003
wood-gate-fortified-003	Wood Gate Fortified 003	3dtextures.me	CC0 1.0	textures	archviz,castle,door,gate,medieval,Metal,metallic,Substance Designer,Wood	https://drive.google.com/drive/folders/1Ckmaz66cusVpgH3cwtjGCL8j6BjPkdFW	https://3dtextures.me/2020/05/29/wood-gate-fortified-003/	node cong-cu/lay.mjs 3dtextures wood-gate-fortified-003
metal-weave-009	Metal Weave 009	3dtextures.me	CC0 1.0	textures	archviz,mesh,Metal,metallic,Sci-fi,steel,Substance Designer,weave	https://drive.google.com/drive/folders/1f26XP-FQ-S_PXaBLza1wM9nMaDv2FZEJ	https://3dtextures.me/2020/05/28/metal-weave-009/	node cong-cu/lay.mjs 3dtextures metal-weave-009
fabric-026	Fabric 026	3dtextures.me	CC0 1.0	textures	archviz,cloth,clothes,Fabric,Sci-fi,Substance Designer,textile	https://drive.google.com/drive/folders/1mWwSv_byRrwCO-VGKnGobdFrEyvzvRhO	https://3dtextures.me/2020/05/27/fabric-026/	node cong-cu/lay.mjs 3dtextures fabric-026
tiles-metal-001	Tiles Metal 001	3dtextures.me	CC0 1.0	textures	archviz,bathroom,kitchen,Metal,metallic,Substance Designer,Tiles,wc	https://drive.google.com/open?id=15G36thmO1Ebnwg78i1ZISvyCI36wEnnf	https://3dtextures.me/2020/05/26/tiles-metal-001/	node cong-cu/lay.mjs 3dtextures tiles-metal-001
pebbles-021	Pebbles 021	3dtextures.me	CC0 1.0	textures	archviz,ground,Pebbles,Rocks,stones,Substance Designer	https://drive.google.com/open?id=1TWZGQxjgYWt5mHjzObiWm52_ApYDNdYl	https://3dtextures.me/2020/05/25/pebbles-021/	node cong-cu/lay.mjs 3dtextures pebbles-021
metal-sci-fi-003	Metal Sci-fi 003	3dtextures.me	CC0 1.0	textures	archviz,Metal,Sci-fi,scifi,Substance Designer	https://drive.google.com/open?id=1MRySWRixzkzoxmFBNQGdVqTPkq71LB6w	https://3dtextures.me/2020/05/22/metal-sci-fi-003/	node cong-cu/lay.mjs 3dtextures metal-sci-fi-003
fabric-non-woven-001	Fabric Non Woven 001	3dtextures.me	CC0 1.0	textures	archviz,cloth,Fabric,mask,Substance Designer,surgical,textile	https://drive.google.com/open?id=1sWN2P0dyKQM42Fx89Kaj4IZYFuKsB8fQ	https://3dtextures.me/2020/05/21/fabric-non-woven-001/	node cong-cu/lay.mjs 3dtextures fabric-non-woven-001
welding-trimsheet-001	Welding Trimsheet 001	3dtextures.me	CC0 1.0	textures	archviz,iron,Metal,steel,Substance Designer,trimsheet,weld,welding	https://drive.google.com/open?id=1HK4pj3krYBZYKPPKnAidn2RQbcD5BlQN	https://3dtextures.me/2020/05/20/welding-trimsheet-001/	node cong-cu/lay.mjs 3dtextures welding-trimsheet-001
sci-fi-padded-fabric-003	Sci-fi Padded Fabric 003	3dtextures.me	CC0 1.0	textures	archviz,cloth,Fabric,Padded,Sci-fi,scifi,Substance Designer	https://drive.google.com/open?id=1iKWqcJYxxVYqv_bEef03cd29lRxGkY-p	https://3dtextures.me/2020/05/19/sci-fi-padded-fabric-003/	node cong-cu/lay.mjs 3dtextures sci-fi-padded-fabric-003
coral-002	Coral 002	3dtextures.me	CC0 1.0	textures	algae,Animal,archviz,coral,ocean,Organic,sea,stylized,Substance Designer	https://drive.google.com/open?id=15H-wfoZCW97_EZVw_iy4YKGb3zAzQX1W	https://3dtextures.me/2020/05/18/coral-002/	node cong-cu/lay.mjs 3dtextures coral-002
stylized-feathers-001	Stylized Feathers 001	3dtextures.me	CC0 1.0	textures	Animal,archviz,feathers,Organic,stylized,Substance Designer	https://drive.google.com/open?id=1o8T8nf1H_Lfdhdxp-Nz83URzvVFYZ0dy	https://3dtextures.me/2020/05/15/stylized-feathers-001/	node cong-cu/lay.mjs 3dtextures stylized-feathers-001
wood-gate-fortified-002	Wood Gate Fortified 002	3dtextures.me	CC0 1.0	textures	archviz,medieval,Metal,Substance Designer,Wood	https://drive.google.com/open?id=1oZwlsSUei6F4eK8zRs7w7CjW4cZ14MBt	https://3dtextures.me/2020/05/14/wood-gate-fortified-002/	node cong-cu/lay.mjs 3dtextures wood-gate-fortified-002
wood-gate-fortified-001	Wood Gate Fortified 001	3dtextures.me	CC0 1.0	textures	archviz,medieval,Metal,Substance Designer,Wood	https://drive.google.com/open?id=1MZ7Of81OhdA8R4C6NPAwrE4cJmhGSXZR	https://3dtextures.me/2020/05/13/wood-gate-fortified-001/	node cong-cu/lay.mjs 3dtextures wood-gate-fortified-001
wood-wall-002	Wood Wall 002	3dtextures.me	CC0 1.0	textures	archviz,Substance Designer,Wall,Wood	https://drive.google.com/open?id=1xHV_oq5hlnUiDjEN-2AuahUYGspZuYFr	https://3dtextures.me/2020/05/12/wood-wall-002/	node cong-cu/lay.mjs 3dtextures wood-wall-002
ground-wet-pebbles-001	Ground Wet Pebbles 001	3dtextures.me	CC0 1.0	textures	archviz,Dirt,ground,Pebbles,river,riverbed,Rocks,rubble,stones,Substance Designer,Water,wet	https://drive.google.com/open?id=1K6UDq_tkYdfh22UXUO2ItWRVpDvCcJlX	https://3dtextures.me/2020/05/11/ground-wet-pebbles-001/	node cong-cu/lay.mjs 3dtextures ground-wet-pebbles-001
pebbles-020	Pebbles 020	3dtextures.me	CC0 1.0	textures	archviz,ground,Pebbles,Rocks,rubble,stones,Substance Designer	https://drive.google.com/open?id=1pq8FOboXsGkXfYQ8kwgKggxkCkwwMc6F	https://3dtextures.me/2020/05/08/pebbles-020/	node cong-cu/lay.mjs 3dtextures pebbles-020
sand-007	Sand 007	3dtextures.me	CC0 1.0	textures	archviz,beach,ground,Sand,Substance Designer	https://drive.google.com/open?id=1hhLSGRTeN8mCHpsfj3qYBqOBahNfRA8L	https://3dtextures.me/2020/05/07/sand-007/	node cong-cu/lay.mjs 3dtextures sand-007
wood-cabinet-001	Wood Cabinet 001	3dtextures.me	CC0 1.0	textures	archviz,cabinet,furniture,Substance Designer,Wood	https://drive.google.com/open?id=1T8zV70wCHAXfuP2e66OW3U8hmyonNAcB	https://3dtextures.me/2020/05/06/wood-cabinet-001/	node cong-cu/lay.mjs 3dtextures wood-cabinet-001
metal-rollup-door-001	Metal RollUp Door 001	3dtextures.me	CC0 1.0	textures	archviz,door,Metal,Sci-fi,shop,Substance Designer	https://drive.google.com/open?id=1tePewj4CKV-lrB4dkp0EFy39ClzS4vSf	https://3dtextures.me/2020/05/05/metal-rollup-door-001/	node cong-cu/lay.mjs 3dtextures metal-rollup-door-001
metal-plate-042	Metal Plate 042	3dtextures.me	CC0 1.0	textures	archviz,Metal,plate,Sci-fi,scifi,ship,spaceship,Substance Designer	https://drive.google.com/open?id=1Pi808sZFNw83byfSSc_nMTyRDk3FEXF-	https://3dtextures.me/2020/05/04/metal-plate-042/	node cong-cu/lay.mjs 3dtextures metal-plate-042
roof-tiles-japanese-002	Roof Tiles Japanese 002	3dtextures.me	CC0 1.0	textures	archviz,japanese,Roof,Substance Designer,Tiles	https://drive.google.com/open?id=1j42uYx9N3md0SDQlk0teCb07vkk3rxz5	https://3dtextures.me/2020/05/01/roof-tiles-japanese-002/	node cong-cu/lay.mjs 3dtextures roof-tiles-japanese-002
roof-tiles-japanese-001	Roof Tiles Japanese 001	3dtextures.me	CC0 1.0	textures	archviz,japanese,Roof,Substance Designer,Tiles	https://drive.google.com/open?id=1QtS_N1ajhUO4yIWOpYgnQOhWpleHGCJU	https://3dtextures.me/2020/04/30/roof-tiles-japanese-001/	node cong-cu/lay.mjs 3dtextures roof-tiles-japanese-001
glass-window-001	Glass Window 001	3dtextures.me	CC0 1.0	textures	archviz,glass,Metal,Substance Designer,window	https://drive.google.com/open?id=141JGigTnXdptxtdjPZ1lBiQQeeCkgJYJ	https://3dtextures.me/2020/04/29/glass-window-001/	node cong-cu/lay.mjs 3dtextures glass-window-001
metal-corrugated-009	Metal Corrugated 009	3dtextures.me	CC0 1.0	textures	archviz,corrugated,Metal,Substance Designer	https://drive.google.com/open?id=18V9Fe9gx8rfiw0JJzTAqA9jl-xI5BeIo	https://3dtextures.me/2020/04/28/metal-corrugated-009/	node cong-cu/lay.mjs 3dtextures metal-corrugated-009
dirt-006	Dirt 006	3dtextures.me	CC0 1.0	textures	archviz,Dirt,ground,Substance Designer	https://drive.google.com/open?id=1qfOGjsESfkneou43Vp7OzI340jC0Zhfz	https://3dtextures.me/2020/04/27/dirt-006/	node cong-cu/lay.mjs 3dtextures dirt-006
metal-sci-fi-002	Metal Sci-fi 002	3dtextures.me	CC0 1.0	textures	archviz,Metal,Sci-fi,scifi,Substance Designer	https://drive.google.com/open?id=1X_JXkSE9hJ3SD3DPctmnBf9w46NnE1jN	https://3dtextures.me/2020/04/24/metal-sci-fi-002/	node cong-cu/lay.mjs 3dtextures metal-sci-fi-002
stone-wall-014	Stone Wall 014	3dtextures.me	CC0 1.0	textures	archviz,castle,medieval,rock,Stone,Substance Designer,Wall	https://drive.google.com/open?id=1EwRpyqC1cEA36kZTjnTVdMgbe8PvpR_y	https://3dtextures.me/2020/04/23/stone-wall-014/	node cong-cu/lay.mjs 3dtextures stone-wall-014
sci-fi-padded-fabric-002	Sci-fi Padded Fabric 002	3dtextures.me	CC0 1.0	textures	archviz,Fabric,Metal,Padded,Sci-fi,scifi,Substance Designer,textile	https://drive.google.com/open?id=1Pcecdv0KOmZlwom0UU3V62OhGIiB9RDS	https://3dtextures.me/2020/04/22/sci-fi-padded-fabric-002/	node cong-cu/lay.mjs 3dtextures sci-fi-padded-fabric-002
metal-sci-fi-001	Metal Sci-fi 001	3dtextures.me	CC0 1.0	textures	archviz,Metal,Sci-fi,scifi,Substance Designer	https://drive.google.com/open?id=1jjiy4-L25Yhzwr966w79vae6uExpvanM	https://3dtextures.me/2020/04/21/metal-sci-fi-001/	node cong-cu/lay.mjs 3dtextures metal-sci-fi-001
dirt-005-2	Dirt 005	3dtextures.me	CC0 1.0	textures	archviz,cliff,Dirt,ground,rock,Stone,stylized,Substance Designer	https://drive.google.com/open?id=1bbKeHo4e6uH1DWyFaHD3fuxMSswJGHTk	https://3dtextures.me/2020/04/20/dirt-005-2/	node cong-cu/lay.mjs 3dtextures dirt-005-2
stylized-cliff-rock-003	Stylized Cliff Rock 003	3dtextures.me	CC0 1.0	textures	archviz,cliff,rock,Rocks,Stone,stylized,Substance Designer	https://drive.google.com/open?id=1tEno8z-Z3FL8bAcxyItpxVjCmqT4u4hW	https://3dtextures.me/2020/04/17/stylized-cliff-rock-003/	node cong-cu/lay.mjs 3dtextures stylized-cliff-rock-003
leather-008	Leather 008	3dtextures.me	CC0 1.0	textures	Animal,archviz,Fabric,furniture,Leather,Organic,Substance Designer,textile,upholstery	https://drive.google.com/open?id=1wYHxtsNhPkfPIEuN9JU3cwoe6MHVjYIT	https://3dtextures.me/2020/04/16/leather-008/	node cong-cu/lay.mjs 3dtextures leather-008
roof-tiles-terracotta-005	Roof Tiles Terracotta 005	3dtextures.me	CC0 1.0	textures	archviz,Roof,Substance Designer,terracotta,Tiles	https://drive.google.com/open?id=1CNFQz04x5EhdHYkM6xXoYH9E4pWDGUu5	https://3dtextures.me/2020/04/15/roof-tiles-terracotta-005/	node cong-cu/lay.mjs 3dtextures roof-tiles-terracotta-005
roof-tiles-terracotta-004	Roof Tiles Terracotta 004	3dtextures.me	CC0 1.0	textures	archviz,Roof,Substance Designer,terracotta,Tiles	https://drive.google.com/open?id=11NHJVjIuGF_rZ1nwKuUP03DwYy2OipNK	https://3dtextures.me/2020/04/14/roof-tiles-terracotta-004/	node cong-cu/lay.mjs 3dtextures roof-tiles-terracotta-004
fabric-025	Fabric 025	3dtextures.me	CC0 1.0	textures	archviz,cloth,clothes,Fabric,Substance Designer,textile	https://drive.google.com/open?id=1PkUfue4_uXeaqTfgBMq4yw2V12uHlK8k	https://3dtextures.me/2020/04/13/fabric-025/	node cong-cu/lay.mjs 3dtextures fabric-025
stylized-cliff-rock-002	Stylized Cliff Rock 002	3dtextures.me	CC0 1.0	textures	archviz,cliff,rock,Rocks,Stone,stylized,Substance Designer	https://drive.google.com/open?id=1tcxd43bxjXJPU9lsKsZMqUaO8q6MoyCG	https://3dtextures.me/2020/04/10/stylized-cliff-rock-002/	node cong-cu/lay.mjs 3dtextures stylized-cliff-rock-002
fabric-024	Fabric 024	3dtextures.me	CC0 1.0	textures	archviz,cloth,clothes,Fabric,Substance Designer,textile	https://drive.google.com/open?id=1BdHQ2r1IWRzUYDVmyIgXFtkiyWyNWm0m	https://3dtextures.me/2020/04/09/fabric-024/	node cong-cu/lay.mjs 3dtextures fabric-024
iron-bars-001	Iron Bars 001	3dtextures.me	CC0 1.0	textures	archviz,bars,cast,iron,Metal,Substance Designer,windows	https://drive.google.com/open?id=1pGD1FX4Zh1s1a3z8sBqQbJm15JPLJbXD	https://3dtextures.me/2020/04/08/iron-bars-001/	node cong-cu/lay.mjs 3dtextures iron-bars-001
fabric-023	Fabric 023	3dtextures.me	CC0 1.0	textures	archviz,cloth,clothes,Fabric,furniture,Substance Designer,textile,upholstery	https://drive.google.com/open?id=1FQDyk5IPBQuAZ_2Fo6ijbUjGuQRoXS08	https://3dtextures.me/2020/04/07/fabric-023/	node cong-cu/lay.mjs 3dtextures fabric-023
fabric-022	Fabric 022	3dtextures.me	CC0 1.0	textures	archviz,cloth,clothes,Fabric,furniture,Substance Designer,textile,upholstery	https://drive.google.com/open?id=1s7Ccs3sRhXEDJcO5nhoFNpciYDGuSKb3	https://3dtextures.me/2020/04/06/fabric-022/	node cong-cu/lay.mjs 3dtextures fabric-022
stylized-blocks-001	Stylized Blocks 001	3dtextures.me	CC0 1.0	textures	archviz,blocks,handpainted,Metal,Rocks,stylized,Substance Designer,Wall	https://drive.google.com/open?id=178VWf6hAPQ8niCY4tnT005jVQyBjmeUI	https://3dtextures.me/2020/04/03/stylized-blocks-001/	node cong-cu/lay.mjs 3dtextures stylized-blocks-001
wood-bark-006	Wood Bark 006	3dtextures.me	CC0 1.0	textures	archviz,Bark,Substance Designer,tree,Wood	https://drive.google.com/open?id=1DZaYryG7-luPeS3dgzU3rR30OG3tVx0x	https://3dtextures.me/2020/04/02/wood-bark-006/	node cong-cu/lay.mjs 3dtextures wood-bark-006
stone-column-001	Stone Column 001	3dtextures.me	CC0 1.0	textures	archviz,column,Rocks,Stone,Substance Designer,temple	https://drive.google.com/open?id=1_Co4VQ_j0DudiElESQOc7boR8H3zKF4T	https://3dtextures.me/2020/04/01/stone-column-001/	node cong-cu/lay.mjs 3dtextures stone-column-001
granite-red-001	Granite Red 001	3dtextures.me	CC0 1.0	textures	archviz,counter,countertop,Granite,kitchen,polished,rock,Rocks,Stone,Substance Designer	https://drive.google.com/open?id=1rhzXOCK_0w-OUwVIR_0RkKjbbDGs7epD	https://3dtextures.me/2020/03/31/granite-red-001/	node cong-cu/lay.mjs 3dtextures granite-red-001
concrete-wall-005	Concrete Wall 005	3dtextures.me	CC0 1.0	textures	archviz,Concrete,Substance Designer,Wall	https://drive.google.com/open?id=1m0xT5Vl_XSHtbbCqkiMf_stkkvr2mpEz	https://3dtextures.me/2020/03/30/concrete-wall-005/	node cong-cu/lay.mjs 3dtextures concrete-wall-005
pebbles-019	Pebbles 019	3dtextures.me	CC0 1.0	textures	archviz,Floor,ground,Pebbles,Rocks,stones,Substance Designer	https://drive.google.com/open?id=1CEQe1uNEQTKCXFDt-1ibhi7n-wHr9-_f	https://3dtextures.me/2020/03/27/pebbles-019/	node cong-cu/lay.mjs 3dtextures pebbles-019
pumpkin-001	Pumpkin 001	3dtextures.me	CC0 1.0	textures	archviz,food,pumpkin,Substance Designer	https://drive.google.com/open?id=1xDn_vwSOUyR6MWLR4qsk1t1zuofXjEct	https://3dtextures.me/2020/03/26/pumpkin-001/	node cong-cu/lay.mjs 3dtextures pumpkin-001
fabric-rug-006	Fabric Rug 006	3dtextures.me	CC0 1.0	textures	archviz,carpet,Fabric,Rug,Substance Designer	https://drive.google.com/open?id=1MvbXYP4hJBqyu8GinjwmzRj0l2F1lxSv	https://3dtextures.me/2020/03/25/fabric-rug-006/	node cong-cu/lay.mjs 3dtextures fabric-rug-006
watermelon-001	Watermelon 001	3dtextures.me	CC0 1.0	textures	archviz,food,nature,Organic,Substance Designer,watermelon	https://drive.google.com/open?id=1DpkG0dV7tXJwwHvd_uUEkmcRANXTanlS	https://3dtextures.me/2020/03/24/watermelon-001/	node cong-cu/lay.mjs 3dtextures watermelon-001
mushroom-top-001	Mushroom Top 001	3dtextures.me	CC0 1.0	textures	archviz,food,mushroom,nature,Organic,Substance Designer	https://drive.google.com/open?id=1JgWHmb2nF5S4CCSqVQRk_R_alKVKpNot	https://3dtextures.me/2020/03/23/mushroom-top-001/	node cong-cu/lay.mjs 3dtextures mushroom-top-001
ground-forest-003	Ground Forest 003	3dtextures.me	CC0 1.0	textures	archviz,Foliage,forest,ground,Substance Designer	https://drive.google.com/open?id=1AckSrB5Ce_PbyzEewlATfmLWJTaXdQ1G	https://3dtextures.me/2020/03/20/ground-forest-003/	node cong-cu/lay.mjs 3dtextures ground-forest-003
metal-weave-008a	Metal Weave 008a	3dtextures.me	CC0 1.0	textures	archviz,fence,Metal,Substance Designer,weave	https://drive.google.com/open?id=1JpXSFzb3W96UPcMYy5yiLYQusw3N6GM7	https://3dtextures.me/2020/03/19/metal-weave-008a/	node cong-cu/lay.mjs 3dtextures metal-weave-008a
metal-weave-008	Metal Weave 008	3dtextures.me	CC0 1.0	textures	archviz,fence,Metal,Substance Designer,weave	https://drive.google.com/open?id=1q6dk9vbY86SxMd3wyI-8U4RXrE1d3Ge1	https://3dtextures.me/2020/03/18/metal-weave-008/	node cong-cu/lay.mjs 3dtextures metal-weave-008
fabric-knitted-002	Fabric Knitted 002	3dtextures.me	CC0 1.0	textures	archviz,cloth,clothes,Fabric,Substance Designer,textile	https://drive.google.com/open?id=1TCLLWcozQMpUnwhPOEwYS_qHowEQeU3d	https://3dtextures.me/2020/03/17/fabric-knitted-002/	node cong-cu/lay.mjs 3dtextures fabric-knitted-002
concrete-wall-004	Concrete Wall 004	3dtextures.me	CC0 1.0	textures	archviz,Concrete,Substance Designer,Wall	https://drive.google.com/open?id=1h6JhjZClMwsa8I9tBNeD5D46vePDcevf	https://3dtextures.me/2020/03/16/concrete-wall-004/	node cong-cu/lay.mjs 3dtextures concrete-wall-004
wood-pattern-coffers-003	Wood Pattern Coffers 003	3dtextures.me	CC0 1.0	textures	archviz,coffers,Metal,Substance Designer,Wood	https://drive.google.com/open?id=1WAC7nHTeakUgVbbJaZ12wmWYDvHsXuqs	https://3dtextures.me/2020/03/13/wood-pattern-coffers-003/	node cong-cu/lay.mjs 3dtextures wood-pattern-coffers-003
wood-pattern-coffers-002	Wood Pattern Coffers 002	3dtextures.me	CC0 1.0	textures	archviz,coffers,Substance Designer,Wood	https://drive.google.com/open?id=17EYIbjgzgLXzDpA4nnpO8804pwoRbjkw	https://3dtextures.me/2020/03/12/wood-pattern-coffers-002/	node cong-cu/lay.mjs 3dtextures wood-pattern-coffers-002
wood-ceiling-coffers-001	Wood Ceiling Coffers 001	3dtextures.me	CC0 1.0	textures	archviz,Ceiling,coffers,Substance Designer,Wood	https://drive.google.com/open?id=1bnB91SW_fwimQP-VSl4DUKMnFRCgJFyo	https://3dtextures.me/2020/03/11/wood-ceiling-coffers-001/	node cong-cu/lay.mjs 3dtextures wood-ceiling-coffers-001
metal-iron-guard-001	Metal Iron Guard 001	3dtextures.me	CC0 1.0	textures	archviz,cast,door,iron,medieval,Metal,Substance Designer,Wood	https://drive.google.com/open?id=1E3viGJ6Dl8DkgZBXClGXKKvOzL1DJPOn	https://3dtextures.me/2020/03/10/metal-iron-guard-001/	node cong-cu/lay.mjs 3dtextures metal-iron-guard-001
wood-door-003	Wood Door 003	3dtextures.me	CC0 1.0	textures	archviz,door,medieval,Metal,Substance Designer,Wood	https://drive.google.com/open?id=1-WUXxj5-CICC6_lLh82YyJ6xPmCzSgSM	https://3dtextures.me/2020/03/09/wood-door-003/	node cong-cu/lay.mjs 3dtextures wood-door-003
metal-tiles-002	Metal Tiles 002	3dtextures.me	CC0 1.0	textures	archviz,Metal,Sci-fi,scifi,Substance Designer,Tiles	https://drive.google.com/open?id=18tLsKb7ceqzGOFIi7DgFPp7I3NSxuqWn	https://3dtextures.me/2020/03/06/metal-tiles-002/	node cong-cu/lay.mjs 3dtextures metal-tiles-002
metal-spiro-duct-001	Metal Spiro Duct 001	3dtextures.me	CC0 1.0	textures	archviz,duct,Metal,Substance Designer	https://drive.google.com/open?id=1h14dNy6My2P5J4Vhq4_COziF0iAlE2Bu	https://3dtextures.me/2020/03/05/metal-spiro-duct-001/	node cong-cu/lay.mjs 3dtextures metal-spiro-duct-001
tactile-ground-001	Tactile Ground 001	3dtextures.me	CC0 1.0	textures	archviz,Floor,ground,Metal,sidewalk,Stone Floor,Substance Designer,tactile,Tiles,walkway	https://drive.google.com/open?id=1X_BSXMDfNCxvEYX5QKm5NlPsgu7q5wLp	https://3dtextures.me/2020/03/04/tactile-ground-001/	node cong-cu/lay.mjs 3dtextures tactile-ground-001
fabric-padded-polyester-001	Fabric Padded Polyester 001	3dtextures.me	CC0 1.0	textures	archviz,Fabric,Padded,polyester,Substance Designer	https://drive.google.com/open?id=1UllH6_48N8wOqLOPGWaE_k-Ce9m6kd3v	https://3dtextures.me/2020/03/03/fabric-padded-polyester-001/	node cong-cu/lay.mjs 3dtextures fabric-padded-polyester-001
pebbles-018	Pebbles 018	3dtextures.me	CC0 1.0	textures	archviz,Dirt,ground,Pebbles,Rocks,rubble,Substance Designer	https://drive.google.com/open?id=1w46TC0RGz1RiO7TsYeoDRGcUle-udPnd	https://3dtextures.me/2020/03/02/pebbles-018/	node cong-cu/lay.mjs 3dtextures pebbles-018
tiles-chaine-homme-001	Tiles Chaine Homme 001	3dtextures.me	CC0 1.0	textures	archviz,bathroom,ceramic,kitchen,Substance Designer,Tiles	https://drive.google.com/open?id=1lcqNGS86t7FFor_FQmYT-fqbIv2_kb_F	https://3dtextures.me/2020/02/28/tiles-chaine-homme-001/	node cong-cu/lay.mjs 3dtextures tiles-chaine-homme-001
pebbles-017	Pebbles 017	3dtextures.me	CC0 1.0	textures	archviz,ground,Pebbles,Rocks,rubble,Substance Designer	https://drive.google.com/open?id=1mPjdJhXrwXDTHSzPN0B5p9_z9NH1_3mP	https://3dtextures.me/2020/02/27/pebbles-017/	node cong-cu/lay.mjs 3dtextures pebbles-017
leather-weave-001	Leather Weave 001	3dtextures.me	CC0 1.0	textures	Animal,archviz,furniture,Leather,Organic,Substance Designer,weave	https://drive.google.com/open?id=1zir9jzdYoM5l0zkZiw_EEfjC1-RTbkpb	https://3dtextures.me/2020/02/26/leather-weave-001/	node cong-cu/lay.mjs 3dtextures leather-weave-001
metal-chain-link-003	Metal Chain Link 003	3dtextures.me	CC0 1.0	textures	archviz,chain,chainlink,Metal,Sci-fi,Substance Designer	https://drive.google.com/open?id=1cJgsLhY9hcuMO0XEb23qPe3BQ-4H81LU	https://3dtextures.me/2020/02/25/metal-chain-link-003/	node cong-cu/lay.mjs 3dtextures metal-chain-link-003
tiles-hexagons-003	Tiles Hexagons 003	3dtextures.me	CC0 1.0	textures	archviz,ground,Substance Designer,Tiles	https://drive.google.com/open?id=1cdHMWGMq7vVwKXks5B4b7CoFXnSrkMLG	https://3dtextures.me/2020/02/24/tiles-hexagons-003/	node cong-cu/lay.mjs 3dtextures tiles-hexagons-003
sand-006	Sand 006	3dtextures.me	CC0 1.0	textures	archviz,beach,ground,Sand,Substance Designer	https://drive.google.com/open?id=1yyJ85Y0PdyVUOnSTEPIez_YWYgbiv8EX	https://3dtextures.me/2020/02/21/sand-006/	node cong-cu/lay.mjs 3dtextures sand-006
pebbles-016	Pebbles 016	3dtextures.me	CC0 1.0	textures	archviz,ground,Pebbles,Rocks,Stone,Substance Designer	https://drive.google.com/open?id=1xdsxBLoNKxYr7py1-H8mjeTJuEeY9IY6	https://3dtextures.me/2020/02/20/pebbles-016/	node cong-cu/lay.mjs 3dtextures pebbles-016
fabric-021	Fabric 021	3dtextures.me	CC0 1.0	textures	archviz,cloth,clothes,Fabric,furniture,Substance Designer,textile,upholstery	https://drive.google.com/open?id=1LU_CS29zkCWftiYKGr7EkSsDWPy2nccX	https://3dtextures.me/2020/02/19/fabric-021/	node cong-cu/lay.mjs 3dtextures fabric-021
mud-rocks-001	Mud Rocks 001	3dtextures.me	CC0 1.0	textures	archviz,Dirt,Floor,ground,mud,Stone Floor,Substance Designer	https://drive.google.com/open?id=1ssEm41x8ab6KIrnxgO4aaV8co-tRGDkn	https://3dtextures.me/2020/02/18/mud-rocks-001/	node cong-cu/lay.mjs 3dtextures mud-rocks-001
stone-tiles-004	Stone Tiles 004	3dtextures.me	CC0 1.0	textures	archviz,Floor,ground,Stone,Stone Floor,Substance Designer,Tiles	https://drive.google.com/open?id=1L5GVsKyqkyWZdP6ZKNpgOu4kQaFSxSJ0	https://3dtextures.me/2020/02/17/stone-tiles-004/	node cong-cu/lay.mjs 3dtextures stone-tiles-004
sand-005	Sand 005	3dtextures.me	CC0 1.0	textures	archviz,beach,ground,Sand,Substance Designer	https://drive.google.com/open?id=1iPinzVJKkbzl9Kt6pTQ1a-2mB-XiNBKc	https://3dtextures.me/2020/02/14/sand-005/	node cong-cu/lay.mjs 3dtextures sand-005
concrete-wall-003	Concrete Wall 003	3dtextures.me	CC0 1.0	textures	archviz,cement,Concrete,Substance Designer,Wall	https://drive.google.com/open?id=1UfreP76cz2P--qdp5ZjowaEXtNlXSUIO	https://3dtextures.me/2020/02/13/concrete-wall-003/	node cong-cu/lay.mjs 3dtextures concrete-wall-003
chocolate-001	Chocolate 001	3dtextures.me	CC0 1.0	textures	archviz,chocolate,food,ice cream,Organic,Substance Designer	https://drive.google.com/open?id=1P2aByDvyZtk9tdGW5iO8Cb9jTA5HLmq4	https://3dtextures.me/2020/02/12/chocolate-001/	node cong-cu/lay.mjs 3dtextures chocolate-001
fabric-polyester-002	Fabric Polyester 002	3dtextures.me	CC0 1.0	textures	archviz,Fabric,polyester,Substance Designer	https://drive.google.com/open?id=1Jm2Cz0LUy-B6nAwKqwio1eBI5oYIsOiS	https://3dtextures.me/2020/02/11/fabric-polyester-002/	node cong-cu/lay.mjs 3dtextures fabric-polyester-002
tiles-035	Tiles 035	3dtextures.me	CC0 1.0	textures	archviz,ceramic,ground,Substance Designer,Tiles	https://drive.google.com/open?id=1GnDWKN_aNgph7CjXa5FweJrq9WLWHIWs	https://3dtextures.me/2020/02/10/tiles-035/	node cong-cu/lay.mjs 3dtextures tiles-035
stone-path-004	Stone Path 004	3dtextures.me	CC0 1.0	textures	archviz,Dirt,ground,path,rock,Rocks,Stone,Substance Designer	https://drive.google.com/open?id=1-BVAnC1XG2vQ_vVgEqxXT3NuksRPBw_G	https://3dtextures.me/2020/02/07/stone-path-004/	node cong-cu/lay.mjs 3dtextures stone-path-004
lace-002a	Lace 002a	3dtextures.me	CC0 1.0	textures	archviz,cloth,Fabric,lace,Substance Designer,textile	https://drive.google.com/open?id=1lPNMoV_3-KAWgjViKCjwOvORTkLf2U2Q	https://3dtextures.me/2020/02/06/lace-002a/	node cong-cu/lay.mjs 3dtextures lace-002a
lace-002	Lace 002	3dtextures.me	CC0 1.0	textures	archviz,cloth,Fabric,lace,Substance Designer,textile	https://drive.google.com/open?id=1XhGnmtzoY-v_ksJNZCEyfUBgC6RDO91B	https://3dtextures.me/2020/02/05/lace-002/	node cong-cu/lay.mjs 3dtextures lace-002
fabric-polyester-001	Fabric Polyester 001	3dtextures.me	CC0 1.0	textures	archviz,cloth,Fabric,nylon,polyester,Substance Designer,textile	https://drive.google.com/open?id=1T6wnqv6qQnKu7bgq9qROAKs3f2gLssNZ	https://3dtextures.me/2020/02/04/fabric-polyester-001/	node cong-cu/lay.mjs 3dtextures fabric-polyester-001
rock-039	Rock 039	3dtextures.me	CC0 1.0	textures	archviz,ground,rock,Rocks,Stone,Substance Designer	https://drive.google.com/open?id=1_j0tz5GxGJ8u5ZzyiNnz_LW3uS2UUSwF	https://3dtextures.me/2020/02/03/rock-039/	node cong-cu/lay.mjs 3dtextures rock-039
mud-001	Mud 001	3dtextures.me	CC0 1.0	textures	archviz,Dirt,ground,mud,Substance Designer	https://drive.google.com/open?id=1J6fJ6tjYMFz22q9PQBxxgDvzPwE_T8DC	https://3dtextures.me/2020/01/31/mud-001/	node cong-cu/lay.mjs 3dtextures mud-001
lace-001a	Lace 001a	3dtextures.me	CC0 1.0	textures	archviz,cloth,Fabric,lace,Substance Designer,textile	https://drive.google.com/open?id=18fdgND5d_3WlFf5ELgQh2DzarsLxYJ9P	https://3dtextures.me/2020/01/30/lace-001a/	node cong-cu/lay.mjs 3dtextures lace-001a
lace-001	Lace 001	3dtextures.me	CC0 1.0	textures	archviz,cloth,Fabric,lace,Substance Designer,textile	https://drive.google.com/open?id=1YXOc6f130kLymG6dCiwVqXhlCxu81QE0	https://3dtextures.me/2020/01/29/lace-001/	node cong-cu/lay.mjs 3dtextures lace-001
stone-path-003	Stone Path 003	3dtextures.me	CC0 1.0	textures	archviz,Floor,ground,path,Stone,Stone Floor,Substance Designer	https://drive.google.com/open?id=1BbZU-NJ-muuGoygjdZbGqSy_vwSwx-mH	https://3dtextures.me/2020/01/28/stone-path-003/	node cong-cu/lay.mjs 3dtextures stone-path-003
ground-dirt-008	Ground Dirt 008	3dtextures.me	CC0 1.0	textures	archviz,Dirt,ground,Substance Designer	https://drive.google.com/open?id=12hyspkXxWo_QMAZM_YHXadYaeBBdqENE	https://3dtextures.me/2020/01/27/ground-dirt-008/	node cong-cu/lay.mjs 3dtextures ground-dirt-008
bark-005	Bark 005	3dtextures.me	CC0 1.0	textures	archviz,Bark,Substance Designer,tree,Wood	https://drive.google.com/open?id=1UNsy8M71Hvf_IlO3AR03DlVAK1J-dm2U	https://3dtextures.me/2020/01/24/bark-005/	node cong-cu/lay.mjs 3dtextures bark-005
tiles-triangles-001	Tiles Triangles 001	3dtextures.me	CC0 1.0	textures	archviz,bathroom,kitchen,Substance Designer,Tiles,wc	https://drive.google.com/open?id=1ZSCHVJrkpWvZ5RPB7NfQpnyBMm1dR7y-	https://3dtextures.me/2020/01/23/tiles-triangles-001/	node cong-cu/lay.mjs 3dtextures tiles-triangles-001
tiles-hexagons-002	Tiles Hexagons 002	3dtextures.me	CC0 1.0	textures	archviz,bathroom,kitchen,Substance Designer,Tiles,wc	https://drive.google.com/open?id=1BqE9O7lbrBifdAgFdoVLXIQg0dqQCpB8	https://3dtextures.me/2020/01/22/tiles-hexagons-002/	node cong-cu/lay.mjs 3dtextures tiles-hexagons-002
bark-pine-002	Bark Pine 002	3dtextures.me	CC0 1.0	textures	archviz,Bark,pine,Substance Designer,Wood	https://drive.google.com/open?id=1RGe5C5bgjKc_KhxXSj5Ue0gap4f1PyXl	https://3dtextures.me/2020/01/21/bark-pine-002/	node cong-cu/lay.mjs 3dtextures bark-pine-002
fabric-burlap-003	Fabric Burlap 003	3dtextures.me	CC0 1.0	textures	archviz,burlap,cloth,Fabric,Substance Designer,textile	https://drive.google.com/open?id=1ZpUYh9IDEgYmx5zqioLXIOkTAIBo8T1J	https://3dtextures.me/2020/01/20/fabric-burlap-003/	node cong-cu/lay.mjs 3dtextures fabric-burlap-003
stone-wall-013	Stone Wall 013	3dtextures.me	CC0 1.0	textures	archviz,Rocks,Stone,Substance Designer,Wall	https://drive.google.com/open?id=1yKCjDQbtNS6xsJL8DxdOJjkIeQCZYwuo	https://3dtextures.me/2020/01/17/stone-wall-013/	node cong-cu/lay.mjs 3dtextures stone-wall-013
plastic-mesh-001	Plastic Mesh 001	3dtextures.me	CC0 1.0	textures	archviz,Plastic,Substance Designer	https://drive.google.com/open?id=19i7GQ0QhhJOUetqnVITryZkrPBcG93GY	https://3dtextures.me/2020/01/16/plastic-mesh-001/	node cong-cu/lay.mjs 3dtextures plastic-mesh-001
manhole-002	Manhole 002	3dtextures.me	CC0 1.0	textures	archviz,manhole,Metal,road,street,Substance Designer	https://drive.google.com/open?id=1dAxN2hAcRke3s29FV--UUcwcBFKt2Ow6	https://3dtextures.me/2020/01/15/manhole-002/	node cong-cu/lay.mjs 3dtextures manhole-002
rock-038	Rock 038	3dtextures.me	CC0 1.0	textures	archviz,cliff,rock,Rocks,Stone,Substance Designer	https://drive.google.com/open?id=1npdNFVX2zUzz7e3idXqjedyToRKxVvVD	https://3dtextures.me/2020/01/14/rock-038/	node cong-cu/lay.mjs 3dtextures rock-038
cliff-rock-002	Cliff Rock 002	3dtextures.me	CC0 1.0	textures	archviz,cliff,rock,Rocks,Stone,Substance Designer	https://drive.google.com/open?id=1yjYpbCoSA_LLh076ZEMgg__yQ2AH81cV	https://3dtextures.me/2020/01/13/cliff-rock-002/	node cong-cu/lay.mjs 3dtextures cliff-rock-002
wallpaper-glassweave-001	Wallpaper Glassweave 001	3dtextures.me	CC0 1.0	textures	archviz,glassweave,Substance Designer,Wall,Wallpaper	https://drive.google.com/open?id=1Na2-OcJaTVytBwgOmgHZ0lNmXUoMY7m2	https://3dtextures.me/2020/01/10/wallpaper-glassweave-001/	node cong-cu/lay.mjs 3dtextures wallpaper-glassweave-001
wallpaper-wood-chip-001	Wallpaper Wood Chip 001	3dtextures.me	CC0 1.0	textures	archviz,Substance Designer,Wall,Wallpaper,woodchip	https://drive.google.com/open?id=1j_Q_mEEkc-zzoRt43wlDPgmp9U3yusKi	https://3dtextures.me/2020/01/09/wallpaper-wood-chip-001/	node cong-cu/lay.mjs 3dtextures wallpaper-wood-chip-001
stone-path-002	Stone Path 002	3dtextures.me	CC0 1.0	textures	archviz,ground,path,pathway,rock,Rocks,Stone,Substance Designer	https://drive.google.com/open?id=1RRf2BzwBV9apY2ueZ62kzsV4Zfh9u_dU	https://3dtextures.me/2020/01/08/stone-path-002/	node cong-cu/lay.mjs 3dtextures stone-path-002
pebbles-015	Pebbles 015	3dtextures.me	CC0 1.0	textures	archviz,ground,Pebbles,rock,Rocks,Stone,Substance Designer	https://drive.google.com/open?id=1gHs_8Cg4_EMG7oXPIekgotb53_O4J49w	https://3dtextures.me/2020/01/07/pebbles-015/	node cong-cu/lay.mjs 3dtextures pebbles-015
surface-imperfections-scratches-001	Surface Imperfections - Scratches 001	3dtextures.me	CC0 1.0	textures	archviz,scratches,Substance Designer,surface imperfections	https://drive.google.com/open?id=1XwFJ6SlAmmOslhR4vCHXw8XHkRsvdCR7	https://3dtextures.me/2020/01/06/surface-imperfections-scratches-001/	node cong-cu/lay.mjs 3dtextures surface-imperfections-scratches-001
wood-pattern-stars-001	Wood Pattern Stars 001	3dtextures.me	CC0 1.0	textures	archviz,Pattern,Substance Designer,Wood	https://drive.google.com/open?id=113VyePGqjh0b_p7KT10woXjjlmThnrpi	https://3dtextures.me/2020/01/03/wood-pattern-stars-001/	node cong-cu/lay.mjs 3dtextures wood-pattern-stars-001
wood-door-002	Wood Door 002	3dtextures.me	CC0 1.0	textures	archviz,door,medieval,Substance Designer,Wood	https://drive.google.com/open?id=1T86Gki5P1q6qz6WfHqjyzRfDZZ4obo32	https://3dtextures.me/2020/01/02/wood-door-002/	node cong-cu/lay.mjs 3dtextures wood-door-002
stone-path-001	Stone Path 001	3dtextures.me	CC0 1.0	textures	archviz,Floor,ground,path,rock,Rocks,Stone,Stone Floor,Substance Designer	https://drive.google.com/open?id=1MPzkHqjy9WUm5BuX4ojmyOVDYeLzZj9b	https://3dtextures.me/2020/01/01/stone-path-001/	node cong-cu/lay.mjs 3dtextures stone-path-001
pebbles-014	Pebbles 014	3dtextures.me	CC0 1.0	textures	archviz,ground,Pebbles,Rocks,Substance Designer	https://drive.google.com/open?id=1QULu-TGb1_NqDmOWi1YjWkbtGb8yGaLE	https://3dtextures.me/2019/12/31/pebbles-014/	node cong-cu/lay.mjs 3dtextures pebbles-014
metal-panel-007	Metal Panel 007	3dtextures.me	CC0 1.0	textures	archviz,Metal,panel,Sci-fi,scifi,Substance Designer	https://drive.google.com/open?id=1wSa5qBQy16vFHatMoT2vo6lL0n46__9V	https://3dtextures.me/2019/12/30/metal-panel-007/	node cong-cu/lay.mjs 3dtextures metal-panel-007
glass-blocks-001a	Glass Blocks 001a	3dtextures.me	CC0 1.0	textures	archviz,block,glass,Substance Designer	https://drive.google.com/open?id=1QAWpFyOGHPITfNWVEElPYA-w8ZHFXoPD	https://3dtextures.me/2019/12/27/glass-blocks-001a/	node cong-cu/lay.mjs 3dtextures glass-blocks-001a
glass-blocks-001	Glass Blocks 001	3dtextures.me	CC0 1.0	textures	archviz,block,clear,glass,Substance Designer	https://drive.google.com/open?id=15pmPglpmcIoNAHPITaD6JrUTf7uvjT32	https://3dtextures.me/2019/12/26/glass-blocks-001/	node cong-cu/lay.mjs 3dtextures glass-blocks-001
rock-037	Rock 037	3dtextures.me	CC0 1.0	textures	archviz,ground,rock,Rocks,Stone,Substance Designer	https://drive.google.com/open?id=1bxSWLjmCcuoxy3tI-UiypwGzMkqeeabs	https://3dtextures.me/2019/12/25/rock-037/	node cong-cu/lay.mjs 3dtextures rock-037
pebbles-013	Pebbles 013	3dtextures.me	CC0 1.0	textures	archviz,Pebbles,Rocks,Substance Designer	https://drive.google.com/open?id=1jaTgY2C0ZqmI3cXk9fCRJCr7cpgRp32y	https://3dtextures.me/2019/12/24/pebbles-013/	node cong-cu/lay.mjs 3dtextures pebbles-013
metal-grill-012	Metal Grill 012	3dtextures.me	CC0 1.0	textures	archviz,grill,Metal,Substance Designer	https://drive.google.com/open?id=1uUuGsDaN7Oanzvy5V8TvO_PXeNN9yqiL	https://3dtextures.me/2019/12/23/metal-grill-012/	node cong-cu/lay.mjs 3dtextures metal-grill-012
metal-gate-001	Metal Gate 001	3dtextures.me	CC0 1.0	textures	archviz,cast,gate,iron,Metal,Substance Designer	https://drive.google.com/open?id=1jgXOc5SZi1hd8EPc6RURrDkgqhXJzrgu	https://3dtextures.me/2019/12/20/metal-gate-001/	node cong-cu/lay.mjs 3dtextures metal-gate-001
pebbles-012	Pebbles 012	3dtextures.me	CC0 1.0	textures	archviz,Pebbles,rock,Rocks,Stone,Substance Designer	https://drive.google.com/open?id=1LwcvcD_cmtAav-GXYj9UQGhGoc8d-WYx	https://3dtextures.me/2019/12/19/pebbles-012/	node cong-cu/lay.mjs 3dtextures pebbles-012
rock-porous-001	Rock - Porous - 001	3dtextures.me	CC0 1.0	textures	archviz,Pebbles,rock,Rocks,Stone,Substance Designer	https://drive.google.com/open?id=1aM420khyWit1LIe-FSfN-fZUX-NvFOvg	https://3dtextures.me/2019/12/18/rock-porous-001/	node cong-cu/lay.mjs 3dtextures rock-porous-001
pebbles-with-dirt-001	Pebbles with Dirt 001	3dtextures.me	CC0 1.0	textures	archviz,Pebbles,rock,Rocks,Stone,Substance Designer	https://drive.google.com/open?id=1jaUAFzg3RHW480IlKQPA-zBymeuIpzW0	https://3dtextures.me/2019/12/17/pebbles-with-dirt-001/	node cong-cu/lay.mjs 3dtextures pebbles-with-dirt-001
metal-plate-sci-fi-001	Metal Plate Sci-fi 001	3dtextures.me	CC0 1.0	textures	archviz,Metal,Sci-fi,scifi,Substance Designer	https://drive.google.com/open?id=1G5gk2hwKBEYJ9yns2GwnbtffF_EGoiLu	https://3dtextures.me/2019/12/16/metal-plate-sci-fi-001/	node cong-cu/lay.mjs 3dtextures metal-plate-sci-fi-001
tiles-034	Tiles 034	3dtextures.me	CC0 1.0	textures	archviz,cement,Concrete,Substance Designer,Tiles,Wall	https://drive.google.com/open?id=1tdSbH3pvCceMnHrWbSyNRaJzOd9jnguY	https://3dtextures.me/2019/12/13/tiles-034/	node cong-cu/lay.mjs 3dtextures tiles-034
concrete-016	Concrete 016	3dtextures.me	CC0 1.0	textures	archviz,cement,Concrete,Substance Designer,Wall	https://drive.google.com/open?id=127IqVjugHWZbu_63NW6taG2ZP5SXtQKB	https://3dtextures.me/2019/12/12/concrete-016/	node cong-cu/lay.mjs 3dtextures concrete-016
rock-036	Rock 036	3dtextures.me	CC0 1.0	textures	archviz,cliff,rock,Rocks,Stone,Substance Designer	https://drive.google.com/open?id=1ego4mPZ-fW1lNtHckzKBUYavLuZQGDQH	https://3dtextures.me/2019/12/11/rock-036/	node cong-cu/lay.mjs 3dtextures rock-036
forest-ground-002	Forest Ground 002	3dtextures.me	CC0 1.0	textures	archviz,Dirt,forest,ground,leaves,Organic,Substance Designer,Vegetable	https://drive.google.com/open?id=1jPaXZ7m--xZ4fyJIe_uRybvrqVeWUDNY	https://3dtextures.me/2019/12/10/forest-ground-002/	node cong-cu/lay.mjs 3dtextures forest-ground-002
tiles-033	Tiles 033	3dtextures.me	CC0 1.0	textures	archviz,bathroom,ceramic,kitchen,Substance Designer,Tiles	https://drive.google.com/open?id=1urwk_h87_WK8WlGuevp2iTIfcn5P71Te	https://3dtextures.me/2019/12/09/tiles-033/	node cong-cu/lay.mjs 3dtextures tiles-033
wood-wicker-005	Wood Wicker 005	3dtextures.me	CC0 1.0	textures	archviz,Substance Designer,weave,wicker,Wood	https://drive.google.com/open?id=107BpxkXCxy6Inh3nuYuNfodY7CJAe2NN	https://3dtextures.me/2019/12/06/wood-wicker-005/	node cong-cu/lay.mjs 3dtextures wood-wicker-005
pebbles-011	Pebbles 011	3dtextures.me	CC0 1.0	textures	archviz,cliff,Pebbles,rock,Rocks,Stone,Substance Designer	https://drive.google.com/open?id=1xTkU_A6aoLKlviYR1V9Ov8z6Nan_ayEn	https://3dtextures.me/2019/12/05/pebbles-011/	node cong-cu/lay.mjs 3dtextures pebbles-011
pebbles-010	Pebbles 010	3dtextures.me	CC0 1.0	textures	archviz,cliff,Pebbles,rock,Rocks,Stone,Substance Designer	https://drive.google.com/open?id=1O3W23-prCivP-JcJQPVymV1DjBNBH_ql	https://3dtextures.me/2019/12/04/pebbles-010/	node cong-cu/lay.mjs 3dtextures pebbles-010
rock-035	Rock 035	3dtextures.me	CC0 1.0	textures	archviz,cliff,rock,Rocks,Stone,Substance Designer	https://drive.google.com/open?id=1NPxupPNuNUCLw1koi1ixt6y_iJ-9_WbT	https://3dtextures.me/2019/12/03/rock-035/	node cong-cu/lay.mjs 3dtextures rock-035
tiles-032	Tiles 032	3dtextures.me	CC0 1.0	textures	archviz,bathroom,hexagons,kitchen,Substance Designer,Tiles,wc	https://drive.google.com/open?id=1-kKxQAtPFAYt7mc3CakOplXIlfE3Z6kL	https://3dtextures.me/2019/12/02/tiles-032/	node cong-cu/lay.mjs 3dtextures tiles-032
tiles-hexagons-001	Tiles Hexagons 001	3dtextures.me	CC0 1.0	textures	archviz,bathroom,hexagons,kitchen,Substance Designer,Tiles,wc	https://drive.google.com/open?id=19tTHwBIY8T8Iwj-WshDBUKHniM2_NGe-	https://3dtextures.me/2019/11/29/tiles-hexagons-001/	node cong-cu/lay.mjs 3dtextures tiles-hexagons-001
wood-acoustic-panel-001	Wood Acoustic Panel 001	3dtextures.me	CC0 1.0	textures	acoustic,archviz,Substance Designer,Wood	https://drive.google.com/open?id=1g4Us_N2rjfCXVU49wd7LIe-x5kVEyONC	https://3dtextures.me/2019/11/28/wood-acoustic-panel-001/	node cong-cu/lay.mjs 3dtextures wood-acoustic-panel-001
metal-plate-041	Metal Plate 041	3dtextures.me	CC0 1.0	textures	archviz,Metal,Sci-fi,scifi,Substance Designer	https://drive.google.com/open?id=1TYp43zp2KCx4AQ6WVfX13LrJKTvSQqKZ	https://3dtextures.me/2019/11/27/metal-plate-041/	node cong-cu/lay.mjs 3dtextures metal-plate-041
metal-grill-011	Metal Grill 011	3dtextures.me	CC0 1.0	textures	archviz,grill,Metal,Substance Designer	https://drive.google.com/open?id=1m-EMFBL-teE1PSwGt2_whhvK1J6tiHzy	https://3dtextures.me/2019/11/26/metal-grill-011/	node cong-cu/lay.mjs 3dtextures metal-grill-011
abstract-010	Abstract 010	3dtextures.me	CC0 1.0	textures	Abstract,archviz,Substance Designer	https://drive.google.com/open?id=1U1d61I4Pv_tihDFeS52TURiZ_nsVpKoa	https://3dtextures.me/2019/11/25/abstract-010/	node cong-cu/lay.mjs 3dtextures abstract-010
bark-004	Bark 004	3dtextures.me	CC0 1.0	textures	archviz,Bark,Organic,Substance Designer,tree,Vegetable,Wood	https://drive.google.com/open?id=1nGyLv76Hx5rGzJ7qhXqeYBx4ApuYsGsX	https://3dtextures.me/2019/11/22/bark-004/	node cong-cu/lay.mjs 3dtextures bark-004
brick-wall-017	Brick Wall 017	3dtextures.me	CC0 1.0	textures	archviz,Brick,clay,Substance Designer,Wall	https://drive.google.com/open?id=1iMRFmxE6vBiVvbO768zE9ndFMkq1aR-U	https://3dtextures.me/2019/11/21/brick-wall-017/	node cong-cu/lay.mjs 3dtextures brick-wall-017
stone-wall-012	Stone Wall 012	3dtextures.me	CC0 1.0	textures	archviz,rock,Stone,Substance Designer,Wall	https://drive.google.com/open?id=19yELqDjIEug-0ctnzXZI4wDqr39ANhWm	https://3dtextures.me/2019/11/20/stone-wall-012/	node cong-cu/lay.mjs 3dtextures stone-wall-012
carbon-fiber-001	Carbon Fiber 001	3dtextures.me	CC0 1.0	textures	archviz,carbon,carbon fiber,fiber,Misc,Substance Designer	https://drive.google.com/open?id=14HqVZrPoLJWno88NdF3G4jNfYU480pq9	https://3dtextures.me/2019/11/19/carbon-fiber-001/	node cong-cu/lay.mjs 3dtextures carbon-fiber-001
techno-greeble-002	Techno Greeble 002	3dtextures.me	CC0 1.0	textures	greeble,Metal,Misc,Sci-fi,spaceship,Substance Designer	https://drive.google.com/open?id=1DrwZ86oNyn6eELUnQqHUS6zOM1EsJnK8	https://3dtextures.me/2019/11/18/techno-greeble-002/	node cong-cu/lay.mjs 3dtextures techno-greeble-002
tiles-031	Tiles 031	3dtextures.me	CC0 1.0	textures	archviz,ceramic,Substance Designer,Tiles	https://drive.google.com/open?id=1yVnS92mb-XgaB3KoeB0st3J4X8sQpL-L	https://3dtextures.me/2019/11/15/tiles-031/	node cong-cu/lay.mjs 3dtextures tiles-031
metal-weave-007	Metal Weave 007	3dtextures.me	CC0 1.0	textures	archviz,Metal,Substance Designer,weave	https://drive.google.com/open?id=1pFvHNpbst81hiRtkm2fPMwaxxAA_Tnj1	https://3dtextures.me/2019/11/14/metal-weave-007/	node cong-cu/lay.mjs 3dtextures metal-weave-007
string-weave-001	String Weave 001	3dtextures.me	CC0 1.0	textures	archviz,Misc,string,Substance Designer,weave	https://drive.google.com/open?id=13buAUcN8fW6cCjxDYghfNXqhl1S7hpt-	https://3dtextures.me/2019/11/13/string-weave-001/	node cong-cu/lay.mjs 3dtextures string-weave-001
vent-002	Vent 002	3dtextures.me	CC0 1.0	textures	archviz,Metal,Misc,Substance Designer,vent	https://drive.google.com/open?id=1IGihc6zd52WzWAQ-kZuz9uDdrx-HHTbF	https://3dtextures.me/2019/11/12/vent-002/	node cong-cu/lay.mjs 3dtextures vent-002
kumiko-001	Kumiko 001	3dtextures.me	CC0 1.0	textures	archviz,furniture,japanese,kumiko,Substance Designer,Wood	https://drive.google.com/open?id=14HYVRaw94QHkjQ4vf6WKJe4w6ZYz8T9b	https://3dtextures.me/2019/11/11/kumiko-001/	node cong-cu/lay.mjs 3dtextures kumiko-001
tiles-lantern-001	Tiles Lantern 001	3dtextures.me	CC0 1.0	textures	arabesque,arabic,archviz,ceramic,Substance Designer,Tiles	https://drive.google.com/open?id=1Cki5rjtkf5lXfG_suxONOKZB2s4qNQIZ	https://3dtextures.me/2019/11/08/tiles-lantern-001/	node cong-cu/lay.mjs 3dtextures tiles-lantern-001
metal-weave-006	Metal Weave 006	3dtextures.me	CC0 1.0	textures	archviz,Metal,Sci-fi,scifi,Substance Designer,weave	https://drive.google.com/open?id=1ZxcTp-XT6PNejzzZF822K4PHaE1lyy1L	https://3dtextures.me/2019/11/07/metal-weave-006/	node cong-cu/lay.mjs 3dtextures metal-weave-006
roof-tiles-terracotta-003	Roof Tiles - Terracotta 003	3dtextures.me	CC0 1.0	textures	archviz,Roof,Substance Designer,terracotta,Tiles	https://drive.google.com/open?id=1d3ZaH_4Xym6KmMgWJnAzdYiye8_c-c0Y	https://3dtextures.me/2019/11/06/roof-tiles-terracotta-003/	node cong-cu/lay.mjs 3dtextures roof-tiles-terracotta-003
leather-diamond-patches-001	Leather - Diamond Patches 001	3dtextures.me	CC0 1.0	textures	archviz,Leather,Organic,Pattern,Substance Designer	https://drive.google.com/open?id=1ij9_CqpQi8gOYENVLW4JzV1aszKikiaL	https://3dtextures.me/2019/11/05/leather-diamond-patches-001/	node cong-cu/lay.mjs 3dtextures leather-diamond-patches-001
metal-weave-005	Metal Weave 005	3dtextures.me	CC0 1.0	textures	archviz,Metal,Pattern,Sci-fi,scifi,Substance Designer,weave	https://drive.google.com/open?id=179V1tutAkaFNry21U22oTY7aKPSm9lIG	https://3dtextures.me/2019/11/04/metal-weave-005/	node cong-cu/lay.mjs 3dtextures metal-weave-005
metal-pattern-002	Metal Pattern 002	3dtextures.me	CC0 1.0	textures	archviz,Metal,Pattern,Sci-fi,scifi,Substance Designer	https://drive.google.com/open?id=16p9U-zAjL8dMLTISh2oYLRYLwylo4MWu	https://3dtextures.me/2019/11/01/metal-pattern-002/	node cong-cu/lay.mjs 3dtextures metal-pattern-002
roof-tiles-terracotta-002	Roof Tiles - Terracotta 002	3dtextures.me	CC0 1.0	textures	archviz,Roof,Substance Designer,terracotta,Tiles	https://drive.google.com/open?id=1zkLm5J5XC6plmlQfUoYeQtiHjYW2AcC3	https://3dtextures.me/2019/10/31/roof-tiles-terracotta-002/	node cong-cu/lay.mjs 3dtextures roof-tiles-terracotta-002
ground-wet-tire-tracks-001	Ground Wet - Tire Tracks 001	3dtextures.me	CC0 1.0	textures	archviz,Dirt,ground,mud,Substance Designer,tires,tracks	https://drive.google.com/open?id=1_BZZ07j5EOOLSAIAakw1C8Nut149RW67	https://3dtextures.me/2019/10/30/ground-wet-tire-tracks-001/	node cong-cu/lay.mjs 3dtextures ground-wet-tire-tracks-001
metal-weave-004	Metal Weave 004	3dtextures.me	CC0 1.0	textures	Metal,Sci-fi,scifi,Substance Designer,weave	https://drive.google.com/open?id=1Oft2oa6DTDDRh-V-YUtoag-t2TGly-Wo	https://3dtextures.me/2019/10/29/metal-weave-004/	node cong-cu/lay.mjs 3dtextures metal-weave-004
coral-001	Coral 001	3dtextures.me	CC0 1.0	textures	Animal,coral,Organic,reef,sea,Substance Designer	https://drive.google.com/open?id=1IsL_n6hQyIOOIWnQeBGKcfBAsm9nQ0iC	https://3dtextures.me/2019/10/28/coral-001/	node cong-cu/lay.mjs 3dtextures coral-001
metal-painted-001a	Metal Painted 001a	3dtextures.me	CC0 1.0	textures	archviz,Metal,paint,painted,Substance Designer	https://drive.google.com/open?id=1dvKJm3zIZJUJwd6I6XK_tYGwuyCLr3jQ	https://3dtextures.me/2019/10/25/metal-painted-001a/	node cong-cu/lay.mjs 3dtextures metal-painted-001a
brick-wall-016	Brick Wall 016	3dtextures.me	CC0 1.0	textures	archviz,Brick,cement,clay,Substance Designer,Wall	https://drive.google.com/open?id=1uTFzvKS6dfRue9giQozsSjoCzdRmwq2F	https://3dtextures.me/2019/10/24/brick-wall-016/	node cong-cu/lay.mjs 3dtextures brick-wall-016
cliff-rock-001	Cliff Rock 001	3dtextures.me	CC0 1.0	textures	archviz,cliff,rock,Rocks,Substance Designer	https://drive.google.com/open?id=17zO-eZ0yQKmYthbK62gMTrEc1bQkeNh1	https://3dtextures.me/2019/10/23/cliff-rock-001/	node cong-cu/lay.mjs 3dtextures cliff-rock-001
ground-wet-002	Ground Wet 002	3dtextures.me	CC0 1.0	textures	archviz,Dirt,ground,mud,Substance Designer	https://drive.google.com/open?id=1wTJKaRzIOBubYwFU9euridYbp88HeqEa	https://3dtextures.me/2019/10/22/ground-wet-002/	node cong-cu/lay.mjs 3dtextures ground-wet-002
ground-dirt-007	Ground Dirt 007	3dtextures.me	CC0 1.0	textures	archviz,Dirt,ground,Substance Designer	https://drive.google.com/open?id=1hF0gFN2KgUlZG2IgsXa8eKIvGZEYQZ-h	https://3dtextures.me/2019/10/21/ground-dirt-007/	node cong-cu/lay.mjs 3dtextures ground-dirt-007
tiles-stars-and-hexagons-001	Tiles Stars and Hexagons 001	3dtextures.me	CC0 1.0	textures	archviz,ceramic,Substance Designer,Tiles	https://drive.google.com/open?id=1cyHEm2JlGNQ0VY-UyEo6selaeo4zlB6X	https://3dtextures.me/2019/10/18/tiles-stars-and-hexagons-001/	node cong-cu/lay.mjs 3dtextures tiles-stars-and-hexagons-001
tiles-stars-and-crosses-001	Tiles Stars and Crosses 001	3dtextures.me	CC0 1.0	textures	archviz,ceramic,Substance Designer,Tiles	https://drive.google.com/open?id=1IKQHhvTKm1S31PHtheLR852tku0Mh6IJ	https://3dtextures.me/2019/10/17/tiles-stars-and-crosses-001/	node cong-cu/lay.mjs 3dtextures tiles-stars-and-crosses-001
concrete-wall-002	Concrete Wall 002	3dtextures.me	CC0 1.0	textures	Concrete,Substance Designer,Wall	https://drive.google.com/open?id=1ULQ-LVEO6NIgODwkgc3nVT-akLGgIzjf	https://3dtextures.me/2019/10/16/concrete-wall-002/	node cong-cu/lay.mjs 3dtextures concrete-wall-002
metal-grill-010	Metal Grill 010	3dtextures.me	CC0 1.0	textures	grill,Metal,Sci-fi,scifi,Substance Designer	https://drive.google.com/open?id=1xnV9NTC7ocYZK2KafN3e3gXmg17oSwB0	https://3dtextures.me/2019/10/15/metal-grill-010/	node cong-cu/lay.mjs 3dtextures metal-grill-010
soundproof-wool-001	Soundproof Wool 001	3dtextures.me	CC0 1.0	textures	soundproof,Substance Designer	https://drive.google.com/open?id=1S1RVgKDyXPk49roQod_25Xs0MPfGug-Q	https://3dtextures.me/2019/10/14/soundproof-wool-001/	node cong-cu/lay.mjs 3dtextures soundproof-wool-001
sci-fi-wall-003	Sci-fi Wall 003	3dtextures.me	CC0 1.0	textures	Fabric,Metal,Sci-fi,scifi,Substance Designer,Wall	https://drive.google.com/open?id=1n7j098Z93-YdEur95nGmGI7V91BOVazy	https://3dtextures.me/2019/10/11/sci-fi-wall-003/	node cong-cu/lay.mjs 3dtextures sci-fi-wall-003
tiles-030	Tiles 030	3dtextures.me	CC0 1.0	textures	Floor,flooring,Substance Designer,Tiles	https://drive.google.com/open?id=1mNJYfco3clf5xR3MucYZDosP-4rOcmgr	https://3dtextures.me/2019/10/10/tiles-030/	node cong-cu/lay.mjs 3dtextures tiles-030
metal-weave-003	Metal Weave 003	3dtextures.me	CC0 1.0	textures	Metal,stainless,steel,Substance Designer,weave	https://drive.google.com/open?id=1jJuqHNIKxafOIgnAMG8BV6OIP4SpUrts	https://3dtextures.me/2019/10/09/metal-weave-003/	node cong-cu/lay.mjs 3dtextures metal-weave-003
honeycomb-002	Honeycomb 002	3dtextures.me	CC0 1.0	textures	Animal,honey,honeycomb,Organic,Substance Designer	https://drive.google.com/open?id=1buSi8mzLcItPvIkWEa85FieW1VinOda3	https://3dtextures.me/2019/10/08/honeycomb-002/	node cong-cu/lay.mjs 3dtextures honeycomb-002
marble-tiles-001	Marble Tiles 001	3dtextures.me	CC0 1.0	textures	architecture,archviz,Floor,Marble,Substance Designer,Tiles	https://drive.google.com/open?id=1tTYviQTsHgQi5Fess0p0rRAM6OBtYA0B	https://3dtextures.me/2019/10/07/marble-tiles-001/	node cong-cu/lay.mjs 3dtextures marble-tiles-001
sci-fi-wall-002	Sci-Fi Wall 002	3dtextures.me	CC0 1.0	textures	architecture,archviz,Fabric,Metal,Sci-fi,Substance Designer	https://drive.google.com/open?id=11ESQhcxYWQWsa58aYnMVS9BT5Rn_BKd-	https://3dtextures.me/2019/10/04/sci-fi-wall-002/	node cong-cu/lay.mjs 3dtextures sci-fi-wall-002
metal-grill-009	Metal Grill 009	3dtextures.me	CC0 1.0	textures	architecture,archviz,Metal,Sci-fi,Substance Designer	https://drive.google.com/open?id=157qRYmV4FqYrTNLeeieePlnnH1u-Lbzb	https://3dtextures.me/2019/10/03/metal-grill-009/	node cong-cu/lay.mjs 3dtextures metal-grill-009
sci-fi-padded-fabric-001	Sci-Fi Padded Fabric 001	3dtextures.me	CC0 1.0	textures	architecture,archviz,Fabric,Metal,Padded,Sci-fi,Substance Designer	https://drive.google.com/open?id=1SizREKRhp66k12IUJ4JBux4QuzQhwEfi	https://3dtextures.me/2019/10/02/sci-fi-padded-fabric-001/	node cong-cu/lay.mjs 3dtextures sci-fi-padded-fabric-001
metal-fence-001	Metal Fence 001	3dtextures.me	CC0 1.0	textures	architecture,archviz,fence,iron,Metal,Substance Designer	https://drive.google.com/open?id=1npPVqc3OprrUWbvnEVzOltP-eq6PeJ_n	https://3dtextures.me/2019/10/01/metal-fence-001/	node cong-cu/lay.mjs 3dtextures metal-fence-001
fabric-padded-004	Fabric Padded 004	3dtextures.me	CC0 1.0	textures	architecture,archviz,armchair,couch,Fabric,Padded,Substance Designer,velvet	https://drive.google.com/open?id=1MmKrhIiBICluDbRCTapFX3hE5AII5_ot	https://3dtextures.me/2019/09/30/fabric-padded-004/	node cong-cu/lay.mjs 3dtextures fabric-padded-004
tiles-029	Tiles 029	3dtextures.me	CC0 1.0	textures	architecture,archviz,bathroom,ceramic,kitchen,Substance Designer,Tiles	https://drive.google.com/open?id=1eVQz8xwIOULMArKp9sIzmK2IHDql6IX0	https://3dtextures.me/2019/09/27/tiles-029/	node cong-cu/lay.mjs 3dtextures tiles-029
concrete-tiles-001	Concrete Tiles 001	3dtextures.me	CC0 1.0	textures	Concrete,Substance Designer,Tiles	https://drive.google.com/open?id=1QlX-bzt7lqrMS4FW2T1YNruamAd7Z6nb	https://3dtextures.me/2019/09/26/concrete-tiles-001/	node cong-cu/lay.mjs 3dtextures concrete-tiles-001
sea-mine-001	Sea Mine 001	3dtextures.me	CC0 1.0	textures	Metal,military,mine,Misc,naval,Sci-fi,Substance Designer	https://drive.google.com/open?id=1EdvS9KwjUpBM36QKnTkth1SHythmNtjx	https://3dtextures.me/2019/09/25/sea-mine-001/	node cong-cu/lay.mjs 3dtextures sea-mine-001
metal-grill-008	Metal Grill 008	3dtextures.me	CC0 1.0	textures	grill,Metal,Sci-fi,scifi,Substance Designer	https://drive.google.com/open?id=1vVe8SIy51DOl_VPh8_d0q6FwQS4sHqVN	https://3dtextures.me/2019/09/24/metal-grill-008/	node cong-cu/lay.mjs 3dtextures metal-grill-008
abstract-organic-003	Abstract Organic 003	3dtextures.me	CC0 1.0	textures	Abstract,Animal,blood,brain,Organic,Substance Designer	https://drive.google.com/open?id=1HJV2aC0ON2DLQtOJ67BOpfRl5DWcXb9j	https://3dtextures.me/2019/09/23/abstract-organic-003/	node cong-cu/lay.mjs 3dtextures abstract-organic-003
wood-021	Wood 021	3dtextures.me	CC0 1.0	textures	furniture,Substance Designer,Wood	https://drive.google.com/open?id=1s8LLiyfBtFq4ms8CKlyJzCX8NXfebmEN	https://3dtextures.me/2019/09/20/wood-021/	node cong-cu/lay.mjs 3dtextures wood-021
wood-020	Wood 020	3dtextures.me	CC0 1.0	textures	furniture,mahogany,Substance Designer,Wood	https://drive.google.com/open?id=1ZGU8X9qRYnqp6eRBS4pm2xDHHzhv9f_Y	https://3dtextures.me/2019/09/19/wood-020/	node cong-cu/lay.mjs 3dtextures wood-020
wood-019	Wood 019	3dtextures.me	CC0 1.0	textures	furniture,mahogany,Substance Designer,Wood	https://drive.google.com/open?id=1ShYIb9gf2lvtfctq3ECITsSVEKJ3-DpT	https://3dtextures.me/2019/09/18/wood-019/	node cong-cu/lay.mjs 3dtextures wood-019
rubber-sole-003	Rubber Sole 003	3dtextures.me	CC0 1.0	textures	rubber,shoes,Substance Designer	https://drive.google.com/open?id=10GGVs0nNfO4X9mh56HPfR_DM6i58muNK	https://3dtextures.me/2019/09/17/rubber-sole-003/	node cong-cu/lay.mjs 3dtextures rubber-sole-003
metal-plate-040	Metal Plate 040	3dtextures.me	CC0 1.0	textures	Metal,Sci-fi,Substance Designer	https://drive.google.com/open?id=18YEUa78JGmgbJU_0tRfY6jU7NVpR_UTN	https://3dtextures.me/2019/09/16/metal-plate-040/	node cong-cu/lay.mjs 3dtextures metal-plate-040
stylized-cliff-rock-001	Stylized Cliff Rock 001	3dtextures.me	CC0 1.0	textures	cliff,handpainted,rock,stylized,Substance Designer	https://drive.google.com/open?id=1wwM0_OpPZlebhKD1mRwGjMXu6fNk1BHL	https://3dtextures.me/2019/09/13/stylized-cliff-rock-001/	node cong-cu/lay.mjs 3dtextures stylized-cliff-rock-001
obsidian-001	Obsidian 001	3dtextures.me	CC0 1.0	textures	gem,Gems,obsidian,precious,Stone,Substance Designer	https://drive.google.com/open?id=1wKionCfGTYp72GEENoIIA6fRIiOtxRWd	https://3dtextures.me/2019/09/12/obsidian-001/	node cong-cu/lay.mjs 3dtextures obsidian-001
jungle-floor-001	Jungle Floor 001	3dtextures.me	CC0 1.0	textures	Dirt,Floor,forest,jungle,mud,Organic,Substance Designer,Vegetable	https://drive.google.com/open?id=1_GzWe9Z2t5R8A_ob7MkoWyvl4Ef7CV-6	https://3dtextures.me/2019/09/11/jungle-floor-001/	node cong-cu/lay.mjs 3dtextures jungle-floor-001
honeycomb-001	Honeycomb 001	3dtextures.me	CC0 1.0	textures	Animal,bees,hive,honey,honeycomb,Organic,Substance Designer	https://drive.google.com/open?id=1WIVD5qgWp52ojrWaItjiZZd5c7ZqfuLo	https://3dtextures.me/2019/09/10/honeycomb-001/	node cong-cu/lay.mjs 3dtextures honeycomb-001
metal-grill-007	Metal Grill 007	3dtextures.me	CC0 1.0	textures	Fabric,Metal,Substance Designer	https://drive.google.com/open?id=17YVgQQnQVDdxeLeRswMV9BKyr6rjFsQA	https://3dtextures.me/2019/09/09/metal-grill-007/	node cong-cu/lay.mjs 3dtextures metal-grill-007
solar-panel-001	Solar Panel 001	3dtextures.me	CC0 1.0	textures	Metal,Misc,panel,solar,Substance Designer	https://drive.google.com/open?id=1nis5XuiDoClxojvThS1FxrjhouWYaqiy	https://3dtextures.me/2019/09/06/solar-panel-001/	node cong-cu/lay.mjs 3dtextures solar-panel-001
plastic-weave-001	Plastic Weave 001	3dtextures.me	CC0 1.0	textures	Plastic,Substance Designer,weave	https://drive.google.com/open?id=1nYUhDgb0PfkninNQ4xw1viWXy0BQ48Oy	https://3dtextures.me/2019/09/05/plastic-weave-001/	node cong-cu/lay.mjs 3dtextures plastic-weave-001
metal-plate-031	Metal Plate 031	3dtextures.me	CC0 1.0	textures	Metal,Sci-fi,scifi,Substance Designer	https://drive.google.com/open?id=1Mrwr9Mq4JDcfIhuelQe06u_C3RyJBvJL	https://3dtextures.me/2019/09/04/metal-plate-031/	node cong-cu/lay.mjs 3dtextures metal-plate-031
metal-plate-030	Metal Plate 030	3dtextures.me	CC0 1.0	textures	Metal,Sci-fi,scifi,Substance Designer	https://drive.google.com/open?id=1CeuWleP_NNm6P5KyKj4CALbLSKCEWDM6	https://3dtextures.me/2019/09/03/metal-plate-030/	node cong-cu/lay.mjs 3dtextures metal-plate-030
coin-stack-003a	Coin Stack 003a	3dtextures.me	CC0 1.0	textures	coins,Metal,Misc,Substance Designer	https://drive.google.com/open?id=1XMhSZTTY5y-lg_YpYwGDtgndPW0qWaV5	https://3dtextures.me/2019/09/02/coin-stack-003a/	node cong-cu/lay.mjs 3dtextures coin-stack-003a
rubber-sole-002	Rubber Sole 002	3dtextures.me	CC0 1.0	textures	rubber,shoes,Substance Designer	https://drive.google.com/open?id=1-hktt6lagw1IBU-kQaedS8XeJmrUDtDW	https://3dtextures.me/2019/08/30/rubber-sole-002/	node cong-cu/lay.mjs 3dtextures rubber-sole-002
metal-plate-029	Metal Plate 029	3dtextures.me	CC0 1.0	textures	Metal,Sci-fi,scifi,Substance Designer	https://drive.google.com/open?id=1vbrbY_6lK_Vj3h966PTnl33BpJTaET5c	https://3dtextures.me/2019/08/29/metal-plate-029/	node cong-cu/lay.mjs 3dtextures metal-plate-029
techno-greeble-001	Techno Greeble 001	3dtextures.me	CC0 1.0	textures	greeble,Metal,Misc,Sci-fi,spaceship,Substance Designer	https://drive.google.com/open?id=1_IWbDGMkQPOpKM8DOJBUfdigS4x5_dOa	https://3dtextures.me/2019/08/28/techno-greeble-001/	node cong-cu/lay.mjs 3dtextures techno-greeble-001
coin-stack-003	Coin Stack 003	3dtextures.me	CC0 1.0	textures	coins,Metal,Misc,Substance Designer	https://drive.google.com/open?id=1c8zCntxtdesry7EDA-snjMTnyMhdYOAs	https://3dtextures.me/2019/08/27/coin-stack-003/	node cong-cu/lay.mjs 3dtextures coin-stack-003
coin-stack-002	Coin Stack 002	3dtextures.me	CC0 1.0	textures	coins,Metal,Misc,Substance Designer	https://drive.google.com/open?id=1HaRie04rx2fQBZWG-kkeGq6M7QWKimo6	https://3dtextures.me/2019/08/26/coin-stack-002/	node cong-cu/lay.mjs 3dtextures coin-stack-002
sode-armor-001	Sode Armor 001	3dtextures.me	CC0 1.0	textures	armor,japanese,Metal,Misc,samurai,sode,Substance Designer	https://drive.google.com/open?id=1gPhhMNgyv6FW_OshgNTIEG3XS11WRAlP	https://3dtextures.me/2019/08/23/sode-armor-001/	node cong-cu/lay.mjs 3dtextures sode-armor-001
rug-005	Rug 005	3dtextures.me	CC0 1.0	textures	carpet,Fabric,Rug,Substance Designer	https://drive.google.com/open?id=17jk2gmAKEyjyDuy_K5p8gBd7uOlb_zmR	https://3dtextures.me/2019/08/22/rug-005/	node cong-cu/lay.mjs 3dtextures rug-005
rubber-sole-001	Rubber Sole 001	3dtextures.me	CC0 1.0	textures	rubber,shoes,Substance Designer	https://drive.google.com/open?id=1fJbb_0k4cweOVybit0K6iWhdMplAccWJ	https://3dtextures.me/2019/08/21/rubber-sole-001/	node cong-cu/lay.mjs 3dtextures rubber-sole-001
metal-grill-006a	Metal Grill 006a	3dtextures.me	CC0 1.0	textures	grill,Metal,Sci-fi,Substance Designer	https://drive.google.com/open?id=1gT-8SdnQwDqPsm9B6uKrL8eUVIO5wbgg	https://3dtextures.me/2019/08/20/metal-grill-006a/	node cong-cu/lay.mjs 3dtextures metal-grill-006a
corrugated-metal-grill-001a	Corrugated Metal Grill 001a	3dtextures.me	CC0 1.0	textures	corrugated,Metal,perforated,Substance Designer	https://drive.google.com/open?id=1Bk797CLdkYrkG_b4bUXJNetctx82LkJQ	https://3dtextures.me/2019/08/19/corrugated-metal-grill-001a/	node cong-cu/lay.mjs 3dtextures corrugated-metal-grill-001a
metal-grill-006	Metal Grill 006	3dtextures.me	CC0 1.0	textures	grill,Metal,Substance Designer	https://drive.google.com/open?id=1oxZixyFeaTgH4GY5oK4yvzQMMuF_tS6Q	https://3dtextures.me/2019/08/16/metal-grill-006/	node cong-cu/lay.mjs 3dtextures metal-grill-006
marker-pens-001	Marker Pens 001	3dtextures.me	CC0 1.0	textures	markers,Misc,office,pens,Substance Designer	https://drive.google.com/open?id=1rycwfGTEYLb4v66xStiUoA5-oWs7iSGW	https://3dtextures.me/2019/08/15/marker-pens-001/	node cong-cu/lay.mjs 3dtextures marker-pens-001
glass-pattern-002	Glass Pattern 002	3dtextures.me	CC0 1.0	textures	glass,Metal,Substance Designer,window	https://drive.google.com/open?id=1tLmUWv9WocFh88XMqsexdTkMDE6R2ABg	https://3dtextures.me/2019/08/14/glass-pattern-002/	node cong-cu/lay.mjs 3dtextures glass-pattern-002
corrugated-metal-grill-001	Corrugated Metal Grill 001	3dtextures.me	CC0 1.0	textures	corrugated,Metal,perforated,Substance Designer	https://drive.google.com/open?id=1RBlhs3mcQYjVeZYF1e53EOEC0MyJ-2oN	https://3dtextures.me/2019/08/13/corrugated-metal-grill-001/	node cong-cu/lay.mjs 3dtextures corrugated-metal-grill-001
arc-pavement-001	Arc Pavement 001	3dtextures.me	CC0 1.0	textures	cobblestone,Floor,flooring,Stone,Stone Floor,Substance Designer	https://drive.google.com/open?id=1B5hYfURf-SwgaTa63kGkv9GZu1dkDb-Y	https://3dtextures.me/2019/08/12/arc-pavement-001/	node cong-cu/lay.mjs 3dtextures arc-pavement-001
wood-grid-001	Wood Grid 001	3dtextures.me	CC0 1.0	textures	grid,grill,Substance Designer,Wood	https://drive.google.com/open?id=1pIdHHKBsI0EaLxx3-ATujW4kbx4fPSYL	https://3dtextures.me/2019/08/09/wood-grid-001/	node cong-cu/lay.mjs 3dtextures wood-grid-001
rug-004	Rug 004	3dtextures.me	CC0 1.0	textures	Fabric,Rug,Substance Designer,textile	https://drive.google.com/open?id=1fZ1c4K73lpWa7olpPFrRo2KBnqn04TYX	https://3dtextures.me/2019/08/08/rug-004/	node cong-cu/lay.mjs 3dtextures rug-004
fabric-020a	Fabric 020a	3dtextures.me	CC0 1.0	textures	cloth,Fabric,halloween,Substance Designer,textile	https://drive.google.com/open?id=1EVZhdLDdrIPFUvKcS_ngcXPMozyiYOyg	https://3dtextures.me/2019/08/07/fabric-020a/	node cong-cu/lay.mjs 3dtextures fabric-020a
concrete-bricks-001	Concrete Bricks 001	3dtextures.me	CC0 1.0	textures	Concrete,Floor,flooring,Substance Designer	https://drive.google.com/open?id=1PrNEmhf6YphMv8F7SwpF2rZFpjySR2Wl	https://3dtextures.me/2019/08/06/concrete-bricks-001/	node cong-cu/lay.mjs 3dtextures concrete-bricks-001
abstract-009	Abstract 009	3dtextures.me	CC0 1.0	textures	Abstract,Sci-fi,scifi,Substance Designer	https://drive.google.com/open?id=1eLTnyAcnB1P1ftaq2Jy4biLkRCat6-z5	https://3dtextures.me/2019/08/05/abstract-009/	node cong-cu/lay.mjs 3dtextures abstract-009
metal-plate-028	Metal Plate 028	3dtextures.me	CC0 1.0	textures	Metal,Sci-fi,scifi,Substance Designer	https://drive.google.com/open?id=1k0vq3s5DHh1ub-YpnBRA33cmyDniSU6b	https://3dtextures.me/2019/08/02/metal-plate-028/	node cong-cu/lay.mjs 3dtextures metal-plate-028
metal-plate-027	Metal Plate 027	3dtextures.me	CC0 1.0	textures	Metal,Sci-fi,scifi,Substance Designer	https://drive.google.com/open?id=1JGPCFDpH-aoaifh-OKqaT0wrO8k6nd2o	https://3dtextures.me/2019/08/01/metal-plate-027/	node cong-cu/lay.mjs 3dtextures metal-plate-027
rug-003	Rug 003	3dtextures.me	CC0 1.0	textures	cloth,Fabric,Rug,Substance Designer,textile	https://drive.google.com/open?id=1pyqMMkZYC-Op19SRolSwzp6IkUpvxpzA	https://3dtextures.me/2019/07/31/rug-003/	node cong-cu/lay.mjs 3dtextures rug-003
fabric-camo-003	Fabric Camo 003	3dtextures.me	CC0 1.0	textures	army,Camo,camouflage,cloth,Fabric,soldier,Substance Designer,textile	https://drive.google.com/open?id=1MbIrWMHo4fbougbFthOxleIxomGhnMgl	https://3dtextures.me/2019/07/30/fabric-camo-003/	node cong-cu/lay.mjs 3dtextures fabric-camo-003
fabric-020	Fabric 020	3dtextures.me	CC0 1.0	textures	cloth,Fabric,Substance Designer,textile	https://drive.google.com/open?id=1ic6BN1k86uLcxpQrYcHoXjEat7Cvydr1	https://3dtextures.me/2019/07/29/fabric-020/	node cong-cu/lay.mjs 3dtextures fabric-020
wood-wicker-004	Wood Wicker 004	3dtextures.me	CC0 1.0	textures	Substance Designer,weave,wicket,Wood	https://drive.google.com/open?id=1Pfg_o5q-Ci-j3Q5WrQhIrxq8hY9FyiFX	https://3dtextures.me/2019/07/26/wood-wicker-004/	node cong-cu/lay.mjs 3dtextures wood-wicker-004
tiles-028	Tiles 028	3dtextures.me	CC0 1.0	textures	Substance Designer,Tiles	https://drive.google.com/open?id=1qsrIBwNsk2d62NlHzNEXhLOOcxpvxNHB	https://3dtextures.me/2019/07/25/tiles-028/	node cong-cu/lay.mjs 3dtextures tiles-028
dragon-scales-001	Dragon Scales 001	3dtextures.me	CC0 1.0	textures	Animal,dragon,fantasy,Organic,Scales,Substance Designer	https://drive.google.com/open?id=1EYFSvr44L0k-taPSEI0zUAa7hfc2uYuW	https://3dtextures.me/2019/07/24/dragon-scales-001/	node cong-cu/lay.mjs 3dtextures dragon-scales-001
metal-plate-026	Metal Plate 026	3dtextures.me	CC0 1.0	textures	Metal,Sci-fi,scifi,Substance Designer	https://drive.google.com/open?id=1b_df9s5IUa7mdDv8YVvfiZjPw3ncIXn_	https://3dtextures.me/2019/07/23/metal-plate-026/	node cong-cu/lay.mjs 3dtextures metal-plate-026
azulejo-tiles-005	Azulejo Tiles 005	3dtextures.me	CC0 1.0	textures	azulejos,ceramic,Substance Designer,Tiles	https://drive.google.com/open?id=1zy-ex_04dhc57iu52bsNlBXnI_yju__L	https://3dtextures.me/2019/07/22/azulejo-tiles-005/	node cong-cu/lay.mjs 3dtextures azulejo-tiles-005
terrazzo-tiles-001	Terrazzo Tiles 001	3dtextures.me	CC0 1.0	textures	Floor,flooring,Substance Designer,terrazzo,Tiles	https://drive.google.com/open?id=1-EukVRkR6iERzPZ1rZa_Z8O4lu95YlDu	https://3dtextures.me/2019/07/19/terrazzo-tiles-001/	node cong-cu/lay.mjs 3dtextures terrazzo-tiles-001
plastic-grill-001	Plastic Grill 001	3dtextures.me	CC0 1.0	textures	car,grill,Plastic,Substance Designer	https://drive.google.com/open?id=1eq_EunpXWsfO6TUMRYwpyWJmd8a4di3T	https://3dtextures.me/2019/07/18/plastic-grill-001/	node cong-cu/lay.mjs 3dtextures plastic-grill-001
pebbles-009	Pebbles 009	3dtextures.me	CC0 1.0	textures	Floor,ground,Pebbles,Rocks,Substance Designer	https://drive.google.com/open?id=18zg2szqYLtNyreIDPxSIyxplF3tjedBi	https://3dtextures.me/2019/07/17/pebbles-009/	node cong-cu/lay.mjs 3dtextures pebbles-009
metal-plate-025	Metal Plate 025	3dtextures.me	CC0 1.0	textures	Metal,Sci-fi,Substance Designer	https://drive.google.com/open?id=1tmto3XvWGkvyQvISDj1e7rXeS48BTefA	https://3dtextures.me/2019/07/16/metal-plate-025/	node cong-cu/lay.mjs 3dtextures metal-plate-025
concrete-column-001	Concrete Column 001	3dtextures.me	CC0 1.0	textures	Concrete,Rocks,Substance Designer,Wall	https://drive.google.com/open?id=1NTw9cigWVigXAhbbFOKujen2V1yskDW4	https://3dtextures.me/2019/07/15/concrete-column-001/	node cong-cu/lay.mjs 3dtextures concrete-column-001
tiles-027	Tiles 027	3dtextures.me	CC0 1.0	textures	ceramic,Substance Designer,Tiles,Wall	https://drive.google.com/open?id=13p5_i6NQjOLps-YLZ-WMR4usHPEKp1Hm	https://3dtextures.me/2019/07/12/tiles-027/	node cong-cu/lay.mjs 3dtextures tiles-027
stone-wall-011	Stone Wall 011	3dtextures.me	CC0 1.0	textures	Moss,rock,Rocks,Stone,Substance Designer,Wall	https://drive.google.com/open?id=1cqRqEOgxPqjP4Z69sfxLQ3iMWOJr-20K	https://3dtextures.me/2019/07/11/stone-wall-011/	node cong-cu/lay.mjs 3dtextures stone-wall-011
rock-034	Rock 034	3dtextures.me	CC0 1.0	textures	ground,rock,Rocks,Stone,Substance Designer	https://drive.google.com/open?id=18H0jmJuJij2jsQuG283AYT3KJuI9-cSn	https://3dtextures.me/2019/07/10/rock-034/	node cong-cu/lay.mjs 3dtextures rock-034
metal-plate-022a	Metal Plate 022a	3dtextures.me	CC0 1.0	textures	Metal,plate,Sci-fi,Substance Designer	https://drive.google.com/open?id=1ffdaXe_v0RQWwhCmgIsSWLcPmDxAgp4J	https://3dtextures.me/2019/07/09/metal-plate-022a/	node cong-cu/lay.mjs 3dtextures metal-plate-022a
metal-grill-005a	Metal Grill 005a	3dtextures.me	CC0 1.0	textures	grill,Metal,Sci-fi,Substance Designer	https://drive.google.com/open?id=1KrPMeuhOJYb_D0dYyxXBtGrYVxVXqSwN	https://3dtextures.me/2019/07/08/metal-grill-005a/	node cong-cu/lay.mjs 3dtextures metal-grill-005a
wood-planks-012	Wood Planks 012	3dtextures.me	CC0 1.0	textures	Substance Designer,Wood	https://drive.google.com/open?id=14_FDf7Zki7C_rAhRGwOwWSozKpq-FY_T	https://3dtextures.me/2019/07/05/wood-planks-012/	node cong-cu/lay.mjs 3dtextures wood-planks-012
wood-018	Wood 018	3dtextures.me	CC0 1.0	textures	Substance Designer,Wood	https://drive.google.com/open?id=1CGYE4Xe1nSBOAX4h0EYwKreg0mWG73SU	https://3dtextures.me/2019/07/04/wood-018/	node cong-cu/lay.mjs 3dtextures wood-018
terrazzo-001	Terrazzo 001	3dtextures.me	CC0 1.0	textures	Floor,Substance Designer,terrazzo	https://drive.google.com/open?id=1IE_pgORV0Zb31PY0SoYEyTm59EbQTQgw	https://3dtextures.me/2019/07/03/terrazzo-001/	node cong-cu/lay.mjs 3dtextures terrazzo-001
rubber-floor-001	Rubber Floor 001	3dtextures.me	CC0 1.0	textures	Floor,rubber,Substance Designer	https://drive.google.com/open?id=1ojngprVV7bOEwBxJt7gmf69FEDGnYF7G	https://3dtextures.me/2019/07/02/rubber-floor-001/	node cong-cu/lay.mjs 3dtextures rubber-floor-001
rock-033	Rock 033	3dtextures.me	CC0 1.0	textures	rock,Rocks,Stone,Substance Designer	https://drive.google.com/open?id=1cnbqnHAQwnNd849HQj1jij_PYcf8cSv7	https://3dtextures.me/2019/07/01/rock-033/	node cong-cu/lay.mjs 3dtextures rock-033
wood-017	Wood 017	3dtextures.me	CC0 1.0	textures	Substance Designer,Wood	https://drive.google.com/open?id=1rmWFWm5nzmLj9sKfp55gAVZdbk9GkX0p	https://3dtextures.me/2019/06/28/wood-017/	node cong-cu/lay.mjs 3dtextures wood-017
wall-stone-010	Wall Stone 010	3dtextures.me	CC0 1.0	textures	Brick,Stone,Substance Designer,Wall	https://drive.google.com/open?id=1jZxEOlWTdDD5ieNEAVnu11JlUZoNK1DI	https://3dtextures.me/2019/06/27/wall-stone-010/	node cong-cu/lay.mjs 3dtextures wall-stone-010
metal-plate-024	Metal Plate 024	3dtextures.me	CC0 1.0	textures	Metal,Sci-fi,Substance Designer	https://drive.google.com/open?id=1ctmMzDgZQdoayyk1OQzqXtO8rf8ZGQeH	https://3dtextures.me/2019/06/26/metal-plate-024/	node cong-cu/lay.mjs 3dtextures metal-plate-024
metal-plate-019a	Metal Plate 019a	3dtextures.me	CC0 1.0	textures	Metal,Sci-fi,Substance Designer	https://drive.google.com/open?id=1wx_kdzafKNSQRcW_MJDKs7IwSLR5VRsE	https://3dtextures.me/2019/06/25/metal-plate-019a/	node cong-cu/lay.mjs 3dtextures metal-plate-019a
fabric-019a	Fabric 019a	3dtextures.me	CC0 1.0	textures	cloth,Fabric,Substance Designer,textile	https://drive.google.com/open?id=1Ky5B9WW6mC-bDc4rd4ekwKeEh9HetPU-	https://3dtextures.me/2019/06/24/fabric-019a/	node cong-cu/lay.mjs 3dtextures fabric-019a
sci-fi-wall-001	Sci-fi Wall 001	3dtextures.me	CC0 1.0	textures	cargo,corridor,Metal,plate,Sci-fi,Substance Designer,welded	https://drive.google.com/open?id=1fFWT9tujCdzBy5IQgARr-NJe-52iyox4	https://3dtextures.me/2019/06/21/sci-fi-wall-001/	node cong-cu/lay.mjs 3dtextures sci-fi-wall-001
metal-plate-023	Metal Plate 023	3dtextures.me	CC0 1.0	textures	cargo,corridor,Metal,plate,Sci-fi,Substance Designer,welded	https://drive.google.com/open?id=1-0411rp7IYpamd8mM6fbwOa3S9Z4ZoAH	https://3dtextures.me/2019/06/20/metal-plate-023/	node cong-cu/lay.mjs 3dtextures metal-plate-023
metal-plate-022	Metal Plate 022	3dtextures.me	CC0 1.0	textures	cargo,corridor,Metal,plate,Sci-fi,Substance Designer	https://drive.google.com/open?id=1rkECHqW8yZ1wha1kjynov8S6EUQSWreL	https://3dtextures.me/2019/06/19/metal-plate-022/	node cong-cu/lay.mjs 3dtextures metal-plate-022
metal-plate-021	Metal Plate 021	3dtextures.me	CC0 1.0	textures	corridor,Metal,plate,Sci-fi,Substance Designer	https://drive.google.com/open?id=1UqicBkD9EFeQUMLvb75XgLACoEwS14d6	https://3dtextures.me/2019/06/18/metal-plate-021/	node cong-cu/lay.mjs 3dtextures metal-plate-021
metal-grill-005	Metal Grill 005	3dtextures.me	CC0 1.0	textures	grill,Metal,Sci-fi,Substance Designer	https://drive.google.com/open?id=1EMbK3HSVMC0Wom-Lmiva_Z20bu7EZBMD	https://3dtextures.me/2019/06/17/metal-grill-005/	node cong-cu/lay.mjs 3dtextures metal-grill-005
wood-016	Wood 016	3dtextures.me	CC0 1.0	textures	furniture,Substance Designer,Wood	https://drive.google.com/open?id=1vv9oC1DieTdPkJuNLFthFyvGJ5EGFVrE	https://3dtextures.me/2019/06/14/wood-016/	node cong-cu/lay.mjs 3dtextures wood-016
wood-planks-011	Wood Planks 011	3dtextures.me	CC0 1.0	textures	aged,Floor,old,planks,Substance Designer,Wall,Wood	https://drive.google.com/open?id=1ZBRG-xQ62-WYcXqg2t0NXRG3SDX_aEfm	https://3dtextures.me/2019/06/13/wood-planks-011/	node cong-cu/lay.mjs 3dtextures wood-planks-011
metal-tiles-001	Metal Tiles 001	3dtextures.me	CC0 1.0	textures	armor,Metal,Scales,Sci-fi,scifi,Substance Designer,Tiles	https://drive.google.com/open?id=1VRItPJZoYVVzX-w6RRqRCywjfo492dmh	https://3dtextures.me/2019/06/12/metal-tiles-001/	node cong-cu/lay.mjs 3dtextures metal-tiles-001
metal-plate-020	Metal Plate 020	3dtextures.me	CC0 1.0	textures	corridor,Metal,plate,Sci-fi,scifi,spaceship,Substance Designer	https://drive.google.com/open?id=15j9cBT_aggxCygOV8yXdjWT1Bb74WjdO	https://3dtextures.me/2019/06/11/metal-plate-020/	node cong-cu/lay.mjs 3dtextures metal-plate-020
metal-corrugated-008	Metal Corrugated 008	3dtextures.me	CC0 1.0	textures	corrugated,Galvanized,Metal,Roof,Substance Designer	https://drive.google.com/open?id=1kNB8uQf1-kas9O0t7ZtdbyGWt1bFkb0H	https://3dtextures.me/2019/06/10/metal-corrugated-008/	node cong-cu/lay.mjs 3dtextures metal-corrugated-008
wood-015	Wood 015	3dtextures.me	CC0 1.0	textures	aged,Bark,old,Substance Designer,tree,Wood	https://drive.google.com/open?id=1P5IEwcbrBnLDR7JYHilNZFgtQp2nAYl7	https://3dtextures.me/2019/06/07/wood-015/	node cong-cu/lay.mjs 3dtextures wood-015
tiles-025a	Tiles 025a	3dtextures.me	CC0 1.0	textures	backsplash,bathroom,ceramic,kitchen,Substance Designer,Tiles	https://drive.google.com/open?id=1wel9Tiw0bdor7KWMl0ZOtR_0mAiSBV36	https://3dtextures.me/2019/06/06/tiles-025a/	node cong-cu/lay.mjs 3dtextures tiles-025a
quartz-003	Quartz 003	3dtextures.me	CC0 1.0	textures	backsplash,countertop,kitchen,Marble,Quartz,Rocks	https://drive.google.com/open?id=11gaChowhvFe4OCNAbpElyOqmGv4xPLXa	https://3dtextures.me/2019/06/05/quartz-003/	node cong-cu/lay.mjs 3dtextures quartz-003
metal-plate-019	Metal Plate 019	3dtextures.me	CC0 1.0	textures	Metal,panel,plate,Sci-fi,scifi,ship,Substance Designer,Wall	https://drive.google.com/open?id=1LqyS5MDs1vsbQmgK0vgBAb23UCwjt2Hv	https://3dtextures.me/2019/06/04/metal-plate-019/	node cong-cu/lay.mjs 3dtextures metal-plate-019
metal-corrugated-007b	Metal Corrugated 007b	3dtextures.me	CC0 1.0	textures	container,corrugated,Metal,ship,Substance Designer	https://drive.google.com/open?id=1ZX9o_FfgBxCJvn4HMcArsEmkCAb_BQkB	https://3dtextures.me/2019/06/03/metal-corrugated-007b/	node cong-cu/lay.mjs 3dtextures metal-corrugated-007b
tiles-026	Tiles 026	3dtextures.me	CC0 1.0	textures	arab,bathroom,ceramic,kitchen,maroccan,Substance Designer,Tiles	https://drive.google.com/open?id=1XLWlbouwlWUQ68tDCdaAYlMKG44lPOe5	https://3dtextures.me/2019/05/31/tiles-026/	node cong-cu/lay.mjs 3dtextures tiles-026
tiles-025	Tiles 025	3dtextures.me	CC0 1.0	textures	bathroom,ceramic,kitchen,Scales,Substance Designer,Tiles	https://drive.google.com/open?id=1d84AP6yO1Ds9cNNpFfrGXwQZ4qEWPZat	https://3dtextures.me/2019/05/30/tiles-025/	node cong-cu/lay.mjs 3dtextures tiles-025
terracotta-tiles-003	Terracotta Tiles 003	3dtextures.me	CC0 1.0	textures	Floor,Substance Designer,terracotta,Tiles	https://drive.google.com/open?id=1Fi-wK8Xv8dJ04hdWwEKsL3wYAFsqBUXR	https://3dtextures.me/2019/05/29/terracotta-tiles-003/	node cong-cu/lay.mjs 3dtextures terracotta-tiles-003
metal-plate-018	Metal Plate 018	3dtextures.me	CC0 1.0	textures	corridor,Floor,grill,Metal,Sci-fi,scifi,Substance Designer	https://drive.google.com/open?id=18IoE3OUP27USv83R7fKfT62IeRq0t681	https://3dtextures.me/2019/05/28/metal-plate-018/	node cong-cu/lay.mjs 3dtextures metal-plate-018
metal-grill-004	Metal Grill 004	3dtextures.me	CC0 1.0	textures	corridor,Floor,grill,Metal,Sci-fi,scifi,Substance Designer	https://drive.google.com/open?id=1qmMJzz9wMiDqv-S3N0RVmV81-4FCH4l8	https://3dtextures.me/2019/05/27/metal-grill-004/	node cong-cu/lay.mjs 3dtextures metal-grill-004
tiles-023a	Tiles 023a	3dtextures.me	CC0 1.0	textures	bathroom,ceramic,kitchen,Substance Designer,Tiles	https://drive.google.com/open?id=1VsyAnJWpAZMqTFMcCJoqxWo46sFiLfUK	https://3dtextures.me/2019/05/24/tiles-023a/	node cong-cu/lay.mjs 3dtextures tiles-023a
vinyl-padded-001a	Vinyl Padded 001a	3dtextures.me	CC0 1.0	textures	cloth,Fabric,hero,Padded,Sci-fi,scifi,Substance Designer,super hero,textile,vinyl	https://drive.google.com/open?id=1sE_xCCUZejgyTdwvLFxUxoDw4fHQ2Ewy	https://3dtextures.me/2019/05/23/vinyl-padded-001a/	node cong-cu/lay.mjs 3dtextures vinyl-padded-001a
fabric-019	Fabric 019	3dtextures.me	CC0 1.0	textures	cloth,Fabric,hero,Sci-fi,scifi,Substance Designer,super hero,textile	https://drive.google.com/open?id=1eDKb_EG4-LXMgG11XBVonItQ-Fa13IK4	https://3dtextures.me/2019/05/22/fabric-019/	node cong-cu/lay.mjs 3dtextures fabric-019
metal-plate-017	Metal Plate 017	3dtextures.me	CC0 1.0	textures	corridor,Floor,Metal,Sci-fi,scifi,Substance Designer	https://drive.google.com/open?id=1RMPfLy7U269fEAl-wvkjWkRK0IIQESPA	https://3dtextures.me/2019/05/21/metal-plate-017/	node cong-cu/lay.mjs 3dtextures metal-plate-017
concrete-wall-001a	Concrete Wall 001a	3dtextures.me	CC0 1.0	textures	Concrete,damaged,Substance Designer,Wall	https://drive.google.com/open?id=1fygSywQ-VUKZDUT4dbhcrgM2ISaE1Xr_	https://3dtextures.me/2019/05/20/concrete-wall-001a/	node cong-cu/lay.mjs 3dtextures concrete-wall-001a
tiles-024	Tiles 024	3dtextures.me	CC0 1.0	textures	ceramic,Substance Designer,Tiles	https://drive.google.com/open?id=1Ns8RozbvpMmsWHlZeZ5-tqu8rUX2M-Dv	https://3dtextures.me/2019/05/17/tiles-024/	node cong-cu/lay.mjs 3dtextures tiles-024
metal-plate-16a	Metal Plate 16a	3dtextures.me	CC0 1.0	textures	Metal,plate,Sci-fi,scifi,Substance Designer	https://drive.google.com/open?id=1rPxYVq5hAvHnpwAtxJuOULuomXvcTQ_P	https://3dtextures.me/2019/05/16/metal-plate-16a/	node cong-cu/lay.mjs 3dtextures metal-plate-16a
metal-grill-003	Metal Grill 003	3dtextures.me	CC0 1.0	textures	grill,Metal,Rusted,Substance Designer	https://drive.google.com/open?id=1pxQFB0rahAA1mWq_tfB5Yp5lI0FDWgqs	https://3dtextures.me/2019/05/15/metal-grill-003/	node cong-cu/lay.mjs 3dtextures metal-grill-003
metal-pattern-001-2	Metal Pattern 001	3dtextures.me	CC0 1.0	textures	door,Metal,ornament,painted,Pattern,Substance Designer	https://drive.google.com/open?id=17utOYEz9ORnWtwVG4XKsgrUA_smaHo87	https://3dtextures.me/2019/05/14/metal-pattern-001-2/	node cong-cu/lay.mjs 3dtextures metal-pattern-001-2
concrete-wall-001	Concrete Wall 001	3dtextures.me	CC0 1.0	textures	Concrete,painted,Substance Designer,Wall	https://drive.google.com/open?id=15mLVjx0Ev-j1hIgIbrg7rwXQor_4we3w	https://3dtextures.me/2019/05/13/concrete-wall-001/	node cong-cu/lay.mjs 3dtextures concrete-wall-001
wood-pattern-coffers-001	Wood Pattern Coffers 001	3dtextures.me	CC0 1.0	textures	door,medieval,Pattern,Substance Designer,Wood	https://drive.google.com/open?id=1XdxfM4LYIJD8ZXyNR_cf6CWGkuzf0TWc	https://3dtextures.me/2019/05/10/wood-pattern-coffers-001/	node cong-cu/lay.mjs 3dtextures wood-pattern-coffers-001
metal-plate-016	Metal Plate 016	3dtextures.me	CC0 1.0	textures	Metal,Sci-fi,scifi,Substance Designer	https://drive.google.com/open?id=1mdx-dXa-EZDxxsVyv7RvGykzkyB2stxB	https://3dtextures.me/2019/05/09/metal-plate-016/	node cong-cu/lay.mjs 3dtextures metal-plate-016
metal-plate-015	Metal Plate 015	3dtextures.me	CC0 1.0	textures	Metal,Sci-fi,scifi,Substance Designer	https://drive.google.com/open?id=1k9HVqgb9tdHToK5toTOm6uEmcxCOJHJ7	https://3dtextures.me/2019/05/08/metal-plate-015/	node cong-cu/lay.mjs 3dtextures metal-plate-015
metal-plate-014	Metal Plate 014	3dtextures.me	CC0 1.0	textures	Metal,Sci-fi,scifi,Substance Designer	https://drive.google.com/open?id=17HTAHIPHjm49W5zIpieE3MKt5u2AK6yU	https://3dtextures.me/2019/05/07/metal-plate-014/	node cong-cu/lay.mjs 3dtextures metal-plate-014
fabric-018	Fabric 018	3dtextures.me	CC0 1.0	textures	Fabric,furniture,upholstery	https://drive.google.com/open?id=17Kij-MnEdfo6Pax4Psv04SnvV3UmP00O	https://3dtextures.me/2019/05/06/fabric-018/	node cong-cu/lay.mjs 3dtextures fabric-018
tiles-023	Tiles 023	3dtextures.me	CC0 1.0	textures	backsplash,bathroom,ceramic,kitchen,Substance Designer,Tiles,Wall	https://drive.google.com/open?id=1Or4ASfNz5PGV2mTK4Az3pItTE4Q7n_yL	https://3dtextures.me/2019/05/03/tiles-023/	node cong-cu/lay.mjs 3dtextures tiles-023
tiles-022	Tiles 022	3dtextures.me	CC0 1.0	textures	backsplash,bathroom,ceramic,kitchen,Substance Designer,Tiles,Wall	https://drive.google.com/open?id=17W-qZr8mUGCk7yv3Ip3TX7oLd-vWlkaj	https://3dtextures.me/2019/05/02/tiles-022/	node cong-cu/lay.mjs 3dtextures tiles-022
metal-plate-013	Metal Plate 013	3dtextures.me	CC0 1.0	textures	Metal,Sci-fi,scifi,spaceship,Substance Designer	https://drive.google.com/open?id=1v-F60Rp5GXM_qGTvqVxJXdgS6rVbbI2V	https://3dtextures.me/2019/05/01/metal-plate-013/	node cong-cu/lay.mjs 3dtextures metal-plate-013
metal-plate-012	Metal Plate 012	3dtextures.me	CC0 1.0	textures	Metal,Sci-fi,scifi,spaceship,Substance Designer	https://drive.google.com/open?id=1Lu1KqwEOZkUAsVuUOhTPDdiLwguMJpuQ	https://3dtextures.me/2019/04/30/metal-plate-012/	node cong-cu/lay.mjs 3dtextures metal-plate-012
manhole-001	Manhole 001	3dtextures.me	CC0 1.0	textures	manhole,Metal,road,Substance Designer	https://drive.google.com/open?id=1_Zy5Om4UiEWX2jo4EHeLUvZNiAhp1n32	https://3dtextures.me/2019/04/29/manhole-001/	node cong-cu/lay.mjs 3dtextures manhole-001
wood-tiles-002	Wood Tiles 002	3dtextures.me	CC0 1.0	textures	Substance Designer,Tiles,Wood	https://drive.google.com/open?id=1WKFfHXiyGkRVc0FJR_VdavNZOdW_zpWN	https://3dtextures.me/2019/04/26/wood-tiles-002/	node cong-cu/lay.mjs 3dtextures wood-tiles-002
wood-wicker-003	Wood Wicker 003	3dtextures.me	CC0 1.0	textures	Substance Designer,wicker,Wood	https://drive.google.com/open?id=1t3ttBkVrZJDgDg1o2NFMvLuPHuLAflRl	https://3dtextures.me/2019/04/25/wood-wicker-003/	node cong-cu/lay.mjs 3dtextures wood-wicker-003
tiles-021	Tiles 021	3dtextures.me	CC0 1.0	textures	ceramic,Pattern,Substance Designer,Tiles	https://drive.google.com/open?id=1K5MMESdp7L0NBUNe9PHSgIYkUmNdfA-_	https://3dtextures.me/2019/04/24/tiles-021/	node cong-cu/lay.mjs 3dtextures tiles-021
metal-plate-011	Metal Plate 011	3dtextures.me	CC0 1.0	textures	Metal,plate,Sci-fi,scifi,ship,Substance Designer,Wall	https://drive.google.com/open?id=1HkJU0I-h7X_rWnPqR1fI21WpuJoNLYHt	https://3dtextures.me/2019/04/23/metal-plate-011/	node cong-cu/lay.mjs 3dtextures metal-plate-011
concrete-blocks-002	Concrete Blocks 002	3dtextures.me	CC0 1.0	textures	blocks,Concrete,Substance Designer,Wall	https://drive.google.com/open?id=1kR6ZWO9gu9PBvYdqw8FPn87mtFksX2qD	https://3dtextures.me/2019/04/22/concrete-blocks-002/	node cong-cu/lay.mjs 3dtextures concrete-blocks-002
metal-hammered-001	Metal Hammered 001	3dtextures.me	CC0 1.0	textures	brass,copper,hammered,Metal,Substance Designer	https://drive.google.com/open?id=1zonSmEldWo1YNu8WHAV1I9HXx91qaRv1	https://3dtextures.me/2019/04/19/metal-hammered-001/	node cong-cu/lay.mjs 3dtextures metal-hammered-001
metal-plate-010-2	Metal Plate 010	3dtextures.me	CC0 1.0	textures	Floor,Metal,plate,Substance Designer,wear	https://drive.google.com/open?id=1xgkPJ0eEouvTYTmiz2zREuaOqo_DUOru	https://3dtextures.me/2019/04/18/metal-plate-010-2/	node cong-cu/lay.mjs 3dtextures metal-plate-010-2
metal-grill-002	Metal Grill 002	3dtextures.me	CC0 1.0	textures	Floor,grill,Metal,Substance Designer	https://drive.google.com/open?id=12T541fu1hN3FqYbBdJTr-EFDcOaDqYCk	https://3dtextures.me/2019/04/17/metal-grill-002/	node cong-cu/lay.mjs 3dtextures metal-grill-002
door-wood-001	Door Wood 001	3dtextures.me	CC0 1.0	textures	door,Misc,Substance Designer,Wood	https://drive.google.com/open?id=19ey9TQU8woyqr_oTQorMIkLEezvYZ3VC	https://3dtextures.me/2019/04/16/door-wood-001/	node cong-cu/lay.mjs 3dtextures door-wood-001
glass-pattern-001	Glass Pattern 001	3dtextures.me	CC0 1.0	textures	glass,Metal,Pattern,Substance Designer,window	https://drive.google.com/open?id=1AFAqybKF4Oeau2Depv9tLwFpLL7BPiUq	https://3dtextures.me/2019/04/15/glass-pattern-001/	node cong-cu/lay.mjs 3dtextures glass-pattern-001
wood-014	Wood 014	3dtextures.me	CC0 1.0	textures	furniture,Wood	https://drive.google.com/open?id=1NmlnQhKnSrg5o4kB8qqf_g162K8uXEXG	https://3dtextures.me/2019/04/12/wood-014/	node cong-cu/lay.mjs 3dtextures wood-014
tiles-020	Tiles 020	3dtextures.me	CC0 1.0	textures	ceramic,Substance Designer,Tiles	https://drive.google.com/open?id=1IaUhJp3ZKUWeM-xExxWEeA-DetBa2ETV	https://3dtextures.me/2019/04/11/tiles-020/	node cong-cu/lay.mjs 3dtextures tiles-020
tiles-019	Tiles 019	3dtextures.me	CC0 1.0	textures	ceramic,Substance Designer,Tiles	https://drive.google.com/open?id=19xF8Y5t0BBon4BKzy3d6GNFXhU_IdoZX	https://3dtextures.me/2019/04/10/tiles-019/	node cong-cu/lay.mjs 3dtextures tiles-019
vinyl-padded-001	Vinyl Padded 001	3dtextures.me	CC0 1.0	textures	Fabric,Padded,Substance Designer,vinyl	https://drive.google.com/open?id=12HHb02bSX1TmGI8stJe4LZtCKJPxeBxU	https://3dtextures.me/2019/04/09/vinyl-padded-001/	node cong-cu/lay.mjs 3dtextures vinyl-padded-001
shingles-terracotta-001	Shingles Terracotta 001	3dtextures.me	CC0 1.0	textures	Roof,shingles,Substance Designer,terracotta,Tiles	https://drive.google.com/open?id=1fYMVmA6hg65tKtAFtA37cR7XTIZGELjA	https://3dtextures.me/2019/04/08/shingles-terracotta-001/	node cong-cu/lay.mjs 3dtextures shingles-terracotta-001
tiles-018	Tiles 018	3dtextures.me	CC0 1.0	textures	bathroom,ceramic,Substance Designer,Tiles,wc	https://drive.google.com/open?id=1rAm-jeC83RKZRImwBXmfhHBc-oZ68yB7	https://3dtextures.me/2019/04/05/tiles-018/	node cong-cu/lay.mjs 3dtextures tiles-018
rock-032	Rock 032	3dtextures.me	CC0 1.0	textures	boulder,rock,Rocks,Stone,Substance Designer	https://drive.google.com/open?id=1Tv7mmuYYhE8m997Y5I7nLZ-6sZJ6hvk-	https://3dtextures.me/2019/04/04/rock-032/	node cong-cu/lay.mjs 3dtextures rock-032
fabric-017	Fabric 017	3dtextures.me	CC0 1.0	textures	exotic,Fabric,Substance Designer,weave	https://drive.google.com/open?id=1Ha0RScN0njG86PCXnzNMgU-GAK4dspuL	https://3dtextures.me/2019/04/03/fabric-017/	node cong-cu/lay.mjs 3dtextures fabric-017
concrete-blocks-001	Concrete Blocks 001	3dtextures.me	CC0 1.0	textures	blocks,Concrete,stylized,Substance Designer	https://drive.google.com/open?id=1cAC7Sg-Q2mGzDamoo15Iyjc5rgRv8nMN	https://3dtextures.me/2019/04/02/concrete-blocks-001/	node cong-cu/lay.mjs 3dtextures concrete-blocks-001
abstract-008	Abstract 008	3dtextures.me	CC0 1.0	textures	Abstract,cells,Metal,Substance Designer	https://drive.google.com/open?id=1Tc2zUed-PYG_oUqJ45-8Ep2ibyJxfd5w	https://3dtextures.me/2019/04/01/abstract-008/	node cong-cu/lay.mjs 3dtextures abstract-008
fabric-padded-003	Fabric Padded 003	3dtextures.me	CC0 1.0	textures	cloth,Fabric,Padded,Substance Designer,textile,upholstery	https://drive.google.com/open?id=1EMberCD-sVOPbvVvRZWHXyCYH-9iIMAy	https://3dtextures.me/2019/03/29/fabric-padded-003/	node cong-cu/lay.mjs 3dtextures fabric-padded-003
fabric-016	Fabric 016	3dtextures.me	CC0 1.0	textures	cloth,Fabric,textile	https://drive.google.com/open?id=1SFXRySQFXPYFqZ47HwZsVJm4FDMXZTV9	https://3dtextures.me/2019/03/28/fabric-016/	node cong-cu/lay.mjs 3dtextures fabric-016
ceiling-drop-tiles-001	Ceiling Drop Tiles 001	3dtextures.me	CC0 1.0	textures	Ceiling,drop tiles,gypsum,Substance Designer,Tiles	https://drive.google.com/open?id=1JhDJplV2W3YAkxayvi57QDJ8FCjvBCum	https://3dtextures.me/2019/03/27/ceiling-drop-tiles-001/	node cong-cu/lay.mjs 3dtextures ceiling-drop-tiles-001
colored-pencils-002	Colored Pencils 002	3dtextures.me	CC0 1.0	textures	colored pencils,Misc,pencils,Substance Designer	https://drive.google.com/open?id=12vdIkCNXCfutqq0DCbptCDZdHbA8L1jt	https://3dtextures.me/2019/03/26/colored-pencils-002/	node cong-cu/lay.mjs 3dtextures colored-pencils-002
acoustic-foam-001	Acoustic Foam 001	3dtextures.me	CC0 1.0	textures	acoustic,foam,Misc,sound,Substance Designer,Wall	https://drive.google.com/open?id=1wOyoTlJUVO6CGHiucxCxTQGFrUsZnk43	https://3dtextures.me/2019/03/25/acoustic-foam-001/	node cong-cu/lay.mjs 3dtextures acoustic-foam-001
wood-wicker-002	Wood Wicker 002	3dtextures.me	CC0 1.0	textures	furniture,rattan,Substance Designer,wicker,Wood	https://drive.google.com/open?id=11RPb0moApy60XHp71qFIE3_Tqcg9tiCu	https://3dtextures.me/2019/03/22/wood-wicker-002/	node cong-cu/lay.mjs 3dtextures wood-wicker-002
styrofoam-001	Styrofoam 001	3dtextures.me	CC0 1.0	textures	Misc,polystyrene,styrofoam,Substance Designer	https://drive.google.com/open?id=1rbPp4vPSSDRtQlGgsc7zjEZxCrkSeeTn	https://3dtextures.me/2019/03/21/styrofoam-001/	node cong-cu/lay.mjs 3dtextures styrofoam-001
meat-raw-001	Meat Raw 001	3dtextures.me	CC0 1.0	textures	Animal,meat,Organic,raw,Substance Designer	https://drive.google.com/open?id=1qDe1zwGLAfCKztF3ahLeqFquLirMRZe6	https://3dtextures.me/2019/03/20/meat-raw-001/	node cong-cu/lay.mjs 3dtextures meat-raw-001
colored-pencils-001	Colored Pencils 001	3dtextures.me	CC0 1.0	textures	colored pencils,Misc,pencils,Substance Designer	https://drive.google.com/open?id=1U5lj-8EH6VFKJ1bPuodMgNyx3ll6Vcu1	https://3dtextures.me/2019/03/19/colored-pencils-001/	node cong-cu/lay.mjs 3dtextures colored-pencils-001
disco-ball-001	Disco Ball 001	3dtextures.me	CC0 1.0	textures	ball,disco,mirror,Misc,Substance Designer	https://drive.google.com/open?id=1mGLFWGjH-c58XIgfx2nsbG5Zvz6qju0-	https://3dtextures.me/2019/03/18/disco-ball-001/	node cong-cu/lay.mjs 3dtextures disco-ball-001
rock-031	Rock 031	3dtextures.me	CC0 1.0	textures	boulder,rock,Rocks,Rough,Stone	https://drive.google.com/open?id=19Dx5uGfPDPkNqggqZiB3t_ZY6YA-rAk0	https://3dtextures.me/2019/03/15/rock-031/	node cong-cu/lay.mjs 3dtextures rock-031
wood-tiles-001	Wood Tiles 001	3dtextures.me	CC0 1.0	textures	feature wall,Pattern,Substance Designer,Tiles,Wall,Wood	https://drive.google.com/open?id=1uAbmoyXLVr2fn5NEVaMp1raTnt2_Ghg8	https://3dtextures.me/2019/03/14/wood-tiles-001/	node cong-cu/lay.mjs 3dtextures wood-tiles-001
metal-corrugated-007a	Metal Corrugated 007a	3dtextures.me	CC0 1.0	textures	aged,corrugated,damaged,factory,Metal,Rusted,Substance Designer,Wall	https://drive.google.com/open?id=1faNL-lbaz9xQcM7pL1r2jOF685Tzs3gP	https://3dtextures.me/2019/03/13/metal-corrugated-007a/	node cong-cu/lay.mjs 3dtextures metal-corrugated-007a
wood-wicker-001	Wood Wicker 001	3dtextures.me	CC0 1.0	textures	basket,furniture,Substance Designer,wicker,Wood	https://drive.google.com/open?id=1q1gIh72uO_lSgw8QzJwQ1AabnmuToLho	https://3dtextures.me/2019/03/12/wood-wicker-001/	node cong-cu/lay.mjs 3dtextures wood-wicker-001
abstract-organic-002	Abstract Organic 002	3dtextures.me	CC0 1.0	textures	Abstract,Alien,Animal,Organic,skin	https://drive.google.com/open?id=1d1ApGs3v-x7P2Ap00AYHLmP1N3HXltBf	https://3dtextures.me/2019/03/11/abstract-organic-002/	node cong-cu/lay.mjs 3dtextures abstract-organic-002
tiles-017	Tiles 017	3dtextures.me	CC0 1.0	textures	bathroom,cracked,damaged,Substance Designer,Tiles	https://drive.google.com/open?id=1pV1ghRp7oOIt8L9qKczqn7BGNAyfTpe0	https://3dtextures.me/2019/03/08/tiles-017/	node cong-cu/lay.mjs 3dtextures tiles-017
marble-blue-003	Marble Blue 003	3dtextures.me	CC0 1.0	textures	bathroom,countertop,kitchen,Marble,Rocks	https://drive.google.com/open?id=1xbQnppz0oB1HPN-nDj3qNETSV86swdmZ	https://3dtextures.me/2019/03/07/marble-blue-003/	node cong-cu/lay.mjs 3dtextures marble-blue-003
fabric-quilt-003	Fabric Quilt 003	3dtextures.me	CC0 1.0	textures	Fabric,quilt,Substance Designer,textile,upholstery	https://drive.google.com/open?id=1jFfBb3ZehFbfBxzmiZbs-IJYgRNbi-nA	https://3dtextures.me/2019/03/06/fabric-quilt-003/	node cong-cu/lay.mjs 3dtextures fabric-quilt-003
metal-corrugated-007	Metal Corrugated 007	3dtextures.me	CC0 1.0	textures	container,corrugated,Dented,factory,Galvanized,Metal,rust,scratched,Substance Designer,Wall	https://drive.google.com/open?id=13nUglp2wZfVcxH9asdxm4wff2XuHHS6T	https://3dtextures.me/2019/03/05/metal-corrugated-007/	node cong-cu/lay.mjs 3dtextures metal-corrugated-007
fabric-quilt-002	Fabric Quilt 002	3dtextures.me	CC0 1.0	textures	cloth,Fabric,quilt,Substance Designer,textile,upholstery	https://drive.google.com/open?id=1uc0QSGEXvaY86I-z73HduEa8QuVDtMH7	https://3dtextures.me/2019/03/04/fabric-quilt-002/	node cong-cu/lay.mjs 3dtextures fabric-quilt-002
ground-dirt-006	Ground Dirt 006	3dtextures.me	CC0 1.0	textures	cracked,cracks,Dirt,dry,ground	https://drive.google.com/open?id=1iwO1rLCPivxg3gMJy85RdRdmVPrUCkIq	https://3dtextures.me/2019/03/01/ground-dirt-006/	node cong-cu/lay.mjs 3dtextures ground-dirt-006
rock-030	Rock 030	3dtextures.me	CC0 1.0	textures	cliff,ground,rock,Rocks,Stone	https://drive.google.com/open?id=1xZeq8YhZVDXdjNcuA5_uoXLSU_g_Zt3f	https://3dtextures.me/2019/02/28/rock-030/	node cong-cu/lay.mjs 3dtextures rock-030
terracotta-tiles-002a	Terracotta Tiles 002a	3dtextures.me	CC0 1.0	textures	Floor,flooring,Substance Designer,terracotta,Tiles	https://drive.google.com/open?id=1mC1T3dEu7tcOanO3Z5RNWorINWZ_GO1H	https://3dtextures.me/2019/02/27/terracotta-tiles-002a/	node cong-cu/lay.mjs 3dtextures terracotta-tiles-002a
fabric-padded-002	Fabric Padded 002	3dtextures.me	CC0 1.0	textures	couch,Fabric,Substance Designer,textile,upholstery	https://drive.google.com/open?id=1lHNmA75j-CYgr5GkU2pw44DSjQQkA_hb	https://3dtextures.me/2019/02/26/fabric-padded-002/	node cong-cu/lay.mjs 3dtextures fabric-padded-002
fabric-015	Fabric 015	3dtextures.me	CC0 1.0	textures	cloth,Fabric,textile	https://drive.google.com/open?id=1yjIUPCyAZ2THSVD9P4hY5ptW-UgmbMKn	https://3dtextures.me/2019/02/25/fabric-015/	node cong-cu/lay.mjs 3dtextures fabric-015
wood-013	Wood 013	3dtextures.me	CC0 1.0	textures	countertop,furniture,kitchen,tree,Wood	https://drive.google.com/open?id=1gReQ-lbyb_liITHVL5iCDSsbpT1o_gb3	https://3dtextures.me/2019/02/22/wood-013/	node cong-cu/lay.mjs 3dtextures wood-013
fabric-013a	Fabric 013a	3dtextures.me	CC0 1.0	textures	cloth,drapes,Fabric,textile,upholstery	https://drive.google.com/open?id=1OPvKYc9pALdkseF6PBOVT6M9qIgd118D	https://3dtextures.me/2019/02/21/fabric-013a/	node cong-cu/lay.mjs 3dtextures fabric-013a
fabric-padded-001	Fabric Padded 001	3dtextures.me	CC0 1.0	textures	cloth,couch,Fabric,Padded,Substance Designer,textile,upholstery	https://drive.google.com/open?id=15o8AgVs1W4XfDQ-kSKWo5JmeNz7fb1a6	https://3dtextures.me/2019/02/20/fabric-padded-001/	node cong-cu/lay.mjs 3dtextures fabric-padded-001
terracotta-bricks-001	Terracotta Bricks 001	3dtextures.me	CC0 1.0	textures	Brick,bricks,Substance Designer,terracotta,Wall	https://drive.google.com/open?id=1jHInIbAHvwi-gh4peOkpJydpj_zGlrvJ	https://3dtextures.me/2019/02/19/terracotta-bricks-001/	node cong-cu/lay.mjs 3dtextures terracotta-bricks-001
bark-pine-001	Bark Pine 001	3dtextures.me	CC0 1.0	textures	Bark,Organic,pine,tree,Vegetable,Wood	https://drive.google.com/open?id=1GTjYj25Ia6QDTaVuRoygsiQkKKjSWjOL	https://3dtextures.me/2019/02/18/bark-pine-001/	node cong-cu/lay.mjs 3dtextures bark-pine-001
plaster-rough-001	Plaster Rough 001	3dtextures.me	CC0 1.0	textures	Plaster,Wall	https://drive.google.com/open?id=1E2BHHT5ddKtxWwjditPOLwPbWm7OmV4h	https://3dtextures.me/2019/02/15/plaster-rough-001/	node cong-cu/lay.mjs 3dtextures plaster-rough-001
cork-002	Cork 002	3dtextures.me	CC0 1.0	textures	Bark,cork,Organic,Vegetable	https://drive.google.com/open?id=1cPJkRqjvESMwKA7bHgQDND4fVd9KyTCi	https://3dtextures.me/2019/02/14/cork-002/	node cong-cu/lay.mjs 3dtextures cork-002
terracotta-tiles-002	Terracotta Tiles 002	3dtextures.me	CC0 1.0	textures	clay,Floor,flooring,Substance Designer,terracota,terracotta,Tiles	https://drive.google.com/open?id=1ZN_h6Y_zfrjOM-DvY6yPrQNcxW_PPSin	https://3dtextures.me/2019/02/13/terracotta-tiles-002/	node cong-cu/lay.mjs 3dtextures terracotta-tiles-002
fabric-014	Fabric 014	3dtextures.me	CC0 1.0	textures	cloth,drapes,Fabric,textile,upholstery	https://drive.google.com/open?id=1lHHQA5u6pzu5RvRg_tMmXgTCi3fabqcA	https://3dtextures.me/2019/02/12/fabric-014/	node cong-cu/lay.mjs 3dtextures fabric-014
fabric-013	Fabric 013	3dtextures.me	CC0 1.0	textures	cloth,drapes,Fabric,textile,upholstery	https://drive.google.com/open?id=1aRwdGoEDi2TGBNUnruxjiacgsdHzW_nC	https://3dtextures.me/2019/02/11/fabric-013/	node cong-cu/lay.mjs 3dtextures fabric-013
rock-029	Rock 029	3dtextures.me	CC0 1.0	textures	boulder,rock,Rocks,Stone	https://drive.google.com/open?id=19LmNN_wgNZ87v-BrKY-whIIR7pL4OPVt	https://3dtextures.me/2019/02/08/rock-029/	node cong-cu/lay.mjs 3dtextures rock-029
stainless-steel-cable-001	Stainless Steel Cable 001	3dtextures.me	CC0 1.0	textures	cable,Metal,stainless,steel,Substance Designer	https://drive.google.com/open?id=1FW7EdW-DItU-Rzpiq39Ok6njXSvUpFF7	https://3dtextures.me/2019/02/07/stainless-steel-cable-001/	node cong-cu/lay.mjs 3dtextures stainless-steel-cable-001
gem-agate-003	Gem Agate 003	3dtextures.me	CC0 1.0	textures	agate,gem,Gems,precious stone	https://drive.google.com/open?id=1BNtQvuWvPYB7AoyJGYHT1eBc5dPdFHZM	https://3dtextures.me/2019/02/06/gem-agate-003/	node cong-cu/lay.mjs 3dtextures gem-agate-003
fabric-burlap-002	Fabric Burlap 002	3dtextures.me	CC0 1.0	textures	burlap,cloth,Fabric,textile	https://drive.google.com/open?id=1lPMSsPW6N70fdSANoJT9t8nx0pD97h3G	https://3dtextures.me/2019/02/05/fabric-burlap-002/	node cong-cu/lay.mjs 3dtextures fabric-burlap-002
fabric-012	Fabric 012	3dtextures.me	CC0 1.0	textures	cloth,clothes,drapes,Fabric,textile	https://drive.google.com/open?id=1krPAtct1n3WM2eMGYrthyShYl-XA2A6b	https://3dtextures.me/2019/02/04/fabric-012/	node cong-cu/lay.mjs 3dtextures fabric-012
tiles-azulejos-004a	Tiles Azulejos 004a	3dtextures.me	CC0 1.0	textures	azulejos,ceramic,damaged,Substance Designer,Tiles	https://drive.google.com/open?id=16q9a_aNKeu9w6YFF38ZzniUnHqmrueBX	https://3dtextures.me/2019/02/01/tiles-azulejos-004a/	node cong-cu/lay.mjs 3dtextures tiles-azulejos-004a
tiles-azulejos-004	Tiles Azulejos 004	3dtextures.me	CC0 1.0	textures	azulejos,ceramic,Substance Designer,Tiles	https://drive.google.com/open?id=1JNK473pwB3aBdYYgDJ-NBZuweRKgoLC5	https://3dtextures.me/2019/01/31/tiles-azulejos-004/	node cong-cu/lay.mjs 3dtextures tiles-azulejos-004
ceiling-gypsum-001a	Ceiling Gypsum 001a	3dtextures.me	CC0 1.0	textures	Ceiling,damaged,gypsum,office,Substance Designer,Tiles	https://drive.google.com/open?id=1InCWakm1lVFFZ4ieFhkB46UluBlU5El_	https://3dtextures.me/2019/01/30/ceiling-gypsum-001a/	node cong-cu/lay.mjs 3dtextures ceiling-gypsum-001a
ceiling-gypsum-001	Ceiling Gypsum 001	3dtextures.me	CC0 1.0	textures	accoustic,Ceiling,gypsum,office,Substance Designer,Tiles	https://drive.google.com/open?id=1ttazpTKX7DILlXAuIfR5zCrFnPhdHrOb	https://3dtextures.me/2019/01/29/ceiling-gypsum-001/	node cong-cu/lay.mjs 3dtextures ceiling-gypsum-001
fabric-011	Fabric 011	3dtextures.me	CC0 1.0	textures	cloth,Fabric,textile	https://drive.google.com/open?id=1dgyN158xWwgv8lAHSX3Tp3mf2D1vtlFn	https://3dtextures.me/2019/01/28/fabric-011/	node cong-cu/lay.mjs 3dtextures fabric-011
lizard-skin-001	Lizard Skin 001	3dtextures.me	CC0 1.0	textures	Animal,lizard,Organic,reptile,skin	https://drive.google.com/open?id=18bB-2OKd__n9w0eryxkDGOtujL5ZHgmN	https://3dtextures.me/2019/01/25/lizard-skin-001/	node cong-cu/lay.mjs 3dtextures lizard-skin-001
skin-human-002	Skin Human 002	3dtextures.me	CC0 1.0	textures	Animal,human,Organic,skin	https://drive.google.com/open?id=1JavE9MwRR7WRK90hORLWMNHJUS4B6Vps	https://3dtextures.me/2019/01/24/skin-human-002/	node cong-cu/lay.mjs 3dtextures skin-human-002
wood-particle-board-002	Wood Particle Board 002	3dtextures.me	CC0 1.0	textures	board,particle board,plywood,subfloor,Substance Designer,Wood	https://drive.google.com/open?id=1n2F5-3nR2BmSdII_zywYPnfsgITVy0t4	https://3dtextures.me/2019/01/23/wood-particle-board-002/	node cong-cu/lay.mjs 3dtextures wood-particle-board-002
ground-forest-001	Ground Forest 001	3dtextures.me	CC0 1.0	textures	Foliage,forest,ground,leaves,Organic	https://drive.google.com/open?id=1h7RrgNU2sjxRobwq_1XFE1Y6VxpW7xJJ	https://3dtextures.me/2019/01/22/ground-forest-001/	node cong-cu/lay.mjs 3dtextures ground-forest-001
fabric-burlap-001	Fabric Burlap 001	3dtextures.me	CC0 1.0	textures	burlap,cloth,coarse,Fabric,textile	https://drive.google.com/open?id=1j9EEX_MppCsR0W8Bvm0x9RsKT_wnuoCH	https://3dtextures.me/2019/01/21/fabric-burlap-001/	node cong-cu/lay.mjs 3dtextures fabric-burlap-001
wood-stripes-001	Wood Stripes 001	3dtextures.me	CC0 1.0	textures	feature wall,Floor,stripes,Substance Designer,Wall,Wood	https://drive.google.com/open?id=1EhIDHncUrn6ElUHJ-Is52-joEOnOHqys	https://3dtextures.me/2019/01/18/wood-stripes-001/	node cong-cu/lay.mjs 3dtextures wood-stripes-001
wood-smoking-pipe-001	Wood Smoking Pipe 001	3dtextures.me	CC0 1.0	textures	burl,pipe,smoking,Substance Designer,Wood	https://drive.google.com/open?id=1szHKxwFyXbC_-7O2-xjHr0PeughCG9xd	https://3dtextures.me/2019/01/17/wood-smoking-pipe-001/	node cong-cu/lay.mjs 3dtextures wood-smoking-pipe-001
tiles-016	Tiles 016	3dtextures.me	CC0 1.0	textures	ceramic,Floor,Substance Designer,Tiles,walls	https://drive.google.com/open?id=1UhD0DcOt6G46nWC_llwEnzN-SvN_TY5-	https://3dtextures.me/2019/01/16/tiles-016/	node cong-cu/lay.mjs 3dtextures tiles-016
metal-galvanized-001-2	Metal Galvanized 001	3dtextures.me	CC0 1.0	textures	Galvanized,Metal,pipe,steel,Substance Designer	https://drive.google.com/open?id=1DfEleiG62wkjH12lNkIkdxhkIgHDGvrv	https://3dtextures.me/2019/01/16/metal-galvanized-001-2/	node cong-cu/lay.mjs 3dtextures metal-galvanized-001-2
fabric-010	Fabric 010	3dtextures.me	CC0 1.0	textures	cloth,clothes,Fabric,Pattern,textile	https://drive.google.com/open?id=1HADbbJY9Ejy21fOO5KfOX7O8qRzp4wKL	https://3dtextures.me/2019/01/15/fabric-010/	node cong-cu/lay.mjs 3dtextures fabric-010
wood-012-tiles	Wood 012 Tiles	3dtextures.me	CC0 1.0	textures	decorative,Floor,Substance Designer,Tiles,Wood	https://drive.google.com/open?id=136gthH8h-N_85MgNJRtckmLb_pGY5hOa	https://3dtextures.me/2019/01/11/wood-012-tiles/	node cong-cu/lay.mjs 3dtextures wood-012-tiles
wood-011a	Wood 011a	3dtextures.me	CC0 1.0	textures	counter,countertop,kitchen,Substance Designer,Wood	https://drive.google.com/open?id=1RYup08yb0XvqqdJUJ2lks7zEN7M9gTii	https://3dtextures.me/2019/01/10/wood-011a/	node cong-cu/lay.mjs 3dtextures wood-011a
wood-011	Wood 011	3dtextures.me	CC0 1.0	textures	counter,countertop,kitchen,Substance Designer,Wood	https://drive.google.com/open?id=10ePpXdj6HHu7mKqbzYvm9dgjrEfPqagZ	https://3dtextures.me/2019/01/09/wood-011/	node cong-cu/lay.mjs 3dtextures wood-011
weapon-grip-001	Weapon Grip 001	3dtextures.me	CC0 1.0	textures	grip,gun,Metal,Pattern,Substance Designer,weapon	https://drive.google.com/open?id=18XEFCYc8v2x2X09QA8zY69G702QQq5ns	https://3dtextures.me/2019/01/08/weapon-grip-001/	node cong-cu/lay.mjs 3dtextures weapon-grip-001
paper-recycled-001	Paper Recycled 001	3dtextures.me	CC0 1.0	textures	paper,recycled	https://drive.google.com/open?id=1q2wlq9NeW4P7fDFjRpHK20-gM9iXtb1z	https://3dtextures.me/2019/01/07/paper-recycled-001/	node cong-cu/lay.mjs 3dtextures paper-recycled-001
wood-planks-010	Wood Planks 010	3dtextures.me	CC0 1.0	textures	Floor,planks,Wood	https://drive.google.com/open?id=1Cv9B5FQtKgsS-BvxDlKJvr6ea0ViJvJo	https://3dtextures.me/2019/01/04/wood-planks-010/	node cong-cu/lay.mjs 3dtextures wood-planks-010
rock-028	Rock 028	3dtextures.me	CC0 1.0	textures	cracked,rock,Rocks,Stone	https://drive.google.com/open?id=1cFLFV9uHhuUhicN7RBSO-ocKKSLs48at	https://3dtextures.me/2019/01/03/rock-028/	node cong-cu/lay.mjs 3dtextures rock-028
marble-gray-001	Marble Gray 001	3dtextures.me	CC0 1.0	textures	counter,countertop,kitchen,Marble,Rocks	https://drive.google.com/open?id=1OYUTfH8my77-XwuB7udviv0DV1GFmpRE	https://3dtextures.me/2019/01/02/marble-gray-001/	node cong-cu/lay.mjs 3dtextures marble-gray-001
leather-007	Leather 007	3dtextures.me	CC0 1.0	textures	Animal,clothes,couch,Leather,Organic	https://drive.google.com/open?id=19GufTfBlK4yTPpS0nyHDhZChg-sEUOhU	https://3dtextures.me/2019/01/01/leather-007/	node cong-cu/lay.mjs 3dtextures leather-007
concrete-015	Concrete 015	3dtextures.me	CC0 1.0	textures	cement,Concrete,Wall	https://drive.google.com/open?id=1QlnBpu4hrz2NhXnGnRIKP_6HAJoovwSd	https://3dtextures.me/2018/12/31/concrete-015/	node cong-cu/lay.mjs 3dtextures concrete-015
wood-010-cutting-board	Wood 010 - Cutting Board	3dtextures.me	CC0 1.0	textures	chop board,cutting board,kitchen,Wood	https://drive.google.com/open?id=1POQNy9MEVBQ3qFGQ5HT1jPIbPEeFCyhu	https://3dtextures.me/2018/12/28/wood-010-cutting-board/	node cong-cu/lay.mjs 3dtextures wood-010-cutting-board
wood-009-mahogany	Wood 009 - Mahogany	3dtextures.me	CC0 1.0	textures	countertop,kitchen,mahogany,Wood	https://drive.google.com/open?id=1xySs3lVXcY3ZW-InCMAiDSLd3xLdXjhs	https://3dtextures.me/2018/12/27/wood-009-mahogany/	node cong-cu/lay.mjs 3dtextures wood-009-mahogany
sand-004	Sand 004	3dtextures.me	CC0 1.0	textures	beach,clean,Sand	https://drive.google.com/open?id=14H_wbBXseHvqRyFtcbQYUCvz1pEZyuTw	https://3dtextures.me/2018/12/26/sand-004/	node cong-cu/lay.mjs 3dtextures sand-004
rock-027	Rock 027	3dtextures.me	CC0 1.0	textures	rock,Rocks,Stone	https://drive.google.com/open?id=1_2Y9P-JjiyRN9tH_ph1zLdWtdQzB5rcn	https://3dtextures.me/2018/12/25/rock-027/	node cong-cu/lay.mjs 3dtextures rock-027
fingerprint-001-generator-4k	Fingerprint 001 - Generator (4K)	3dtextures.me	CC0 1.0	textures	fingerprint,fingerprints,Misc,Substance Designer	https://drive.google.com/open?id=13OPNlrFRUPJF6pqXsDK6k64_YSzRb4ue	https://3dtextures.me/2018/12/24/fingerprint-001-generator-4k/	node cong-cu/lay.mjs 3dtextures fingerprint-001-generator-4k
volcanic-ash-001	Volcanic Ash 001	3dtextures.me	CC0 1.0	textures	ash,eruption,ground,volcanic,volcano	https://drive.google.com/open?id=1vreD-R5f7v-kvNnqNyy-mYQePuCQ6Wpo	https://3dtextures.me/2018/12/21/volcanic-ash-001/	node cong-cu/lay.mjs 3dtextures volcanic-ash-001
organic-matter-002	Organic Matter 002	3dtextures.me	CC0 1.0	textures	Animal,matter,Organic	https://drive.google.com/open?id=1OyHMZw1Qh8XMPL4LYI2ZXnir2hIcbEB8	https://3dtextures.me/2018/12/20/organic-matter-002/	node cong-cu/lay.mjs 3dtextures organic-matter-002
carrara-marble-003	Carrara Marble 003	3dtextures.me	CC0 1.0	textures	carrara,countertop,kitchen,Marble,Rocks	https://drive.google.com/open?id=1aOMUFdIjGQ6fbtqo6TPVeU1Xh6d1mLfH	https://3dtextures.me/2018/12/19/carrara-marble-003/	node cong-cu/lay.mjs 3dtextures carrara-marble-003
carrara-marble-002	Carrara Marble 002	3dtextures.me	CC0 1.0	textures	carrara,countertop,kitchen,Marble,Rocks	https://drive.google.com/open?id=1nW4CGUatT4eQvWs67wjoPfy1Bj1UYvEn	https://3dtextures.me/2018/12/18/carrara-marble-002/	node cong-cu/lay.mjs 3dtextures carrara-marble-002
ground-grass-001	Ground Grass 001	3dtextures.me	CC0 1.0	textures	Dirt,Grass,ground,Pebbles	https://drive.google.com/open?id=1WDa2ZKjRZT09FFVQ55wPE5iPtJS0UG37	https://3dtextures.me/2018/12/17/ground-grass-001/	node cong-cu/lay.mjs 3dtextures ground-grass-001
pebbles-008	Pebbles 008	3dtextures.me	CC0 1.0	textures	Floor,path,Pebbles,rock,Rocks,stones	https://drive.google.com/open?id=12rwQsulp1-G_Ij5cxbbK4kLpr2RXUllV	https://3dtextures.me/2018/12/14/pebbles-008/	node cong-cu/lay.mjs 3dtextures pebbles-008
pebbles-007	Pebbles 007	3dtextures.me	CC0 1.0	textures	Dirt,Floor,forest,path,Pebbles,Soil	https://drive.google.com/open?id=1aMorXCe1NzOzwYGRT_DsZKa2f4H8JFGK	https://3dtextures.me/2018/12/13/pebbles-007/	node cong-cu/lay.mjs 3dtextures pebbles-007
fabric-009	Fabric 009	3dtextures.me	CC0 1.0	textures	cloth,Fabric,textile	https://drive.google.com/open?id=1aYx3o8JUZV7piE-o7lY30Ep1h8apFqZR	https://3dtextures.me/2018/12/12/fabric-009/	node cong-cu/lay.mjs 3dtextures fabric-009
fabric-008	Fabric 008	3dtextures.me	CC0 1.0	textures	cloth,Fabric,textile	https://drive.google.com/open?id=1-53Vnq2NDxwlGU3AtEUurd7DNw32NAMa	https://3dtextures.me/2018/12/11/fabric-008/	node cong-cu/lay.mjs 3dtextures fabric-008
fabric-007	Fabric 007	3dtextures.me	CC0 1.0	textures	cloth,Fabric,textile	https://drive.google.com/open?id=1mJMih2pepJ8sT8Mowj21Y0rhUmNoDE-6	https://3dtextures.me/2018/12/10/fabric-007/	node cong-cu/lay.mjs 3dtextures fabric-007
tiles-015	Tiles 015	3dtextures.me	CC0 1.0	textures	azulejos,ceramic,Tiles,Wall	https://drive.google.com/open?id=1i-XQGIYocVWQuEESXfRsYYT4xHQyS6Bv	https://3dtextures.me/2018/12/07/tiles-015/	node cong-cu/lay.mjs 3dtextures tiles-015
concrete-014	Concrete 014	3dtextures.me	CC0 1.0	textures	Concrete,Wall	https://drive.google.com/open?id=1tTCHKE5qCGeM6Su8qHrqCfyoMo-yevHg	https://3dtextures.me/2018/12/06/concrete-014/	node cong-cu/lay.mjs 3dtextures concrete-014
concrete-013	Concrete 013	3dtextures.me	CC0 1.0	textures	Concrete,holes,Wall	https://drive.google.com/open?id=1Z934xdjsJ8hxqEIPJFF-VYy6pWvzXgLw	https://3dtextures.me/2018/12/05/concrete-013/	node cong-cu/lay.mjs 3dtextures concrete-013
concrete-012	Concrete 012	3dtextures.me	CC0 1.0	textures	cement,Concrete,Wall	https://drive.google.com/open?id=1FJID3iozDaIgqWKTLjOZmcz8qfWkOGO-	https://3dtextures.me/2018/12/04/concrete-012/	node cong-cu/lay.mjs 3dtextures concrete-012
brick-wall-015	Brick Wall 015	3dtextures.me	CC0 1.0	textures	Brick,Wall	https://drive.google.com/open?id=1muuwI2m0SKqHCuOxyB9ZNbwvCuhSGiwb	https://3dtextures.me/2018/12/03/brick-wall-015/	node cong-cu/lay.mjs 3dtextures brick-wall-015
snow-004	Snow 004	3dtextures.me	CC0 1.0	textures	footprints,Snow	https://drive.google.com/open?id=1JIGf3P6lmKR3JC1h-5h95zMBPNIYMLdr	https://3dtextures.me/2018/11/30/snow-004/	node cong-cu/lay.mjs 3dtextures snow-004
water-002	Water 002	3dtextures.me	CC0 1.0	textures	lake,ocean,pond,pool,Water	https://drive.google.com/open?id=136Cdn6qGjjzPBc9v14Ihxl70fJnpIJ6s	https://3dtextures.me/2018/11/29/water-002/	node cong-cu/lay.mjs 3dtextures water-002
blue-ice-001	Blue Ice 001	3dtextures.me	CC0 1.0	textures	blue,Ice,iceberg	https://drive.google.com/open?id=1diktJNiSvuObWqY6dtkES2PIZSreGCVR	https://3dtextures.me/2018/11/28/blue-ice-001/	node cong-cu/lay.mjs 3dtextures blue-ice-001
metal-rusted-007-2	Metal Rusted 007	3dtextures.me	CC0 1.0	textures	iron,Metal,metalic,rust,Rusted,rusty	https://drive.google.com/open?id=1iHjNR5vwb8PGP089BApEHNFJnVBfRueR	https://3dtextures.me/2018/11/27/metal-rusted-007-2/	node cong-cu/lay.mjs 3dtextures metal-rusted-007-2
metal-rusted-006-2	Metal Rusted 006	3dtextures.me	CC0 1.0	textures	iron,Metal,metalic,Rusted	https://drive.google.com/open?id=1FuvBw9mtnJrQBPeyMu_INN5PTMq3B4dJ	https://3dtextures.me/2018/11/26/metal-rusted-006-2/	node cong-cu/lay.mjs 3dtextures metal-rusted-006-2
metal-005	Metal 005	3dtextures.me	CC0 1.0	textures	Metal,metalic	https://drive.google.com/open?id=18ngbT9L5piPbGbnrBB0HSCbLdF8MsoIT	https://3dtextures.me/2018/11/24/metal-005/	node cong-cu/lay.mjs 3dtextures metal-005
metal-004	Metal 004	3dtextures.me	CC0 1.0	textures	Metal,metalic	https://drive.google.com/open?id=1uX4meoVDewcf1LNBRlrG8UOZN6x_tl3m	https://3dtextures.me/2018/11/22/metal-004/	node cong-cu/lay.mjs 3dtextures metal-004
metal-003	Metal 003	3dtextures.me	CC0 1.0	textures	Metal,metalic	https://drive.google.com/open?id=1wfrGbJ66cnaYbOv_2zEIMJPunBw1U0C5	https://3dtextures.me/2018/11/21/metal-003/	node cong-cu/lay.mjs 3dtextures metal-003
metal-002	Metal 002	3dtextures.me	CC0 1.0	textures	Metal,metalic	https://drive.google.com/open?id=15ZjJRjbOFvyVIB3w0p5xyIHp0krV50Xh	https://3dtextures.me/2018/11/20/metal-002/	node cong-cu/lay.mjs 3dtextures metal-002
metal-001	Metal 001	3dtextures.me	CC0 1.0	textures	Metal,metalic,scratched	https://drive.google.com/open?id=12zxuxxKA_qGmPxFqXiATBmJq_H2eSkua	https://3dtextures.me/2018/11/19/metal-001/	node cong-cu/lay.mjs 3dtextures metal-001
rock-026	Rock 026	3dtextures.me	CC0 1.0	textures	rock,Rocks,Stone	https://drive.google.com/open?id=1bG2jHUX2qRUoIyNu55kB9GAy7VnU_4_7	https://3dtextures.me/2018/11/16/rock-026/	node cong-cu/lay.mjs 3dtextures rock-026
rock-025	Rock 025	3dtextures.me	CC0 1.0	textures	cliff,rock,Rocks,Stone	https://drive.google.com/open?id=1fN3HV_9jYticW24Brz6szaQvr1x1b9a2	https://3dtextures.me/2018/11/15/rock-025/	node cong-cu/lay.mjs 3dtextures rock-025
pebbles-006	Pebbles 006	3dtextures.me	CC0 1.0	textures	Floor,pathway,Pebbles,road,rock,Rocks,Stone	https://drive.google.com/open?id=11Z056y4NISQHJ_JGuWn3SUgja1mUnRug	https://3dtextures.me/2018/11/14/pebbles-006/	node cong-cu/lay.mjs 3dtextures pebbles-006
pebbles-005	Pebbles 005	3dtextures.me	CC0 1.0	textures	beach,Floor,Pebbles,rock,Rocks,rocky,Stone	https://drive.google.com/open?id=1oovFpTzW7qaO7UViR46HdQLeQHLd04Cr	https://3dtextures.me/2018/11/13/pebbles-005/	node cong-cu/lay.mjs 3dtextures pebbles-005
asphalt-006	Asphalt 006	3dtextures.me	CC0 1.0	textures	aged,Asphalt,cracked,road,tarmac	https://drive.google.com/open?id=1p9KdpGRKoLQsgUj1oWwjCdjCkWUMJod7	https://3dtextures.me/2018/11/12/asphalt-006/	node cong-cu/lay.mjs 3dtextures asphalt-006
watercolor-paper-001	Watercolor Paper 001	3dtextures.me	CC0 1.0	textures	canvas,paper,watercolor	https://drive.google.com/open?id=1JsuUhQJnWQlyw336jAsA_Vynkqu1opIF	https://3dtextures.me/2018/11/09/watercolor-paper-001/	node cong-cu/lay.mjs 3dtextures watercolor-paper-001
metal-panel-006	Metal Panel 006	3dtextures.me	CC0 1.0	textures	container,Metal,panel,Wall	https://drive.google.com/open?id=1HeB53lRz-wcyMluauKgnKEHiLVcLkojx	https://3dtextures.me/2018/11/08/metal-panel-006/	node cong-cu/lay.mjs 3dtextures metal-panel-006
corrugated-metal-006	Corrugated Metal 006	3dtextures.me	CC0 1.0	textures	corrugated,Metal,metal sheet,zync	https://drive.google.com/open?id=11hHNVMBV3VB6F3LUpYUf28eJNq-OOWvJ	https://3dtextures.me/2018/11/07/corrugated-metal-006/	node cong-cu/lay.mjs 3dtextures corrugated-metal-006
corrugated-metal-005	Corrugated Metal 005	3dtextures.me	CC0 1.0	textures	corrugated,Metal,metalic,Substance Designer	https://drive.google.com/drive/folders/1yPcw1J85L7cbWbZM5Jku2knmrqmcBgPQ	https://3dtextures.me/2018/11/06/corrugated-metal-005/	node cong-cu/lay.mjs 3dtextures corrugated-metal-005
interior-design-texturing-example	Interior Design - Texturing Example	3dtextures.me	CC0 1.0	textures	Brick,example,Fabric,interior design,interior scene,render,Wood	https://drive.google.com/open?id=15x72LWtOC0iUlS1zdZLoxYYbDZjk0BiL	https://3dtextures.me/2018/11/05/interior-design-texturing-example/	node cong-cu/lay.mjs 3dtextures interior-design-texturing-example
brick-wall-014	Brick Wall 014	3dtextures.me	CC0 1.0	textures	aged,Brick,mortar,red,Wall	https://drive.google.com/open?id=1tlAc6BCbgiWvRvQ0raLfyanWIaUXeeyo	https://3dtextures.me/2018/11/05/brick-wall-014/	node cong-cu/lay.mjs 3dtextures brick-wall-014
wood-008	Wood 008	3dtextures.me	CC0 1.0	textures	Floor,furniture,house,polished,Wood,zebra	https://drive.google.com/open?id=1Ha7l75xT-f_KYjyrzJC3FnqAYTuhTUv0	https://3dtextures.me/2018/11/02/wood-008/	node cong-cu/lay.mjs 3dtextures wood-008
wood-007	Wood 007	3dtextures.me	CC0 1.0	textures	Floor,furniture,house,polished,Wood	https://drive.google.com/open?id=1FZaspAaMpGyLduyyKkMvRGnQV8NlmeDn	https://3dtextures.me/2018/11/01/wood-007/	node cong-cu/lay.mjs 3dtextures wood-007
bark-003	Bark 003	3dtextures.me	CC0 1.0	textures	Bark,Moss,tree,Wood	https://drive.google.com/open?id=1ta3GQPTZn8TFilI02KzGpKNZ67nWPWmJ	https://3dtextures.me/2018/10/31/bark-003/	node cong-cu/lay.mjs 3dtextures bark-003
red-marble-003	Red Marble 003	3dtextures.me	CC0 1.0	textures	bathroom,countertop,Marble,red	https://drive.google.com/open?id=1JRZltLq2Fzc2W_8Ralnw2dHPJNsZ6yQ2	https://3dtextures.me/2018/10/30/red-marble-003/	node cong-cu/lay.mjs 3dtextures red-marble-003
leather-006	Leather 006	3dtextures.me	CC0 1.0	textures	Fabric,Leather,seats,sofa	https://drive.google.com/open?id=1CvUqoEI1UvR7OmhXz-2BjcieNAukwTmo	https://3dtextures.me/2018/10/29/leather-006/	node cong-cu/lay.mjs 3dtextures leather-006
leather-005	Leather 005	3dtextures.me	CC0 1.0	textures	Fabric,Leather,seats,sofa,Substance Designer	https://drive.google.com/open?id=1TGPsdgTNutdwSi607efe8U4VeDZYQJyM	https://3dtextures.me/2018/10/26/leather-005/	node cong-cu/lay.mjs 3dtextures leather-005
fabric-006	Fabric 006	3dtextures.me	CC0 1.0	textures	cloth,clothes,drapes,Fabric,sofa,textile	https://drive.google.com/open?id=1AGMCnXfMxB3GD02gBf3mQLpfHz2KKSZ3	https://3dtextures.me/2018/10/25/fabric-006/	node cong-cu/lay.mjs 3dtextures fabric-006
denim-002	Denim 002	3dtextures.me	CC0 1.0	textures	cloth,clothes,Denim,Fabric,jeans,textile	https://drive.google.com/open?id=1--GBQUtH7GRrWz2ez8IvSgZu_mJbdOwK	https://3dtextures.me/2018/10/24/denim-002/	node cong-cu/lay.mjs 3dtextures denim-002
fabric-005	Fabric 005	3dtextures.me	CC0 1.0	textures	cloth,clothes,Fabric,textile	https://drive.google.com/open?id=1z_Ro8J2OlkMv_W06Hiu01zJE0UdcaMK6	https://3dtextures.me/2018/10/23/fabric-005/	node cong-cu/lay.mjs 3dtextures fabric-005
fabric-004	Fabric 004	3dtextures.me	CC0 1.0	textures	cloth,clothes,Fabric,textile	https://drive.google.com/open?id=1NADX88SLfoxE4YX13RPT7m5VrBSqPpaz	https://3dtextures.me/2018/10/22/fabric-004/	node cong-cu/lay.mjs 3dtextures fabric-004
fabric-003	Fabric 003	3dtextures.me	CC0 1.0	textures	cloth,clothes,Fabric,textile	https://drive.google.com/open?id=1m7tTwWG5YJwCRnLobqiFC_NRQs41uHKC	https://3dtextures.me/2018/10/19/fabric-003/	node cong-cu/lay.mjs 3dtextures fabric-003
fabric-002	Fabric 002	3dtextures.me	CC0 1.0	textures	cloth,clothes,Fabric,textile	https://drive.google.com/open?id=1CoY5oO5n5I-EY6McuaZQL347MCVXm31O	https://3dtextures.me/2018/10/18/fabric-002/	node cong-cu/lay.mjs 3dtextures fabric-002
fabric-001	Fabric 001	3dtextures.me	CC0 1.0	textures	cloth,clothes,cotton,Fabric,red	https://drive.google.com/open?id=1_JK8sA3VO7aGp-QhleB0jARZtxT0_mQc	https://3dtextures.me/2018/10/17/fabric-001/	node cong-cu/lay.mjs 3dtextures fabric-001
sponge-001	Sponge 001	3dtextures.me	CC0 1.0	textures	kitchen,Misc,sponge	https://drive.google.com/open?id=1m9GgnrQh7jR1IcbHtQ_COoy7LToiEC_0	https://3dtextures.me/2018/10/17/sponge-001/	node cong-cu/lay.mjs 3dtextures sponge-001
painted-metal-001	Painted Metal 001	3dtextures.me	CC0 1.0	textures	iron,Metal,painted,Substance Designer	https://drive.google.com/open?id=1qdcPETr2FT1dK9CfnjFJOsY6poy9dTvB	https://3dtextures.me/2018/10/15/painted-metal-001/	node cong-cu/lay.mjs 3dtextures painted-metal-001
brushed-steel-001	Brushed Steel 001	3dtextures.me	CC0 1.0	textures	brushed,Metal,steel	https://drive.google.com/open?id=1T88ib0QjEOCnVdVdUMWcde6ciMpYAqSm	https://3dtextures.me/2018/10/12/brushed-steel-001/	node cong-cu/lay.mjs 3dtextures brushed-steel-001
wood-shingles-001-stylized	Wood Shingles 001 - Stylized	3dtextures.me	CC0 1.0	textures	Roof,roofing,shingles,stylized,Substance Designer,Tiles,Wood	https://drive.google.com/open?id=1B-FTROlblSLp0tFBFKzH8utXPqu5PuWm	https://3dtextures.me/2018/10/11/wood-shingles-001-stylized/	node cong-cu/lay.mjs 3dtextures wood-shingles-001-stylized
rock-024	Rock 024	3dtextures.me	CC0 1.0	textures	rock,Rocks,Rough,Stone,Substance Designer	https://drive.google.com/open?id=1crQ2FZi94fb7PTfhrU4_3L7BvsjFwP0U	https://3dtextures.me/2018/10/10/rock-024/	node cong-cu/lay.mjs 3dtextures rock-024
blocks-001	Blocks 001	3dtextures.me	CC0 1.0	textures	blocks,lego,Misc,Plastic,toy	https://drive.google.com/open?id=1-mqUYxlNiAylLej0acDg4tYBuHv4Rwxv	https://3dtextures.me/2018/10/09/blocks-001/	node cong-cu/lay.mjs 3dtextures blocks-001
quartz-002	Quartz 002	3dtextures.me	CC0 1.0	textures	counter,countertop,kitchen,polished,Quartz,rock,Rocks,Stone,wc	https://drive.google.com/open?id=16yeLj8vtsSgpipA9JuXaZoZJv-fGZ0tA	https://3dtextures.me/2018/10/06/quartz-002/	node cong-cu/lay.mjs 3dtextures quartz-002
quartz-001	Quartz 001	3dtextures.me	CC0 1.0	textures	bathroom,countertop,kitchen,polished,Quartz,Rocks,table,wc	https://drive.google.com/open?id=1--eVNoHaOLYldEmcOWMlgK42HCX90z-p	https://3dtextures.me/2018/10/05/quartz-001/	node cong-cu/lay.mjs 3dtextures quartz-001
sapphire-001	Sapphire 001	3dtextures.me	CC0 1.0	textures	blue,Gems,precious stones,sapphire	https://drive.google.com/open?id=1QObJlgzkvtZ8QU8LGEV4gArwJ7PrFoSA	https://3dtextures.me/2018/10/04/sapphire-001/	node cong-cu/lay.mjs 3dtextures sapphire-001
chain-link-002	Chain Link 002	3dtextures.me	CC0 1.0	textures	chain,chainlink,chicken wire,Metal,wire	https://drive.google.com/open?id=1rCsWAE5X8QiqM_w0dDXtK3AH2q08GZ7M	https://3dtextures.me/2018/10/01/chain-link-002/	node cong-cu/lay.mjs 3dtextures chain-link-002
metal-plate-010	Metal Plate 010	3dtextures.me	CC0 1.0	textures	Floor,Metal,Pattern,plate,rust,rusty,Substance Designer	https://drive.google.com/open?id=1IutK1mto9FN-DR532VXy5D-WoZRw20Wd	https://3dtextures.me/2018/09/28/metal-plate-010/	node cong-cu/lay.mjs 3dtextures metal-plate-010
stone-tiles-003	Stone Tiles 003	3dtextures.me	CC0 1.0	textures	Floor,flooring,pieces,Stone,Stone Floor,Tiles	https://drive.google.com/open?id=1XLWIZvl2ZIWv_n1AWL-_fyo-EFj9JGVI	https://3dtextures.me/2018/09/27/stone-tiles-003/	node cong-cu/lay.mjs 3dtextures stone-tiles-003
asphalt-shingles-002	Asphalt Shingles 002	3dtextures.me	CC0 1.0	textures	Asphalt,Dirt,Roof,shingles,Substance Designer	https://drive.google.com/open?id=1b710mIbc77s5JEghMN--wEPo3VXyplDF	https://3dtextures.me/2018/09/26/asphalt-shingles-002/	node cong-cu/lay.mjs 3dtextures asphalt-shingles-002
asphalt-shingles-001	Asphalt Shingles 001	3dtextures.me	CC0 1.0	textures	Asphalt,house,Roof,shingles	https://drive.google.com/open?id=1jZCaEVlgDtFcjY3hRnCtH46Os85_PT9Z	https://3dtextures.me/2018/09/25/asphalt-shingles-001/	node cong-cu/lay.mjs 3dtextures asphalt-shingles-001
wall-siding-006	Wall Siding 006	3dtextures.me	CC0 1.0	textures	house,siding,Wall,Wood	https://drive.google.com/open?id=1QBFldLTIG6-aSjuowSZc8FqzOAg79NvF	https://3dtextures.me/2018/09/24/wall-siding-006/	node cong-cu/lay.mjs 3dtextures wall-siding-006
wall-siding-005	Wall Siding 005	3dtextures.me	CC0 1.0	textures	house,siding,Wall,Wood	https://drive.google.com/open?id=1CXgfdazBfP0MBiEWXKBL1ZdvPuo_2B5n	https://3dtextures.me/2018/09/21/wall-siding-005/	node cong-cu/lay.mjs 3dtextures wall-siding-005
wall-siding-004	Wall Siding 004	3dtextures.me	CC0 1.0	textures	house,siding,Wall,Wood	https://drive.google.com/open?id=1nrK94GfmM-KTvE5HNvE87Km_Dazkfd4E	https://3dtextures.me/2018/09/20/wall-siding-004/	node cong-cu/lay.mjs 3dtextures wall-siding-004
wall-siding-003	Wall Siding 003	3dtextures.me	CC0 1.0	textures	house,siding,Wall,Wood	https://drive.google.com/drive/folders/1PXPLsmIxYId4uPavtLc7h64fzZLCWuvm	https://3dtextures.me/2018/09/19/wall-siding-003/	node cong-cu/lay.mjs 3dtextures wall-siding-003
wall-siding-002	Wall Siding 002	3dtextures.me	CC0 1.0	textures	house,siding,Wall,Wood	https://drive.google.com/open?id=12_QQhC1H6YwXDSCGkZ7xHEjPzHVdSeZy	https://3dtextures.me/2018/09/18/wall-siding-002/	node cong-cu/lay.mjs 3dtextures wall-siding-002
wall-siding-001	Wall Siding 001	3dtextures.me	CC0 1.0	textures	house,siding,Wall,Wood	https://drive.google.com/open?id=125bKQVBGpHM6ZJQmVHCi9BIo7Rk8KQUc	https://3dtextures.me/2018/09/17/wall-siding-001/	node cong-cu/lay.mjs 3dtextures wall-siding-001
quilt-001	Quilt 001	3dtextures.me	CC0 1.0	textures	bed,Fabric,Padded,quilt	https://drive.google.com/open?id=1r4QKA-zr9hRLOCwU4NkFO30I3iEcGNiu	https://3dtextures.me/2018/09/14/quilt-001/	node cong-cu/lay.mjs 3dtextures quilt-001
vent-001	Vent 001	3dtextures.me	CC0 1.0	textures	air flow,Metal,Misc,vent	https://drive.google.com/open?id=1V8a1aGrAhQr4fPSryTLFMaTrELZBJSek	https://3dtextures.me/2018/09/13/vent-001/	node cong-cu/lay.mjs 3dtextures vent-001
wood-006	Wood 006	3dtextures.me	CC0 1.0	textures	furniture,polished,Wood	https://drive.google.com/open?id=1rd_6pe25yRPV8sX5Tf4kTv_oVOVMrJXW	https://3dtextures.me/2018/09/10/wood-006/	node cong-cu/lay.mjs 3dtextures wood-006
lava-005	Lava 005	3dtextures.me	CC0 1.0	textures	glowing,Lava,magma,volcano	https://drive.google.com/drive/folders/1-fKn-ayrK-4jJ_baPQdoKmMvVK6EHOKw	https://3dtextures.me/2018/09/08/lava-005/	node cong-cu/lay.mjs 3dtextures lava-005
encrusted-gems-002	Encrusted Gems 002	3dtextures.me	CC0 1.0	textures	Gems,precious stones,Stone,Water	https://drive.google.com/drive/folders/1Fnp4NtIo1wI64d51EWnLkk8czihvOUat	https://3dtextures.me/2018/09/07/encrusted-gems-002/	node cong-cu/lay.mjs 3dtextures encrusted-gems-002
slate-rock-001	Slate Rock 001	3dtextures.me	CC0 1.0	textures	rock,Rocks,Rough,slate,Stone	https://drive.google.com/drive/folders/1U3pPJXyKxFftUo0Vdedfagih6vlQ6qi1	https://3dtextures.me/2018/09/05/slate-rock-001/	node cong-cu/lay.mjs 3dtextures slate-rock-001
agate-002	Agate 002	3dtextures.me	CC0 1.0	textures	agate,gem,Gems,polished,precious stone,Stone	https://drive.google.com/drive/folders/1pNyJyZq--M3hW9JcjbBuGTCyQVXD4OHx	https://3dtextures.me/2018/09/03/agate-002/	node cong-cu/lay.mjs 3dtextures agate-002
agate-001	Agate 001	3dtextures.me	CC0 1.0	textures	gem,gem precious stone,Gems,mineral,precious stone,Stone	https://drive.google.com/drive/folders/1zSiAuU6uwA5492xKxuZG_uJMHjNFaYkT	https://3dtextures.me/2018/09/01/agate-001/	node cong-cu/lay.mjs 3dtextures agate-001
rough-rock-023	Rough Rock 023	3dtextures.me	CC0 1.0	textures	rock,Rocks,Rough,Stone	https://drive.google.com/drive/folders/1Sl5pSaQriFG5Xpz8K9iEDz9jq7j-R6f3	https://3dtextures.me/2018/08/31/rough-rock-023/	node cong-cu/lay.mjs 3dtextures rough-rock-023
white-marble-005	White Marble 005	3dtextures.me	CC0 1.0	textures	architecture,counter,countertop,kitchen,Marble,Rocks,table,white	https://drive.google.com/drive/folders/1ZntbMA-RvDmj09NfeiEArXlElbNwrpxe	https://3dtextures.me/2018/08/30/white-marble-005/	node cong-cu/lay.mjs 3dtextures white-marble-005
concrete-011	Concrete 011	3dtextures.me	CC0 1.0	textures	bare,cement,Concrete,Wall	https://drive.google.com/drive/folders/1tZXrjhvTAnlf9wUvcs3bosyE0R_jRIqf	https://3dtextures.me/2018/08/28/concrete-011/	node cong-cu/lay.mjs 3dtextures concrete-011
lava-004-cooled	Lava 004 (Cooled)	3dtextures.me	CC0 1.0	textures	cooled,Lava,volcano	https://drive.google.com/drive/folders/1xoEkwuXqqpXMpbCHviB5H4bF3AhjQgIf	https://3dtextures.me/2018/08/18/lava-004-cooled/	node cong-cu/lay.mjs 3dtextures lava-004-cooled
lapis-lazuli-001	Lapis Lazuli 001	3dtextures.me	CC0 1.0	textures	blue,gem,Gems,lapis lazuli,mineral,precious stones	https://drive.google.com/drive/folders/1l-07Iavy-Vn2jhdtKUnz6JgEJ8l0VYTM	https://3dtextures.me/2018/08/17/lapis-lazuli-001/	node cong-cu/lay.mjs 3dtextures lapis-lazuli-001
metal-grill-001	Metal Grill 001	3dtextures.me	CC0 1.0	textures	Floor,grill,holes,Metal	https://drive.google.com/drive/folders/1sFLG5LI-DtMCXj1s8LFjMRaCUbVokxUe	https://3dtextures.me/2018/08/16/metal-grill-001/	node cong-cu/lay.mjs 3dtextures metal-grill-001
metal-plate-009	Metal Plate 009	3dtextures.me	CC0 1.0	textures	hull,Metal,plate,Sci-fi,ship,spaceship	https://drive.google.com/drive/folders/1OGCjEjRI3Amu8uckKASkCDAEBhAnmqDd	https://3dtextures.me/2018/08/15/metal-plate-009/	node cong-cu/lay.mjs 3dtextures metal-plate-009
rough-painted-wall-001	Rough Painted Wall 001	3dtextures.me	CC0 1.0	textures	paint,painted,pink,Rough,Wall	https://drive.google.com/drive/folders/10u8Sy7lSd4cut_G_bmeVQp0fZNRF3n0a	https://3dtextures.me/2018/08/14/rough-painted-wall-001/	node cong-cu/lay.mjs 3dtextures rough-painted-wall-001
cracked-mud-001	Cracked Mud 001	3dtextures.me	CC0 1.0	textures	cracked,Dirt,Floor,ground,mud,wet	https://drive.google.com/drive/folders/15F_dAjVKa8PjYzLqxf0KvLkuUFxHytoU	https://3dtextures.me/2018/08/13/cracked-mud-001/	node cong-cu/lay.mjs 3dtextures cracked-mud-001
metal-plate-008	Metal Plate 008	3dtextures.me	CC0 1.0	textures	bolt,bolted,hull,Metal,plate,ship	https://drive.google.com/drive/folders/199KjZdxxMfH85sWwKcLDjpORTRFy0ruM	https://3dtextures.me/2018/08/08/metal-plate-008/	node cong-cu/lay.mjs 3dtextures metal-plate-008
rock-023	Rock 023	3dtextures.me	CC0 1.0	textures	rock,Rocks,Rough,Stone	https://drive.google.com/drive/folders/1FhlyGqQvEzbn_8GOOwQ9T6ayBFBFCy09	https://3dtextures.me/2018/07/31/rock-023/	node cong-cu/lay.mjs 3dtextures rock-023
canyon-rock-001	Canyon Rock 001	3dtextures.me	CC0 1.0	textures	canyon,rock,Rocks,Rough	https://drive.google.com/drive/folders/1sPgzDHkQkiXbo-7ZodKrOx1bKcA1U6-U	https://3dtextures.me/2018/07/19/canyon-rock-001/	node cong-cu/lay.mjs 3dtextures canyon-rock-001
sand-003	Sand 003	3dtextures.me	CC0 1.0	textures	beach,Dirt,Pebbles,Rocks,Sand,stones	https://drive.google.com/drive/folders/1P74uZqMcFu95NFc-lRu7AtkCaHCo4Dt3	https://3dtextures.me/2018/07/18/sand-003/	node cong-cu/lay.mjs 3dtextures sand-003
azulejos-tiles-003	Azulejos Tiles 003	3dtextures.me	CC0 1.0	textures	azulejos,blue,ceramic,handpainted,portugal,portuguese,Tiles	https://drive.google.com/drive/folders/1WDaE1ajD3GQSq1cPXT-5kUFIigIPxOLS	https://3dtextures.me/2018/07/17/azulejos-tiles-003/	node cong-cu/lay.mjs 3dtextures azulejos-tiles-003
azulejos-tiles-002	Azulejos Tiles 002	3dtextures.me	CC0 1.0	textures	azulejos,ceramic,painted,portuguese,Tiles	https://drive.google.com/drive/folders/1IgMNO-gW6jfUI0u3yYWdABnGxysjmhqd	https://3dtextures.me/2018/07/10/azulejos-tiles-002/	node cong-cu/lay.mjs 3dtextures azulejos-tiles-002
azulejos-tiles-001	Azulejos Tiles 001	3dtextures.me	CC0 1.0	textures	azulejos,ceramic,exterior,Tiles	https://drive.google.com/drive/folders/1Gx8lSPM7SXNbmVqJ5P9xRmgEDOg8hSNv	https://3dtextures.me/2018/07/09/azulejos-tiles-001/	node cong-cu/lay.mjs 3dtextures azulejos-tiles-001
grass-004	Grass 004	3dtextures.me	CC0 1.0	textures	field,Grass,meadow,Organic,Vegetable	https://drive.google.com/drive/folders/1V6029tsmRhz63NAmDubekWU63_a1E31a	https://3dtextures.me/2018/07/02/grass-004/	node cong-cu/lay.mjs 3dtextures grass-004
metal-plate-007	Metal Plate 007	3dtextures.me	CC0 1.0	textures	Metal,Pattern,plate,Rusted	https://drive.google.com/drive/folders/1DD2AOMUdhyCTQEm7YbJruA2ly-BEcvFn	https://3dtextures.me/2018/06/28/metal-plate-007/	node cong-cu/lay.mjs 3dtextures metal-plate-007
corrugated-metal-004	Corrugated Metal 004	3dtextures.me	CC0 1.0	textures	corrugated,Metal,Roof,roofing,Rusted	https://drive.google.com/drive/folders/1VlqFdgMlErNs10zZ5s0G8Fo-btJtX-B9	https://3dtextures.me/2018/06/26/corrugated-metal-004/	node cong-cu/lay.mjs 3dtextures corrugated-metal-004
tiles-014	Tiles 014	3dtextures.me	CC0 1.0	textures	black,ceramic,Tiles,Wall,white	https://drive.google.com/drive/folders/1Vf0T5ioM13akHzSGB8wBFHX3xMwJ4sOi	https://3dtextures.me/2018/06/23/tiles-014/	node cong-cu/lay.mjs 3dtextures tiles-014
blue-marble-002	Blue Marble 002	3dtextures.me	CC0 1.0	textures	blue,counter,countertop,kitchen,Marble,rock,Rocks,Stone	https://drive.google.com/drive/folders/1kxSsbjfnuba6z3tlGr8_c4q5bOefDbP3	https://3dtextures.me/2018/06/22/blue-marble-002/	node cong-cu/lay.mjs 3dtextures blue-marble-002
metal-diamond-001	Metal Diamond 001	3dtextures.me	CC0 1.0	textures	diamond,Metal,Pattern,plate	https://drive.google.com/drive/folders/1Y0_XBAUvI5c5wqHX3rAC8xDxnfOo1n2B	https://3dtextures.me/2018/06/21/metal-diamond-001/	node cong-cu/lay.mjs 3dtextures metal-diamond-001
engraved-metal-003	Engraved Metal 003	3dtextures.me	CC0 1.0	textures	engraved,Metal,Pattern	https://drive.google.com/drive/folders/1ShkVEEkvg21CuHOrhO5A8PEmevYILfTQ	https://3dtextures.me/2018/06/19/engraved-metal-003/	node cong-cu/lay.mjs 3dtextures engraved-metal-003
engraved-metal-002	Engraved Metal 002	3dtextures.me	CC0 1.0	textures	arabesque,engraved,floral,Metal,Pattern	https://drive.google.com/drive/folders/1649aeLkewXf9khswJ09Xq-_RKnIXuyHX	https://3dtextures.me/2018/06/13/engraved-metal-002/	node cong-cu/lay.mjs 3dtextures engraved-metal-002
corrugated-metal-003	Corrugated Metal 003	3dtextures.me	CC0 1.0	textures	corrugated,Galvanized,Metal,Roof,roofing,sheet	https://drive.google.com/drive/folders/16F8tujfBUOebpq9m4N607GV2yr5IFXOR	https://3dtextures.me/2018/06/10/corrugated-metal-003/	node cong-cu/lay.mjs 3dtextures corrugated-metal-003
corrugated-metal-002	Corrugated Metal 002	3dtextures.me	CC0 1.0	textures	corrugated,Metal,Pattern,Roof	https://drive.google.com/drive/folders/1NXPpfScgWcEaZoOcD5e0KAmKA0inaPqs	https://3dtextures.me/2018/06/09/corrugated-metal-002/	node cong-cu/lay.mjs 3dtextures corrugated-metal-002
engraved-metal-001	Engraved Metal 001	3dtextures.me	CC0 1.0	textures	arabesque,engraved,floral,Metal,Pattern	https://drive.google.com/drive/folders/1ZFKYKmDg91xzuJMe8_CnrdXn_Pzvb7nw	https://3dtextures.me/2018/06/08/engraved-metal-001/	node cong-cu/lay.mjs 3dtextures engraved-metal-001
metal-grunge-004	Metal Grunge 004	3dtextures.me	CC0 1.0	textures	Dented,Grunge,Metal,metalic,scratch,scratched	https://drive.google.com/drive/folders/1P-nmHawzH5CiDcHLN1L0qK2LeJdnwnt_	https://3dtextures.me/2018/06/07/metal-grunge-004/	node cong-cu/lay.mjs 3dtextures metal-grunge-004
white-marble-004	White Marble 004	3dtextures.me	CC0 1.0	textures	countertop,kitchen,Marble,polished,Rocks,white	https://drive.google.com/drive/folders/1TnJ9OBFLjVfrU_JVgAOGcKxFfxSe8E2S	https://3dtextures.me/2018/06/05/white-marble-004/	node cong-cu/lay.mjs 3dtextures white-marble-004
wood-planks-009	Wood Planks 009	3dtextures.me	CC0 1.0	textures	Floor,planks,Wood,Wood Floor	https://drive.google.com/drive/folders/1QoMXXs6COIr1AUY3_XEsOttrRP_qhYpv	https://3dtextures.me/2018/06/04/wood-planks-009/	node cong-cu/lay.mjs 3dtextures wood-planks-009
wood-planks-008	Wood Planks 008	3dtextures.me	CC0 1.0	textures	aged,damaged,Floor,old,planks,Wood	https://drive.google.com/drive/folders/1PYfvJK_Wcn0dD7JRjPy2RIlkAthablMI	https://3dtextures.me/2018/06/01/wood-planks-008/	node cong-cu/lay.mjs 3dtextures wood-planks-008
wood-wall-001	Wood Wall 001	3dtextures.me	CC0 1.0	textures	log,Rough,Wall,Wood	https://drive.google.com/drive/folders/1iWU0dMU8CHSLFG3zOMBPlZBRYjIxbagd	https://3dtextures.me/2018/05/31/wood-wall-001/	node cong-cu/lay.mjs 3dtextures wood-wall-001
corrugated-metal-001	Corrugated Metal 001	3dtextures.me	CC0 1.0	textures	corrugated,Metal,Pattern	https://drive.google.com/drive/folders/1FSYwKOwSoewjl4KaGwCWr2JoaOWqvSNK	https://3dtextures.me/2018/05/29/corrugated-metal-001/	node cong-cu/lay.mjs 3dtextures corrugated-metal-001
brick-wall-013	Brick Wall 013	3dtextures.me	CC0 1.0	textures	beige,Brick,Wall	https://drive.google.com/drive/folders/15yRNasppSwC2zCEOR9RMMRCMCnqV_AqL	https://3dtextures.me/2018/05/26/brick-wall-013/	node cong-cu/lay.mjs 3dtextures brick-wall-013
wood-005	Wood 005	3dtextures.me	CC0 1.0	textures	furniture,Wood	https://drive.google.com/drive/folders/13n8_6cMsq1j3NGE3nShsyFfdefj1XBh8	https://3dtextures.me/2018/05/24/wood-005/	node cong-cu/lay.mjs 3dtextures wood-005
hazard-paint-001	Hazard Paint 001	3dtextures.me	CC0 1.0	textures	Floor,hazard,Misc,paint	https://drive.google.com/drive/folders/1-uVbkJiADQrVLornrmzMJ-l1qoX5Vnn-	https://3dtextures.me/2018/05/20/hazard-paint-001/	node cong-cu/lay.mjs 3dtextures hazard-paint-001
granite-002	Granite 002	3dtextures.me	CC0 1.0	textures	countertop,Granite,polished,rock,Rocks,Stone	https://drive.google.com/drive/folders/1Kb_bdehNe6b1xoFmaUu0F5wcKEwajFc6	https://3dtextures.me/2018/05/15/granite-002/	node cong-cu/lay.mjs 3dtextures granite-002
concrete-panels-001	Concrete Panels 001	3dtextures.me	CC0 1.0	textures	cement,Concrete,panel,panels,Wall	https://drive.google.com/drive/folders/1epCtVMewnsurE3-6roUoZF5y07GUAGJx	https://3dtextures.me/2018/05/14/concrete-panels-001/	node cong-cu/lay.mjs 3dtextures concrete-panels-001
damaged-concrete-001	Damaged Concrete 001	3dtextures.me	CC0 1.0	textures	aged,Concrete,damaged,rebar,Rusted,Wall	https://drive.google.com/drive/folders/1GIVovS8CA1zev6vKss4zhDCVbdJqIHzp	https://3dtextures.me/2018/05/11/damaged-concrete-001/	node cong-cu/lay.mjs 3dtextures damaged-concrete-001
brick-wall-012	Brick Wall 012	3dtextures.me	CC0 1.0	textures	aged,Brick,terracota,Wall	https://drive.google.com/drive/folders/1Oz0Kg_TPRzpI26k_j5vGCxsTP9xabH2e	https://3dtextures.me/2018/05/10/brick-wall-012/	node cong-cu/lay.mjs 3dtextures brick-wall-012
brick-wall-011	Brick Wall 011	3dtextures.me	CC0 1.0	textures	aged,Brick,old,Wall	https://drive.google.com/drive/folders/15x72LWtOC0iUlS1zdZLoxYYbDZjk0BiL	https://3dtextures.me/2018/05/10/brick-wall-011/	node cong-cu/lay.mjs 3dtextures brick-wall-011
asphalt-005	Asphalt 005	3dtextures.me	CC0 1.0	textures	Asphalt,road,street,tarmac	https://drive.google.com/drive/folders/1IFx-MtAHiAt3gtPOfLPKJU-SEXXgfGab	https://3dtextures.me/2018/05/07/asphalt-005/	node cong-cu/lay.mjs 3dtextures asphalt-005
tiles-013	Tiles 013	3dtextures.me	CC0 1.0	textures	beige,ceramic,Tiles	https://drive.google.com/drive/folders/1BcrSpJ3AWt7lrNZc1dzQSx0dfWw0JmYK	https://3dtextures.me/2018/05/05/tiles-013/	node cong-cu/lay.mjs 3dtextures tiles-013
dust-fibers-001	Dust Fibers 001	3dtextures.me	CC0 1.0	textures	dust,fibers,imperfection,Misc,surface	https://drive.google.com/drive/folders/1MzVxG_x6R0S55uQqOYIPcz3d_0vXd16f	https://3dtextures.me/2018/05/03/dust-fibers-001/	node cong-cu/lay.mjs 3dtextures dust-fibers-001
grass-003-with-flowers	Grass 003 with flowers	3dtextures.me	CC0 1.0	textures	flowers,Grass,meadow,Organic,Vegetable	https://drive.google.com/drive/folders/1WcWRwZEAf1B9wldVfRtrsQ3MKz-I8bBb	https://3dtextures.me/2018/05/01/grass-003-with-flowers/	node cong-cu/lay.mjs 3dtextures grass-003-with-flowers
wood-004	Wood 004	3dtextures.me	CC0 1.0	textures	furniture,polished,Wood	https://drive.google.com/drive/folders/1kM61vmPAxwqm8FHioyBsItEkCgFg8zig	https://3dtextures.me/2018/04/30/wood-004/	node cong-cu/lay.mjs 3dtextures wood-004
wood-003	Wood 003	3dtextures.me	CC0 1.0	textures	beige,furniture,polished,Wood	https://drive.google.com/drive/folders/12ehrscr7cIA7MwPfQVUHs19Z5G67nIOc	https://3dtextures.me/2018/04/28/wood-003/	node cong-cu/lay.mjs 3dtextures wood-003
old-wood-001	Old Wood 001	3dtextures.me	CC0 1.0	textures	aged,old,Rough,Wood	https://drive.google.com/drive/folders/1quLtO2bqBvEM0spts40IEs5mzd9_9W8u	https://3dtextures.me/2018/04/27/old-wood-001/	node cong-cu/lay.mjs 3dtextures old-wood-001
crystal-003	Crystal 003	3dtextures.me	CC0 1.0	textures	blue,crystal,gem,Gems,precious stones,Stone	https://drive.google.com/drive/folders/1hBpksIRaDgVIrdlYszi_IGGYGQ5GWOuq	https://3dtextures.me/2018/04/26/crystal-003/	node cong-cu/lay.mjs 3dtextures crystal-003
camouflage-fabric-002	Camouflage Fabric 002	3dtextures.me	CC0 1.0	textures	army,Camo,camouflage,Fabric,military,tissue	https://drive.google.com/drive/folders/1K07rZFQIQqPXWOG3R4qfkYcJ0dTXx2Kg	https://3dtextures.me/2018/04/25/camouflage-fabric-002/	node cong-cu/lay.mjs 3dtextures camouflage-fabric-002
old-graffiti-wall-001	Old Graffiti Wall 001	3dtextures.me	CC0 1.0	textures	Brick,graffiti,Wall	https://drive.google.com/drive/folders/1bqQfk0QJ7T61GaIBYqJYEbiXLbOer-R_	https://3dtextures.me/2018/04/24/old-graffiti-wall-001/	node cong-cu/lay.mjs 3dtextures old-graffiti-wall-001
brick-wall-010	Brick Wall 010	3dtextures.me	CC0 1.0	textures	aged,Brick,bricks,old,Wall	https://drive.google.com/drive/folders/1QXRUoMNcNFSTp1CPEi7CX9ZgQ6tpJ3S6	https://3dtextures.me/2018/04/23/brick-wall-010/	node cong-cu/lay.mjs 3dtextures brick-wall-010
organic-abstract-001	Organic Abstract 001	3dtextures.me	CC0 1.0	textures	Abstract,Organic	https://drive.google.com/drive/folders/1tHFa_aaEeYPev8zQOdYrN4oI8E8XQFy9	https://3dtextures.me/2018/04/22/organic-abstract-001/	node cong-cu/lay.mjs 3dtextures organic-abstract-001
metal-plate-006	Metal Plate 006	3dtextures.me	CC0 1.0	textures	Metal,Pattern,plate,ship	https://drive.google.com/drive/folders/1rNL134R9wtFWLZO5_AU3N2SYUkMu4gV5	https://3dtextures.me/2018/04/20/metal-plate-006/	node cong-cu/lay.mjs 3dtextures metal-plate-006
metal-plate-005	Metal Plate 005	3dtextures.me	CC0 1.0	textures	Metal,Pattern,plate,ship	https://drive.google.com/drive/folders/1szKUe0NtF_dUayT2LzZOzOKQmx2dZmKY	https://3dtextures.me/2018/04/19/metal-plate-005/	node cong-cu/lay.mjs 3dtextures metal-plate-005
gun-metal-scratched-001	Gun Metal Scratched 001	3dtextures.me	CC0 1.0	textures	gun,Metal,military,scratched,weapon	https://drive.google.com/drive/folders/1nBn8aYruwV_o7uICOy24aXFnB2oHszyZ	https://3dtextures.me/2018/04/19/gun-metal-scratched-001/	node cong-cu/lay.mjs 3dtextures gun-metal-scratched-001
crystal-metal-001	Crystal Metal 001	3dtextures.me	CC0 1.0	textures	crystal,gem,Gems,Metal,Stone	https://drive.google.com/drive/folders/1LZO5-HnFGuLoA8dMpKYFBejloZzXNi8u	https://3dtextures.me/2018/04/17/crystal-metal-001/	node cong-cu/lay.mjs 3dtextures crystal-metal-001
crystal-002	Crystal 002	3dtextures.me	CC0 1.0	textures	crystal,gem,Gems,precious stones,purple,Stone	https://drive.google.com/drive/folders/1n2k5sNnOXaQN3WPxXUOY2tkwBvMSoZ3Y	https://3dtextures.me/2018/04/16/crystal-002/	node cong-cu/lay.mjs 3dtextures crystal-002
cobblestone-001	Cobblestone 001	3dtextures.me	CC0 1.0	textures	cobblestone,Floor,flooring,road,sidewalk,Stone,Stone Floor,street	https://drive.google.com/drive/folders/1snTQKrmToCHANsH-KAQWqG_u6CYPyWOX	https://3dtextures.me/2018/04/13/cobblestone-001/	node cong-cu/lay.mjs 3dtextures cobblestone-001
concrete-010	Concrete 010	3dtextures.me	CC0 1.0	textures	cement,Concrete,Wall	https://drive.google.com/drive/folders/1g7kuL5WFSLVGqb3G4pr3dwNeYk4CoXLa	https://3dtextures.me/2018/04/12/concrete-010/	node cong-cu/lay.mjs 3dtextures concrete-010
metal-pattern-001	Metal Pattern 001	3dtextures.me	CC0 1.0	textures	aged,Metal,Pattern,pyramids,wear,wearing	https://drive.google.com/drive/folders/1c7Ld_rAhdvFDn-yOsdtAdTHkwPy4oz3w	https://3dtextures.me/2018/04/09/metal-pattern-001/	node cong-cu/lay.mjs 3dtextures metal-pattern-001
stone-wall-009	Stone Wall 009	3dtextures.me	CC0 1.0	textures	old,Rocks,Stone,Wall	https://drive.google.com/drive/folders/1-BoV5bKpOlN6i2WDCNJpxVcrQ95IE1In	https://3dtextures.me/2018/04/07/stone-wall-009/	node cong-cu/lay.mjs 3dtextures stone-wall-009
dirt-005	Dirt 005	3dtextures.me	CC0 1.0	textures	cracked,Dirt,dry,earth,ground,Soil	https://drive.google.com/drive/folders/1bbKeHo4e6uH1DWyFaHD3fuxMSswJGHTk	https://3dtextures.me/2018/04/07/dirt-005/	node cong-cu/lay.mjs 3dtextures dirt-005
rough-rock-022	Rough Rock 022	3dtextures.me	CC0 1.0	textures	earth,rock,Rocks,Rough,Stone	https://drive.google.com/drive/folders/1Z9OWAWdTl1vqnWAFApFu-un4sxpKoZ0Z	https://3dtextures.me/2018/04/05/rough-rock-022/	node cong-cu/lay.mjs 3dtextures rough-rock-022
asphalt-004	Asphalt 004	3dtextures.me	CC0 1.0	textures	aged,Asphalt,cracked,road	https://drive.google.com/drive/folders/12DJV6Y0B0U5dJHL4DLAw092r0vHPM4-H	https://3dtextures.me/2018/03/30/asphalt-004/	node cong-cu/lay.mjs 3dtextures asphalt-004
wood-002	Wood 002	3dtextures.me	CC0 1.0	textures	furniture,plain,Wood	https://drive.google.com/drive/folders/1ELExUlk660BBMHlHXJSsv5CyvZYQsvSI	https://3dtextures.me/2018/03/29/wood-002/	node cong-cu/lay.mjs 3dtextures wood-002
wood-001	Wood 001	3dtextures.me	CC0 1.0	textures	furniture,plain,Wood	https://drive.google.com/drive/folders/1XRqOqiSoNkvriRPgR8r1IV38-JQG2jg2	https://3dtextures.me/2018/03/28/wood-001/	node cong-cu/lay.mjs 3dtextures wood-001
plastic-001-w-speckles-and-fingerprints	Plastic 001 w/speckles and fingerprints	3dtextures.me	CC0 1.0	textures	dust,fingerprints,Plastic,scratch,smudge,speckles	https://drive.google.com/open?id=1Nfyk8HIaA85QWogGDMD13ehQEk8-2Hzb	https://3dtextures.me/2018/03/26/plastic-001-w-speckles-and-fingerprints/	node cong-cu/lay.mjs 3dtextures plastic-001-w-speckles-and-fingerprints
tweed-001	Tweed 001	3dtextures.me	CC0 1.0	textures	Fabric,knitted,tweed	https://drive.google.com/drive/folders/1D31egJBuB5K4lnjWx9JiYx6aEZX5oWFy	https://3dtextures.me/2018/03/25/tweed-001/	node cong-cu/lay.mjs 3dtextures tweed-001
knitted-fabric-001	Knitted Fabric 001	3dtextures.me	CC0 1.0	textures	blue,Fabric,knitted	https://drive.google.com/drive/folders/1OU8urY5QF3h9nLpltr0pUUWGYSB6oFoU	https://3dtextures.me/2018/03/24/knitted-fabric-001/	node cong-cu/lay.mjs 3dtextures knitted-fabric-001
concrete-009	Concrete 009	3dtextures.me	CC0 1.0	textures	Concrete,gray,grey,Wall	https://drive.google.com/drive/folders/1XPRG93tIhdAo64l7mLwHNTbyb8CTelNX	https://3dtextures.me/2018/03/23/concrete-009/	node cong-cu/lay.mjs 3dtextures concrete-009
stone-wall-008	Stone Wall 008	3dtextures.me	CC0 1.0	textures	rock,Rough,Stone,Wall	https://drive.google.com/drive/folders/15Tahn4Di91FI51seDRUjAGUYA8Dpk3-3	https://3dtextures.me/2018/03/19/stone-wall-008/	node cong-cu/lay.mjs 3dtextures stone-wall-008
stone-wall-007	Stone Wall 007	3dtextures.me	CC0 1.0	textures	Brick,handpainted,Stone,Wall	https://drive.google.com/drive/folders/1JVrtyLs40zyi79F5txIrhq3CXwb9GJMJ	https://3dtextures.me/2018/03/18/stone-wall-007/	node cong-cu/lay.mjs 3dtextures stone-wall-007
bark-002	Bark 002	3dtextures.me	CC0 1.0	textures	Bark,tree,Wood	https://drive.google.com/drive/folders/15jab4eu9dvd7XseBXjBdBfpXIwNj0g3X	https://3dtextures.me/2018/03/16/bark-002/	node cong-cu/lay.mjs 3dtextures bark-002
bark-001	Bark 001	3dtextures.me	CC0 1.0	textures	Bark,tree,Wood	https://drive.google.com/drive/folders/1m88mC8KVj3arvY6ed8vDeXjRKznwz5ma	https://3dtextures.me/2018/03/15/bark-001/	node cong-cu/lay.mjs 3dtextures bark-001
plaster-002	Plaster 002	3dtextures.me	CC0 1.0	textures	beige,paint,Plaster,Wall	https://drive.google.com/drive/folders/1ewYF1jfQfdyRLhQNjxRX4r32thtSn7Uk	https://3dtextures.me/2018/03/13/plaster-002/	node cong-cu/lay.mjs 3dtextures plaster-002
plaster-001	Plaster 001	3dtextures.me	CC0 1.0	textures	paint,Plaster,Rough,Wall,white	https://drive.google.com/drive/folders/1s5Z5NKHoUbJjtA9yD1j-Ip339V-58MhX	https://3dtextures.me/2018/03/11/plaster-001/	node cong-cu/lay.mjs 3dtextures plaster-001
dirt-004	Dirt 004	3dtextures.me	CC0 1.0	textures	cracked,Dirt,drought,earth,Floor	https://drive.google.com/drive/folders/132ZiSuavnA8ALbKnWqoWKEIounYHrgxl	https://3dtextures.me/2018/03/08/dirt-004/	node cong-cu/lay.mjs 3dtextures dirt-004
granite-001	Granite 001	3dtextures.me	CC0 1.0	textures	Granite,polished,rock,Rocks,Stone	https://drive.google.com/drive/folders/1qPV9eVE7ONg05oIwLduzfca9hWGnruSh	https://3dtextures.me/2018/03/07/granite-001/	node cong-cu/lay.mjs 3dtextures granite-001
asphalt-003	Asphalt 003	3dtextures.me	CC0 1.0	textures	Asphalt,road,tarmac	https://drive.google.com/drive/folders/1v9ZpUWGh95AJL1b8gpVkPqN_iPMC1ykC	https://3dtextures.me/2018/03/06/asphalt-003/	node cong-cu/lay.mjs 3dtextures asphalt-003
tiles-012	Tiles 012	3dtextures.me	CC0 1.0	textures	ceramic,Tiles	https://drive.google.com/drive/folders/1sE_D3YNRDaV4Ja6s2gP0uMgUZq6NASWn	https://3dtextures.me/2018/03/02/tiles-012/	node cong-cu/lay.mjs 3dtextures tiles-012
snow-003	Snow 003	3dtextures.me	CC0 1.0	textures	Snow,white	https://drive.google.com/drive/folders/1GGw6e8ANZj6TFBgPGkZm2YlvRLzrfNOd	https://3dtextures.me/2018/03/01/snow-003/	node cong-cu/lay.mjs 3dtextures snow-003
snow-002	Snow 002	3dtextures.me	CC0 1.0	textures	Snow,white	https://drive.google.com/drive/folders/1t1DaJXl4yCO2wQbGL9p-Qj0vO_40ia-W	https://3dtextures.me/2018/02/27/snow-002/	node cong-cu/lay.mjs 3dtextures snow-002
snow-001	Snow 001	3dtextures.me	CC0 1.0	textures	Snow,white	https://drive.google.com/drive/folders/1Ht777khJ7gSBJKDVtEgS9e8LNie7D4Gz	https://3dtextures.me/2018/02/26/snow-001/	node cong-cu/lay.mjs 3dtextures snow-001
stone-wall-006	Stone Wall 006	3dtextures.me	CC0 1.0	textures	Stone,stone wall,Wall	https://drive.google.com/drive/folders/1RXCr27drTbLn3L-OFavrgAnQWrgOT1oS	https://3dtextures.me/2018/02/24/stone-wall-006/	node cong-cu/lay.mjs 3dtextures stone-wall-006
tiles-011	Tiles 011	3dtextures.me	CC0 1.0	textures	black,ceramic,grey,Tiles	https://drive.google.com/drive/folders/1W2_fDiqmcxymbkDYWpFA7kExszIP_6nR	https://3dtextures.me/2018/02/22/tiles-011/	node cong-cu/lay.mjs 3dtextures tiles-011
stone-tiles-002	Stone Tiles 002	3dtextures.me	CC0 1.0	textures	Floor,flooring,Stone,Stone Floor,Tiles	https://drive.google.com/drive/folders/1U42Fgyzyywj3gGRJq_dyOpI7ZqcHvN_k	https://3dtextures.me/2018/02/20/stone-tiles-002/	node cong-cu/lay.mjs 3dtextures stone-tiles-002
gold-nugget-001	Gold Nugget 001	3dtextures.me	CC0 1.0	textures	chunk,gold,golden,Metal,nugget	https://drive.google.com/drive/folders/1-DnsZREFMl6U2H421ZsPkcNL78Qjhnpy	https://3dtextures.me/2018/02/18/gold-nugget-001/	node cong-cu/lay.mjs 3dtextures gold-nugget-001
subway-tiles-001	Subway Tiles 001	3dtextures.me	CC0 1.0	textures	subway,Tiles,underground,white	https://drive.google.com/drive/folders/14KjFEU0sjIa0ZCXz2LSPjFkWco82NpGe	https://3dtextures.me/2018/02/17/subway-tiles-001/	node cong-cu/lay.mjs 3dtextures subway-tiles-001
wood-floor-008	Wood Floor 008	3dtextures.me	CC0 1.0	textures	Floor,flooring,laminate,parquet,verneer,Wood,Wood Floor	https://drive.google.com/drive/folders/1f6BAPo-8dgCZcCJ6qjJaYY09cHayz60x	https://3dtextures.me/2018/02/15/wood-floor-008/	node cong-cu/lay.mjs 3dtextures wood-floor-008
wood-floor-007	Wood Floor 007	3dtextures.me	CC0 1.0	textures	Floor,flooring,Wood,Wood Floor	https://drive.google.com/drive/folders/1ZZiCbPrtSmjdok0Oq2HQA1gUJLN0aaIi	https://3dtextures.me/2018/02/14/wood-floor-007/	node cong-cu/lay.mjs 3dtextures wood-floor-007
wood-floor-006	Wood Floor 006	3dtextures.me	CC0 1.0	textures	Floor,flooring,laminate,verneer,Wood,Wood Floor	https://drive.google.com/drive/folders/1jmYZj_WDPP3N1OCnnr--KOXGB9lHBMri	https://3dtextures.me/2018/02/13/wood-floor-006/	node cong-cu/lay.mjs 3dtextures wood-floor-006
wood-floor-005	Wood Floor 005	3dtextures.me	CC0 1.0	textures	Floor,laminate,parquet,verneer,Wood	https://drive.google.com/drive/folders/1Avr5rkm3CypcPbxp1gtm0b3mNcGoczS4	https://3dtextures.me/2018/02/12/wood-floor-005/	node cong-cu/lay.mjs 3dtextures wood-floor-005
brick-wall-009	Brick Wall 009	3dtextures.me	CC0 1.0	textures	beige,Brick,Wall	https://drive.google.com/drive/folders/1_H_Izl0pSsmkFRlAMw6xxfPvdVeLoDPq	https://3dtextures.me/2018/02/11/brick-wall-009/	node cong-cu/lay.mjs 3dtextures brick-wall-009
strawberry-milkshake-foam-001	Strawberry Milkshake Foam 001	3dtextures.me	CC0 1.0	textures	milk,milkshake,Misc,strawberry	https://drive.google.com/drive/folders/109ENLOp7AQ-wrpBdcNbykZ4RDRBRGVcD	https://3dtextures.me/2018/02/09/strawberry-milkshake-foam-001/	node cong-cu/lay.mjs 3dtextures strawberry-milkshake-foam-001
metal-panel-005	Metal Panel 005	3dtextures.me	CC0 1.0	textures	Metal,panel	https://drive.google.com/drive/folders/1jbIDgSRFy9_cVSMaRp87RJBaPnf9FQSg	https://3dtextures.me/2018/02/07/metal-panel-005/	node cong-cu/lay.mjs 3dtextures metal-panel-005
metal-panel-004	Metal Panel 004	3dtextures.me	CC0 1.0	textures	Metal,panel	https://drive.google.com/drive/folders/1_BDC_0mK6bnT4m12ol6_Yvn6jnb8r3li	https://3dtextures.me/2018/02/06/metal-panel-004/	node cong-cu/lay.mjs 3dtextures metal-panel-004
metal-panel-003	Metal Panel 003	3dtextures.me	CC0 1.0	textures	Metal,panel	https://drive.google.com/drive/folders/1yYo4mX00mpN28kgfr8iMJ3C3tVqKKEj7	https://3dtextures.me/2018/02/04/metal-panel-003/	node cong-cu/lay.mjs 3dtextures metal-panel-003
metal-panel-002	Metal Panel 002	3dtextures.me	CC0 1.0	textures	Metal,panel	https://drive.google.com/drive/folders/1votHw2kjTSJkiiaq7GKTsil7bGz6YPQ_	https://3dtextures.me/2018/02/03/metal-panel-002/	node cong-cu/lay.mjs 3dtextures metal-panel-002
coin-stack-001	Coin Stack 001	3dtextures.me	CC0 1.0	textures	coin,Metal	https://drive.google.com/drive/folders/1jr6kKpl1-BlkoH7Z3IYRTTo8YoCDsP0x	https://3dtextures.me/2018/02/01/coin-stack-001/	node cong-cu/lay.mjs 3dtextures coin-stack-001
alien-metal-002	Alien Metal 002	3dtextures.me	CC0 1.0	textures	Alien,Metal	https://drive.google.com/drive/folders/1LzDnF1v_7lKNV6G6WCDfXNaaZXjPqK2k	https://3dtextures.me/2018/01/31/alien-metal-002/	node cong-cu/lay.mjs 3dtextures alien-metal-002
cereals-001	Cereals 001	3dtextures.me	CC0 1.0	textures	breakfast,cereals,milk,Misc	https://drive.google.com/drive/folders/1NDpL8ThcaXLMXALROPggH_HTzW_HJ0h7	https://3dtextures.me/2018/01/30/cereals-001/	node cong-cu/lay.mjs 3dtextures cereals-001
metal-panel-001	Metal Panel 001	3dtextures.me	CC0 1.0	textures	Metal,panel	https://drive.google.com/drive/folders/18K5C8CGmG32VGt4lYQxAchiNxMk_jPrH	https://3dtextures.me/2018/01/28/metal-panel-001/	node cong-cu/lay.mjs 3dtextures metal-panel-001
wood-planks-007	Wood Planks 007	3dtextures.me	CC0 1.0	textures	planks,Wood	https://drive.google.com/drive/folders/1CcaMN--6zUhwWxwKVqjrrVvmr0Z9ZGLE	https://3dtextures.me/2018/01/26/wood-planks-007/	node cong-cu/lay.mjs 3dtextures wood-planks-007
terracota-floor-tiles-001	Terracota Floor Tiles 001	3dtextures.me	CC0 1.0	textures	Floor,flooring,terracota,Tiles	https://drive.google.com/drive/folders/1CkKsYyMps1-tAvnhuWj7zXsqFLevhyHd	https://3dtextures.me/2018/01/26/terracota-floor-tiles-001/	node cong-cu/lay.mjs 3dtextures terracota-floor-tiles-001
metal-plate-004	Metal Plate 004	3dtextures.me	CC0 1.0	textures	holes,Metal,Pattern	https://drive.google.com/drive/folders/1YYO3CyN-IbLJVfL4ZFrqgoGE09S3PTrJ	https://3dtextures.me/2018/01/24/metal-plate-004/	node cong-cu/lay.mjs 3dtextures metal-plate-004
grainy-wood-001	Grainy Wood 001	3dtextures.me	CC0 1.0	textures	grainy,Wood	https://drive.google.com/drive/folders/1bb_Ztrks56O5bFZbybr2wIgvOW1U8T16	https://3dtextures.me/2018/01/23/grainy-wood-001/	node cong-cu/lay.mjs 3dtextures grainy-wood-001
stone-wall-005	Stone Wall 005	3dtextures.me	CC0 1.0	textures	rock,Stone,stone wall,Wall	https://drive.google.com/drive/folders/1U4p7rE-Zl-fV8-g7JyT-7o-SrSqerIuk	https://3dtextures.me/2018/01/22/stone-wall-005/	node cong-cu/lay.mjs 3dtextures stone-wall-005
asphalt-002	Asphalt 002	3dtextures.me	CC0 1.0	textures	Asphalt,Floor,flooring,road,street	https://drive.google.com/drive/folders/133Wf-dM4HrrcRtEtBhtxFCADRDJLrgqW	https://3dtextures.me/2018/01/21/asphalt-002/	node cong-cu/lay.mjs 3dtextures asphalt-002
burnt-wood-001	Burnt Wood 001	3dtextures.me	CC0 1.0	textures	burn,burnt,charcoal,Wood	https://drive.google.com/drive/folders/1W_mYQ5aAa2pKRN4hxPohgDDWYJfSxY3u	https://3dtextures.me/2018/01/20/burnt-wood-001/	node cong-cu/lay.mjs 3dtextures burnt-wood-001
pebbles-004	Pebbles 004	3dtextures.me	CC0 1.0	textures	Floor,ground,Pebbles,rock,Rocks,stones	https://drive.google.com/drive/folders/1mtpk6ThD90n7QsBv8JuFBcczUsvIBICR	https://3dtextures.me/2018/01/20/pebbles-004/	node cong-cu/lay.mjs 3dtextures pebbles-004
particle-board-001	Particle Board 001	3dtextures.me	CC0 1.0	textures	particle board,Wood	https://drive.google.com/drive/folders/12_7TdRHOa-F7sw-_3fMga4PvCFT5Rm8G	https://3dtextures.me/2018/01/20/particle-board-001/	node cong-cu/lay.mjs 3dtextures particle-board-001
pavement-brick-001	Pavement Brick 001	3dtextures.me	CC0 1.0	textures	Brick,brick floor,Floor,flooring,sidewalk	https://drive.google.com/drive/folders/18n-5rBCsREBGLbu21f7vmiVf2ZfXaZ1B	https://3dtextures.me/2018/01/19/pavement-brick-001/	node cong-cu/lay.mjs 3dtextures pavement-brick-001
stylized-bark-002	Stylized Bark 002	3dtextures.me	CC0 1.0	textures	Bark,stylized,tree,Wood	https://drive.google.com/drive/folders/1hFFyQ5Yi-Bdk5VoEcK-j4SukGQ2yoXw_	https://3dtextures.me/2018/01/18/stylized-bark-002/	node cong-cu/lay.mjs 3dtextures stylized-bark-002
basket-weave-001	Basket Weave 001	3dtextures.me	CC0 1.0	textures	basket,Organic,Vegetable,weave,Wood	https://drive.google.com/drive/folders/1BuQnTrL7jaY8_c5lZwhpuadVKBg2bWKL	https://3dtextures.me/2018/01/17/basket-weave-001/	node cong-cu/lay.mjs 3dtextures basket-weave-001
wood-roof-tiles-001	Wood Roof Tiles 001	3dtextures.me	CC0 1.0	textures	Roof,shingles,Tiles,Wood	https://drive.google.com/drive/folders/1186f3rusJp1bGSDsFLZU2mAkNKzd0JPx	https://3dtextures.me/2018/01/16/wood-roof-tiles-001/	node cong-cu/lay.mjs 3dtextures wood-roof-tiles-001
rock-ore-002	Rock Ore 002	3dtextures.me	CC0 1.0	textures	blue,brown,ore,rock,Rocks,Stone	https://drive.google.com/drive/folders/13K9WQs8MAr6njAcGQD2UtlUT634ZDD_P	https://3dtextures.me/2018/01/15/rock-ore-002/	node cong-cu/lay.mjs 3dtextures rock-ore-002
orange-001	Orange 001	3dtextures.me	CC0 1.0	textures	fruit,orange,Organic,Vegetable	https://drive.google.com/drive/folders/1L427tKy-UqqB9Zf95xZyGxBM9LVx2nuo	https://3dtextures.me/2018/01/13/orange-001/	node cong-cu/lay.mjs 3dtextures orange-001
metal-plate-003	Metal Plate 003	3dtextures.me	CC0 1.0	textures	flooring,Metal,Pattern,plate	https://drive.google.com/drive/folders/16YOCKSNpboFuhdh5oxb6g7T38qfdRw7-	https://3dtextures.me/2018/01/12/metal-plate-003/	node cong-cu/lay.mjs 3dtextures metal-plate-003
metal-plate-002	Metal Plate 002	3dtextures.me	CC0 1.0	textures	Metal,Pattern,plate	https://drive.google.com/drive/folders/1cAfiD-qbYTsn6Dq9uApfx0w3LYirBC0J	https://3dtextures.me/2018/01/11/metal-plate-002/	node cong-cu/lay.mjs 3dtextures metal-plate-002
stone-floor-003	Stone Floor 003	3dtextures.me	CC0 1.0	textures	Floor,flooring,Stone,Stone Floor	https://drive.google.com/drive/folders/1S6S4ZKE9fbG6LChuW-Snm8Wo8w-1LCOd	https://3dtextures.me/2018/01/11/stone-floor-003/	node cong-cu/lay.mjs 3dtextures stone-floor-003
abstract-007	Abstract 007	3dtextures.me	CC0 1.0	textures	Abstract	https://drive.google.com/drive/folders/1DtnwSeR7bV--9qftyxnafLKMa_FFxsDH	https://3dtextures.me/2018/01/10/abstract-007/	node cong-cu/lay.mjs 3dtextures abstract-007
pebbles-001-2	Pebbles 001	3dtextures.me	CC0 1.0	textures	Floor,Pebbles,Rocks,rubble,Stone Floor,stones	https://drive.google.com/drive/folders/1oDjE1k8iBS6rJTKQyOynEZ-FX8kG-oCi	https://3dtextures.me/2018/01/09/pebbles-001-2/	node cong-cu/lay.mjs 3dtextures pebbles-001-2
pebbles-2-updated-displacement	Pebbles 2 - Updated Displacement	3dtextures.me	CC0 1.0	textures	Floor,Pebbles,Rocks,rubble,stones	https://drive.google.com/drive/folders/1bPAx5KbAiGRCj4BpwuBxwQx6vXp02nDm	https://3dtextures.me/2018/01/09/pebbles-2-updated-displacement/	node cong-cu/lay.mjs 3dtextures pebbles-2-updated-displacement
pebbles-003	Pebbles 003	3dtextures.me	CC0 1.0	textures	Floor,Pebbles,Rocks,rubble,stones	https://drive.google.com/drive/folders/1wvWYYmgdG90qtL-48F3mpNH1uNfOm7Ds	https://3dtextures.me/2018/01/09/pebbles-003/	node cong-cu/lay.mjs 3dtextures pebbles-003
concrete-008	Concrete 008	3dtextures.me	CC0 1.0	textures	Concrete,ornamental	https://drive.google.com/drive/folders/1pfTSEX7jjRCSpaGBLwbvhiUFiWa7FS3R	https://3dtextures.me/2018/01/06/concrete-008/	node cong-cu/lay.mjs 3dtextures concrete-008
crystal-001	Crystal 001	3dtextures.me	CC0 1.0	textures	crystal,Gems,purple	https://drive.google.com/drive/folders/18OFOgHTFx7LyXMbh9wcfGKMILL_yJ0pM	https://3dtextures.me/2018/01/06/crystal-001/	node cong-cu/lay.mjs 3dtextures crystal-001
rubble-001	Rubble 001	3dtextures.me	CC0 1.0	textures	Floor,Pebbles,Rocks,rubble,stones,white	https://drive.google.com/drive/folders/1rLL4UVkjavbLWpMHORDmCLUdb9QP-l1d	https://3dtextures.me/2018/01/05/rubble-001/	node cong-cu/lay.mjs 3dtextures rubble-001
grass-001-2	Grass 001	3dtextures.me	CC0 1.0	textures	Grass,green,Organic,Vegetable	https://drive.google.com/drive/folders/12ZRuLfjAMWIiTmJU_yg-oPVL9N4elvMT	https://3dtextures.me/2018/01/05/grass-001-2/	node cong-cu/lay.mjs 3dtextures grass-001-2
abstract-006	Abstract 006	3dtextures.me	CC0 1.0	textures	Abstract,gray	https://drive.google.com/drive/folders/1bMCJX16KnffWDqvmId9_oejWMzNFQxmA	https://3dtextures.me/2018/01/05/abstract-006/	node cong-cu/lay.mjs 3dtextures abstract-006
ice-002	Ice 002	3dtextures.me	CC0 1.0	textures	Ice	https://drive.google.com/drive/folders/1OFkJOQQtU0GOX883ttdq2KNFiWmzX-OC	https://3dtextures.me/2018/01/04/ice-002/	node cong-cu/lay.mjs 3dtextures ice-002
metal-mesh-001	Metal Mesh 001	3dtextures.me	CC0 1.0	textures	mesh,Metal	https://drive.google.com/drive/folders/1j2mFz8BuakdfZv3XLT3I3Tu6nD1MXPS2	https://3dtextures.me/2018/01/03/metal-mesh-001/	node cong-cu/lay.mjs 3dtextures metal-mesh-001
metal-scales-001	Metal Scales 001	3dtextures.me	CC0 1.0	textures	Metal,Scales	https://drive.google.com/drive/folders/1J3GGmG4TAvxmNzekct4m5GWVW1LV6faG	https://3dtextures.me/2018/01/02/metal-scales-001/	node cong-cu/lay.mjs 3dtextures metal-scales-001
metal-weave-002	Metal Weave 002	3dtextures.me	CC0 1.0	textures	armor,gold,Metal,weave,yellow	https://drive.google.com/drive/folders/1yBYR1VLAQHfDwf7Id2GK9pt-zANOYh4d	https://3dtextures.me/2018/01/01/metal-weave-002/	node cong-cu/lay.mjs 3dtextures metal-weave-002
stone-floor-002	Stone Floor 002	3dtextures.me	CC0 1.0	textures	Floor,Stone,Stone Floor	https://drive.google.com/drive/folders/1H2sjVaqV5cGgQ6ytcTZJDPFPM8YXCcAr	https://3dtextures.me/2017/12/29/stone-floor-002/	node cong-cu/lay.mjs 3dtextures stone-floor-002
metal-crystals-002	Metal Crystals 002	3dtextures.me	CC0 1.0	textures	crystals,Metal	https://drive.google.com/drive/folders/1ITXk0EKWnBao5KgpA547Tz4bZrrLJcTJ	https://3dtextures.me/2017/12/29/metal-crystals-002/	node cong-cu/lay.mjs 3dtextures metal-crystals-002
water-001	Water 001	3dtextures.me	CC0 1.0	textures	Water	https://drive.google.com/drive/folders/1-U8iJARDsrhftYncn-6b6gko8zJ_j0VZ	https://3dtextures.me/2017/12/28/water-001/	node cong-cu/lay.mjs 3dtextures water-001
metal-crystals-001	Metal Crystals 001	3dtextures.me	CC0 1.0	textures	crystals,Metal	https://drive.google.com/drive/folders/1QIIuA9xxGzJWmUciMMLT4VMQV_Nrmbms	https://3dtextures.me/2017/12/28/metal-crystals-001/	node cong-cu/lay.mjs 3dtextures metal-crystals-001
abstract-005	Abstract 005	3dtextures.me	CC0 1.0	textures	Abstract,gray	https://drive.google.com/drive/folders/1Wdhc8s5BaM7EK5Wc8Wb0YQ4gPumS8N4z	https://3dtextures.me/2017/12/28/abstract-005/	node cong-cu/lay.mjs 3dtextures abstract-005
tiles-010	Tiles 010	3dtextures.me	CC0 1.0	textures	ceramic,Tiles	https://drive.google.com/drive/folders/1vBQYucfA3J20tbJq0gGwa8WMqm5H8w53	https://3dtextures.me/2017/12/27/tiles-010/	node cong-cu/lay.mjs 3dtextures tiles-010
rock-with-ore-001	Rock with Ore 001	3dtextures.me	CC0 1.0	textures	gold,ore,rock,Rocks,Stone	https://drive.google.com/drive/folders/1AXtf2iFhx3-DBjb7-EEgSZMkI2nFy8MN	https://3dtextures.me/2017/12/27/rock-with-ore-001/	node cong-cu/lay.mjs 3dtextures rock-with-ore-001
portuguese-flooring-001	Portuguese Flooring 001	3dtextures.me	CC0 1.0	textures	calçada,Floor,flooring,portuguese,Stone,Stone Floor	https://drive.google.com/drive/folders/1MEUooE9p4KB6KSXveKbPryHJjySq1FdS	https://3dtextures.me/2017/12/26/portuguese-flooring-001/	node cong-cu/lay.mjs 3dtextures portuguese-flooring-001
herringbone-stone-tiles-001	Herringbone Stone Tiles 001	3dtextures.me	CC0 1.0	textures	Floor,flooring,herringbone,Stone,Stone Floor,Tiles	https://drive.google.com/drive/folders/1EHChbwFheeRjsTBF7QNYN76B3QpN7xr0	https://3dtextures.me/2017/12/22/herringbone-stone-tiles-001/	node cong-cu/lay.mjs 3dtextures herringbone-stone-tiles-001
avocado-skin-001	Avocado Skin 001	3dtextures.me	CC0 1.0	textures	avocado,Organic,Vegetable	https://drive.google.com/drive/folders/1c7cy0oLD-gwndesq72bqrwQuHLCbUqeU	https://3dtextures.me/2017/12/21/avocado-skin-001/	node cong-cu/lay.mjs 3dtextures avocado-skin-001
bacteria-001	Bacteria 001	3dtextures.me	CC0 1.0	textures	Animal,bacteria,Organic	https://drive.google.com/drive/folders/1tKeHwoimpnzxJFtsvthtN-nVk__s2F-3	https://3dtextures.me/2017/12/20/bacteria-001/	node cong-cu/lay.mjs 3dtextures bacteria-001
encrusted-gems-001	Encrusted Gems 001	3dtextures.me	CC0 1.0	textures	Gems,stylized	https://drive.google.com/drive/folders/1PD1kMb6wU5fK1j_OE7oVxgk92vbHV91q	https://3dtextures.me/2017/12/19/encrusted-gems-001/	node cong-cu/lay.mjs 3dtextures encrusted-gems-001
moon-surface-001	Moon Surface 001	3dtextures.me	CC0 1.0	textures	Moon,Rocks	https://drive.google.com/drive/folders/1q3up93XRbembIdCWQmzOvP9Fvg6P2-KE	https://3dtextures.me/2017/12/19/moon-surface-001/	node cong-cu/lay.mjs 3dtextures moon-surface-001
wood-planks-006-handpainted	Wood Planks 006 Handpainted	3dtextures.me	CC0 1.0	textures	handpainted,plancks,Wood,Wood Floor	https://drive.google.com/drive/folders/1p6CTAzASTgu1HU8ttSSWpHtcE67Jt36G	https://3dtextures.me/2017/12/18/wood-planks-006-handpainted/	node cong-cu/lay.mjs 3dtextures wood-planks-006-handpainted
brick-wall-008	Brick Wall 008	3dtextures.me	CC0 1.0	textures	Brick,Wall	https://drive.google.com/drive/folders/1b0CWk5e0E6t8d2aWJkPC90o2yCSQlwfs	https://3dtextures.me/2017/12/16/brick-wall-008/	node cong-cu/lay.mjs 3dtextures brick-wall-008
brain-matter-001	Brain Matter 001	3dtextures.me	CC0 1.0	textures	Animal,brain,matter,Organic	https://drive.google.com/drive/folders/17GSagQhQLK_-AIkZqmo5NHVtFRWPm4uw	https://3dtextures.me/2017/12/15/brain-matter-001/	node cong-cu/lay.mjs 3dtextures brain-matter-001
organic-matter-001	Organic Matter 001	3dtextures.me	CC0 1.0	textures	Animal,brain,flesh,matter,Organic	https://drive.google.com/drive/folders/125ESdi3eugQJWa8IdgFjN92PDbEuu1ua	https://3dtextures.me/2017/12/11/organic-matter-001/	node cong-cu/lay.mjs 3dtextures organic-matter-001
aspen-bark-001	Aspen Bark 001	3dtextures.me	CC0 1.0	textures	Bark,Wood	https://drive.google.com/drive/folders/1-uXLu6PFndEr7y5xz8iQ0qhc2UQK0qLs	https://3dtextures.me/2017/12/09/aspen-bark-001/	node cong-cu/lay.mjs 3dtextures aspen-bark-001
alien-muscle-001	AlienMuscle 001	3dtextures.me	CC0 1.0	textures	Alien,Animal,muscle,Organic,red	https://drive.google.com/drive/folders/1cHVZaxw1VY4klzdmxqF9UnJ4DXr233Am	https://3dtextures.me/2017/12/07/alien-muscle-001/	node cong-cu/lay.mjs 3dtextures alien-muscle-001
wood-plancks-005	Wood planks 005	3dtextures.me	CC0 1.0	textures	brown,Dirt,Wood	https://drive.google.com/drive/folders/1kIXVkN9EAY1cVd5sHmqmxlc6Q4NWlLkY	https://3dtextures.me/2017/12/06/wood-plancks-005/	node cong-cu/lay.mjs 3dtextures wood-plancks-005
tiles-009	Tiles 009	3dtextures.me	CC0 1.0	textures	Tiles	https://drive.google.com/drive/folders/1lWGIJYBCpJcvyQ40Egvt83Mn6HwHsdLM	https://3dtextures.me/2017/12/06/tiles-009/	node cong-cu/lay.mjs 3dtextures tiles-009
abstract-004	Abstract 004	3dtextures.me	CC0 1.0	textures	Abstract,blue	https://drive.google.com/drive/folders/18Ee0oYth9gzs16KYOILTttwJaG-UR6eX	https://3dtextures.me/2017/12/03/abstract-004/	node cong-cu/lay.mjs 3dtextures abstract-004
tiles-008	Tiles 008	3dtextures.me	CC0 1.0	textures	ceramic,purple,square,Tiles	https://drive.google.com/drive/folders/1NfooUbHgNiuPGp8R3ji9hcrtpN2bWeqn	https://3dtextures.me/2017/12/02/tiles-008/	node cong-cu/lay.mjs 3dtextures tiles-008
stylized-bark-001	Stylized Bark 001	3dtextures.me	CC0 1.0	textures	Bark,stylized,Wood	https://drive.google.com/drive/folders/1dlxxvHYui5oPCB75nI_VFEUuxoiqMMaM	https://3dtextures.me/2017/11/26/stylized-bark-001/	node cong-cu/lay.mjs 3dtextures stylized-bark-001
slate-flooring-001	Slate Flooring 001	3dtextures.me	CC0 1.0	textures	Floor,flooring,slate,Stone Floor,Tiles	https://drive.google.com/drive/folders/1_l5ARDyrw8ZutDjS3hZLGRpPCrpYW1Kn	https://3dtextures.me/2017/11/26/slate-flooring-001/	node cong-cu/lay.mjs 3dtextures slate-flooring-001
dried-soil-001	Dried Soil 001	3dtextures.me	CC0 1.0	textures	cracked,Dirt,dried,Soil	https://drive.google.com/drive/folders/16iCPtCRhaTZXlnBlAj2RG_iCBQDpYz2L	https://3dtextures.me/2017/11/26/dried-soil-001/	node cong-cu/lay.mjs 3dtextures dried-soil-001
brick-wall-002	Brick Wall 002	3dtextures.me	CC0 1.0	textures	Brick,red,Wall	https://drive.google.com/drive/folders/1JpSws-Mr4MmiTFd1TdTNbRPfbZduOzGm	https://3dtextures.me/2017/11/23/brick-wall-002/	node cong-cu/lay.mjs 3dtextures brick-wall-002
wall-damaged-001	Wall Damaged 001	3dtextures.me	CC0 1.0	textures	damaged,Wall	https://drive.google.com/drive/folders/1yWF0jsXppYKJpp4ftq53KpiVc7n6XCM8	https://3dtextures.me/2017/11/21/wall-damaged-001/	node cong-cu/lay.mjs 3dtextures wall-damaged-001
alien-flesh-002	Alien Flesh 002	3dtextures.me	CC0 1.0	textures	Alien,Animal,Organic	https://drive.google.com/drive/folders/1KrkYp4MqBj6cbUMOJWQE3Ac9gOwvHiLl	https://3dtextures.me/2017/11/20/alien-flesh-002/	node cong-cu/lay.mjs 3dtextures alien-flesh-002
abstract-003	Abstract 003	3dtextures.me	CC0 1.0	textures	Abstract	https://drive.google.com/drive/folders/1TeI8UrhP6xGmwoZLyROBxcNelcVDeKX0	https://3dtextures.me/2017/11/19/abstract-003/	node cong-cu/lay.mjs 3dtextures abstract-003
striped-fabric-001	Striped Fabric 001	3dtextures.me	CC0 1.0	textures	Fabric,Striped,stripes	https://drive.google.com/drive/folders/1IKwd2TSXwYDNYLvTA2l43ZU2-FxjTJ-Y	https://3dtextures.me/2017/11/19/striped-fabric-001/	node cong-cu/lay.mjs 3dtextures striped-fabric-001
ice-001	Ice 001	3dtextures.me	CC0 1.0	textures	Ice	https://drive.google.com/drive/folders/1yCDaDDdpeNaaA2FQiH0XyPq7Q1bSF68r	https://3dtextures.me/2017/11/19/ice-001/	node cong-cu/lay.mjs 3dtextures ice-001
abstract-002	Abstract 002	3dtextures.me	CC0 1.0	textures	Abstract,blue	https://drive.google.com/drive/folders/157Oubj3W_YNw6NvyQM0slwkfc-5PP6NW	https://3dtextures.me/2017/11/19/abstract-002/	node cong-cu/lay.mjs 3dtextures abstract-002
rough-rock-004	Rough Rock 004	3dtextures.me	CC0 1.0	textures	rock,Rocks,Rough	https://drive.google.com/drive/folders/1Vojv1QLFCf5HBUQPezdsYGlsE1eZgyKe	https://3dtextures.me/2017/11/18/rough-rock-004/	node cong-cu/lay.mjs 3dtextures rough-rock-004
sand-001	Sand 001	3dtextures.me	CC0 1.0	textures	earth,Sand	https://drive.google.com/drive/folders/13_mQqhUmUSO7Al4LVw4etUtBmiNOzJhI	https://3dtextures.me/2017/11/17/sand-001/	node cong-cu/lay.mjs 3dtextures sand-001
tiles-007	Tiles 007	3dtextures.me	CC0 1.0	textures	brown,ceramic,Tiles	https://drive.google.com/drive/folders/1LVfCshYxaffoP5MC9KGauFLDXPAKYkHz	https://3dtextures.me/2017/11/16/tiles-007/	node cong-cu/lay.mjs 3dtextures tiles-007
alien-metal-001	Alien Metal 001	3dtextures.me	CC0 1.0	textures	Alien,Metal	https://drive.google.com/drive/folders/1MKL3CL-Dgn4qkFGRSUcH0QUem1QAmchm	https://3dtextures.me/2017/11/13/alien-metal-001/	node cong-cu/lay.mjs 3dtextures alien-metal-001
abstract-001	Abstract 001	3dtextures.me	CC0 1.0	textures	Abstract,blue	https://drive.google.com/drive/folders/1l-kqfNhUFte8bjumAq9rfm9A65PvGPec	https://3dtextures.me/2017/11/12/abstract-001/	node cong-cu/lay.mjs 3dtextures abstract-001
asphalt-001	Asphalt 001	3dtextures.me	CC0 1.0	textures	Asphalt,Floor,tarmac	https://drive.google.com/drive/folders/1CsqMHRHXvX4RofQU_T7im1x01ZAfLOc4	https://3dtextures.me/2017/04/05/asphalt-001/	node cong-cu/lay.mjs 3dtextures asphalt-001
red-marble-002	Red Marble 002	3dtextures.me	CC0 1.0	textures	Marble,red,Rocks	https://drive.google.com/drive/folders/1uVMe87CQTBubHi57xmmq1gf2-E27PkZo	https://3dtextures.me/2017/03/31/red-marble-002/	node cong-cu/lay.mjs 3dtextures red-marble-002
red-marble-001	Red Marble 001	3dtextures.me	CC0 1.0	textures	Marble,red,Rocks,smooth,Stone	https://drive.google.com/drive/folders/17yIN5O1HIE9YC-YCSU_mzBRUSuq-b2H_	https://3dtextures.me/2017/03/23/red-marble-001/	node cong-cu/lay.mjs 3dtextures red-marble-001
sand-002	Sand 002	3dtextures.me	CC0 1.0	textures	Dirt,earth,Floor,Sand	https://drive.google.com/drive/folders/1SUq1OtgfMIeuvgrDsmw9nlJ3VXn-ufkD	https://3dtextures.me/2017/03/23/sand-002/	node cong-cu/lay.mjs 3dtextures sand-002
stone-wall-004	Stone Wall 004	3dtextures.me	CC0 1.0	textures	rock,Stone,Wall	https://drive.google.com/drive/folders/1mXNE9qv_0z0pq1S-M4qFmbCKXcgoQa3M	https://3dtextures.me/2017/03/23/stone-wall-004/	node cong-cu/lay.mjs 3dtextures stone-wall-004
stone-wall-003	Stone Wall 003	3dtextures.me	CC0 1.0	textures	rock,Stone,Wall	https://drive.google.com/drive/folders/1n3QV2ed3u4GISe6Z36cdANY6DOTzDgoE	https://3dtextures.me/2017/03/23/stone-wall-003/	node cong-cu/lay.mjs 3dtextures stone-wall-003
bamboo-001	Bamboo 001	3dtextures.me	CC0 1.0	textures	Bamboo,Organic,Wood	https://drive.google.com/drive/folders/1lBQZepTumOVWjhiRpyembk0uYgHogNgA	https://3dtextures.me/2016/10/06/bamboo-001/	node cong-cu/lay.mjs 3dtextures bamboo-001
metal-rusted-007	Metal Rusted 007	3dtextures.me	CC0 1.0	textures	aged,brown,gray,grey,Metal,paint,Rusted,white	https://drive.google.com/drive/folders/17tnT6rIgZMndhTGfHDnKG0MmvhhbS1fH	https://3dtextures.me/2016/09/29/metal-rusted-007/	node cong-cu/lay.mjs 3dtextures metal-rusted-007
leather-004	Leather 004	3dtextures.me	CC0 1.0	textures	blue,Leather	https://drive.google.com/drive/folders/1kGTydw7f2ap3cHVvBAFGqrPyMF67oE5g	https://3dtextures.me/2016/09/17/leather-004/	node cong-cu/lay.mjs 3dtextures leather-004
stone-brick-pavement-004	Stone Brick Pavement 004	3dtextures.me	CC0 1.0	textures	Floor,gray,grey,rock,Stone,Stone Floor	https://drive.google.com/drive/folders/147EbH24CDfA7JsbO1VRhQgWDlVS-Dr2_	https://3dtextures.me/2016/09/16/stone-brick-pavement-004/	node cong-cu/lay.mjs 3dtextures stone-brick-pavement-004
stone-brick-pavement-003	Stone Brick Pavement 003	3dtextures.me	CC0 1.0	textures	Brick,Floor,Moss,pavement,rock,Stone,Stone Floor	https://drive.google.com/drive/folders/1kXfaJOCEfz-XviKUv_LQBchbcwfUNHDj	https://3dtextures.me/2016/09/06/stone-brick-pavement-003/	node cong-cu/lay.mjs 3dtextures stone-brick-pavement-003
stone-brick-pavement-002	Stone Brick Pavement 002	3dtextures.me	CC0 1.0	textures	Brick,Floor,pavement,Stone,Stone Floor	https://drive.google.com/drive/folders/1bXNvgVNusMgOQWZUxfzYVYDVfJeSNpfA	https://3dtextures.me/2016/09/06/stone-brick-pavement-002/	node cong-cu/lay.mjs 3dtextures stone-brick-pavement-002
stone-wall-002	Stone Wall 002	3dtextures.me	CC0 1.0	textures	old,rock,Stone,Wall	https://drive.google.com/drive/folders/1UL-HbQ9gnqCLImd5cyxha6HRqH126yGr	https://3dtextures.me/2016/09/01/stone-wall-002/	node cong-cu/lay.mjs 3dtextures stone-wall-002
dirt-003	Dirt 003	3dtextures.me	CC0 1.0	textures	brown,Dirt,earth,Soil	https://drive.google.com/drive/folders/1R0B8nQ7m2Wi5bGJbSfGAnArnFb_cPDM4	https://3dtextures.me/2016/08/28/dirt-003/	node cong-cu/lay.mjs 3dtextures dirt-003
dirt-002	Dirt 002	3dtextures.me	CC0 1.0	textures	brown,Dirt,earth,Soil	https://drive.google.com/drive/folders/1idGmB-4u0jWf2Lqla0l3N29k81OYzfVU	https://3dtextures.me/2016/08/28/dirt-002/	node cong-cu/lay.mjs 3dtextures dirt-002
c0ncrete-007-with-license-to-kill	Concrete 007 (with license to kill! :))	3dtextures.me	CC0 1.0	textures	Concrete,gray,grey	https://drive.google.com/drive/folders/12hnNFP4MtuQim6GfWVyw2PVy5kDfWydr	https://3dtextures.me/2016/08/27/c0ncrete-007-with-license-to-kill/	node cong-cu/lay.mjs 3dtextures c0ncrete-007-with-license-to-kill
stone-floor-001	Stone Floor 001	3dtextures.me	CC0 1.0	textures	Floor,rock,Stone,Stone Floor,stone flor	https://drive.google.com/drive/folders/1ABbA2nOnAgrTGshVVcnNzCON1es2AwTJ	https://3dtextures.me/2016/08/27/stone-floor-001/	node cong-cu/lay.mjs 3dtextures stone-floor-001
brick-wall-007	Brick Wall 007	3dtextures.me	CC0 1.0	textures	blue,Brick,Wall	https://drive.google.com/drive/folders/1RtrJFtG7aLa3iKFuPs0nxvCIJfZPiiYJ	https://3dtextures.me/2016/08/22/brick-wall-007/	node cong-cu/lay.mjs 3dtextures brick-wall-007
brick-wall-006	Brick Wall 006	3dtextures.me	CC0 1.0	textures	beige,Brick,Wall	https://drive.google.com/drive/folders/1A_XxmOOPPvFfFtNnnudSlvO2nFc8yAx8	https://3dtextures.me/2016/08/21/brick-wall-006/	node cong-cu/lay.mjs 3dtextures brick-wall-006
wallpaper-001	Wallpaper 001	3dtextures.me	CC0 1.0	textures	beige,paper,Pattern,Wall,Wallpaper	https://drive.google.com/drive/folders/1S4rrBvFrMQdPkFsgunvE0WWyxMtW-nN1	https://3dtextures.me/2016/08/21/wallpaper-001/	node cong-cu/lay.mjs 3dtextures wallpaper-001
wood-planks-004	Wood Planks 004	3dtextures.me	CC0 1.0	textures	brown,planks,Rough,Wood	https://drive.google.com/drive/folders/1OXYw-z77y7U0PMs_gADS7OEjoAPpq-Zh	https://3dtextures.me/2016/08/15/wood-planks-004/	node cong-cu/lay.mjs 3dtextures wood-planks-004
wood-planks-003	Wood Planks 003	3dtextures.me	CC0 1.0	textures	painted,planks,wear,wearing,white,Wood,Wood Floor	https://drive.google.com/drive/folders/1ESkW9FQKW3V4m-IOijtlRka9oSLyGG_H	https://3dtextures.me/2016/08/14/wood-planks-003/	node cong-cu/lay.mjs 3dtextures wood-planks-003
rough-rock-021	Rough Rock 021	3dtextures.me	CC0 1.0	textures	Grunge,rock,Rocks,Rough,Stone	https://drive.google.com/drive/folders/1pybEyzxCbcgI2aZYQLhTg83Y1_tOCqlD	https://3dtextures.me/2016/08/14/rough-rock-021/	node cong-cu/lay.mjs 3dtextures rough-rock-021
rough-rock-020	Rough Rock 020	3dtextures.me	CC0 1.0	textures	gray,grey,rock,Rocks,Rough,Stone	https://drive.google.com/drive/folders/1TvZvWSXNPjCXHAqYOMgXW8tzolney3O_	https://3dtextures.me/2016/08/08/rough-rock-020/	node cong-cu/lay.mjs 3dtextures rough-rock-020
rough-rock-019	Rough Rock 019	3dtextures.me	CC0 1.0	textures	rock,Rocks,Rough,Stone	https://drive.google.com/drive/folders/16mq9cEC_EQNkV-mPMa4qTyywaaYsOIVJ	https://3dtextures.me/2016/08/06/rough-rock-019/	node cong-cu/lay.mjs 3dtextures rough-rock-019
rough-rock-018	Rough Rock 018	3dtextures.me	CC0 1.0	textures	brown,gray,grey,rock,Rocks,Rough,Stone	https://drive.google.com/drive/folders/15T7iP37BZblkmWt-1UlT8-nKFpZU6HOI	https://3dtextures.me/2016/08/03/rough-rock-018/	node cong-cu/lay.mjs 3dtextures rough-rock-018
rough-rock-017	Rough Rock 017	3dtextures.me	CC0 1.0	textures	brown,gray,grey,rock,Rocks,Rough,Stone	https://drive.google.com/drive/folders/1vtUoJsa-YNXGX8ACqvMuphKF23hE6jl0	https://3dtextures.me/2016/08/03/rough-rock-017/	node cong-cu/lay.mjs 3dtextures rough-rock-017
rough-rock-015	Rough Rock 015	3dtextures.me	CC0 1.0	textures	brown,rock,Rocks,Rough,Stone	https://drive.google.com/drive/folders/1HGDejStjF3HDsEsx9-bpI2TWSOHy2aJ3	https://3dtextures.me/2016/08/01/rough-rock-015/	node cong-cu/lay.mjs 3dtextures rough-rock-015
rough-rock-014	Rough Rock 014	3dtextures.me	CC0 1.0	textures	brown,rock,Rocks,Rough,Stone	https://drive.google.com/drive/folders/14UPNytN-lDwbi1OtQtKQzh4rd4xz8s21	https://3dtextures.me/2016/07/30/rough-rock-014/	node cong-cu/lay.mjs 3dtextures rough-rock-014
rough-rock-013	Rough Rock 013	3dtextures.me	CC0 1.0	textures	brown,rock,Rocks,Rough,Stone	https://drive.google.com/drive/folders/17MPT7k50d3f0U6cU32vfnFq5m1cosnyb	https://3dtextures.me/2016/07/26/rough-rock-013/	node cong-cu/lay.mjs 3dtextures rough-rock-013
rough-rock-012	Rough Rock 012	3dtextures.me	CC0 1.0	textures	brown,rock,Rocks,Rough,Stone	https://drive.google.com/drive/folders/1Ui3c7jExi0i31qFQoFvNjHFIS19FNt-h	https://3dtextures.me/2016/07/23/rough-rock-012/	node cong-cu/lay.mjs 3dtextures rough-rock-012
rough-rock-011	Rough Rock 011	3dtextures.me	CC0 1.0	textures	gray,grey,rock,Rocks,Rough,Stone	https://drive.google.com/drive/folders/1rHIFnPrwK4lu9P_sINmF1DC51po-4GdP	https://3dtextures.me/2016/07/21/rough-rock-011/	node cong-cu/lay.mjs 3dtextures rough-rock-011
metal-rusted-006	Metal Rusted 006	3dtextures.me	CC0 1.0	textures	aged,brown,gray,grey,Grunge,Metal	https://drive.google.com/drive/folders/18YeFkzO5rF2hDQm8mvh3sORttwKtSG_U	https://3dtextures.me/2016/07/08/metal-rusted-006/	node cong-cu/lay.mjs 3dtextures metal-rusted-006
metal-rusted-005	Metal Rusted 005	3dtextures.me	CC0 1.0	textures	aged,brown,Grunge,Metal,Rusted	https://drive.google.com/drive/folders/1u1W6S71I4DeLnY9NI4KeiNyNUJ_t-nx1	https://3dtextures.me/2016/07/06/metal-rusted-005/	node cong-cu/lay.mjs 3dtextures metal-rusted-005
metal-rusted-004	Metal Rusted 004	3dtextures.me	CC0 1.0	textures	aged,gray,grey,Grunge,Metal,Rusted	https://drive.google.com/drive/folders/1dcx2DoTGdORtwmpbOMp5C_G8pIge2OEM	https://3dtextures.me/2016/07/03/metal-rusted-004/	node cong-cu/lay.mjs 3dtextures metal-rusted-004
metal-rusted-003	Metal Rusted 003	3dtextures.me	CC0 1.0	textures	aged,brown,Grunge,Metal	https://drive.google.com/drive/folders/14oB2aFb9gP6P0Ml5H7Jw4wrV6_RmMH6J	https://3dtextures.me/2016/07/03/metal-rusted-003/	node cong-cu/lay.mjs 3dtextures metal-rusted-003
metal-rusted-002	Metal Rusted 002	3dtextures.me	CC0 1.0	textures	aged,green,Grunge,Metal,Rusted	https://drive.google.com/drive/folders/1vizRPYYMwtfHWgjNWbwoylv7foWc3_mO	https://3dtextures.me/2016/07/02/metal-rusted-002/	node cong-cu/lay.mjs 3dtextures metal-rusted-002
metal-rusted-001	Metal Rusted 001	3dtextures.me	CC0 1.0	textures	aged,brown,gray,grey,Grunge,Metal,Rough,Rusted	https://drive.google.com/drive/folders/1aX-pUXlw9_y7Bu1TfElZ8sNrqRKwC_MN	https://3dtextures.me/2016/07/02/metal-rusted-001/	node cong-cu/lay.mjs 3dtextures metal-rusted-001
metal-scratched-006	Metal Scratched 006	3dtextures.me	CC0 1.0	textures	gray,grey,Grunge,Metal,scratch,scratched	https://drive.google.com/drive/folders/1xW9ySgdzkPuEn2Jej5nV-W1oppWntFSC	https://3dtextures.me/2016/06/28/metal-scratched-006/	node cong-cu/lay.mjs 3dtextures metal-scratched-006
metal-scratched-005	Metal Scratched 005	3dtextures.me	CC0 1.0	textures	gray,grey,Grunge,Metal,scratch,scratched	https://drive.google.com/drive/folders/1kpgbHk1JQB5TNhgtfTlxbDVmxCt90Qjv	https://3dtextures.me/2016/06/26/metal-scratched-005/	node cong-cu/lay.mjs 3dtextures metal-scratched-005
metal-scratched-004	Metal Scratched 004	3dtextures.me	CC0 1.0	textures	gray,grey,Grunge,Metal,scratch,scratched	https://drive.google.com/drive/folders/12rCJL6M8XnFoq-j0FLPf7jcUSgMWNZc2	https://3dtextures.me/2016/06/25/metal-scratched-004/	node cong-cu/lay.mjs 3dtextures metal-scratched-004
metal-scratched-003	Metal Scratched 003	3dtextures.me	CC0 1.0	textures	gray,grey,Grunge,Metal,scratch,scratched	https://drive.google.com/drive/folders/1w6Ar9j2LDpcgDobDYjDSdbtmgo-9vKWx	https://3dtextures.me/2016/06/25/metal-scratched-003/	node cong-cu/lay.mjs 3dtextures metal-scratched-003
metal-scratched-002	Metal Scratched 002	3dtextures.me	CC0 1.0	textures	gray,grey,Metal,scratch,scratched	https://drive.google.com/drive/folders/1xRp26UCtq8AQTYHVMsq-194nF5pu0q8J	https://3dtextures.me/2016/06/24/metal-scratched-002/	node cong-cu/lay.mjs 3dtextures metal-scratched-002
metal-scratched-001	Metal Scratched 001	3dtextures.me	CC0 1.0	textures	gray,grey,Grunge,Metal,scratch,scratched	https://drive.google.com/drive/folders/1ZQm7UzX6lMtZZMqyv0rgh0gmYWvKOZRB	https://3dtextures.me/2016/06/24/metal-scratched-001/	node cong-cu/lay.mjs 3dtextures metal-scratched-001
metal-galvanized-001	Metal Galvanized 001	3dtextures.me	CC0 1.0	textures	Galvanized,grey,Metal	https://drive.google.com/drive/folders/1rhklcoY7a7YvjQ4Vw9XHvha6JSsi6te8	https://3dtextures.me/2016/06/23/metal-galvanized-001/	node cong-cu/lay.mjs 3dtextures metal-galvanized-001
metal-dented-001	Metal Dented 001	3dtextures.me	CC0 1.0	textures	Dented,grey,Grunge,Metal	https://drive.google.com/drive/folders/1Xaecd9jgy04sizNG58AFjjm85c4vZFQ4	https://3dtextures.me/2016/06/23/metal-dented-001/	node cong-cu/lay.mjs 3dtextures metal-dented-001
white-marble-003	White Marble 003	3dtextures.me	CC0 1.0	textures	Marble,rock,Rocks,Stone,white	https://drive.google.com/drive/folders/1IT0gpYtzPJgAbwmd4Wv86La7nrWPG6zG	https://3dtextures.me/2016/06/21/white-marble-003/	node cong-cu/lay.mjs 3dtextures white-marble-003
white-marble-002	White Marble 002	3dtextures.me	CC0 1.0	textures	Marble,rock,Rocks,Stone,white	https://drive.google.com/drive/folders/1_u2OK9fmTsFGFQGtgAHGwQax8E_mZ9Ih	https://3dtextures.me/2016/06/21/white-marble-002/	node cong-cu/lay.mjs 3dtextures white-marble-002
white-marble-001	White Marble 001	3dtextures.me	CC0 1.0	textures	Marble,rock,Rocks,Stone,white	https://drive.google.com/drive/folders/11bIqImIJJX-L3hZ48JyuiTTJN0ojsIHe	https://3dtextures.me/2016/06/21/white-marble-001/	node cong-cu/lay.mjs 3dtextures white-marble-001
rough-marble-001	Rough Marble 001	3dtextures.me	CC0 1.0	textures	Marble,rock,Rocks,Rough,Stone,white	https://drive.google.com/drive/folders/1kfPLX8bM8J2YxQq5WTJgysgKYbZ7ceT-	https://3dtextures.me/2016/06/21/rough-marble-001/	node cong-cu/lay.mjs 3dtextures rough-marble-001
blue-marble-001	Blue Marble 001	3dtextures.me	CC0 1.0	textures	blue,Marble,rock,Rocks,Stone,white	https://drive.google.com/drive/folders/1aXm8T0HXl22exQz4YjoDfWh1BjLsCzVr	https://3dtextures.me/2016/06/21/blue-marble-001/	node cong-cu/lay.mjs 3dtextures blue-marble-001
black-marble-001	Black Marble 001	3dtextures.me	CC0 1.0	textures	black,Marble,polished,rock,Rocks,Stone,white	https://drive.google.com/drive/folders/1NzUjIxGqcyYg-U5pKf9MB4gSn9OEaSbR	https://3dtextures.me/2016/06/21/black-marble-001/	node cong-cu/lay.mjs 3dtextures black-marble-001
metal-rusted-painted-peeling-004	Metal Rusted Painted Peeling 004	3dtextures.me	CC0 1.0	textures	aged,Grunge,Metal,painted,Rusted,wear,worn	https://drive.google.com/drive/folders/1UOu5_TcwUPmKj0Pq01vnUEXWNmwD6kso	https://3dtextures.me/2016/06/11/metal-rusted-painted-peeling-004/	node cong-cu/lay.mjs 3dtextures metal-rusted-painted-peeling-004
metal-rusted-painted-peeling-003	Metal Rusted Painted Peeling 003	3dtextures.me	CC0 1.0	textures	Grunge,Metal,painted,Rusted	https://drive.google.com/drive/folders/1umKvSTcj4NtiN2UovqGbdMdJku88RgvS	https://3dtextures.me/2016/06/11/metal-rusted-painted-peeling-003/	node cong-cu/lay.mjs 3dtextures metal-rusted-painted-peeling-003
metal-rusted-painted-peeling-002	Metal Rusted Painted Peeling 002	3dtextures.me	CC0 1.0	textures	aged,green,Metal,Rusted	https://drive.google.com/drive/folders/1cFZLwejeoQuzgo63qg75BG29QkFNBvRq	https://3dtextures.me/2016/06/11/metal-rusted-painted-peeling-002/	node cong-cu/lay.mjs 3dtextures metal-rusted-painted-peeling-002
metal-rusted-painted-peeling-001	Metal Rusted Painted Peeling 001	3dtextures.me	CC0 1.0	textures	green,Metal,painted,peeling,Rusted	https://drive.google.com/drive/folders/1YJ373WXmiU5fxDwpZdo7ImJb6mqE1-hs	https://3dtextures.me/2016/06/10/metal-rusted-painted-peeling-001/	node cong-cu/lay.mjs 3dtextures metal-rusted-painted-peeling-001
alien-flesh-001	Alien Flesh 001	3dtextures.me	CC0 1.0	textures	Alien,Animal,flesh,green,Organic	https://drive.google.com/drive/folders/1UeH-Baq9NcHOM-uQXAI_SiS_binjapcD	https://3dtextures.me/2016/05/22/alien-flesh-001/	node cong-cu/lay.mjs 3dtextures alien-flesh-001
leather-003	Leather 003	3dtextures.me	CC0 1.0	textures	Animal,blue,Leather,Organic	https://drive.google.com/drive/folders/1zbA8uumbc85pmwOkoM9Y01utGM0X3idj	https://3dtextures.me/2016/05/22/leather-003/	node cong-cu/lay.mjs 3dtextures leather-003
leather-002	Leather 002	3dtextures.me	CC0 1.0	textures	Animal,brown,Leather,Organic	https://drive.google.com/drive/folders/1FxLAbfFbAs7sPZ4yMg20jsw7hN1EBaWq	https://3dtextures.me/2016/05/22/leather-002/	node cong-cu/lay.mjs 3dtextures leather-002
leather-001	Leather 001	3dtextures.me	CC0 1.0	textures	Animal,gray,Leather,Organic	https://drive.google.com/drive/folders/1V12KnaAInux__qrv6-7QfhX2Ivw0cms3	https://3dtextures.me/2016/05/22/leather-001/	node cong-cu/lay.mjs 3dtextures leather-001
human-skin-001	Human Skin 001	3dtextures.me	CC0 1.0	textures	Animal,human,Organic,skin	https://drive.google.com/drive/folders/1X16HTgd2RPl65jwdx-pC9a0X4j419EVb	https://3dtextures.me/2016/05/21/human-skin-001/	node cong-cu/lay.mjs 3dtextures human-skin-001
bone-001	Bone 001	3dtextures.me	CC0 1.0	textures	Animal,bone,Organic,structure	https://drive.google.com/drive/folders/1Ms5-6oTaqnQvo2VhAlNQPLX5LmmJ1_d_	https://3dtextures.me/2016/05/21/bone-001/	node cong-cu/lay.mjs 3dtextures bone-001
tiles-006	Tiles 006	3dtextures.me	CC0 1.0	textures	blue,ceramic,Tiles	https://drive.google.com/drive/folders/1jnWUFEAI9tWdJ9GFu6m8A_0df7eWf3aH	https://3dtextures.me/2016/05/21/tiles-006/	node cong-cu/lay.mjs 3dtextures tiles-006
metal-grunge-003	Metal Grunge 003	3dtextures.me	CC0 1.0	textures	aged,brown,Grunge,Metal,wear,wearing,worn	https://drive.google.com/drive/folders/1cGSLv8-GjuRYsLuzD9wZm8dGNhqgW1bC	https://3dtextures.me/2016/05/21/metal-grunge-003/	node cong-cu/lay.mjs 3dtextures metal-grunge-003
metal-grunge-002	Metal Grunge 002	3dtextures.me	CC0 1.0	textures	aged,brown,Grunge,Metal,old,scratch,scratched,wear	https://drive.google.com/drive/folders/172GX3je7zYhYIXl-nT4Wd-YKD5P3wuNA	https://3dtextures.me/2016/05/20/metal-grunge-002/	node cong-cu/lay.mjs 3dtextures metal-grunge-002
metal-grunge-001	Metal Grunge 001	3dtextures.me	CC0 1.0	textures	aged,green,Grunge,Metal,old,scratch,scratched,worn	https://drive.google.com/drive/folders/1xQvbBGMr-YQ1ewdizIUAM_MAdW_Za9hM	https://3dtextures.me/2016/05/19/metal-grunge-001/	node cong-cu/lay.mjs 3dtextures metal-grunge-001
rug-002	Rug 002	3dtextures.me	CC0 1.0	textures	brown,Fabric,Rug	https://drive.google.com/drive/folders/17srZ_-FcVQDicvRBdNQ-dOdUBnPR0FXn	https://3dtextures.me/2016/05/17/rug-002/	node cong-cu/lay.mjs 3dtextures rug-002
rug-001	Rug 001	3dtextures.me	CC0 1.0	textures	black,Fabric,Rug	https://drive.google.com/drive/folders/1SBZMt669C0svU-kyu75x5wIG-kGAp-7G	https://3dtextures.me/2016/05/17/rug-001/	node cong-cu/lay.mjs 3dtextures rug-001
fabric-denim-001	Fabric Denim 001	3dtextures.me	CC0 1.0	textures	blue,Denim,Fabric	https://drive.google.com/drive/folders/1YiosWcxvwAUNRbUeO0UidfmkqhXzg0H9	https://3dtextures.me/2016/05/17/fabric-denim-001/	node cong-cu/lay.mjs 3dtextures fabric-denim-001
fabric-camo-001	Fabric Camo 001	3dtextures.me	CC0 1.0	textures	Camo,Fabric,grey,military	https://drive.google.com/drive/folders/1Lwt1NJllg7AXHsbYLYE9GBk-Ab1g7Mem	https://3dtextures.me/2016/05/17/fabric-camo-001/	node cong-cu/lay.mjs 3dtextures fabric-camo-001
volcanic-glass-001	Volcanic Glass 001	3dtextures.me	CC0 1.0	textures	Gems,glass,rock,rouge,volcanic,Volcanic Glass	https://drive.google.com/drive/folders/1EVXoarhylKQ5dPWOosEJ2QYRm5ORqlNo	https://3dtextures.me/2016/05/16/volcanic-glass-001/	node cong-cu/lay.mjs 3dtextures volcanic-glass-001
wood-bits-001	Wood bits 001	3dtextures.me	CC0 1.0	textures	bits,sticks,Wood,Wood Floor	https://drive.google.com/drive/folders/11oaWTi6INnJL-H4bSDexWLkwV2lL98Tj	https://3dtextures.me/2016/05/16/wood-bits-001/	node cong-cu/lay.mjs 3dtextures wood-bits-001
dead-leaves-001	Dead Leaves 001	3dtextures.me	CC0 1.0	textures	brown,dead,Leaf,leaves,Organic,Vegetable	https://drive.google.com/drive/folders/1xjP5rEU2SkmfHg9o1p4jGTLRh2QSBlWq	https://3dtextures.me/2016/05/16/dead-leaves-001/	node cong-cu/lay.mjs 3dtextures dead-leaves-001
grass-002	Grass 002	3dtextures.me	CC0 1.0	textures	clover,Grass,green,Organic,Vegetable	https://drive.google.com/drive/folders/1Yov1GSt3egzsY9ttQ7bhoR4mERz6qrRd	https://3dtextures.me/2016/05/16/grass-002/	node cong-cu/lay.mjs 3dtextures grass-002
wood-floor-004	Wood Floor 004	3dtextures.me	CC0 1.0	textures	aged,Floor,Wood,Wood Floor,worn	https://drive.google.com/drive/folders/1fuBJ1FkjQdsKvaArtd1tDqO-s8mSiiwP	https://3dtextures.me/2016/05/15/wood-floor-004/	node cong-cu/lay.mjs 3dtextures wood-floor-004
wood-floor-003	Wood Floor 003	3dtextures.me	CC0 1.0	textures	aged,brown,Floor,Wood,Wood Floor,worn	https://drive.google.com/drive/folders/1Luc-ncoyGN2O_HCzkENPkw2T267vAP4h	https://3dtextures.me/2016/05/15/wood-floor-003/	node cong-cu/lay.mjs 3dtextures wood-floor-003
wood-floor-002	Wood Floor 002	3dtextures.me	CC0 1.0	textures	aged,Floor,Wood,Wood Floor,worn	https://drive.google.com/drive/folders/1P0NU_koeZ75tcB4uArmQTS34_F4mOyrD	https://3dtextures.me/2016/05/15/wood-floor-002/	node cong-cu/lay.mjs 3dtextures wood-floor-002
wood-floor-001	Wood Floor 001	3dtextures.me	CC0 1.0	textures	Floor,Wood,Wood Floor	https://drive.google.com/drive/folders/1C4SZRGbE7GGy-65F0dzdzxbJZi1zEDun	https://3dtextures.me/2016/05/14/wood-floor-001/	node cong-cu/lay.mjs 3dtextures wood-floor-001
lava-002	Lava 002	3dtextures.me	CC0 1.0	textures	Lava	https://drive.google.com/drive/folders/1Gl3LLYwVxQYZdm8zcyJeHxPBkOiE2_Ln	https://3dtextures.me/2016/05/05/lava-002/	node cong-cu/lay.mjs 3dtextures lava-002
lava-001	Lava 001	3dtextures.me	CC0 1.0	textures	Lava	https://drive.google.com/drive/folders/128atKwVAd3OXe2YIvWJjjW2P2A6DPuXe	https://3dtextures.me/2016/05/05/lava-001/	node cong-cu/lay.mjs 3dtextures lava-001
bronze-003	Bronze 003	3dtextures.me	CC0 1.0	textures	Bronze,Metal,wear,wearing	https://drive.google.com/drive/folders/1A8z0aseZmrRfhanaFUZ_KaFQx1_ACCsb	https://3dtextures.me/2016/04/30/bronze-003/	node cong-cu/lay.mjs 3dtextures bronze-003
bronze-002	Bronze 002	3dtextures.me	CC0 1.0	textures	Bronze,Metal,wear,wearing	https://drive.google.com/drive/folders/11X0WJkhh6tvb5TbpgZsTOGgS0s6SJ3Oy	https://3dtextures.me/2016/04/30/bronze-002/	node cong-cu/lay.mjs 3dtextures bronze-002
stone-wall-001	Stone wall 001	3dtextures.me	CC0 1.0	textures	beige,Stone,Wall	https://drive.google.com/drive/folders/1BTSPp8_gmHMw-0mgc7pQJSSizJOmJ64M	https://3dtextures.me/2016/04/27/stone-wall-001/	node cong-cu/lay.mjs 3dtextures stone-wall-001
tiles-004	Tiles 004	3dtextures.me	CC0 1.0	textures	ceramic,red,Tiles	https://drive.google.com/drive/folders/1S5IZ0FYUsEDrEXmxy7rZhIaFwIgI8Naw	https://3dtextures.me/2016/04/26/tiles-004/	node cong-cu/lay.mjs 3dtextures tiles-004
tiles-003	Tiles 003	3dtextures.me	CC0 1.0	textures	black,Marble,rock,Stone,Tiles,white	https://drive.google.com/drive/folders/1ES5WQiFZFzjHBpTg2q0Fl4qp2wei6Apt	https://3dtextures.me/2016/04/26/tiles-003/	node cong-cu/lay.mjs 3dtextures tiles-003
tiles-002	Tiles 002	3dtextures.me	CC0 1.0	textures	ceramic,Tiles,white	https://drive.google.com/drive/folders/1egV-JnFUSY_b1urOcKwIK8zA_xOO9tC8	https://3dtextures.me/2016/04/26/tiles-002/	node cong-cu/lay.mjs 3dtextures tiles-002
tiles-001	Tiles 001	3dtextures.me	CC0 1.0	textures	blue,ceramic,Tiles,white	https://drive.google.com/drive/folders/1-3V--4QB8UO9cBszqMN26fiP1oQE6kiE	https://3dtextures.me/2016/04/26/tiles-001/	node cong-cu/lay.mjs 3dtextures tiles-001
sandstone-002	Sandstone 002	3dtextures.me	CC0 1.0	textures	brown,rock,Rocks,Rough,Sandstone,Stone	https://drive.google.com/drive/folders/1eNiT9eub-ammtPpdr4mjBsRbyBvi5FI8	https://3dtextures.me/2016/04/26/sandstone-002/	node cong-cu/lay.mjs 3dtextures sandstone-002
sandstone-001	Sandstone 001	3dtextures.me	CC0 1.0	textures	brown,rock,Rocks,Sandstone,Stone	https://drive.google.com/drive/folders/1OOCkwl2RZT2cIwXBgDHKPYiqHksteP91	https://3dtextures.me/2016/04/24/sandstone-001/	node cong-cu/lay.mjs 3dtextures sandstone-001
marble-coloured-001	Marble Coloured 001	3dtextures.me	CC0 1.0	textures	coloured,Marble,rock,Rocks,Stone	https://drive.google.com/drive/folders/1csR7Br5FERxenPmJSpZjf_Wd-5QOeIqh	https://3dtextures.me/2016/04/23/marble-coloured-001/	node cong-cu/lay.mjs 3dtextures marble-coloured-001
rough-rock-009	Rough Rock 009	3dtextures.me	CC0 1.0	textures	grey,Moss,Organic,rock,Rocks,Rough,Stone,Vegetable	https://drive.google.com/drive/folders/1M1cwBut-XSzOT0Z9dv3gIdQAok3Q3dXc	https://3dtextures.me/2016/04/23/rough-rock-009/	node cong-cu/lay.mjs 3dtextures rough-rock-009
rough-rock-008	Rough Rock 008	3dtextures.me	CC0 1.0	textures	grey,rock,Rocks,Rough,Stone	https://drive.google.com/drive/folders/1fU09VYD_ASNIFT94Ta9ShfUzzLP6rhZ1	https://3dtextures.me/2016/04/23/rough-rock-008/	node cong-cu/lay.mjs 3dtextures rough-rock-008
rough-rock-006	Rough Rock 006	3dtextures.me	CC0 1.0	textures	rock,Rocks,Rough,Stone	https://drive.google.com/drive/folders/1ryRMYAR5oFI4vRtog5X3GhlwYnJPyIMw	https://3dtextures.me/2016/04/23/rough-rock-006/	node cong-cu/lay.mjs 3dtextures rough-rock-006
rough-rock-005	Rough Rock 005	3dtextures.me	CC0 1.0	textures	grey,rock,Rocks,Rough,Stone	https://drive.google.com/drive/folders/1Wh8rY_cXg-7rZ2SSardhQOt__sj4-4kf	https://3dtextures.me/2016/04/23/rough-rock-005/	node cong-cu/lay.mjs 3dtextures rough-rock-005
rock-rough-003	Rock Rough 003	3dtextures.me	CC0 1.0	textures	beige,brown,rock,Rocks,Rough,Stone	https://drive.google.com/drive/folders/1FiZmy3IOh37boDiqLAHdpYYfotdg6Diy	https://3dtextures.me/2016/04/22/rock-rough-003/	node cong-cu/lay.mjs 3dtextures rock-rough-003
rough-rock-002	Rough Rock 002	3dtextures.me	CC0 1.0	textures	beige,brown,rock,Rocks,Rough,Stone	https://drive.google.com/drive/folders/1Ys8Cd_1RaFjUMyWehhaLqBoWVQQEPw_7	https://3dtextures.me/2016/04/22/rough-rock-002/	node cong-cu/lay.mjs 3dtextures rough-rock-002
the-very-first-texture	Rock 001	3dtextures.me	CC0 1.0	textures	brown,rock,Rocks,Rough,Stone	https://drive.google.com/drive/folders/1eKfzKMoHLKK_4zx0MIz74IHxftOQrgQA	https://3dtextures.me/2016/04/22/the-very-first-texture/	node cong-cu/lay.mjs 3dtextures the-very-first-texture
