ten	tac_gia	license	the	cach_lay
ABeeZee	?	OFL (kiem lai METADATA.pb cua font do truoc khi dung)	Expressive Active,Expressive Business,Expressive Calm,Expressive Competent,Expressive Loud,Expressive Rugged,Expressive Sincere,Expressive Stiff,Expressive Vintage,Purpose Easy Reading,Quality Concept,Quality Drawing	https://fonts.google.com/specimen/ABeeZee
Abel	?	OFL (kiem lai METADATA.pb cua font do truoc khi dung)	Expressive Active,Expressive Calm,Expressive Competent,Expressive Futuristic,Expressive Rugged,Expressive Sincere,Expressive Stiff,Expressive Vintage,Quality Concept,Quality Drawing,Quality Spacing,Quality Wordspace	https://fonts.google.com/specimen/Abel
Abhaya Libre	?	OFL (kiem lai METADATA.pb cua font do truoc khi dung)	Expressive Business,Expressive Calm,Expressive Competent,Expressive Loud,Expressive Rugged,Expressive Sincere,Expressive Vintage,Quality Concept,Quality Drawing,Quality Spacing,Quality Wordspace,Serif Modern	https://fonts.google.com/specimen/Abhaya+Libre
Aboreto	?	OFL (kiem lai METADATA.pb cua font do truoc khi dung)	Expressive Active,Expressive Rugged,Expressive Sincere,Expressive Stiff,Expressive Vintage,Quality Concept,Quality Drawing,Quality Spacing,Quality Wordspace,Sans Glyphic,Sans Humanist,Seasonal Kwanzaa	https://fonts.google.com/specimen/Aboreto
Abril Fatface	?	OFL (kiem lai METADATA.pb cua font do truoc khi dung)	Expressive Active,Expressive Business,Expressive Competent,Expressive Cute,Expressive Excited,Expressive Happy,Expressive Loud,Expressive Rugged,Expressive Vintage,Quality Concept,Quality Drawing,Quality Spacing	https://fonts.google.com/specimen/Abril+Fatface
Abyssinica SIL	?	OFL (kiem lai METADATA.pb cua font do truoc khi dung)	Expressive Business,Expressive Competent,Expressive Loud,Expressive Rugged,Expressive Sincere,Expressive Vintage,Quality Concept,Quality Drawing,Quality Spacing,Quality Wordspace,Serif Old Style Garalde	https://fonts.google.com/specimen/Abyssinica+SIL
Aclonica	?	OFL (kiem lai METADATA.pb cua font do truoc khi dung)	Expressive Active,Expressive Awkward,Expressive Cute,Expressive Happy,Expressive Innovative,Expressive Loud,Expressive Rugged,Expressive Sincere,Expressive Vintage,Quality Concept,Quality Drawing,Quality Spacing	https://fonts.google.com/specimen/Aclonica
Acme	?	OFL (kiem lai METADATA.pb cua font do truoc khi dung)	Expressive Active,Expressive Awkward,Expressive Competent,Expressive Cute,Expressive Excited,Expressive Happy,Expressive Loud,Expressive Rugged,Expressive Stiff,Expressive Vintage,Quality Concept,Quality Drawing	https://fonts.google.com/specimen/Acme
Actor	?	OFL (kiem lai METADATA.pb cua font do truoc khi dung)	Expressive Active,Expressive Business,Expressive Calm,Expressive Competent,Expressive Loud,Expressive Rugged,Expressive Sincere,Expressive Stiff,Expressive Vintage,Quality Concept,Quality Drawing,Quality Spacing	https://fonts.google.com/specimen/Actor
Adamina	?	OFL (kiem lai METADATA.pb cua font do truoc khi dung)	Expressive Active,Expressive Business,Expressive Calm,Expressive Competent,Expressive Loud,Expressive Rugged,Expressive Sincere,Expressive Vintage,Quality Concept,Quality Drawing,Quality Spacing,Quality Wordspace	https://fonts.google.com/specimen/Adamina
ADLaM Display	?	OFL (kiem lai METADATA.pb cua font do truoc khi dung)	Expressive Active,Expressive Awkward,Expressive Calm,Expressive Cute,Expressive Excited,Expressive Happy,Expressive Loud,Expressive Rugged,Expressive Sincere,Expressive Stiff,Expressive Vintage,Quality Concept	https://fonts.google.com/specimen/ADLaM+Display
Advent Pro	?	OFL (kiem lai METADATA.pb cua font do truoc khi dung)	wght@100,wght@200,Expressive Playful,Expressive Sincere,Expressive Stiff,Quality Concept,Quality Drawing,Quality Spacing,Quality Wordspace,Sans Humanist,Theme Wacky	https://fonts.google.com/specimen/Advent+Pro
Afacad	?	OFL (kiem lai METADATA.pb cua font do truoc khi dung)	Expressive Awkward,Expressive Business,Expressive Calm,Expressive Competent,Expressive Loud,Expressive Playful,Expressive Rugged,Expressive Sincere,Expressive Stiff,Expressive Vintage,Quality Concept,Quality Drawing	https://fonts.google.com/specimen/Afacad
Afacad Flux	?	OFL (kiem lai METADATA.pb cua font do truoc khi dung)	Expressive Awkward,Expressive Business,Expressive Calm,Expressive Competent,Expressive Loud,Expressive Playful,Expressive Rugged,Expressive Sincere,Expressive Stiff,Expressive Vintage,Quality Concept,Quality Drawing	https://fonts.google.com/specimen/Afacad+Flux
Agbalumo	?	OFL (kiem lai METADATA.pb cua font do truoc khi dung)	Expressive Active,Expressive Awkward,Expressive Business,Expressive Cute,Expressive Happy,Expressive Innovative,Expressive Loud,Expressive Playful,Expressive Rugged,Expressive Sincere,Expressive Vintage,Quality Concept	https://fonts.google.com/specimen/Agbalumo
Agdasima	?	OFL (kiem lai METADATA.pb cua font do truoc khi dung)	Expressive Business,Expressive Calm,Expressive Excited,Expressive Futuristic,Expressive Loud,Expressive Rugged,Expressive Sincere,Expressive Stiff,Expressive Vintage,Quality Concept,Quality Drawing,Quality Spacing	https://fonts.google.com/specimen/Agdasima
Agu Display	?	OFL (kiem lai METADATA.pb cua font do truoc khi dung)	Expressive Active,Expressive Awkward,Expressive Business,Expressive Cute,Expressive Excited,Expressive Happy,Expressive Innovative,Expressive Playful,Expressive Rugged,Expressive Sincere,Expressive Vintage,Quality Concept	https://fonts.google.com/specimen/Agu+Display
Aguafina Script	?	OFL (kiem lai METADATA.pb cua font do truoc khi dung)	Expressive Active,Expressive Artistic,Expressive Cute,Expressive Excited,Expressive Fancy,Expressive Happy,Expressive Loud,Expressive Sincere,Expressive Sophisticated,Expressive Vintage,Quality Concept,Quality Drawing	https://fonts.google.com/specimen/Aguafina+Script
Akatab	?	OFL (kiem lai METADATA.pb cua font do truoc khi dung)	Expressive Business,Expressive Calm,Expressive Competent,Expressive Loud,Expressive Rugged,Expressive Sincere,Expressive Stiff,Expressive Vintage,Quality Concept,Quality Drawing,Quality Spacing,Quality Wordspace	https://fonts.google.com/specimen/Akatab
Akaya Kanadaka	?	OFL (kiem lai METADATA.pb cua font do truoc khi dung)	Expressive Active,Expressive Artistic,Expressive Awkward,Expressive Business,Expressive Cute,Expressive Excited,Expressive Happy,Expressive Loud,Expressive Playful,Expressive Rugged,Expressive Sincere,Expressive Vintage	https://fonts.google.com/specimen/Akaya+Kanadaka
Akaya Telivigala	?	OFL (kiem lai METADATA.pb cua font do truoc khi dung)	Expressive Active,Expressive Artistic,Expressive Cute,Expressive Happy,Expressive Loud,Expressive Playful,Expressive Rugged,Expressive Sincere,Expressive Vintage,Quality Concept,Quality Drawing,Quality Spacing	https://fonts.google.com/specimen/Akaya+Telivigala
Akronim	?	OFL (kiem lai METADATA.pb cua font do truoc khi dung)	Expressive Active,Expressive Awkward,Expressive Cute,Expressive Excited,Expressive Happy,Expressive Innovative,Expressive Loud,Expressive Playful,Expressive Rugged,Expressive Sincere,Expressive Vintage,Quality Concept	https://fonts.google.com/specimen/Akronim
Akshar	?	OFL (kiem lai METADATA.pb cua font do truoc khi dung)	Expressive Awkward,Expressive Calm,Expressive Competent,Expressive Futuristic,Expressive Loud,Expressive Playful,Expressive Rugged,Expressive Sincere,Expressive Stiff,Expressive Vintage,Quality Concept,Quality Drawing	https://fonts.google.com/specimen/Akshar
Akt	?	OFL (kiem lai METADATA.pb cua font do truoc khi dung)	Expressive Awkward,Expressive Business,Expressive Calm,Expressive Competent,Expressive Loud,Expressive Playful,Expressive Rugged,Expressive Sincere,Expressive Stiff,Expressive Vintage,Quality Concept,Quality Drawing	https://fonts.google.com/specimen/Akt
Aladin	?	OFL (kiem lai METADATA.pb cua font do truoc khi dung)	Expressive Active,Expressive Artistic,Expressive Awkward,Expressive Cute,Expressive Excited,Expressive Happy,Expressive Loud,Expressive Playful,Expressive Rugged,Expressive Sincere,Expressive Vintage,Quality Concept	https://fonts.google.com/specimen/Aladin
Alan Sans	?	OFL (kiem lai METADATA.pb cua font do truoc khi dung)	Expressive Awkward,Expressive Business,Expressive Calm,Expressive Competent,Expressive Cute,Expressive Loud,Expressive Playful,Expressive Rugged,Expressive Sincere,Expressive Stiff,Expressive Vintage,Quality Concept	https://fonts.google.com/specimen/Alan+Sans
Alata	?	OFL (kiem lai METADATA.pb cua font do truoc khi dung)	Expressive Business,Expressive Calm,Expressive Competent,Expressive Loud,Expressive Rugged,Expressive Sincere,Expressive Vintage,Quality Concept,Quality Drawing,Quality Spacing,Quality Wordspace,Sans Geometric	https://fonts.google.com/specimen/Alata
Alatsi	?	OFL (kiem lai METADATA.pb cua font do truoc khi dung)	Expressive Business,Expressive Calm,Expressive Competent,Expressive Loud,Expressive Rugged,Expressive Sincere,Expressive Stiff,Expressive Vintage,Quality Concept,Quality Drawing,Quality Spacing,Quality Wordspace	https://fonts.google.com/specimen/Alatsi
Albert Sans	?	OFL (kiem lai METADATA.pb cua font do truoc khi dung)	Expressive Awkward,Expressive Business,Expressive Calm,Expressive Competent,Expressive Loud,Expressive Playful,Expressive Rugged,Expressive Sincere,Expressive Stiff,Expressive Vintage,Quality Concept,Quality Drawing	https://fonts.google.com/specimen/Albert+Sans
Aldrich	?	OFL (kiem lai METADATA.pb cua font do truoc khi dung)	Expressive Business,Expressive Futuristic,Expressive Loud,Expressive Rugged,Expressive Sincere,Expressive Stiff,Expressive Vintage,Quality Concept,Quality Drawing,Quality Spacing,Quality Wordspace,Sans Geometric	https://fonts.google.com/specimen/Aldrich
Alef	?	OFL (kiem lai METADATA.pb cua font do truoc khi dung)	Expressive Active,Expressive Calm,Expressive Loud,Expressive Rugged,Expressive Sincere,Expressive Stiff,Expressive Vintage,Quality Concept,Quality Drawing,Quality Spacing,Quality Wordspace,Sans Humanist	https://fonts.google.com/specimen/Alef
Alegreya	?	OFL (kiem lai METADATA.pb cua font do truoc khi dung)	Expressive Awkward,Expressive Business,Expressive Calm,Expressive Competent,Expressive Excited,Expressive Happy,Expressive Loud,Expressive Playful,Expressive Rugged,Expressive Sincere,Expressive Stiff,Expressive Vintage	https://fonts.google.com/specimen/Alegreya
Alegreya Sans	?	OFL (kiem lai METADATA.pb cua font do truoc khi dung)	Expressive Business,Expressive Calm,Expressive Competent,Expressive Loud,Expressive Rugged,Expressive Sincere,Expressive Stiff,Expressive Vintage,Quality Concept,Quality Drawing,Quality Spacing,Quality Wordspace	https://fonts.google.com/specimen/Alegreya+Sans
Alegreya Sans SC	?	OFL (kiem lai METADATA.pb cua font do truoc khi dung)	Expressive Business,Expressive Calm,Expressive Loud,Expressive Rugged,Expressive Sincere,Expressive Vintage,Quality Concept,Quality Drawing,Quality Spacing,Quality Wordspace,Sans Humanist	https://fonts.google.com/specimen/Alegreya+Sans+SC
Alegreya SC	?	OFL (kiem lai METADATA.pb cua font do truoc khi dung)	Expressive Business,Expressive Calm,Expressive Loud,Expressive Rugged,Expressive Sincere,Expressive Vintage,Quality Concept,Quality Drawing,Quality Spacing,Quality Wordspace,Serif Humanist Venetian	https://fonts.google.com/specimen/Alegreya+SC
Aleo	?	OFL (kiem lai METADATA.pb cua font do truoc khi dung)	Expressive Awkward,Expressive Business,Expressive Calm,Expressive Competent,Expressive Happy,Expressive Loud,Expressive Playful,Expressive Rugged,Expressive Sincere,Expressive Stiff,Expressive Vintage,Quality Concept	https://fonts.google.com/specimen/Aleo
Alex Brush	?	OFL (kiem lai METADATA.pb cua font do truoc khi dung)	Expressive Active,Expressive Artistic,Expressive Awkward,Expressive Cute,Expressive Excited,Expressive Fancy,Expressive Happy,Expressive Rugged,Expressive Sincere,Expressive Sophisticated,Expressive Vintage,Quality Concept	https://fonts.google.com/specimen/Alex+Brush
Alexandria	?	OFL (kiem lai METADATA.pb cua font do truoc khi dung)	Expressive Awkward,Expressive Calm,Expressive Competent,Expressive Loud,Expressive Playful,Expressive Rugged,Expressive Sincere,Expressive Stiff,Expressive Vintage,Quality Concept,Quality Drawing,Quality Spacing	https://fonts.google.com/specimen/Alexandria
Alfa Slab One	?	OFL (kiem lai METADATA.pb cua font do truoc khi dung)	Expressive Business,Expressive Cute,Expressive Excited,Expressive Loud,Expressive Rugged,Expressive Stiff,Expressive Vintage,Quality Concept,Quality Drawing,Quality Spacing,Quality Wordspace,Serif Fat Face	https://fonts.google.com/specimen/Alfa+Slab+One
Alice	?	OFL (kiem lai METADATA.pb cua font do truoc khi dung)	Expressive Business,Expressive Loud,Expressive Rugged,Expressive Sincere,Expressive Vintage,Quality Concept,Quality Drawing,Quality Spacing,Quality Wordspace,Serif Old Style Garalde	https://fonts.google.com/specimen/Alice
Alien Block	?	OFL (kiem lai METADATA.pb cua font do truoc khi dung)	Expressive Artistic,Expressive Futuristic,Expressive Happy,Expressive Innovative,Expressive Loud,Expressive Playful,Expressive Stiff,Quality Concept,Quality Drawing,Quality Spacing,Quality Wordspace,Theme Techno	https://fonts.google.com/specimen/Alien+Block
Alike	?	OFL (kiem lai METADATA.pb cua font do truoc khi dung)	Expressive Business,Expressive Competent,Expressive Loud,Expressive Rugged,Expressive Sincere,Expressive Vintage,Quality Concept,Quality Drawing,Quality Spacing,Quality Wordspace,Serif Old Style Garalde	https://fonts.google.com/specimen/Alike
Alike Angular	?	OFL (kiem lai METADATA.pb cua font do truoc khi dung)	Expressive Business,Expressive Competent,Expressive Loud,Expressive Rugged,Expressive Sincere,Expressive Vintage,Quality Concept,Quality Drawing,Quality Spacing,Quality Wordspace,Serif Old Style Garalde	https://fonts.google.com/specimen/Alike+Angular
Alkalami	?	OFL (kiem lai METADATA.pb cua font do truoc khi dung)	Expressive Active,Expressive Excited,Expressive Loud,Expressive Rugged,Expressive Sincere,Expressive Vintage,Quality Concept,Quality Drawing,Quality Spacing,Quality Wordspace	https://fonts.google.com/specimen/Alkalami
Alkatra	?	OFL (kiem lai METADATA.pb cua font do truoc khi dung)	Expressive Active,Expressive Awkward,Expressive Calm,Expressive Competent,Expressive Cute,Expressive Excited,Expressive Fancy,Expressive Happy,Expressive Loud,Expressive Playful,Expressive Rugged,Expressive Sincere	https://fonts.google.com/specimen/Alkatra
Allan	?	OFL (kiem lai METADATA.pb cua font do truoc khi dung)	Expressive Active,Expressive Childlike,Expressive Cute,Expressive Happy,Expressive Loud,Expressive Playful,Expressive Rugged,Expressive Sincere,Expressive Vintage,Quality Concept,Quality Drawing,Quality Spacing	https://fonts.google.com/specimen/Allan
Allerta	?	OFL (kiem lai METADATA.pb cua font do truoc khi dung)	Expressive Business,Expressive Calm,Expressive Competent,Expressive Loud,Expressive Rugged,Expressive Sincere,Expressive Stiff,Expressive Vintage,Quality Concept,Quality Drawing,Quality Spacing,Quality Wordspace	https://fonts.google.com/specimen/Allerta
Allerta Stencil	?	OFL (kiem lai METADATA.pb cua font do truoc khi dung)	Expressive Active,Expressive Innovative,Expressive Loud,Expressive Rugged,Expressive Sincere,Expressive Stiff,Expressive Vintage,Quality Concept,Quality Drawing,Quality Spacing,Quality Wordspace,Theme Stencil	https://fonts.google.com/specimen/Allerta+Stencil
Allison	?	OFL (kiem lai METADATA.pb cua font do truoc khi dung)	Expressive Artistic,Expressive Awkward,Expressive Cute,Expressive Excited,Expressive Happy,Expressive Sincere,Expressive Sophisticated,Expressive Vintage,Quality Concept,Quality Drawing,Quality Spacing,Quality Wordspace	https://fonts.google.com/specimen/Allison
Allkin	?	OFL (kiem lai METADATA.pb cua font do truoc khi dung)	Expressive Artistic,Expressive Business,Expressive Competent,Expressive Cute,Expressive Innovative,Expressive Playful,Quality Concept,Quality Drawing,Quality Spacing,Quality Wordspace,Special use Symbols	https://fonts.google.com/specimen/Allkin
Allura	?	OFL (kiem lai METADATA.pb cua font do truoc khi dung)	Expressive Artistic,Expressive Awkward,Expressive Cute,Expressive Excited,Expressive Fancy,Expressive Happy,Expressive Sincere,Expressive Sophisticated,Expressive Vintage,Quality Concept,Quality Drawing,Quality Spacing	https://fonts.google.com/specimen/Allura
Almarai	?	OFL (kiem lai METADATA.pb cua font do truoc khi dung)	Expressive Business,Expressive Calm,Expressive Competent,Expressive Loud,Expressive Rugged,Expressive Sincere,Expressive Stiff,Expressive Vintage,Quality Concept,Quality Drawing,Quality Spacing,Quality Wordspace	https://fonts.google.com/specimen/Almarai
Almendra	?	OFL (kiem lai METADATA.pb cua font do truoc khi dung)	Expressive Active,Expressive Artistic,Expressive Cute,Expressive Happy,Expressive Playful,Expressive Rugged,Expressive Vintage,Quality Concept,Quality Drawing,Quality Spacing,Quality Wordspace,Seasonal Christmas	https://fonts.google.com/specimen/Almendra
Almendra Display	?	OFL (kiem lai METADATA.pb cua font do truoc khi dung)	Expressive Active,Expressive Artistic,Expressive Awkward,Expressive Cute,Expressive Excited,Expressive Happy,Expressive Playful,Expressive Rugged,Expressive Vintage,Quality Concept,Quality Drawing,Quality Spacing	https://fonts.google.com/specimen/Almendra+Display
Almendra SC	?	OFL (kiem lai METADATA.pb cua font do truoc khi dung)	Expressive Active,Expressive Artistic,Expressive Cute,Expressive Happy,Expressive Playful,Expressive Rugged,Expressive Vintage,Quality Concept,Quality Drawing,Quality Spacing,Quality Wordspace,Serif Humanist Venetian	https://fonts.google.com/specimen/Almendra+SC
Alumni Sans	?	OFL (kiem lai METADATA.pb cua font do truoc khi dung)	Expressive Awkward,Expressive Business,Expressive Calm,Expressive Competent,Expressive Excited,Expressive Futuristic,Expressive Happy,Expressive Loud,Expressive Playful,Expressive Rugged,Expressive Sincere,Expressive Stiff	https://fonts.google.com/specimen/Alumni+Sans
Alumni Sans Collegiate One	?	OFL (kiem lai METADATA.pb cua font do truoc khi dung)	Expressive Awkward,Expressive Excited,Expressive Happy,Expressive Innovative,Expressive Loud,Expressive Rugged,Expressive Sincere,Expressive Stiff,Expressive Vintage,Quality Concept,Quality Drawing,Quality Spacing	https://fonts.google.com/specimen/Alumni+Sans+Collegiate+One
Alumni Sans Inline One	?	OFL (kiem lai METADATA.pb cua font do truoc khi dung)	Expressive Awkward,Expressive Business,Expressive Excited,Expressive Loud,Expressive Rugged,Expressive Stiff,Expressive Vintage,Quality Concept,Quality Drawing,Quality Spacing,Quality Wordspace	https://fonts.google.com/specimen/Alumni+Sans+Inline+One
Alumni Sans Pinstripe	?	OFL (kiem lai METADATA.pb cua font do truoc khi dung)	Expressive Business,Expressive Calm,Expressive Excited,Expressive Futuristic,Expressive Happy,Expressive Rugged,Expressive Sincere,Expressive Stiff,Expressive Vintage,Quality Concept,Quality Drawing,Quality Spacing	https://fonts.google.com/specimen/Alumni+Sans+Pinstripe
Alumni Sans SC	?	OFL (kiem lai METADATA.pb cua font do truoc khi dung)	Expressive Awkward,Expressive Business,Expressive Calm,Expressive Competent,Expressive Excited,Expressive Happy,Expressive Loud,Expressive Playful,Expressive Rugged,Expressive Sincere,Expressive Stiff,Expressive Vintage	https://fonts.google.com/specimen/Alumni+Sans+SC
Alyamama	?	OFL (kiem lai METADATA.pb cua font do truoc khi dung)	Expressive Awkward,Expressive Business,Expressive Calm,Expressive Competent,Expressive Happy,Expressive Loud,Expressive Playful,Expressive Sincere,Expressive Stiff,Expressive Vintage,Quality Concept,Quality Drawing	https://fonts.google.com/specimen/Alyamama
Amarante	?	OFL (kiem lai METADATA.pb cua font do truoc khi dung)	Expressive Active,Expressive Artistic,Expressive Awkward,Expressive Cute,Expressive Excited,Expressive Happy,Expressive Innovative,Expressive Loud,Expressive Rugged,Expressive Sincere,Expressive Vintage,Quality Concept	https://fonts.google.com/specimen/Amarante
Amaranth	?	OFL (kiem lai METADATA.pb cua font do truoc khi dung)	Expressive Active,Expressive Business,Expressive Calm,Expressive Excited,Expressive Happy,Expressive Loud,Expressive Rugged,Expressive Sincere,Expressive Vintage,Quality Concept,Quality Drawing,Quality Spacing	https://fonts.google.com/specimen/Amaranth
Amarna	?	OFL (kiem lai METADATA.pb cua font do truoc khi dung)	Expressive Awkward,Expressive Business,Expressive Calm,Expressive Competent,Expressive Happy,Expressive Playful,Expressive Rugged,Expressive Sincere,Expressive Stiff,Quality Concept,Quality Drawing,Quality Spacing	https://fonts.google.com/specimen/Amarna
Amatic SC	?	OFL (kiem lai METADATA.pb cua font do truoc khi dung)	Expressive Awkward,Expressive Childlike,Expressive Excited,Expressive Happy,Expressive Rugged,Expressive Sincere,Expressive Vintage,Quality Concept,Quality Drawing,Quality Spacing,Quality Wordspace,Script Handwritten	https://fonts.google.com/specimen/Amatic+SC
Amethysta	?	OFL (kiem lai METADATA.pb cua font do truoc khi dung)	Expressive Business,Expressive Loud,Expressive Rugged,Expressive Sincere,Expressive Vintage,Quality Concept,Quality Drawing,Quality Spacing,Quality Wordspace,Serif Old Style Garalde,Serif Transitional	https://fonts.google.com/specimen/Amethysta
Amiko	?	OFL (kiem lai METADATA.pb cua font do truoc khi dung)	Expressive Business,Expressive Calm,Expressive Loud,Expressive Rugged,Expressive Sincere,Expressive Vintage,Quality Concept,Quality Drawing,Quality Spacing,Quality Wordspace,Sans Humanist	https://fonts.google.com/specimen/Amiko
Amiri	?	OFL (kiem lai METADATA.pb cua font do truoc khi dung)	Expressive Business,Expressive Competent,Expressive Rugged,Expressive Sincere,Expressive Vintage,Quality Concept,Quality Drawing,Quality Spacing,Quality Wordspace,Serif Old Style Garalde	https://fonts.google.com/specimen/Amiri
Amiri Quran	?	OFL (kiem lai METADATA.pb cua font do truoc khi dung)	Expressive Business,Expressive Rugged,Expressive Sincere,Expressive Vintage,Quality Concept,Quality Drawing,Quality Spacing,Quality Wordspace,Serif Old Style Garalde	https://fonts.google.com/specimen/Amiri+Quran
Amita	?	OFL (kiem lai METADATA.pb cua font do truoc khi dung)	Expressive Awkward,Expressive Business,Expressive Cute,Expressive Happy,Expressive Loud,Expressive Playful,Expressive Rugged,Expressive Sincere,Expressive Sophisticated,Expressive Vintage,Quality Concept,Quality Drawing	https://fonts.google.com/specimen/Amita
Anaheim	?	OFL (kiem lai METADATA.pb cua font do truoc khi dung)	Expressive Awkward,Expressive Business,Expressive Calm,Expressive Competent,Expressive Playful,Expressive Rugged,Expressive Sincere,Expressive Stiff,Expressive Vintage,Quality Concept,Quality Drawing,Quality Spacing	https://fonts.google.com/specimen/Anaheim
Ancizar Sans	?	OFL (kiem lai METADATA.pb cua font do truoc khi dung)	Expressive Awkward,Expressive Business,Expressive Calm,Expressive Competent,Expressive Happy,Expressive Loud,Expressive Playful,Expressive Rugged,Expressive Sincere,Expressive Stiff,Expressive Vintage,Quality Concept	https://fonts.google.com/specimen/Ancizar+Sans
Ancizar Serif	?	OFL (kiem lai METADATA.pb cua font do truoc khi dung)	Expressive Awkward,Expressive Business,Expressive Calm,Expressive Competent,Expressive Happy,Expressive Loud,Expressive Playful,Expressive Rugged,Expressive Sincere,Expressive Stiff,Expressive Vintage,Quality Concept	https://fonts.google.com/specimen/Ancizar+Serif
Andada Pro	?	OFL (kiem lai METADATA.pb cua font do truoc khi dung)	Expressive Awkward,Expressive Business,Expressive Calm,Expressive Competent,Expressive Excited,Expressive Loud,Expressive Playful,Expressive Rugged,Expressive Sincere,Expressive Stiff,Expressive Vintage,Quality Concept	https://fonts.google.com/specimen/Andada+Pro
Andika	?	OFL (kiem lai METADATA.pb cua font do truoc khi dung)	Expressive Business,Expressive Calm,Expressive Competent,Expressive Cute,Expressive Excited,Expressive Happy,Expressive Loud,Expressive Rugged,Expressive Sincere,Expressive Vintage,Quality Concept,Quality Drawing	https://fonts.google.com/specimen/Andika
Anek Bangla	?	OFL (kiem lai METADATA.pb cua font do truoc khi dung)	wght@75,wght@125,Expressive Playful,Expressive Sincere,Expressive Stiff,Quality Concept,Quality Drawing,Quality Spacing,Quality Wordspace,Sans Humanist	https://fonts.google.com/specimen/Anek+Bangla
Anek Devanagari	?	OFL (kiem lai METADATA.pb cua font do truoc khi dung)	wght@75,wght@125,Expressive Playful,Expressive Sincere,Expressive Stiff,Quality Concept,Quality Drawing,Quality Spacing,Quality Wordspace,Sans Humanist	https://fonts.google.com/specimen/Anek+Devanagari
Anek Gujarati	?	OFL (kiem lai METADATA.pb cua font do truoc khi dung)	wght@75,wght@125,Expressive Playful,Expressive Sincere,Expressive Stiff,Quality Concept,Quality Drawing,Quality Spacing,Quality Wordspace,Sans Humanist	https://fonts.google.com/specimen/Anek+Gujarati
Anek Gurmukhi	?	OFL (kiem lai METADATA.pb cua font do truoc khi dung)	wght@75,wght@125,Expressive Playful,Expressive Sincere,Expressive Stiff,Quality Concept,Quality Drawing,Quality Spacing,Quality Wordspace,Sans Humanist	https://fonts.google.com/specimen/Anek+Gurmukhi
Anek Kannada	?	OFL (kiem lai METADATA.pb cua font do truoc khi dung)	wght@75,wght@125,Expressive Playful,Expressive Sincere,Expressive Stiff,Quality Concept,Quality Drawing,Quality Spacing,Quality Wordspace,Sans Humanist	https://fonts.google.com/specimen/Anek+Kannada
Anek Latin	?	OFL (kiem lai METADATA.pb cua font do truoc khi dung)	wght@75,wght@125,Expressive Playful,Expressive Sincere,Expressive Stiff,Quality Concept,Quality Drawing,Quality Spacing,Quality Wordspace,Sans Humanist	https://fonts.google.com/specimen/Anek+Latin
Anek Malayalam	?	OFL (kiem lai METADATA.pb cua font do truoc khi dung)	wght@75,wght@125,Expressive Playful,Expressive Sincere,Expressive Stiff,Quality Concept,Quality Drawing,Quality Spacing,Quality Wordspace,Sans Humanist	https://fonts.google.com/specimen/Anek+Malayalam
Anek Odia	?	OFL (kiem lai METADATA.pb cua font do truoc khi dung)	wght@75,wght@125,Expressive Playful,Expressive Sincere,Expressive Stiff,Quality Concept,Quality Drawing,Quality Spacing,Quality Wordspace,Sans Humanist	https://fonts.google.com/specimen/Anek+Odia
Anek Tamil	?	OFL (kiem lai METADATA.pb cua font do truoc khi dung)	wght@75,wght@125,Expressive Playful,Expressive Sincere,Expressive Stiff,Quality Concept,Quality Drawing,Quality Spacing,Quality Wordspace,Sans Humanist	https://fonts.google.com/specimen/Anek+Tamil
Anek Telugu	?	OFL (kiem lai METADATA.pb cua font do truoc khi dung)	wght@75,wght@125,Expressive Playful,Expressive Sincere,Expressive Stiff,Quality Concept,Quality Drawing,Quality Spacing,Quality Wordspace,Sans Humanist	https://fonts.google.com/specimen/Anek+Telugu
Angkor	?	OFL (kiem lai METADATA.pb cua font do truoc khi dung)	Expressive Excited,Expressive Happy,Expressive Loud,Expressive Rugged,Expressive Sincere,Expressive Vintage,Quality Concept,Quality Drawing,Quality Spacing,Quality Wordspace,Slab Humanist	https://fonts.google.com/specimen/Angkor
Annapurna SIL	?	OFL (kiem lai METADATA.pb cua font do truoc khi dung)	Expressive Calm,Expressive Loud,Expressive Rugged,Expressive Sincere,Expressive Vintage,Quality Concept,Quality Drawing,Quality Spacing,Quality Wordspace,Serif Transitional	https://fonts.google.com/specimen/Annapurna+SIL
Annie Use Your Telescope	?	OFL (kiem lai METADATA.pb cua font do truoc khi dung)	Expressive Active,Expressive Awkward,Expressive Happy,Expressive Playful,Expressive Rugged,Expressive Sincere,Expressive Vintage,Quality Concept,Quality Drawing,Quality Spacing,Quality Wordspace,Script Handwritten	https://fonts.google.com/specimen/Annie+Use+Your+Telescope
Anonymous Pro	?	OFL (kiem lai METADATA.pb cua font do truoc khi dung)	Expressive Business,Expressive Calm,Expressive Rugged,Expressive Stiff,Expressive Vintage,Monospace Monospace,Quality Concept,Quality Drawing,Quality Spacing,Quality Wordspace,Sans Geometric,Sans Humanist	https://fonts.google.com/specimen/Anonymous+Pro
Anta	?	OFL (kiem lai METADATA.pb cua font do truoc khi dung)	Expressive Awkward,Expressive Business,Expressive Futuristic,Expressive Loud,Expressive Rugged,Expressive Sincere,Expressive Stiff,Expressive Vintage,Quality Concept,Quality Drawing,Quality Spacing,Quality Wordspace	https://fonts.google.com/specimen/Anta
Antic	?	OFL (kiem lai METADATA.pb cua font do truoc khi dung)	Expressive Business,Expressive Calm,Expressive Rugged,Expressive Sincere,Expressive Vintage,Quality Concept,Quality Drawing,Quality Spacing,Quality Wordspace,Sans Humanist	https://fonts.google.com/specimen/Antic
Antic Didone	?	OFL (kiem lai METADATA.pb cua font do truoc khi dung)	Expressive Business,Expressive Rugged,Expressive Sincere,Expressive Vintage,Quality Concept,Quality Drawing,Quality Spacing,Quality Wordspace,Serif Modern	https://fonts.google.com/specimen/Antic+Didone
Antic Slab	?	OFL (kiem lai METADATA.pb cua font do truoc khi dung)	Expressive Business,Expressive Calm,Expressive Loud,Expressive Rugged,Expressive Sincere,Expressive Vintage,Quality Concept,Quality Drawing,Quality Spacing,Quality Wordspace,Slab Geometric	https://fonts.google.com/specimen/Antic+Slab
Anton	?	OFL (kiem lai METADATA.pb cua font do truoc khi dung)	Expressive Business,Expressive Excited,Expressive Happy,Expressive Loud,Expressive Rugged,Expressive Sincere,Expressive Stiff,Expressive Vintage,Quality Concept,Quality Drawing,Quality Spacing,Quality Wordspace	https://fonts.google.com/specimen/Anton
Anton SC	?	OFL (kiem lai METADATA.pb cua font do truoc khi dung)	Expressive Business,Expressive Excited,Expressive Happy,Expressive Loud,Expressive Rugged,Expressive Sincere,Expressive Stiff,Expressive Vintage,Quality Concept,Quality Drawing,Quality Spacing,Quality Wordspace	https://fonts.google.com/specimen/Anton+SC
Antonio	?	OFL (kiem lai METADATA.pb cua font do truoc khi dung)	Expressive Awkward,Expressive Business,Expressive Calm,Expressive Competent,Expressive Excited,Expressive Futuristic,Expressive Happy,Expressive Loud,Expressive Playful,Expressive Rugged,Expressive Stiff,Expressive Vintage	https://fonts.google.com/specimen/Antonio
Anuphan	?	OFL (kiem lai METADATA.pb cua font do truoc khi dung)	Expressive Awkward,Expressive Business,Expressive Calm,Expressive Competent,Expressive Happy,Expressive Loud,Expressive Playful,Expressive Rugged,Expressive Stiff,Expressive Vintage,Quality Concept,Quality Drawing	https://fonts.google.com/specimen/Anuphan
Anybody	?	OFL (kiem lai METADATA.pb cua font do truoc khi dung)	wght@50,wght@150,Expressive Playful,Expressive Stiff,Quality Concept,Quality Drawing,Quality Spacing,Quality Wordspace,Sans Superellipse	https://fonts.google.com/specimen/Anybody
Aoboshi One	?	OFL (kiem lai METADATA.pb cua font do truoc khi dung)	Expressive Artistic,Expressive Awkward,Expressive Business,Expressive Loud,Expressive Rugged,Expressive Sincere,Expressive Vintage,Quality Concept,Quality Drawing,Quality Spacing,Quality Wordspace	https://fonts.google.com/specimen/Aoboshi+One
AR One Sans	?	OFL (kiem lai METADATA.pb cua font do truoc khi dung)	Expressive Active,Expressive Awkward,Expressive Business,Expressive Calm,Expressive Competent,Expressive Happy,Expressive Loud,Expressive Playful,Expressive Rugged,Expressive Sincere,Expressive Stiff,Expressive Vintage	https://fonts.google.com/specimen/AR+One+Sans
Arapey	?	OFL (kiem lai METADATA.pb cua font do truoc khi dung)	Expressive Business,Expressive Happy,Expressive Playful,Expressive Rugged,Expressive Sincere,Expressive Vintage,Quality Concept,Quality Drawing,Quality Spacing,Quality Wordspace,Serif Modern,Serif Transitional	https://fonts.google.com/specimen/Arapey
Arbutus	?	OFL (kiem lai METADATA.pb cua font do truoc khi dung)	Expressive Awkward,Expressive Excited,Expressive Happy,Expressive Loud,Expressive Playful,Expressive Rugged,Expressive Sincere,Expressive Stiff,Expressive Vintage,Quality Concept,Quality Drawing,Quality Spacing	https://fonts.google.com/specimen/Arbutus
Arbutus Slab	?	OFL (kiem lai METADATA.pb cua font do truoc khi dung)	Expressive Business,Expressive Competent,Expressive Loud,Expressive Rugged,Expressive Sincere,Expressive Vintage,Quality Concept,Quality Drawing,Quality Spacing,Quality Wordspace,Slab Clarendon,Slab Humanist	https://fonts.google.com/specimen/Arbutus+Slab
Architects Daughter	?	OFL (kiem lai METADATA.pb cua font do truoc khi dung)	Expressive Active,Expressive Artistic,Expressive Awkward,Expressive Childlike,Expressive Cute,Expressive Excited,Expressive Happy,Expressive Playful,Expressive Rugged,Expressive Sincere,Expressive Vintage,Quality Concept	https://fonts.google.com/specimen/Architects+Daughter
Archivo	?	OFL (kiem lai METADATA.pb cua font do truoc khi dung)	wght@62,wght@125,Expressive Playful,Quality Concept,Quality Drawing,Quality Spacing,Quality Wordspace,Sans Grotesque	https://fonts.google.com/specimen/Archivo
Archivo Black	?	OFL (kiem lai METADATA.pb cua font do truoc khi dung)	Expressive Business,Expressive Calm,Expressive Loud,Expressive Rugged,Expressive Sincere,Expressive Stiff,Expressive Vintage,Quality Concept,Quality Drawing,Quality Spacing,Quality Wordspace,Sans Grotesque	https://fonts.google.com/specimen/Archivo+Black
Archivo Narrow	?	OFL (kiem lai METADATA.pb cua font do truoc khi dung)	Expressive Active,Expressive Awkward,Expressive Business,Expressive Calm,Expressive Competent,Expressive Futuristic,Expressive Happy,Expressive Loud,Expressive Playful,Expressive Rugged,Expressive Sincere,Expressive Stiff	https://fonts.google.com/specimen/Archivo+Narrow
Are You Serious	?	OFL (kiem lai METADATA.pb cua font do truoc khi dung)	Expressive Active,Expressive Awkward,Expressive Cute,Expressive Excited,Expressive Happy,Expressive Playful,Expressive Rugged,Expressive Sincere,Expressive Vintage,Quality Concept,Quality Drawing,Quality Spacing	https://fonts.google.com/specimen/Are+You+Serious
Aref Ruqaa	?	OFL (kiem lai METADATA.pb cua font do truoc khi dung)	Expressive Playful,Expressive Rugged,Expressive Sophisticated,Expressive Vintage,Quality Concept,Quality Drawing,Quality Spacing,Quality Wordspace,Serif Humanist Venetian	https://fonts.google.com/specimen/Aref+Ruqaa
Aref Ruqaa Ink	?	OFL (kiem lai METADATA.pb cua font do truoc khi dung)	Expressive Playful,Expressive Rugged,Expressive Sophisticated,Expressive Vintage,Quality Concept,Quality Drawing,Quality Spacing,Quality Wordspace,Serif Humanist Venetian	https://fonts.google.com/specimen/Aref+Ruqaa+Ink
Arima	?	OFL (kiem lai METADATA.pb cua font do truoc khi dung)	Expressive Awkward,Expressive Calm,Expressive Competent,Expressive Cute,Expressive Excited,Expressive Fancy,Expressive Happy,Expressive Playful,Expressive Rugged,Expressive Stiff,Expressive Vintage,Quality Concept	https://fonts.google.com/specimen/Arima
Arimo	?	OFL (kiem lai METADATA.pb cua font do truoc khi dung)	Expressive Awkward,Expressive Business,Expressive Calm,Expressive Competent,Expressive Loud,Expressive Playful,Expressive Rugged,Expressive Sincere,Expressive Stiff,Expressive Vintage,Quality Concept,Quality Drawing	https://fonts.google.com/specimen/Arimo
Arizonia	?	OFL (kiem lai METADATA.pb cua font do truoc khi dung)	Expressive Active,Expressive Artistic,Expressive Awkward,Expressive Cute,Expressive Excited,Expressive Fancy,Expressive Happy,Expressive Innovative,Expressive Playful,Expressive Sincere,Expressive Sophisticated,Expressive Vintage	https://fonts.google.com/specimen/Arizonia
Armata	?	OFL (kiem lai METADATA.pb cua font do truoc khi dung)	Expressive Business,Expressive Calm,Expressive Futuristic,Expressive Loud,Expressive Rugged,Expressive Sincere,Expressive Stiff,Expressive Vintage,Quality Concept,Quality Drawing,Quality Spacing,Quality Wordspace	https://fonts.google.com/specimen/Armata
Arsenal	?	OFL (kiem lai METADATA.pb cua font do truoc khi dung)	Expressive Business,Expressive Calm,Expressive Competent,Expressive Rugged,Expressive Sincere,Expressive Stiff,Expressive Vintage,Quality Concept,Quality Drawing,Quality Spacing,Quality Wordspace,Sans Grotesque	https://fonts.google.com/specimen/Arsenal
Arsenal SC	?	OFL (kiem lai METADATA.pb cua font do truoc khi dung)	Expressive Business,Expressive Calm,Expressive Rugged,Expressive Sincere,Expressive Vintage,Quality Concept,Quality Drawing,Quality Spacing,Quality Wordspace,Sans Grotesque,Sans Humanist	https://fonts.google.com/specimen/Arsenal+SC
Artifika	?	OFL (kiem lai METADATA.pb cua font do truoc khi dung)	Expressive Business,Expressive Happy,Expressive Loud,Expressive Rugged,Expressive Sincere,Expressive Vintage,Quality Concept,Quality Drawing,Quality Spacing,Quality Wordspace,Script Upright Script	https://fonts.google.com/specimen/Artifika
Arvo	?	OFL (kiem lai METADATA.pb cua font do truoc khi dung)	Expressive Business,Expressive Loud,Expressive Rugged,Expressive Sincere,Expressive Vintage,Quality Concept,Quality Drawing,Quality Spacing,Quality Wordspace,Slab Geometric	https://fonts.google.com/specimen/Arvo
Arya	?	OFL (kiem lai METADATA.pb cua font do truoc khi dung)	Expressive Business,Expressive Calm,Expressive Loud,Expressive Rugged,Expressive Sincere,Expressive Vintage,Quality Concept,Quality Drawing,Quality Spacing,Quality Wordspace,Sans Geometric,Sans Humanist	https://fonts.google.com/specimen/Arya
Asap	?	OFL (kiem lai METADATA.pb cua font do truoc khi dung)	wght@75,wght@125,Expressive Playful,Expressive Stiff,Quality Concept,Quality Drawing,Quality Spacing,Quality Wordspace,Sans Humanist,Sans Rounded	https://fonts.google.com/specimen/Asap
Asap Condensed	?	OFL (kiem lai METADATA.pb cua font do truoc khi dung)	Expressive Business,Expressive Calm,Expressive Competent,Expressive Loud,Expressive Rugged,Expressive Sincere,Expressive Stiff,Expressive Vintage,Quality Concept,Quality Drawing,Quality Spacing,Quality Wordspace	https://fonts.google.com/specimen/Asap+Condensed
Asar	?	OFL (kiem lai METADATA.pb cua font do truoc khi dung)	Expressive Business,Expressive Competent,Expressive Loud,Expressive Rugged,Expressive Sincere,Expressive Stiff,Expressive Vintage,Quality Concept,Quality Drawing,Quality Spacing,Quality Wordspace,Serif Humanist Venetian	https://fonts.google.com/specimen/Asar
Asimovian	?	OFL (kiem lai METADATA.pb cua font do truoc khi dung)	Expressive Artistic,Expressive Awkward,Expressive Excited,Expressive Futuristic,Expressive Loud,Expressive Playful,Expressive Rugged,Expressive Sincere,Expressive Stiff,Expressive Vintage,Quality Concept,Quality Drawing	https://fonts.google.com/specimen/Asimovian
Asset	?	OFL (kiem lai METADATA.pb cua font do truoc khi dung)	Expressive Awkward,Expressive Business,Expressive Cute,Expressive Excited,Expressive Happy,Expressive Loud,Expressive Playful,Expressive Rugged,Expressive Sincere,Expressive Stiff,Expressive Vintage,Quality Concept	https://fonts.google.com/specimen/Asset
Assistant	?	OFL (kiem lai METADATA.pb cua font do truoc khi dung)	Expressive Awkward,Expressive Business,Expressive Calm,Expressive Competent,Expressive Happy,Expressive Loud,Expressive Playful,Expressive Rugged,Expressive Stiff,Expressive Vintage,Quality Concept,Quality Drawing	https://fonts.google.com/specimen/Assistant
Asta Sans	?	OFL (kiem lai METADATA.pb cua font do truoc khi dung)	Expressive Awkward,Expressive Business,Expressive Calm,Expressive Competent,Expressive Loud,Expressive Playful,Expressive Rugged,Expressive Stiff,Expressive Vintage,Quality Concept,Quality Drawing,Quality Spacing	https://fonts.google.com/specimen/Asta+Sans
Astloch	?	OFL (kiem lai METADATA.pb cua font do truoc khi dung)	Expressive Artistic,Expressive Awkward,Expressive Cute,Expressive Excited,Expressive Happy,Expressive Innovative,Expressive Playful,Expressive Rugged,Expressive Sincere,Expressive Vintage,Quality Concept,Quality Drawing	https://fonts.google.com/specimen/Astloch
Asul	?	OFL (kiem lai METADATA.pb cua font do truoc khi dung)	Expressive Business,Expressive Calm,Expressive Loud,Expressive Rugged,Expressive Vintage,Quality Concept,Quality Drawing,Quality Spacing,Quality Wordspace,Sans Glyphic	https://fonts.google.com/specimen/Asul
Athiti	?	OFL (kiem lai METADATA.pb cua font do truoc khi dung)	Expressive Business,Expressive Calm,Expressive Futuristic,Expressive Rugged,Expressive Sincere,Expressive Stiff,Expressive Vintage,Quality Concept,Quality Drawing,Quality Spacing,Quality Wordspace,Sans Geometric	https://fonts.google.com/specimen/Athiti
Atkinson Hyperlegible	?	OFL (kiem lai METADATA.pb cua font do truoc khi dung)	Expressive Business,Expressive Calm,Expressive Loud,Expressive Rugged,Expressive Sincere,Expressive Vintage,Quality Concept,Quality Drawing,Quality Spacing,Quality Wordspace,Sans Grotesque	https://fonts.google.com/specimen/Atkinson+Hyperlegible
Atkinson Hyperlegible Mono	?	OFL (kiem lai METADATA.pb cua font do truoc khi dung)	Expressive Awkward,Expressive Business,Expressive Calm,Expressive Competent,Expressive Futuristic,Expressive Loud,Expressive Playful,Expressive Rugged,Expressive Stiff,Expressive Vintage,Monospace Monospace,Quality Concept	https://fonts.google.com/specimen/Atkinson+Hyperlegible+Mono
Atkinson Hyperlegible Next	?	OFL (kiem lai METADATA.pb cua font do truoc khi dung)	Expressive Awkward,Expressive Business,Expressive Calm,Expressive Competent,Expressive Loud,Expressive Playful,Expressive Rugged,Expressive Stiff,Expressive Vintage,Purpose Easy Reading,Quality Concept,Quality Drawing	https://fonts.google.com/specimen/Atkinson+Hyperlegible+Next
Atma	?	OFL (kiem lai METADATA.pb cua font do truoc khi dung)	Expressive Awkward,Expressive Cute,Expressive Excited,Expressive Happy,Expressive Loud,Expressive Playful,Expressive Rugged,Expressive Vintage,Quality Concept,Quality Drawing,Quality Spacing,Quality Wordspace	https://fonts.google.com/specimen/Atma
Atomic Age	?	OFL (kiem lai METADATA.pb cua font do truoc khi dung)	Expressive Artistic,Expressive Awkward,Expressive Futuristic,Expressive Happy,Expressive Innovative,Expressive Loud,Expressive Rugged,Expressive Sincere,Expressive Stiff,Expressive Vintage,Quality Concept,Quality Drawing	https://fonts.google.com/specimen/Atomic+Age
Aubrey	?	OFL (kiem lai METADATA.pb cua font do truoc khi dung)	Expressive Artistic,Expressive Awkward,Expressive Excited,Expressive Happy,Expressive Rugged,Expressive Sincere,Expressive Vintage,Quality Concept,Quality Drawing,Quality Spacing,Quality Wordspace,Theme Art Nouveau	https://fonts.google.com/specimen/Aubrey
Audiowide	?	OFL (kiem lai METADATA.pb cua font do truoc khi dung)	Expressive Awkward,Expressive Business,Expressive Futuristic,Expressive Loud,Expressive Rugged,Expressive Sincere,Expressive Stiff,Expressive Vintage,Quality Concept,Quality Drawing,Quality Spacing,Quality Wordspace	https://fonts.google.com/specimen/Audiowide
Autour One	?	OFL (kiem lai METADATA.pb cua font do truoc khi dung)	Expressive Active,Expressive Awkward,Expressive Business,Expressive Calm,Expressive Childlike,Expressive Cute,Expressive Happy,Expressive Innovative,Expressive Loud,Expressive Playful,Expressive Rugged,Expressive Sincere	https://fonts.google.com/specimen/Autour+One
Average	?	OFL (kiem lai METADATA.pb cua font do truoc khi dung)	Expressive Business,Expressive Competent,Expressive Loud,Expressive Rugged,Expressive Sincere,Expressive Vintage,Quality Concept,Quality Drawing,Quality Spacing,Quality Wordspace,Serif Old Style Garalde,Serif Transitional	https://fonts.google.com/specimen/Average
Average Sans	?	OFL (kiem lai METADATA.pb cua font do truoc khi dung)	Expressive Business,Expressive Calm,Expressive Loud,Expressive Rugged,Expressive Sincere,Expressive Stiff,Expressive Vintage,Quality Concept,Quality Drawing,Quality Spacing,Quality Wordspace,Sans Geometric	https://fonts.google.com/specimen/Average+Sans
Averia Gruesa Libre	?	OFL (kiem lai METADATA.pb cua font do truoc khi dung)	Expressive Awkward,Expressive Business,Expressive Innovative,Expressive Loud,Expressive Playful,Expressive Rugged,Expressive Sincere,Expressive Vintage,Quality Concept,Quality Drawing,Quality Spacing,Quality Wordspace	https://fonts.google.com/specimen/Averia+Gruesa+Libre
Averia Libre	?	OFL (kiem lai METADATA.pb cua font do truoc khi dung)	Expressive Awkward,Expressive Business,Expressive Loud,Expressive Playful,Expressive Rugged,Expressive Sincere,Expressive Vintage,Quality Concept,Quality Drawing,Quality Spacing,Quality Wordspace,Sans Rounded	https://fonts.google.com/specimen/Averia+Libre
Averia Sans Libre	?	OFL (kiem lai METADATA.pb cua font do truoc khi dung)	Expressive Awkward,Expressive Business,Expressive Loud,Expressive Playful,Expressive Rugged,Expressive Sincere,Expressive Stiff,Expressive Vintage,Quality Concept,Quality Drawing,Quality Spacing,Quality Wordspace	https://fonts.google.com/specimen/Averia+Sans+Libre
Averia Serif Libre	?	OFL (kiem lai METADATA.pb cua font do truoc khi dung)	Expressive Awkward,Expressive Business,Expressive Loud,Expressive Playful,Expressive Rugged,Expressive Sincere,Expressive Vintage,Quality Concept,Quality Drawing,Quality Spacing,Quality Wordspace	https://fonts.google.com/specimen/Averia+Serif+Libre
Azeret Mono	?	OFL (kiem lai METADATA.pb cua font do truoc khi dung)	Expressive Awkward,Expressive Business,Expressive Calm,Expressive Competent,Expressive Futuristic,Expressive Loud,Expressive Playful,Expressive Rugged,Expressive Stiff,Expressive Vintage,Monospace Monospace,Quality Concept	https://fonts.google.com/specimen/Azeret+Mono
B612	?	OFL (kiem lai METADATA.pb cua font do truoc khi dung)	Expressive Business,Expressive Calm,Expressive Competent,Expressive Futuristic,Expressive Loud,Expressive Rugged,Expressive Sincere,Expressive Stiff,Expressive Vintage,Purpose Easy Reading,Quality Concept,Quality Drawing	https://fonts.google.com/specimen/B612
B612 Mono	?	OFL (kiem lai METADATA.pb cua font do truoc khi dung)	Expressive Awkward,Expressive Business,Expressive Calm,Expressive Futuristic,Expressive Loud,Expressive Rugged,Expressive Sincere,Expressive Stiff,Expressive Vintage,Monospace Monospace,Quality Concept,Quality Drawing	https://fonts.google.com/specimen/B612+Mono
Babylonica	?	OFL (kiem lai METADATA.pb cua font do truoc khi dung)	Expressive Active,Expressive Artistic,Expressive Awkward,Expressive Cute,Expressive Excited,Expressive Happy,Expressive Playful,Expressive Rugged,Expressive Sincere,Expressive Vintage,Quality Concept,Quality Drawing	https://fonts.google.com/specimen/Babylonica
Bacasime Antique	?	OFL (kiem lai METADATA.pb cua font do truoc khi dung)	Expressive Business,Expressive Rugged,Expressive Vintage,Quality Concept,Quality Drawing,Quality Spacing,Quality Wordspace,Serif Transitional	https://fonts.google.com/specimen/Bacasime+Antique
Bad Script	?	OFL (kiem lai METADATA.pb cua font do truoc khi dung)	Expressive Active,Expressive Artistic,Expressive Awkward,Expressive Childlike,Expressive Cute,Expressive Excited,Expressive Happy,Expressive Playful,Expressive Rugged,Expressive Sincere,Expressive Vintage,Quality Concept	https://fonts.google.com/specimen/Bad+Script
Badeen Display	?	OFL (kiem lai METADATA.pb cua font do truoc khi dung)	Expressive Awkward,Expressive Cute,Expressive Excited,Expressive Futuristic,Expressive Innovative,Expressive Loud,Expressive Playful,Expressive Rugged,Expressive Sincere,Expressive Stiff,Expressive Vintage,Quality Concept	https://fonts.google.com/specimen/Badeen+Display
Bagel Fat One	?	OFL (kiem lai METADATA.pb cua font do truoc khi dung)	Expressive Active,Expressive Awkward,Expressive Cute,Expressive Excited,Expressive Futuristic,Expressive Happy,Expressive Innovative,Expressive Loud,Expressive Playful,Expressive Rugged,Expressive Sincere,Expressive Stiff	https://fonts.google.com/specimen/Bagel+Fat+One
Bahiana	?	OFL (kiem lai METADATA.pb cua font do truoc khi dung)	Expressive Awkward,Expressive Futuristic,Expressive Loud,Expressive Playful,Expressive Rugged,Expressive Sincere,Expressive Stiff,Expressive Vintage,Quality Concept,Quality Drawing,Quality Spacing,Quality Wordspace	https://fonts.google.com/specimen/Bahiana
Bahianita	?	OFL (kiem lai METADATA.pb cua font do truoc khi dung)	Expressive Awkward,Expressive Futuristic,Expressive Loud,Expressive Playful,Expressive Rugged,Expressive Sincere,Expressive Stiff,Expressive Vintage,Quality Concept,Quality Drawing,Quality Spacing,Quality Wordspace	https://fonts.google.com/specimen/Bahianita
Bai Jamjuree	?	OFL (kiem lai METADATA.pb cua font do truoc khi dung)	Expressive Business,Expressive Calm,Expressive Futuristic,Expressive Loud,Expressive Rugged,Expressive Sincere,Expressive Stiff,Expressive Vintage,Quality Concept,Quality Drawing,Quality Spacing,Quality Wordspace	https://fonts.google.com/specimen/Bai+Jamjuree
Bakbak One	?	OFL (kiem lai METADATA.pb cua font do truoc khi dung)	Expressive Calm,Expressive Futuristic,Expressive Loud,Expressive Rugged,Expressive Stiff,Expressive Vintage,Quality Concept,Quality Drawing,Quality Spacing,Quality Wordspace,Sans Geometric,Sans Superellipse	https://fonts.google.com/specimen/Bakbak+One
Ballet	?	OFL (kiem lai METADATA.pb cua font do truoc khi dung)	Expressive Active,Expressive Artistic,Expressive Awkward,Expressive Excited,Expressive Fancy,Expressive Innovative,Expressive Sincere,Expressive Sophisticated,Expressive Vintage,Quality Concept,Quality Drawing,Quality Spacing	https://fonts.google.com/specimen/Ballet
Baloo 2	?	OFL (kiem lai METADATA.pb cua font do truoc khi dung)	Expressive Awkward,Expressive Business,Expressive Calm,Expressive Competent,Expressive Futuristic,Expressive Happy,Expressive Loud,Expressive Playful,Expressive Rugged,Expressive Stiff,Expressive Vintage,Quality Concept	https://fonts.google.com/specimen/Baloo+2
Baloo Bhai 2	?	OFL (kiem lai METADATA.pb cua font do truoc khi dung)	Expressive Awkward,Expressive Business,Expressive Calm,Expressive Competent,Expressive Futuristic,Expressive Happy,Expressive Loud,Expressive Playful,Expressive Rugged,Expressive Stiff,Expressive Vintage,Quality Concept	https://fonts.google.com/specimen/Baloo+Bhai+2
Baloo Bhaijaan 2	?	OFL (kiem lai METADATA.pb cua font do truoc khi dung)	Expressive Awkward,Expressive Calm,Expressive Competent,Expressive Futuristic,Expressive Happy,Expressive Playful,Expressive Rugged,Expressive Stiff,Expressive Vintage,Quality Concept,Quality Drawing,Quality Spacing	https://fonts.google.com/specimen/Baloo+Bhaijaan+2
Baloo Bhaina 2	?	OFL (kiem lai METADATA.pb cua font do truoc khi dung)	Expressive Awkward,Expressive Business,Expressive Calm,Expressive Competent,Expressive Futuristic,Expressive Happy,Expressive Loud,Expressive Playful,Expressive Rugged,Expressive Stiff,Expressive Vintage,Quality Concept	https://fonts.google.com/specimen/Baloo+Bhaina+2
Baloo Chettan 2	?	OFL (kiem lai METADATA.pb cua font do truoc khi dung)	Expressive Awkward,Expressive Business,Expressive Calm,Expressive Competent,Expressive Futuristic,Expressive Happy,Expressive Loud,Expressive Playful,Expressive Rugged,Expressive Stiff,Expressive Vintage,Quality Concept	https://fonts.google.com/specimen/Baloo+Chettan+2
Baloo Da 2	?	OFL (kiem lai METADATA.pb cua font do truoc khi dung)	Expressive Awkward,Expressive Business,Expressive Calm,Expressive Competent,Expressive Futuristic,Expressive Happy,Expressive Loud,Expressive Playful,Expressive Rugged,Expressive Stiff,Expressive Vintage,Quality Concept	https://fonts.google.com/specimen/Baloo+Da+2
Baloo Paaji 2	?	OFL (kiem lai METADATA.pb cua font do truoc khi dung)	Expressive Awkward,Expressive Business,Expressive Calm,Expressive Competent,Expressive Futuristic,Expressive Happy,Expressive Loud,Expressive Playful,Expressive Rugged,Expressive Stiff,Expressive Vintage,Quality Concept	https://fonts.google.com/specimen/Baloo+Paaji+2
Baloo Tamma 2	?	OFL (kiem lai METADATA.pb cua font do truoc khi dung)	Expressive Awkward,Expressive Business,Expressive Calm,Expressive Competent,Expressive Futuristic,Expressive Happy,Expressive Loud,Expressive Playful,Expressive Rugged,Expressive Stiff,Expressive Vintage,Quality Concept	https://fonts.google.com/specimen/Baloo+Tamma+2
Baloo Tammudu 2	?	OFL (kiem lai METADATA.pb cua font do truoc khi dung)	Expressive Awkward,Expressive Business,Expressive Calm,Expressive Competent,Expressive Futuristic,Expressive Happy,Expressive Loud,Expressive Playful,Expressive Rugged,Expressive Stiff,Expressive Vintage,Quality Concept	https://fonts.google.com/specimen/Baloo+Tammudu+2
Baloo Thambi 2	?	OFL (kiem lai METADATA.pb cua font do truoc khi dung)	Expressive Awkward,Expressive Business,Expressive Calm,Expressive Competent,Expressive Futuristic,Expressive Happy,Expressive Loud,Expressive Playful,Expressive Rugged,Expressive Stiff,Expressive Vintage,Quality Concept	https://fonts.google.com/specimen/Baloo+Thambi+2
Balsamiq Sans	?	OFL (kiem lai METADATA.pb cua font do truoc khi dung)	Expressive Business,Expressive Calm,Expressive Childlike,Expressive Cute,Expressive Excited,Expressive Happy,Expressive Loud,Expressive Playful,Expressive Rugged,Expressive Sincere,Expressive Vintage,Quality Concept	https://fonts.google.com/specimen/Balsamiq+Sans
Balthazar	?	OFL (kiem lai METADATA.pb cua font do truoc khi dung)	Expressive Business,Expressive Competent,Expressive Loud,Expressive Rugged,Expressive Vintage,Quality Concept,Quality Drawing,Quality Spacing,Quality Wordspace	https://fonts.google.com/specimen/Balthazar
Bangers	?	OFL (kiem lai METADATA.pb cua font do truoc khi dung)	Expressive Active,Expressive Awkward,Expressive Excited,Expressive Happy,Expressive Loud,Expressive Playful,Expressive Rugged,Expressive Vintage,Quality Concept,Quality Drawing,Quality Spacing,Quality Wordspace	https://fonts.google.com/specimen/Bangers
Barlow	?	OFL (kiem lai METADATA.pb cua font do truoc khi dung)	Expressive Active,Expressive Business,Expressive Calm,Expressive Competent,Expressive Futuristic,Expressive Loud,Expressive Rugged,Expressive Sincere,Expressive Stiff,Expressive Vintage,Quality Concept,Quality Drawing	https://fonts.google.com/specimen/Barlow
Barlow Condensed	?	OFL (kiem lai METADATA.pb cua font do truoc khi dung)	Expressive Active,Expressive Business,Expressive Calm,Expressive Competent,Expressive Futuristic,Expressive Loud,Expressive Rugged,Expressive Sincere,Expressive Stiff,Expressive Vintage,Quality Concept,Quality Drawing	https://fonts.google.com/specimen/Barlow+Condensed
Barlow Semi Condensed	?	OFL (kiem lai METADATA.pb cua font do truoc khi dung)	Expressive Active,Expressive Business,Expressive Calm,Expressive Competent,Expressive Futuristic,Expressive Loud,Expressive Rugged,Expressive Sincere,Expressive Stiff,Expressive Vintage,Quality Concept,Quality Drawing	https://fonts.google.com/specimen/Barlow+Semi+Condensed
Barriecito	?	OFL (kiem lai METADATA.pb cua font do truoc khi dung)	Expressive Awkward,Expressive Excited,Expressive Happy,Expressive Innovative,Expressive Loud,Expressive Playful,Expressive Rugged,Expressive Sincere,Expressive Vintage,Quality Concept,Quality Drawing,Quality Spacing	https://fonts.google.com/specimen/Barriecito
Barrio	?	OFL (kiem lai METADATA.pb cua font do truoc khi dung)	Expressive Awkward,Expressive Excited,Expressive Happy,Expressive Innovative,Expressive Loud,Expressive Playful,Expressive Rugged,Expressive Sincere,Expressive Vintage,Quality Concept,Quality Drawing,Quality Spacing	https://fonts.google.com/specimen/Barrio
Basic	?	OFL (kiem lai METADATA.pb cua font do truoc khi dung)	Expressive Business,Expressive Calm,Expressive Competent,Expressive Loud,Expressive Rugged,Expressive Sincere,Expressive Stiff,Expressive Vintage,Quality Concept,Quality Drawing,Quality Spacing,Quality Wordspace	https://fonts.google.com/specimen/Basic
Baskervville	?	OFL (kiem lai METADATA.pb cua font do truoc khi dung)	Expressive Awkward,Expressive Business,Expressive Calm,Expressive Competent,Expressive Playful,Expressive Rugged,Expressive Sincere,Expressive Stiff,Expressive Vintage,Quality Concept,Quality Drawing,Quality Spacing	https://fonts.google.com/specimen/Baskervville
Baskervville SC	?	OFL (kiem lai METADATA.pb cua font do truoc khi dung)	Expressive Awkward,Expressive Business,Expressive Calm,Expressive Competent,Expressive Fancy,Expressive Playful,Expressive Rugged,Expressive Sincere,Expressive Stiff,Expressive Vintage,Quality Concept,Quality Drawing	https://fonts.google.com/specimen/Baskervville+SC
Battambang	?	OFL (kiem lai METADATA.pb cua font do truoc khi dung)	Expressive Business,Expressive Calm,Expressive Loud,Expressive Rugged,Expressive Sincere,Expressive Vintage,Quality Concept,Quality Drawing,Quality Spacing,Quality Wordspace,Slab Geometric	https://fonts.google.com/specimen/Battambang
Baumans	?	OFL (kiem lai METADATA.pb cua font do truoc khi dung)	Expressive Artistic,Expressive Business,Expressive Futuristic,Expressive Loud,Expressive Rugged,Expressive Sincere,Expressive Stiff,Expressive Vintage,Quality Concept,Quality Drawing,Quality Spacing,Quality Wordspace	https://fonts.google.com/specimen/Baumans
Bayon	?	OFL (kiem lai METADATA.pb cua font do truoc khi dung)	Expressive Calm,Expressive Loud,Expressive Rugged,Expressive Sincere,Expressive Stiff,Expressive Vintage,Quality Concept,Quality Drawing,Quality Spacing,Quality Wordspace,Sans Grotesque	https://fonts.google.com/specimen/Bayon
BBH Bartle	?	OFL (kiem lai METADATA.pb cua font do truoc khi dung)	Expressive Active,Expressive Awkward,Expressive Business,Expressive Excited,Expressive Futuristic,Expressive Loud,Expressive Rugged,Expressive Sincere,Expressive Vintage,Quality Concept,Quality Drawing,Quality Spacing	https://fonts.google.com/specimen/BBH+Bartle
BBH Bogle	?	OFL (kiem lai METADATA.pb cua font do truoc khi dung)	Expressive Active,Expressive Awkward,Expressive Business,Expressive Excited,Expressive Futuristic,Expressive Loud,Expressive Rugged,Expressive Sincere,Expressive Vintage,Quality Concept,Quality Drawing,Quality Spacing	https://fonts.google.com/specimen/BBH+Bogle
BBH Hegarty	?	OFL (kiem lai METADATA.pb cua font do truoc khi dung)	Expressive Active,Expressive Business,Expressive Excited,Expressive Happy,Expressive Loud,Expressive Rugged,Expressive Sincere,Expressive Vintage,Quality Concept,Quality Drawing,Quality Spacing,Quality Wordspace	https://fonts.google.com/specimen/BBH+Hegarty
Be Vietnam Pro	?	OFL (kiem lai METADATA.pb cua font do truoc khi dung)	Expressive Business,Expressive Calm,Expressive Competent,Expressive Loud,Expressive Rugged,Expressive Sincere,Expressive Vintage,Quality Concept,Quality Drawing,Quality Spacing,Quality Wordspace,Sans Neo Grotesque	https://fonts.google.com/specimen/Be+Vietnam+Pro
Beau Rivage	?	OFL (kiem lai METADATA.pb cua font do truoc khi dung)	Expressive Active,Expressive Artistic,Expressive Fancy,Expressive Happy,Expressive Sophisticated,Expressive Vintage,Quality Concept,Quality Drawing,Quality Spacing,Quality Wordspace,Script Formal	https://fonts.google.com/specimen/Beau+Rivage
Bebas Neue	?	OFL (kiem lai METADATA.pb cua font do truoc khi dung)	Expressive Business,Expressive Excited,Expressive Futuristic,Expressive Loud,Expressive Rugged,Expressive Sincere,Expressive Stiff,Expressive Vintage,Quality Concept,Quality Drawing,Quality Spacing,Quality Wordspace	https://fonts.google.com/specimen/Bebas+Neue
Beiruti	?	OFL (kiem lai METADATA.pb cua font do truoc khi dung)	Expressive Awkward,Expressive Business,Expressive Calm,Expressive Competent,Expressive Happy,Expressive Loud,Expressive Playful,Expressive Rugged,Expressive Stiff,Expressive Vintage,Quality Concept,Quality Drawing	https://fonts.google.com/specimen/Beiruti
Belanosima	?	OFL (kiem lai METADATA.pb cua font do truoc khi dung)	Expressive Business,Expressive Calm,Expressive Happy,Expressive Loud,Expressive Playful,Expressive Rugged,Expressive Sincere,Expressive Vintage,Quality Concept,Quality Drawing,Quality Spacing,Quality Wordspace	https://fonts.google.com/specimen/Belanosima
Belgrano	?	OFL (kiem lai METADATA.pb cua font do truoc khi dung)	Expressive Business,Expressive Calm,Expressive Loud,Expressive Rugged,Expressive Sincere,Expressive Vintage,Quality Concept,Quality Drawing,Quality Spacing,Quality Wordspace	https://fonts.google.com/specimen/Belgrano
Bellefair	?	OFL (kiem lai METADATA.pb cua font do truoc khi dung)	Expressive Business,Expressive Competent,Expressive Rugged,Expressive Sincere,Expressive Vintage,Quality Concept,Quality Drawing,Quality Spacing,Quality Wordspace,Seasonal Christmas,Serif Humanist Venetian,Serif Old Style Garalde	https://fonts.google.com/specimen/Bellefair
Belleza	?	OFL (kiem lai METADATA.pb cua font do truoc khi dung)	Expressive Business,Expressive Calm,Expressive Rugged,Expressive Sincere,Expressive Vintage,Quality Concept,Quality Drawing,Quality Spacing,Quality Wordspace,Sans Grotesque,Sans Humanist	https://fonts.google.com/specimen/Belleza
Bellota	?	OFL (kiem lai METADATA.pb cua font do truoc khi dung)	Expressive Business,Expressive Cute,Expressive Happy,Expressive Playful,Expressive Rugged,Expressive Sincere,Expressive Vintage,Quality Concept,Quality Drawing,Quality Spacing,Quality Wordspace,Sans Geometric	https://fonts.google.com/specimen/Bellota
Bellota Text	?	OFL (kiem lai METADATA.pb cua font do truoc khi dung)	Expressive Business,Expressive Calm,Expressive Rugged,Expressive Sincere,Expressive Vintage,Quality Concept,Quality Drawing,Quality Spacing,Quality Wordspace,Sans Geometric,Sans Humanist	https://fonts.google.com/specimen/Bellota+Text
BenchNine	?	OFL (kiem lai METADATA.pb cua font do truoc khi dung)	Expressive Active,Expressive Awkward,Expressive Business,Expressive Calm,Expressive Competent,Expressive Loud,Expressive Playful,Expressive Rugged,Expressive Sincere,Expressive Stiff,Expressive Vintage,Quality Concept	https://fonts.google.com/specimen/BenchNine
Benne	?	OFL (kiem lai METADATA.pb cua font do truoc khi dung)	Expressive Business,Expressive Competent,Expressive Rugged,Expressive Sincere,Expressive Vintage,Quality Concept,Quality Drawing,Quality Spacing,Quality Wordspace,Serif Old Style Garalde	https://fonts.google.com/specimen/Benne
Bentham	?	OFL (kiem lai METADATA.pb cua font do truoc khi dung)	Expressive Business,Expressive Loud,Expressive Rugged,Expressive Sincere,Expressive Vintage,Quality Concept,Quality Drawing,Quality Spacing,Quality Wordspace,Serif Modern	https://fonts.google.com/specimen/Bentham
Berkshire Swash	?	OFL (kiem lai METADATA.pb cua font do truoc khi dung)	Expressive Active,Expressive Awkward,Expressive Business,Expressive Cute,Expressive Excited,Expressive Happy,Expressive Innovative,Expressive Loud,Expressive Playful,Expressive Rugged,Expressive Sincere,Expressive Vintage	https://fonts.google.com/specimen/Berkshire+Swash
Besley	?	OFL (kiem lai METADATA.pb cua font do truoc khi dung)	Expressive Awkward,Expressive Business,Expressive Calm,Expressive Competent,Expressive Happy,Expressive Loud,Expressive Playful,Expressive Rugged,Expressive Sincere,Expressive Stiff,Expressive Vintage,Quality Concept	https://fonts.google.com/specimen/Besley
Betania Patmos	?	OFL (kiem lai METADATA.pb cua font do truoc khi dung)	Expressive Childlike,Expressive Cute,Expressive Loud,Expressive Playful,Expressive Rugged,Expressive Sincere,Expressive Vintage,Purpose Learn To Write,Quality Concept,Quality Drawing,Quality Spacing,Quality Wordspace	https://fonts.google.com/specimen/Betania+Patmos
Betania Patmos GDL	?	OFL (kiem lai METADATA.pb cua font do truoc khi dung)	Expressive Childlike,Expressive Cute,Expressive Loud,Expressive Playful,Expressive Rugged,Expressive Sincere,Expressive Vintage,Purpose Learn To Write,Quality Concept,Quality Drawing,Quality Spacing,Quality Wordspace	https://fonts.google.com/specimen/Betania+Patmos+GDL
Betania Patmos In	?	OFL (kiem lai METADATA.pb cua font do truoc khi dung)	Expressive Childlike,Expressive Cute,Expressive Loud,Expressive Playful,Expressive Rugged,Expressive Sincere,Expressive Vintage,Purpose Learn To Write,Quality Concept,Quality Drawing,Quality Spacing,Quality Wordspace	https://fonts.google.com/specimen/Betania+Patmos+In
Betania Patmos In GDL	?	OFL (kiem lai METADATA.pb cua font do truoc khi dung)	Expressive Childlike,Expressive Cute,Expressive Loud,Expressive Playful,Expressive Rugged,Expressive Sincere,Expressive Vintage,Purpose Learn To Write,Quality Concept,Quality Drawing,Quality Spacing,Quality Wordspace	https://fonts.google.com/specimen/Betania+Patmos+In+GDL
Beth Ellen	?	OFL (kiem lai METADATA.pb cua font do truoc khi dung)	Expressive Active,Expressive Artistic,Expressive Awkward,Expressive Excited,Expressive Happy,Expressive Loud,Expressive Playful,Expressive Rugged,Expressive Vintage,Quality Concept,Quality Drawing,Quality Spacing	https://fonts.google.com/specimen/Beth+Ellen
Bevan	?	OFL (kiem lai METADATA.pb cua font do truoc khi dung)	Expressive Business,Expressive Happy,Expressive Loud,Expressive Rugged,Expressive Stiff,Expressive Vintage,Quality Concept,Quality Drawing,Quality Spacing,Quality Wordspace,Serif Fat Face,Slab Geometric	https://fonts.google.com/specimen/Bevan
BhuTuka Expanded One	?	OFL (kiem lai METADATA.pb cua font do truoc khi dung)	Expressive Active,Expressive Awkward,Expressive Business,Expressive Cute,Expressive Futuristic,Expressive Happy,Expressive Innovative,Expressive Playful,Expressive Rugged,Expressive Stiff,Expressive Vintage,Quality Concept	https://fonts.google.com/specimen/BhuTuka+Expanded+One
Big Shoulders	?	OFL (kiem lai METADATA.pb cua font do truoc khi dung)	Expressive Active,Expressive Awkward,Expressive Business,Expressive Calm,Expressive Excited,Expressive Futuristic,Expressive Loud,Expressive Playful,Expressive Rugged,Expressive Stiff,Expressive Vintage,Quality Concept	https://fonts.google.com/specimen/Big+Shoulders
Big Shoulders Inline	?	OFL (kiem lai METADATA.pb cua font do truoc khi dung)	Expressive Active,Expressive Awkward,Expressive Business,Expressive Calm,Expressive Excited,Expressive Futuristic,Expressive Innovative,Expressive Loud,Expressive Playful,Expressive Rugged,Expressive Stiff,Expressive Vintage	https://fonts.google.com/specimen/Big+Shoulders+Inline
Big Shoulders Stencil	?	OFL (kiem lai METADATA.pb cua font do truoc khi dung)	Expressive Active,Expressive Awkward,Expressive Business,Expressive Excited,Expressive Futuristic,Expressive Innovative,Expressive Loud,Expressive Playful,Expressive Rugged,Expressive Stiff,Expressive Vintage,Quality Concept	https://fonts.google.com/specimen/Big+Shoulders+Stencil
Bigelow Rules	?	OFL (kiem lai METADATA.pb cua font do truoc khi dung)	Expressive Awkward,Expressive Cute,Expressive Excited,Expressive Happy,Expressive Playful,Expressive Rugged,Expressive Vintage,Quality Concept,Quality Drawing,Quality Spacing,Quality Wordspace,Serif Modern	https://fonts.google.com/specimen/Bigelow+Rules
Bigshot One	?	OFL (kiem lai METADATA.pb cua font do truoc khi dung)	Expressive Awkward,Expressive Loud,Expressive Rugged,Expressive Vintage,Quality Concept,Quality Drawing,Quality Spacing,Quality Wordspace,Serif Fat Face,Serif Scotch	https://fonts.google.com/specimen/Bigshot+One
Bilbo	?	OFL (kiem lai METADATA.pb cua font do truoc khi dung)	Expressive Active,Expressive Artistic,Expressive Awkward,Expressive Excited,Expressive Fancy,Expressive Happy,Expressive Sophisticated,Expressive Vintage,Quality Concept,Quality Drawing,Quality Spacing,Quality Wordspace	https://fonts.google.com/specimen/Bilbo
Bilbo Swash Caps	?	OFL (kiem lai METADATA.pb cua font do truoc khi dung)	Expressive Active,Expressive Artistic,Expressive Awkward,Expressive Excited,Expressive Fancy,Expressive Happy,Expressive Sophisticated,Expressive Vintage,Quality Concept,Quality Drawing,Quality Spacing,Quality Wordspace	https://fonts.google.com/specimen/Bilbo+Swash+Caps
BioRhyme	?	OFL (kiem lai METADATA.pb cua font do truoc khi dung)	wght@100,wght@125,Expressive Innovative,Expressive Playful,Expressive Stiff,Quality Concept,Quality Drawing,Quality Spacing,Quality Wordspace,Slab Geometric,Slab Humanist	https://fonts.google.com/specimen/BioRhyme
BioRhyme Expanded	?	OFL (kiem lai METADATA.pb cua font do truoc khi dung)	Expressive Awkward,Expressive Business,Expressive Cute,Expressive Excited,Expressive Futuristic,Expressive Happy,Expressive Innovative,Expressive Loud,Expressive Playful,Expressive Rugged,Expressive Stiff,Expressive Vintage	https://fonts.google.com/specimen/BioRhyme+Expanded
Birthstone	?	OFL (kiem lai METADATA.pb cua font do truoc khi dung)	Expressive Active,Expressive Artistic,Expressive Cute,Expressive Excited,Expressive Fancy,Expressive Happy,Expressive Playful,Expressive Sincere,Expressive Sophisticated,Expressive Vintage,Quality Concept,Quality Drawing	https://fonts.google.com/specimen/Birthstone
Birthstone Bounce	?	OFL (kiem lai METADATA.pb cua font do truoc khi dung)	Expressive Active,Expressive Artistic,Expressive Awkward,Expressive Excited,Expressive Happy,Expressive Playful,Expressive Sincere,Expressive Vintage,Quality Concept,Quality Drawing,Quality Spacing,Quality Wordspace	https://fonts.google.com/specimen/Birthstone+Bounce
Biryani	?	OFL (kiem lai METADATA.pb cua font do truoc khi dung)	Expressive Business,Expressive Calm,Expressive Competent,Expressive Loud,Expressive Rugged,Expressive Sincere,Expressive Stiff,Expressive Vintage,Quality Concept,Quality Drawing,Quality Spacing,Quality Wordspace	https://fonts.google.com/specimen/Biryani
Bitcount	?	OFL (kiem lai METADATA.pb cua font do truoc khi dung)	Expressive Artistic,Expressive Awkward,Expressive Excited,Expressive Futuristic,Expressive Innovative,Expressive Loud,Expressive Playful,Expressive Rugged,Expressive Stiff,Expressive Vintage,Quality Concept,Quality Drawing	https://fonts.google.com/specimen/Bitcount
Bitcount Grid Double	?	OFL (kiem lai METADATA.pb cua font do truoc khi dung)	Expressive Artistic,Expressive Awkward,Expressive Excited,Expressive Futuristic,Expressive Innovative,Expressive Loud,Expressive Playful,Expressive Rugged,Expressive Stiff,Expressive Vintage,Quality Concept,Quality Drawing	https://fonts.google.com/specimen/Bitcount+Grid+Double
Bitcount Grid Double Ink	?	OFL (kiem lai METADATA.pb cua font do truoc khi dung)	Expressive Artistic,Expressive Awkward,Expressive Excited,Expressive Futuristic,Expressive Happy,Expressive Innovative,Expressive Loud,Expressive Playful,Expressive Rugged,Expressive Stiff,Expressive Vintage,Quality Concept	https://fonts.google.com/specimen/Bitcount+Grid+Double+Ink
Bitcount Grid Single	?	OFL (kiem lai METADATA.pb cua font do truoc khi dung)	Expressive Artistic,Expressive Awkward,Expressive Excited,Expressive Futuristic,Expressive Innovative,Expressive Loud,Expressive Playful,Expressive Rugged,Expressive Stiff,Expressive Vintage,Quality Concept,Quality Drawing	https://fonts.google.com/specimen/Bitcount+Grid+Single
Bitcount Grid Single Ink	?	OFL (kiem lai METADATA.pb cua font do truoc khi dung)	Expressive Artistic,Expressive Awkward,Expressive Excited,Expressive Futuristic,Expressive Happy,Expressive Innovative,Expressive Loud,Expressive Playful,Expressive Rugged,Expressive Stiff,Expressive Vintage,Quality Concept	https://fonts.google.com/specimen/Bitcount+Grid+Single+Ink
Bitcount Ink	?	OFL (kiem lai METADATA.pb cua font do truoc khi dung)	Expressive Artistic,Expressive Awkward,Expressive Excited,Expressive Futuristic,Expressive Happy,Expressive Innovative,Expressive Loud,Expressive Playful,Expressive Rugged,Expressive Stiff,Expressive Vintage,Quality Concept	https://fonts.google.com/specimen/Bitcount+Ink
Bitcount Prop Double	?	OFL (kiem lai METADATA.pb cua font do truoc khi dung)	Expressive Artistic,Expressive Awkward,Expressive Excited,Expressive Futuristic,Expressive Innovative,Expressive Loud,Expressive Playful,Expressive Rugged,Expressive Stiff,Expressive Vintage,Quality Concept,Quality Drawing	https://fonts.google.com/specimen/Bitcount+Prop+Double
Bitcount Prop Double Ink	?	OFL (kiem lai METADATA.pb cua font do truoc khi dung)	Expressive Artistic,Expressive Awkward,Expressive Excited,Expressive Futuristic,Expressive Happy,Expressive Innovative,Expressive Loud,Expressive Playful,Expressive Rugged,Expressive Stiff,Expressive Vintage,Quality Concept	https://fonts.google.com/specimen/Bitcount+Prop+Double+Ink
Bitcount Prop Single	?	OFL (kiem lai METADATA.pb cua font do truoc khi dung)	Expressive Artistic,Expressive Awkward,Expressive Excited,Expressive Futuristic,Expressive Innovative,Expressive Loud,Expressive Playful,Expressive Rugged,Expressive Stiff,Expressive Vintage,Quality Concept,Quality Drawing	https://fonts.google.com/specimen/Bitcount+Prop+Single
Bitcount Prop Single Ink	?	OFL (kiem lai METADATA.pb cua font do truoc khi dung)	Expressive Artistic,Expressive Awkward,Expressive Excited,Expressive Futuristic,Expressive Happy,Expressive Innovative,Expressive Loud,Expressive Playful,Expressive Rugged,Expressive Stiff,Expressive Vintage,Quality Concept	https://fonts.google.com/specimen/Bitcount+Prop+Single+Ink
Bitcount Single	?	OFL (kiem lai METADATA.pb cua font do truoc khi dung)	Expressive Artistic,Expressive Awkward,Expressive Excited,Expressive Futuristic,Expressive Innovative,Expressive Loud,Expressive Playful,Expressive Rugged,Expressive Stiff,Expressive Vintage,Quality Concept,Quality Drawing	https://fonts.google.com/specimen/Bitcount+Single
Bitcount Single Ink	?	OFL (kiem lai METADATA.pb cua font do truoc khi dung)	Expressive Artistic,Expressive Awkward,Expressive Excited,Expressive Futuristic,Expressive Happy,Expressive Innovative,Expressive Loud,Expressive Playful,Expressive Rugged,Expressive Stiff,Expressive Vintage,Quality Concept	https://fonts.google.com/specimen/Bitcount+Single+Ink
Bitter	?	OFL (kiem lai METADATA.pb cua font do truoc khi dung)	Expressive Awkward,Expressive Business,Expressive Calm,Expressive Competent,Expressive Happy,Expressive Loud,Expressive Playful,Expressive Rugged,Expressive Sincere,Expressive Stiff,Expressive Vintage,Quality Concept	https://fonts.google.com/specimen/Bitter
BIZ UDGothic	?	OFL (kiem lai METADATA.pb cua font do truoc khi dung)	Expressive Active,Expressive Awkward,Expressive Business,Expressive Calm,Expressive Futuristic,Expressive Loud,Expressive Rugged,Expressive Sincere,Expressive Stiff,Expressive Vintage,Quality Concept,Quality Drawing	https://fonts.google.com/specimen/BIZ+UDGothic
BIZ UDMincho	?	OFL (kiem lai METADATA.pb cua font do truoc khi dung)	Expressive Active,Expressive Awkward,Expressive Business,Expressive Calm,Expressive Futuristic,Expressive Rugged,Expressive Stiff,Expressive Vintage,Quality Concept,Quality Drawing,Quality Spacing,Quality Wordspace	https://fonts.google.com/specimen/BIZ+UDMincho
BIZ UDPGothic	?	OFL (kiem lai METADATA.pb cua font do truoc khi dung)	Expressive Business,Expressive Calm,Expressive Loud,Expressive Rugged,Expressive Sincere,Expressive Stiff,Expressive Vintage,Quality Concept,Quality Drawing,Quality Spacing,Quality Wordspace	https://fonts.google.com/specimen/BIZ+UDPGothic
BIZ UDPMincho	?	OFL (kiem lai METADATA.pb cua font do truoc khi dung)	Expressive Business,Expressive Calm,Expressive Loud,Expressive Rugged,Expressive Sincere,Expressive Vintage,Quality Concept,Quality Drawing,Quality Spacing,Quality Wordspace	https://fonts.google.com/specimen/BIZ+UDPMincho
BJCree	?	OFL (kiem lai METADATA.pb cua font do truoc khi dung)	Expressive Business,Expressive Calm,Expressive Competent,Expressive Rugged,Expressive Sincere,Expressive Stiff,Quality Concept,Quality Drawing,Quality Spacing,Quality Wordspace,Sans Humanist	https://fonts.google.com/specimen/BJCree
Black And White Picture	?	OFL (kiem lai METADATA.pb cua font do truoc khi dung)	Expressive Active,Expressive Awkward,Expressive Cute,Expressive Excited,Expressive Happy,Expressive Innovative,Expressive Loud,Expressive Playful,Expressive Rugged,Expressive Sincere,Expressive Vintage,Quality Concept	https://fonts.google.com/specimen/Black+And+White+Picture
Black Han Sans	?	OFL (kiem lai METADATA.pb cua font do truoc khi dung)	Expressive Active,Expressive Business,Expressive Happy,Expressive Loud,Expressive Playful,Expressive Rugged,Expressive Sincere,Expressive Stiff,Expressive Vintage,Quality Concept,Quality Drawing,Quality Spacing	https://fonts.google.com/specimen/Black+Han+Sans
Black Ops One	?	OFL (kiem lai METADATA.pb cua font do truoc khi dung)	Expressive Active,Expressive Awkward,Expressive Business,Expressive Futuristic,Expressive Loud,Expressive Rugged,Expressive Sincere,Expressive Stiff,Expressive Vintage,Quality Concept,Quality Drawing,Quality Spacing	https://fonts.google.com/specimen/Black+Ops+One
Blaka	?	OFL (kiem lai METADATA.pb cua font do truoc khi dung)	Expressive Artistic,Expressive Awkward,Expressive Excited,Expressive Loud,Expressive Rugged,Expressive Sincere,Expressive Stiff,Expressive Vintage,Quality Concept,Quality Drawing,Quality Spacing,Quality Wordspace	https://fonts.google.com/specimen/Blaka
Blaka Hollow	?	OFL (kiem lai METADATA.pb cua font do truoc khi dung)	Expressive Artistic,Expressive Awkward,Expressive Excited,Expressive Innovative,Expressive Loud,Expressive Rugged,Expressive Sincere,Expressive Stiff,Expressive Vintage,Quality Concept,Quality Drawing,Quality Spacing	https://fonts.google.com/specimen/Blaka+Hollow
Blaka Ink	?	OFL (kiem lai METADATA.pb cua font do truoc khi dung)	Expressive Awkward,Expressive Excited,Expressive Futuristic,Expressive Innovative,Expressive Loud,Expressive Rugged,Expressive Sincere,Expressive Stiff,Expressive Vintage,Quality Concept,Quality Drawing,Quality Spacing	https://fonts.google.com/specimen/Blaka+Ink
Blinker	?	OFL (kiem lai METADATA.pb cua font do truoc khi dung)	Expressive Business,Expressive Calm,Expressive Futuristic,Expressive Loud,Expressive Rugged,Expressive Sincere,Expressive Stiff,Expressive Vintage,Quality Concept,Quality Drawing,Quality Spacing,Quality Wordspace	https://fonts.google.com/specimen/Blinker
Bodoni Moda	?	OFL (kiem lai METADATA.pb cua font do truoc khi dung)	Expressive Awkward,Expressive Business,Expressive Calm,Expressive Competent,Expressive Fancy,Expressive Loud,Expressive Playful,Expressive Rugged,Expressive Sincere,Expressive Stiff,Expressive Vintage,Quality Concept	https://fonts.google.com/specimen/Bodoni+Moda
Bodoni Moda SC	?	OFL (kiem lai METADATA.pb cua font do truoc khi dung)	Expressive Awkward,Expressive Business,Expressive Calm,Expressive Fancy,Expressive Loud,Expressive Playful,Expressive Rugged,Expressive Sincere,Expressive Stiff,Expressive Vintage,Quality Concept,Quality Drawing	https://fonts.google.com/specimen/Bodoni+Moda+SC
Bokor	?	OFL (kiem lai METADATA.pb cua font do truoc khi dung)	Expressive Artistic,Expressive Awkward,Expressive Innovative,Expressive Loud,Expressive Rugged,Expressive Stiff,Expressive Vintage,Quality Concept,Quality Drawing,Quality Spacing,Quality Wordspace	https://fonts.google.com/specimen/Bokor
Boldonse	?	OFL (kiem lai METADATA.pb cua font do truoc khi dung)	Expressive Awkward,Expressive Business,Expressive Cute,Expressive Futuristic,Expressive Happy,Expressive Innovative,Expressive Loud,Expressive Playful,Expressive Rugged,Expressive Stiff,Expressive Vintage,Quality Concept	https://fonts.google.com/specimen/Boldonse
Bona Nova	?	OFL (kiem lai METADATA.pb cua font do truoc khi dung)	Expressive Business,Expressive Calm,Expressive Competent,Expressive Loud,Expressive Rugged,Expressive Sincere,Expressive Vintage,Quality Concept,Quality Drawing,Quality Spacing,Quality Wordspace,Serif Humanist Venetian	https://fonts.google.com/specimen/Bona+Nova
Bona Nova SC	?	OFL (kiem lai METADATA.pb cua font do truoc khi dung)	Expressive Business,Expressive Calm,Expressive Loud,Expressive Rugged,Expressive Sincere,Expressive Vintage,Quality Concept,Quality Drawing,Quality Spacing,Quality Wordspace,Serif Humanist Venetian	https://fonts.google.com/specimen/Bona+Nova+SC
Bonbon	?	OFL (kiem lai METADATA.pb cua font do truoc khi dung)	Expressive Active,Expressive Artistic,Expressive Awkward,Expressive Cute,Expressive Excited,Expressive Happy,Expressive Innovative,Expressive Playful,Expressive Sincere,Expressive Vintage,Quality Concept,Quality Drawing	https://fonts.google.com/specimen/Bonbon
Bonheur Royale	?	OFL (kiem lai METADATA.pb cua font do truoc khi dung)	Expressive Active,Expressive Artistic,Expressive Awkward,Expressive Excited,Expressive Fancy,Expressive Happy,Expressive Sincere,Expressive Sophisticated,Expressive Vintage,Quality Concept,Quality Drawing,Quality Spacing	https://fonts.google.com/specimen/Bonheur+Royale
Boogaloo	?	OFL (kiem lai METADATA.pb cua font do truoc khi dung)	Expressive Active,Expressive Cute,Expressive Excited,Expressive Happy,Expressive Loud,Expressive Playful,Expressive Rugged,Expressive Sincere,Expressive Vintage,Quality Concept,Quality Drawing,Quality Spacing	https://fonts.google.com/specimen/Boogaloo
Borel	?	OFL (kiem lai METADATA.pb cua font do truoc khi dung)	Expressive Calm,Expressive Childlike,Expressive Cute,Expressive Happy,Expressive Loud,Expressive Playful,Expressive Rugged,Expressive Sincere,Expressive Vintage,Purpose Learn To Write,Quality Concept,Quality Drawing	https://fonts.google.com/specimen/Borel
Bowlby One	?	OFL (kiem lai METADATA.pb cua font do truoc khi dung)	Expressive Awkward,Expressive Business,Expressive Happy,Expressive Loud,Expressive Playful,Expressive Rugged,Expressive Stiff,Expressive Vintage,Quality Concept,Quality Drawing,Quality Spacing,Quality Wordspace	https://fonts.google.com/specimen/Bowlby+One
Bowlby One SC	?	OFL (kiem lai METADATA.pb cua font do truoc khi dung)	Expressive Business,Expressive Happy,Expressive Loud,Expressive Playful,Expressive Rugged,Expressive Stiff,Expressive Vintage,Quality Concept,Quality Drawing,Quality Spacing,Quality Wordspace,Sans Grotesque	https://fonts.google.com/specimen/Bowlby+One+SC
Bpmf Huninn	?	OFL (kiem lai METADATA.pb cua font do truoc khi dung)	Expressive Business,Expressive Calm,Expressive Competent,Expressive Loud,Expressive Playful,Expressive Rugged,Expressive Vintage,Quality Concept,Quality Drawing,Quality Spacing,Quality Wordspace,Sans Humanist	https://fonts.google.com/specimen/Bpmf+Huninn
Bpmf Iansui	?	OFL (kiem lai METADATA.pb cua font do truoc khi dung)	Expressive Active,Expressive Business,Expressive Childlike,Expressive Cute,Expressive Excited,Expressive Happy,Expressive Playful,Expressive Rugged,Expressive Vintage,Quality Concept,Quality Drawing,Quality Spacing	https://fonts.google.com/specimen/Bpmf+Iansui
Bpmf Zihi Kai Std	?	OFL (kiem lai METADATA.pb cua font do truoc khi dung)	Expressive Business,Expressive Competent,Expressive Rugged,Expressive Vintage,Quality Concept,Quality Drawing,Quality Spacing,Quality Wordspace,Seasonal Lunar New Year,Serif Transitional	https://fonts.google.com/specimen/Bpmf+Zihi+Kai+Std
Braah One	?	OFL (kiem lai METADATA.pb cua font do truoc khi dung)	Expressive Business,Expressive Happy,Expressive Loud,Expressive Playful,Expressive Rugged,Expressive Sincere,Expressive Vintage,Quality Concept,Quality Drawing,Quality Spacing,Quality Wordspace,Sans Geometric	https://fonts.google.com/specimen/Braah+One
Brawler	?	OFL (kiem lai METADATA.pb cua font do truoc khi dung)	Expressive Business,Expressive Competent,Expressive Loud,Expressive Rugged,Expressive Sincere,Expressive Vintage,Quality Concept,Quality Drawing,Quality Spacing,Quality Wordspace,Serif Old Style Garalde,Serif Scotch	https://fonts.google.com/specimen/Brawler
Bree Serif	?	OFL (kiem lai METADATA.pb cua font do truoc khi dung)	Expressive Business,Expressive Cute,Expressive Futuristic,Expressive Happy,Expressive Innovative,Expressive Loud,Expressive Rugged,Expressive Sincere,Expressive Stiff,Expressive Vintage,Quality Concept,Quality Drawing	https://fonts.google.com/specimen/Bree+Serif
Bricolage Grotesque	?	OFL (kiem lai METADATA.pb cua font do truoc khi dung)	wght@75,wght@100,Expressive Playful,Quality Concept,Quality Drawing,Quality Spacing,Quality Wordspace,Sans Neo Grotesque	https://fonts.google.com/specimen/Bricolage+Grotesque
Bruno Ace	?	OFL (kiem lai METADATA.pb cua font do truoc khi dung)	Expressive Active,Expressive Awkward,Expressive Futuristic,Expressive Loud,Expressive Rugged,Expressive Sincere,Expressive Stiff,Expressive Vintage,Quality Concept,Quality Drawing,Quality Spacing,Quality Wordspace	https://fonts.google.com/specimen/Bruno+Ace
Bruno Ace SC	?	OFL (kiem lai METADATA.pb cua font do truoc khi dung)	Expressive Active,Expressive Awkward,Expressive Futuristic,Expressive Loud,Expressive Rugged,Expressive Sincere,Expressive Stiff,Expressive Vintage,Quality Concept,Quality Drawing,Quality Spacing,Quality Wordspace	https://fonts.google.com/specimen/Bruno+Ace+SC
Brygada 1918	?	OFL (kiem lai METADATA.pb cua font do truoc khi dung)	Expressive Awkward,Expressive Business,Expressive Calm,Expressive Competent,Expressive Fancy,Expressive Loud,Expressive Playful,Expressive Rugged,Expressive Sincere,Expressive Stiff,Expressive Vintage,Quality Concept	https://fonts.google.com/specimen/Brygada+1918
Bubblegum Sans	?	OFL (kiem lai METADATA.pb cua font do truoc khi dung)	Expressive Active,Expressive Awkward,Expressive Cute,Expressive Excited,Expressive Happy,Expressive Innovative,Expressive Loud,Expressive Playful,Expressive Rugged,Expressive Vintage,Quality Concept,Quality Drawing	https://fonts.google.com/specimen/Bubblegum+Sans
Bubbler One	?	OFL (kiem lai METADATA.pb cua font do truoc khi dung)	Expressive Awkward,Expressive Calm,Expressive Happy,Expressive Playful,Expressive Rugged,Expressive Sincere,Expressive Vintage,Quality Concept,Quality Drawing,Quality Spacing,Quality Wordspace,Sans Humanist	https://fonts.google.com/specimen/Bubbler+One
Buda	?	OFL (kiem lai METADATA.pb cua font do truoc khi dung)	Expressive Awkward,Expressive Business,Expressive Loud,Expressive Playful,Expressive Rugged,Expressive Sincere,Expressive Vintage,Quality Concept,Quality Drawing,Quality Spacing,Quality Wordspace,Serif Humanist Venetian	https://fonts.google.com/specimen/Buda
Buenard	?	OFL (kiem lai METADATA.pb cua font do truoc khi dung)	Expressive Awkward,Expressive Business,Expressive Calm,Expressive Competent,Expressive Fancy,Expressive Loud,Expressive Playful,Expressive Rugged,Expressive Sincere,Expressive Stiff,Expressive Vintage,Quality Concept	https://fonts.google.com/specimen/Buenard
Bungee	?	OFL (kiem lai METADATA.pb cua font do truoc khi dung)	Expressive Active,Expressive Awkward,Expressive Business,Expressive Cute,Expressive Excited,Expressive Futuristic,Expressive Innovative,Expressive Loud,Expressive Playful,Expressive Rugged,Expressive Stiff,Expressive Vintage	https://fonts.google.com/specimen/Bungee
Bungee Hairline	?	OFL (kiem lai METADATA.pb cua font do truoc khi dung)	Expressive Active,Expressive Awkward,Expressive Business,Expressive Cute,Expressive Excited,Expressive Futuristic,Expressive Innovative,Expressive Playful,Expressive Rugged,Expressive Stiff,Expressive Vintage,Quality Concept	https://fonts.google.com/specimen/Bungee+Hairline
Bungee Inline	?	OFL (kiem lai METADATA.pb cua font do truoc khi dung)	Expressive Active,Expressive Awkward,Expressive Business,Expressive Cute,Expressive Excited,Expressive Futuristic,Expressive Innovative,Expressive Loud,Expressive Playful,Expressive Rugged,Expressive Stiff,Expressive Vintage	https://fonts.google.com/specimen/Bungee+Inline
Bungee Outline	?	OFL (kiem lai METADATA.pb cua font do truoc khi dung)	Expressive Active,Expressive Awkward,Expressive Business,Expressive Cute,Expressive Excited,Expressive Futuristic,Expressive Innovative,Expressive Playful,Expressive Rugged,Expressive Stiff,Expressive Vintage,Quality Concept	https://fonts.google.com/specimen/Bungee+Outline
Bungee Shade	?	OFL (kiem lai METADATA.pb cua font do truoc khi dung)	Expressive Active,Expressive Awkward,Expressive Business,Expressive Cute,Expressive Excited,Expressive Futuristic,Expressive Innovative,Expressive Loud,Expressive Playful,Expressive Rugged,Expressive Stiff,Expressive Vintage	https://fonts.google.com/specimen/Bungee+Shade
Bungee Spice	?	OFL (kiem lai METADATA.pb cua font do truoc khi dung)	Expressive Active,Expressive Awkward,Expressive Business,Expressive Cute,Expressive Excited,Expressive Futuristic,Expressive Innovative,Expressive Loud,Expressive Playful,Expressive Rugged,Expressive Stiff,Expressive Vintage	https://fonts.google.com/specimen/Bungee+Spice
Bungee Tint	?	OFL (kiem lai METADATA.pb cua font do truoc khi dung)	Expressive Active,Expressive Awkward,Expressive Business,Expressive Cute,Expressive Excited,Expressive Futuristic,Expressive Innovative,Expressive Loud,Expressive Playful,Expressive Rugged,Expressive Stiff,Expressive Vintage	https://fonts.google.com/specimen/Bungee+Tint
Butcherman	?	OFL (kiem lai METADATA.pb cua font do truoc khi dung)	Expressive Awkward,Expressive Innovative,Expressive Loud,Expressive Playful,Expressive Rugged,Expressive Sincere,Expressive Vintage,Quality Concept,Quality Drawing,Quality Spacing,Quality Wordspace,Seasonal Halloween	https://fonts.google.com/specimen/Butcherman
Butterfly Kids	?	OFL (kiem lai METADATA.pb cua font do truoc khi dung)	Expressive Awkward,Expressive Childlike,Expressive Cute,Expressive Excited,Expressive Happy,Expressive Playful,Expressive Rugged,Expressive Sincere,Expressive Vintage,Quality Concept,Quality Drawing,Quality Spacing	https://fonts.google.com/specimen/Butterfly+Kids
Bytesized	?	OFL (kiem lai METADATA.pb cua font do truoc khi dung)	Expressive Awkward,Expressive Futuristic,Expressive Loud,Expressive Playful,Expressive Rugged,Expressive Sincere,Expressive Stiff,Expressive Vintage,Monospace Monospace,Quality Concept,Quality Drawing,Quality Spacing	https://fonts.google.com/specimen/Bytesized
Cabin	?	OFL (kiem lai METADATA.pb cua font do truoc khi dung)	wght@75,wght@100,Expressive Playful,Quality Concept,Quality Drawing,Quality Spacing,Quality Wordspace,Sans Humanist	https://fonts.google.com/specimen/Cabin
Cabin Condensed	?	OFL (kiem lai METADATA.pb cua font do truoc khi dung)	Expressive Business,Expressive Calm,Expressive Competent,Expressive Loud,Expressive Rugged,Expressive Sincere,Expressive Vintage,Quality Concept,Quality Drawing,Quality Spacing,Quality Wordspace,Sans Humanist	https://fonts.google.com/specimen/Cabin+Condensed
Cabin Sketch	?	OFL (kiem lai METADATA.pb cua font do truoc khi dung)	Expressive Artistic,Expressive Awkward,Expressive Business,Expressive Innovative,Expressive Loud,Expressive Playful,Expressive Rugged,Expressive Sincere,Expressive Vintage,Quality Concept,Quality Drawing,Quality Spacing	https://fonts.google.com/specimen/Cabin+Sketch
Cactus Classical Serif	?	OFL (kiem lai METADATA.pb cua font do truoc khi dung)	Expressive Business,Expressive Competent,Expressive Loud,Expressive Rugged,Expressive Sincere,Expressive Vintage,Quality Concept,Quality Drawing,Quality Spacing,Quality Wordspace,Serif Modern	https://fonts.google.com/specimen/Cactus+Classical+Serif
Caesar Dressing	?	OFL (kiem lai METADATA.pb cua font do truoc khi dung)	Expressive Awkward,Expressive Innovative,Expressive Loud,Expressive Playful,Expressive Rugged,Expressive Sincere,Expressive Vintage,Quality Concept,Quality Drawing,Quality Spacing,Quality Wordspace,Script Handwritten	https://fonts.google.com/specimen/Caesar+Dressing
Cagliostro	?	OFL (kiem lai METADATA.pb cua font do truoc khi dung)	Expressive Awkward,Expressive Business,Expressive Calm,Expressive Happy,Expressive Loud,Expressive Playful,Expressive Rugged,Expressive Sincere,Expressive Vintage,Quality Concept,Quality Drawing,Quality Spacing	https://fonts.google.com/specimen/Cagliostro
Cairo	?	OFL (kiem lai METADATA.pb cua font do truoc khi dung)	Expressive Awkward,Expressive Calm,Expressive Competent,Expressive Futuristic,Expressive Loud,Expressive Playful,Expressive Rugged,Expressive Stiff,Expressive Vintage,Quality Concept,Quality Drawing,Quality Spacing	https://fonts.google.com/specimen/Cairo
Cairo Play	?	OFL (kiem lai METADATA.pb cua font do truoc khi dung)	Expressive Awkward,Expressive Futuristic,Expressive Loud,Expressive Playful,Expressive Rugged,Expressive Stiff,Quality Concept,Quality Drawing,Quality Spacing,Quality Wordspace,Sans Geometric,Sans Humanist	https://fonts.google.com/specimen/Cairo+Play
Cal Sans	?	OFL (kiem lai METADATA.pb cua font do truoc khi dung)	Expressive Business,Expressive Calm,Expressive Excited,Expressive Loud,Expressive Rugged,Expressive Sincere,Expressive Stiff,Expressive Vintage,Quality Concept,Quality Drawing,Quality Spacing,Quality Wordspace	https://fonts.google.com/specimen/Cal+Sans
Caladea	?	OFL (kiem lai METADATA.pb cua font do truoc khi dung)	Expressive Business,Expressive Competent,Expressive Loud,Expressive Rugged,Expressive Sincere,Expressive Stiff,Expressive Vintage,Quality Concept,Quality Drawing,Quality Spacing,Quality Wordspace,Serif Modern	https://fonts.google.com/specimen/Caladea
Calistoga	?	OFL (kiem lai METADATA.pb cua font do truoc khi dung)	Expressive Active,Expressive Business,Expressive Cute,Expressive Excited,Expressive Happy,Expressive Loud,Expressive Playful,Expressive Rugged,Expressive Sincere,Expressive Stiff,Expressive Vintage,Quality Concept	https://fonts.google.com/specimen/Calistoga
Calligraffitti	?	OFL (kiem lai METADATA.pb cua font do truoc khi dung)	Expressive Active,Expressive Artistic,Expressive Awkward,Expressive Childlike,Expressive Excited,Expressive Happy,Expressive Playful,Expressive Sincere,Expressive Vintage,Quality Concept,Quality Drawing,Quality Spacing	https://fonts.google.com/specimen/Calligraffitti
Cambay	?	OFL (kiem lai METADATA.pb cua font do truoc khi dung)	Expressive Business,Expressive Calm,Expressive Loud,Expressive Rugged,Expressive Sincere,Expressive Stiff,Expressive Vintage,Quality Concept,Quality Drawing,Quality Spacing,Quality Wordspace,Sans Humanist	https://fonts.google.com/specimen/Cambay
Cambo	?	OFL (kiem lai METADATA.pb cua font do truoc khi dung)	Expressive Business,Expressive Competent,Expressive Loud,Expressive Rugged,Expressive Sincere,Expressive Vintage,Quality Concept,Quality Drawing,Quality Spacing,Quality Wordspace,Serif Modern	https://fonts.google.com/specimen/Cambo
Candal	?	OFL (kiem lai METADATA.pb cua font do truoc khi dung)	Expressive Active,Expressive Business,Expressive Calm,Expressive Loud,Expressive Playful,Expressive Rugged,Expressive Stiff,Expressive Vintage,Quality Concept,Quality Drawing,Quality Spacing,Quality Wordspace	https://fonts.google.com/specimen/Candal
Cantarell	?	OFL (kiem lai METADATA.pb cua font do truoc khi dung)	Expressive Business,Expressive Calm,Expressive Competent,Expressive Loud,Expressive Rugged,Expressive Sincere,Expressive Stiff,Expressive Vintage,Quality Concept,Quality Drawing,Quality Spacing,Quality Wordspace	https://fonts.google.com/specimen/Cantarell
Cantata One	?	OFL (kiem lai METADATA.pb cua font do truoc khi dung)	Expressive Business,Expressive Competent,Expressive Loud,Expressive Rugged,Expressive Sincere,Expressive Vintage,Quality Concept,Quality Drawing,Quality Spacing,Quality Wordspace,Serif Modern	https://fonts.google.com/specimen/Cantata+One
Cantora One	?	OFL (kiem lai METADATA.pb cua font do truoc khi dung)	Expressive Active,Expressive Business,Expressive Loud,Expressive Playful,Expressive Rugged,Expressive Sincere,Expressive Stiff,Expressive Vintage,Quality Concept,Quality Drawing,Quality Spacing,Quality Wordspace	https://fonts.google.com/specimen/Cantora+One
Caprasimo	?	OFL (kiem lai METADATA.pb cua font do truoc khi dung)	Expressive Active,Expressive Business,Expressive Cute,Expressive Excited,Expressive Happy,Expressive Loud,Expressive Playful,Expressive Rugged,Expressive Sincere,Expressive Vintage,Quality Concept,Quality Drawing	https://fonts.google.com/specimen/Caprasimo
Capriola	?	OFL (kiem lai METADATA.pb cua font do truoc khi dung)	Expressive Active,Expressive Awkward,Expressive Business,Expressive Calm,Expressive Cute,Expressive Excited,Expressive Futuristic,Expressive Happy,Expressive Loud,Expressive Playful,Expressive Rugged,Expressive Sincere	https://fonts.google.com/specimen/Capriola
Caramel	?	OFL (kiem lai METADATA.pb cua font do truoc khi dung)	Expressive Active,Expressive Artistic,Expressive Excited,Expressive Fancy,Expressive Happy,Expressive Playful,Expressive Sincere,Expressive Sophisticated,Expressive Vintage,Quality Concept,Quality Drawing,Quality Spacing	https://fonts.google.com/specimen/Caramel
Carattere	?	OFL (kiem lai METADATA.pb cua font do truoc khi dung)	Expressive Active,Expressive Artistic,Expressive Awkward,Expressive Excited,Expressive Fancy,Expressive Happy,Expressive Sincere,Expressive Sophisticated,Expressive Vintage,Quality Concept,Quality Drawing,Quality Spacing	https://fonts.google.com/specimen/Carattere
Cardo	?	OFL (kiem lai METADATA.pb cua font do truoc khi dung)	Expressive Business,Expressive Competent,Expressive Loud,Expressive Rugged,Expressive Sincere,Expressive Vintage,Quality Concept,Quality Drawing,Quality Spacing,Quality Wordspace,Serif Old Style Garalde	https://fonts.google.com/specimen/Cardo
Carlito	?	OFL (kiem lai METADATA.pb cua font do truoc khi dung)	Expressive Business,Expressive Calm,Expressive Competent,Expressive Loud,Expressive Rugged,Expressive Sincere,Expressive Vintage,Quality Concept,Quality Drawing,Quality Spacing,Quality Wordspace,Sans Humanist	https://fonts.google.com/specimen/Carlito
Carme	?	OFL (kiem lai METADATA.pb cua font do truoc khi dung)	Expressive Business,Expressive Calm,Expressive Loud,Expressive Rugged,Expressive Sincere,Expressive Vintage,Quality Concept,Quality Drawing,Quality Spacing,Quality Wordspace,Sans Humanist,Sans Neo Grotesque	https://fonts.google.com/specimen/Carme
Carrois Gothic	?	OFL (kiem lai METADATA.pb cua font do truoc khi dung)	Expressive Business,Expressive Calm,Expressive Competent,Expressive Loud,Expressive Rugged,Expressive Stiff,Expressive Vintage,Quality Concept,Quality Drawing,Quality Spacing,Quality Wordspace,Sans Neo Grotesque	https://fonts.google.com/specimen/Carrois+Gothic
Carrois Gothic SC	?	OFL (kiem lai METADATA.pb cua font do truoc khi dung)	Expressive Business,Expressive Calm,Expressive Loud,Expressive Rugged,Expressive Stiff,Expressive Vintage,Quality Concept,Quality Drawing,Quality Spacing,Quality Wordspace,Sans Neo Grotesque	https://fonts.google.com/specimen/Carrois+Gothic+SC
Carter One	?	OFL (kiem lai METADATA.pb cua font do truoc khi dung)	Expressive Active,Expressive Awkward,Expressive Business,Expressive Excited,Expressive Happy,Expressive Loud,Expressive Playful,Expressive Rugged,Expressive Sincere,Expressive Vintage,Quality Concept,Quality Drawing	https://fonts.google.com/specimen/Carter+One
Cascadia Code	?	OFL (kiem lai METADATA.pb cua font do truoc khi dung)	Expressive Awkward,Expressive Calm,Expressive Competent,Expressive Futuristic,Expressive Loud,Expressive Playful,Expressive Rugged,Expressive Stiff,Expressive Vintage,Monospace Monospace,Quality Concept,Quality Drawing	https://fonts.google.com/specimen/Cascadia+Code
Cascadia Mono	?	OFL (kiem lai METADATA.pb cua font do truoc khi dung)	Expressive Awkward,Expressive Calm,Expressive Competent,Expressive Futuristic,Expressive Loud,Expressive Playful,Expressive Rugged,Expressive Stiff,Expressive Vintage,Monospace Monospace,Quality Concept,Quality Drawing	https://fonts.google.com/specimen/Cascadia+Mono
Castoro	?	OFL (kiem lai METADATA.pb cua font do truoc khi dung)	Expressive Business,Expressive Competent,Expressive Loud,Expressive Rugged,Expressive Sincere,Expressive Vintage,Quality Concept,Quality Drawing,Quality Spacing,Quality Wordspace,Serif Old Style Garalde,Serif Transitional	https://fonts.google.com/specimen/Castoro
Castoro Titling	?	OFL (kiem lai METADATA.pb cua font do truoc khi dung)	Expressive Calm,Expressive Loud,Expressive Rugged,Expressive Sincere,Expressive Vintage,Quality Concept,Quality Drawing,Quality Spacing,Quality Wordspace,Serif Old Style Garalde,Serif Transitional	https://fonts.google.com/specimen/Castoro+Titling
Catamaran	?	OFL (kiem lai METADATA.pb cua font do truoc khi dung)	Expressive Awkward,Expressive Business,Expressive Calm,Expressive Competent,Expressive Happy,Expressive Loud,Expressive Playful,Expressive Rugged,Expressive Stiff,Expressive Vintage,Quality Concept,Quality Drawing	https://fonts.google.com/specimen/Catamaran
Caudex	?	OFL (kiem lai METADATA.pb cua font do truoc khi dung)	Expressive Business,Expressive Loud,Expressive Playful,Expressive Rugged,Expressive Sincere,Expressive Vintage,Quality Concept,Quality Drawing,Quality Spacing,Quality Wordspace,Script Handwritten,Script Upright Script	https://fonts.google.com/specimen/Caudex
Cause	?	OFL (kiem lai METADATA.pb cua font do truoc khi dung)	Expressive Awkward,Expressive Calm,Expressive Childlike,Expressive Competent,Expressive Cute,Expressive Excited,Expressive Happy,Expressive Loud,Expressive Playful,Expressive Sincere,Expressive Stiff,Quality Concept	https://fonts.google.com/specimen/Cause
Caveat	?	OFL (kiem lai METADATA.pb cua font do truoc khi dung)	Expressive Active,Expressive Artistic,Expressive Awkward,Expressive Calm,Expressive Childlike,Expressive Competent,Expressive Cute,Expressive Excited,Expressive Happy,Expressive Playful,Expressive Rugged,Expressive Sincere	https://fonts.google.com/specimen/Caveat
Caveat Brush	?	OFL (kiem lai METADATA.pb cua font do truoc khi dung)	Expressive Artistic,Expressive Awkward,Expressive Childlike,Expressive Cute,Expressive Excited,Expressive Happy,Expressive Loud,Expressive Playful,Expressive Rugged,Expressive Sincere,Expressive Vintage,Quality Concept	https://fonts.google.com/specimen/Caveat+Brush
Cedarville Cursive	?	OFL (kiem lai METADATA.pb cua font do truoc khi dung)	Expressive Active,Expressive Artistic,Expressive Awkward,Expressive Childlike,Expressive Excited,Expressive Happy,Expressive Playful,Expressive Sincere,Expressive Vintage,Quality Concept,Quality Drawing,Quality Spacing	https://fonts.google.com/specimen/Cedarville+Cursive
Ceviche One	?	OFL (kiem lai METADATA.pb cua font do truoc khi dung)	Expressive Active,Expressive Awkward,Expressive Cute,Expressive Excited,Expressive Happy,Expressive Loud,Expressive Playful,Expressive Rugged,Expressive Vintage,Quality Concept,Quality Drawing,Quality Spacing	https://fonts.google.com/specimen/Ceviche+One
Chakra Petch	?	OFL (kiem lai METADATA.pb cua font do truoc khi dung)	Expressive Active,Expressive Awkward,Expressive Business,Expressive Calm,Expressive Futuristic,Expressive Loud,Expressive Rugged,Expressive Stiff,Expressive Vintage,Quality Concept,Quality Drawing,Quality Spacing	https://fonts.google.com/specimen/Chakra+Petch
Changa	?	OFL (kiem lai METADATA.pb cua font do truoc khi dung)	Expressive Awkward,Expressive Calm,Expressive Competent,Expressive Futuristic,Expressive Loud,Expressive Playful,Expressive Rugged,Expressive Stiff,Expressive Vintage,Quality Concept,Quality Drawing,Quality Spacing	https://fonts.google.com/specimen/Changa
Changa One	?	OFL (kiem lai METADATA.pb cua font do truoc khi dung)	Expressive Awkward,Expressive Business,Expressive Calm,Expressive Cute,Expressive Futuristic,Expressive Happy,Expressive Loud,Expressive Playful,Expressive Rugged,Expressive Sincere,Expressive Stiff,Expressive Vintage	https://fonts.google.com/specimen/Changa+One
Chango	?	OFL (kiem lai METADATA.pb cua font do truoc khi dung)	Expressive Artistic,Expressive Awkward,Expressive Business,Expressive Cute,Expressive Happy,Expressive Innovative,Expressive Loud,Expressive Playful,Expressive Rugged,Expressive Stiff,Expressive Vintage,Quality Concept	https://fonts.google.com/specimen/Chango
Charis SIL	?	OFL (kiem lai METADATA.pb cua font do truoc khi dung)	Expressive Business,Expressive Calm,Expressive Competent,Expressive Loud,Expressive Rugged,Expressive Sincere,Expressive Vintage,Quality Concept,Quality Drawing,Quality Spacing,Quality Wordspace,Serif Transitional	https://fonts.google.com/specimen/Charis+SIL
Charm	?	OFL (kiem lai METADATA.pb cua font do truoc khi dung)	Expressive Active,Expressive Artistic,Expressive Fancy,Expressive Happy,Expressive Rugged,Expressive Sophisticated,Expressive Vintage,Quality Concept,Quality Drawing,Quality Spacing,Quality Wordspace,Script Formal	https://fonts.google.com/specimen/Charm
Charmonman	?	OFL (kiem lai METADATA.pb cua font do truoc khi dung)	Expressive Artistic,Expressive Awkward,Expressive Cute,Expressive Excited,Expressive Fancy,Expressive Playful,Expressive Rugged,Expressive Sincere,Expressive Sophisticated,Expressive Vintage,Quality Concept,Quality Drawing	https://fonts.google.com/specimen/Charmonman
Chathura	?	OFL (kiem lai METADATA.pb cua font do truoc khi dung)	Expressive Calm,Expressive Futuristic,Expressive Rugged,Expressive Stiff,Expressive Vintage,Quality Concept,Quality Drawing,Quality Spacing,Quality Wordspace,Sans Geometric,Sans Superellipse,Theme Techno	https://fonts.google.com/specimen/Chathura
Chau Philomene One	?	OFL (kiem lai METADATA.pb cua font do truoc khi dung)	Expressive Business,Expressive Calm,Expressive Loud,Expressive Playful,Expressive Rugged,Expressive Stiff,Expressive Vintage,Quality Concept,Quality Drawing,Quality Spacing,Quality Wordspace,Sans Neo Grotesque	https://fonts.google.com/specimen/Chau+Philomene+One
Chela One	?	OFL (kiem lai METADATA.pb cua font do truoc khi dung)	Expressive Business,Expressive Excited,Expressive Loud,Expressive Playful,Expressive Rugged,Expressive Vintage,Quality Concept,Quality Drawing,Quality Spacing,Quality Wordspace,Theme Brush	https://fonts.google.com/specimen/Chela+One
Chelsea Market	?	OFL (kiem lai METADATA.pb cua font do truoc khi dung)	Expressive Active,Expressive Awkward,Expressive Business,Expressive Happy,Expressive Innovative,Expressive Loud,Expressive Playful,Expressive Rugged,Expressive Sincere,Expressive Vintage,Quality Concept,Quality Drawing	https://fonts.google.com/specimen/Chelsea+Market
Chenla	?	OFL (kiem lai METADATA.pb cua font do truoc khi dung)	Expressive Calm,Expressive Loud,Expressive Rugged,Expressive Sincere,Expressive Vintage,Quality Concept,Quality Drawing,Quality Spacing,Quality Wordspace	https://fonts.google.com/specimen/Chenla
Cherish	?	OFL (kiem lai METADATA.pb cua font do truoc khi dung)	Expressive Artistic,Expressive Awkward,Expressive Excited,Expressive Fancy,Expressive Happy,Expressive Sophisticated,Expressive Vintage,Quality Concept,Quality Drawing,Quality Spacing,Quality Wordspace,Script Formal	https://fonts.google.com/specimen/Cherish
Cherry Bomb One	?	OFL (kiem lai METADATA.pb cua font do truoc khi dung)	Expressive Active,Expressive Awkward,Expressive Cute,Expressive Excited,Expressive Happy,Expressive Innovative,Expressive Loud,Expressive Playful,Expressive Rugged,Expressive Sincere,Expressive Vintage,Quality Concept	https://fonts.google.com/specimen/Cherry+Bomb+One
Cherry Cream Soda	?	OFL (kiem lai METADATA.pb cua font do truoc khi dung)	Expressive Active,Expressive Awkward,Expressive Cute,Expressive Happy,Expressive Loud,Expressive Playful,Expressive Rugged,Expressive Vintage,Quality Concept,Quality Drawing,Quality Spacing,Quality Wordspace	https://fonts.google.com/specimen/Cherry+Cream+Soda
Cherry Swash	?	OFL (kiem lai METADATA.pb cua font do truoc khi dung)	Expressive Business,Expressive Happy,Expressive Loud,Expressive Playful,Expressive Rugged,Expressive Vintage,Quality Concept,Quality Drawing,Quality Spacing,Quality Wordspace,Slab Humanist	https://fonts.google.com/specimen/Cherry+Swash
Chewy	?	OFL (kiem lai METADATA.pb cua font do truoc khi dung)	Expressive Active,Expressive Awkward,Expressive Childlike,Expressive Cute,Expressive Excited,Expressive Happy,Expressive Loud,Expressive Playful,Expressive Rugged,Expressive Sincere,Expressive Vintage,Quality Concept	https://fonts.google.com/specimen/Chewy
Chicle	?	OFL (kiem lai METADATA.pb cua font do truoc khi dung)	Expressive Active,Expressive Awkward,Expressive Cute,Expressive Excited,Expressive Happy,Expressive Loud,Expressive Playful,Expressive Rugged,Expressive Vintage,Quality Concept,Quality Drawing,Quality Spacing	https://fonts.google.com/specimen/Chicle
Chilanka	?	OFL (kiem lai METADATA.pb cua font do truoc khi dung)	Expressive Active,Expressive Awkward,Expressive Childlike,Expressive Cute,Expressive Excited,Expressive Happy,Expressive Playful,Expressive Rugged,Expressive Sincere,Expressive Vintage,Quality Concept,Quality Drawing	https://fonts.google.com/specimen/Chilanka
Chiron GoRound TC	?	OFL (kiem lai METADATA.pb cua font do truoc khi dung)	Expressive Awkward,Expressive Business,Expressive Calm,Expressive Competent,Expressive Happy,Expressive Loud,Expressive Playful,Expressive Rugged,Expressive Vintage,Quality Concept,Quality Drawing,Quality Spacing	https://fonts.google.com/specimen/Chiron+GoRound+TC
Chiron Hei HK	?	OFL (kiem lai METADATA.pb cua font do truoc khi dung)	Expressive Awkward,Expressive Business,Expressive Calm,Expressive Competent,Expressive Happy,Expressive Loud,Expressive Playful,Expressive Rugged,Expressive Vintage,Quality Concept,Quality Drawing,Quality Spacing	https://fonts.google.com/specimen/Chiron+Hei+HK
Chiron Sung HK	?	OFL (kiem lai METADATA.pb cua font do truoc khi dung)	Expressive Awkward,Expressive Business,Expressive Calm,Expressive Competent,Expressive Fancy,Expressive Loud,Expressive Playful,Expressive Rugged,Expressive Vintage,Quality Concept,Quality Drawing,Quality Spacing	https://fonts.google.com/specimen/Chiron+Sung+HK
Chivo	?	OFL (kiem lai METADATA.pb cua font do truoc khi dung)	Expressive Awkward,Expressive Business,Expressive Calm,Expressive Competent,Expressive Happy,Expressive Loud,Expressive Playful,Expressive Rugged,Expressive Vintage,Quality Concept,Quality Drawing,Quality Spacing	https://fonts.google.com/specimen/Chivo
Chivo Mono	?	OFL (kiem lai METADATA.pb cua font do truoc khi dung)	Expressive Awkward,Expressive Business,Expressive Calm,Expressive Competent,Expressive Futuristic,Expressive Loud,Expressive Playful,Expressive Rugged,Expressive Stiff,Expressive Vintage,Monospace Monospace,Quality Concept	https://fonts.google.com/specimen/Chivo+Mono
Chocolate Classical Sans	?	OFL (kiem lai METADATA.pb cua font do truoc khi dung)	Expressive Business,Expressive Calm,Expressive Competent,Expressive Loud,Expressive Rugged,Expressive Sincere,Expressive Vintage,Quality Concept,Quality Drawing,Quality Spacing,Quality Wordspace,Sans Humanist	https://fonts.google.com/specimen/Chocolate+Classical+Sans
Chokokutai	?	OFL (kiem lai METADATA.pb cua font do truoc khi dung)	Expressive Active,Expressive Awkward,Expressive Excited,Expressive Futuristic,Expressive Innovative,Expressive Loud,Expressive Playful,Expressive Rugged,Expressive Stiff,Expressive Vintage,Quality Concept,Quality Drawing	https://fonts.google.com/specimen/Chokokutai
Chonburi	?	OFL (kiem lai METADATA.pb cua font do truoc khi dung)	Expressive Happy,Expressive Loud,Expressive Rugged,Expressive Vintage,Quality Concept,Quality Drawing,Quality Spacing,Quality Wordspace,Serif Modern	https://fonts.google.com/specimen/Chonburi
Cinzel	?	OFL (kiem lai METADATA.pb cua font do truoc khi dung)	Expressive Artistic,Expressive Awkward,Expressive Calm,Expressive Competent,Expressive Fancy,Expressive Loud,Expressive Playful,Expressive Rugged,Expressive Sincere,Expressive Vintage,Quality Concept,Quality Drawing	https://fonts.google.com/specimen/Cinzel
Cinzel Decorative	?	OFL (kiem lai METADATA.pb cua font do truoc khi dung)	Expressive Artistic,Expressive Awkward,Expressive Rugged,Expressive Sincere,Expressive Vintage,Quality Concept,Quality Drawing,Quality Spacing,Quality Wordspace,Serif Old Style Garalde,Theme Medieval	https://fonts.google.com/specimen/Cinzel+Decorative
Clicker Script	?	OFL (kiem lai METADATA.pb cua font do truoc khi dung)	Expressive Active,Expressive Artistic,Expressive Awkward,Expressive Cute,Expressive Excited,Expressive Fancy,Expressive Happy,Expressive Playful,Expressive Vintage,Quality Concept,Quality Drawing,Quality Spacing	https://fonts.google.com/specimen/Clicker+Script
Climate Crisis	?	OFL (kiem lai METADATA.pb cua font do truoc khi dung)	Expressive Active,Expressive Awkward,Expressive Business,Expressive Cute,Expressive Futuristic,Expressive Happy,Expressive Innovative,Expressive Loud,Expressive Playful,Expressive Rugged,Expressive Stiff,Expressive Vintage	https://fonts.google.com/specimen/Climate+Crisis
Coda	?	OFL (kiem lai METADATA.pb cua font do truoc khi dung)	Expressive Active,Expressive Business,Expressive Calm,Expressive Futuristic,Expressive Loud,Expressive Rugged,Expressive Stiff,Expressive Vintage,Quality Concept,Quality Drawing,Quality Spacing,Quality Wordspace	https://fonts.google.com/specimen/Coda
Codystar	?	OFL (kiem lai METADATA.pb cua font do truoc khi dung)	Expressive Awkward,Expressive Cute,Expressive Excited,Expressive Happy,Expressive Innovative,Expressive Playful,Expressive Rugged,Expressive Vintage,Quality Concept,Quality Drawing,Quality Spacing,Quality Wordspace	https://fonts.google.com/specimen/Codystar
Coiny	?	OFL (kiem lai METADATA.pb cua font do truoc khi dung)	Expressive Awkward,Expressive Cute,Expressive Excited,Expressive Futuristic,Expressive Happy,Expressive Loud,Expressive Playful,Expressive Rugged,Expressive Sincere,Expressive Vintage,Quality Concept,Quality Drawing	https://fonts.google.com/specimen/Coiny
Combo	?	OFL (kiem lai METADATA.pb cua font do truoc khi dung)	Expressive Active,Expressive Awkward,Expressive Cute,Expressive Excited,Expressive Happy,Expressive Playful,Expressive Rugged,Expressive Vintage,Quality Concept,Quality Drawing,Quality Spacing,Quality Wordspace	https://fonts.google.com/specimen/Combo
Comfortaa	?	OFL (kiem lai METADATA.pb cua font do truoc khi dung)	Expressive Awkward,Expressive Business,Expressive Calm,Expressive Competent,Expressive Cute,Expressive Happy,Expressive Loud,Expressive Playful,Expressive Rugged,Expressive Vintage,Quality Concept,Quality Drawing	https://fonts.google.com/specimen/Comfortaa
Comforter	?	OFL (kiem lai METADATA.pb cua font do truoc khi dung)	Expressive Artistic,Expressive Awkward,Expressive Excited,Expressive Happy,Expressive Playful,Expressive Vintage,Quality Concept,Quality Drawing,Quality Spacing,Quality Wordspace,Script Handwritten,Script Informal	https://fonts.google.com/specimen/Comforter
Comforter Brush	?	OFL (kiem lai METADATA.pb cua font do truoc khi dung)	Expressive Artistic,Expressive Awkward,Expressive Excited,Expressive Happy,Expressive Playful,Expressive Vintage,Quality Concept,Quality Drawing,Quality Spacing,Quality Wordspace,Script Handwritten,Script Informal	https://fonts.google.com/specimen/Comforter+Brush
Comic Neue	?	OFL (kiem lai METADATA.pb cua font do truoc khi dung)	Expressive Calm,Expressive Childlike,Expressive Cute,Expressive Happy,Expressive Playful,Expressive Rugged,Expressive Sincere,Expressive Vintage,Quality Concept,Quality Drawing,Quality Spacing,Quality Wordspace	https://fonts.google.com/specimen/Comic+Neue
Comic Relief	?	OFL (kiem lai METADATA.pb cua font do truoc khi dung)	Expressive Awkward,Expressive Calm,Expressive Childlike,Expressive Cute,Expressive Excited,Expressive Happy,Expressive Loud,Expressive Playful,Expressive Rugged,Expressive Sincere,Expressive Vintage,Quality Concept	https://fonts.google.com/specimen/Comic+Relief
Coming Soon	?	OFL (kiem lai METADATA.pb cua font do truoc khi dung)	Expressive Awkward,Expressive Childlike,Expressive Cute,Expressive Excited,Expressive Happy,Expressive Playful,Expressive Rugged,Expressive Sincere,Expressive Vintage,Quality Concept,Quality Drawing,Quality Spacing	https://fonts.google.com/specimen/Coming+Soon
Comme	?	OFL (kiem lai METADATA.pb cua font do truoc khi dung)	Expressive Awkward,Expressive Business,Expressive Calm,Expressive Competent,Expressive Happy,Expressive Loud,Expressive Playful,Expressive Rugged,Expressive Stiff,Expressive Vintage,Quality Concept,Quality Drawing	https://fonts.google.com/specimen/Comme
Commissioner	?	OFL (kiem lai METADATA.pb cua font do truoc khi dung)	Expressive Awkward,Expressive Business,Expressive Calm,Expressive Competent,Expressive Loud,Expressive Playful,Expressive Rugged,Expressive Stiff,Expressive Vintage,Quality Concept,Quality Drawing,Quality Spacing	https://fonts.google.com/specimen/Commissioner
Concert One	?	OFL (kiem lai METADATA.pb cua font do truoc khi dung)	Expressive Calm,Expressive Cute,Expressive Futuristic,Expressive Happy,Expressive Loud,Expressive Playful,Expressive Rugged,Expressive Stiff,Expressive Vintage,Quality Concept,Quality Drawing,Quality Spacing	https://fonts.google.com/specimen/Concert+One
Condiment	?	OFL (kiem lai METADATA.pb cua font do truoc khi dung)	Expressive Active,Expressive Awkward,Expressive Excited,Expressive Happy,Expressive Loud,Expressive Playful,Expressive Rugged,Expressive Vintage,Quality Concept,Quality Drawing,Quality Spacing,Quality Wordspace	https://fonts.google.com/specimen/Condiment
Content	?	OFL (kiem lai METADATA.pb cua font do truoc khi dung)	Expressive Competent,Expressive Loud,Expressive Rugged,Expressive Vintage,Quality Concept,Quality Drawing,Quality Spacing,Quality Wordspace,Theme Blackletter	https://fonts.google.com/specimen/Content
Contrail One	?	OFL (kiem lai METADATA.pb cua font do truoc khi dung)	Expressive Active,Expressive Business,Expressive Cute,Expressive Excited,Expressive Futuristic,Expressive Happy,Expressive Innovative,Expressive Loud,Expressive Playful,Expressive Rugged,Expressive Stiff,Expressive Vintage	https://fonts.google.com/specimen/Contrail+One
Convergence	?	OFL (kiem lai METADATA.pb cua font do truoc khi dung)	Expressive Calm,Expressive Happy,Expressive Loud,Expressive Playful,Expressive Rugged,Expressive Stiff,Expressive Vintage,Quality Concept,Quality Drawing,Quality Spacing,Quality Wordspace	https://fonts.google.com/specimen/Convergence
Cookie	?	OFL (kiem lai METADATA.pb cua font do truoc khi dung)	Expressive Artistic,Expressive Childlike,Expressive Cute,Expressive Excited,Expressive Fancy,Expressive Happy,Expressive Loud,Expressive Sophisticated,Expressive Vintage,Quality Concept,Quality Drawing,Quality Spacing	https://fonts.google.com/specimen/Cookie
Copse	?	OFL (kiem lai METADATA.pb cua font do truoc khi dung)	Expressive Business,Expressive Happy,Expressive Loud,Expressive Playful,Expressive Rugged,Expressive Sincere,Expressive Vintage,Quality Concept,Quality Drawing,Quality Spacing,Quality Wordspace,Serif Transitional	https://fonts.google.com/specimen/Copse
Coral Pixels	?	OFL (kiem lai METADATA.pb cua font do truoc khi dung)	Expressive Awkward,Expressive Futuristic,Expressive Innovative,Expressive Loud,Expressive Playful,Expressive Rugged,Expressive Vintage,Quality Concept,Quality Drawing,Quality Spacing,Quality Wordspace,Serif Scotch	https://fonts.google.com/specimen/Coral+Pixels
Corben	?	OFL (kiem lai METADATA.pb cua font do truoc khi dung)	Expressive Business,Expressive Cute,Expressive Loud,Expressive Playful,Expressive Rugged,Expressive Sincere,Expressive Vintage,Quality Concept,Quality Drawing,Quality Spacing,Quality Wordspace,Seasonal Valentine's Day	https://fonts.google.com/specimen/Corben
Corinthia	?	OFL (kiem lai METADATA.pb cua font do truoc khi dung)	Expressive Active,Expressive Artistic,Expressive Cute,Expressive Excited,Expressive Fancy,Expressive Happy,Expressive Playful,Expressive Sophisticated,Expressive Vintage,Quality Concept,Quality Drawing,Quality Spacing	https://fonts.google.com/specimen/Corinthia
Cormorant	?	OFL (kiem lai METADATA.pb cua font do truoc khi dung)	Expressive Awkward,Expressive Business,Expressive Calm,Expressive Competent,Expressive Fancy,Expressive Playful,Expressive Rugged,Expressive Sincere,Expressive Vintage,Quality Concept,Quality Drawing,Quality Spacing	https://fonts.google.com/specimen/Cormorant
Cormorant Garamond	?	OFL (kiem lai METADATA.pb cua font do truoc khi dung)	Expressive Awkward,Expressive Business,Expressive Calm,Expressive Competent,Expressive Fancy,Expressive Playful,Expressive Rugged,Expressive Sincere,Expressive Vintage,Quality Concept,Quality Drawing,Quality Spacing	https://fonts.google.com/specimen/Cormorant+Garamond
Cormorant Infant	?	OFL (kiem lai METADATA.pb cua font do truoc khi dung)	Expressive Awkward,Expressive Business,Expressive Calm,Expressive Competent,Expressive Fancy,Expressive Playful,Expressive Rugged,Expressive Sincere,Expressive Vintage,Quality Concept,Quality Drawing,Quality Spacing	https://fonts.google.com/specimen/Cormorant+Infant
Cormorant SC	?	OFL (kiem lai METADATA.pb cua font do truoc khi dung)	Expressive Calm,Expressive Rugged,Expressive Sincere,Expressive Vintage,Quality Concept,Quality Drawing,Quality Spacing,Quality Wordspace,Serif Old Style Garalde	https://fonts.google.com/specimen/Cormorant+SC
Cormorant Unicase	?	OFL (kiem lai METADATA.pb cua font do truoc khi dung)	Expressive Rugged,Expressive Vintage,Quality Concept,Quality Drawing,Quality Spacing,Quality Wordspace,Serif Old Style Garalde,Theme Medieval	https://fonts.google.com/specimen/Cormorant+Unicase
Cormorant Upright	?	OFL (kiem lai METADATA.pb cua font do truoc khi dung)	Expressive Happy,Expressive Rugged,Expressive Sincere,Expressive Vintage,Quality Concept,Quality Drawing,Quality Spacing,Quality Wordspace,Seasonal Valentine's Day,Serif Old Style Garalde	https://fonts.google.com/specimen/Cormorant+Upright
Cossette Texte	?	OFL (kiem lai METADATA.pb cua font do truoc khi dung)	Expressive Active,Expressive Business,Expressive Calm,Expressive Excited,Expressive Loud,Expressive Rugged,Expressive Sincere,Expressive Stiff,Expressive Vintage,Quality Concept,Quality Drawing,Quality Spacing	https://fonts.google.com/specimen/Cossette+Texte
Cossette Titre	?	OFL (kiem lai METADATA.pb cua font do truoc khi dung)	Expressive Active,Expressive Business,Expressive Calm,Expressive Loud,Expressive Rugged,Expressive Stiff,Expressive Vintage,Quality Concept,Quality Drawing,Quality Spacing,Quality Wordspace,Sans Grotesque	https://fonts.google.com/specimen/Cossette+Titre
Courgette	?	OFL (kiem lai METADATA.pb cua font do truoc khi dung)	Expressive Active,Expressive Artistic,Expressive Cute,Expressive Excited,Expressive Happy,Expressive Loud,Expressive Playful,Expressive Rugged,Expressive Sincere,Expressive Vintage,Quality Concept,Quality Drawing	https://fonts.google.com/specimen/Courgette
Courier Prime	?	OFL (kiem lai METADATA.pb cua font do truoc khi dung)	Expressive Business,Expressive Competent,Expressive Loud,Expressive Rugged,Expressive Sincere,Expressive Stiff,Expressive Vintage,Monospace Monospace,Quality Concept,Quality Drawing,Quality Spacing,Quality Wordspace	https://fonts.google.com/specimen/Courier+Prime
Cousine	?	OFL (kiem lai METADATA.pb cua font do truoc khi dung)	Expressive Business,Expressive Calm,Expressive Futuristic,Expressive Loud,Expressive Rugged,Expressive Stiff,Expressive Vintage,Monospace Monospace,Quality Concept,Quality Drawing,Quality Spacing,Quality Wordspace	https://fonts.google.com/specimen/Cousine
Coustard	?	OFL (kiem lai METADATA.pb cua font do truoc khi dung)	Expressive Awkward,Expressive Business,Expressive Loud,Expressive Playful,Expressive Rugged,Expressive Sincere,Expressive Stiff,Expressive Vintage,Quality Concept,Quality Drawing,Quality Spacing,Quality Wordspace	https://fonts.google.com/specimen/Coustard
Covered By Your Grace	?	OFL (kiem lai METADATA.pb cua font do truoc khi dung)	Expressive Active,Expressive Artistic,Expressive Awkward,Expressive Childlike,Expressive Excited,Expressive Happy,Expressive Loud,Expressive Playful,Expressive Rugged,Expressive Sincere,Expressive Vintage,Quality Concept	https://fonts.google.com/specimen/Covered+By+Your+Grace
Crafty Girls	?	OFL (kiem lai METADATA.pb cua font do truoc khi dung)	Expressive Active,Expressive Awkward,Expressive Childlike,Expressive Cute,Expressive Excited,Expressive Happy,Expressive Playful,Expressive Rugged,Expressive Sincere,Expressive Vintage,Quality Concept,Quality Drawing	https://fonts.google.com/specimen/Crafty+Girls
Creepster	?	OFL (kiem lai METADATA.pb cua font do truoc khi dung)	Expressive Active,Expressive Awkward,Expressive Excited,Expressive Innovative,Expressive Loud,Expressive Playful,Expressive Rugged,Expressive Vintage,Quality Concept,Quality Drawing,Quality Spacing,Quality Wordspace	https://fonts.google.com/specimen/Creepster
Crete Round	?	OFL (kiem lai METADATA.pb cua font do truoc khi dung)	Expressive Business,Expressive Calm,Expressive Loud,Expressive Rugged,Expressive Sincere,Expressive Vintage,Quality Concept,Quality Drawing,Quality Spacing,Quality Wordspace,Slab Clarendon	https://fonts.google.com/specimen/Crete+Round
Crimson Pro	?	OFL (kiem lai METADATA.pb cua font do truoc khi dung)	Expressive Awkward,Expressive Business,Expressive Calm,Expressive Competent,Expressive Fancy,Expressive Loud,Expressive Playful,Expressive Rugged,Expressive Sincere,Expressive Vintage,Quality Concept,Quality Drawing	https://fonts.google.com/specimen/Crimson+Pro
Crimson Text	?	OFL (kiem lai METADATA.pb cua font do truoc khi dung)	Expressive Business,Expressive Competent,Expressive Loud,Expressive Rugged,Expressive Sincere,Expressive Vintage,Quality Concept,Quality Drawing,Quality Spacing,Quality Wordspace,Serif Old Style Garalde	https://fonts.google.com/specimen/Crimson+Text
Croissant One	?	OFL (kiem lai METADATA.pb cua font do truoc khi dung)	Expressive Awkward,Expressive Cute,Expressive Happy,Expressive Loud,Expressive Playful,Expressive Rugged,Expressive Sincere,Expressive Vintage,Quality Concept,Quality Drawing,Quality Spacing,Quality Wordspace	https://fonts.google.com/specimen/Croissant+One
Crushed	?	OFL (kiem lai METADATA.pb cua font do truoc khi dung)	Expressive Cute,Expressive Futuristic,Expressive Happy,Expressive Playful,Expressive Rugged,Expressive Stiff,Expressive Vintage,Quality Concept,Quality Drawing,Quality Spacing,Quality Wordspace,Theme Wacky	https://fonts.google.com/specimen/Crushed
Cuprum	?	OFL (kiem lai METADATA.pb cua font do truoc khi dung)	Expressive Awkward,Expressive Business,Expressive Calm,Expressive Competent,Expressive Futuristic,Expressive Happy,Expressive Loud,Expressive Playful,Expressive Rugged,Expressive Stiff,Expressive Vintage,Quality Concept	https://fonts.google.com/specimen/Cuprum
Cute Font	?	OFL (kiem lai METADATA.pb cua font do truoc khi dung)	Expressive Awkward,Expressive Futuristic,Expressive Innovative,Expressive Rugged,Expressive Stiff,Expressive Vintage,Quality Concept,Quality Drawing,Quality Spacing,Quality Wordspace,Seasonal Lunar New Year,Theme Wacky	https://fonts.google.com/specimen/Cute+Font
Cutive	?	OFL (kiem lai METADATA.pb cua font do truoc khi dung)	Expressive Business,Expressive Happy,Expressive Loud,Expressive Playful,Expressive Rugged,Expressive Vintage,Quality Concept,Quality Drawing,Quality Spacing,Quality Wordspace,Slab Clarendon,Slab Humanist	https://fonts.google.com/specimen/Cutive
Cutive Mono	?	OFL (kiem lai METADATA.pb cua font do truoc khi dung)	Expressive Business,Expressive Futuristic,Expressive Rugged,Expressive Stiff,Expressive Vintage,Monospace Monospace,Quality Concept,Quality Drawing,Quality Spacing,Quality Wordspace,Slab Clarendon,Slab Humanist	https://fonts.google.com/specimen/Cutive+Mono
Dai Banna SIL	?	OFL (kiem lai METADATA.pb cua font do truoc khi dung)	Expressive Business,Expressive Competent,Expressive Loud,Expressive Rugged,Expressive Sincere,Expressive Vintage,Quality Concept,Quality Drawing,Quality Spacing,Quality Wordspace,Serif Old Style Garalde,Serif Transitional	https://fonts.google.com/specimen/Dai+Banna+SIL
Damion	?	OFL (kiem lai METADATA.pb cua font do truoc khi dung)	Expressive Artistic,Expressive Childlike,Expressive Cute,Expressive Excited,Expressive Happy,Expressive Loud,Expressive Playful,Expressive Rugged,Expressive Sincere,Expressive Vintage,Quality Concept,Quality Drawing	https://fonts.google.com/specimen/Damion
Dancing Script	?	OFL (kiem lai METADATA.pb cua font do truoc khi dung)	Expressive Artistic,Expressive Awkward,Expressive Calm,Expressive Competent,Expressive Cute,Expressive Excited,Expressive Fancy,Expressive Happy,Expressive Playful,Expressive Sincere,Expressive Sophisticated,Expressive Vintage	https://fonts.google.com/specimen/Dancing+Script
Danfo	?	OFL (kiem lai METADATA.pb cua font do truoc khi dung)	Expressive Active,Expressive Awkward,Expressive Cute,Expressive Excited,Expressive Happy,Expressive Innovative,Expressive Loud,Expressive Playful,Expressive Rugged,Expressive Stiff,Expressive Vintage,Quality Concept	https://fonts.google.com/specimen/Danfo
Dangrek	?	OFL (kiem lai METADATA.pb cua font do truoc khi dung)	Expressive Calm,Expressive Cute,Expressive Futuristic,Expressive Loud,Expressive Playful,Expressive Rugged,Expressive Sincere,Expressive Stiff,Expressive Vintage,Quality Concept,Quality Drawing,Quality Spacing	https://fonts.google.com/specimen/Dangrek
Darker Grotesque	?	OFL (kiem lai METADATA.pb cua font do truoc khi dung)	Expressive Awkward,Expressive Business,Expressive Calm,Expressive Competent,Expressive Loud,Expressive Playful,Expressive Rugged,Expressive Vintage,Quality Concept,Quality Drawing,Quality Spacing,Quality Wordspace	https://fonts.google.com/specimen/Darker+Grotesque
Darumadrop One	?	OFL (kiem lai METADATA.pb cua font do truoc khi dung)	Expressive Awkward,Expressive Cute,Expressive Excited,Expressive Happy,Expressive Innovative,Expressive Loud,Expressive Playful,Expressive Rugged,Expressive Vintage,Quality Concept,Quality Drawing,Quality Spacing	https://fonts.google.com/specimen/Darumadrop+One
Datatype	?	OFL (kiem lai METADATA.pb cua font do truoc khi dung)	wght@50,wght@150,Expressive Playful,Expressive Stiff,Monospace Monospace,Quality Concept,Quality Drawing,Quality Spacing,Quality Wordspace,Sans Neo Grotesque,Special use Symbols	https://fonts.google.com/specimen/Datatype
David Libre	?	OFL (kiem lai METADATA.pb cua font do truoc khi dung)	Expressive Loud,Expressive Rugged,Expressive Vintage,Quality Concept,Quality Drawing,Quality Spacing,Quality Wordspace,Serif Old Style Garalde	https://fonts.google.com/specimen/David+Libre
Dawning of a New Day	?	OFL (kiem lai METADATA.pb cua font do truoc khi dung)	Expressive Artistic,Expressive Awkward,Expressive Childlike,Expressive Cute,Expressive Excited,Expressive Happy,Expressive Playful,Expressive Rugged,Expressive Vintage,Quality Concept,Quality Drawing,Quality Spacing	https://fonts.google.com/specimen/Dawning+of+a+New+Day
Days One	?	OFL (kiem lai METADATA.pb cua font do truoc khi dung)	Expressive Business,Expressive Cute,Expressive Happy,Expressive Loud,Expressive Playful,Expressive Rugged,Expressive Stiff,Expressive Vintage,Quality Concept,Quality Drawing,Quality Spacing,Quality Wordspace	https://fonts.google.com/specimen/Days+One
Dekko	?	OFL (kiem lai METADATA.pb cua font do truoc khi dung)	Expressive Artistic,Expressive Awkward,Expressive Childlike,Expressive Cute,Expressive Happy,Expressive Loud,Expressive Playful,Expressive Rugged,Expressive Sincere,Expressive Vintage,Quality Concept,Quality Drawing	https://fonts.google.com/specimen/Dekko
Dela Gothic One	?	OFL (kiem lai METADATA.pb cua font do truoc khi dung)	Expressive Active,Expressive Awkward,Expressive Business,Expressive Cute,Expressive Excited,Expressive Happy,Expressive Loud,Expressive Playful,Expressive Rugged,Expressive Stiff,Expressive Vintage,Quality Concept	https://fonts.google.com/specimen/Dela+Gothic+One
Delicious Handrawn	?	OFL (kiem lai METADATA.pb cua font do truoc khi dung)	Expressive Active,Expressive Awkward,Expressive Cute,Expressive Excited,Expressive Happy,Expressive Loud,Expressive Playful,Expressive Rugged,Expressive Sincere,Expressive Vintage,Quality Concept,Quality Drawing	https://fonts.google.com/specimen/Delicious+Handrawn
Delius	?	OFL (kiem lai METADATA.pb cua font do truoc khi dung)	Expressive Active,Expressive Awkward,Expressive Calm,Expressive Childlike,Expressive Cute,Expressive Excited,Expressive Happy,Expressive Loud,Expressive Playful,Expressive Rugged,Expressive Sincere,Expressive Vintage	https://fonts.google.com/specimen/Delius
Delius Swash Caps	?	OFL (kiem lai METADATA.pb cua font do truoc khi dung)	Expressive Active,Expressive Awkward,Expressive Childlike,Expressive Cute,Expressive Happy,Expressive Playful,Expressive Rugged,Expressive Sincere,Expressive Vintage,Quality Concept,Quality Drawing,Quality Spacing	https://fonts.google.com/specimen/Delius+Swash+Caps
Delius Unicase	?	OFL (kiem lai METADATA.pb cua font do truoc khi dung)	Expressive Active,Expressive Awkward,Expressive Cute,Expressive Happy,Expressive Loud,Expressive Playful,Expressive Rugged,Expressive Sincere,Expressive Vintage,Quality Concept,Quality Drawing,Quality Spacing	https://fonts.google.com/specimen/Delius+Unicase
Della Respira	?	OFL (kiem lai METADATA.pb cua font do truoc khi dung)	Expressive Awkward,Expressive Loud,Expressive Rugged,Expressive Vintage,Quality Concept,Quality Drawing,Quality Spacing,Quality Wordspace	https://fonts.google.com/specimen/Della+Respira
Denk One	?	OFL (kiem lai METADATA.pb cua font do truoc khi dung)	Expressive Active,Expressive Awkward,Expressive Business,Expressive Cute,Expressive Excited,Expressive Futuristic,Expressive Happy,Expressive Innovative,Expressive Loud,Expressive Playful,Expressive Rugged,Expressive Stiff	https://fonts.google.com/specimen/Denk+One
Devonshire	?	OFL (kiem lai METADATA.pb cua font do truoc khi dung)	Expressive Active,Expressive Artistic,Expressive Awkward,Expressive Childlike,Expressive Cute,Expressive Excited,Expressive Happy,Expressive Loud,Expressive Playful,Expressive Rugged,Expressive Vintage,Quality Concept	https://fonts.google.com/specimen/Devonshire
Dhurjati	?	OFL (kiem lai METADATA.pb cua font do truoc khi dung)	Expressive Awkward,Expressive Business,Expressive Calm,Expressive Futuristic,Expressive Loud,Expressive Rugged,Expressive Stiff,Expressive Vintage,Quality Concept,Quality Drawing,Quality Spacing,Quality Wordspace	https://fonts.google.com/specimen/Dhurjati
Didact Gothic	?	OFL (kiem lai METADATA.pb cua font do truoc khi dung)	Expressive Business,Expressive Calm,Expressive Loud,Expressive Rugged,Expressive Sincere,Expressive Vintage,Quality Concept,Quality Drawing,Quality Spacing,Quality Wordspace,Sans Geometric	https://fonts.google.com/specimen/Didact+Gothic
Diphylleia	?	OFL (kiem lai METADATA.pb cua font do truoc khi dung)	Expressive Active,Expressive Cute,Expressive Excited,Expressive Happy,Expressive Playful,Expressive Rugged,Expressive Sincere,Expressive Vintage,Quality Concept,Quality Drawing,Quality Spacing,Quality Wordspace	https://fonts.google.com/specimen/Diphylleia
Diplomata	?	OFL (kiem lai METADATA.pb cua font do truoc khi dung)	Expressive Innovative,Expressive Loud,Expressive Rugged,Expressive Vintage,Quality Concept,Quality Drawing,Quality Spacing,Quality Wordspace,Seasonal Kwanzaa,Seasonal Valentine's Day,Serif Didone,Serif Fat Face	https://fonts.google.com/specimen/Diplomata
Diplomata SC	?	OFL (kiem lai METADATA.pb cua font do truoc khi dung)	Expressive Innovative,Expressive Loud,Expressive Rugged,Expressive Vintage,Quality Concept,Quality Drawing,Quality Spacing,Quality Wordspace,Script Informal,Script Upright Script,Seasonal Kwanzaa,Serif Didone	https://fonts.google.com/specimen/Diplomata+SC
DM Mono	?	OFL (kiem lai METADATA.pb cua font do truoc khi dung)	Expressive Business,Expressive Calm,Expressive Futuristic,Expressive Loud,Expressive Rugged,Expressive Stiff,Expressive Vintage,Monospace Monospace,Quality Concept,Quality Drawing,Quality Spacing,Quality Wordspace	https://fonts.google.com/specimen/DM+Mono
DM Sans	?	OFL (kiem lai METADATA.pb cua font do truoc khi dung)	Expressive Awkward,Expressive Business,Expressive Calm,Expressive Competent,Expressive Loud,Expressive Playful,Expressive Rugged,Expressive Vintage,Quality Concept,Quality Drawing,Quality Spacing,Quality Wordspace	https://fonts.google.com/specimen/DM+Sans
DM Serif Display	?	OFL (kiem lai METADATA.pb cua font do truoc khi dung)	Expressive Business,Expressive Loud,Expressive Rugged,Expressive Stiff,Expressive Vintage,Quality Concept,Quality Drawing,Quality Spacing,Quality Wordspace,Serif Transitional	https://fonts.google.com/specimen/DM+Serif+Display
DM Serif Text	?	OFL (kiem lai METADATA.pb cua font do truoc khi dung)	Expressive Business,Expressive Loud,Expressive Rugged,Expressive Stiff,Expressive Vintage,Quality Concept,Quality Drawing,Quality Spacing,Quality Wordspace,Serif Transitional	https://fonts.google.com/specimen/DM+Serif+Text
Do Hyeon	?	OFL (kiem lai METADATA.pb cua font do truoc khi dung)	Expressive Awkward,Expressive Futuristic,Expressive Loud,Expressive Playful,Expressive Rugged,Expressive Stiff,Expressive Vintage,Quality Concept,Quality Drawing,Quality Spacing,Quality Wordspace,Sans Geometric	https://fonts.google.com/specimen/Do+Hyeon
Dokdo	?	OFL (kiem lai METADATA.pb cua font do truoc khi dung)	Expressive Awkward,Expressive Cute,Expressive Excited,Expressive Happy,Expressive Playful,Expressive Rugged,Expressive Vintage,Quality Concept,Quality Drawing,Quality Spacing,Quality Wordspace,Theme Brush	https://fonts.google.com/specimen/Dokdo
Domine	?	OFL (kiem lai METADATA.pb cua font do truoc khi dung)	Expressive Awkward,Expressive Business,Expressive Calm,Expressive Competent,Expressive Fancy,Expressive Loud,Expressive Playful,Expressive Rugged,Expressive Sincere,Expressive Vintage,Quality Concept,Quality Drawing	https://fonts.google.com/specimen/Domine
Donegal One	?	OFL (kiem lai METADATA.pb cua font do truoc khi dung)	Expressive Business,Expressive Competent,Expressive Loud,Expressive Rugged,Expressive Sincere,Expressive Vintage,Quality Concept,Quality Drawing,Quality Spacing,Quality Wordspace,Serif Transitional	https://fonts.google.com/specimen/Donegal+One
Dongle	?	OFL (kiem lai METADATA.pb cua font do truoc khi dung)	Expressive Calm,Expressive Cute,Expressive Loud,Expressive Playful,Expressive Rugged,Expressive Vintage,Quality Concept,Quality Drawing,Quality Spacing,Quality Wordspace,Sans Geometric,Sans Rounded	https://fonts.google.com/specimen/Dongle
Doppio One	?	OFL (kiem lai METADATA.pb cua font do truoc khi dung)	Expressive Business,Expressive Calm,Expressive Futuristic,Expressive Loud,Expressive Rugged,Expressive Stiff,Expressive Vintage,Quality Concept,Quality Drawing,Quality Spacing,Quality Wordspace,Sans Humanist	https://fonts.google.com/specimen/Doppio+One
Dorsa	?	OFL (kiem lai METADATA.pb cua font do truoc khi dung)	Expressive Awkward,Expressive Excited,Expressive Playful,Expressive Rugged,Expressive Stiff,Expressive Vintage,Quality Concept,Quality Drawing,Quality Spacing,Quality Wordspace,Theme Art Deco	https://fonts.google.com/specimen/Dorsa
Dosis	?	OFL (kiem lai METADATA.pb cua font do truoc khi dung)	Expressive Awkward,Expressive Business,Expressive Calm,Expressive Competent,Expressive Futuristic,Expressive Happy,Expressive Playful,Expressive Rugged,Expressive Stiff,Expressive Vintage,Quality Concept,Quality Drawing	https://fonts.google.com/specimen/Dosis
DotGothic16	?	OFL (kiem lai METADATA.pb cua font do truoc khi dung)	Expressive Awkward,Expressive Excited,Expressive Futuristic,Expressive Innovative,Expressive Rugged,Expressive Stiff,Expressive Vintage,Quality Concept,Quality Drawing,Quality Spacing,Quality Wordspace,Sans Glyphic	https://fonts.google.com/specimen/DotGothic16
Doto	?	OFL (kiem lai METADATA.pb cua font do truoc khi dung)	Expressive Awkward,Expressive Cute,Expressive Futuristic,Expressive Happy,Expressive Innovative,Expressive Loud,Expressive Playful,Expressive Rugged,Expressive Stiff,Expressive Vintage,Monospace Monospace,Quality Concept	https://fonts.google.com/specimen/Doto
Dr Sugiyama	?	OFL (kiem lai METADATA.pb cua font do truoc khi dung)	Expressive Active,Expressive Artistic,Expressive Awkward,Expressive Cute,Expressive Happy,Expressive Loud,Expressive Playful,Expressive Rugged,Expressive Sophisticated,Expressive Vintage,Quality Concept,Quality Drawing	https://fonts.google.com/specimen/Dr+Sugiyama
Duru Sans	?	OFL (kiem lai METADATA.pb cua font do truoc khi dung)	Expressive Business,Expressive Calm,Expressive Competent,Expressive Happy,Expressive Loud,Expressive Rugged,Expressive Sincere,Expressive Stiff,Expressive Vintage,Quality Concept,Quality Drawing,Quality Spacing	https://fonts.google.com/specimen/Duru+Sans
Dynalight	?	OFL (kiem lai METADATA.pb cua font do truoc khi dung)	Expressive Active,Expressive Artistic,Expressive Cute,Expressive Excited,Expressive Fancy,Expressive Happy,Expressive Vintage,Quality Concept,Quality Drawing,Quality Spacing,Quality Wordspace,Script Formal	https://fonts.google.com/specimen/Dynalight
DynaPuff	?	OFL (kiem lai METADATA.pb cua font do truoc khi dung)	wght@75,wght@100,Expressive Innovative,Expressive Playful,Quality Concept,Quality Drawing,Quality Spacing,Quality Wordspace,Sans Glyphic,Sans Rounded,Seasonal Christmas,Seasonal Holi	https://fonts.google.com/specimen/DynaPuff
Eagle Lake	?	OFL (kiem lai METADATA.pb cua font do truoc khi dung)	Expressive Artistic,Expressive Awkward,Expressive Fancy,Expressive Happy,Expressive Loud,Expressive Rugged,Expressive Vintage,Quality Concept,Quality Drawing,Quality Spacing,Quality Wordspace,Script Formal	https://fonts.google.com/specimen/Eagle+Lake
East Sea Dokdo	?	OFL (kiem lai METADATA.pb cua font do truoc khi dung)	Expressive Awkward,Expressive Excited,Expressive Loud,Expressive Playful,Expressive Rugged,Expressive Vintage,Quality Concept,Quality Drawing,Quality Spacing,Quality Wordspace,Script Handwritten	https://fonts.google.com/specimen/East+Sea+Dokdo
Eater	?	OFL (kiem lai METADATA.pb cua font do truoc khi dung)	Expressive Awkward,Expressive Excited,Expressive Innovative,Expressive Loud,Expressive Playful,Expressive Rugged,Expressive Vintage,Quality Concept,Quality Drawing,Quality Spacing,Quality Wordspace,Seasonal Halloween	https://fonts.google.com/specimen/Eater
EB Garamond	?	OFL (kiem lai METADATA.pb cua font do truoc khi dung)	Expressive Awkward,Expressive Business,Expressive Calm,Expressive Competent,Expressive Fancy,Expressive Playful,Expressive Rugged,Expressive Sincere,Expressive Vintage,Quality Concept,Quality Drawing,Quality Spacing	https://fonts.google.com/specimen/EB+Garamond
Economica	?	OFL (kiem lai METADATA.pb cua font do truoc khi dung)	Expressive Active,Expressive Business,Expressive Futuristic,Expressive Rugged,Expressive Stiff,Expressive Vintage,Quality Concept,Quality Drawing,Quality Spacing,Quality Wordspace,Sans Humanist,Sans Superellipse	https://fonts.google.com/specimen/Economica
Eczar	?	OFL (kiem lai METADATA.pb cua font do truoc khi dung)	Expressive Awkward,Expressive Calm,Expressive Competent,Expressive Loud,Expressive Playful,Expressive Rugged,Expressive Vintage,Quality Concept,Quality Drawing,Quality Spacing,Quality Wordspace,Serif Old Style Garalde	https://fonts.google.com/specimen/Eczar
Edu AU VIC WA NT Arrows	?	OFL (kiem lai METADATA.pb cua font do truoc khi dung)	Expressive Active,Expressive Awkward,Expressive Calm,Expressive Childlike,Expressive Competent,Expressive Happy,Expressive Playful,Expressive Rugged,Expressive Vintage,Purpose Learn To Write,Quality Concept,Quality Drawing	https://fonts.google.com/specimen/Edu+AU+VIC+WA+NT+Arrows
Edu AU VIC WA NT Dots	?	OFL (kiem lai METADATA.pb cua font do truoc khi dung)	Expressive Active,Expressive Awkward,Expressive Calm,Expressive Childlike,Expressive Competent,Expressive Happy,Expressive Playful,Expressive Rugged,Expressive Vintage,Purpose Learn To Write,Quality Concept,Quality Drawing	https://fonts.google.com/specimen/Edu+AU+VIC+WA+NT+Dots
Edu AU VIC WA NT Guides	?	OFL (kiem lai METADATA.pb cua font do truoc khi dung)	Expressive Active,Expressive Awkward,Expressive Calm,Expressive Childlike,Expressive Competent,Expressive Happy,Expressive Playful,Expressive Rugged,Expressive Vintage,Purpose Learn To Write,Quality Concept,Quality Drawing	https://fonts.google.com/specimen/Edu+AU+VIC+WA+NT+Guides
Edu AU VIC WA NT Hand	?	OFL (kiem lai METADATA.pb cua font do truoc khi dung)	Expressive Active,Expressive Awkward,Expressive Calm,Expressive Childlike,Expressive Competent,Expressive Happy,Expressive Playful,Expressive Rugged,Expressive Sincere,Expressive Vintage,Purpose Learn To Write,Quality Concept	https://fonts.google.com/specimen/Edu+AU+VIC+WA+NT+Hand
Edu AU VIC WA NT Pre	?	OFL (kiem lai METADATA.pb cua font do truoc khi dung)	Expressive Awkward,Expressive Calm,Expressive Childlike,Expressive Competent,Expressive Cute,Expressive Happy,Expressive Playful,Expressive Rugged,Expressive Sincere,Expressive Vintage,Purpose Learn To Write,Quality Concept	https://fonts.google.com/specimen/Edu+AU+VIC+WA+NT+Pre
Edu NSW ACT Cursive	?	OFL (kiem lai METADATA.pb cua font do truoc khi dung)	Expressive Active,Expressive Awkward,Expressive Calm,Expressive Childlike,Expressive Competent,Expressive Happy,Expressive Playful,Expressive Rugged,Expressive Sincere,Expressive Vintage,Purpose Learn To Write,Quality Concept	https://fonts.google.com/specimen/Edu+NSW+ACT+Cursive
Edu NSW ACT Foundation	?	OFL (kiem lai METADATA.pb cua font do truoc khi dung)	Expressive Active,Expressive Awkward,Expressive Calm,Expressive Childlike,Expressive Competent,Expressive Happy,Expressive Playful,Expressive Rugged,Expressive Sincere,Expressive Vintage,Purpose Learn To Write,Quality Concept	https://fonts.google.com/specimen/Edu+NSW+ACT+Foundation
Edu NSW ACT Hand Pre	?	OFL (kiem lai METADATA.pb cua font do truoc khi dung)	Expressive Active,Expressive Awkward,Expressive Calm,Expressive Childlike,Expressive Competent,Expressive Happy,Expressive Playful,Expressive Rugged,Expressive Sincere,Expressive Vintage,Purpose Learn To Write,Quality Concept	https://fonts.google.com/specimen/Edu+NSW+ACT+Hand+Pre
Edu QLD Beginner	?	OFL (kiem lai METADATA.pb cua font do truoc khi dung)	Expressive Active,Expressive Awkward,Expressive Calm,Expressive Childlike,Expressive Competent,Expressive Happy,Expressive Playful,Expressive Rugged,Expressive Sincere,Expressive Vintage,Purpose Learn To Write,Quality Concept	https://fonts.google.com/specimen/Edu+QLD+Beginner
Edu QLD Hand	?	OFL (kiem lai METADATA.pb cua font do truoc khi dung)	Expressive Active,Expressive Awkward,Expressive Calm,Expressive Childlike,Expressive Competent,Expressive Happy,Expressive Playful,Expressive Rugged,Expressive Sincere,Expressive Vintage,Purpose Learn To Write,Quality Concept	https://fonts.google.com/specimen/Edu+QLD+Hand
Edu SA Beginner	?	OFL (kiem lai METADATA.pb cua font do truoc khi dung)	Expressive Active,Expressive Awkward,Expressive Calm,Expressive Childlike,Expressive Competent,Expressive Cute,Expressive Happy,Expressive Playful,Expressive Rugged,Expressive Sincere,Expressive Vintage,Purpose Learn To Write	https://fonts.google.com/specimen/Edu+SA+Beginner
Edu SA Hand	?	OFL (kiem lai METADATA.pb cua font do truoc khi dung)	Expressive Active,Expressive Awkward,Expressive Calm,Expressive Childlike,Expressive Competent,Expressive Happy,Expressive Playful,Expressive Rugged,Expressive Sincere,Expressive Vintage,Purpose Learn To Write,Quality Concept	https://fonts.google.com/specimen/Edu+SA+Hand
Edu TAS Beginner	?	OFL (kiem lai METADATA.pb cua font do truoc khi dung)	Expressive Active,Expressive Awkward,Expressive Calm,Expressive Childlike,Expressive Competent,Expressive Happy,Expressive Playful,Expressive Rugged,Expressive Sincere,Expressive Vintage,Purpose Learn To Write,Quality Concept	https://fonts.google.com/specimen/Edu+TAS+Beginner
Edu VIC WA NT Beginner	?	OFL (kiem lai METADATA.pb cua font do truoc khi dung)	Expressive Active,Expressive Awkward,Expressive Calm,Expressive Childlike,Expressive Competent,Expressive Happy,Expressive Playful,Expressive Rugged,Expressive Sincere,Expressive Vintage,Purpose Learn To Write,Quality Concept	https://fonts.google.com/specimen/Edu+VIC+WA+NT+Beginner
Edu VIC WA NT Hand	?	OFL (kiem lai METADATA.pb cua font do truoc khi dung)	Expressive Active,Expressive Awkward,Expressive Calm,Expressive Childlike,Expressive Competent,Expressive Happy,Expressive Playful,Expressive Rugged,Expressive Sincere,Expressive Vintage,Purpose Learn To Write,Quality Concept	https://fonts.google.com/specimen/Edu+VIC+WA+NT+Hand
Edu VIC WA NT Hand Pre	?	OFL (kiem lai METADATA.pb cua font do truoc khi dung)	Expressive Active,Expressive Awkward,Expressive Calm,Expressive Childlike,Expressive Competent,Expressive Happy,Expressive Playful,Expressive Rugged,Expressive Sincere,Expressive Vintage,Purpose Learn To Write,Quality Concept	https://fonts.google.com/specimen/Edu+VIC+WA+NT+Hand+Pre
El Messiri	?	OFL (kiem lai METADATA.pb cua font do truoc khi dung)	Expressive Awkward,Expressive Calm,Expressive Competent,Expressive Loud,Expressive Playful,Expressive Rugged,Expressive Vintage,Quality Concept,Quality Drawing,Quality Spacing,Quality Wordspace,Sans Glyphic	https://fonts.google.com/specimen/El+Messiri
Electrolize	?	OFL (kiem lai METADATA.pb cua font do truoc khi dung)	Expressive Awkward,Expressive Business,Expressive Calm,Expressive Futuristic,Expressive Loud,Expressive Rugged,Expressive Stiff,Expressive Vintage,Quality Concept,Quality Drawing,Quality Spacing,Quality Wordspace	https://fonts.google.com/specimen/Electrolize
Elms Sans	?	OFL (kiem lai METADATA.pb cua font do truoc khi dung)	Expressive Awkward,Expressive Business,Expressive Calm,Expressive Competent,Expressive Happy,Expressive Loud,Expressive Playful,Quality Concept,Quality Drawing,Quality Spacing,Quality Wordspace,Sans Geometric	https://fonts.google.com/specimen/Elms+Sans
Elsie	?	OFL (kiem lai METADATA.pb cua font do truoc khi dung)	Expressive Awkward,Expressive Cute,Expressive Excited,Expressive Happy,Expressive Loud,Expressive Playful,Expressive Rugged,Expressive Sophisticated,Expressive Vintage,Quality Concept,Quality Drawing,Quality Spacing	https://fonts.google.com/specimen/Elsie
Elsie Swash Caps	?	OFL (kiem lai METADATA.pb cua font do truoc khi dung)	Expressive Awkward,Expressive Cute,Expressive Excited,Expressive Happy,Expressive Loud,Expressive Playful,Expressive Rugged,Expressive Sophisticated,Expressive Vintage,Quality Concept,Quality Drawing,Quality Spacing	https://fonts.google.com/specimen/Elsie+Swash+Caps
Emblema One	?	OFL (kiem lai METADATA.pb cua font do truoc khi dung)	Expressive Active,Expressive Awkward,Expressive Cute,Expressive Excited,Expressive Happy,Expressive Loud,Expressive Playful,Expressive Rugged,Expressive Vintage,Quality Concept,Quality Drawing,Quality Spacing	https://fonts.google.com/specimen/Emblema+One
Emilys Candy	?	OFL (kiem lai METADATA.pb cua font do truoc khi dung)	Expressive Awkward,Expressive Cute,Expressive Excited,Expressive Happy,Expressive Loud,Expressive Playful,Expressive Rugged,Expressive Vintage,Quality Concept,Quality Drawing,Quality Spacing,Quality Wordspace	https://fonts.google.com/specimen/Emilys+Candy
Encode Sans	?	OFL (kiem lai METADATA.pb cua font do truoc khi dung)	wght@75,wght@125,Expressive Playful,Expressive Stiff,Quality Concept,Quality Drawing,Quality Spacing,Quality Wordspace,Sans Humanist	https://fonts.google.com/specimen/Encode+Sans
Encode Sans Condensed	?	OFL (kiem lai METADATA.pb cua font do truoc khi dung)	Expressive Business,Expressive Calm,Expressive Competent,Expressive Loud,Expressive Rugged,Expressive Stiff,Expressive Vintage,Quality Concept,Quality Drawing,Quality Spacing,Quality Wordspace,Sans Humanist	https://fonts.google.com/specimen/Encode+Sans+Condensed
Encode Sans Expanded	?	OFL (kiem lai METADATA.pb cua font do truoc khi dung)	Expressive Business,Expressive Calm,Expressive Competent,Expressive Loud,Expressive Rugged,Expressive Sincere,Expressive Vintage,Quality Concept,Quality Drawing,Quality Spacing,Quality Wordspace,Sans Humanist	https://fonts.google.com/specimen/Encode+Sans+Expanded
Encode Sans SC	?	OFL (kiem lai METADATA.pb cua font do truoc khi dung)	wght@75,wght@125,Expressive Playful,Expressive Stiff,Quality Concept,Quality Drawing,Quality Spacing,Quality Wordspace,Sans Humanist	https://fonts.google.com/specimen/Encode+Sans+SC
Encode Sans Semi Condensed	?	OFL (kiem lai METADATA.pb cua font do truoc khi dung)	Expressive Business,Expressive Calm,Expressive Competent,Expressive Loud,Expressive Rugged,Expressive Sincere,Expressive Stiff,Expressive Vintage,Quality Concept,Quality Drawing,Quality Spacing,Quality Wordspace	https://fonts.google.com/specimen/Encode+Sans+Semi+Condensed
Encode Sans Semi Expanded	?	OFL (kiem lai METADATA.pb cua font do truoc khi dung)	Expressive Business,Expressive Calm,Expressive Competent,Expressive Loud,Expressive Rugged,Expressive Sincere,Expressive Stiff,Expressive Vintage,Quality Concept,Quality Drawing,Quality Spacing,Quality Wordspace	https://fonts.google.com/specimen/Encode+Sans+Semi+Expanded
Engagement	?	OFL (kiem lai METADATA.pb cua font do truoc khi dung)	Expressive Artistic,Expressive Awkward,Expressive Cute,Expressive Excited,Expressive Fancy,Expressive Happy,Expressive Loud,Expressive Playful,Expressive Rugged,Expressive Vintage,Quality Concept,Quality Drawing	https://fonts.google.com/specimen/Engagement
Englebert	?	OFL (kiem lai METADATA.pb cua font do truoc khi dung)	Expressive Awkward,Expressive Cute,Expressive Excited,Expressive Happy,Expressive Loud,Expressive Playful,Expressive Rugged,Expressive Sincere,Expressive Vintage,Quality Concept,Quality Drawing,Quality Spacing	https://fonts.google.com/specimen/Englebert
Enriqueta	?	OFL (kiem lai METADATA.pb cua font do truoc khi dung)	Expressive Business,Expressive Loud,Expressive Rugged,Expressive Sincere,Expressive Stiff,Expressive Vintage,Quality Concept,Quality Drawing,Quality Spacing,Quality Wordspace,Slab Humanist	https://fonts.google.com/specimen/Enriqueta
Ephesis	?	OFL (kiem lai METADATA.pb cua font do truoc khi dung)	Expressive Artistic,Expressive Cute,Expressive Excited,Expressive Fancy,Expressive Happy,Expressive Rugged,Expressive Sincere,Expressive Vintage,Quality Concept,Quality Drawing,Quality Spacing,Quality Wordspace	https://fonts.google.com/specimen/Ephesis
Epilogue	?	OFL (kiem lai METADATA.pb cua font do truoc khi dung)	Expressive Awkward,Expressive Business,Expressive Calm,Expressive Competent,Expressive Happy,Expressive Loud,Expressive Playful,Expressive Rugged,Expressive Stiff,Expressive Vintage,Quality Concept,Quality Drawing	https://fonts.google.com/specimen/Epilogue
Epunda Sans	?	OFL (kiem lai METADATA.pb cua font do truoc khi dung)	Expressive Awkward,Expressive Business,Expressive Calm,Expressive Competent,Expressive Happy,Expressive Loud,Expressive Playful,Expressive Rugged,Expressive Vintage,Quality Concept,Quality Drawing,Quality Spacing	https://fonts.google.com/specimen/Epunda+Sans
Epunda Slab	?	OFL (kiem lai METADATA.pb cua font do truoc khi dung)	Expressive Awkward,Expressive Business,Expressive Calm,Expressive Competent,Expressive Happy,Expressive Loud,Expressive Playful,Expressive Rugged,Expressive Vintage,Quality Concept,Quality Drawing,Quality Spacing	https://fonts.google.com/specimen/Epunda+Slab
Erica One	?	OFL (kiem lai METADATA.pb cua font do truoc khi dung)	Expressive Active,Expressive Awkward,Expressive Cute,Expressive Excited,Expressive Futuristic,Expressive Happy,Expressive Innovative,Expressive Loud,Expressive Playful,Expressive Rugged,Expressive Stiff,Expressive Vintage	https://fonts.google.com/specimen/Erica+One
Esteban	?	OFL (kiem lai METADATA.pb cua font do truoc khi dung)	Expressive Business,Expressive Calm,Expressive Competent,Expressive Loud,Expressive Rugged,Expressive Vintage,Quality Concept,Quality Drawing,Quality Spacing,Quality Wordspace,Serif Transitional	https://fonts.google.com/specimen/Esteban
Estedad	?	OFL (kiem lai METADATA.pb cua font do truoc khi dung)	Expressive Awkward,Expressive Business,Expressive Calm,Expressive Competent,Expressive Futuristic,Expressive Loud,Expressive Playful,Expressive Rugged,Expressive Stiff,Quality Concept,Quality Drawing,Quality Spacing	https://fonts.google.com/specimen/Estedad
Estonia	?	OFL (kiem lai METADATA.pb cua font do truoc khi dung)	Expressive Active,Expressive Artistic,Expressive Awkward,Expressive Excited,Expressive Fancy,Expressive Happy,Expressive Rugged,Expressive Vintage,Quality Concept,Quality Drawing,Quality Spacing,Quality Wordspace	https://fonts.google.com/specimen/Estonia
Euphoria Script	?	OFL (kiem lai METADATA.pb cua font do truoc khi dung)	Expressive Active,Expressive Artistic,Expressive Awkward,Expressive Cute,Expressive Excited,Expressive Fancy,Expressive Happy,Expressive Playful,Expressive Vintage,Quality Concept,Quality Drawing,Quality Spacing	https://fonts.google.com/specimen/Euphoria+Script
Ewert	?	OFL (kiem lai METADATA.pb cua font do truoc khi dung)	Expressive Awkward,Expressive Cute,Expressive Playful,Expressive Rugged,Expressive Vintage,Quality Concept,Quality Drawing,Quality Spacing,Quality Wordspace,Seasonal Christmas,Theme Shaded,Theme Tuscan	https://fonts.google.com/specimen/Ewert
Exile	?	OFL (kiem lai METADATA.pb cua font do truoc khi dung)	Expressive Active,Expressive Awkward,Expressive Cute,Expressive Loud,Expressive Playful,Expressive Rugged,Expressive Vintage,Quality Concept,Quality Drawing,Quality Spacing,Quality Wordspace,Slab Clarendon	https://fonts.google.com/specimen/Exile
Exo	?	OFL (kiem lai METADATA.pb cua font do truoc khi dung)	Expressive Awkward,Expressive Business,Expressive Calm,Expressive Competent,Expressive Futuristic,Expressive Loud,Expressive Playful,Expressive Rugged,Expressive Stiff,Expressive Vintage,Quality Concept,Quality Drawing	https://fonts.google.com/specimen/Exo
Exo 2	?	OFL (kiem lai METADATA.pb cua font do truoc khi dung)	Expressive Awkward,Expressive Business,Expressive Calm,Expressive Competent,Expressive Futuristic,Expressive Loud,Expressive Playful,Expressive Rugged,Expressive Stiff,Expressive Vintage,Quality Concept,Quality Drawing	https://fonts.google.com/specimen/Exo+2
Expletus Sans	?	OFL (kiem lai METADATA.pb cua font do truoc khi dung)	Expressive Awkward,Expressive Business,Expressive Calm,Expressive Competent,Expressive Innovative,Expressive Loud,Expressive Playful,Expressive Rugged,Expressive Stiff,Expressive Vintage,Quality Concept,Quality Drawing	https://fonts.google.com/specimen/Expletus+Sans
Explora	?	OFL (kiem lai METADATA.pb cua font do truoc khi dung)	Expressive Artistic,Expressive Awkward,Expressive Excited,Expressive Happy,Expressive Sophisticated,Expressive Vintage,Quality Concept,Quality Drawing,Quality Spacing,Quality Wordspace,Script Formal	https://fonts.google.com/specimen/Explora
Faculty Glyphic	?	OFL (kiem lai METADATA.pb cua font do truoc khi dung)	Expressive Business,Expressive Calm,Expressive Loud,Expressive Rugged,Expressive Sincere,Expressive Vintage,Quality Concept,Quality Drawing,Quality Spacing,Quality Wordspace,Sans Glyphic,Seasonal Kwanzaa	https://fonts.google.com/specimen/Faculty+Glyphic
Fahkwang	?	OFL (kiem lai METADATA.pb cua font do truoc khi dung)	Expressive Business,Expressive Calm,Expressive Loud,Expressive Rugged,Expressive Vintage,Quality Concept,Quality Drawing,Quality Spacing,Quality Wordspace,Sans Grotesque	https://fonts.google.com/specimen/Fahkwang
Familjen Grotesk	?	OFL (kiem lai METADATA.pb cua font do truoc khi dung)	Expressive Awkward,Expressive Business,Expressive Calm,Expressive Competent,Expressive Loud,Expressive Playful,Expressive Rugged,Expressive Vintage,Quality Concept,Quality Drawing,Quality Spacing,Quality Wordspace	https://fonts.google.com/specimen/Familjen+Grotesk
Fanwood Text	?	OFL (kiem lai METADATA.pb cua font do truoc khi dung)	Expressive Business,Expressive Competent,Expressive Rugged,Expressive Sincere,Expressive Vintage,Quality Concept,Quality Drawing,Quality Spacing,Quality Wordspace,Serif Transitional	https://fonts.google.com/specimen/Fanwood+Text
Farro	?	OFL (kiem lai METADATA.pb cua font do truoc khi dung)	Expressive Business,Expressive Calm,Expressive Competent,Expressive Loud,Expressive Rugged,Expressive Stiff,Expressive Vintage,Quality Concept,Quality Drawing,Quality Spacing,Quality Wordspace,Sans Glyphic	https://fonts.google.com/specimen/Farro
Farsan	?	OFL (kiem lai METADATA.pb cua font do truoc khi dung)	Expressive Active,Expressive Childlike,Expressive Excited,Expressive Happy,Expressive Loud,Expressive Playful,Expressive Rugged,Expressive Sincere,Expressive Vintage,Quality Concept,Quality Drawing,Quality Spacing	https://fonts.google.com/specimen/Farsan
Fascinate	?	OFL (kiem lai METADATA.pb cua font do truoc khi dung)	Expressive Artistic,Expressive Awkward,Expressive Cute,Expressive Happy,Expressive Innovative,Expressive Loud,Expressive Playful,Expressive Rugged,Expressive Vintage,Quality Concept,Quality Drawing,Quality Spacing	https://fonts.google.com/specimen/Fascinate
Fascinate Inline	?	OFL (kiem lai METADATA.pb cua font do truoc khi dung)	Expressive Artistic,Expressive Awkward,Expressive Cute,Expressive Happy,Expressive Innovative,Expressive Loud,Expressive Playful,Expressive Rugged,Expressive Vintage,Quality Concept,Quality Drawing,Quality Spacing	https://fonts.google.com/specimen/Fascinate+Inline
Faster One	?	OFL (kiem lai METADATA.pb cua font do truoc khi dung)	Expressive Active,Expressive Awkward,Expressive Excited,Expressive Innovative,Expressive Loud,Expressive Playful,Expressive Rugged,Expressive Stiff,Expressive Vintage,Quality Concept,Quality Drawing,Quality Spacing	https://fonts.google.com/specimen/Faster+One
Fasthand	?	OFL (kiem lai METADATA.pb cua font do truoc khi dung)	Expressive Awkward,Expressive Childlike,Expressive Cute,Expressive Loud,Expressive Playful,Expressive Rugged,Expressive Vintage,Quality Concept,Quality Drawing,Quality Spacing,Quality Wordspace,Script Handwritten	https://fonts.google.com/specimen/Fasthand
Fauna One	?	OFL (kiem lai METADATA.pb cua font do truoc khi dung)	Expressive Business,Expressive Loud,Expressive Rugged,Expressive Vintage,Quality Concept,Quality Drawing,Quality Spacing,Quality Wordspace,Slab Humanist	https://fonts.google.com/specimen/Fauna+One
Faustina	?	OFL (kiem lai METADATA.pb cua font do truoc khi dung)	Expressive Awkward,Expressive Business,Expressive Calm,Expressive Competent,Expressive Loud,Expressive Playful,Expressive Rugged,Expressive Sincere,Expressive Vintage,Quality Concept,Quality Drawing,Quality Spacing	https://fonts.google.com/specimen/Faustina
Federant	?	OFL (kiem lai METADATA.pb cua font do truoc khi dung)	Expressive Awkward,Expressive Futuristic,Expressive Loud,Expressive Rugged,Expressive Stiff,Expressive Vintage,Quality Concept,Quality Drawing,Quality Spacing,Quality Wordspace	https://fonts.google.com/specimen/Federant
Federo	?	OFL (kiem lai METADATA.pb cua font do truoc khi dung)	Expressive Loud,Expressive Rugged,Expressive Stiff,Expressive Vintage,Quality Concept,Quality Drawing,Quality Spacing,Quality Wordspace,Sans Grotesque,Theme Art Deco	https://fonts.google.com/specimen/Federo
Felipa	?	OFL (kiem lai METADATA.pb cua font do truoc khi dung)	Expressive Artistic,Expressive Fancy,Expressive Rugged,Expressive Sincere,Expressive Sophisticated,Expressive Vintage,Quality Concept,Quality Drawing,Quality Spacing,Quality Wordspace,Script Formal,Seasonal Diwali	https://fonts.google.com/specimen/Felipa
Fenix	?	OFL (kiem lai METADATA.pb cua font do truoc khi dung)	Expressive Business,Expressive Competent,Expressive Loud,Expressive Rugged,Expressive Vintage,Quality Concept,Quality Drawing,Quality Spacing,Quality Wordspace,Serif Humanist Venetian,Serif Old Style Garalde	https://fonts.google.com/specimen/Fenix
Festive	?	OFL (kiem lai METADATA.pb cua font do truoc khi dung)	Expressive Artistic,Expressive Awkward,Expressive Cute,Expressive Excited,Expressive Happy,Expressive Playful,Expressive Vintage,Quality Concept,Quality Drawing,Quality Spacing,Quality Wordspace,Script Handwritten	https://fonts.google.com/specimen/Festive
Figtree	?	OFL (kiem lai METADATA.pb cua font do truoc khi dung)	Expressive Awkward,Expressive Business,Expressive Calm,Expressive Competent,Expressive Happy,Expressive Loud,Expressive Playful,Expressive Rugged,Expressive Vintage,Quality Concept,Quality Drawing,Quality Spacing	https://fonts.google.com/specimen/Figtree
Finger Paint	?	OFL (kiem lai METADATA.pb cua font do truoc khi dung)	Expressive Awkward,Expressive Childlike,Expressive Excited,Expressive Happy,Expressive Loud,Expressive Playful,Expressive Rugged,Expressive Vintage,Quality Concept,Quality Drawing,Quality Spacing,Quality Wordspace	https://fonts.google.com/specimen/Finger+Paint
Finlandica Headline	?	OFL (kiem lai METADATA.pb cua font do truoc khi dung)	Expressive Active,Expressive Awkward,Expressive Business,Expressive Calm,Expressive Competent,Expressive Happy,Expressive Loud,Expressive Playful,Expressive Rugged,Quality Concept,Quality Drawing,Quality Spacing	https://fonts.google.com/specimen/Finlandica+Headline
Finlandica Text	?	OFL (kiem lai METADATA.pb cua font do truoc khi dung)	Expressive Active,Expressive Awkward,Expressive Business,Expressive Calm,Expressive Competent,Expressive Happy,Expressive Loud,Expressive Playful,Expressive Rugged,Expressive Stiff,Quality Concept,Quality Drawing	https://fonts.google.com/specimen/Finlandica+Text
Fira Code	?	OFL (kiem lai METADATA.pb cua font do truoc khi dung)	Expressive Awkward,Expressive Business,Expressive Calm,Expressive Competent,Expressive Futuristic,Expressive Loud,Expressive Playful,Expressive Rugged,Expressive Stiff,Expressive Vintage,Monospace Monospace,Quality Concept	https://fonts.google.com/specimen/Fira+Code
Fira Mono	?	OFL (kiem lai METADATA.pb cua font do truoc khi dung)	Expressive Business,Expressive Calm,Expressive Futuristic,Expressive Loud,Expressive Rugged,Expressive Vintage,Monospace Monospace,Quality Concept,Quality Drawing,Quality Spacing,Quality Wordspace,Sans Humanist	https://fonts.google.com/specimen/Fira+Mono
Fira Sans	?	OFL (kiem lai METADATA.pb cua font do truoc khi dung)	Expressive Business,Expressive Calm,Expressive Competent,Expressive Futuristic,Expressive Loud,Expressive Rugged,Expressive Sincere,Expressive Stiff,Expressive Vintage,Quality Concept,Quality Drawing,Quality Spacing	https://fonts.google.com/specimen/Fira+Sans
Fira Sans Condensed	?	OFL (kiem lai METADATA.pb cua font do truoc khi dung)	Expressive Active,Expressive Business,Expressive Calm,Expressive Competent,Expressive Futuristic,Expressive Loud,Expressive Rugged,Expressive Sincere,Expressive Stiff,Expressive Vintage,Quality Concept,Quality Drawing	https://fonts.google.com/specimen/Fira+Sans+Condensed
Fira Sans Extra Condensed	?	OFL (kiem lai METADATA.pb cua font do truoc khi dung)	Expressive Active,Expressive Business,Expressive Calm,Expressive Competent,Expressive Futuristic,Expressive Loud,Expressive Rugged,Expressive Sincere,Expressive Stiff,Expressive Vintage,Quality Concept,Quality Drawing	https://fonts.google.com/specimen/Fira+Sans+Extra+Condensed
Fjalla One	?	OFL (kiem lai METADATA.pb cua font do truoc khi dung)	Expressive Active,Expressive Business,Expressive Competent,Expressive Excited,Expressive Futuristic,Expressive Happy,Expressive Loud,Expressive Rugged,Expressive Sincere,Expressive Stiff,Expressive Vintage,Quality Concept	https://fonts.google.com/specimen/Fjalla+One
Fjord One	?	OFL (kiem lai METADATA.pb cua font do truoc khi dung)	Expressive Business,Expressive Competent,Expressive Loud,Expressive Rugged,Expressive Sincere,Expressive Stiff,Expressive Vintage,Quality Concept,Quality Drawing,Quality Spacing,Quality Wordspace,Serif Scotch	https://fonts.google.com/specimen/Fjord+One
Flamenco	?	OFL (kiem lai METADATA.pb cua font do truoc khi dung)	Expressive Awkward,Expressive Cute,Expressive Happy,Expressive Playful,Expressive Rugged,Expressive Stiff,Expressive Vintage,Quality Concept,Quality Drawing,Quality Spacing,Quality Wordspace,Slab Humanist	https://fonts.google.com/specimen/Flamenco
Flavors	?	OFL (kiem lai METADATA.pb cua font do truoc khi dung)	Expressive Awkward,Expressive Cute,Expressive Excited,Expressive Happy,Expressive Innovative,Expressive Loud,Expressive Playful,Expressive Rugged,Expressive Vintage,Quality Concept,Quality Drawing,Quality Spacing	https://fonts.google.com/specimen/Flavors
Fleur De Leah	?	OFL (kiem lai METADATA.pb cua font do truoc khi dung)	Expressive Active,Expressive Artistic,Expressive Awkward,Expressive Cute,Expressive Fancy,Expressive Happy,Expressive Playful,Expressive Rugged,Expressive Sincere,Expressive Sophisticated,Expressive Vintage,Quality Concept	https://fonts.google.com/specimen/Fleur+De+Leah
Flow Block	?	OFL (kiem lai METADATA.pb cua font do truoc khi dung)	Quality Concept,Quality Drawing,Quality Spacing,Quality Wordspace,Special use Redaction	https://fonts.google.com/specimen/Flow+Block
Flow Circular	?	OFL (kiem lai METADATA.pb cua font do truoc khi dung)	Quality Concept,Quality Drawing,Quality Spacing,Quality Wordspace,Special use Redaction	https://fonts.google.com/specimen/Flow+Circular
Flow Rounded	?	OFL (kiem lai METADATA.pb cua font do truoc khi dung)	Quality Concept,Quality Drawing,Quality Spacing,Quality Wordspace,Special use Redaction	https://fonts.google.com/specimen/Flow+Rounded
Foldit	?	OFL (kiem lai METADATA.pb cua font do truoc khi dung)	Expressive Active,Expressive Awkward,Expressive Calm,Expressive Competent,Expressive Futuristic,Expressive Innovative,Expressive Loud,Expressive Playful,Expressive Rugged,Expressive Stiff,Expressive Vintage,Quality Concept	https://fonts.google.com/specimen/Foldit
Fondamento	?	OFL (kiem lai METADATA.pb cua font do truoc khi dung)	Expressive Awkward,Expressive Happy,Expressive Loud,Expressive Rugged,Expressive Vintage,Quality Concept,Quality Drawing,Quality Spacing,Quality Wordspace,Script Handwritten	https://fonts.google.com/specimen/Fondamento
Fontdiner Swanky	?	OFL (kiem lai METADATA.pb cua font do truoc khi dung)	Expressive Active,Expressive Awkward,Expressive Cute,Expressive Excited,Expressive Happy,Expressive Loud,Expressive Playful,Expressive Rugged,Expressive Vintage,Quality Concept,Quality Drawing,Quality Spacing	https://fonts.google.com/specimen/Fontdiner+Swanky
Forum	?	OFL (kiem lai METADATA.pb cua font do truoc khi dung)	Expressive Awkward,Expressive Business,Expressive Rugged,Expressive Vintage,Quality Concept,Quality Drawing,Quality Spacing,Quality Wordspace,Serif Modern	https://fonts.google.com/specimen/Forum
Fragment Mono	?	OFL (kiem lai METADATA.pb cua font do truoc khi dung)	Expressive Business,Expressive Calm,Expressive Futuristic,Expressive Loud,Expressive Rugged,Expressive Stiff,Expressive Vintage,Monospace Monospace,Quality Concept,Quality Drawing,Quality Spacing,Quality Wordspace	https://fonts.google.com/specimen/Fragment+Mono
Francois One	?	OFL (kiem lai METADATA.pb cua font do truoc khi dung)	Expressive Awkward,Expressive Business,Expressive Competent,Expressive Loud,Expressive Rugged,Expressive Stiff,Expressive Vintage,Quality Concept,Quality Drawing,Quality Spacing,Quality Wordspace,Sans Grotesque	https://fonts.google.com/specimen/Francois+One
Frank Ruhl Libre	?	OFL (kiem lai METADATA.pb cua font do truoc khi dung)	Expressive Awkward,Expressive Business,Expressive Calm,Expressive Competent,Expressive Fancy,Expressive Loud,Expressive Playful,Expressive Rugged,Expressive Sincere,Expressive Vintage,Quality Concept,Quality Drawing	https://fonts.google.com/specimen/Frank+Ruhl+Libre
Fraunces	?	OFL (kiem lai METADATA.pb cua font do truoc khi dung)	Expressive Awkward,Expressive Business,Expressive Cute,Expressive Fancy,Expressive Happy,Expressive Loud,Expressive Playful,Expressive Rugged,Expressive Sincere,Expressive Vintage,Quality Concept,Quality Drawing	https://fonts.google.com/specimen/Fraunces
Freckle Face	?	OFL (kiem lai METADATA.pb cua font do truoc khi dung)	Expressive Active,Expressive Awkward,Expressive Cute,Expressive Excited,Expressive Happy,Expressive Innovative,Expressive Loud,Expressive Playful,Expressive Rugged,Expressive Vintage,Quality Concept,Quality Drawing	https://fonts.google.com/specimen/Freckle+Face
Fredericka the Great	?	OFL (kiem lai METADATA.pb cua font do truoc khi dung)	Expressive Artistic,Expressive Awkward,Expressive Happy,Expressive Innovative,Expressive Playful,Expressive Rugged,Expressive Vintage,Quality Concept,Quality Drawing,Quality Spacing,Quality Wordspace,Serif Didone	https://fonts.google.com/specimen/Fredericka+the+Great
Fredoka	?	OFL (kiem lai METADATA.pb cua font do truoc khi dung)	wght@75,wght@125,Expressive Playful,Expressive Sincere,Quality Concept,Quality Drawing,Quality Spacing,Quality Wordspace,Sans Geometric,Sans Rounded	https://fonts.google.com/specimen/Fredoka
Freehand	?	OFL (kiem lai METADATA.pb cua font do truoc khi dung)	Expressive Active,Expressive Artistic,Expressive Awkward,Expressive Childlike,Expressive Excited,Expressive Loud,Expressive Playful,Expressive Rugged,Expressive Vintage,Quality Concept,Quality Drawing,Quality Spacing	https://fonts.google.com/specimen/Freehand
Freeman	?	OFL (kiem lai METADATA.pb cua font do truoc khi dung)	Expressive Active,Expressive Business,Expressive Calm,Expressive Loud,Expressive Playful,Expressive Rugged,Expressive Stiff,Expressive Vintage,Quality Concept,Quality Drawing,Quality Spacing,Quality Wordspace	https://fonts.google.com/specimen/Freeman
Fresca	?	OFL (kiem lai METADATA.pb cua font do truoc khi dung)	Expressive Happy,Expressive Loud,Expressive Playful,Expressive Rugged,Expressive Vintage,Quality Concept,Quality Drawing,Quality Spacing,Quality Wordspace,Sans Geometric,Sans Glyphic,Sans Humanist	https://fonts.google.com/specimen/Fresca
Frijole	?	OFL (kiem lai METADATA.pb cua font do truoc khi dung)	Expressive Awkward,Expressive Cute,Expressive Excited,Expressive Innovative,Expressive Loud,Expressive Playful,Expressive Rugged,Expressive Vintage,Quality Concept,Quality Drawing,Quality Spacing,Quality Wordspace	https://fonts.google.com/specimen/Frijole
Fruktur	?	OFL (kiem lai METADATA.pb cua font do truoc khi dung)	Expressive Active,Expressive Artistic,Expressive Awkward,Expressive Business,Expressive Cute,Expressive Excited,Expressive Happy,Expressive Innovative,Expressive Loud,Expressive Playful,Expressive Rugged,Expressive Vintage	https://fonts.google.com/specimen/Fruktur
Fugaz One	?	OFL (kiem lai METADATA.pb cua font do truoc khi dung)	Expressive Active,Expressive Awkward,Expressive Cute,Expressive Excited,Expressive Happy,Expressive Loud,Expressive Playful,Expressive Rugged,Expressive Sincere,Expressive Stiff,Expressive Vintage,Quality Concept	https://fonts.google.com/specimen/Fugaz+One
Fuggles	?	OFL (kiem lai METADATA.pb cua font do truoc khi dung)	Expressive Artistic,Expressive Awkward,Expressive Childlike,Expressive Cute,Expressive Excited,Expressive Happy,Expressive Playful,Expressive Rugged,Expressive Vintage,Quality Concept,Quality Drawing,Quality Spacing	https://fonts.google.com/specimen/Fuggles
Funnel Display	?	OFL (kiem lai METADATA.pb cua font do truoc khi dung)	Expressive Awkward,Expressive Business,Expressive Calm,Expressive Competent,Expressive Futuristic,Expressive Loud,Expressive Playful,Expressive Rugged,Expressive Stiff,Expressive Vintage,Quality Concept,Quality Drawing	https://fonts.google.com/specimen/Funnel+Display
Funnel Sans	?	OFL (kiem lai METADATA.pb cua font do truoc khi dung)	Expressive Awkward,Expressive Business,Expressive Calm,Expressive Competent,Expressive Loud,Expressive Playful,Expressive Rugged,Expressive Stiff,Expressive Vintage,Quality Concept,Quality Drawing,Quality Spacing	https://fonts.google.com/specimen/Funnel+Sans
Fustat	?	OFL (kiem lai METADATA.pb cua font do truoc khi dung)	Expressive Awkward,Expressive Business,Expressive Calm,Expressive Competent,Expressive Loud,Expressive Playful,Expressive Rugged,Expressive Stiff,Expressive Vintage,Quality Concept,Quality Drawing,Quality Spacing	https://fonts.google.com/specimen/Fustat
Fuzzy Bubbles	?	OFL (kiem lai METADATA.pb cua font do truoc khi dung)	Expressive Active,Expressive Artistic,Expressive Awkward,Expressive Childlike,Expressive Cute,Expressive Excited,Expressive Happy,Expressive Loud,Expressive Playful,Expressive Rugged,Expressive Sincere,Expressive Vintage	https://fonts.google.com/specimen/Fuzzy+Bubbles
Ga Maamli	?	OFL (kiem lai METADATA.pb cua font do truoc khi dung)	Expressive Active,Expressive Artistic,Expressive Awkward,Expressive Childlike,Expressive Excited,Expressive Happy,Expressive Innovative,Expressive Loud,Expressive Playful,Expressive Rugged,Expressive Vintage,Quality Concept	https://fonts.google.com/specimen/Ga+Maamli
Gabarito	?	OFL (kiem lai METADATA.pb cua font do truoc khi dung)	Expressive Awkward,Expressive Business,Expressive Calm,Expressive Competent,Expressive Cute,Expressive Happy,Expressive Loud,Expressive Playful,Expressive Rugged,Expressive Vintage,Quality Concept,Quality Drawing	https://fonts.google.com/specimen/Gabarito
Gabriela	?	OFL (kiem lai METADATA.pb cua font do truoc khi dung)	Expressive Awkward,Expressive Business,Expressive Cute,Expressive Happy,Expressive Loud,Expressive Playful,Expressive Rugged,Expressive Sincere,Expressive Vintage,Quality Concept,Quality Drawing,Quality Spacing	https://fonts.google.com/specimen/Gabriela
Gaegu	?	OFL (kiem lai METADATA.pb cua font do truoc khi dung)	Expressive Awkward,Expressive Childlike,Expressive Cute,Expressive Happy,Expressive Playful,Expressive Rugged,Expressive Vintage,Quality Concept,Quality Drawing,Quality Spacing,Quality Wordspace,Sans Rounded	https://fonts.google.com/specimen/Gaegu
Gafata	?	OFL (kiem lai METADATA.pb cua font do truoc khi dung)	Expressive Business,Expressive Calm,Expressive Rugged,Expressive Stiff,Expressive Vintage,Quality Concept,Quality Drawing,Quality Spacing,Quality Wordspace,Sans Humanist	https://fonts.google.com/specimen/Gafata
Gajraj One	?	OFL (kiem lai METADATA.pb cua font do truoc khi dung)	Expressive Awkward,Expressive Excited,Expressive Loud,Expressive Rugged,Expressive Stiff,Expressive Vintage,Quality Concept,Quality Drawing,Quality Spacing,Quality Wordspace	https://fonts.google.com/specimen/Gajraj+One
Galada	?	OFL (kiem lai METADATA.pb cua font do truoc khi dung)	Expressive Active,Expressive Artistic,Expressive Cute,Expressive Excited,Expressive Fancy,Expressive Happy,Expressive Loud,Expressive Playful,Expressive Rugged,Expressive Sincere,Expressive Vintage,Quality Concept	https://fonts.google.com/specimen/Galada
Galdeano	?	OFL (kiem lai METADATA.pb cua font do truoc khi dung)	Expressive Business,Expressive Loud,Expressive Rugged,Expressive Sincere,Expressive Stiff,Expressive Vintage,Quality Concept,Quality Drawing,Quality Spacing,Quality Wordspace,Sans Glyphic	https://fonts.google.com/specimen/Galdeano
Galindo	?	OFL (kiem lai METADATA.pb cua font do truoc khi dung)	Expressive Active,Expressive Awkward,Expressive Cute,Expressive Excited,Expressive Happy,Expressive Loud,Expressive Playful,Expressive Rugged,Expressive Vintage,Quality Concept,Quality Drawing,Quality Spacing	https://fonts.google.com/specimen/Galindo
Gamja Flower	?	OFL (kiem lai METADATA.pb cua font do truoc khi dung)	Expressive Awkward,Expressive Childlike,Expressive Cute,Expressive Excited,Expressive Playful,Expressive Rugged,Expressive Sincere,Expressive Vintage,Quality Concept,Quality Drawing,Quality Spacing,Quality Wordspace	https://fonts.google.com/specimen/Gamja+Flower
Gantari	?	OFL (kiem lai METADATA.pb cua font do truoc khi dung)	Expressive Awkward,Expressive Business,Expressive Calm,Expressive Competent,Expressive Loud,Expressive Playful,Expressive Rugged,Expressive Stiff,Expressive Vintage,Quality Concept,Quality Drawing,Quality Spacing	https://fonts.google.com/specimen/Gantari
Gasoek One	?	OFL (kiem lai METADATA.pb cua font do truoc khi dung)	Expressive Awkward,Expressive Business,Expressive Cute,Expressive Futuristic,Expressive Happy,Expressive Innovative,Expressive Loud,Expressive Rugged,Expressive Stiff,Expressive Vintage,Quality Concept,Quality Drawing	https://fonts.google.com/specimen/Gasoek+One
Gayathri	?	OFL (kiem lai METADATA.pb cua font do truoc khi dung)	Expressive Awkward,Expressive Calm,Expressive Cute,Expressive Playful,Expressive Rugged,Expressive Sincere,Expressive Vintage,Quality Concept,Quality Drawing,Quality Spacing,Quality Wordspace,Sans Grotesque	https://fonts.google.com/specimen/Gayathri
Geist	?	OFL (kiem lai METADATA.pb cua font do truoc khi dung)	Expressive Awkward,Expressive Business,Expressive Calm,Expressive Competent,Expressive Loud,Expressive Playful,Expressive Rugged,Expressive Vintage,Quality Concept,Quality Drawing,Quality Spacing,Quality Wordspace	https://fonts.google.com/specimen/Geist
Geist Mono	?	OFL (kiem lai METADATA.pb cua font do truoc khi dung)	Expressive Awkward,Expressive Business,Expressive Calm,Expressive Competent,Expressive Futuristic,Expressive Loud,Expressive Playful,Expressive Rugged,Expressive Stiff,Expressive Vintage,Monospace Monospace,Quality Concept	https://fonts.google.com/specimen/Geist+Mono
Geist Pixel	?	OFL (kiem lai METADATA.pb cua font do truoc khi dung)	Expressive Artistic,Expressive Awkward,Expressive Excited,Expressive Futuristic,Expressive Innovative,Expressive Loud,Expressive Playful,Expressive Rugged,Expressive Sincere,Expressive Stiff,Expressive Vintage,Quality Concept	https://fonts.google.com/specimen/Geist+Pixel
Gelasio	?	OFL (kiem lai METADATA.pb cua font do truoc khi dung)	Expressive Awkward,Expressive Business,Expressive Calm,Expressive Competent,Expressive Fancy,Expressive Loud,Expressive Playful,Expressive Rugged,Expressive Sincere,Expressive Stiff,Expressive Vintage,Quality Concept	https://fonts.google.com/specimen/Gelasio
Gemunu Libre	?	OFL (kiem lai METADATA.pb cua font do truoc khi dung)	Expressive Active,Expressive Awkward,Expressive Calm,Expressive Competent,Expressive Futuristic,Expressive Loud,Expressive Playful,Expressive Rugged,Expressive Stiff,Expressive Vintage,Quality Concept,Quality Drawing	https://fonts.google.com/specimen/Gemunu+Libre
Genos	?	OFL (kiem lai METADATA.pb cua font do truoc khi dung)	Expressive Awkward,Expressive Calm,Expressive Competent,Expressive Futuristic,Expressive Happy,Expressive Loud,Expressive Playful,Expressive Rugged,Expressive Stiff,Expressive Vintage,Quality Concept,Quality Drawing	https://fonts.google.com/specimen/Genos
Gentium Book Plus	?	OFL (kiem lai METADATA.pb cua font do truoc khi dung)	Expressive Business,Expressive Competent,Expressive Loud,Expressive Rugged,Expressive Sincere,Expressive Vintage,Quality Concept,Quality Drawing,Quality Spacing,Quality Wordspace,Serif Humanist Venetian,Serif Transitional	https://fonts.google.com/specimen/Gentium+Book+Plus
Gentium Plus	?	OFL (kiem lai METADATA.pb cua font do truoc khi dung)	Expressive Business,Expressive Loud,Expressive Rugged,Expressive Sincere,Expressive Vintage,Quality Concept,Quality Drawing,Quality Spacing,Quality Wordspace,Serif Humanist Venetian,Serif Transitional	https://fonts.google.com/specimen/Gentium+Plus
Geo	?	OFL (kiem lai METADATA.pb cua font do truoc khi dung)	Expressive Awkward,Expressive Futuristic,Expressive Rugged,Expressive Stiff,Expressive Vintage,Quality Concept,Quality Drawing,Quality Spacing,Quality Wordspace,Sans Geometric,Theme Techno	https://fonts.google.com/specimen/Geo
Geologica	?	OFL (kiem lai METADATA.pb cua font do truoc khi dung)	Expressive Awkward,Expressive Business,Expressive Calm,Expressive Competent,Expressive Loud,Expressive Playful,Expressive Rugged,Expressive Stiff,Expressive Vintage,Quality Concept,Quality Drawing,Quality Spacing	https://fonts.google.com/specimen/Geologica
Geom	?	OFL (kiem lai METADATA.pb cua font do truoc khi dung)	Expressive Active,Expressive Awkward,Expressive Calm,Expressive Competent,Expressive Futuristic,Expressive Happy,Expressive Loud,Expressive Playful,Expressive Rugged,Quality Concept,Quality Drawing,Quality Spacing	https://fonts.google.com/specimen/Geom
Geomini	?	OFL (kiem lai METADATA.pb cua font do truoc khi dung)	Expressive Awkward,Expressive Calm,Expressive Competent,Expressive Playful	https://fonts.google.com/specimen/Geomini
Georama	?	OFL (kiem lai METADATA.pb cua font do truoc khi dung)	wght@62.5,wght@150,Expressive Playful,Expressive Stiff,Quality Concept,Quality Drawing,Quality Spacing,Quality Wordspace,Sans Humanist,Sans Superellipse	https://fonts.google.com/specimen/Georama
Geostar	?	OFL (kiem lai METADATA.pb cua font do truoc khi dung)	Expressive Awkward,Expressive Futuristic,Expressive Innovative,Expressive Playful,Expressive Rugged,Expressive Stiff,Expressive Vintage,Quality Concept,Quality Drawing,Quality Spacing,Quality Wordspace,Theme Inline	https://fonts.google.com/specimen/Geostar
Geostar Fill	?	OFL (kiem lai METADATA.pb cua font do truoc khi dung)	Expressive Awkward,Expressive Futuristic,Expressive Innovative,Expressive Playful,Expressive Rugged,Expressive Stiff,Expressive Vintage,Quality Concept,Quality Drawing,Quality Spacing,Quality Wordspace	https://fonts.google.com/specimen/Geostar+Fill
Germania One	?	OFL (kiem lai METADATA.pb cua font do truoc khi dung)	Expressive Artistic,Expressive Awkward,Expressive Business,Expressive Loud,Expressive Playful,Expressive Rugged,Expressive Vintage,Quality Concept,Quality Drawing,Quality Spacing,Quality Wordspace,Sans Geometric	https://fonts.google.com/specimen/Germania+One
GFS Didot	?	OFL (kiem lai METADATA.pb cua font do truoc khi dung)	Expressive Business,Expressive Competent,Expressive Loud,Expressive Rugged,Expressive Sincere,Expressive Vintage,Quality Concept,Quality Drawing,Quality Spacing,Quality Wordspace,Serif Didone	https://fonts.google.com/specimen/GFS+Didot
GFS Neohellenic	?	OFL (kiem lai METADATA.pb cua font do truoc khi dung)	Expressive Business,Expressive Calm,Expressive Rugged,Expressive Vintage,Quality Concept,Quality Drawing,Quality Spacing,Quality Wordspace,Sans Humanist	https://fonts.google.com/specimen/GFS+Neohellenic
Gideon Roman	?	OFL (kiem lai METADATA.pb cua font do truoc khi dung)	Expressive Awkward,Expressive Business,Expressive Rugged,Expressive Sincere,Expressive Vintage,Quality Concept,Quality Drawing,Quality Spacing,Quality Wordspace,Serif Humanist Venetian,Serif Transitional	https://fonts.google.com/specimen/Gideon+Roman
Gidole	?	OFL (kiem lai METADATA.pb cua font do truoc khi dung)	Expressive Business,Expressive Calm,Expressive Competent,Expressive Futuristic,Expressive Loud,Expressive Rugged,Expressive Stiff,Expressive Vintage,Quality Concept,Quality Drawing,Quality Spacing,Quality Wordspace	https://fonts.google.com/specimen/Gidole
Gidugu	?	OFL (kiem lai METADATA.pb cua font do truoc khi dung)	Expressive Awkward,Expressive Business,Expressive Calm,Expressive Loud,Expressive Rugged,Expressive Stiff,Expressive Vintage,Quality Concept,Quality Drawing,Quality Spacing,Quality Wordspace,Sans Grotesque	https://fonts.google.com/specimen/Gidugu
Gilda Display	?	OFL (kiem lai METADATA.pb cua font do truoc khi dung)	Expressive Business,Expressive Rugged,Expressive Sincere,Expressive Vintage,Quality Concept,Quality Drawing,Quality Spacing,Quality Wordspace,Serif Transitional	https://fonts.google.com/specimen/Gilda+Display
Girassol	?	OFL (kiem lai METADATA.pb cua font do truoc khi dung)	Expressive Awkward,Expressive Rugged,Expressive Vintage,Quality Concept,Quality Drawing,Quality Spacing,Quality Wordspace,Serif Old Style Garalde	https://fonts.google.com/specimen/Girassol
Give You Glory	?	OFL (kiem lai METADATA.pb cua font do truoc khi dung)	Expressive Artistic,Expressive Awkward,Expressive Childlike,Expressive Cute,Expressive Excited,Expressive Happy,Expressive Playful,Expressive Rugged,Expressive Sincere,Expressive Vintage,Quality Concept,Quality Drawing	https://fonts.google.com/specimen/Give+You+Glory
Glass Antiqua	?	OFL (kiem lai METADATA.pb cua font do truoc khi dung)	Expressive Awkward,Expressive Happy,Expressive Playful,Expressive Rugged,Expressive Sincere,Expressive Vintage,Quality Concept,Quality Drawing,Quality Spacing,Quality Wordspace,Theme Art Nouveau,Theme Wacky	https://fonts.google.com/specimen/Glass+Antiqua
Glegoo	?	OFL (kiem lai METADATA.pb cua font do truoc khi dung)	Expressive Business,Expressive Futuristic,Expressive Rugged,Expressive Sincere,Expressive Stiff,Expressive Vintage,Quality Concept,Quality Drawing,Quality Spacing,Quality Wordspace,Slab Humanist	https://fonts.google.com/specimen/Glegoo
Gloock	?	OFL (kiem lai METADATA.pb cua font do truoc khi dung)	Expressive Business,Expressive Loud,Expressive Rugged,Expressive Vintage,Quality Concept,Quality Drawing,Quality Spacing,Quality Wordspace,Serif Fat Face,Serif Transitional	https://fonts.google.com/specimen/Gloock
Gloria Hallelujah	?	OFL (kiem lai METADATA.pb cua font do truoc khi dung)	Expressive Artistic,Expressive Awkward,Expressive Childlike,Expressive Excited,Expressive Happy,Expressive Loud,Expressive Playful,Expressive Rugged,Expressive Sincere,Expressive Vintage,Quality Concept,Quality Drawing	https://fonts.google.com/specimen/Gloria+Hallelujah
Glory	?	OFL (kiem lai METADATA.pb cua font do truoc khi dung)	Expressive Awkward,Expressive Calm,Expressive Competent,Expressive Futuristic,Expressive Happy,Expressive Playful,Expressive Rugged,Expressive Vintage,Quality Concept,Quality Drawing,Quality Spacing,Quality Wordspace	https://fonts.google.com/specimen/Glory
Gluten	?	OFL (kiem lai METADATA.pb cua font do truoc khi dung)	Expressive Active,Expressive Awkward,Expressive Cute,Expressive Excited,Expressive Happy,Expressive Loud,Expressive Playful,Expressive Rugged,Expressive Vintage,Quality Concept,Quality Drawing,Quality Spacing	https://fonts.google.com/specimen/Gluten
Goblin One	?	OFL (kiem lai METADATA.pb cua font do truoc khi dung)	Expressive Active,Expressive Awkward,Expressive Happy,Expressive Loud,Expressive Rugged,Expressive Vintage,Quality Concept,Quality Drawing,Quality Spacing,Quality Wordspace,Serif Fat Face,Theme Woodtype	https://fonts.google.com/specimen/Goblin+One
Gochi Hand	?	OFL (kiem lai METADATA.pb cua font do truoc khi dung)	Expressive Active,Expressive Artistic,Expressive Awkward,Expressive Childlike,Expressive Cute,Expressive Excited,Expressive Happy,Expressive Loud,Expressive Playful,Expressive Rugged,Expressive Sincere,Expressive Vintage	https://fonts.google.com/specimen/Gochi+Hand
Goldman	?	OFL (kiem lai METADATA.pb cua font do truoc khi dung)	Expressive Awkward,Expressive Calm,Expressive Futuristic,Expressive Loud,Expressive Rugged,Expressive Stiff,Expressive Vintage,Quality Concept,Quality Drawing,Quality Spacing,Quality Wordspace,Sans Superellipse	https://fonts.google.com/specimen/Goldman
Golos Text	?	OFL (kiem lai METADATA.pb cua font do truoc khi dung)	Expressive Awkward,Expressive Business,Expressive Calm,Expressive Competent,Expressive Futuristic,Expressive Happy,Expressive Loud,Expressive Playful,Expressive Rugged,Expressive Stiff,Expressive Vintage,Quality Concept	https://fonts.google.com/specimen/Golos+Text
Google Sans	?	OFL (kiem lai METADATA.pb cua font do truoc khi dung)	Expressive Awkward,Expressive Business,Expressive Calm,Expressive Competent,Expressive Innovative,Expressive Playful,Expressive Rugged,Quality Concept,Quality Drawing,Quality Spacing,Quality Wordspace,Sans Geometric	https://fonts.google.com/specimen/Google+Sans
Google Sans Code	?	OFL (kiem lai METADATA.pb cua font do truoc khi dung)	Expressive Awkward,Expressive Business,Expressive Calm,Expressive Futuristic,Expressive Loud,Expressive Playful,Expressive Rugged,Expressive Stiff,Expressive Vintage,Monospace Monospace,Quality Concept,Quality Drawing	https://fonts.google.com/specimen/Google+Sans+Code
Google Sans Flex	?	OFL (kiem lai METADATA.pb cua font do truoc khi dung)	wght@25,wght@151,Expressive Innovative,Expressive Playful,Quality Concept,Quality Drawing,Quality Spacing,Quality Wordspace,Sans Geometric,Sans Grotesque	https://fonts.google.com/specimen/Google+Sans+Flex
Gorditas	?	OFL (kiem lai METADATA.pb cua font do truoc khi dung)	Expressive Active,Expressive Awkward,Expressive Cute,Expressive Excited,Expressive Happy,Expressive Innovative,Expressive Loud,Expressive Playful,Expressive Rugged,Expressive Sincere,Expressive Vintage,Quality Concept	https://fonts.google.com/specimen/Gorditas
Gothic A1	?	OFL (kiem lai METADATA.pb cua font do truoc khi dung)	Expressive Business,Expressive Calm,Expressive Competent,Expressive Rugged,Expressive Sincere,Expressive Stiff,Expressive Vintage,Quality Concept,Quality Drawing,Quality Spacing,Quality Wordspace,Sans Humanist	https://fonts.google.com/specimen/Gothic+A1
Gotu	?	OFL (kiem lai METADATA.pb cua font do truoc khi dung)	Expressive Calm,Expressive Rugged,Expressive Stiff,Expressive Vintage,Quality Concept,Quality Drawing,Quality Spacing,Quality Wordspace,Sans Humanist	https://fonts.google.com/specimen/Gotu
Goudy Bookletter 1911	?	OFL (kiem lai METADATA.pb cua font do truoc khi dung)	Expressive Business,Expressive Rugged,Expressive Vintage,Quality Concept,Quality Drawing,Quality Spacing,Quality Wordspace,Serif Old Style Garalde	https://fonts.google.com/specimen/Goudy+Bookletter+1911
Gowun Batang	?	OFL (kiem lai METADATA.pb cua font do truoc khi dung)	Expressive Business,Expressive Rugged,Expressive Sincere,Expressive Stiff,Expressive Vintage,Quality Concept,Quality Drawing,Quality Spacing,Quality Wordspace,Seasonal Lunar New Year,Serif Transitional	https://fonts.google.com/specimen/Gowun+Batang
Gowun Dodum	?	OFL (kiem lai METADATA.pb cua font do truoc khi dung)	Expressive Business,Expressive Calm,Expressive Rugged,Expressive Sincere,Expressive Vintage,Quality Concept,Quality Drawing,Quality Spacing,Quality Wordspace,Sans Humanist,Sans Neo Grotesque	https://fonts.google.com/specimen/Gowun+Dodum
Graduate	?	OFL (kiem lai METADATA.pb cua font do truoc khi dung)	Expressive Active,Expressive Loud,Expressive Rugged,Expressive Stiff,Expressive Vintage,Quality Concept,Quality Drawing,Quality Spacing,Quality Wordspace,Slab Geometric	https://fonts.google.com/specimen/Graduate
Grand Hotel	?	OFL (kiem lai METADATA.pb cua font do truoc khi dung)	Expressive Artistic,Expressive Cute,Expressive Excited,Expressive Fancy,Expressive Happy,Expressive Loud,Expressive Playful,Expressive Rugged,Expressive Vintage,Quality Concept,Quality Drawing,Quality Spacing	https://fonts.google.com/specimen/Grand+Hotel
Grandiflora One	?	OFL (kiem lai METADATA.pb cua font do truoc khi dung)	Expressive Cute,Expressive Playful,Expressive Rugged,Expressive Vintage,Quality Concept,Quality Drawing,Quality Spacing,Quality Wordspace,Seasonal Lunar New Year,Slab Geometric	https://fonts.google.com/specimen/Grandiflora+One
Grandstander	?	OFL (kiem lai METADATA.pb cua font do truoc khi dung)	Expressive Awkward,Expressive Business,Expressive Calm,Expressive Competent,Expressive Cute,Expressive Excited,Expressive Happy,Expressive Loud,Expressive Playful,Expressive Rugged,Expressive Sincere,Expressive Vintage	https://fonts.google.com/specimen/Grandstander
Grape Nuts	?	OFL (kiem lai METADATA.pb cua font do truoc khi dung)	Expressive Active,Expressive Artistic,Expressive Awkward,Expressive Childlike,Expressive Excited,Expressive Happy,Expressive Playful,Expressive Rugged,Expressive Sincere,Expressive Vintage,Quality Concept,Quality Drawing	https://fonts.google.com/specimen/Grape+Nuts
Gravitas One	?	OFL (kiem lai METADATA.pb cua font do truoc khi dung)	Expressive Awkward,Expressive Cute,Expressive Excited,Expressive Loud,Expressive Rugged,Expressive Vintage,Quality Concept,Quality Drawing,Quality Spacing,Quality Wordspace,Seasonal Valentine's Day,Serif Fat Face	https://fonts.google.com/specimen/Gravitas+One
Great Vibes	?	OFL (kiem lai METADATA.pb cua font do truoc khi dung)	Expressive Active,Expressive Artistic,Expressive Excited,Expressive Fancy,Expressive Happy,Expressive Rugged,Expressive Sophisticated,Expressive Vintage,Quality Concept,Quality Drawing,Quality Spacing,Quality Wordspace	https://fonts.google.com/specimen/Great+Vibes
Grechen Fuemen	?	OFL (kiem lai METADATA.pb cua font do truoc khi dung)	Expressive Active,Expressive Artistic,Expressive Awkward,Expressive Excited,Expressive Happy,Expressive Playful,Expressive Rugged,Expressive Vintage,Quality Concept,Quality Drawing,Quality Spacing,Quality Wordspace	https://fonts.google.com/specimen/Grechen+Fuemen
Grenze	?	OFL (kiem lai METADATA.pb cua font do truoc khi dung)	Expressive Artistic,Expressive Awkward,Expressive Calm,Expressive Competent,Expressive Loud,Expressive Playful,Expressive Rugged,Expressive Stiff,Expressive Vintage,Quality Concept,Quality Drawing,Quality Spacing	https://fonts.google.com/specimen/Grenze
Grenze Gotisch	?	OFL (kiem lai METADATA.pb cua font do truoc khi dung)	Expressive Artistic,Expressive Awkward,Expressive Calm,Expressive Competent,Expressive Loud,Expressive Playful,Expressive Rugged,Expressive Stiff,Expressive Vintage,Quality Concept,Quality Drawing,Quality Spacing	https://fonts.google.com/specimen/Grenze+Gotisch
Grey Qo	?	OFL (kiem lai METADATA.pb cua font do truoc khi dung)	Expressive Active,Expressive Artistic,Expressive Awkward,Expressive Excited,Expressive Fancy,Expressive Happy,Expressive Playful,Expressive Rugged,Expressive Vintage,Quality Concept,Quality Drawing,Quality Spacing	https://fonts.google.com/specimen/Grey+Qo
Griffy	?	OFL (kiem lai METADATA.pb cua font do truoc khi dung)	Expressive Active,Expressive Awkward,Expressive Cute,Expressive Excited,Expressive Happy,Expressive Playful,Expressive Rugged,Expressive Sincere,Expressive Vintage,Quality Concept,Quality Drawing,Quality Spacing	https://fonts.google.com/specimen/Griffy
Gruppo	?	OFL (kiem lai METADATA.pb cua font do truoc khi dung)	Expressive Business,Expressive Calm,Expressive Excited,Expressive Futuristic,Expressive Playful,Expressive Rugged,Expressive Stiff,Expressive Vintage,Quality Concept,Quality Drawing,Quality Spacing,Quality Wordspace	https://fonts.google.com/specimen/Gruppo
Gudea	?	OFL (kiem lai METADATA.pb cua font do truoc khi dung)	Expressive Business,Expressive Calm,Expressive Competent,Expressive Loud,Expressive Rugged,Expressive Stiff,Expressive Vintage,Quality Concept,Quality Drawing,Quality Spacing,Quality Wordspace,Sans Humanist	https://fonts.google.com/specimen/Gudea
Gugi	?	OFL (kiem lai METADATA.pb cua font do truoc khi dung)	Expressive Awkward,Expressive Futuristic,Expressive Loud,Expressive Rugged,Expressive Stiff,Expressive Vintage,Quality Concept,Quality Drawing,Quality Spacing,Quality Wordspace,Sans Rounded,Sans Superellipse	https://fonts.google.com/specimen/Gugi
Gulzar	?	OFL (kiem lai METADATA.pb cua font do truoc khi dung)	Expressive Business,Expressive Competent,Expressive Loud,Expressive Rugged,Expressive Sincere,Expressive Vintage,Quality Concept,Quality Drawing,Quality Spacing,Quality Wordspace,Serif Transitional	https://fonts.google.com/specimen/Gulzar
Gupter	?	OFL (kiem lai METADATA.pb cua font do truoc khi dung)	Expressive Business,Expressive Rugged,Expressive Sincere,Expressive Vintage,Quality Concept,Quality Drawing,Quality Spacing,Quality Wordspace,Serif Transitional	https://fonts.google.com/specimen/Gupter
Gurajada	?	OFL (kiem lai METADATA.pb cua font do truoc khi dung)	Expressive Loud,Expressive Rugged,Expressive Vintage,Quality Concept,Quality Drawing,Quality Spacing,Quality Wordspace,Sans Glyphic,Sans Humanist,Seasonal Diwali,Seasonal Holi	https://fonts.google.com/specimen/Gurajada
Gveret Levin	?	OFL (kiem lai METADATA.pb cua font do truoc khi dung)	Expressive Active,Expressive Artistic,Expressive Awkward,Expressive Childlike,Expressive Cute,Expressive Excited,Expressive Happy,Expressive Playful,Quality Concept,Quality Drawing,Quality Spacing,Quality Wordspace	https://fonts.google.com/specimen/Gveret+Levin
Gwendolyn	?	OFL (kiem lai METADATA.pb cua font do truoc khi dung)	Expressive Active,Expressive Artistic,Expressive Cute,Expressive Excited,Expressive Fancy,Expressive Happy,Expressive Rugged,Expressive Sophisticated,Expressive Vintage,Quality Concept,Quality Drawing,Quality Spacing	https://fonts.google.com/specimen/Gwendolyn
Habibi	?	OFL (kiem lai METADATA.pb cua font do truoc khi dung)	Expressive Business,Expressive Competent,Expressive Loud,Expressive Rugged,Expressive Sincere,Expressive Vintage,Quality Concept,Quality Drawing,Quality Spacing,Quality Wordspace,Serif Old Style Garalde	https://fonts.google.com/specimen/Habibi
Hachi Maru Pop	?	OFL (kiem lai METADATA.pb cua font do truoc khi dung)	Expressive Active,Expressive Awkward,Expressive Childlike,Expressive Cute,Expressive Excited,Expressive Happy,Expressive Innovative,Expressive Playful,Expressive Rugged,Expressive Vintage,Quality Concept,Quality Drawing	https://fonts.google.com/specimen/Hachi+Maru+Pop
Hahmlet	?	OFL (kiem lai METADATA.pb cua font do truoc khi dung)	Expressive Awkward,Expressive Business,Expressive Calm,Expressive Competent,Expressive Fancy,Expressive Loud,Expressive Playful,Expressive Rugged,Expressive Sincere,Expressive Vintage,Quality Concept,Quality Drawing	https://fonts.google.com/specimen/Hahmlet
Halant	?	OFL (kiem lai METADATA.pb cua font do truoc khi dung)	Expressive Business,Expressive Competent,Expressive Rugged,Expressive Sincere,Expressive Stiff,Expressive Vintage,Quality Concept,Quality Drawing,Quality Spacing,Quality Wordspace,Serif Transitional	https://fonts.google.com/specimen/Halant
Hammersmith One	?	OFL (kiem lai METADATA.pb cua font do truoc khi dung)	Expressive Business,Expressive Calm,Expressive Cute,Expressive Loud,Expressive Rugged,Expressive Sincere,Expressive Stiff,Expressive Vintage,Quality Concept,Quality Drawing,Quality Spacing,Quality Wordspace	https://fonts.google.com/specimen/Hammersmith+One
Hanalei	?	OFL (kiem lai METADATA.pb cua font do truoc khi dung)	Expressive Awkward,Expressive Innovative,Expressive Playful,Expressive Rugged,Expressive Sincere,Expressive Vintage,Quality Concept,Quality Drawing,Quality Spacing,Quality Wordspace,Sans Glyphic,Theme Wacky	https://fonts.google.com/specimen/Hanalei
Hanalei Fill	?	OFL (kiem lai METADATA.pb cua font do truoc khi dung)	Expressive Awkward,Expressive Innovative,Expressive Playful,Expressive Rugged,Expressive Sincere,Expressive Vintage,Quality Concept,Quality Drawing,Quality Spacing,Quality Wordspace,Sans Glyphic,Theme Wacky	https://fonts.google.com/specimen/Hanalei+Fill
Handjet	?	OFL (kiem lai METADATA.pb cua font do truoc khi dung)	Expressive Awkward,Expressive Futuristic,Expressive Innovative,Expressive Loud,Expressive Playful,Expressive Rugged,Expressive Stiff,Expressive Vintage,Quality Concept,Quality Drawing,Quality Spacing,Quality Wordspace	https://fonts.google.com/specimen/Handjet
Handlee	?	OFL (kiem lai METADATA.pb cua font do truoc khi dung)	Expressive Active,Expressive Childlike,Expressive Cute,Expressive Excited,Expressive Happy,Expressive Playful,Expressive Rugged,Expressive Sincere,Expressive Vintage,Quality Concept,Quality Drawing,Quality Spacing	https://fonts.google.com/specimen/Handlee
Hanken Grotesk	?	OFL (kiem lai METADATA.pb cua font do truoc khi dung)	Expressive Awkward,Expressive Business,Expressive Calm,Expressive Competent,Expressive Happy,Expressive Loud,Expressive Playful,Expressive Rugged,Expressive Stiff,Expressive Vintage,Quality Concept,Quality Drawing	https://fonts.google.com/specimen/Hanken+Grotesk
Hanuman	?	OFL (kiem lai METADATA.pb cua font do truoc khi dung)	Expressive Awkward,Expressive Business,Expressive Calm,Expressive Competent,Expressive Loud,Expressive Playful,Expressive Rugged,Expressive Vintage,Quality Concept,Quality Drawing,Quality Spacing,Quality Wordspace	https://fonts.google.com/specimen/Hanuman
Happy Monkey	?	OFL (kiem lai METADATA.pb cua font do truoc khi dung)	Expressive Cute,Expressive Excited,Expressive Happy,Expressive Loud,Expressive Playful,Expressive Rugged,Expressive Sincere,Expressive Vintage,Quality Concept,Quality Drawing,Quality Spacing,Quality Wordspace	https://fonts.google.com/specimen/Happy+Monkey
Harmattan	?	OFL (kiem lai METADATA.pb cua font do truoc khi dung)	Expressive Calm,Expressive Loud,Expressive Rugged,Expressive Sincere,Expressive Vintage,Quality Concept,Quality Drawing,Quality Spacing,Quality Wordspace,Sans Grotesque,Sans Neo Grotesque	https://fonts.google.com/specimen/Harmattan
Headland One	?	OFL (kiem lai METADATA.pb cua font do truoc khi dung)	Expressive Business,Expressive Competent,Expressive Loud,Expressive Rugged,Expressive Sincere,Expressive Vintage,Quality Concept,Quality Drawing,Quality Spacing,Quality Wordspace,Serif Humanist Venetian	https://fonts.google.com/specimen/Headland+One
Hedvig Letters Sans	?	OFL (kiem lai METADATA.pb cua font do truoc khi dung)	Expressive Business,Expressive Calm,Expressive Competent,Expressive Loud,Expressive Rugged,Expressive Sincere,Expressive Vintage,Quality Concept,Quality Drawing,Quality Spacing,Quality Wordspace,Sans Neo Grotesque	https://fonts.google.com/specimen/Hedvig+Letters+Sans
Hedvig Letters Serif	?	OFL (kiem lai METADATA.pb cua font do truoc khi dung)	Expressive Business,Expressive Competent,Expressive Loud,Expressive Rugged,Expressive Sincere,Expressive Vintage,Quality Concept,Quality Drawing,Quality Spacing,Quality Wordspace,Serif Old Style Garalde	https://fonts.google.com/specimen/Hedvig+Letters+Serif
Heebo	?	OFL (kiem lai METADATA.pb cua font do truoc khi dung)	Expressive Awkward,Expressive Calm,Expressive Competent,Expressive Loud,Expressive Playful,Expressive Rugged,Expressive Stiff,Expressive Vintage,Quality Concept,Quality Drawing,Quality Spacing,Quality Wordspace	https://fonts.google.com/specimen/Heebo
Henny Penny	?	OFL (kiem lai METADATA.pb cua font do truoc khi dung)	Expressive Active,Expressive Awkward,Expressive Cute,Expressive Excited,Expressive Happy,Expressive Loud,Expressive Playful,Expressive Rugged,Expressive Sincere,Expressive Vintage,Quality Concept,Quality Drawing	https://fonts.google.com/specimen/Henny+Penny
Hepta Slab	?	OFL (kiem lai METADATA.pb cua font do truoc khi dung)	Expressive Awkward,Expressive Business,Expressive Calm,Expressive Competent,Expressive Cute,Expressive Loud,Expressive Playful,Expressive Rugged,Expressive Stiff,Expressive Vintage,Quality Concept,Quality Drawing	https://fonts.google.com/specimen/Hepta+Slab
Herr Von Muellerhoff	?	OFL (kiem lai METADATA.pb cua font do truoc khi dung)	Expressive Active,Expressive Artistic,Expressive Awkward,Expressive Excited,Expressive Fancy,Expressive Happy,Expressive Rugged,Expressive Sophisticated,Expressive Vintage,Quality Concept,Quality Drawing,Quality Spacing	https://fonts.google.com/specimen/Herr+Von+Muellerhoff
Hi Melody	?	OFL (kiem lai METADATA.pb cua font do truoc khi dung)	Expressive Awkward,Expressive Childlike,Expressive Cute,Expressive Excited,Expressive Happy,Expressive Playful,Expressive Rugged,Expressive Sincere,Expressive Vintage,Quality Concept,Quality Drawing,Quality Spacing	https://fonts.google.com/specimen/Hi+Melody
Hina Mincho	?	OFL (kiem lai METADATA.pb cua font do truoc khi dung)	Expressive Business,Expressive Calm,Expressive Competent,Expressive Rugged,Expressive Sincere,Expressive Vintage,Quality Concept,Quality Drawing,Quality Spacing,Quality Wordspace,Serif Scotch,Serif Transitional	https://fonts.google.com/specimen/Hina+Mincho
Hind	?	OFL (kiem lai METADATA.pb cua font do truoc khi dung)	Expressive Business,Expressive Calm,Expressive Competent,Expressive Loud,Expressive Rugged,Expressive Sincere,Expressive Stiff,Expressive Vintage,Quality Concept,Quality Drawing,Quality Spacing,Quality Wordspace	https://fonts.google.com/specimen/Hind
Hind Guntur	?	OFL (kiem lai METADATA.pb cua font do truoc khi dung)	Expressive Business,Expressive Calm,Expressive Competent,Expressive Loud,Expressive Rugged,Expressive Sincere,Expressive Stiff,Expressive Vintage,Quality Concept,Quality Drawing,Quality Spacing,Quality Wordspace	https://fonts.google.com/specimen/Hind+Guntur
Hind Madurai	?	OFL (kiem lai METADATA.pb cua font do truoc khi dung)	Expressive Business,Expressive Calm,Expressive Competent,Expressive Loud,Expressive Rugged,Expressive Sincere,Expressive Stiff,Expressive Vintage,Quality Concept,Quality Drawing,Quality Spacing,Quality Wordspace	https://fonts.google.com/specimen/Hind+Madurai
Hind Mysuru	?	OFL (kiem lai METADATA.pb cua font do truoc khi dung)	Expressive Business,Expressive Calm,Expressive Competent,Expressive Loud,Expressive Rugged,Expressive Sincere,Expressive Stiff,Expressive Vintage,Quality Concept,Quality Drawing,Quality Spacing,Quality Wordspace	https://fonts.google.com/specimen/Hind+Mysuru
Hind Siliguri	?	OFL (kiem lai METADATA.pb cua font do truoc khi dung)	Expressive Business,Expressive Calm,Expressive Competent,Expressive Loud,Expressive Rugged,Expressive Sincere,Expressive Stiff,Expressive Vintage,Quality Concept,Quality Drawing,Quality Spacing,Quality Wordspace	https://fonts.google.com/specimen/Hind+Siliguri
Hind Vadodara	?	OFL (kiem lai METADATA.pb cua font do truoc khi dung)	Expressive Business,Expressive Calm,Expressive Competent,Expressive Loud,Expressive Rugged,Expressive Sincere,Expressive Stiff,Expressive Vintage,Quality Concept,Quality Drawing,Quality Spacing,Quality Wordspace	https://fonts.google.com/specimen/Hind+Vadodara
Holtwood One SC	?	OFL (kiem lai METADATA.pb cua font do truoc khi dung)	Expressive Awkward,Expressive Business,Expressive Loud,Expressive Playful,Expressive Rugged,Expressive Stiff,Expressive Vintage,Quality Concept,Quality Drawing,Quality Spacing,Quality Wordspace,Serif Transitional	https://fonts.google.com/specimen/Holtwood+One+SC
Homemade Apple	?	OFL (kiem lai METADATA.pb cua font do truoc khi dung)	Expressive Artistic,Expressive Awkward,Expressive Childlike,Expressive Cute,Expressive Excited,Expressive Happy,Expressive Playful,Expressive Rugged,Expressive Sincere,Expressive Vintage,Quality Concept,Quality Drawing	https://fonts.google.com/specimen/Homemade+Apple
Homenaje	?	OFL (kiem lai METADATA.pb cua font do truoc khi dung)	Expressive Awkward,Expressive Business,Expressive Calm,Expressive Futuristic,Expressive Innovative,Expressive Loud,Expressive Rugged,Expressive Stiff,Expressive Vintage,Quality Concept,Quality Drawing,Quality Spacing	https://fonts.google.com/specimen/Homenaje
Honk	?	OFL (kiem lai METADATA.pb cua font do truoc khi dung)	Expressive Active,Expressive Awkward,Expressive Cute,Expressive Futuristic,Expressive Happy,Expressive Innovative,Expressive Loud,Expressive Playful,Expressive Rugged,Expressive Sincere,Expressive Stiff,Expressive Vintage	https://fonts.google.com/specimen/Honk
Host Grotesk	?	OFL (kiem lai METADATA.pb cua font do truoc khi dung)	Expressive Awkward,Expressive Business,Expressive Calm,Expressive Competent,Expressive Loud,Expressive Playful,Expressive Rugged,Expressive Stiff,Expressive Vintage,Quality Concept,Quality Drawing,Quality Spacing	https://fonts.google.com/specimen/Host+Grotesk
Hubballi	?	OFL (kiem lai METADATA.pb cua font do truoc khi dung)	Expressive Business,Expressive Calm,Expressive Competent,Expressive Cute,Expressive Playful,Expressive Rugged,Expressive Sincere,Expressive Stiff,Expressive Vintage,Quality Concept,Quality Drawing,Quality Spacing	https://fonts.google.com/specimen/Hubballi
Hubot Sans	?	OFL (kiem lai METADATA.pb cua font do truoc khi dung)	wght@75,wght@125,Expressive Playful,Quality Concept,Quality Drawing,Quality Spacing,Quality Wordspace,Sans Grotesque	https://fonts.google.com/specimen/Hubot+Sans
Huninn	?	OFL (kiem lai METADATA.pb cua font do truoc khi dung)	Expressive Business,Expressive Calm,Expressive Competent,Expressive Loud,Expressive Playful,Expressive Rugged,Expressive Vintage,Quality Concept,Quality Drawing,Quality Spacing,Quality Wordspace,Sans Humanist	https://fonts.google.com/specimen/Huninn
Hurricane	?	OFL (kiem lai METADATA.pb cua font do truoc khi dung)	Expressive Active,Expressive Artistic,Expressive Awkward,Expressive Cute,Expressive Excited,Expressive Fancy,Expressive Happy,Expressive Rugged,Expressive Sophisticated,Expressive Vintage,Quality Concept,Quality Drawing	https://fonts.google.com/specimen/Hurricane
Iansui	?	OFL (kiem lai METADATA.pb cua font do truoc khi dung)	Expressive Active,Expressive Business,Expressive Childlike,Expressive Cute,Expressive Happy,Expressive Rugged,Expressive Sincere,Expressive Vintage,Quality Concept,Quality Drawing,Quality Spacing,Quality Wordspace	https://fonts.google.com/specimen/Iansui
Ibarra Real Nova	?	OFL (kiem lai METADATA.pb cua font do truoc khi dung)	Expressive Awkward,Expressive Business,Expressive Calm,Expressive Competent,Expressive Fancy,Expressive Loud,Expressive Playful,Expressive Rugged,Expressive Sincere,Expressive Vintage,Quality Concept,Quality Drawing	https://fonts.google.com/specimen/Ibarra+Real+Nova
IBM Plex Mono	?	OFL (kiem lai METADATA.pb cua font do truoc khi dung)	Expressive Business,Expressive Calm,Expressive Futuristic,Expressive Loud,Expressive Rugged,Expressive Stiff,Expressive Vintage,Monospace Monospace,Quality Concept,Quality Drawing,Quality Spacing,Quality Wordspace	https://fonts.google.com/specimen/IBM+Plex+Mono
IBM Plex Sans	?	OFL (kiem lai METADATA.pb cua font do truoc khi dung)	wght@75,wght@100,Expressive Playful,Expressive Stiff,Quality Concept,Quality Drawing,Quality Spacing,Quality Wordspace,Sans Neo Grotesque,Sans Superellipse	https://fonts.google.com/specimen/IBM+Plex+Sans
IBM Plex Sans Arabic	?	OFL (kiem lai METADATA.pb cua font do truoc khi dung)	Expressive Business,Expressive Calm,Expressive Competent,Expressive Futuristic,Expressive Loud,Expressive Rugged,Expressive Sincere,Expressive Stiff,Expressive Vintage,Quality Concept,Quality Drawing,Quality Spacing	https://fonts.google.com/specimen/IBM+Plex+Sans+Arabic
IBM Plex Sans Condensed	?	OFL (kiem lai METADATA.pb cua font do truoc khi dung)	Expressive Business,Expressive Calm,Expressive Competent,Expressive Futuristic,Expressive Loud,Expressive Rugged,Expressive Sincere,Expressive Stiff,Expressive Vintage,Quality Concept,Quality Drawing,Quality Spacing	https://fonts.google.com/specimen/IBM+Plex+Sans+Condensed
IBM Plex Sans Devanagari	?	OFL (kiem lai METADATA.pb cua font do truoc khi dung)	Expressive Business,Expressive Calm,Expressive Competent,Expressive Futuristic,Expressive Loud,Expressive Rugged,Expressive Sincere,Expressive Stiff,Expressive Vintage,Quality Concept,Quality Drawing,Quality Spacing	https://fonts.google.com/specimen/IBM+Plex+Sans+Devanagari
IBM Plex Sans Hebrew	?	OFL (kiem lai METADATA.pb cua font do truoc khi dung)	Expressive Business,Expressive Calm,Expressive Competent,Expressive Futuristic,Expressive Loud,Expressive Rugged,Expressive Sincere,Expressive Stiff,Expressive Vintage,Quality Concept,Quality Drawing,Quality Spacing	https://fonts.google.com/specimen/IBM+Plex+Sans+Hebrew
IBM Plex Sans JP	?	OFL (kiem lai METADATA.pb cua font do truoc khi dung)	Expressive Business,Expressive Calm,Expressive Competent,Expressive Futuristic,Expressive Loud,Expressive Rugged,Expressive Sincere,Expressive Stiff,Expressive Vintage,Quality Concept,Quality Drawing,Quality Spacing	https://fonts.google.com/specimen/IBM+Plex+Sans+JP
IBM Plex Sans KR	?	OFL (kiem lai METADATA.pb cua font do truoc khi dung)	Expressive Business,Expressive Calm,Expressive Competent,Expressive Futuristic,Expressive Loud,Expressive Rugged,Expressive Sincere,Expressive Stiff,Expressive Vintage,Quality Concept,Quality Drawing,Quality Spacing	https://fonts.google.com/specimen/IBM+Plex+Sans+KR
IBM Plex Sans Thai	?	OFL (kiem lai METADATA.pb cua font do truoc khi dung)	Expressive Business,Expressive Calm,Expressive Competent,Expressive Futuristic,Expressive Loud,Expressive Rugged,Expressive Sincere,Expressive Stiff,Expressive Vintage,Quality Concept,Quality Drawing,Quality Spacing	https://fonts.google.com/specimen/IBM+Plex+Sans+Thai
IBM Plex Sans Thai Looped	?	OFL (kiem lai METADATA.pb cua font do truoc khi dung)	Expressive Business,Expressive Calm,Expressive Competent,Expressive Futuristic,Expressive Loud,Expressive Rugged,Expressive Sincere,Expressive Stiff,Expressive Vintage,Quality Concept,Quality Drawing,Quality Spacing	https://fonts.google.com/specimen/IBM+Plex+Sans+Thai+Looped
IBM Plex Serif	?	OFL (kiem lai METADATA.pb cua font do truoc khi dung)	Expressive Business,Expressive Competent,Expressive Loud,Expressive Rugged,Expressive Sincere,Expressive Stiff,Expressive Vintage,Quality Concept,Quality Drawing,Quality Spacing,Quality Wordspace,Serif Scotch	https://fonts.google.com/specimen/IBM+Plex+Serif
Iceberg	?	OFL (kiem lai METADATA.pb cua font do truoc khi dung)	Expressive Awkward,Expressive Futuristic,Expressive Loud,Expressive Rugged,Expressive Stiff,Expressive Vintage,Quality Concept,Quality Drawing,Quality Spacing,Quality Wordspace,Theme Blackletter,Theme Techno	https://fonts.google.com/specimen/Iceberg
Iceland	?	OFL (kiem lai METADATA.pb cua font do truoc khi dung)	Expressive Awkward,Expressive Calm,Expressive Futuristic,Expressive Loud,Expressive Rugged,Expressive Stiff,Expressive Vintage,Quality Concept,Quality Drawing,Quality Spacing,Quality Wordspace,Theme Techno	https://fonts.google.com/specimen/Iceland
Idiqlat	?	OFL (kiem lai METADATA.pb cua font do truoc khi dung)	Expressive Business,Expressive Loud,Expressive Rugged,Expressive Vintage,Quality Concept,Quality Drawing,Quality Spacing,Quality Wordspace,Serif Old Style Garalde,Serif Transitional	https://fonts.google.com/specimen/Idiqlat
IM Fell Double Pica	?	OFL (kiem lai METADATA.pb cua font do truoc khi dung)	Expressive Business,Expressive Competent,Expressive Loud,Expressive Rugged,Expressive Sincere,Expressive Vintage,Quality Concept,Quality Drawing,Quality Spacing,Quality Wordspace	https://fonts.google.com/specimen/IM+Fell+Double+Pica
IM Fell Double Pica SC	?	OFL (kiem lai METADATA.pb cua font do truoc khi dung)	Expressive Business,Expressive Loud,Expressive Rugged,Expressive Sincere,Expressive Vintage,Quality Concept,Quality Drawing,Quality Spacing,Quality Wordspace	https://fonts.google.com/specimen/IM+Fell+Double+Pica+SC
IM Fell DW Pica	?	OFL (kiem lai METADATA.pb cua font do truoc khi dung)	Expressive Business,Expressive Competent,Expressive Loud,Expressive Rugged,Expressive Sincere,Expressive Vintage,Quality Concept,Quality Drawing,Quality Spacing,Quality Wordspace	https://fonts.google.com/specimen/IM+Fell+DW+Pica
IM Fell DW Pica SC	?	OFL (kiem lai METADATA.pb cua font do truoc khi dung)	Expressive Business,Expressive Loud,Expressive Rugged,Expressive Sincere,Expressive Vintage,Quality Concept,Quality Drawing,Quality Spacing,Quality Wordspace	https://fonts.google.com/specimen/IM+Fell+DW+Pica+SC
IM Fell English	?	OFL (kiem lai METADATA.pb cua font do truoc khi dung)	Expressive Business,Expressive Competent,Expressive Loud,Expressive Rugged,Expressive Sincere,Expressive Vintage,Quality Concept,Quality Drawing,Quality Spacing,Quality Wordspace	https://fonts.google.com/specimen/IM+Fell+English
IM Fell English SC	?	OFL (kiem lai METADATA.pb cua font do truoc khi dung)	Expressive Business,Expressive Loud,Expressive Rugged,Expressive Sincere,Expressive Vintage,Quality Concept,Quality Drawing,Quality Spacing,Quality Wordspace	https://fonts.google.com/specimen/IM+Fell+English+SC
IM Fell French Canon	?	OFL (kiem lai METADATA.pb cua font do truoc khi dung)	Expressive Business,Expressive Competent,Expressive Loud,Expressive Rugged,Expressive Sincere,Expressive Vintage,Quality Concept,Quality Drawing,Quality Spacing,Quality Wordspace	https://fonts.google.com/specimen/IM+Fell+French+Canon
IM Fell French Canon SC	?	OFL (kiem lai METADATA.pb cua font do truoc khi dung)	Expressive Business,Expressive Loud,Expressive Rugged,Expressive Sincere,Expressive Vintage,Quality Concept,Quality Drawing,Quality Spacing,Quality Wordspace	https://fonts.google.com/specimen/IM+Fell+French+Canon+SC
IM Fell Great Primer	?	OFL (kiem lai METADATA.pb cua font do truoc khi dung)	Expressive Business,Expressive Competent,Expressive Loud,Expressive Rugged,Expressive Sincere,Expressive Vintage,Quality Concept,Quality Drawing,Quality Spacing,Quality Wordspace	https://fonts.google.com/specimen/IM+Fell+Great+Primer
IM Fell Great Primer SC	?	OFL (kiem lai METADATA.pb cua font do truoc khi dung)	Expressive Business,Expressive Loud,Expressive Rugged,Expressive Sincere,Expressive Vintage,Quality Concept,Quality Drawing,Quality Spacing,Quality Wordspace	https://fonts.google.com/specimen/IM+Fell+Great+Primer+SC
Imbue	?	OFL (kiem lai METADATA.pb cua font do truoc khi dung)	Expressive Active,Expressive Awkward,Expressive Business,Expressive Excited,Expressive Fancy,Expressive Happy,Expressive Loud,Expressive Playful,Expressive Rugged,Expressive Sincere,Expressive Stiff,Expressive Vintage	https://fonts.google.com/specimen/Imbue
Imperial Script	?	OFL (kiem lai METADATA.pb cua font do truoc khi dung)	Expressive Active,Expressive Artistic,Expressive Excited,Expressive Fancy,Expressive Happy,Expressive Playful,Expressive Sophisticated,Expressive Vintage,Quality Concept,Quality Drawing,Quality Spacing,Quality Wordspace	https://fonts.google.com/specimen/Imperial+Script
Imprima	?	OFL (kiem lai METADATA.pb cua font do truoc khi dung)	Expressive Business,Expressive Calm,Expressive Competent,Expressive Happy,Expressive Loud,Expressive Playful,Expressive Rugged,Expressive Sincere,Expressive Vintage,Quality Concept,Quality Drawing,Quality Spacing	https://fonts.google.com/specimen/Imprima
Inclusive Sans	?	OFL (kiem lai METADATA.pb cua font do truoc khi dung)	Expressive Awkward,Expressive Business,Expressive Calm,Expressive Competent,Expressive Happy,Expressive Loud,Expressive Playful,Expressive Rugged,Expressive Vintage,Purpose Easy Reading,Quality Concept,Quality Drawing	https://fonts.google.com/specimen/Inclusive+Sans
Inconsolata	?	OFL (kiem lai METADATA.pb cua font do truoc khi dung)	wght@50,wght@200,Expressive Playful,Monospace Monospace,Quality Concept,Quality Drawing,Quality Spacing,Quality Wordspace,Sans Humanist	https://fonts.google.com/specimen/Inconsolata
Inder	?	OFL (kiem lai METADATA.pb cua font do truoc khi dung)	Expressive Business,Expressive Calm,Expressive Loud,Expressive Rugged,Expressive Sincere,Expressive Stiff,Expressive Vintage,Quality Concept,Quality Drawing,Quality Spacing,Quality Wordspace,Sans Humanist	https://fonts.google.com/specimen/Inder
Indie Flower	?	OFL (kiem lai METADATA.pb cua font do truoc khi dung)	Expressive Active,Expressive Awkward,Expressive Childlike,Expressive Cute,Expressive Excited,Expressive Happy,Expressive Playful,Expressive Rugged,Expressive Sincere,Expressive Vintage,Quality Concept,Quality Drawing	https://fonts.google.com/specimen/Indie+Flower
Ingrid Darling	?	OFL (kiem lai METADATA.pb cua font do truoc khi dung)	Expressive Active,Expressive Artistic,Expressive Awkward,Expressive Cute,Expressive Excited,Expressive Happy,Expressive Playful,Expressive Rugged,Expressive Sincere,Expressive Vintage,Quality Concept,Quality Drawing	https://fonts.google.com/specimen/Ingrid+Darling
Inika	?	OFL (kiem lai METADATA.pb cua font do truoc khi dung)	Expressive Business,Expressive Loud,Expressive Rugged,Expressive Sincere,Expressive Vintage,Quality Concept,Quality Drawing,Quality Spacing,Quality Wordspace,Serif Old Style Garalde	https://fonts.google.com/specimen/Inika
Inknut Antiqua	?	OFL (kiem lai METADATA.pb cua font do truoc khi dung)	Expressive Loud,Expressive Rugged,Expressive Vintage,Quality Concept,Quality Drawing,Quality Spacing,Quality Wordspace,Serif Humanist Venetian	https://fonts.google.com/specimen/Inknut+Antiqua
Inria Sans	?	OFL (kiem lai METADATA.pb cua font do truoc khi dung)	Expressive Business,Expressive Calm,Expressive Competent,Expressive Futuristic,Expressive Loud,Expressive Rugged,Expressive Sincere,Expressive Stiff,Expressive Vintage,Quality Concept,Quality Drawing,Quality Spacing	https://fonts.google.com/specimen/Inria+Sans
Inria Serif	?	OFL (kiem lai METADATA.pb cua font do truoc khi dung)	Expressive Business,Expressive Competent,Expressive Loud,Expressive Rugged,Expressive Sincere,Expressive Vintage,Quality Concept,Quality Drawing,Quality Spacing,Quality Wordspace,Serif Modern,Serif Transitional	https://fonts.google.com/specimen/Inria+Serif
Inspiration	?	OFL (kiem lai METADATA.pb cua font do truoc khi dung)	Expressive Active,Expressive Awkward,Expressive Excited,Expressive Fancy,Expressive Happy,Expressive Playful,Expressive Rugged,Expressive Sincere,Expressive Vintage,Quality Concept,Quality Drawing,Quality Spacing	https://fonts.google.com/specimen/Inspiration
Instrument Sans	?	OFL (kiem lai METADATA.pb cua font do truoc khi dung)	wght@75,wght@100,Expressive Playful,Quality Concept,Quality Drawing,Quality Spacing,Quality Wordspace,Sans Geometric	https://fonts.google.com/specimen/Instrument+Sans
Instrument Serif	?	OFL (kiem lai METADATA.pb cua font do truoc khi dung)	Expressive Business,Expressive Competent,Expressive Loud,Expressive Rugged,Expressive Sincere,Expressive Vintage,Quality Concept,Quality Drawing,Quality Spacing,Quality Wordspace,Serif Modern,Serif Scotch	https://fonts.google.com/specimen/Instrument+Serif
Intel One Mono	?	OFL (kiem lai METADATA.pb cua font do truoc khi dung)	Expressive Awkward,Expressive Calm,Expressive Competent,Expressive Loud,Expressive Playful,Expressive Rugged,Expressive Stiff,Expressive Vintage,Monospace Monospace,Quality Concept,Quality Drawing,Quality Spacing	https://fonts.google.com/specimen/Intel+One+Mono
Inter	?	OFL (kiem lai METADATA.pb cua font do truoc khi dung)	Expressive Awkward,Expressive Business,Expressive Calm,Expressive Competent,Expressive Futuristic,Expressive Loud,Expressive Playful,Expressive Rugged,Expressive Stiff,Expressive Vintage,Quality Concept,Quality Drawing	https://fonts.google.com/specimen/Inter
Inter Tight	?	OFL (kiem lai METADATA.pb cua font do truoc khi dung)	Expressive Awkward,Expressive Business,Expressive Calm,Expressive Competent,Expressive Futuristic,Expressive Loud,Expressive Playful,Expressive Rugged,Expressive Stiff,Expressive Vintage,Quality Concept,Quality Drawing	https://fonts.google.com/specimen/Inter+Tight
Iosevka Charon	?	OFL (kiem lai METADATA.pb cua font do truoc khi dung)	Expressive Business,Expressive Calm,Expressive Futuristic,Expressive Rugged,Expressive Stiff,Expressive Vintage,Quality Concept,Quality Drawing,Quality Spacing,Quality Wordspace,Sans Neo Grotesque	https://fonts.google.com/specimen/Iosevka+Charon
Iosevka Charon Mono	?	OFL (kiem lai METADATA.pb cua font do truoc khi dung)	Expressive Business,Expressive Calm,Expressive Futuristic,Expressive Rugged,Expressive Stiff,Expressive Vintage,Monospace Monospace,Quality Concept,Quality Drawing,Quality Spacing,Quality Wordspace,Sans Neo Grotesque	https://fonts.google.com/specimen/Iosevka+Charon+Mono
Irish Grover	?	OFL (kiem lai METADATA.pb cua font do truoc khi dung)	Expressive Awkward,Expressive Cute,Expressive Excited,Expressive Happy,Expressive Loud,Expressive Playful,Expressive Rugged,Expressive Sincere,Expressive Vintage,Quality Concept,Quality Drawing,Quality Spacing	https://fonts.google.com/specimen/Irish+Grover
Island Moments	?	OFL (kiem lai METADATA.pb cua font do truoc khi dung)	Expressive Active,Expressive Artistic,Expressive Awkward,Expressive Cute,Expressive Excited,Expressive Fancy,Expressive Happy,Expressive Playful,Expressive Rugged,Expressive Sincere,Expressive Sophisticated,Expressive Vintage	https://fonts.google.com/specimen/Island+Moments
Istok Web	?	OFL (kiem lai METADATA.pb cua font do truoc khi dung)	Expressive Business,Expressive Calm,Expressive Loud,Expressive Rugged,Expressive Sincere,Expressive Stiff,Expressive Vintage,Quality Concept,Quality Drawing,Quality Spacing,Quality Wordspace,Sans Humanist	https://fonts.google.com/specimen/Istok+Web
Italiana	?	OFL (kiem lai METADATA.pb cua font do truoc khi dung)	Expressive Rugged,Expressive Sincere,Expressive Stiff,Expressive Vintage,Quality Concept,Quality Drawing,Quality Spacing,Quality Wordspace,Sans Humanist,Serif Modern	https://fonts.google.com/specimen/Italiana
Italianno	?	OFL (kiem lai METADATA.pb cua font do truoc khi dung)	Expressive Active,Expressive Artistic,Expressive Excited,Expressive Fancy,Expressive Happy,Expressive Rugged,Expressive Sincere,Expressive Sophisticated,Expressive Vintage,Quality Concept,Quality Drawing,Quality Spacing	https://fonts.google.com/specimen/Italianno
Itim	?	OFL (kiem lai METADATA.pb cua font do truoc khi dung)	Expressive Cute,Expressive Happy,Expressive Loud,Expressive Playful,Expressive Rugged,Expressive Sincere,Expressive Vintage,Quality Concept,Quality Drawing,Quality Spacing,Quality Wordspace,Sans Humanist	https://fonts.google.com/specimen/Itim
Jacquard 12	?	OFL (kiem lai METADATA.pb cua font do truoc khi dung)	Expressive Awkward,Expressive Futuristic,Expressive Loud,Expressive Playful,Expressive Rugged,Expressive Sincere,Expressive Stiff,Expressive Vintage,Quality Concept,Quality Drawing,Quality Spacing,Quality Wordspace	https://fonts.google.com/specimen/Jacquard+12
Jacquard 12 Charted	?	OFL (kiem lai METADATA.pb cua font do truoc khi dung)	Expressive Awkward,Expressive Futuristic,Expressive Loud,Expressive Playful,Expressive Rugged,Expressive Sincere,Expressive Stiff,Expressive Vintage,Quality Concept,Quality Drawing,Quality Spacing,Quality Wordspace	https://fonts.google.com/specimen/Jacquard+12+Charted
Jacquard 24	?	OFL (kiem lai METADATA.pb cua font do truoc khi dung)	Expressive Awkward,Expressive Loud,Expressive Playful,Expressive Rugged,Expressive Sincere,Expressive Stiff,Expressive Vintage,Quality Concept,Quality Drawing,Quality Spacing,Quality Wordspace,Theme Medieval	https://fonts.google.com/specimen/Jacquard+24
Jacquard 24 Charted	?	OFL (kiem lai METADATA.pb cua font do truoc khi dung)	Expressive Awkward,Expressive Futuristic,Expressive Loud,Expressive Playful,Expressive Rugged,Expressive Sincere,Expressive Stiff,Expressive Vintage,Quality Concept,Quality Drawing,Quality Spacing,Quality Wordspace	https://fonts.google.com/specimen/Jacquard+24+Charted
Jacquarda Bastarda 9	?	OFL (kiem lai METADATA.pb cua font do truoc khi dung)	Expressive Awkward,Expressive Futuristic,Expressive Loud,Expressive Playful,Expressive Rugged,Expressive Sincere,Expressive Stiff,Expressive Vintage,Quality Concept,Quality Drawing,Quality Spacing,Quality Wordspace	https://fonts.google.com/specimen/Jacquarda+Bastarda+9
Jacquarda Bastarda 9 Charted	?	OFL (kiem lai METADATA.pb cua font do truoc khi dung)	Expressive Awkward,Expressive Futuristic,Expressive Loud,Expressive Playful,Expressive Rugged,Expressive Sincere,Expressive Stiff,Expressive Vintage,Quality Concept,Quality Drawing,Quality Spacing,Quality Wordspace	https://fonts.google.com/specimen/Jacquarda+Bastarda+9+Charted
Jacques Francois	?	OFL (kiem lai METADATA.pb cua font do truoc khi dung)	Expressive Competent,Expressive Loud,Expressive Rugged,Expressive Vintage,Quality Concept,Quality Drawing,Quality Spacing,Quality Wordspace,Serif Transitional	https://fonts.google.com/specimen/Jacques+Francois
Jacques Francois Shadow	?	OFL (kiem lai METADATA.pb cua font do truoc khi dung)	Expressive Awkward,Expressive Innovative,Expressive Playful,Expressive Rugged,Expressive Sincere,Expressive Vintage,Quality Concept,Quality Drawing,Quality Spacing,Quality Wordspace,Serif Transitional,Theme Shaded	https://fonts.google.com/specimen/Jacques+Francois+Shadow
Jaini	?	OFL (kiem lai METADATA.pb cua font do truoc khi dung)	Expressive Awkward,Expressive Cute,Expressive Loud,Expressive Rugged,Expressive Sincere,Expressive Stiff,Expressive Vintage,Quality Concept,Quality Drawing,Quality Spacing,Quality Wordspace,Seasonal Diwali	https://fonts.google.com/specimen/Jaini
Jaini Purva	?	OFL (kiem lai METADATA.pb cua font do truoc khi dung)	Expressive Awkward,Expressive Cute,Expressive Loud,Expressive Rugged,Expressive Sincere,Expressive Stiff,Expressive Vintage,Quality Concept,Quality Drawing,Quality Spacing,Quality Wordspace	https://fonts.google.com/specimen/Jaini+Purva
Jaldi	?	OFL (kiem lai METADATA.pb cua font do truoc khi dung)	Expressive Business,Expressive Calm,Expressive Loud,Expressive Rugged,Expressive Sincere,Expressive Vintage,Quality Concept,Quality Drawing,Quality Spacing,Quality Wordspace	https://fonts.google.com/specimen/Jaldi
Jaro	?	OFL (kiem lai METADATA.pb cua font do truoc khi dung)	Expressive Active,Expressive Awkward,Expressive Cute,Expressive Excited,Expressive Futuristic,Expressive Innovative,Expressive Loud,Expressive Playful,Expressive Rugged,Expressive Stiff,Expressive Vintage,Quality Concept	https://fonts.google.com/specimen/Jaro
Jersey 10	?	OFL (kiem lai METADATA.pb cua font do truoc khi dung)	Expressive Awkward,Expressive Futuristic,Expressive Loud,Expressive Rugged,Expressive Sincere,Expressive Stiff,Expressive Vintage,Quality Concept,Quality Drawing,Quality Spacing,Quality Wordspace,Theme Pixel	https://fonts.google.com/specimen/Jersey+10
Jersey 10 Charted	?	OFL (kiem lai METADATA.pb cua font do truoc khi dung)	Expressive Awkward,Expressive Futuristic,Expressive Loud,Expressive Rugged,Expressive Sincere,Expressive Stiff,Expressive Vintage,Quality Concept,Quality Drawing,Quality Spacing,Quality Wordspace,Theme Pixel	https://fonts.google.com/specimen/Jersey+10+Charted
Jersey 15	?	OFL (kiem lai METADATA.pb cua font do truoc khi dung)	Expressive Awkward,Expressive Futuristic,Expressive Loud,Expressive Rugged,Expressive Sincere,Expressive Stiff,Expressive Vintage,Quality Concept,Quality Drawing,Quality Spacing,Quality Wordspace,Theme Pixel	https://fonts.google.com/specimen/Jersey+15
Jersey 15 Charted	?	OFL (kiem lai METADATA.pb cua font do truoc khi dung)	Expressive Awkward,Expressive Futuristic,Expressive Loud,Expressive Rugged,Expressive Sincere,Expressive Stiff,Expressive Vintage,Quality Concept,Quality Drawing,Quality Spacing,Quality Wordspace,Theme Pixel	https://fonts.google.com/specimen/Jersey+15+Charted
Jersey 20	?	OFL (kiem lai METADATA.pb cua font do truoc khi dung)	Expressive Awkward,Expressive Futuristic,Expressive Loud,Expressive Rugged,Expressive Sincere,Expressive Stiff,Expressive Vintage,Quality Concept,Quality Drawing,Quality Spacing,Quality Wordspace,Theme Pixel	https://fonts.google.com/specimen/Jersey+20
Jersey 20 Charted	?	OFL (kiem lai METADATA.pb cua font do truoc khi dung)	Expressive Awkward,Expressive Futuristic,Expressive Loud,Expressive Rugged,Expressive Sincere,Expressive Stiff,Expressive Vintage,Quality Concept,Quality Drawing,Quality Spacing,Quality Wordspace,Theme Pixel	https://fonts.google.com/specimen/Jersey+20+Charted
Jersey 25	?	OFL (kiem lai METADATA.pb cua font do truoc khi dung)	Expressive Active,Expressive Awkward,Expressive Futuristic,Expressive Loud,Expressive Rugged,Expressive Sincere,Expressive Stiff,Expressive Vintage,Quality Concept,Quality Drawing,Quality Spacing,Quality Wordspace	https://fonts.google.com/specimen/Jersey+25
Jersey 25 Charted	?	OFL (kiem lai METADATA.pb cua font do truoc khi dung)	Expressive Awkward,Expressive Futuristic,Expressive Loud,Expressive Rugged,Expressive Sincere,Expressive Stiff,Expressive Vintage,Quality Concept,Quality Drawing,Quality Spacing,Quality Wordspace,Theme Pixel	https://fonts.google.com/specimen/Jersey+25+Charted
JetBrains Mono	?	OFL (kiem lai METADATA.pb cua font do truoc khi dung)	Expressive Awkward,Expressive Business,Expressive Calm,Expressive Competent,Expressive Futuristic,Expressive Loud,Expressive Playful,Expressive Rugged,Expressive Stiff,Expressive Vintage,Monospace Monospace,Quality Concept	https://fonts.google.com/specimen/JetBrains+Mono
Jim Nightshade	?	OFL (kiem lai METADATA.pb cua font do truoc khi dung)	Expressive Artistic,Expressive Awkward,Expressive Excited,Expressive Rugged,Expressive Sincere,Expressive Sophisticated,Expressive Vintage,Quality Concept,Quality Drawing,Quality Spacing,Quality Wordspace,Script Formal	https://fonts.google.com/specimen/Jim+Nightshade
Joan	?	OFL (kiem lai METADATA.pb cua font do truoc khi dung)	Expressive Business,Expressive Competent,Expressive Loud,Expressive Rugged,Expressive Sincere,Expressive Vintage,Quality Concept,Quality Drawing,Quality Spacing,Quality Wordspace,Serif Humanist Venetian	https://fonts.google.com/specimen/Joan
Jockey One	?	OFL (kiem lai METADATA.pb cua font do truoc khi dung)	Expressive Awkward,Expressive Excited,Expressive Futuristic,Expressive Loud,Expressive Rugged,Expressive Sincere,Expressive Stiff,Expressive Vintage,Quality Concept,Quality Drawing,Quality Spacing,Quality Wordspace	https://fonts.google.com/specimen/Jockey+One
Jolly Lodger	?	OFL (kiem lai METADATA.pb cua font do truoc khi dung)	Expressive Active,Expressive Awkward,Expressive Excited,Expressive Loud,Expressive Playful,Expressive Rugged,Expressive Sincere,Expressive Vintage,Quality Concept,Quality Drawing,Quality Spacing,Quality Wordspace	https://fonts.google.com/specimen/Jolly+Lodger
Jomhuria	?	OFL (kiem lai METADATA.pb cua font do truoc khi dung)	Expressive Happy,Expressive Loud,Expressive Playful,Expressive Rugged,Expressive Vintage,Quality Concept,Quality Drawing,Quality Spacing,Quality Wordspace,Serif Humanist Venetian	https://fonts.google.com/specimen/Jomhuria
Jomolhari	?	OFL (kiem lai METADATA.pb cua font do truoc khi dung)	Expressive Business,Expressive Rugged,Expressive Sincere,Expressive Vintage,Quality Concept,Quality Drawing,Quality Spacing,Quality Wordspace,Serif Transitional	https://fonts.google.com/specimen/Jomolhari
Josefin Sans	?	OFL (kiem lai METADATA.pb cua font do truoc khi dung)	Expressive Artistic,Expressive Awkward,Expressive Business,Expressive Calm,Expressive Competent,Expressive Happy,Expressive Loud,Expressive Playful,Expressive Rugged,Expressive Sincere,Expressive Vintage,Quality Concept	https://fonts.google.com/specimen/Josefin+Sans
Josefin Slab	?	OFL (kiem lai METADATA.pb cua font do truoc khi dung)	Expressive Awkward,Expressive Business,Expressive Calm,Expressive Competent,Expressive Happy,Expressive Playful,Expressive Rugged,Expressive Sincere,Expressive Vintage,Quality Concept,Quality Drawing,Quality Spacing	https://fonts.google.com/specimen/Josefin+Slab
Jost	?	OFL (kiem lai METADATA.pb cua font do truoc khi dung)	Expressive Awkward,Expressive Business,Expressive Calm,Expressive Competent,Expressive Cute,Expressive Happy,Expressive Loud,Expressive Playful,Expressive Rugged,Expressive Vintage,Quality Concept,Quality Drawing	https://fonts.google.com/specimen/Jost
Joti One	?	OFL (kiem lai METADATA.pb cua font do truoc khi dung)	Expressive Active,Expressive Awkward,Expressive Excited,Expressive Happy,Expressive Innovative,Expressive Loud,Expressive Playful,Expressive Rugged,Expressive Sincere,Expressive Vintage,Quality Concept,Quality Drawing	https://fonts.google.com/specimen/Joti+One
Jua	?	OFL (kiem lai METADATA.pb cua font do truoc khi dung)	Expressive Awkward,Expressive Childlike,Expressive Cute,Expressive Excited,Expressive Happy,Expressive Loud,Expressive Playful,Expressive Rugged,Expressive Sincere,Expressive Vintage,Quality Concept,Quality Drawing	https://fonts.google.com/specimen/Jua
Judson	?	OFL (kiem lai METADATA.pb cua font do truoc khi dung)	Expressive Business,Expressive Competent,Expressive Loud,Expressive Rugged,Expressive Sincere,Expressive Vintage,Quality Concept,Quality Drawing,Quality Spacing,Quality Wordspace,Serif Transitional	https://fonts.google.com/specimen/Judson
Julee	?	OFL (kiem lai METADATA.pb cua font do truoc khi dung)	Expressive Active,Expressive Awkward,Expressive Excited,Expressive Happy,Expressive Loud,Expressive Playful,Expressive Rugged,Expressive Sincere,Expressive Vintage,Quality Concept,Quality Drawing,Quality Spacing	https://fonts.google.com/specimen/Julee
Julius Sans One	?	OFL (kiem lai METADATA.pb cua font do truoc khi dung)	Expressive Artistic,Expressive Business,Expressive Calm,Expressive Rugged,Expressive Sincere,Expressive Stiff,Expressive Vintage,Quality Concept,Quality Drawing,Quality Spacing,Quality Wordspace,Sans Glyphic	https://fonts.google.com/specimen/Julius+Sans+One
Junge	?	OFL (kiem lai METADATA.pb cua font do truoc khi dung)	Expressive Business,Expressive Competent,Expressive Rugged,Expressive Vintage,Quality Concept,Quality Drawing,Quality Spacing,Quality Wordspace,Serif Humanist Venetian,Serif Transitional	https://fonts.google.com/specimen/Junge
Jura	?	OFL (kiem lai METADATA.pb cua font do truoc khi dung)	Expressive Awkward,Expressive Business,Expressive Calm,Expressive Competent,Expressive Futuristic,Expressive Happy,Expressive Playful,Expressive Rugged,Expressive Stiff,Expressive Vintage,Quality Concept,Quality Drawing	https://fonts.google.com/specimen/Jura
Just Another Hand	?	OFL (kiem lai METADATA.pb cua font do truoc khi dung)	Expressive Active,Expressive Artistic,Expressive Awkward,Expressive Childlike,Expressive Cute,Expressive Excited,Expressive Happy,Expressive Loud,Expressive Playful,Expressive Rugged,Expressive Sincere,Expressive Vintage	https://fonts.google.com/specimen/Just+Another+Hand
Just Me Again Down Here	?	OFL (kiem lai METADATA.pb cua font do truoc khi dung)	Expressive Active,Expressive Artistic,Expressive Awkward,Expressive Childlike,Expressive Cute,Expressive Excited,Expressive Happy,Expressive Playful,Expressive Rugged,Expressive Sincere,Expressive Vintage,Quality Concept	https://fonts.google.com/specimen/Just+Me+Again+Down+Here
K2D	?	OFL (kiem lai METADATA.pb cua font do truoc khi dung)	Expressive Business,Expressive Calm,Expressive Loud,Expressive Rugged,Expressive Stiff,Expressive Vintage,Quality Concept,Quality Drawing,Quality Spacing,Quality Wordspace,Sans Neo Grotesque,Sans Superellipse	https://fonts.google.com/specimen/K2D
Kablammo	?	OFL (kiem lai METADATA.pb cua font do truoc khi dung)	Expressive Active,Expressive Awkward,Expressive Cute,Expressive Excited,Expressive Futuristic,Expressive Happy,Expressive Innovative,Expressive Loud,Expressive Playful,Expressive Rugged,Expressive Sincere,Expressive Vintage	https://fonts.google.com/specimen/Kablammo
Kadwa	?	OFL (kiem lai METADATA.pb cua font do truoc khi dung)	Expressive Business,Expressive Calm,Expressive Competent,Expressive Loud,Expressive Rugged,Expressive Sincere,Expressive Stiff,Expressive Vintage,Quality Concept,Quality Drawing,Quality Spacing,Quality Wordspace	https://fonts.google.com/specimen/Kadwa
Kaisei Decol	?	OFL (kiem lai METADATA.pb cua font do truoc khi dung)	Expressive Business,Expressive Competent,Expressive Rugged,Expressive Sincere,Expressive Stiff,Expressive Vintage,Quality Concept,Quality Drawing,Quality Spacing,Quality Wordspace,Serif Modern,Serif Transitional	https://fonts.google.com/specimen/Kaisei+Decol
Kaisei HarunoUmi	?	OFL (kiem lai METADATA.pb cua font do truoc khi dung)	Expressive Business,Expressive Competent,Expressive Rugged,Expressive Sincere,Expressive Stiff,Expressive Vintage,Quality Concept,Quality Drawing,Quality Spacing,Quality Wordspace,Serif Modern,Serif Transitional	https://fonts.google.com/specimen/Kaisei+HarunoUmi
Kaisei Opti	?	OFL (kiem lai METADATA.pb cua font do truoc khi dung)	Expressive Business,Expressive Competent,Expressive Rugged,Expressive Sincere,Expressive Stiff,Expressive Vintage,Quality Concept,Quality Drawing,Quality Spacing,Quality Wordspace,Serif Modern,Serif Transitional	https://fonts.google.com/specimen/Kaisei+Opti
Kaisei Tokumin	?	OFL (kiem lai METADATA.pb cua font do truoc khi dung)	Expressive Active,Expressive Business,Expressive Competent,Expressive Rugged,Expressive Sincere,Expressive Stiff,Expressive Vintage,Quality Concept,Quality Drawing,Quality Spacing,Quality Wordspace,Serif Modern	https://fonts.google.com/specimen/Kaisei+Tokumin
Kalam	?	OFL (kiem lai METADATA.pb cua font do truoc khi dung)	Expressive Active,Expressive Artistic,Expressive Awkward,Expressive Childlike,Expressive Cute,Expressive Excited,Expressive Happy,Expressive Loud,Expressive Playful,Expressive Rugged,Expressive Sincere,Expressive Vintage	https://fonts.google.com/specimen/Kalam
Kalnia	?	OFL (kiem lai METADATA.pb cua font do truoc khi dung)	wght@100,wght@125,Expressive Playful,Quality Concept,Quality Drawing,Quality Spacing,Quality Wordspace,Serif Didone	https://fonts.google.com/specimen/Kalnia
Kalnia Glaze	?	OFL (kiem lai METADATA.pb cua font do truoc khi dung)	wght@100,wght@125,Expressive Innovative,Expressive Playful,Expressive Sincere,Quality Concept,Quality Drawing,Quality Spacing,Quality Wordspace,Seasonal Diwali,Seasonal Holi,Seasonal Valentine's Day	https://fonts.google.com/specimen/Kalnia+Glaze
Kameron	?	OFL (kiem lai METADATA.pb cua font do truoc khi dung)	Expressive Awkward,Expressive Business,Expressive Calm,Expressive Competent,Expressive Happy,Expressive Loud,Expressive Playful,Expressive Rugged,Expressive Sincere,Expressive Vintage,Quality Concept,Quality Drawing	https://fonts.google.com/specimen/Kameron
Kanchenjunga	?	OFL (kiem lai METADATA.pb cua font do truoc khi dung)	Expressive Business,Expressive Calm,Expressive Happy,Expressive Loud,Expressive Rugged,Expressive Sincere,Expressive Vintage,Quality Concept,Quality Drawing,Quality Spacing,Quality Wordspace,Sans Glyphic	https://fonts.google.com/specimen/Kanchenjunga
Kanit	?	OFL (kiem lai METADATA.pb cua font do truoc khi dung)	Expressive Business,Expressive Calm,Expressive Loud,Expressive Rugged,Expressive Stiff,Expressive Vintage,Quality Concept,Quality Drawing,Quality Spacing,Quality Wordspace,Sans Geometric,Sans Humanist	https://fonts.google.com/specimen/Kanit
Kantumruy Pro	?	OFL (kiem lai METADATA.pb cua font do truoc khi dung)	Expressive Awkward,Expressive Business,Expressive Calm,Expressive Competent,Expressive Happy,Expressive Playful,Expressive Rugged,Expressive Stiff,Expressive Vintage,Quality Concept,Quality Drawing,Quality Spacing	https://fonts.google.com/specimen/Kantumruy+Pro
Kapakana	?	OFL (kiem lai METADATA.pb cua font do truoc khi dung)	Expressive Active,Expressive Artistic,Expressive Awkward,Expressive Calm,Expressive Competent,Expressive Fancy,Expressive Happy,Expressive Playful,Expressive Sincere,Expressive Sophisticated,Expressive Vintage,Quality Concept	https://fonts.google.com/specimen/Kapakana
Karantina	?	OFL (kiem lai METADATA.pb cua font do truoc khi dung)	Expressive Awkward,Expressive Futuristic,Expressive Loud,Expressive Rugged,Expressive Stiff,Expressive Vintage,Quality Concept,Quality Drawing,Quality Spacing,Quality Wordspace	https://fonts.google.com/specimen/Karantina
Karla	?	OFL (kiem lai METADATA.pb cua font do truoc khi dung)	Expressive Awkward,Expressive Business,Expressive Calm,Expressive Competent,Expressive Loud,Expressive Playful,Expressive Rugged,Expressive Stiff,Expressive Vintage,Quality Concept,Quality Drawing,Quality Spacing	https://fonts.google.com/specimen/Karla
Karla Tamil Inclined	?	OFL (kiem lai METADATA.pb cua font do truoc khi dung)	Expressive Business,Expressive Calm,Expressive Loud,Expressive Rugged,Expressive Stiff,Expressive Vintage,Quality Concept,Quality Drawing,Quality Spacing,Quality Wordspace,Sans Grotesque	https://fonts.google.com/specimen/Karla+Tamil+Inclined
Karla Tamil Upright	?	OFL (kiem lai METADATA.pb cua font do truoc khi dung)	Expressive Business,Expressive Calm,Expressive Competent,Expressive Loud,Expressive Rugged,Expressive Stiff,Expressive Vintage,Quality Concept,Quality Drawing,Quality Spacing,Quality Wordspace,Sans Grotesque	https://fonts.google.com/specimen/Karla+Tamil+Upright
Karma	?	OFL (kiem lai METADATA.pb cua font do truoc khi dung)	Expressive Business,Expressive Competent,Expressive Loud,Expressive Rugged,Expressive Sincere,Expressive Vintage,Quality Concept,Quality Drawing,Quality Spacing,Quality Wordspace,Serif Transitional	https://fonts.google.com/specimen/Karma
Katibeh	?	OFL (kiem lai METADATA.pb cua font do truoc khi dung)	Expressive Loud,Expressive Playful,Expressive Rugged,Expressive Sincere,Expressive Vintage,Quality Concept,Quality Drawing,Quality Spacing,Quality Wordspace,Serif Fat Face	https://fonts.google.com/specimen/Katibeh
Kaushan Script	?	OFL (kiem lai METADATA.pb cua font do truoc khi dung)	Expressive Active,Expressive Artistic,Expressive Awkward,Expressive Cute,Expressive Excited,Expressive Happy,Expressive Loud,Expressive Playful,Expressive Rugged,Expressive Sincere,Expressive Vintage,Quality Concept	https://fonts.google.com/specimen/Kaushan+Script
Kavivanar	?	OFL (kiem lai METADATA.pb cua font do truoc khi dung)	Expressive Awkward,Expressive Cute,Expressive Excited,Expressive Loud,Expressive Playful,Expressive Rugged,Expressive Vintage,Quality Concept,Quality Drawing,Quality Spacing,Quality Wordspace,Sans Humanist	https://fonts.google.com/specimen/Kavivanar
Kavoon	?	OFL (kiem lai METADATA.pb cua font do truoc khi dung)	Expressive Active,Expressive Artistic,Expressive Awkward,Expressive Business,Expressive Cute,Expressive Excited,Expressive Futuristic,Expressive Happy,Expressive Innovative,Expressive Loud,Expressive Playful,Expressive Rugged	https://fonts.google.com/specimen/Kavoon
Kay Pho Du	?	OFL (kiem lai METADATA.pb cua font do truoc khi dung)	Expressive Business,Expressive Futuristic,Expressive Loud,Expressive Rugged,Expressive Vintage,Quality Concept,Quality Drawing,Quality Spacing,Quality Wordspace,Slab Geometric	https://fonts.google.com/specimen/Kay+Pho+Du
Kdam Thmor Pro	?	OFL (kiem lai METADATA.pb cua font do truoc khi dung)	Expressive Awkward,Expressive Calm,Expressive Futuristic,Expressive Loud,Expressive Rugged,Expressive Stiff,Expressive Vintage,Quality Concept,Quality Drawing,Quality Spacing,Quality Wordspace,Sans Geometric	https://fonts.google.com/specimen/Kdam+Thmor+Pro
Keania One	?	OFL (kiem lai METADATA.pb cua font do truoc khi dung)	Expressive Active,Expressive Awkward,Expressive Futuristic,Expressive Innovative,Expressive Loud,Expressive Rugged,Expressive Sincere,Expressive Stiff,Expressive Vintage,Quality Concept,Quality Drawing,Quality Spacing	https://fonts.google.com/specimen/Keania+One
Kedebideri	?	OFL (kiem lai METADATA.pb cua font do truoc khi dung)	Expressive Business,Expressive Calm,Expressive Competent,Expressive Loud,Expressive Rugged,Expressive Sincere,Expressive Stiff,Expressive Vintage,Quality Concept,Quality Drawing,Quality Spacing,Quality Wordspace	https://fonts.google.com/specimen/Kedebideri
Kelly Slab	?	OFL (kiem lai METADATA.pb cua font do truoc khi dung)	Expressive Awkward,Expressive Futuristic,Expressive Loud,Expressive Rugged,Expressive Sincere,Expressive Stiff,Expressive Vintage,Quality Concept,Quality Drawing,Quality Spacing,Quality Wordspace,Slab Humanist	https://fonts.google.com/specimen/Kelly+Slab
Kenia	?	OFL (kiem lai METADATA.pb cua font do truoc khi dung)	Expressive Awkward,Expressive Futuristic,Expressive Innovative,Expressive Loud,Expressive Playful,Expressive Rugged,Expressive Sincere,Expressive Stiff,Expressive Vintage,Quality Concept,Quality Drawing,Quality Spacing	https://fonts.google.com/specimen/Kenia
Khand	?	OFL (kiem lai METADATA.pb cua font do truoc khi dung)	Expressive Calm,Expressive Futuristic,Expressive Loud,Expressive Rugged,Expressive Stiff,Expressive Vintage,Quality Concept,Quality Drawing,Quality Spacing,Quality Wordspace,Sans Humanist	https://fonts.google.com/specimen/Khand
Khmer	?	OFL (kiem lai METADATA.pb cua font do truoc khi dung)	Expressive Loud,Expressive Rugged,Expressive Stiff,Expressive Vintage,Quality Concept,Quality Drawing,Quality Spacing,Quality Wordspace,Theme Blackletter	https://fonts.google.com/specimen/Khmer
Khula	?	OFL (kiem lai METADATA.pb cua font do truoc khi dung)	Expressive Calm,Expressive Competent,Expressive Loud,Expressive Rugged,Expressive Stiff,Expressive Vintage,Quality Concept,Quality Drawing,Quality Spacing,Quality Wordspace,Sans Humanist	https://fonts.google.com/specimen/Khula
Kings	?	OFL (kiem lai METADATA.pb cua font do truoc khi dung)	Expressive Artistic,Expressive Awkward,Expressive Excited,Expressive Fancy,Expressive Rugged,Expressive Sincere,Expressive Sophisticated,Expressive Vintage,Quality Concept,Quality Drawing,Quality Spacing,Quality Wordspace	https://fonts.google.com/specimen/Kings
Kirang Haerang	?	OFL (kiem lai METADATA.pb cua font do truoc khi dung)	Expressive Artistic,Expressive Awkward,Expressive Cute,Expressive Excited,Expressive Happy,Expressive Loud,Expressive Playful,Expressive Rugged,Expressive Vintage,Quality Concept,Quality Drawing,Quality Spacing	https://fonts.google.com/specimen/Kirang+Haerang
Kite One	?	OFL (kiem lai METADATA.pb cua font do truoc khi dung)	Expressive Active,Expressive Childlike,Expressive Excited,Expressive Happy,Expressive Playful,Expressive Rugged,Expressive Vintage,Quality Concept,Quality Drawing,Quality Spacing,Quality Wordspace,Sans Humanist	https://fonts.google.com/specimen/Kite+One
Kiwi Maru	?	OFL (kiem lai METADATA.pb cua font do truoc khi dung)	Expressive Awkward,Expressive Business,Expressive Cute,Expressive Loud,Expressive Playful,Expressive Rugged,Expressive Vintage,Quality Concept,Quality Drawing,Quality Spacing,Quality Wordspace	https://fonts.google.com/specimen/Kiwi+Maru
Klee One	?	OFL (kiem lai METADATA.pb cua font do truoc khi dung)	Expressive Business,Expressive Childlike,Expressive Cute,Expressive Happy,Expressive Playful,Expressive Rugged,Expressive Sincere,Expressive Vintage,Quality Concept,Quality Drawing,Quality Spacing,Quality Wordspace	https://fonts.google.com/specimen/Klee+One
Knewave	?	OFL (kiem lai METADATA.pb cua font do truoc khi dung)	Expressive Active,Expressive Awkward,Expressive Excited,Expressive Happy,Expressive Loud,Expressive Playful,Expressive Rugged,Expressive Vintage,Quality Concept,Quality Drawing,Quality Spacing,Quality Wordspace	https://fonts.google.com/specimen/Knewave
Kodchasan	?	OFL (kiem lai METADATA.pb cua font do truoc khi dung)	Expressive Business,Expressive Calm,Expressive Happy,Expressive Playful,Expressive Rugged,Expressive Vintage,Quality Concept,Quality Drawing,Quality Spacing,Quality Wordspace,Sans Geometric,Sans Rounded	https://fonts.google.com/specimen/Kodchasan
Kode Mono	?	OFL (kiem lai METADATA.pb cua font do truoc khi dung)	Expressive Awkward,Expressive Calm,Expressive Competent,Expressive Futuristic,Expressive Loud,Expressive Playful,Expressive Rugged,Expressive Stiff,Expressive Vintage,Monospace Monospace,Quality Concept,Quality Drawing	https://fonts.google.com/specimen/Kode+Mono
Koh Santepheap	?	OFL (kiem lai METADATA.pb cua font do truoc khi dung)	Expressive Business,Expressive Competent,Expressive Loud,Expressive Rugged,Expressive Sincere,Expressive Vintage,Quality Concept,Quality Drawing,Quality Spacing,Quality Wordspace,Serif Modern,Serif Scotch	https://fonts.google.com/specimen/Koh+Santepheap
KoHo	?	OFL (kiem lai METADATA.pb cua font do truoc khi dung)	Expressive Business,Expressive Calm,Expressive Rugged,Expressive Stiff,Expressive Vintage,Quality Concept,Quality Drawing,Quality Spacing,Quality Wordspace,Sans Geometric,Sans Humanist,Sans Neo Grotesque	https://fonts.google.com/specimen/KoHo
Kolker Brush	?	OFL (kiem lai METADATA.pb cua font do truoc khi dung)	Expressive Active,Expressive Artistic,Expressive Awkward,Expressive Excited,Expressive Rugged,Expressive Vintage,Quality Concept,Quality Drawing,Quality Spacing,Quality Wordspace,Script Informal,Seasonal Holi	https://fonts.google.com/specimen/Kolker+Brush
Konkhmer Sleokchher	?	OFL (kiem lai METADATA.pb cua font do truoc khi dung)	Expressive Calm,Expressive Loud,Expressive Playful,Expressive Rugged,Expressive Sincere,Expressive Stiff,Expressive Vintage,Quality Concept,Quality Drawing,Quality Spacing,Quality Wordspace	https://fonts.google.com/specimen/Konkhmer+Sleokchher
Kosugi	?	OFL (kiem lai METADATA.pb cua font do truoc khi dung)	Expressive Awkward,Expressive Business,Expressive Calm,Expressive Loud,Expressive Rugged,Expressive Vintage,Quality Concept,Quality Drawing,Quality Spacing,Quality Wordspace,Sans Grotesque	https://fonts.google.com/specimen/Kosugi
Kosugi Maru	?	OFL (kiem lai METADATA.pb cua font do truoc khi dung)	Expressive Awkward,Expressive Business,Expressive Calm,Expressive Loud,Expressive Playful,Expressive Rugged,Expressive Vintage,Quality Concept,Quality Drawing,Quality Spacing,Quality Wordspace,Sans Grotesque	https://fonts.google.com/specimen/Kosugi+Maru
Kotta One	?	OFL (kiem lai METADATA.pb cua font do truoc khi dung)	Expressive Active,Expressive Business,Expressive Excited,Expressive Loud,Expressive Rugged,Expressive Vintage,Quality Concept,Quality Drawing,Quality Spacing,Quality Wordspace,Serif Humanist Venetian	https://fonts.google.com/specimen/Kotta+One
Koulen	?	OFL (kiem lai METADATA.pb cua font do truoc khi dung)	Expressive Awkward,Expressive Loud,Expressive Rugged,Expressive Stiff,Expressive Vintage,Quality Concept,Quality Drawing,Quality Spacing,Quality Wordspace,Sans Superellipse	https://fonts.google.com/specimen/Koulen
Kranky	?	OFL (kiem lai METADATA.pb cua font do truoc khi dung)	Expressive Awkward,Expressive Excited,Expressive Happy,Expressive Innovative,Expressive Playful,Expressive Rugged,Expressive Sincere,Expressive Vintage,Quality Concept,Quality Drawing,Quality Spacing,Quality Wordspace	https://fonts.google.com/specimen/Kranky
Kreon	?	OFL (kiem lai METADATA.pb cua font do truoc khi dung)	Expressive Awkward,Expressive Business,Expressive Calm,Expressive Competent,Expressive Happy,Expressive Loud,Expressive Playful,Expressive Rugged,Expressive Sincere,Expressive Vintage,Quality Concept,Quality Drawing	https://fonts.google.com/specimen/Kreon
Kristi	?	OFL (kiem lai METADATA.pb cua font do truoc khi dung)	Expressive Artistic,Expressive Awkward,Expressive Childlike,Expressive Excited,Expressive Happy,Expressive Playful,Expressive Rugged,Expressive Vintage,Quality Concept,Quality Drawing,Quality Spacing,Quality Wordspace	https://fonts.google.com/specimen/Kristi
Krona One	?	OFL (kiem lai METADATA.pb cua font do truoc khi dung)	Expressive Active,Expressive Awkward,Expressive Business,Expressive Calm,Expressive Excited,Expressive Futuristic,Expressive Happy,Expressive Loud,Expressive Rugged,Expressive Sincere,Expressive Stiff,Expressive Vintage	https://fonts.google.com/specimen/Krona+One
Krub	?	OFL (kiem lai METADATA.pb cua font do truoc khi dung)	Expressive Business,Expressive Calm,Expressive Competent,Expressive Rugged,Expressive Vintage,Quality Concept,Quality Drawing,Quality Spacing,Quality Wordspace,Sans Humanist	https://fonts.google.com/specimen/Krub
Kufam	?	OFL (kiem lai METADATA.pb cua font do truoc khi dung)	Expressive Awkward,Expressive Calm,Expressive Competent,Expressive Innovative,Expressive Loud,Expressive Playful,Expressive Rugged,Expressive Stiff,Expressive Vintage,Quality Concept,Quality Drawing,Quality Spacing	https://fonts.google.com/specimen/Kufam
Kulim Park	?	OFL (kiem lai METADATA.pb cua font do truoc khi dung)	Expressive Business,Expressive Calm,Expressive Loud,Expressive Rugged,Expressive Sincere,Expressive Vintage,Quality Concept,Quality Drawing,Quality Spacing,Quality Wordspace,Sans Geometric,Sans Humanist	https://fonts.google.com/specimen/Kulim+Park
Kumar One	?	OFL (kiem lai METADATA.pb cua font do truoc khi dung)	Expressive Awkward,Expressive Excited,Expressive Futuristic,Expressive Innovative,Expressive Loud,Expressive Rugged,Expressive Sincere,Expressive Stiff,Expressive Vintage,Quality Concept,Quality Drawing,Quality Spacing	https://fonts.google.com/specimen/Kumar+One
Kumar One Outline	?	OFL (kiem lai METADATA.pb cua font do truoc khi dung)	Expressive Awkward,Expressive Excited,Expressive Futuristic,Expressive Innovative,Expressive Rugged,Expressive Sincere,Expressive Stiff,Expressive Vintage,Quality Concept,Quality Drawing,Quality Spacing,Quality Wordspace	https://fonts.google.com/specimen/Kumar+One+Outline
Kumbh Sans	?	OFL (kiem lai METADATA.pb cua font do truoc khi dung)	Expressive Awkward,Expressive Business,Expressive Calm,Expressive Competent,Expressive Loud,Expressive Playful,Expressive Rugged,Expressive Vintage,Quality Concept,Quality Drawing,Quality Spacing,Quality Wordspace	https://fonts.google.com/specimen/Kumbh+Sans
Kurale	?	OFL (kiem lai METADATA.pb cua font do truoc khi dung)	Expressive Business,Expressive Cute,Expressive Happy,Expressive Loud,Expressive Playful,Expressive Rugged,Expressive Sincere,Expressive Vintage,Quality Concept,Quality Drawing,Quality Spacing,Quality Wordspace	https://fonts.google.com/specimen/Kurale
La Belle Aurore	?	OFL (kiem lai METADATA.pb cua font do truoc khi dung)	Expressive Artistic,Expressive Awkward,Expressive Childlike,Expressive Excited,Expressive Playful,Expressive Rugged,Expressive Sincere,Expressive Vintage,Quality Concept,Quality Drawing,Quality Spacing,Quality Wordspace	https://fonts.google.com/specimen/La+Belle+Aurore
Labrada	?	OFL (kiem lai METADATA.pb cua font do truoc khi dung)	Expressive Awkward,Expressive Business,Expressive Calm,Expressive Competent,Expressive Loud,Expressive Playful,Expressive Rugged,Expressive Vintage,Quality Concept,Quality Drawing,Quality Spacing,Quality Wordspace	https://fonts.google.com/specimen/Labrada
Lacquer	?	OFL (kiem lai METADATA.pb cua font do truoc khi dung)	Expressive Artistic,Expressive Awkward,Expressive Excited,Expressive Loud,Expressive Playful,Expressive Rugged,Expressive Sincere,Expressive Vintage,Quality Concept,Quality Drawing,Quality Spacing,Quality Wordspace	https://fonts.google.com/specimen/Lacquer
Laila	?	OFL (kiem lai METADATA.pb cua font do truoc khi dung)	Expressive Loud,Expressive Rugged,Expressive Sincere,Expressive Vintage,Quality Concept,Quality Drawing,Quality Spacing,Quality Wordspace,Serif Humanist Venetian	https://fonts.google.com/specimen/Laila
Lakki Reddy	?	OFL (kiem lai METADATA.pb cua font do truoc khi dung)	Expressive Awkward,Expressive Excited,Expressive Happy,Expressive Loud,Expressive Playful,Expressive Rugged,Expressive Sincere,Expressive Vintage,Quality Concept,Quality Drawing,Quality Spacing,Quality Wordspace	https://fonts.google.com/specimen/Lakki+Reddy
Lalezar	?	OFL (kiem lai METADATA.pb cua font do truoc khi dung)	Expressive Active,Expressive Calm,Expressive Loud,Expressive Rugged,Expressive Sincere,Expressive Vintage,Quality Concept,Quality Drawing,Quality Spacing,Quality Wordspace,Sans Humanist	https://fonts.google.com/specimen/Lalezar
Lancelot	?	OFL (kiem lai METADATA.pb cua font do truoc khi dung)	Expressive Business,Expressive Rugged,Expressive Sincere,Expressive Vintage,Quality Concept,Quality Drawing,Quality Spacing,Quality Wordspace,Serif Old Style Garalde	https://fonts.google.com/specimen/Lancelot
Langar	?	OFL (kiem lai METADATA.pb cua font do truoc khi dung)	Expressive Active,Expressive Awkward,Expressive Cute,Expressive Excited,Expressive Happy,Expressive Loud,Expressive Rugged,Expressive Sincere,Expressive Vintage,Quality Concept,Quality Drawing,Quality Spacing	https://fonts.google.com/specimen/Langar
Lateef	?	OFL (kiem lai METADATA.pb cua font do truoc khi dung)	Expressive Business,Expressive Loud,Expressive Rugged,Expressive Vintage,Quality Concept,Quality Drawing,Quality Spacing,Quality Wordspace,Serif Old Style Garalde,Serif Transitional	https://fonts.google.com/specimen/Lateef
Lato	?	OFL (kiem lai METADATA.pb cua font do truoc khi dung)	Expressive Business,Expressive Calm,Expressive Competent,Expressive Loud,Expressive Rugged,Expressive Sincere,Expressive Vintage,Quality Concept,Quality Drawing,Quality Spacing,Quality Wordspace,Sans Humanist	https://fonts.google.com/specimen/Lato
Lavishly Yours	?	OFL (kiem lai METADATA.pb cua font do truoc khi dung)	Expressive Active,Expressive Artistic,Expressive Awkward,Expressive Cute,Expressive Excited,Expressive Fancy,Expressive Happy,Expressive Playful,Expressive Sophisticated,Expressive Vintage,Quality Concept,Quality Drawing	https://fonts.google.com/specimen/Lavishly+Yours
League Gothic	?	OFL (kiem lai METADATA.pb cua font do truoc khi dung)	Expressive Active,Expressive Business,Expressive Calm,Expressive Excited,Expressive Futuristic,Expressive Loud,Expressive Rugged,Expressive Stiff,Expressive Vintage,Quality Concept,Quality Drawing,Quality Spacing	https://fonts.google.com/specimen/League+Gothic
League Script	?	OFL (kiem lai METADATA.pb cua font do truoc khi dung)	Expressive Active,Expressive Artistic,Expressive Awkward,Expressive Childlike,Expressive Cute,Expressive Excited,Expressive Fancy,Expressive Happy,Expressive Playful,Expressive Sophisticated,Expressive Vintage,Quality Concept	https://fonts.google.com/specimen/League+Script
League Spartan	?	OFL (kiem lai METADATA.pb cua font do truoc khi dung)	Expressive Awkward,Expressive Business,Expressive Calm,Expressive Competent,Expressive Loud,Expressive Playful,Expressive Rugged,Expressive Vintage,Quality Concept,Quality Drawing,Quality Spacing,Quality Wordspace	https://fonts.google.com/specimen/League+Spartan
Leckerli One	?	OFL (kiem lai METADATA.pb cua font do truoc khi dung)	Expressive Active,Expressive Awkward,Expressive Cute,Expressive Excited,Expressive Happy,Expressive Loud,Expressive Playful,Expressive Rugged,Expressive Vintage,Quality Concept,Quality Drawing,Quality Spacing	https://fonts.google.com/specimen/Leckerli+One
Ledger	?	OFL (kiem lai METADATA.pb cua font do truoc khi dung)	Expressive Business,Expressive Competent,Expressive Loud,Expressive Rugged,Expressive Sincere,Expressive Vintage,Quality Concept,Quality Drawing,Quality Spacing,Quality Wordspace,Serif Modern	https://fonts.google.com/specimen/Ledger
Lekton	?	OFL (kiem lai METADATA.pb cua font do truoc khi dung)	Expressive Business,Expressive Calm,Expressive Futuristic,Expressive Rugged,Expressive Stiff,Expressive Vintage,Monospace Monospace,Quality Concept,Quality Drawing,Quality Spacing,Quality Wordspace,Sans Humanist	https://fonts.google.com/specimen/Lekton
Lemon	?	OFL (kiem lai METADATA.pb cua font do truoc khi dung)	Expressive Active,Expressive Childlike,Expressive Cute,Expressive Excited,Expressive Happy,Expressive Loud,Expressive Playful,Expressive Rugged,Expressive Sincere,Expressive Vintage,Quality Concept,Quality Drawing	https://fonts.google.com/specimen/Lemon
Lemonada	?	OFL (kiem lai METADATA.pb cua font do truoc khi dung)	Expressive Awkward,Expressive Calm,Expressive Competent,Expressive Cute,Expressive Excited,Expressive Happy,Expressive Loud,Expressive Playful,Expressive Rugged,Expressive Sincere,Expressive Vintage,Quality Concept	https://fonts.google.com/specimen/Lemonada
Lexend	?	OFL (kiem lai METADATA.pb cua font do truoc khi dung)	Expressive Awkward,Expressive Business,Expressive Calm,Expressive Competent,Expressive Loud,Expressive Playful,Expressive Rugged,Expressive Vintage,Purpose Easy Reading,Quality Concept,Quality Drawing,Quality Spacing	https://fonts.google.com/specimen/Lexend
Lexend Deca	?	OFL (kiem lai METADATA.pb cua font do truoc khi dung)	Expressive Awkward,Expressive Business,Expressive Calm,Expressive Competent,Expressive Loud,Expressive Playful,Expressive Rugged,Expressive Vintage,Purpose Easy Reading,Quality Concept,Quality Drawing,Quality Spacing	https://fonts.google.com/specimen/Lexend+Deca
Lexend Exa	?	OFL (kiem lai METADATA.pb cua font do truoc khi dung)	Expressive Awkward,Expressive Business,Expressive Calm,Expressive Competent,Expressive Loud,Expressive Playful,Expressive Rugged,Expressive Vintage,Purpose Easy Reading,Quality Concept,Quality Drawing,Quality Spacing	https://fonts.google.com/specimen/Lexend+Exa
Lexend Giga	?	OFL (kiem lai METADATA.pb cua font do truoc khi dung)	Expressive Awkward,Expressive Business,Expressive Calm,Expressive Competent,Expressive Loud,Expressive Playful,Expressive Rugged,Expressive Vintage,Purpose Easy Reading,Quality Concept,Quality Drawing,Quality Spacing	https://fonts.google.com/specimen/Lexend+Giga
Lexend Mega	?	OFL (kiem lai METADATA.pb cua font do truoc khi dung)	Expressive Awkward,Expressive Business,Expressive Calm,Expressive Competent,Expressive Loud,Expressive Playful,Expressive Rugged,Expressive Vintage,Purpose Easy Reading,Quality Concept,Quality Drawing,Quality Spacing	https://fonts.google.com/specimen/Lexend+Mega
Lexend Peta	?	OFL (kiem lai METADATA.pb cua font do truoc khi dung)	Expressive Awkward,Expressive Business,Expressive Calm,Expressive Competent,Expressive Loud,Expressive Playful,Expressive Rugged,Expressive Vintage,Purpose Easy Reading,Quality Concept,Quality Drawing,Quality Spacing	https://fonts.google.com/specimen/Lexend+Peta
Lexend Tera	?	OFL (kiem lai METADATA.pb cua font do truoc khi dung)	Expressive Awkward,Expressive Business,Expressive Calm,Expressive Competent,Expressive Loud,Expressive Playful,Expressive Rugged,Expressive Vintage,Purpose Easy Reading,Quality Concept,Quality Drawing,Quality Spacing	https://fonts.google.com/specimen/Lexend+Tera
Lexend Zetta	?	OFL (kiem lai METADATA.pb cua font do truoc khi dung)	Expressive Awkward,Expressive Business,Expressive Calm,Expressive Competent,Expressive Loud,Expressive Playful,Expressive Rugged,Expressive Vintage,Purpose Easy Reading,Quality Concept,Quality Drawing,Quality Spacing	https://fonts.google.com/specimen/Lexend+Zetta
Libertinus Keyboard	?	OFL (kiem lai METADATA.pb cua font do truoc khi dung)	Expressive Artistic,Expressive Playful,Quality Concept,Quality Drawing,Quality Spacing,Quality Wordspace,Sans Glyphic	https://fonts.google.com/specimen/Libertinus+Keyboard
Libertinus Math	?	OFL (kiem lai METADATA.pb cua font do truoc khi dung)	Expressive Business,Expressive Competent,Expressive Loud,Expressive Rugged,Expressive Sincere,Quality Concept,Quality Drawing,Quality Spacing,Quality Wordspace,Serif Transitional	https://fonts.google.com/specimen/Libertinus+Math
Libertinus Mono	?	OFL (kiem lai METADATA.pb cua font do truoc khi dung)	Expressive Business,Expressive Loud,Expressive Rugged,Expressive Vintage,Monospace Monospace,Quality Concept,Quality Drawing,Quality Spacing,Quality Wordspace,Serif Transitional	https://fonts.google.com/specimen/Libertinus+Mono
Libertinus Sans	?	OFL (kiem lai METADATA.pb cua font do truoc khi dung)	Expressive Business,Expressive Loud,Expressive Rugged,Expressive Sincere,Expressive Vintage,Quality Concept,Quality Drawing,Quality Spacing,Quality Wordspace,Sans Glyphic	https://fonts.google.com/specimen/Libertinus+Sans
Libertinus Serif	?	OFL (kiem lai METADATA.pb cua font do truoc khi dung)	Expressive Business,Expressive Competent,Expressive Loud,Expressive Rugged,Expressive Sincere,Expressive Vintage,Quality Concept,Quality Drawing,Quality Spacing,Quality Wordspace,Serif Transitional	https://fonts.google.com/specimen/Libertinus+Serif
Libertinus Serif Display	?	OFL (kiem lai METADATA.pb cua font do truoc khi dung)	Expressive Business,Expressive Competent,Expressive Loud,Expressive Rugged,Expressive Sincere,Expressive Vintage,Quality Concept,Quality Drawing,Quality Spacing,Quality Wordspace,Serif Transitional	https://fonts.google.com/specimen/Libertinus+Serif+Display
Libre Barcode 128	?	OFL (kiem lai METADATA.pb cua font do truoc khi dung)	Expressive Sincere,Quality Concept,Quality Drawing,Quality Spacing,Quality Wordspace,Special use Barcode	https://fonts.google.com/specimen/Libre+Barcode+128
Libre Barcode 128 Text	?	OFL (kiem lai METADATA.pb cua font do truoc khi dung)	Expressive Futuristic,Expressive Sincere,Quality Concept,Quality Drawing,Quality Spacing,Quality Wordspace,Special use Barcode	https://fonts.google.com/specimen/Libre+Barcode+128+Text
Libre Barcode 39	?	OFL (kiem lai METADATA.pb cua font do truoc khi dung)	Expressive Sincere,Quality Concept,Quality Drawing,Quality Spacing,Quality Wordspace,Special use Barcode	https://fonts.google.com/specimen/Libre+Barcode+39
Libre Barcode 39 Extended	?	OFL (kiem lai METADATA.pb cua font do truoc khi dung)	Expressive Sincere,Quality Concept,Quality Drawing,Quality Spacing,Quality Wordspace,Special use Barcode	https://fonts.google.com/specimen/Libre+Barcode+39+Extended
Libre Barcode 39 Extended Text	?	OFL (kiem lai METADATA.pb cua font do truoc khi dung)	Expressive Futuristic,Expressive Sincere,Quality Concept,Quality Drawing,Quality Spacing,Quality Wordspace,Special use Barcode	https://fonts.google.com/specimen/Libre+Barcode+39+Extended+Text
Libre Barcode 39 Text	?	OFL (kiem lai METADATA.pb cua font do truoc khi dung)	Expressive Futuristic,Expressive Sincere,Quality Concept,Quality Drawing,Quality Spacing,Quality Wordspace,Special use Barcode	https://fonts.google.com/specimen/Libre+Barcode+39+Text
Libre Barcode EAN13 Text	?	OFL (kiem lai METADATA.pb cua font do truoc khi dung)	Expressive Sincere,Quality Concept,Quality Drawing,Quality Spacing,Quality Wordspace,Special use Barcode	https://fonts.google.com/specimen/Libre+Barcode+EAN13+Text
Libre Baskerville	?	OFL (kiem lai METADATA.pb cua font do truoc khi dung)	Expressive Awkward,Expressive Business,Expressive Calm,Expressive Competent,Expressive Fancy,Expressive Loud,Expressive Playful,Expressive Rugged,Expressive Sincere,Expressive Vintage,Quality Concept,Quality Drawing	https://fonts.google.com/specimen/Libre+Baskerville
Libre Bodoni	?	OFL (kiem lai METADATA.pb cua font do truoc khi dung)	Expressive Awkward,Expressive Business,Expressive Calm,Expressive Competent,Expressive Fancy,Expressive Loud,Expressive Playful,Expressive Rugged,Expressive Sincere,Expressive Vintage,Quality Concept,Quality Drawing	https://fonts.google.com/specimen/Libre+Bodoni
Libre Caslon Display	?	OFL (kiem lai METADATA.pb cua font do truoc khi dung)	Expressive Business,Expressive Rugged,Expressive Vintage,Quality Concept,Quality Drawing,Quality Spacing,Quality Wordspace,Serif Old Style Garalde	https://fonts.google.com/specimen/Libre+Caslon+Display
Libre Caslon Text	?	OFL (kiem lai METADATA.pb cua font do truoc khi dung)	Expressive Business,Expressive Competent,Expressive Loud,Expressive Rugged,Expressive Sincere,Expressive Vintage,Quality Concept,Quality Drawing,Quality Spacing,Quality Wordspace,Serif Old Style Garalde	https://fonts.google.com/specimen/Libre+Caslon+Text
Libre Franklin	?	OFL (kiem lai METADATA.pb cua font do truoc khi dung)	Expressive Awkward,Expressive Business,Expressive Calm,Expressive Competent,Expressive Loud,Expressive Playful,Expressive Rugged,Expressive Stiff,Expressive Vintage,Quality Concept,Quality Drawing,Quality Spacing	https://fonts.google.com/specimen/Libre+Franklin
Licorice	?	OFL (kiem lai METADATA.pb cua font do truoc khi dung)	Expressive Active,Expressive Artistic,Expressive Awkward,Expressive Childlike,Expressive Cute,Expressive Excited,Expressive Fancy,Expressive Happy,Expressive Playful,Expressive Rugged,Expressive Vintage,Quality Concept	https://fonts.google.com/specimen/Licorice
Life Savers	?	OFL (kiem lai METADATA.pb cua font do truoc khi dung)	Expressive Awkward,Expressive Cute,Expressive Excited,Expressive Happy,Expressive Playful,Expressive Rugged,Expressive Sincere,Expressive Vintage,Quality Concept,Quality Drawing,Quality Spacing,Quality Wordspace	https://fonts.google.com/specimen/Life+Savers
Lilex	?	OFL (kiem lai METADATA.pb cua font do truoc khi dung)	Expressive Awkward,Expressive Business,Expressive Calm,Expressive Competent,Expressive Futuristic,Expressive Loud,Expressive Playful,Expressive Rugged,Expressive Stiff,Expressive Vintage,Monospace Monospace,Quality Concept	https://fonts.google.com/specimen/Lilex
Lilita One	?	OFL (kiem lai METADATA.pb cua font do truoc khi dung)	Expressive Cute,Expressive Happy,Expressive Loud,Expressive Playful,Expressive Rugged,Expressive Vintage,Quality Concept,Quality Drawing,Quality Spacing,Quality Wordspace,Sans Humanist,Seasonal Kwanzaa	https://fonts.google.com/specimen/Lilita+One
Lily Script One	?	OFL (kiem lai METADATA.pb cua font do truoc khi dung)	Expressive Artistic,Expressive Awkward,Expressive Cute,Expressive Excited,Expressive Happy,Expressive Loud,Expressive Playful,Expressive Rugged,Expressive Sincere,Expressive Vintage,Quality Concept,Quality Drawing	https://fonts.google.com/specimen/Lily+Script+One
Limelight	?	OFL (kiem lai METADATA.pb cua font do truoc khi dung)	Expressive Artistic,Expressive Awkward,Expressive Excited,Expressive Loud,Expressive Rugged,Expressive Sincere,Expressive Vintage,Quality Concept,Quality Drawing,Quality Spacing,Quality Wordspace,Seasonal Christmas	https://fonts.google.com/specimen/Limelight
Linden Hill	?	OFL (kiem lai METADATA.pb cua font do truoc khi dung)	Expressive Business,Expressive Rugged,Expressive Vintage,Quality Concept,Quality Drawing,Quality Spacing,Quality Wordspace,Serif Old Style Garalde	https://fonts.google.com/specimen/Linden+Hill
LINE Seed JP	?	OFL (kiem lai METADATA.pb cua font do truoc khi dung)	Expressive Business,Expressive Calm,Expressive Competent,Expressive Loud,Expressive Rugged,Expressive Sincere,Expressive Vintage,Quality Concept,Quality Drawing,Quality Spacing,Quality Wordspace,Sans Geometric	https://fonts.google.com/specimen/LINE+Seed+JP
Linefont	?	OFL (kiem lai METADATA.pb cua font do truoc khi dung)	wght@25,wght@200,Expressive Playful,Quality Concept,Quality Drawing,Quality Spacing,Quality Wordspace,Special use Symbols	https://fonts.google.com/specimen/Linefont
Lisu Bosa	?	OFL (kiem lai METADATA.pb cua font do truoc khi dung)	Expressive Business,Expressive Loud,Expressive Rugged,Expressive Sincere,Expressive Vintage,Quality Concept,Quality Drawing,Quality Spacing,Quality Wordspace,Serif Transitional	https://fonts.google.com/specimen/Lisu+Bosa
Liter	?	OFL (kiem lai METADATA.pb cua font do truoc khi dung)	Expressive Business,Expressive Calm,Expressive Competent,Expressive Loud,Expressive Rugged,Expressive Sincere,Expressive Vintage,Quality Concept,Quality Drawing,Quality Spacing,Quality Wordspace,Sans Grotesque	https://fonts.google.com/specimen/Liter
Literata	?	OFL (kiem lai METADATA.pb cua font do truoc khi dung)	Expressive Awkward,Expressive Business,Expressive Competent,Expressive Fancy,Expressive Loud,Expressive Playful,Expressive Rugged,Expressive Sincere,Expressive Vintage,Quality Concept,Quality Drawing,Quality Spacing	https://fonts.google.com/specimen/Literata
Liu Jian Mao Cao	?	OFL (kiem lai METADATA.pb cua font do truoc khi dung)	Expressive Active,Expressive Artistic,Expressive Awkward,Expressive Childlike,Expressive Excited,Expressive Happy,Expressive Playful,Expressive Rugged,Expressive Sincere,Expressive Vintage,Quality Concept,Quality Drawing	https://fonts.google.com/specimen/Liu+Jian+Mao+Cao
Livvic	?	OFL (kiem lai METADATA.pb cua font do truoc khi dung)	Expressive Business,Expressive Calm,Expressive Cute,Expressive Loud,Expressive Rugged,Expressive Sincere,Expressive Vintage,Quality Concept,Quality Drawing,Quality Spacing,Quality Wordspace,Sans Geometric	https://fonts.google.com/specimen/Livvic
Lobster	?	OFL (kiem lai METADATA.pb cua font do truoc khi dung)	Expressive Active,Expressive Artistic,Expressive Cute,Expressive Excited,Expressive Fancy,Expressive Happy,Expressive Loud,Expressive Playful,Expressive Rugged,Expressive Sincere,Expressive Vintage,Quality Concept	https://fonts.google.com/specimen/Lobster
Lobster Two	?	OFL (kiem lai METADATA.pb cua font do truoc khi dung)	Expressive Active,Expressive Artistic,Expressive Cute,Expressive Excited,Expressive Happy,Expressive Loud,Expressive Playful,Expressive Rugged,Expressive Sincere,Expressive Vintage,Quality Concept,Quality Drawing	https://fonts.google.com/specimen/Lobster+Two
Londrina Outline	?	OFL (kiem lai METADATA.pb cua font do truoc khi dung)	Expressive Artistic,Expressive Awkward,Expressive Cute,Expressive Excited,Expressive Happy,Expressive Innovative,Expressive Playful,Expressive Rugged,Expressive Sincere,Expressive Vintage,Quality Concept,Quality Drawing	https://fonts.google.com/specimen/Londrina+Outline
Londrina Shadow	?	OFL (kiem lai METADATA.pb cua font do truoc khi dung)	Expressive Artistic,Expressive Awkward,Expressive Cute,Expressive Excited,Expressive Happy,Expressive Innovative,Expressive Playful,Expressive Rugged,Expressive Sincere,Expressive Vintage,Quality Concept,Quality Drawing	https://fonts.google.com/specimen/Londrina+Shadow
Londrina Sketch	?	OFL (kiem lai METADATA.pb cua font do truoc khi dung)	Expressive Artistic,Expressive Awkward,Expressive Cute,Expressive Excited,Expressive Happy,Expressive Innovative,Expressive Playful,Expressive Rugged,Expressive Sincere,Expressive Vintage,Quality Concept,Quality Drawing	https://fonts.google.com/specimen/Londrina+Sketch
Londrina Solid	?	OFL (kiem lai METADATA.pb cua font do truoc khi dung)	Expressive Awkward,Expressive Cute,Expressive Excited,Expressive Happy,Expressive Loud,Expressive Playful,Expressive Rugged,Expressive Sincere,Expressive Vintage,Quality Concept,Quality Drawing,Quality Spacing	https://fonts.google.com/specimen/Londrina+Solid
Long Cang	?	OFL (kiem lai METADATA.pb cua font do truoc khi dung)	Expressive Artistic,Expressive Awkward,Expressive Excited,Expressive Playful,Expressive Rugged,Expressive Sincere,Expressive Vintage,Quality Concept,Quality Drawing,Quality Spacing,Quality Wordspace,Script Handwritten	https://fonts.google.com/specimen/Long+Cang
Lora	?	OFL (kiem lai METADATA.pb cua font do truoc khi dung)	Expressive Awkward,Expressive Business,Expressive Calm,Expressive Competent,Expressive Loud,Expressive Playful,Expressive Rugged,Expressive Sincere,Expressive Vintage,Quality Concept,Quality Drawing,Quality Spacing	https://fonts.google.com/specimen/Lora
Love Light	?	OFL (kiem lai METADATA.pb cua font do truoc khi dung)	Expressive Active,Expressive Artistic,Expressive Awkward,Expressive Excited,Expressive Fancy,Expressive Happy,Expressive Playful,Expressive Rugged,Expressive Sophisticated,Expressive Vintage,Quality Concept,Quality Drawing	https://fonts.google.com/specimen/Love+Light
Love Ya Like A Sister	?	OFL (kiem lai METADATA.pb cua font do truoc khi dung)	Expressive Active,Expressive Awkward,Expressive Cute,Expressive Excited,Expressive Happy,Expressive Innovative,Expressive Loud,Expressive Playful,Expressive Rugged,Expressive Vintage,Quality Concept,Quality Drawing	https://fonts.google.com/specimen/Love+Ya+Like+A+Sister
Loved by the King	?	OFL (kiem lai METADATA.pb cua font do truoc khi dung)	Expressive Active,Expressive Artistic,Expressive Awkward,Expressive Childlike,Expressive Excited,Expressive Happy,Expressive Playful,Expressive Rugged,Expressive Sincere,Expressive Vintage,Quality Concept,Quality Drawing	https://fonts.google.com/specimen/Loved+by+the+King
Lovers Quarrel	?	OFL (kiem lai METADATA.pb cua font do truoc khi dung)	Expressive Active,Expressive Artistic,Expressive Awkward,Expressive Excited,Expressive Fancy,Expressive Happy,Expressive Playful,Expressive Sophisticated,Expressive Vintage,Quality Concept,Quality Drawing,Quality Spacing	https://fonts.google.com/specimen/Lovers+Quarrel
Luckiest Guy	?	OFL (kiem lai METADATA.pb cua font do truoc khi dung)	Expressive Active,Expressive Awkward,Expressive Cute,Expressive Excited,Expressive Happy,Expressive Innovative,Expressive Loud,Expressive Playful,Expressive Rugged,Expressive Sincere,Expressive Vintage,Quality Concept	https://fonts.google.com/specimen/Luckiest+Guy
Lugrasimo	?	OFL (kiem lai METADATA.pb cua font do truoc khi dung)	Expressive Active,Expressive Artistic,Expressive Awkward,Expressive Fancy,Expressive Loud,Expressive Rugged,Expressive Sincere,Expressive Vintage,Quality Concept,Quality Drawing,Quality Spacing,Quality Wordspace	https://fonts.google.com/specimen/Lugrasimo
Lumanosimo	?	OFL (kiem lai METADATA.pb cua font do truoc khi dung)	Expressive Active,Expressive Awkward,Expressive Childlike,Expressive Cute,Expressive Excited,Expressive Happy,Expressive Loud,Expressive Playful,Expressive Rugged,Expressive Sincere,Expressive Vintage,Quality Concept	https://fonts.google.com/specimen/Lumanosimo
Lunasima	?	OFL (kiem lai METADATA.pb cua font do truoc khi dung)	Expressive Business,Expressive Calm,Expressive Competent,Expressive Loud,Expressive Rugged,Expressive Sincere,Expressive Stiff,Expressive Vintage,Quality Concept,Quality Drawing,Quality Spacing,Quality Wordspace	https://fonts.google.com/specimen/Lunasima
Lusitana	?	OFL (kiem lai METADATA.pb cua font do truoc khi dung)	Expressive Business,Expressive Competent,Expressive Loud,Expressive Rugged,Expressive Sincere,Expressive Vintage,Quality Concept,Quality Drawing,Quality Spacing,Quality Wordspace,Serif Transitional	https://fonts.google.com/specimen/Lusitana
Lustria	?	OFL (kiem lai METADATA.pb cua font do truoc khi dung)	Expressive Business,Expressive Competent,Expressive Rugged,Expressive Sincere,Expressive Stiff,Expressive Vintage,Quality Concept,Quality Drawing,Quality Spacing,Quality Wordspace,Serif Transitional	https://fonts.google.com/specimen/Lustria
Luxurious Roman	?	OFL (kiem lai METADATA.pb cua font do truoc khi dung)	Expressive Active,Expressive Playful,Expressive Rugged,Expressive Sophisticated,Expressive Vintage,Quality Concept,Quality Drawing,Quality Spacing,Quality Wordspace,Serif Humanist Venetian,Serif Transitional	https://fonts.google.com/specimen/Luxurious+Roman
Luxurious Script	?	OFL (kiem lai METADATA.pb cua font do truoc khi dung)	Expressive Active,Expressive Artistic,Expressive Excited,Expressive Fancy,Expressive Happy,Expressive Rugged,Expressive Sincere,Expressive Sophisticated,Expressive Vintage,Quality Concept,Quality Drawing,Quality Spacing	https://fonts.google.com/specimen/Luxurious+Script
LXGW Marker Gothic	?	OFL (kiem lai METADATA.pb cua font do truoc khi dung)	Expressive Active,Expressive Artistic,Expressive Awkward,Expressive Excited,Expressive Playful,Quality Concept,Quality Drawing,Quality Spacing,Quality Wordspace,Sans Geometric,Seasonal Lunar New Year,Theme Brush	https://fonts.google.com/specimen/LXGW+Marker+Gothic
LXGW WenKai Mono TC	?	OFL (kiem lai METADATA.pb cua font do truoc khi dung)	Expressive Business,Expressive Childlike,Expressive Excited,Expressive Futuristic,Expressive Loud,Expressive Playful,Expressive Rugged,Expressive Vintage,Monospace Monospace,Quality Concept,Quality Drawing,Quality Spacing	https://fonts.google.com/specimen/LXGW+WenKai+Mono+TC
LXGW WenKai TC	?	OFL (kiem lai METADATA.pb cua font do truoc khi dung)	Expressive Business,Expressive Childlike,Expressive Competent,Expressive Cute,Expressive Excited,Expressive Loud,Expressive Playful,Expressive Rugged,Expressive Sincere,Expressive Vintage,Quality Concept,Quality Drawing	https://fonts.google.com/specimen/LXGW+WenKai+TC
M PLUS 1	?	OFL (kiem lai METADATA.pb cua font do truoc khi dung)	Expressive Awkward,Expressive Business,Expressive Calm,Expressive Competent,Expressive Loud,Expressive Playful,Expressive Rugged,Expressive Stiff,Expressive Vintage,Quality Concept,Quality Drawing,Quality Spacing	https://fonts.google.com/specimen/M+PLUS+1
M PLUS 1 Code	?	OFL (kiem lai METADATA.pb cua font do truoc khi dung)	Expressive Awkward,Expressive Business,Expressive Calm,Expressive Competent,Expressive Futuristic,Expressive Loud,Expressive Playful,Expressive Rugged,Expressive Stiff,Expressive Vintage,Monospace Monospace,Quality Concept	https://fonts.google.com/specimen/M+PLUS+1+Code
M PLUS 1p	?	OFL (kiem lai METADATA.pb cua font do truoc khi dung)	Expressive Business,Expressive Calm,Expressive Competent,Expressive Loud,Expressive Rugged,Expressive Sincere,Expressive Stiff,Expressive Vintage,Quality Concept,Quality Drawing,Quality Spacing,Quality Wordspace	https://fonts.google.com/specimen/M+PLUS+1p
M PLUS 2	?	OFL (kiem lai METADATA.pb cua font do truoc khi dung)	Expressive Awkward,Expressive Business,Expressive Calm,Expressive Competent,Expressive Loud,Expressive Playful,Expressive Rugged,Expressive Stiff,Expressive Vintage,Quality Concept,Quality Drawing,Quality Spacing	https://fonts.google.com/specimen/M+PLUS+2
M PLUS Code Latin	?	OFL (kiem lai METADATA.pb cua font do truoc khi dung)	wght@100,wght@125,Expressive Playful,Expressive Stiff,Quality Concept,Quality Drawing,Quality Spacing,Quality Wordspace	https://fonts.google.com/specimen/M+PLUS+Code+Latin
M PLUS Rounded 1c	?	OFL (kiem lai METADATA.pb cua font do truoc khi dung)	Expressive Business,Expressive Calm,Expressive Competent,Expressive Loud,Expressive Rugged,Expressive Sincere,Expressive Stiff,Expressive Vintage,Quality Concept,Quality Drawing,Quality Spacing,Quality Wordspace	https://fonts.google.com/specimen/M+PLUS+Rounded+1c
M PLUS U	?	OFL (kiem lai METADATA.pb cua font do truoc khi dung)	Expressive Awkward,Expressive Calm,Expressive Competent,Expressive Happy,Expressive Loud,Expressive Playful,Expressive Rugged,Expressive Stiff,Expressive Vintage,Monospace Monospace,Quality Concept,Quality Drawing	https://fonts.google.com/specimen/M+PLUS+U
Ma Shan Zheng	?	OFL (kiem lai METADATA.pb cua font do truoc khi dung)	Expressive Active,Expressive Artistic,Expressive Awkward,Expressive Childlike,Expressive Excited,Expressive Happy,Expressive Loud,Expressive Playful,Expressive Rugged,Expressive Vintage,Quality Concept,Quality Drawing	https://fonts.google.com/specimen/Ma+Shan+Zheng
Macondo	?	OFL (kiem lai METADATA.pb cua font do truoc khi dung)	Expressive Awkward,Expressive Cute,Expressive Excited,Expressive Happy,Expressive Loud,Expressive Playful,Expressive Rugged,Expressive Vintage,Quality Concept,Quality Drawing,Quality Spacing,Quality Wordspace	https://fonts.google.com/specimen/Macondo
Macondo Swash Caps	?	OFL (kiem lai METADATA.pb cua font do truoc khi dung)	Expressive Artistic,Expressive Awkward,Expressive Cute,Expressive Excited,Expressive Happy,Expressive Loud,Expressive Playful,Expressive Rugged,Expressive Vintage,Quality Concept,Quality Drawing,Quality Spacing	https://fonts.google.com/specimen/Macondo+Swash+Caps
Mada	?	OFL (kiem lai METADATA.pb cua font do truoc khi dung)	Expressive Awkward,Expressive Business,Expressive Calm,Expressive Competent,Expressive Happy,Expressive Loud,Expressive Playful,Expressive Rugged,Expressive Stiff,Expressive Vintage,Quality Concept,Quality Drawing	https://fonts.google.com/specimen/Mada
Madimi One	?	OFL (kiem lai METADATA.pb cua font do truoc khi dung)	Expressive Active,Expressive Awkward,Expressive Business,Expressive Calm,Expressive Cute,Expressive Happy,Expressive Loud,Expressive Playful,Expressive Rugged,Expressive Sincere,Expressive Vintage,Quality Concept	https://fonts.google.com/specimen/Madimi+One
Magra	?	OFL (kiem lai METADATA.pb cua font do truoc khi dung)	Expressive Active,Expressive Business,Expressive Calm,Expressive Competent,Expressive Futuristic,Expressive Loud,Expressive Rugged,Expressive Sincere,Expressive Stiff,Expressive Vintage,Quality Concept,Quality Drawing	https://fonts.google.com/specimen/Magra
Maiden Orange	?	OFL (kiem lai METADATA.pb cua font do truoc khi dung)	Expressive Active,Expressive Awkward,Expressive Cute,Expressive Excited,Expressive Happy,Expressive Loud,Expressive Playful,Expressive Rugged,Expressive Sincere,Expressive Stiff,Expressive Vintage,Quality Concept	https://fonts.google.com/specimen/Maiden+Orange
Maitree	?	OFL (kiem lai METADATA.pb cua font do truoc khi dung)	Expressive Business,Expressive Rugged,Expressive Sincere,Expressive Vintage,Quality Concept,Quality Drawing,Quality Spacing,Quality Wordspace,Serif Transitional	https://fonts.google.com/specimen/Maitree
Major Mono Display	?	OFL (kiem lai METADATA.pb cua font do truoc khi dung)	Expressive Awkward,Expressive Futuristic,Expressive Innovative,Expressive Playful,Expressive Rugged,Expressive Sincere,Expressive Stiff,Expressive Vintage,Monospace Monospace,Quality Concept,Quality Drawing,Quality Spacing	https://fonts.google.com/specimen/Major+Mono+Display
Mako	?	OFL (kiem lai METADATA.pb cua font do truoc khi dung)	Expressive Business,Expressive Calm,Expressive Loud,Expressive Rugged,Expressive Sincere,Expressive Stiff,Expressive Vintage,Quality Concept,Quality Drawing,Quality Spacing,Quality Wordspace	https://fonts.google.com/specimen/Mako
Mali	?	OFL (kiem lai METADATA.pb cua font do truoc khi dung)	Expressive Awkward,Expressive Childlike,Expressive Cute,Expressive Excited,Expressive Happy,Expressive Loud,Expressive Playful,Expressive Rugged,Expressive Sincere,Expressive Vintage,Quality Concept,Quality Drawing	https://fonts.google.com/specimen/Mali
Mallanna	?	OFL (kiem lai METADATA.pb cua font do truoc khi dung)	Expressive Business,Expressive Calm,Expressive Cute,Expressive Loud,Expressive Rugged,Expressive Sincere,Expressive Vintage,Quality Concept,Quality Drawing,Quality Spacing,Quality Wordspace,Sans Geometric	https://fonts.google.com/specimen/Mallanna
Maname	?	OFL (kiem lai METADATA.pb cua font do truoc khi dung)	Expressive Business,Expressive Competent,Expressive Loud,Expressive Playful,Expressive Rugged,Expressive Vintage,Quality Concept,Quality Drawing,Quality Spacing,Quality Wordspace,Serif Humanist Venetian,Serif Old Style Garalde	https://fonts.google.com/specimen/Maname
Mandali	?	OFL (kiem lai METADATA.pb cua font do truoc khi dung)	Expressive Business,Expressive Calm,Expressive Competent,Expressive Loud,Expressive Rugged,Expressive Sincere,Expressive Stiff,Expressive Vintage,Quality Concept,Quality Drawing,Quality Spacing,Quality Wordspace	https://fonts.google.com/specimen/Mandali
Manjari	?	OFL (kiem lai METADATA.pb cua font do truoc khi dung)	Expressive Business,Expressive Calm,Expressive Cute,Expressive Happy,Expressive Loud,Expressive Playful,Expressive Rugged,Expressive Sincere,Expressive Vintage,Quality Concept,Quality Drawing,Quality Spacing	https://fonts.google.com/specimen/Manjari
Manrope	?	OFL (kiem lai METADATA.pb cua font do truoc khi dung)	Expressive Awkward,Expressive Business,Expressive Calm,Expressive Competent,Expressive Loud,Expressive Playful,Expressive Rugged,Expressive Stiff,Expressive Vintage,Quality Concept,Quality Drawing,Quality Spacing	https://fonts.google.com/specimen/Manrope
Mansalva	?	OFL (kiem lai METADATA.pb cua font do truoc khi dung)	Expressive Awkward,Expressive Childlike,Expressive Cute,Expressive Excited,Expressive Loud,Expressive Playful,Expressive Rugged,Expressive Vintage,Quality Concept,Quality Drawing,Quality Spacing,Quality Wordspace	https://fonts.google.com/specimen/Mansalva
Manuale	?	OFL (kiem lai METADATA.pb cua font do truoc khi dung)	Expressive Awkward,Expressive Business,Expressive Calm,Expressive Competent,Expressive Loud,Expressive Playful,Expressive Rugged,Expressive Sincere,Expressive Stiff,Expressive Vintage,Quality Concept,Quality Drawing	https://fonts.google.com/specimen/Manuale
Manufacturing Consent	?	OFL (kiem lai METADATA.pb cua font do truoc khi dung)	Expressive Artistic,Expressive Awkward,Expressive Fancy,Expressive Loud,Expressive Rugged,Expressive Sincere,Expressive Vintage,Quality Concept,Quality Drawing,Quality Spacing,Quality Wordspace,Script Formal	https://fonts.google.com/specimen/Manufacturing+Consent
Marcellus	?	OFL (kiem lai METADATA.pb cua font do truoc khi dung)	Expressive Business,Expressive Rugged,Expressive Sincere,Expressive Stiff,Expressive Vintage,Quality Concept,Quality Drawing,Quality Spacing,Quality Wordspace	https://fonts.google.com/specimen/Marcellus
Marcellus SC	?	OFL (kiem lai METADATA.pb cua font do truoc khi dung)	Expressive Rugged,Expressive Sincere,Expressive Stiff,Expressive Vintage,Quality Concept,Quality Drawing,Quality Spacing,Quality Wordspace	https://fonts.google.com/specimen/Marcellus+SC
Marck Script	?	OFL (kiem lai METADATA.pb cua font do truoc khi dung)	Expressive Active,Expressive Artistic,Expressive Awkward,Expressive Cute,Expressive Excited,Expressive Fancy,Expressive Happy,Expressive Playful,Expressive Sophisticated,Expressive Vintage,Quality Concept,Quality Drawing	https://fonts.google.com/specimen/Marck+Script
Margarine	?	OFL (kiem lai METADATA.pb cua font do truoc khi dung)	Expressive Active,Expressive Awkward,Expressive Childlike,Expressive Cute,Expressive Excited,Expressive Happy,Expressive Loud,Expressive Playful,Expressive Rugged,Expressive Sincere,Expressive Vintage,Quality Concept	https://fonts.google.com/specimen/Margarine
Marhey	?	OFL (kiem lai METADATA.pb cua font do truoc khi dung)	Expressive Active,Expressive Awkward,Expressive Calm,Expressive Competent,Expressive Cute,Expressive Excited,Expressive Happy,Expressive Loud,Expressive Playful,Expressive Rugged,Expressive Sincere,Expressive Vintage	https://fonts.google.com/specimen/Marhey
Markazi Text	?	OFL (kiem lai METADATA.pb cua font do truoc khi dung)	Expressive Awkward,Expressive Business,Expressive Calm,Expressive Competent,Expressive Futuristic,Expressive Loud,Expressive Playful,Expressive Rugged,Expressive Sincere,Expressive Vintage,Quality Concept,Quality Drawing	https://fonts.google.com/specimen/Markazi+Text
Marko One	?	OFL (kiem lai METADATA.pb cua font do truoc khi dung)	Expressive Cute,Expressive Happy,Expressive Innovative,Expressive Loud,Expressive Playful,Expressive Rugged,Expressive Vintage,Quality Concept,Quality Drawing,Quality Spacing,Quality Wordspace,Script Upright Script	https://fonts.google.com/specimen/Marko+One
Marmelad	?	OFL (kiem lai METADATA.pb cua font do truoc khi dung)	Expressive Business,Expressive Calm,Expressive Loud,Expressive Playful,Expressive Rugged,Expressive Vintage,Quality Concept,Quality Drawing,Quality Spacing,Quality Wordspace,Sans Humanist,Sans Neo Grotesque	https://fonts.google.com/specimen/Marmelad
Martel	?	OFL (kiem lai METADATA.pb cua font do truoc khi dung)	Expressive Business,Expressive Calm,Expressive Competent,Expressive Futuristic,Expressive Loud,Expressive Rugged,Expressive Sincere,Expressive Vintage,Quality Concept,Quality Drawing,Quality Spacing,Quality Wordspace	https://fonts.google.com/specimen/Martel
Martel Sans	?	OFL (kiem lai METADATA.pb cua font do truoc khi dung)	Expressive Business,Expressive Calm,Expressive Futuristic,Expressive Loud,Expressive Rugged,Expressive Sincere,Expressive Stiff,Expressive Vintage,Quality Concept,Quality Drawing,Quality Spacing,Quality Wordspace	https://fonts.google.com/specimen/Martel+Sans
Martian Mono	?	OFL (kiem lai METADATA.pb cua font do truoc khi dung)	wght@75,wght@112.5,Expressive Playful,Expressive Stiff,Monospace Monospace,Quality Concept,Quality Drawing,Quality Spacing,Quality Wordspace,Sans Grotesque	https://fonts.google.com/specimen/Martian+Mono
Marvel	?	OFL (kiem lai METADATA.pb cua font do truoc khi dung)	Expressive Active,Expressive Calm,Expressive Futuristic,Expressive Loud,Expressive Rugged,Expressive Stiff,Expressive Vintage,Quality Concept,Quality Drawing,Quality Spacing,Quality Wordspace,Sans Humanist	https://fonts.google.com/specimen/Marvel
Matangi	?	OFL (kiem lai METADATA.pb cua font do truoc khi dung)	Expressive Awkward,Expressive Calm,Expressive Competent,Expressive Futuristic,Expressive Loud,Expressive Playful,Expressive Rugged,Expressive Stiff,Expressive Vintage,Quality Concept,Quality Drawing,Quality Spacing	https://fonts.google.com/specimen/Matangi
Mate	?	OFL (kiem lai METADATA.pb cua font do truoc khi dung)	Expressive Business,Expressive Competent,Expressive Innovative,Expressive Loud,Expressive Rugged,Expressive Sincere,Expressive Vintage,Quality Concept,Quality Drawing,Quality Spacing,Quality Wordspace,Serif Humanist Venetian	https://fonts.google.com/specimen/Mate
Mate SC	?	OFL (kiem lai METADATA.pb cua font do truoc khi dung)	Expressive Business,Expressive Innovative,Expressive Rugged,Expressive Sincere,Expressive Vintage,Quality Concept,Quality Drawing,Quality Spacing,Quality Wordspace,Serif Humanist Venetian	https://fonts.google.com/specimen/Mate+SC
Matemasie	?	OFL (kiem lai METADATA.pb cua font do truoc khi dung)	Expressive Active,Expressive Awkward,Expressive Cute,Expressive Excited,Expressive Futuristic,Expressive Happy,Expressive Innovative,Expressive Loud,Expressive Playful,Expressive Rugged,Expressive Vintage,Quality Concept	https://fonts.google.com/specimen/Matemasie
Maven Pro	?	OFL (kiem lai METADATA.pb cua font do truoc khi dung)	Expressive Awkward,Expressive Business,Expressive Calm,Expressive Competent,Expressive Loud,Expressive Playful,Expressive Rugged,Expressive Stiff,Expressive Vintage,Purpose Easy Reading,Quality Concept,Quality Drawing	https://fonts.google.com/specimen/Maven+Pro
McLaren	?	OFL (kiem lai METADATA.pb cua font do truoc khi dung)	Expressive Awkward,Expressive Business,Expressive Cute,Expressive Excited,Expressive Happy,Expressive Loud,Expressive Playful,Expressive Rugged,Expressive Sincere,Expressive Vintage,Quality Concept,Quality Drawing	https://fonts.google.com/specimen/McLaren
Mea Culpa	?	OFL (kiem lai METADATA.pb cua font do truoc khi dung)	Expressive Active,Expressive Artistic,Expressive Excited,Expressive Fancy,Expressive Sophisticated,Expressive Vintage,Quality Concept,Quality Drawing,Quality Spacing,Quality Wordspace,Script Formal,Seasonal Holi	https://fonts.google.com/specimen/Mea+Culpa
Meddon	?	OFL (kiem lai METADATA.pb cua font do truoc khi dung)	Expressive Active,Expressive Artistic,Expressive Awkward,Expressive Excited,Expressive Fancy,Expressive Happy,Expressive Playful,Expressive Rugged,Expressive Vintage,Quality Concept,Quality Drawing,Quality Spacing	https://fonts.google.com/specimen/Meddon
MedievalSharp	?	OFL (kiem lai METADATA.pb cua font do truoc khi dung)	Expressive Artistic,Expressive Awkward,Expressive Happy,Expressive Rugged,Expressive Vintage,Quality Concept,Quality Drawing,Quality Spacing,Quality Wordspace,Theme Blackletter,Theme Medieval	https://fonts.google.com/specimen/MedievalSharp
Medula One	?	OFL (kiem lai METADATA.pb cua font do truoc khi dung)	Expressive Active,Expressive Awkward,Expressive Calm,Expressive Futuristic,Expressive Loud,Expressive Rugged,Expressive Stiff,Expressive Vintage,Quality Concept,Quality Drawing,Quality Spacing,Quality Wordspace	https://fonts.google.com/specimen/Medula+One
Meera Inimai	?	OFL (kiem lai METADATA.pb cua font do truoc khi dung)	Expressive Business,Expressive Calm,Expressive Loud,Expressive Rugged,Expressive Sincere,Expressive Vintage,Quality Concept,Quality Drawing,Quality Spacing,Quality Wordspace,Sans Geometric,Sans Neo Grotesque	https://fonts.google.com/specimen/Meera+Inimai
Megrim	?	OFL (kiem lai METADATA.pb cua font do truoc khi dung)	Expressive Active,Expressive Awkward,Expressive Futuristic,Expressive Happy,Expressive Innovative,Expressive Playful,Expressive Rugged,Expressive Stiff,Expressive Vintage,Quality Concept,Quality Drawing,Quality Spacing	https://fonts.google.com/specimen/Megrim
Meie Script	?	OFL (kiem lai METADATA.pb cua font do truoc khi dung)	Expressive Active,Expressive Artistic,Expressive Excited,Expressive Fancy,Expressive Happy,Expressive Sophisticated,Expressive Vintage,Quality Concept,Quality Drawing,Quality Spacing,Quality Wordspace,Script Formal	https://fonts.google.com/specimen/Meie+Script
Menbere	?	OFL (kiem lai METADATA.pb cua font do truoc khi dung)	Expressive Active,Expressive Awkward,Expressive Business,Expressive Calm,Expressive Competent,Expressive Futuristic,Expressive Loud,Expressive Playful,Expressive Rugged,Expressive Vintage,Quality Concept,Quality Drawing	https://fonts.google.com/specimen/Menbere
Meow Script	?	OFL (kiem lai METADATA.pb cua font do truoc khi dung)	Expressive Active,Expressive Artistic,Expressive Awkward,Expressive Childlike,Expressive Cute,Expressive Excited,Expressive Fancy,Expressive Happy,Expressive Playful,Expressive Vintage,Quality Concept,Quality Drawing	https://fonts.google.com/specimen/Meow+Script
Merienda	?	OFL (kiem lai METADATA.pb cua font do truoc khi dung)	Expressive Active,Expressive Awkward,Expressive Calm,Expressive Childlike,Expressive Competent,Expressive Excited,Expressive Happy,Expressive Loud,Expressive Playful,Expressive Rugged,Expressive Vintage,Quality Concept	https://fonts.google.com/specimen/Merienda
Merriweather	?	OFL (kiem lai METADATA.pb cua font do truoc khi dung)	wght@87,wght@112,Expressive Playful,Expressive Stiff,Quality Concept,Quality Drawing,Quality Spacing,Quality Wordspace,Serif Humanist Venetian,Serif Old Style Garalde,Serif Transitional	https://fonts.google.com/specimen/Merriweather
Merriweather Sans	?	OFL (kiem lai METADATA.pb cua font do truoc khi dung)	Expressive Awkward,Expressive Business,Expressive Calm,Expressive Competent,Expressive Futuristic,Expressive Happy,Expressive Loud,Expressive Playful,Expressive Rugged,Expressive Sincere,Expressive Stiff,Expressive Vintage	https://fonts.google.com/specimen/Merriweather+Sans
Metal	?	OFL (kiem lai METADATA.pb cua font do truoc khi dung)	Expressive Rugged,Expressive Sincere,Expressive Vintage,Quality Concept,Quality Drawing,Quality Spacing,Quality Wordspace,Serif Old Style Garalde	https://fonts.google.com/specimen/Metal
Metal Mania	?	OFL (kiem lai METADATA.pb cua font do truoc khi dung)	Expressive Awkward,Expressive Excited,Expressive Loud,Expressive Rugged,Expressive Vintage,Quality Concept,Quality Drawing,Quality Spacing,Quality Wordspace,Seasonal Halloween,Theme Distressed,Theme Wacky	https://fonts.google.com/specimen/Metal+Mania
Metamorphous	?	OFL (kiem lai METADATA.pb cua font do truoc khi dung)	Expressive Active,Expressive Artistic,Expressive Awkward,Expressive Happy,Expressive Innovative,Expressive Playful,Expressive Rugged,Expressive Vintage,Quality Concept,Quality Drawing,Quality Spacing,Quality Wordspace	https://fonts.google.com/specimen/Metamorphous
Metrophobic	?	OFL (kiem lai METADATA.pb cua font do truoc khi dung)	Expressive Active,Expressive Business,Expressive Calm,Expressive Competent,Expressive Futuristic,Expressive Loud,Expressive Rugged,Expressive Sincere,Expressive Stiff,Expressive Vintage,Quality Concept,Quality Drawing	https://fonts.google.com/specimen/Metrophobic
Michroma	?	OFL (kiem lai METADATA.pb cua font do truoc khi dung)	Expressive Active,Expressive Business,Expressive Calm,Expressive Futuristic,Expressive Loud,Expressive Rugged,Expressive Sincere,Expressive Stiff,Expressive Vintage,Quality Concept,Quality Drawing,Quality Spacing	https://fonts.google.com/specimen/Michroma
Micro 5	?	OFL (kiem lai METADATA.pb cua font do truoc khi dung)	Expressive Awkward,Expressive Futuristic,Expressive Rugged,Expressive Stiff,Expressive Vintage,Quality Concept,Quality Drawing,Quality Spacing,Quality Wordspace,Theme Pixel	https://fonts.google.com/specimen/Micro+5
Micro 5 Charted	?	OFL (kiem lai METADATA.pb cua font do truoc khi dung)	Expressive Awkward,Expressive Futuristic,Expressive Rugged,Expressive Stiff,Expressive Vintage,Quality Concept,Quality Drawing,Quality Spacing,Quality Wordspace,Theme Pixel	https://fonts.google.com/specimen/Micro+5+Charted
Milonga	?	OFL (kiem lai METADATA.pb cua font do truoc khi dung)	Expressive Awkward,Expressive Happy,Expressive Playful,Expressive Rugged,Expressive Vintage,Quality Concept,Quality Drawing,Quality Spacing,Quality Wordspace,Serif Transitional	https://fonts.google.com/specimen/Milonga
Miltonian	?	OFL (kiem lai METADATA.pb cua font do truoc khi dung)	Expressive Awkward,Expressive Excited,Expressive Happy,Expressive Innovative,Expressive Playful,Expressive Rugged,Expressive Vintage,Quality Concept,Quality Drawing,Quality Spacing,Quality Wordspace,Seasonal Kwanzaa	https://fonts.google.com/specimen/Miltonian
Miltonian Tattoo	?	OFL (kiem lai METADATA.pb cua font do truoc khi dung)	Expressive Awkward,Expressive Excited,Expressive Happy,Expressive Loud,Expressive Playful,Expressive Rugged,Expressive Vintage,Quality Concept,Quality Drawing,Quality Spacing,Quality Wordspace,Seasonal Kwanzaa	https://fonts.google.com/specimen/Miltonian+Tattoo
Mina	?	OFL (kiem lai METADATA.pb cua font do truoc khi dung)	Expressive Calm,Expressive Futuristic,Expressive Loud,Expressive Rugged,Expressive Stiff,Expressive Vintage,Quality Concept,Quality Drawing,Quality Spacing,Quality Wordspace,Sans Humanist,Sans Superellipse	https://fonts.google.com/specimen/Mina
Mingzat	?	OFL (kiem lai METADATA.pb cua font do truoc khi dung)	Expressive Business,Expressive Calm,Expressive Competent,Expressive Loud,Expressive Rugged,Expressive Stiff,Expressive Vintage,Quality Concept,Quality Drawing,Quality Spacing,Quality Wordspace,Sans Grotesque	https://fonts.google.com/specimen/Mingzat
Miniver	?	OFL (kiem lai METADATA.pb cua font do truoc khi dung)	Expressive Artistic,Expressive Awkward,Expressive Childlike,Expressive Cute,Expressive Excited,Expressive Playful,Expressive Rugged,Expressive Sincere,Expressive Vintage,Quality Concept,Quality Drawing,Quality Spacing	https://fonts.google.com/specimen/Miniver
Miranda Sans	?	OFL (kiem lai METADATA.pb cua font do truoc khi dung)	Expressive Awkward,Expressive Business,Expressive Calm,Expressive Competent,Expressive Loud,Expressive Playful,Expressive Rugged,Expressive Sincere,Expressive Vintage,Quality Concept,Quality Drawing,Quality Spacing	https://fonts.google.com/specimen/Miranda+Sans
Miriam Libre	?	OFL (kiem lai METADATA.pb cua font do truoc khi dung)	Expressive Awkward,Expressive Calm,Expressive Competent,Expressive Futuristic,Expressive Loud,Expressive Playful,Expressive Rugged,Expressive Stiff,Expressive Vintage,Quality Concept,Quality Drawing,Quality Spacing	https://fonts.google.com/specimen/Miriam+Libre
Mirza	?	OFL (kiem lai METADATA.pb cua font do truoc khi dung)	Expressive Awkward,Expressive Loud,Expressive Rugged,Expressive Vintage,Quality Concept,Quality Drawing,Quality Spacing,Quality Wordspace	https://fonts.google.com/specimen/Mirza
Miss Fajardose	?	OFL (kiem lai METADATA.pb cua font do truoc khi dung)	Expressive Artistic,Expressive Awkward,Expressive Cute,Expressive Excited,Expressive Fancy,Expressive Happy,Expressive Playful,Expressive Sincere,Expressive Sophisticated,Expressive Vintage,Quality Concept,Quality Drawing	https://fonts.google.com/specimen/Miss+Fajardose
Mitr	?	OFL (kiem lai METADATA.pb cua font do truoc khi dung)	Expressive Business,Expressive Calm,Expressive Loud,Expressive Rugged,Expressive Vintage,Quality Concept,Quality Drawing,Quality Spacing,Quality Wordspace,Sans Humanist,Seasonal Kwanzaa	https://fonts.google.com/specimen/Mitr
Mochiy Pop One	?	OFL (kiem lai METADATA.pb cua font do truoc khi dung)	Expressive Active,Expressive Awkward,Expressive Business,Expressive Cute,Expressive Excited,Expressive Happy,Expressive Loud,Expressive Playful,Expressive Rugged,Expressive Vintage,Quality Concept,Quality Drawing	https://fonts.google.com/specimen/Mochiy+Pop+One
Mochiy Pop P One	?	OFL (kiem lai METADATA.pb cua font do truoc khi dung)	Expressive Active,Expressive Awkward,Expressive Business,Expressive Cute,Expressive Excited,Expressive Happy,Expressive Loud,Expressive Playful,Expressive Rugged,Expressive Vintage,Quality Concept,Quality Drawing	https://fonts.google.com/specimen/Mochiy+Pop+P+One
Modak	?	OFL (kiem lai METADATA.pb cua font do truoc khi dung)	Expressive Awkward,Expressive Cute,Expressive Excited,Expressive Futuristic,Expressive Happy,Expressive Innovative,Expressive Loud,Expressive Playful,Expressive Rugged,Expressive Sincere,Expressive Stiff,Expressive Vintage	https://fonts.google.com/specimen/Modak
Modern Antiqua	?	OFL (kiem lai METADATA.pb cua font do truoc khi dung)	Expressive Awkward,Expressive Business,Expressive Loud,Expressive Rugged,Expressive Vintage,Quality Concept,Quality Drawing,Quality Spacing,Quality Wordspace,Theme Medieval	https://fonts.google.com/specimen/Modern+Antiqua
Moderustic	?	OFL (kiem lai METADATA.pb cua font do truoc khi dung)	Expressive Awkward,Expressive Business,Expressive Calm,Expressive Competent,Expressive Futuristic,Expressive Happy,Expressive Loud,Expressive Playful,Expressive Rugged,Expressive Vintage,Quality Concept,Quality Drawing	https://fonts.google.com/specimen/Moderustic
Mogra	?	OFL (kiem lai METADATA.pb cua font do truoc khi dung)	Expressive Active,Expressive Awkward,Expressive Childlike,Expressive Cute,Expressive Excited,Expressive Happy,Expressive Innovative,Expressive Loud,Expressive Playful,Expressive Rugged,Expressive Vintage,Quality Concept	https://fonts.google.com/specimen/Mogra
Mohave	?	OFL (kiem lai METADATA.pb cua font do truoc khi dung)	Expressive Active,Expressive Awkward,Expressive Business,Expressive Calm,Expressive Competent,Expressive Futuristic,Expressive Playful,Expressive Rugged,Expressive Stiff,Expressive Vintage,Quality Concept,Quality Drawing	https://fonts.google.com/specimen/Mohave
Moirai One	?	OFL (kiem lai METADATA.pb cua font do truoc khi dung)	Expressive Awkward,Expressive Cute,Expressive Excited,Expressive Futuristic,Expressive Happy,Expressive Innovative,Expressive Playful,Expressive Rugged,Expressive Sincere,Expressive Vintage,Quality Concept,Quality Drawing	https://fonts.google.com/specimen/Moirai+One
Molengo	?	OFL (kiem lai METADATA.pb cua font do truoc khi dung)	Expressive Business,Expressive Calm,Expressive Loud,Expressive Rugged,Expressive Vintage,Quality Concept,Quality Drawing,Quality Spacing,Quality Wordspace,Sans Humanist	https://fonts.google.com/specimen/Molengo
Molle	?	OFL (kiem lai METADATA.pb cua font do truoc khi dung)	Expressive Artistic,Expressive Business,Expressive Cute,Expressive Fancy,Expressive Loud,Expressive Rugged,Expressive Sincere,Expressive Vintage,Quality Concept,Quality Drawing,Quality Spacing,Quality Wordspace	https://fonts.google.com/specimen/Molle
Momo Signature	?	OFL (kiem lai METADATA.pb cua font do truoc khi dung)	Expressive Active,Expressive Artistic,Expressive Childlike,Expressive Cute,Expressive Excited,Expressive Happy,Expressive Playful,Quality Concept,Quality Drawing,Quality Spacing,Quality Wordspace,Script Handwritten	https://fonts.google.com/specimen/Momo+Signature
Momo Trust Display	?	OFL (kiem lai METADATA.pb cua font do truoc khi dung)	Expressive Business,Expressive Calm,Expressive Competent,Expressive Cute,Expressive Loud,Expressive Rugged,Expressive Sincere,Expressive Vintage,Quality Concept,Quality Drawing,Quality Spacing,Quality Wordspace	https://fonts.google.com/specimen/Momo+Trust+Display
Momo Trust Sans	?	OFL (kiem lai METADATA.pb cua font do truoc khi dung)	Expressive Awkward,Expressive Business,Expressive Calm,Expressive Competent,Expressive Happy,Expressive Loud,Expressive Playful,Expressive Rugged,Expressive Vintage,Quality Concept,Quality Drawing,Quality Spacing	https://fonts.google.com/specimen/Momo+Trust+Sans
Mona Sans	?	OFL (kiem lai METADATA.pb cua font do truoc khi dung)	wght@75,wght@125,Expressive Playful,Quality Concept,Quality Drawing,Quality Spacing,Quality Wordspace,Sans Grotesque	https://fonts.google.com/specimen/Mona+Sans
Monda	?	OFL (kiem lai METADATA.pb cua font do truoc khi dung)	Expressive Awkward,Expressive Business,Expressive Calm,Expressive Competent,Expressive Futuristic,Expressive Loud,Expressive Playful,Expressive Rugged,Expressive Stiff,Expressive Vintage,Quality Concept,Quality Drawing	https://fonts.google.com/specimen/Monda
Monofett	?	OFL (kiem lai METADATA.pb cua font do truoc khi dung)	Expressive Active,Expressive Awkward,Expressive Cute,Expressive Excited,Expressive Futuristic,Expressive Happy,Expressive Innovative,Expressive Loud,Expressive Playful,Expressive Rugged,Expressive Sincere,Expressive Stiff	https://fonts.google.com/specimen/Monofett
Monomakh	?	OFL (kiem lai METADATA.pb cua font do truoc khi dung)	Expressive Business,Expressive Competent,Expressive Loud,Expressive Rugged,Expressive Sincere,Expressive Vintage,Quality Concept,Quality Drawing,Quality Spacing,Quality Wordspace,Serif Humanist Venetian	https://fonts.google.com/specimen/Monomakh
Monomaniac One	?	OFL (kiem lai METADATA.pb cua font do truoc khi dung)	Expressive Awkward,Expressive Futuristic,Expressive Loud,Expressive Playful,Expressive Rugged,Expressive Sincere,Expressive Stiff,Expressive Vintage,Quality Concept,Quality Drawing,Quality Spacing,Quality Wordspace	https://fonts.google.com/specimen/Monomaniac+One
Monoton	?	OFL (kiem lai METADATA.pb cua font do truoc khi dung)	Expressive Active,Expressive Artistic,Expressive Awkward,Expressive Excited,Expressive Futuristic,Expressive Happy,Expressive Innovative,Expressive Playful,Expressive Rugged,Expressive Sincere,Expressive Stiff,Expressive Vintage	https://fonts.google.com/specimen/Monoton
Monsieur La Doulaise	?	OFL (kiem lai METADATA.pb cua font do truoc khi dung)	Expressive Active,Expressive Artistic,Expressive Excited,Expressive Fancy,Expressive Happy,Expressive Sincere,Expressive Sophisticated,Expressive Vintage,Quality Concept,Quality Drawing,Quality Spacing,Quality Wordspace	https://fonts.google.com/specimen/Monsieur+La+Doulaise
Montaga	?	OFL (kiem lai METADATA.pb cua font do truoc khi dung)	Expressive Business,Expressive Loud,Expressive Rugged,Expressive Sincere,Expressive Vintage,Quality Concept,Quality Drawing,Quality Spacing,Quality Wordspace,Serif Humanist Venetian,Serif Old Style Garalde	https://fonts.google.com/specimen/Montaga
Montagu Slab	?	OFL (kiem lai METADATA.pb cua font do truoc khi dung)	Expressive Awkward,Expressive Business,Expressive Competent,Expressive Loud,Expressive Playful,Expressive Rugged,Expressive Sincere,Expressive Vintage,Quality Concept,Quality Drawing,Quality Spacing,Quality Wordspace	https://fonts.google.com/specimen/Montagu+Slab
MonteCarlo	?	OFL (kiem lai METADATA.pb cua font do truoc khi dung)	Expressive Active,Expressive Artistic,Expressive Cute,Expressive Excited,Expressive Fancy,Expressive Happy,Expressive Sophisticated,Expressive Vintage,Quality Concept,Quality Drawing,Quality Spacing,Quality Wordspace	https://fonts.google.com/specimen/MonteCarlo
Montenegrin Gothic One	?	OFL (kiem lai METADATA.pb cua font do truoc khi dung)	Expressive Business,Expressive Calm,Expressive Loud,Expressive Rugged,Expressive Stiff,Expressive Vintage,Quality Concept,Quality Drawing,Quality Spacing,Quality Wordspace,Sans Glyphic	https://fonts.google.com/specimen/Montenegrin+Gothic+One
Montez	?	OFL (kiem lai METADATA.pb cua font do truoc khi dung)	Expressive Active,Expressive Awkward,Expressive Cute,Expressive Excited,Expressive Fancy,Expressive Happy,Expressive Playful,Expressive Vintage,Quality Concept,Quality Drawing,Quality Spacing,Quality Wordspace	https://fonts.google.com/specimen/Montez
Montserrat	?	OFL (kiem lai METADATA.pb cua font do truoc khi dung)	Expressive Awkward,Expressive Business,Expressive Calm,Expressive Competent,Expressive Futuristic,Expressive Loud,Expressive Playful,Expressive Rugged,Expressive Vintage,Quality Concept,Quality Drawing,Quality Spacing	https://fonts.google.com/specimen/Montserrat
Montserrat Alternates	?	OFL (kiem lai METADATA.pb cua font do truoc khi dung)	Expressive Awkward,Expressive Calm,Expressive Happy,Expressive Rugged,Expressive Vintage,Quality Concept,Quality Drawing,Quality Spacing,Quality Wordspace,Sans Geometric	https://fonts.google.com/specimen/Montserrat+Alternates
Montserrat Underline	?	OFL (kiem lai METADATA.pb cua font do truoc khi dung)	Expressive Awkward,Expressive Calm,Expressive Competent,Expressive Happy,Expressive Loud,Expressive Playful,Expressive Rugged,Expressive Vintage,Quality Concept,Quality Drawing,Quality Spacing,Quality Wordspace	https://fonts.google.com/specimen/Montserrat+Underline
Moo Lah Lah	?	OFL (kiem lai METADATA.pb cua font do truoc khi dung)	Expressive Awkward,Expressive Excited,Expressive Innovative,Expressive Playful,Expressive Rugged,Expressive Sincere,Expressive Vintage,Quality Concept,Quality Drawing,Quality Spacing,Quality Wordspace,Seasonal Holi	https://fonts.google.com/specimen/Moo+Lah+Lah
Mooli	?	OFL (kiem lai METADATA.pb cua font do truoc khi dung)	Expressive Business,Expressive Calm,Expressive Happy,Expressive Playful,Expressive Rugged,Expressive Vintage,Quality Concept,Quality Drawing,Quality Spacing,Quality Wordspace,Sans Humanist	https://fonts.google.com/specimen/Mooli
Moon Dance	?	OFL (kiem lai METADATA.pb cua font do truoc khi dung)	Expressive Active,Expressive Artistic,Expressive Awkward,Expressive Excited,Expressive Happy,Expressive Sophisticated,Expressive Vintage,Quality Concept,Quality Drawing,Quality Spacing,Quality Wordspace,Script Formal	https://fonts.google.com/specimen/Moon+Dance
Moul	?	OFL (kiem lai METADATA.pb cua font do truoc khi dung)	Expressive Loud,Expressive Rugged,Expressive Vintage,Quality Concept,Quality Drawing,Quality Spacing,Quality Wordspace,Slab Clarendon	https://fonts.google.com/specimen/Moul
Moulpali	?	OFL (kiem lai METADATA.pb cua font do truoc khi dung)	Expressive Calm,Expressive Competent,Expressive Futuristic,Expressive Loud,Expressive Rugged,Expressive Sincere,Expressive Stiff,Expressive Vintage,Quality Concept,Quality Drawing,Quality Spacing,Quality Wordspace	https://fonts.google.com/specimen/Moulpali
Mountains of Christmas	?	OFL (kiem lai METADATA.pb cua font do truoc khi dung)	Expressive Active,Expressive Awkward,Expressive Excited,Expressive Happy,Expressive Playful,Expressive Rugged,Expressive Sincere,Expressive Vintage,Quality Concept,Quality Drawing,Quality Spacing,Quality Wordspace	https://fonts.google.com/specimen/Mountains+of+Christmas
Mouse Memoirs	?	OFL (kiem lai METADATA.pb cua font do truoc khi dung)	Expressive Active,Expressive Awkward,Expressive Cute,Expressive Excited,Expressive Happy,Expressive Innovative,Expressive Loud,Expressive Playful,Expressive Rugged,Expressive Sincere,Expressive Vintage,Quality Concept	https://fonts.google.com/specimen/Mouse+Memoirs
Mozilla Headline	?	OFL (kiem lai METADATA.pb cua font do truoc khi dung)	wght@75,wght@125,Expressive Innovative,Expressive Playful,Quality Concept,Quality Drawing,Quality Spacing,Quality Wordspace,Sans Grotesque	https://fonts.google.com/specimen/Mozilla+Headline
Mozilla Text	?	OFL (kiem lai METADATA.pb cua font do truoc khi dung)	Expressive Artistic,Expressive Awkward,Expressive Business,Expressive Calm,Expressive Competent,Expressive Innovative,Expressive Playful,Expressive Rugged,Expressive Stiff,Quality Concept,Quality Drawing,Quality Spacing	https://fonts.google.com/specimen/Mozilla+Text
Mr Bedfort	?	OFL (kiem lai METADATA.pb cua font do truoc khi dung)	Expressive Active,Expressive Awkward,Expressive Cute,Expressive Excited,Expressive Fancy,Expressive Happy,Expressive Loud,Expressive Playful,Expressive Rugged,Expressive Sincere,Expressive Sophisticated,Expressive Vintage	https://fonts.google.com/specimen/Mr+Bedfort
Mr Dafoe	?	OFL (kiem lai METADATA.pb cua font do truoc khi dung)	Expressive Active,Expressive Artistic,Expressive Awkward,Expressive Childlike,Expressive Cute,Expressive Excited,Expressive Fancy,Expressive Happy,Expressive Loud,Expressive Playful,Expressive Rugged,Expressive Sophisticated	https://fonts.google.com/specimen/Mr+Dafoe
Mr De Haviland	?	OFL (kiem lai METADATA.pb cua font do truoc khi dung)	Expressive Active,Expressive Artistic,Expressive Awkward,Expressive Excited,Expressive Fancy,Expressive Happy,Expressive Sincere,Expressive Sophisticated,Expressive Vintage,Quality Concept,Quality Drawing,Quality Spacing	https://fonts.google.com/specimen/Mr+De+Haviland
Mrs Saint Delafield	?	OFL (kiem lai METADATA.pb cua font do truoc khi dung)	Expressive Active,Expressive Artistic,Expressive Awkward,Expressive Excited,Expressive Fancy,Expressive Happy,Expressive Sincere,Expressive Sophisticated,Expressive Vintage,Quality Concept,Quality Drawing,Quality Spacing	https://fonts.google.com/specimen/Mrs+Saint+Delafield
Mrs Sheppards	?	OFL (kiem lai METADATA.pb cua font do truoc khi dung)	Expressive Active,Expressive Artistic,Expressive Awkward,Expressive Cute,Expressive Excited,Expressive Fancy,Expressive Happy,Expressive Innovative,Expressive Loud,Expressive Playful,Expressive Rugged,Expressive Vintage	https://fonts.google.com/specimen/Mrs+Sheppards
Ms Madi	?	OFL (kiem lai METADATA.pb cua font do truoc khi dung)	Expressive Active,Expressive Artistic,Expressive Awkward,Expressive Cute,Expressive Excited,Expressive Fancy,Expressive Happy,Expressive Playful,Expressive Rugged,Expressive Vintage,Quality Concept,Quality Drawing	https://fonts.google.com/specimen/Ms+Madi
Mukta	?	OFL (kiem lai METADATA.pb cua font do truoc khi dung)	Expressive Business,Expressive Calm,Expressive Competent,Expressive Loud,Expressive Rugged,Expressive Sincere,Expressive Vintage,Quality Concept,Quality Drawing,Quality Spacing,Quality Wordspace,Sans Humanist	https://fonts.google.com/specimen/Mukta
Mukta Mahee	?	OFL (kiem lai METADATA.pb cua font do truoc khi dung)	Expressive Business,Expressive Calm,Expressive Competent,Expressive Loud,Expressive Rugged,Expressive Sincere,Expressive Vintage,Quality Concept,Quality Drawing,Quality Spacing,Quality Wordspace,Sans Humanist	https://fonts.google.com/specimen/Mukta+Mahee
Mukta Malar	?	OFL (kiem lai METADATA.pb cua font do truoc khi dung)	Expressive Business,Expressive Calm,Expressive Competent,Expressive Loud,Expressive Rugged,Expressive Sincere,Expressive Vintage,Quality Concept,Quality Drawing,Quality Spacing,Quality Wordspace,Sans Humanist	https://fonts.google.com/specimen/Mukta+Malar
Mukta Vaani	?	OFL (kiem lai METADATA.pb cua font do truoc khi dung)	Expressive Business,Expressive Calm,Expressive Competent,Expressive Loud,Expressive Rugged,Expressive Sincere,Expressive Vintage,Quality Concept,Quality Drawing,Quality Spacing,Quality Wordspace,Sans Humanist	https://fonts.google.com/specimen/Mukta+Vaani
Mulish	?	OFL (kiem lai METADATA.pb cua font do truoc khi dung)	Expressive Awkward,Expressive Business,Expressive Calm,Expressive Competent,Expressive Loud,Expressive Playful,Expressive Rugged,Expressive Vintage,Quality Concept,Quality Drawing,Quality Spacing,Quality Wordspace	https://fonts.google.com/specimen/Mulish
Murecho	?	OFL (kiem lai METADATA.pb cua font do truoc khi dung)	Expressive Awkward,Expressive Business,Expressive Calm,Expressive Competent,Expressive Loud,Expressive Playful,Expressive Rugged,Expressive Vintage,Quality Concept,Quality Drawing,Quality Spacing,Quality Wordspace	https://fonts.google.com/specimen/Murecho
MuseoModerno	?	OFL (kiem lai METADATA.pb cua font do truoc khi dung)	Expressive Awkward,Expressive Calm,Expressive Competent,Expressive Cute,Expressive Futuristic,Expressive Happy,Expressive Loud,Expressive Playful,Expressive Rugged,Expressive Stiff,Expressive Vintage,Quality Concept	https://fonts.google.com/specimen/MuseoModerno
My Soul	?	OFL (kiem lai METADATA.pb cua font do truoc khi dung)	Expressive Active,Expressive Artistic,Expressive Awkward,Expressive Excited,Expressive Fancy,Expressive Happy,Expressive Rugged,Expressive Sincere,Expressive Sophisticated,Expressive Vintage,Quality Concept,Quality Drawing	https://fonts.google.com/specimen/My+Soul
Mynerve	?	OFL (kiem lai METADATA.pb cua font do truoc khi dung)	Expressive Active,Expressive Awkward,Expressive Childlike,Expressive Cute,Expressive Excited,Expressive Happy,Expressive Loud,Expressive Playful,Expressive Sincere,Expressive Vintage,Quality Concept,Quality Drawing	https://fonts.google.com/specimen/Mynerve
Mystery Quest	?	OFL (kiem lai METADATA.pb cua font do truoc khi dung)	Expressive Active,Expressive Awkward,Expressive Cute,Expressive Excited,Expressive Happy,Expressive Loud,Expressive Playful,Expressive Vintage,Quality Concept,Quality Drawing,Quality Spacing,Quality Wordspace	https://fonts.google.com/specimen/Mystery+Quest
Nabla	?	OFL (kiem lai METADATA.pb cua font do truoc khi dung)	Expressive Awkward,Expressive Cute,Expressive Excited,Expressive Futuristic,Expressive Happy,Expressive Innovative,Expressive Loud,Expressive Playful,Expressive Rugged,Expressive Stiff,Expressive Vintage,Quality Concept	https://fonts.google.com/specimen/Nabla
Namdhinggo	?	OFL (kiem lai METADATA.pb cua font do truoc khi dung)	Expressive Business,Expressive Competent,Expressive Loud,Expressive Rugged,Expressive Vintage,Quality Concept,Quality Drawing,Quality Spacing,Quality Wordspace,Serif Humanist Venetian	https://fonts.google.com/specimen/Namdhinggo
Nanum Brush Script	?	OFL (kiem lai METADATA.pb cua font do truoc khi dung)	Expressive Awkward,Expressive Excited,Expressive Playful,Expressive Rugged,Expressive Vintage,Quality Concept,Quality Drawing,Quality Spacing,Quality Wordspace,Script Handwritten,Seasonal Lunar New Year	https://fonts.google.com/specimen/Nanum+Brush+Script
Nanum Gothic	?	OFL (kiem lai METADATA.pb cua font do truoc khi dung)	Expressive Business,Expressive Calm,Expressive Competent,Expressive Loud,Expressive Rugged,Expressive Sincere,Expressive Vintage,Quality Concept,Quality Drawing,Quality Spacing,Quality Wordspace,Sans Humanist	https://fonts.google.com/specimen/Nanum+Gothic
Nanum Gothic Coding	?	OFL (kiem lai METADATA.pb cua font do truoc khi dung)	Expressive Business,Expressive Calm,Expressive Futuristic,Expressive Loud,Expressive Rugged,Expressive Stiff,Expressive Vintage,Monospace Monospace,Quality Concept,Quality Drawing,Quality Spacing,Quality Wordspace	https://fonts.google.com/specimen/Nanum+Gothic+Coding
Nanum Myeongjo	?	OFL (kiem lai METADATA.pb cua font do truoc khi dung)	Expressive Business,Expressive Calm,Expressive Loud,Expressive Rugged,Expressive Sincere,Expressive Vintage,Quality Concept,Quality Drawing,Quality Spacing,Quality Wordspace,Serif Old Style Garalde,Serif Transitional	https://fonts.google.com/specimen/Nanum+Myeongjo
Nanum Pen Script	?	OFL (kiem lai METADATA.pb cua font do truoc khi dung)	Expressive Active,Expressive Awkward,Expressive Childlike,Expressive Cute,Expressive Excited,Expressive Happy,Expressive Loud,Expressive Playful,Expressive Rugged,Expressive Sincere,Expressive Vintage,Quality Concept	https://fonts.google.com/specimen/Nanum+Pen+Script
Narnoor	?	OFL (kiem lai METADATA.pb cua font do truoc khi dung)	Expressive Business,Expressive Calm,Expressive Futuristic,Expressive Loud,Expressive Rugged,Expressive Sincere,Expressive Vintage,Quality Concept,Quality Drawing,Quality Spacing,Quality Wordspace,Sans Humanist	https://fonts.google.com/specimen/Narnoor
Nata Sans	?	OFL (kiem lai METADATA.pb cua font do truoc khi dung)	Expressive Awkward,Expressive Business,Expressive Calm,Expressive Competent,Expressive Happy,Expressive Loud,Expressive Playful,Expressive Rugged,Expressive Vintage,Quality Concept,Quality Drawing,Quality Spacing	https://fonts.google.com/specimen/Nata+Sans
National Park	?	OFL (kiem lai METADATA.pb cua font do truoc khi dung)	Expressive Awkward,Expressive Business,Expressive Calm,Expressive Competent,Expressive Happy,Expressive Loud,Expressive Playful,Expressive Rugged,Expressive Sincere,Expressive Vintage,Quality Concept,Quality Drawing	https://fonts.google.com/specimen/National+Park
Neonderthaw	?	OFL (kiem lai METADATA.pb cua font do truoc khi dung)	Expressive Active,Expressive Artistic,Expressive Awkward,Expressive Cute,Expressive Excited,Expressive Fancy,Expressive Happy,Expressive Innovative,Expressive Playful,Expressive Rugged,Expressive Sincere,Expressive Vintage	https://fonts.google.com/specimen/Neonderthaw
Nerko One	?	OFL (kiem lai METADATA.pb cua font do truoc khi dung)	Expressive Artistic,Expressive Awkward,Expressive Childlike,Expressive Cute,Expressive Excited,Expressive Happy,Expressive Loud,Expressive Playful,Expressive Rugged,Expressive Sincere,Expressive Vintage,Quality Concept	https://fonts.google.com/specimen/Nerko+One
Neucha	?	OFL (kiem lai METADATA.pb cua font do truoc khi dung)	Expressive Awkward,Expressive Happy,Expressive Loud,Expressive Playful,Expressive Rugged,Expressive Vintage,Quality Concept,Quality Drawing,Quality Spacing,Quality Wordspace,Sans Humanist	https://fonts.google.com/specimen/Neucha
Neuton	?	OFL (kiem lai METADATA.pb cua font do truoc khi dung)	Expressive Business,Expressive Competent,Expressive Happy,Expressive Loud,Expressive Rugged,Expressive Sincere,Expressive Vintage,Quality Concept,Quality Drawing,Quality Spacing,Quality Wordspace,Serif Humanist Venetian	https://fonts.google.com/specimen/Neuton
New Amsterdam	?	OFL (kiem lai METADATA.pb cua font do truoc khi dung)	Expressive Awkward,Expressive Cute,Expressive Loud,Expressive Rugged,Expressive Stiff,Expressive Vintage,Quality Concept,Quality Drawing,Quality Spacing,Quality Wordspace,Sans Superellipse	https://fonts.google.com/specimen/New+Amsterdam
New Rocker	?	OFL (kiem lai METADATA.pb cua font do truoc khi dung)	Expressive Artistic,Expressive Awkward,Expressive Cute,Expressive Loud,Expressive Playful,Expressive Rugged,Expressive Sincere,Expressive Stiff,Expressive Vintage,Quality Concept,Quality Drawing,Quality Spacing	https://fonts.google.com/specimen/New+Rocker
New Tegomin	?	OFL (kiem lai METADATA.pb cua font do truoc khi dung)	Expressive Awkward,Expressive Innovative,Expressive Playful,Expressive Rugged,Expressive Vintage,Quality Concept,Quality Drawing,Quality Spacing,Quality Wordspace,Serif Transitional,Slab Humanist	https://fonts.google.com/specimen/New+Tegomin
News Cycle	?	OFL (kiem lai METADATA.pb cua font do truoc khi dung)	Expressive Business,Expressive Calm,Expressive Competent,Expressive Rugged,Expressive Sincere,Expressive Vintage,Quality Concept,Quality Drawing,Quality Spacing,Quality Wordspace,Sans Grotesque,Sans Humanist	https://fonts.google.com/specimen/News+Cycle
Newsreader	?	OFL (kiem lai METADATA.pb cua font do truoc khi dung)	Expressive Awkward,Expressive Business,Expressive Competent,Expressive Fancy,Expressive Loud,Expressive Playful,Expressive Rugged,Expressive Sincere,Expressive Stiff,Expressive Vintage,Quality Concept,Quality Drawing	https://fonts.google.com/specimen/Newsreader
Niconne	?	OFL (kiem lai METADATA.pb cua font do truoc khi dung)	Expressive Active,Expressive Cute,Expressive Excited,Expressive Fancy,Expressive Happy,Expressive Innovative,Expressive Rugged,Expressive Sophisticated,Expressive Vintage,Quality Concept,Quality Drawing,Quality Spacing	https://fonts.google.com/specimen/Niconne
Niramit	?	OFL (kiem lai METADATA.pb cua font do truoc khi dung)	Expressive Business,Expressive Calm,Expressive Loud,Expressive Rugged,Expressive Stiff,Expressive Vintage,Quality Concept,Quality Drawing,Quality Spacing,Quality Wordspace,Sans Geometric,Sans Humanist	https://fonts.google.com/specimen/Niramit
Nixie One	?	OFL (kiem lai METADATA.pb cua font do truoc khi dung)	Expressive Cute,Expressive Rugged,Expressive Vintage,Quality Concept,Quality Drawing,Quality Spacing,Quality Wordspace,Slab Humanist	https://fonts.google.com/specimen/Nixie+One
Nobile	?	OFL (kiem lai METADATA.pb cua font do truoc khi dung)	Expressive Business,Expressive Calm,Expressive Futuristic,Expressive Loud,Expressive Rugged,Expressive Sincere,Expressive Vintage,Quality Concept,Quality Drawing,Quality Spacing,Quality Wordspace,Sans Humanist	https://fonts.google.com/specimen/Nobile
Nokora	?	OFL (kiem lai METADATA.pb cua font do truoc khi dung)	Expressive Awkward,Expressive Business,Expressive Calm,Expressive Competent,Expressive Futuristic,Expressive Loud,Expressive Playful,Expressive Rugged,Expressive Stiff,Expressive Vintage,Quality Concept,Quality Drawing	https://fonts.google.com/specimen/Nokora
Norican	?	OFL (kiem lai METADATA.pb cua font do truoc khi dung)	Expressive Active,Expressive Cute,Expressive Excited,Expressive Fancy,Expressive Happy,Expressive Loud,Expressive Playful,Expressive Rugged,Expressive Sophisticated,Expressive Vintage,Quality Concept,Quality Drawing	https://fonts.google.com/specimen/Norican
Nosifer	?	OFL (kiem lai METADATA.pb cua font do truoc khi dung)	Expressive Awkward,Expressive Excited,Expressive Innovative,Expressive Loud,Expressive Playful,Expressive Rugged,Expressive Vintage,Quality Concept,Quality Drawing,Quality Spacing,Quality Wordspace,Seasonal Halloween	https://fonts.google.com/specimen/Nosifer
Notable	?	OFL (kiem lai METADATA.pb cua font do truoc khi dung)	Expressive Artistic,Expressive Awkward,Expressive Excited,Expressive Loud,Expressive Rugged,Expressive Vintage,Quality Concept,Quality Drawing,Quality Spacing,Quality Wordspace,Seasonal Kwanzaa,Theme Art Deco	https://fonts.google.com/specimen/Notable
Nothing You Could Do	?	OFL (kiem lai METADATA.pb cua font do truoc khi dung)	Expressive Active,Expressive Awkward,Expressive Childlike,Expressive Excited,Expressive Playful,Expressive Rugged,Expressive Sincere,Expressive Vintage,Quality Concept,Quality Drawing,Quality Spacing,Quality Wordspace	https://fonts.google.com/specimen/Nothing+You+Could+Do
Noticia Text	?	OFL (kiem lai METADATA.pb cua font do truoc khi dung)	Expressive Business,Expressive Competent,Expressive Loud,Expressive Rugged,Expressive Sincere,Expressive Vintage,Quality Concept,Quality Drawing,Quality Spacing,Quality Wordspace,Slab Humanist	https://fonts.google.com/specimen/Noticia+Text
Noto Color Emoji	?	OFL (kiem lai METADATA.pb cua font do truoc khi dung)	Expressive Loud,Quality Concept,Quality Drawing,Quality Spacing,Quality Wordspace,Special use Symbols	https://fonts.google.com/specimen/Noto+Color+Emoji
Noto Emoji	?	OFL (kiem lai METADATA.pb cua font do truoc khi dung)	Expressive Awkward,Expressive Calm,Expressive Competent,Expressive Loud,Expressive Playful,Quality Concept,Quality Drawing,Quality Spacing,Quality Wordspace,Special use Symbols	https://fonts.google.com/specimen/Noto+Emoji
Noto Kufi Arabic	?	OFL (kiem lai METADATA.pb cua font do truoc khi dung)	Expressive Awkward,Expressive Business,Expressive Calm,Expressive Competent,Expressive Futuristic,Expressive Loud,Expressive Playful,Expressive Rugged,Expressive Stiff,Quality Concept,Quality Drawing,Quality Spacing	https://fonts.google.com/specimen/Noto+Kufi+Arabic
Noto Music	?	OFL (kiem lai METADATA.pb cua font do truoc khi dung)	Expressive Competent,Expressive Loud,Expressive Rugged,Expressive Sincere,Expressive Stiff,Quality Concept,Quality Drawing,Quality Spacing,Quality Wordspace,Special use Symbols	https://fonts.google.com/specimen/Noto+Music
Noto Naskh Arabic	?	OFL (kiem lai METADATA.pb cua font do truoc khi dung)	Expressive Awkward,Expressive Business,Expressive Calm,Expressive Competent,Expressive Loud,Expressive Playful,Expressive Rugged,Expressive Sincere,Expressive Vintage,Quality Concept,Quality Drawing,Quality Spacing	https://fonts.google.com/specimen/Noto+Naskh+Arabic
Noto Nastaliq Urdu	?	OFL (kiem lai METADATA.pb cua font do truoc khi dung)	Expressive Awkward,Expressive Business,Expressive Calm,Expressive Competent,Expressive Loud,Expressive Playful,Expressive Rugged,Expressive Sincere,Quality Concept,Quality Drawing,Quality Spacing,Quality Wordspace	https://fonts.google.com/specimen/Noto+Nastaliq+Urdu
Noto Rashi Hebrew	?	OFL (kiem lai METADATA.pb cua font do truoc khi dung)	Expressive Awkward,Expressive Business,Expressive Calm,Expressive Competent,Expressive Loud,Expressive Playful,Expressive Rugged,Expressive Sincere,Expressive Vintage,Quality Concept,Quality Drawing,Quality Spacing	https://fonts.google.com/specimen/Noto+Rashi+Hebrew
Noto Sans	?	OFL (kiem lai METADATA.pb cua font do truoc khi dung)	wght@62.5,wght@100,Expressive Playful,Expressive Stiff,Quality Concept,Quality Drawing,Quality Spacing,Quality Wordspace,Sans Humanist	https://fonts.google.com/specimen/Noto+Sans
Noto Sans Adlam	?	OFL (kiem lai METADATA.pb cua font do truoc khi dung)	Expressive Awkward,Expressive Business,Expressive Calm,Expressive Competent,Expressive Futuristic,Expressive Loud,Expressive Playful,Expressive Rugged,Expressive Sincere,Expressive Stiff,Quality Concept,Quality Drawing	https://fonts.google.com/specimen/Noto+Sans+Adlam
Noto Sans Adlam Unjoined	?	OFL (kiem lai METADATA.pb cua font do truoc khi dung)	Expressive Awkward,Expressive Business,Expressive Calm,Expressive Competent,Expressive Futuristic,Expressive Loud,Expressive Playful,Expressive Rugged,Expressive Sincere,Expressive Stiff,Quality Concept,Quality Drawing	https://fonts.google.com/specimen/Noto+Sans+Adlam+Unjoined
Noto Sans Anatolian Hieroglyphs	?	OFL (kiem lai METADATA.pb cua font do truoc khi dung)	Expressive Business,Expressive Calm,Expressive Competent,Expressive Futuristic,Expressive Loud,Expressive Rugged,Expressive Sincere,Expressive Stiff,Quality Concept,Quality Drawing,Quality Spacing,Quality Wordspace	https://fonts.google.com/specimen/Noto+Sans+Anatolian+Hieroglyphs
Noto Sans Arabic	?	OFL (kiem lai METADATA.pb cua font do truoc khi dung)	wght@62.5,wght@100,Expressive Playful,Expressive Stiff,Quality Concept,Quality Drawing,Quality Spacing,Quality Wordspace,Sans Humanist	https://fonts.google.com/specimen/Noto+Sans+Arabic
Noto Sans Armenian	?	OFL (kiem lai METADATA.pb cua font do truoc khi dung)	wght@62.5,wght@100,Expressive Playful,Expressive Stiff,Quality Concept,Quality Drawing,Quality Spacing,Quality Wordspace,Sans Humanist	https://fonts.google.com/specimen/Noto+Sans+Armenian
Noto Sans Avestan	?	OFL (kiem lai METADATA.pb cua font do truoc khi dung)	Expressive Business,Expressive Calm,Expressive Competent,Expressive Futuristic,Expressive Loud,Expressive Rugged,Expressive Sincere,Expressive Stiff,Quality Concept,Quality Drawing,Quality Spacing,Quality Wordspace	https://fonts.google.com/specimen/Noto+Sans+Avestan
Noto Sans Balinese	?	OFL (kiem lai METADATA.pb cua font do truoc khi dung)	Expressive Awkward,Expressive Business,Expressive Calm,Expressive Competent,Expressive Futuristic,Expressive Loud,Expressive Playful,Expressive Rugged,Expressive Sincere,Expressive Stiff,Quality Concept,Quality Drawing	https://fonts.google.com/specimen/Noto+Sans+Balinese
Noto Sans Bamum	?	OFL (kiem lai METADATA.pb cua font do truoc khi dung)	Expressive Awkward,Expressive Business,Expressive Calm,Expressive Competent,Expressive Futuristic,Expressive Loud,Expressive Playful,Expressive Rugged,Expressive Sincere,Expressive Stiff,Quality Concept,Quality Drawing	https://fonts.google.com/specimen/Noto+Sans+Bamum
Noto Sans Bassa Vah	?	OFL (kiem lai METADATA.pb cua font do truoc khi dung)	Expressive Awkward,Expressive Business,Expressive Calm,Expressive Competent,Expressive Futuristic,Expressive Loud,Expressive Playful,Expressive Rugged,Expressive Sincere,Expressive Stiff,Quality Concept,Quality Drawing	https://fonts.google.com/specimen/Noto+Sans+Bassa+Vah
Noto Sans Batak	?	OFL (kiem lai METADATA.pb cua font do truoc khi dung)	Expressive Business,Expressive Calm,Expressive Competent,Expressive Futuristic,Expressive Loud,Expressive Rugged,Expressive Sincere,Expressive Stiff,Quality Concept,Quality Drawing,Quality Spacing,Quality Wordspace	https://fonts.google.com/specimen/Noto+Sans+Batak
Noto Sans Bengali	?	OFL (kiem lai METADATA.pb cua font do truoc khi dung)	wght@62.5,wght@100,Expressive Playful,Expressive Stiff,Quality Concept,Quality Drawing,Quality Spacing,Quality Wordspace,Sans Humanist	https://fonts.google.com/specimen/Noto+Sans+Bengali
Noto Sans Bhaiksuki	?	OFL (kiem lai METADATA.pb cua font do truoc khi dung)	Expressive Business,Expressive Calm,Expressive Competent,Expressive Futuristic,Expressive Loud,Expressive Rugged,Expressive Sincere,Expressive Stiff,Quality Concept,Quality Drawing,Quality Spacing,Quality Wordspace	https://fonts.google.com/specimen/Noto+Sans+Bhaiksuki
Noto Sans Brahmi	?	OFL (kiem lai METADATA.pb cua font do truoc khi dung)	Expressive Business,Expressive Calm,Expressive Competent,Expressive Futuristic,Expressive Loud,Expressive Rugged,Expressive Sincere,Expressive Stiff,Quality Concept,Quality Drawing,Quality Spacing,Quality Wordspace	https://fonts.google.com/specimen/Noto+Sans+Brahmi
Noto Sans Buginese	?	OFL (kiem lai METADATA.pb cua font do truoc khi dung)	Expressive Business,Expressive Calm,Expressive Competent,Expressive Futuristic,Expressive Loud,Expressive Rugged,Expressive Sincere,Expressive Stiff,Quality Concept,Quality Drawing,Quality Spacing,Quality Wordspace	https://fonts.google.com/specimen/Noto+Sans+Buginese
Noto Sans Buhid	?	OFL (kiem lai METADATA.pb cua font do truoc khi dung)	Expressive Business,Expressive Calm,Expressive Competent,Expressive Futuristic,Expressive Loud,Expressive Rugged,Expressive Sincere,Expressive Stiff,Quality Concept,Quality Drawing,Quality Spacing,Quality Wordspace	https://fonts.google.com/specimen/Noto+Sans+Buhid
Noto Sans Canadian Aboriginal	?	OFL (kiem lai METADATA.pb cua font do truoc khi dung)	Expressive Awkward,Expressive Business,Expressive Calm,Expressive Competent,Expressive Futuristic,Expressive Loud,Expressive Playful,Expressive Rugged,Expressive Sincere,Expressive Stiff,Quality Concept,Quality Drawing	https://fonts.google.com/specimen/Noto+Sans+Canadian+Aboriginal
Noto Sans Carian	?	OFL (kiem lai METADATA.pb cua font do truoc khi dung)	Expressive Business,Expressive Calm,Expressive Competent,Expressive Loud,Expressive Rugged,Expressive Sincere,Expressive Stiff,Quality Concept,Quality Drawing,Quality Spacing,Quality Wordspace,Sans Humanist	https://fonts.google.com/specimen/Noto+Sans+Carian
Noto Sans Caucasian Albanian	?	OFL (kiem lai METADATA.pb cua font do truoc khi dung)	Expressive Business,Expressive Calm,Expressive Competent,Expressive Loud,Expressive Rugged,Expressive Sincere,Expressive Stiff,Quality Concept,Quality Drawing,Quality Spacing,Quality Wordspace,Sans Humanist	https://fonts.google.com/specimen/Noto+Sans+Caucasian+Albanian
Noto Sans Chakma	?	OFL (kiem lai METADATA.pb cua font do truoc khi dung)	Expressive Business,Expressive Calm,Expressive Competent,Expressive Loud,Expressive Rugged,Expressive Sincere,Expressive Stiff,Quality Concept,Quality Drawing,Quality Spacing,Quality Wordspace,Sans Humanist	https://fonts.google.com/specimen/Noto+Sans+Chakma
Noto Sans Cham	?	OFL (kiem lai METADATA.pb cua font do truoc khi dung)	Expressive Awkward,Expressive Business,Expressive Calm,Expressive Competent,Expressive Loud,Expressive Playful,Expressive Rugged,Expressive Sincere,Expressive Stiff,Quality Concept,Quality Drawing,Quality Spacing	https://fonts.google.com/specimen/Noto+Sans+Cham
Noto Sans Cherokee	?	OFL (kiem lai METADATA.pb cua font do truoc khi dung)	Expressive Awkward,Expressive Business,Expressive Calm,Expressive Competent,Expressive Loud,Expressive Playful,Expressive Rugged,Expressive Sincere,Expressive Stiff,Quality Concept,Quality Drawing,Quality Spacing	https://fonts.google.com/specimen/Noto+Sans+Cherokee
Noto Sans Chorasmian	?	OFL (kiem lai METADATA.pb cua font do truoc khi dung)	Expressive Business,Expressive Calm,Expressive Competent,Expressive Loud,Expressive Rugged,Expressive Sincere,Expressive Stiff,Quality Concept,Quality Drawing,Quality Spacing,Quality Wordspace,Sans Humanist	https://fonts.google.com/specimen/Noto+Sans+Chorasmian
Noto Sans Coptic	?	OFL (kiem lai METADATA.pb cua font do truoc khi dung)	Expressive Business,Expressive Calm,Expressive Competent,Expressive Loud,Expressive Rugged,Expressive Sincere,Expressive Stiff,Quality Concept,Quality Drawing,Quality Spacing,Quality Wordspace,Sans Humanist	https://fonts.google.com/specimen/Noto+Sans+Coptic
Noto Sans Cuneiform	?	OFL (kiem lai METADATA.pb cua font do truoc khi dung)	Expressive Business,Expressive Calm,Expressive Competent,Expressive Loud,Expressive Rugged,Expressive Sincere,Expressive Stiff,Quality Concept,Quality Drawing,Quality Spacing,Quality Wordspace,Sans Humanist	https://fonts.google.com/specimen/Noto+Sans+Cuneiform
Noto Sans Cypriot	?	OFL (kiem lai METADATA.pb cua font do truoc khi dung)	Expressive Business,Expressive Calm,Expressive Competent,Expressive Loud,Expressive Rugged,Expressive Sincere,Expressive Stiff,Quality Concept,Quality Drawing,Quality Spacing,Quality Wordspace,Sans Humanist	https://fonts.google.com/specimen/Noto+Sans+Cypriot
Noto Sans Cypro Minoan	?	OFL (kiem lai METADATA.pb cua font do truoc khi dung)	Expressive Business,Expressive Calm,Expressive Competent,Expressive Loud,Expressive Rugged,Expressive Sincere,Expressive Stiff,Quality Concept,Quality Drawing,Quality Spacing,Quality Wordspace,Sans Humanist	https://fonts.google.com/specimen/Noto+Sans+Cypro+Minoan
Noto Sans Deseret	?	OFL (kiem lai METADATA.pb cua font do truoc khi dung)	Expressive Business,Expressive Calm,Expressive Competent,Expressive Loud,Expressive Rugged,Expressive Sincere,Expressive Stiff,Quality Concept,Quality Drawing,Quality Spacing,Quality Wordspace,Sans Humanist	https://fonts.google.com/specimen/Noto+Sans+Deseret
Noto Sans Devanagari	?	OFL (kiem lai METADATA.pb cua font do truoc khi dung)	wght@62.5,wght@100,Expressive Playful,Expressive Stiff,Quality Concept,Quality Drawing,Quality Spacing,Quality Wordspace,Sans Humanist	https://fonts.google.com/specimen/Noto+Sans+Devanagari
Noto Sans Display	?	OFL (kiem lai METADATA.pb cua font do truoc khi dung)	wght@62.5,wght@100,Expressive Playful,Expressive Stiff,Quality Concept,Quality Drawing,Quality Spacing,Quality Wordspace,Sans Humanist	https://fonts.google.com/specimen/Noto+Sans+Display
Noto Sans Duployan	?	OFL (kiem lai METADATA.pb cua font do truoc khi dung)	Expressive Business,Expressive Calm,Expressive Competent,Expressive Loud,Expressive Rugged,Expressive Sincere,Expressive Stiff,Quality Concept,Quality Drawing,Quality Spacing,Quality Wordspace,Sans Humanist	https://fonts.google.com/specimen/Noto+Sans+Duployan
Noto Sans Egyptian Hieroglyphs	?	OFL (kiem lai METADATA.pb cua font do truoc khi dung)	Expressive Business,Expressive Calm,Expressive Competent,Expressive Loud,Expressive Rugged,Expressive Sincere,Expressive Stiff,Quality Concept,Quality Drawing,Quality Spacing,Quality Wordspace,Sans Humanist	https://fonts.google.com/specimen/Noto+Sans+Egyptian+Hieroglyphs
Noto Sans Elbasan	?	OFL (kiem lai METADATA.pb cua font do truoc khi dung)	Expressive Business,Expressive Calm,Expressive Competent,Expressive Loud,Expressive Rugged,Expressive Sincere,Expressive Stiff,Quality Concept,Quality Drawing,Quality Spacing,Quality Wordspace,Sans Humanist	https://fonts.google.com/specimen/Noto+Sans+Elbasan
Noto Sans Elymaic	?	OFL (kiem lai METADATA.pb cua font do truoc khi dung)	Expressive Business,Expressive Calm,Expressive Competent,Expressive Loud,Expressive Rugged,Expressive Sincere,Expressive Stiff,Quality Concept,Quality Drawing,Quality Spacing,Quality Wordspace,Sans Humanist	https://fonts.google.com/specimen/Noto+Sans+Elymaic
Noto Sans Ethiopic	?	OFL (kiem lai METADATA.pb cua font do truoc khi dung)	wght@62.5,wght@100,Expressive Playful,Expressive Stiff,Quality Concept,Quality Drawing,Quality Spacing,Quality Wordspace,Sans Humanist	https://fonts.google.com/specimen/Noto+Sans+Ethiopic
Noto Sans Georgian	?	OFL (kiem lai METADATA.pb cua font do truoc khi dung)	wght@62.5,wght@100,Expressive Playful,Expressive Stiff,Quality Concept,Quality Drawing,Quality Spacing,Quality Wordspace,Sans Humanist	https://fonts.google.com/specimen/Noto+Sans+Georgian
Noto Sans Glagolitic	?	OFL (kiem lai METADATA.pb cua font do truoc khi dung)	Expressive Business,Expressive Calm,Expressive Competent,Expressive Loud,Expressive Rugged,Expressive Sincere,Expressive Stiff,Quality Concept,Quality Drawing,Quality Spacing,Quality Wordspace,Sans Humanist	https://fonts.google.com/specimen/Noto+Sans+Glagolitic
Noto Sans Gothic	?	OFL (kiem lai METADATA.pb cua font do truoc khi dung)	Expressive Business,Expressive Calm,Expressive Competent,Expressive Loud,Expressive Rugged,Expressive Sincere,Expressive Stiff,Quality Concept,Quality Drawing,Quality Spacing,Quality Wordspace,Sans Humanist	https://fonts.google.com/specimen/Noto+Sans+Gothic
Noto Sans Grantha	?	OFL (kiem lai METADATA.pb cua font do truoc khi dung)	Expressive Business,Expressive Calm,Expressive Competent,Expressive Loud,Expressive Rugged,Expressive Sincere,Expressive Stiff,Quality Concept,Quality Drawing,Quality Spacing,Quality Wordspace,Sans Humanist	https://fonts.google.com/specimen/Noto+Sans+Grantha
Noto Sans Gujarati	?	OFL (kiem lai METADATA.pb cua font do truoc khi dung)	wght@62.5,wght@100,Expressive Playful,Expressive Stiff,Quality Concept,Quality Drawing,Quality Spacing,Quality Wordspace,Sans Humanist	https://fonts.google.com/specimen/Noto+Sans+Gujarati
Noto Sans Gunjala Gondi	?	OFL (kiem lai METADATA.pb cua font do truoc khi dung)	Expressive Awkward,Expressive Business,Expressive Calm,Expressive Competent,Expressive Loud,Expressive Playful,Expressive Rugged,Expressive Sincere,Expressive Stiff,Quality Concept,Quality Drawing,Quality Spacing	https://fonts.google.com/specimen/Noto+Sans+Gunjala+Gondi
Noto Sans Gurmukhi	?	OFL (kiem lai METADATA.pb cua font do truoc khi dung)	wght@62.5,wght@100,Expressive Playful,Expressive Stiff,Quality Concept,Quality Drawing,Quality Spacing,Quality Wordspace,Sans Humanist	https://fonts.google.com/specimen/Noto+Sans+Gurmukhi
Noto Sans Hanifi Rohingya	?	OFL (kiem lai METADATA.pb cua font do truoc khi dung)	Expressive Awkward,Expressive Business,Expressive Calm,Expressive Competent,Expressive Loud,Expressive Playful,Expressive Rugged,Expressive Sincere,Expressive Stiff,Quality Concept,Quality Drawing,Quality Spacing	https://fonts.google.com/specimen/Noto+Sans+Hanifi+Rohingya
Noto Sans Hanunoo	?	OFL (kiem lai METADATA.pb cua font do truoc khi dung)	Expressive Business,Expressive Calm,Expressive Competent,Expressive Loud,Expressive Rugged,Expressive Sincere,Expressive Stiff,Quality Concept,Quality Drawing,Quality Spacing,Quality Wordspace,Sans Humanist	https://fonts.google.com/specimen/Noto+Sans+Hanunoo
Noto Sans Hatran	?	OFL (kiem lai METADATA.pb cua font do truoc khi dung)	Expressive Business,Expressive Calm,Expressive Competent,Expressive Loud,Expressive Rugged,Expressive Sincere,Expressive Stiff,Quality Concept,Quality Drawing,Quality Spacing,Quality Wordspace,Sans Humanist	https://fonts.google.com/specimen/Noto+Sans+Hatran
Noto Sans Hebrew	?	OFL (kiem lai METADATA.pb cua font do truoc khi dung)	wght@62.5,wght@100,Expressive Playful,Expressive Stiff,Quality Concept,Quality Drawing,Quality Spacing,Quality Wordspace,Sans Humanist	https://fonts.google.com/specimen/Noto+Sans+Hebrew
Noto Sans HK	?	OFL (kiem lai METADATA.pb cua font do truoc khi dung)	Expressive Awkward,Expressive Business,Expressive Calm,Expressive Competent,Expressive Loud,Expressive Playful,Expressive Rugged,Expressive Sincere,Expressive Stiff,Quality Concept,Quality Drawing,Quality Spacing	https://fonts.google.com/specimen/Noto+Sans+HK
Noto Sans Imperial Aramaic	?	OFL (kiem lai METADATA.pb cua font do truoc khi dung)	Expressive Business,Expressive Calm,Expressive Competent,Expressive Loud,Expressive Rugged,Expressive Sincere,Expressive Stiff,Quality Concept,Quality Drawing,Quality Spacing,Quality Wordspace,Sans Humanist	https://fonts.google.com/specimen/Noto+Sans+Imperial+Aramaic
Noto Sans Indic Siyaq Numbers	?	OFL (kiem lai METADATA.pb cua font do truoc khi dung)	Expressive Business,Expressive Calm,Expressive Competent,Expressive Loud,Expressive Rugged,Expressive Sincere,Expressive Stiff,Quality Concept,Quality Drawing,Quality Spacing,Quality Wordspace,Sans Humanist	https://fonts.google.com/specimen/Noto+Sans+Indic+Siyaq+Numbers
Noto Sans Inscriptional Pahlavi	?	OFL (kiem lai METADATA.pb cua font do truoc khi dung)	Expressive Business,Expressive Calm,Expressive Competent,Expressive Loud,Expressive Rugged,Expressive Sincere,Expressive Stiff,Quality Concept,Quality Drawing,Quality Spacing,Quality Wordspace,Sans Humanist	https://fonts.google.com/specimen/Noto+Sans+Inscriptional+Pahlavi
Noto Sans Inscriptional Parthian	?	OFL (kiem lai METADATA.pb cua font do truoc khi dung)	Expressive Business,Expressive Calm,Expressive Competent,Expressive Loud,Expressive Rugged,Expressive Sincere,Expressive Stiff,Quality Concept,Quality Drawing,Quality Spacing,Quality Wordspace,Sans Humanist	https://fonts.google.com/specimen/Noto+Sans+Inscriptional+Parthian
Noto Sans Javanese	?	OFL (kiem lai METADATA.pb cua font do truoc khi dung)	Expressive Awkward,Expressive Business,Expressive Calm,Expressive Competent,Expressive Loud,Expressive Playful,Expressive Rugged,Expressive Sincere,Expressive Stiff,Quality Concept,Quality Drawing,Quality Spacing	https://fonts.google.com/specimen/Noto+Sans+Javanese
Noto Sans JP	?	OFL (kiem lai METADATA.pb cua font do truoc khi dung)	Expressive Awkward,Expressive Business,Expressive Calm,Expressive Competent,Expressive Loud,Expressive Playful,Expressive Rugged,Expressive Sincere,Expressive Stiff,Quality Concept,Quality Drawing,Quality Spacing	https://fonts.google.com/specimen/Noto+Sans+JP
Noto Sans Kaithi	?	OFL (kiem lai METADATA.pb cua font do truoc khi dung)	Expressive Business,Expressive Calm,Expressive Competent,Expressive Loud,Expressive Rugged,Expressive Sincere,Expressive Stiff,Quality Concept,Quality Drawing,Quality Spacing,Quality Wordspace,Sans Humanist	https://fonts.google.com/specimen/Noto+Sans+Kaithi
Noto Sans Kannada	?	OFL (kiem lai METADATA.pb cua font do truoc khi dung)	wght@62.5,wght@100,Expressive Playful,Expressive Stiff,Quality Concept,Quality Drawing,Quality Spacing,Quality Wordspace,Sans Humanist	https://fonts.google.com/specimen/Noto+Sans+Kannada
Noto Sans Kawi	?	OFL (kiem lai METADATA.pb cua font do truoc khi dung)	Expressive Awkward,Expressive Business,Expressive Calm,Expressive Competent,Expressive Loud,Expressive Playful,Expressive Rugged,Expressive Sincere,Expressive Stiff,Quality Concept,Quality Drawing,Quality Spacing	https://fonts.google.com/specimen/Noto+Sans+Kawi
Noto Sans Kayah Li	?	OFL (kiem lai METADATA.pb cua font do truoc khi dung)	Expressive Awkward,Expressive Business,Expressive Calm,Expressive Competent,Expressive Loud,Expressive Playful,Expressive Rugged,Expressive Sincere,Expressive Stiff,Quality Concept,Quality Drawing,Quality Spacing	https://fonts.google.com/specimen/Noto+Sans+Kayah+Li
Noto Sans Kharoshthi	?	OFL (kiem lai METADATA.pb cua font do truoc khi dung)	Expressive Business,Expressive Calm,Expressive Competent,Expressive Loud,Expressive Rugged,Expressive Sincere,Expressive Stiff,Quality Concept,Quality Drawing,Quality Spacing,Quality Wordspace,Sans Humanist	https://fonts.google.com/specimen/Noto+Sans+Kharoshthi
Noto Sans Khmer	?	OFL (kiem lai METADATA.pb cua font do truoc khi dung)	wght@62.5,wght@100,Expressive Playful,Expressive Stiff,Quality Concept,Quality Drawing,Quality Spacing,Quality Wordspace,Sans Humanist	https://fonts.google.com/specimen/Noto+Sans+Khmer
Noto Sans Khojki	?	OFL (kiem lai METADATA.pb cua font do truoc khi dung)	Expressive Business,Expressive Calm,Expressive Competent,Expressive Loud,Expressive Rugged,Expressive Sincere,Expressive Stiff,Quality Concept,Quality Drawing,Quality Spacing,Quality Wordspace,Sans Humanist	https://fonts.google.com/specimen/Noto+Sans+Khojki
Noto Sans Khudawadi	?	OFL (kiem lai METADATA.pb cua font do truoc khi dung)	Expressive Business,Expressive Calm,Expressive Competent,Expressive Loud,Expressive Rugged,Expressive Sincere,Expressive Stiff,Quality Concept,Quality Drawing,Quality Spacing,Quality Wordspace,Sans Humanist	https://fonts.google.com/specimen/Noto+Sans+Khudawadi
Noto Sans KR	?	OFL (kiem lai METADATA.pb cua font do truoc khi dung)	Expressive Awkward,Expressive Business,Expressive Calm,Expressive Competent,Expressive Loud,Expressive Playful,Expressive Rugged,Expressive Sincere,Expressive Stiff,Quality Concept,Quality Drawing,Quality Spacing	https://fonts.google.com/specimen/Noto+Sans+KR
Noto Sans Lao	?	OFL (kiem lai METADATA.pb cua font do truoc khi dung)	wght@62.5,wght@100,Expressive Playful,Expressive Stiff,Quality Concept,Quality Drawing,Quality Spacing,Quality Wordspace,Sans Humanist	https://fonts.google.com/specimen/Noto+Sans+Lao
Noto Sans Lao Looped	?	OFL (kiem lai METADATA.pb cua font do truoc khi dung)	wght@62.5,wght@100,Expressive Playful,Expressive Stiff,Quality Concept,Quality Drawing,Quality Spacing,Quality Wordspace,Sans Humanist	https://fonts.google.com/specimen/Noto+Sans+Lao+Looped
Noto Sans Lepcha	?	OFL (kiem lai METADATA.pb cua font do truoc khi dung)	Expressive Business,Expressive Calm,Expressive Competent,Expressive Loud,Expressive Rugged,Expressive Sincere,Expressive Stiff,Quality Concept,Quality Drawing,Quality Spacing,Quality Wordspace,Sans Humanist	https://fonts.google.com/specimen/Noto+Sans+Lepcha
Noto Sans Limbu	?	OFL (kiem lai METADATA.pb cua font do truoc khi dung)	Expressive Business,Expressive Calm,Expressive Competent,Expressive Loud,Expressive Rugged,Expressive Sincere,Expressive Stiff,Quality Concept,Quality Drawing,Quality Spacing,Quality Wordspace,Sans Humanist	https://fonts.google.com/specimen/Noto+Sans+Limbu
Noto Sans Linear A	?	OFL (kiem lai METADATA.pb cua font do truoc khi dung)	Expressive Business,Expressive Calm,Expressive Competent,Expressive Loud,Expressive Rugged,Expressive Sincere,Expressive Stiff,Quality Concept,Quality Drawing,Quality Spacing,Quality Wordspace,Sans Humanist	https://fonts.google.com/specimen/Noto+Sans+Linear+A
Noto Sans Linear B	?	OFL (kiem lai METADATA.pb cua font do truoc khi dung)	Expressive Business,Expressive Calm,Expressive Competent,Expressive Loud,Expressive Rugged,Expressive Sincere,Expressive Stiff,Quality Concept,Quality Drawing,Quality Spacing,Quality Wordspace,Sans Humanist	https://fonts.google.com/specimen/Noto+Sans+Linear+B
Noto Sans Lisu	?	OFL (kiem lai METADATA.pb cua font do truoc khi dung)	Expressive Awkward,Expressive Business,Expressive Calm,Expressive Competent,Expressive Loud,Expressive Playful,Expressive Rugged,Expressive Sincere,Expressive Stiff,Quality Concept,Quality Drawing,Quality Spacing	https://fonts.google.com/specimen/Noto+Sans+Lisu
Noto Sans Lycian	?	OFL (kiem lai METADATA.pb cua font do truoc khi dung)	Expressive Business,Expressive Calm,Expressive Competent,Expressive Loud,Expressive Rugged,Expressive Sincere,Quality Concept,Quality Drawing,Quality Spacing,Quality Wordspace,Sans Humanist	https://fonts.google.com/specimen/Noto+Sans+Lycian
Noto Sans Lydian	?	OFL (kiem lai METADATA.pb cua font do truoc khi dung)	Expressive Business,Expressive Calm,Expressive Competent,Expressive Loud,Expressive Rugged,Expressive Sincere,Expressive Stiff,Quality Concept,Quality Drawing,Quality Spacing,Quality Wordspace,Sans Humanist	https://fonts.google.com/specimen/Noto+Sans+Lydian
Noto Sans Mahajani	?	OFL (kiem lai METADATA.pb cua font do truoc khi dung)	Expressive Business,Expressive Calm,Expressive Competent,Expressive Loud,Expressive Rugged,Expressive Sincere,Expressive Stiff,Quality Concept,Quality Drawing,Quality Spacing,Quality Wordspace,Sans Humanist	https://fonts.google.com/specimen/Noto+Sans+Mahajani
Noto Sans Malayalam	?	OFL (kiem lai METADATA.pb cua font do truoc khi dung)	wght@62.5,wght@100,Expressive Playful,Expressive Stiff,Quality Concept,Quality Drawing,Quality Spacing,Quality Wordspace,Sans Humanist	https://fonts.google.com/specimen/Noto+Sans+Malayalam
Noto Sans Mandaic	?	OFL (kiem lai METADATA.pb cua font do truoc khi dung)	Expressive Business,Expressive Calm,Expressive Competent,Expressive Loud,Expressive Rugged,Expressive Sincere,Expressive Stiff,Quality Concept,Quality Drawing,Quality Spacing,Quality Wordspace,Sans Humanist	https://fonts.google.com/specimen/Noto+Sans+Mandaic
Noto Sans Manichaean	?	OFL (kiem lai METADATA.pb cua font do truoc khi dung)	Expressive Business,Expressive Calm,Expressive Competent,Expressive Loud,Expressive Rugged,Expressive Sincere,Expressive Stiff,Quality Concept,Quality Drawing,Quality Spacing,Quality Wordspace,Sans Humanist	https://fonts.google.com/specimen/Noto+Sans+Manichaean
Noto Sans Marchen	?	OFL (kiem lai METADATA.pb cua font do truoc khi dung)	Expressive Business,Expressive Calm,Expressive Competent,Expressive Loud,Expressive Rugged,Expressive Sincere,Expressive Stiff,Quality Concept,Quality Drawing,Quality Spacing,Quality Wordspace,Sans Humanist	https://fonts.google.com/specimen/Noto+Sans+Marchen
Noto Sans Masaram Gondi	?	OFL (kiem lai METADATA.pb cua font do truoc khi dung)	Expressive Business,Expressive Calm,Expressive Competent,Expressive Loud,Expressive Rugged,Expressive Sincere,Expressive Stiff,Quality Concept,Quality Drawing,Quality Spacing,Quality Wordspace,Sans Humanist	https://fonts.google.com/specimen/Noto+Sans+Masaram+Gondi
Noto Sans Math	?	OFL (kiem lai METADATA.pb cua font do truoc khi dung)	Expressive Business,Expressive Calm,Expressive Competent,Expressive Loud,Expressive Rugged,Expressive Sincere,Expressive Stiff,Quality Concept,Quality Drawing,Quality Spacing,Quality Wordspace,Sans Humanist	https://fonts.google.com/specimen/Noto+Sans+Math
Noto Sans Mayan Numerals	?	OFL (kiem lai METADATA.pb cua font do truoc khi dung)	Expressive Business,Expressive Calm,Expressive Competent,Expressive Loud,Expressive Rugged,Expressive Sincere,Expressive Stiff,Quality Concept,Quality Drawing,Quality Spacing,Quality Wordspace,Sans Humanist	https://fonts.google.com/specimen/Noto+Sans+Mayan+Numerals
Noto Sans Medefaidrin	?	OFL (kiem lai METADATA.pb cua font do truoc khi dung)	Expressive Awkward,Expressive Business,Expressive Calm,Expressive Competent,Expressive Loud,Expressive Playful,Expressive Rugged,Expressive Sincere,Expressive Stiff,Quality Concept,Quality Drawing,Quality Spacing	https://fonts.google.com/specimen/Noto+Sans+Medefaidrin
Noto Sans Meetei Mayek	?	OFL (kiem lai METADATA.pb cua font do truoc khi dung)	Expressive Awkward,Expressive Business,Expressive Calm,Expressive Competent,Expressive Loud,Expressive Playful,Expressive Rugged,Expressive Sincere,Expressive Stiff,Quality Concept,Quality Drawing,Quality Spacing	https://fonts.google.com/specimen/Noto+Sans+Meetei+Mayek
Noto Sans Mende Kikakui	?	OFL (kiem lai METADATA.pb cua font do truoc khi dung)	Expressive Business,Expressive Calm,Expressive Competent,Expressive Loud,Expressive Rugged,Expressive Sincere,Expressive Stiff,Quality Concept,Quality Drawing,Quality Spacing,Quality Wordspace,Sans Humanist	https://fonts.google.com/specimen/Noto+Sans+Mende+Kikakui
Noto Sans Meroitic	?	OFL (kiem lai METADATA.pb cua font do truoc khi dung)	Expressive Business,Expressive Calm,Expressive Competent,Expressive Loud,Expressive Rugged,Expressive Sincere,Expressive Stiff,Quality Concept,Quality Drawing,Quality Spacing,Quality Wordspace,Sans Humanist	https://fonts.google.com/specimen/Noto+Sans+Meroitic
Noto Sans Miao	?	OFL (kiem lai METADATA.pb cua font do truoc khi dung)	Expressive Business,Expressive Calm,Expressive Competent,Expressive Loud,Expressive Rugged,Expressive Sincere,Expressive Stiff,Quality Concept,Quality Drawing,Quality Spacing,Quality Wordspace,Sans Humanist	https://fonts.google.com/specimen/Noto+Sans+Miao
Noto Sans Modi	?	OFL (kiem lai METADATA.pb cua font do truoc khi dung)	Expressive Business,Expressive Calm,Expressive Competent,Expressive Loud,Expressive Rugged,Expressive Sincere,Expressive Stiff,Quality Concept,Quality Drawing,Quality Spacing,Quality Wordspace,Sans Humanist	https://fonts.google.com/specimen/Noto+Sans+Modi
Noto Sans Mongolian	?	OFL (kiem lai METADATA.pb cua font do truoc khi dung)	Expressive Business,Expressive Calm,Expressive Competent,Expressive Loud,Expressive Rugged,Expressive Sincere,Expressive Stiff,Quality Concept,Quality Drawing,Quality Spacing,Quality Wordspace,Sans Humanist	https://fonts.google.com/specimen/Noto+Sans+Mongolian
Noto Sans Mono	?	OFL (kiem lai METADATA.pb cua font do truoc khi dung)	wght@62.5,wght@100,Expressive Playful,Expressive Stiff,Quality Concept,Quality Drawing,Quality Spacing,Quality Wordspace,Sans Humanist	https://fonts.google.com/specimen/Noto+Sans+Mono
Noto Sans Mro	?	OFL (kiem lai METADATA.pb cua font do truoc khi dung)	Expressive Business,Expressive Calm,Expressive Competent,Expressive Loud,Expressive Rugged,Expressive Sincere,Expressive Stiff,Quality Concept,Quality Drawing,Quality Spacing,Quality Wordspace,Sans Humanist	https://fonts.google.com/specimen/Noto+Sans+Mro
Noto Sans Multani	?	OFL (kiem lai METADATA.pb cua font do truoc khi dung)	Expressive Business,Expressive Calm,Expressive Competent,Expressive Loud,Expressive Rugged,Expressive Sincere,Expressive Stiff,Quality Concept,Quality Drawing,Quality Spacing,Quality Wordspace,Sans Humanist	https://fonts.google.com/specimen/Noto+Sans+Multani
Noto Sans Myanmar	?	OFL (kiem lai METADATA.pb cua font do truoc khi dung)	wght@62.5,wght@100,Expressive Playful,Expressive Stiff,Quality Concept,Quality Drawing,Quality Spacing,Quality Wordspace,Sans Humanist	https://fonts.google.com/specimen/Noto+Sans+Myanmar
Noto Sans Nabataean	?	OFL (kiem lai METADATA.pb cua font do truoc khi dung)	Expressive Business,Expressive Calm,Expressive Competent,Expressive Loud,Expressive Rugged,Expressive Sincere,Expressive Stiff,Quality Concept,Quality Drawing,Quality Spacing,Quality Wordspace,Sans Humanist	https://fonts.google.com/specimen/Noto+Sans+Nabataean
Noto Sans Nag Mundari	?	OFL (kiem lai METADATA.pb cua font do truoc khi dung)	Expressive Awkward,Expressive Business,Expressive Calm,Expressive Competent,Expressive Loud,Expressive Playful,Expressive Rugged,Expressive Sincere,Expressive Stiff,Quality Concept,Quality Drawing,Quality Spacing	https://fonts.google.com/specimen/Noto+Sans+Nag+Mundari
Noto Sans Nandinagari	?	OFL (kiem lai METADATA.pb cua font do truoc khi dung)	Expressive Business,Expressive Calm,Expressive Competent,Expressive Loud,Expressive Rugged,Expressive Sincere,Expressive Stiff,Quality Concept,Quality Drawing,Quality Spacing,Quality Wordspace,Sans Humanist	https://fonts.google.com/specimen/Noto+Sans+Nandinagari
Noto Sans New Tai Lue	?	OFL (kiem lai METADATA.pb cua font do truoc khi dung)	Expressive Awkward,Expressive Business,Expressive Calm,Expressive Competent,Expressive Loud,Expressive Playful,Expressive Rugged,Expressive Sincere,Expressive Stiff,Quality Concept,Quality Drawing,Quality Spacing	https://fonts.google.com/specimen/Noto+Sans+New+Tai+Lue
Noto Sans Newa	?	OFL (kiem lai METADATA.pb cua font do truoc khi dung)	Expressive Business,Expressive Calm,Expressive Competent,Expressive Loud,Expressive Rugged,Expressive Sincere,Expressive Stiff,Quality Concept,Quality Drawing,Quality Spacing,Quality Wordspace,Sans Humanist	https://fonts.google.com/specimen/Noto+Sans+Newa
Noto Sans NKo	?	OFL (kiem lai METADATA.pb cua font do truoc khi dung)	Expressive Business,Expressive Calm,Expressive Competent,Expressive Loud,Expressive Rugged,Expressive Sincere,Expressive Stiff,Quality Concept,Quality Drawing,Quality Spacing,Quality Wordspace,Sans Humanist	https://fonts.google.com/specimen/Noto+Sans+NKo
Noto Sans NKo Unjoined	?	OFL (kiem lai METADATA.pb cua font do truoc khi dung)	Expressive Awkward,Expressive Business,Expressive Calm,Expressive Competent,Expressive Loud,Expressive Playful,Expressive Rugged,Expressive Sincere,Expressive Stiff,Quality Concept,Quality Drawing,Quality Spacing	https://fonts.google.com/specimen/Noto+Sans+NKo+Unjoined
Noto Sans Nushu	?	OFL (kiem lai METADATA.pb cua font do truoc khi dung)	Expressive Business,Expressive Calm,Expressive Competent,Expressive Loud,Expressive Rugged,Expressive Sincere,Expressive Stiff,Quality Concept,Quality Drawing,Quality Spacing,Quality Wordspace,Sans Humanist	https://fonts.google.com/specimen/Noto+Sans+Nushu
Noto Sans Ogham	?	OFL (kiem lai METADATA.pb cua font do truoc khi dung)	Expressive Business,Expressive Calm,Expressive Competent,Expressive Loud,Expressive Rugged,Expressive Sincere,Expressive Stiff,Quality Concept,Quality Drawing,Quality Spacing,Quality Wordspace,Sans Humanist	https://fonts.google.com/specimen/Noto+Sans+Ogham
Noto Sans Ol Chiki	?	OFL (kiem lai METADATA.pb cua font do truoc khi dung)	Expressive Awkward,Expressive Business,Expressive Calm,Expressive Competent,Expressive Loud,Expressive Playful,Expressive Rugged,Expressive Sincere,Expressive Stiff,Quality Concept,Quality Drawing,Quality Spacing	https://fonts.google.com/specimen/Noto+Sans+Ol+Chiki
Noto Sans Old Hungarian	?	OFL (kiem lai METADATA.pb cua font do truoc khi dung)	Expressive Business,Expressive Calm,Expressive Competent,Expressive Loud,Expressive Rugged,Expressive Sincere,Expressive Stiff,Quality Concept,Quality Drawing,Quality Spacing,Quality Wordspace,Sans Humanist	https://fonts.google.com/specimen/Noto+Sans+Old+Hungarian
Noto Sans Old Italic	?	OFL (kiem lai METADATA.pb cua font do truoc khi dung)	Expressive Business,Expressive Calm,Expressive Competent,Expressive Loud,Expressive Rugged,Expressive Sincere,Expressive Stiff,Quality Concept,Quality Drawing,Quality Spacing,Quality Wordspace,Sans Humanist	https://fonts.google.com/specimen/Noto+Sans+Old+Italic
Noto Sans Old North Arabian	?	OFL (kiem lai METADATA.pb cua font do truoc khi dung)	Expressive Business,Expressive Calm,Expressive Competent,Expressive Loud,Expressive Rugged,Expressive Sincere,Expressive Stiff,Quality Concept,Quality Drawing,Quality Spacing,Quality Wordspace,Sans Humanist	https://fonts.google.com/specimen/Noto+Sans+Old+North+Arabian
Noto Sans Old Permic	?	OFL (kiem lai METADATA.pb cua font do truoc khi dung)	Expressive Business,Expressive Calm,Expressive Competent,Expressive Loud,Expressive Rugged,Expressive Sincere,Expressive Stiff,Quality Concept,Quality Drawing,Quality Spacing,Quality Wordspace,Sans Humanist	https://fonts.google.com/specimen/Noto+Sans+Old+Permic
Noto Sans Old Persian	?	OFL (kiem lai METADATA.pb cua font do truoc khi dung)	Expressive Business,Expressive Calm,Expressive Competent,Expressive Loud,Expressive Rugged,Expressive Sincere,Expressive Stiff,Quality Concept,Quality Drawing,Quality Spacing,Quality Wordspace,Sans Humanist	https://fonts.google.com/specimen/Noto+Sans+Old+Persian
Noto Sans Old Sogdian	?	OFL (kiem lai METADATA.pb cua font do truoc khi dung)	Expressive Business,Expressive Calm,Expressive Competent,Expressive Loud,Expressive Rugged,Expressive Sincere,Expressive Stiff,Quality Concept,Quality Drawing,Quality Spacing,Quality Wordspace,Sans Humanist	https://fonts.google.com/specimen/Noto+Sans+Old+Sogdian
Noto Sans Old South Arabian	?	OFL (kiem lai METADATA.pb cua font do truoc khi dung)	Expressive Business,Expressive Calm,Expressive Competent,Expressive Loud,Expressive Rugged,Expressive Sincere,Expressive Stiff,Quality Concept,Quality Drawing,Quality Spacing,Quality Wordspace,Sans Humanist	https://fonts.google.com/specimen/Noto+Sans+Old+South+Arabian
Noto Sans Old Turkic	?	OFL (kiem lai METADATA.pb cua font do truoc khi dung)	Expressive Business,Expressive Calm,Expressive Competent,Expressive Loud,Expressive Rugged,Expressive Sincere,Expressive Stiff,Quality Concept,Quality Drawing,Quality Spacing,Quality Wordspace,Sans Humanist	https://fonts.google.com/specimen/Noto+Sans+Old+Turkic
Noto Sans Oriya	?	OFL (kiem lai METADATA.pb cua font do truoc khi dung)	wght@62.5,wght@100,Expressive Playful,Expressive Stiff,Quality Concept,Quality Drawing,Quality Spacing,Quality Wordspace,Sans Humanist	https://fonts.google.com/specimen/Noto+Sans+Oriya
Noto Sans Osage	?	OFL (kiem lai METADATA.pb cua font do truoc khi dung)	Expressive Business,Expressive Calm,Expressive Competent,Expressive Loud,Expressive Rugged,Expressive Sincere,Expressive Stiff,Quality Concept,Quality Drawing,Quality Spacing,Quality Wordspace,Sans Humanist	https://fonts.google.com/specimen/Noto+Sans+Osage
Noto Sans Osmanya	?	OFL (kiem lai METADATA.pb cua font do truoc khi dung)	Expressive Business,Expressive Calm,Expressive Competent,Expressive Loud,Expressive Rugged,Expressive Sincere,Expressive Stiff,Quality Concept,Quality Drawing,Quality Spacing,Quality Wordspace,Sans Humanist	https://fonts.google.com/specimen/Noto+Sans+Osmanya
Noto Sans Pahawh Hmong	?	OFL (kiem lai METADATA.pb cua font do truoc khi dung)	Expressive Business,Expressive Calm,Expressive Competent,Expressive Loud,Expressive Rugged,Expressive Sincere,Expressive Stiff,Quality Concept,Quality Drawing,Quality Spacing,Quality Wordspace,Sans Humanist	https://fonts.google.com/specimen/Noto+Sans+Pahawh+Hmong
Noto Sans Palmyrene	?	OFL (kiem lai METADATA.pb cua font do truoc khi dung)	Expressive Business,Expressive Calm,Expressive Competent,Expressive Loud,Expressive Rugged,Expressive Sincere,Expressive Stiff,Quality Concept,Quality Drawing,Quality Spacing,Quality Wordspace,Sans Humanist	https://fonts.google.com/specimen/Noto+Sans+Palmyrene
Noto Sans Pau Cin Hau	?	OFL (kiem lai METADATA.pb cua font do truoc khi dung)	Expressive Business,Expressive Calm,Expressive Competent,Expressive Loud,Expressive Rugged,Expressive Sincere,Expressive Stiff,Quality Concept,Quality Drawing,Quality Spacing,Quality Wordspace,Sans Humanist	https://fonts.google.com/specimen/Noto+Sans+Pau+Cin+Hau
Noto Sans PhagsPa	?	OFL (kiem lai METADATA.pb cua font do truoc khi dung)	Expressive Business,Expressive Calm,Expressive Competent,Expressive Loud,Expressive Rugged,Expressive Sincere,Expressive Stiff,Quality Concept,Quality Drawing,Quality Spacing,Quality Wordspace,Sans Humanist	https://fonts.google.com/specimen/Noto+Sans+PhagsPa
Noto Sans Phoenician	?	OFL (kiem lai METADATA.pb cua font do truoc khi dung)	Expressive Business,Expressive Calm,Expressive Competent,Expressive Loud,Expressive Rugged,Expressive Sincere,Expressive Stiff,Quality Concept,Quality Drawing,Quality Spacing,Quality Wordspace,Sans Humanist	https://fonts.google.com/specimen/Noto+Sans+Phoenician
Noto Sans Psalter Pahlavi	?	OFL (kiem lai METADATA.pb cua font do truoc khi dung)	Expressive Business,Expressive Calm,Expressive Competent,Expressive Loud,Expressive Rugged,Expressive Sincere,Expressive Stiff,Quality Concept,Quality Drawing,Quality Spacing,Quality Wordspace,Sans Humanist	https://fonts.google.com/specimen/Noto+Sans+Psalter+Pahlavi
Noto Sans Rejang	?	OFL (kiem lai METADATA.pb cua font do truoc khi dung)	Expressive Business,Expressive Calm,Expressive Competent,Expressive Loud,Expressive Rugged,Expressive Sincere,Expressive Stiff,Quality Concept,Quality Drawing,Quality Spacing,Quality Wordspace,Sans Humanist	https://fonts.google.com/specimen/Noto+Sans+Rejang
Noto Sans Runic	?	OFL (kiem lai METADATA.pb cua font do truoc khi dung)	Expressive Business,Expressive Calm,Expressive Competent,Expressive Loud,Expressive Rugged,Expressive Sincere,Expressive Stiff,Quality Concept,Quality Drawing,Quality Spacing,Quality Wordspace,Sans Humanist	https://fonts.google.com/specimen/Noto+Sans+Runic
Noto Sans Samaritan	?	OFL (kiem lai METADATA.pb cua font do truoc khi dung)	Expressive Business,Expressive Calm,Expressive Competent,Expressive Loud,Expressive Rugged,Expressive Sincere,Expressive Stiff,Quality Concept,Quality Drawing,Quality Spacing,Quality Wordspace,Sans Humanist	https://fonts.google.com/specimen/Noto+Sans+Samaritan
Noto Sans Saurashtra	?	OFL (kiem lai METADATA.pb cua font do truoc khi dung)	Expressive Business,Expressive Calm,Expressive Competent,Expressive Loud,Expressive Rugged,Expressive Sincere,Expressive Stiff,Quality Concept,Quality Drawing,Quality Spacing,Quality Wordspace,Sans Humanist	https://fonts.google.com/specimen/Noto+Sans+Saurashtra
Noto Sans SC	?	OFL (kiem lai METADATA.pb cua font do truoc khi dung)	Expressive Awkward,Expressive Business,Expressive Calm,Expressive Competent,Expressive Loud,Expressive Playful,Expressive Rugged,Expressive Sincere,Expressive Stiff,Quality Concept,Quality Drawing,Quality Spacing	https://fonts.google.com/specimen/Noto+Sans+SC
Noto Sans Sharada	?	OFL (kiem lai METADATA.pb cua font do truoc khi dung)	Expressive Business,Expressive Calm,Expressive Competent,Expressive Loud,Expressive Rugged,Expressive Sincere,Expressive Stiff,Quality Concept,Quality Drawing,Quality Spacing,Quality Wordspace,Sans Humanist	https://fonts.google.com/specimen/Noto+Sans+Sharada
Noto Sans Shavian	?	OFL (kiem lai METADATA.pb cua font do truoc khi dung)	Expressive Business,Expressive Calm,Expressive Competent,Expressive Loud,Expressive Rugged,Expressive Sincere,Expressive Stiff,Quality Concept,Quality Drawing,Quality Spacing,Quality Wordspace,Sans Humanist	https://fonts.google.com/specimen/Noto+Sans+Shavian
Noto Sans Siddham	?	OFL (kiem lai METADATA.pb cua font do truoc khi dung)	Expressive Business,Expressive Calm,Expressive Competent,Expressive Loud,Expressive Rugged,Expressive Sincere,Expressive Stiff,Quality Concept,Quality Drawing,Quality Spacing,Quality Wordspace,Sans Humanist	https://fonts.google.com/specimen/Noto+Sans+Siddham
Noto Sans SignWriting	?	OFL (kiem lai METADATA.pb cua font do truoc khi dung)	Expressive Business,Expressive Calm,Expressive Competent,Expressive Loud,Expressive Rugged,Expressive Sincere,Expressive Stiff,Quality Concept,Quality Drawing,Quality Spacing,Quality Wordspace,Sans Humanist	https://fonts.google.com/specimen/Noto+Sans+SignWriting
Noto Sans Sinhala	?	OFL (kiem lai METADATA.pb cua font do truoc khi dung)	wght@62.5,wght@100,Expressive Playful,Expressive Stiff,Quality Concept,Quality Drawing,Quality Spacing,Quality Wordspace,Sans Humanist	https://fonts.google.com/specimen/Noto+Sans+Sinhala
Noto Sans Sogdian	?	OFL (kiem lai METADATA.pb cua font do truoc khi dung)	Expressive Business,Expressive Calm,Expressive Competent,Expressive Loud,Expressive Rugged,Expressive Sincere,Expressive Stiff,Quality Concept,Quality Drawing,Quality Spacing,Quality Wordspace,Sans Humanist	https://fonts.google.com/specimen/Noto+Sans+Sogdian
Noto Sans Sora Sompeng	?	OFL (kiem lai METADATA.pb cua font do truoc khi dung)	Expressive Awkward,Expressive Business,Expressive Calm,Expressive Competent,Expressive Loud,Expressive Playful,Expressive Rugged,Expressive Sincere,Expressive Stiff,Quality Concept,Quality Drawing,Quality Spacing	https://fonts.google.com/specimen/Noto+Sans+Sora+Sompeng
Noto Sans Soyombo	?	OFL (kiem lai METADATA.pb cua font do truoc khi dung)	Expressive Business,Expressive Calm,Expressive Competent,Expressive Loud,Expressive Rugged,Expressive Sincere,Expressive Stiff,Quality Concept,Quality Drawing,Quality Spacing,Quality Wordspace,Sans Humanist	https://fonts.google.com/specimen/Noto+Sans+Soyombo
Noto Sans Sundanese	?	OFL (kiem lai METADATA.pb cua font do truoc khi dung)	Expressive Awkward,Expressive Business,Expressive Calm,Expressive Competent,Expressive Loud,Expressive Playful,Expressive Rugged,Expressive Sincere,Expressive Stiff,Quality Concept,Quality Drawing,Quality Spacing	https://fonts.google.com/specimen/Noto+Sans+Sundanese
Noto Sans Sunuwar	?	OFL (kiem lai METADATA.pb cua font do truoc khi dung)	Expressive Business,Expressive Calm,Expressive Competent,Expressive Loud,Expressive Rugged,Expressive Sincere,Expressive Stiff,Quality Concept,Quality Drawing,Quality Spacing,Quality Wordspace,Sans Humanist	https://fonts.google.com/specimen/Noto+Sans+Sunuwar
Noto Sans Syloti Nagri	?	OFL (kiem lai METADATA.pb cua font do truoc khi dung)	Expressive Business,Expressive Calm,Expressive Competent,Expressive Loud,Expressive Rugged,Expressive Sincere,Expressive Stiff,Quality Concept,Quality Drawing,Quality Spacing,Quality Wordspace,Sans Humanist	https://fonts.google.com/specimen/Noto+Sans+Syloti+Nagri
Noto Sans Symbols	?	OFL (kiem lai METADATA.pb cua font do truoc khi dung)	Expressive Awkward,Expressive Business,Expressive Calm,Expressive Competent,Expressive Playful,Expressive Rugged,Expressive Stiff,Quality Concept,Quality Drawing,Quality Spacing,Quality Wordspace,Sans Humanist	https://fonts.google.com/specimen/Noto+Sans+Symbols
Noto Sans Symbols 2	?	OFL (kiem lai METADATA.pb cua font do truoc khi dung)	Expressive Business,Expressive Calm,Expressive Competent,Expressive Loud,Expressive Rugged,Expressive Stiff,Quality Concept,Quality Drawing,Quality Spacing,Quality Wordspace,Special use Symbols	https://fonts.google.com/specimen/Noto+Sans+Symbols+2
Noto Sans Syriac	?	OFL (kiem lai METADATA.pb cua font do truoc khi dung)	Expressive Awkward,Expressive Business,Expressive Calm,Expressive Competent,Expressive Loud,Expressive Playful,Expressive Rugged,Expressive Sincere,Expressive Stiff,Quality Concept,Quality Drawing,Quality Spacing	https://fonts.google.com/specimen/Noto+Sans+Syriac
Noto Sans Syriac Eastern	?	OFL (kiem lai METADATA.pb cua font do truoc khi dung)	Expressive Awkward,Expressive Business,Expressive Calm,Expressive Competent,Expressive Loud,Expressive Playful,Expressive Rugged,Expressive Sincere,Expressive Stiff,Quality Concept,Quality Drawing,Quality Spacing	https://fonts.google.com/specimen/Noto+Sans+Syriac+Eastern
Noto Sans Syriac Western	?	OFL (kiem lai METADATA.pb cua font do truoc khi dung)	Expressive Awkward,Expressive Business,Expressive Calm,Expressive Competent,Expressive Loud,Expressive Playful,Expressive Rugged,Expressive Sincere,Expressive Stiff,Quality Concept,Quality Drawing,Quality Spacing	https://fonts.google.com/specimen/Noto+Sans+Syriac+Western
Noto Sans Tagalog	?	OFL (kiem lai METADATA.pb cua font do truoc khi dung)	Expressive Business,Expressive Calm,Expressive Competent,Expressive Loud,Expressive Rugged,Expressive Sincere,Expressive Stiff,Quality Concept,Quality Drawing,Quality Spacing,Quality Wordspace,Sans Humanist	https://fonts.google.com/specimen/Noto+Sans+Tagalog
Noto Sans Tagbanwa	?	OFL (kiem lai METADATA.pb cua font do truoc khi dung)	Expressive Business,Expressive Calm,Expressive Competent,Expressive Loud,Expressive Rugged,Expressive Sincere,Expressive Stiff,Quality Concept,Quality Drawing,Quality Spacing,Quality Wordspace,Sans Humanist	https://fonts.google.com/specimen/Noto+Sans+Tagbanwa
Noto Sans Tai Le	?	OFL (kiem lai METADATA.pb cua font do truoc khi dung)	Expressive Business,Expressive Calm,Expressive Competent,Expressive Loud,Expressive Rugged,Expressive Sincere,Expressive Stiff,Quality Concept,Quality Drawing,Quality Spacing,Quality Wordspace,Sans Humanist	https://fonts.google.com/specimen/Noto+Sans+Tai+Le
Noto Sans Tai Tham	?	OFL (kiem lai METADATA.pb cua font do truoc khi dung)	Expressive Awkward,Expressive Business,Expressive Calm,Expressive Competent,Expressive Loud,Expressive Playful,Expressive Rugged,Expressive Sincere,Expressive Stiff,Quality Concept,Quality Drawing,Quality Spacing	https://fonts.google.com/specimen/Noto+Sans+Tai+Tham
Noto Sans Tai Viet	?	OFL (kiem lai METADATA.pb cua font do truoc khi dung)	Expressive Business,Expressive Calm,Expressive Competent,Expressive Loud,Expressive Rugged,Expressive Sincere,Expressive Stiff,Quality Concept,Quality Drawing,Quality Spacing,Quality Wordspace,Sans Humanist	https://fonts.google.com/specimen/Noto+Sans+Tai+Viet
Noto Sans Takri	?	OFL (kiem lai METADATA.pb cua font do truoc khi dung)	Expressive Business,Expressive Calm,Expressive Competent,Expressive Loud,Expressive Rugged,Expressive Sincere,Expressive Stiff,Quality Concept,Quality Drawing,Quality Spacing,Quality Wordspace,Sans Humanist	https://fonts.google.com/specimen/Noto+Sans+Takri
Noto Sans Tamil	?	OFL (kiem lai METADATA.pb cua font do truoc khi dung)	wght@62.5,wght@100,Expressive Playful,Expressive Stiff,Quality Concept,Quality Drawing,Quality Spacing,Quality Wordspace,Sans Humanist	https://fonts.google.com/specimen/Noto+Sans+Tamil
Noto Sans Tamil Supplement	?	OFL (kiem lai METADATA.pb cua font do truoc khi dung)	Expressive Business,Expressive Calm,Expressive Competent,Expressive Loud,Expressive Rugged,Expressive Sincere,Expressive Stiff,Quality Concept,Quality Drawing,Quality Spacing,Quality Wordspace,Sans Humanist	https://fonts.google.com/specimen/Noto+Sans+Tamil+Supplement
Noto Sans Tangsa	?	OFL (kiem lai METADATA.pb cua font do truoc khi dung)	Expressive Awkward,Expressive Business,Expressive Calm,Expressive Competent,Expressive Futuristic,Expressive Loud,Expressive Playful,Expressive Rugged,Expressive Sincere,Expressive Stiff,Quality Concept,Quality Drawing	https://fonts.google.com/specimen/Noto+Sans+Tangsa
Noto Sans TC	?	OFL (kiem lai METADATA.pb cua font do truoc khi dung)	Expressive Awkward,Expressive Business,Expressive Calm,Expressive Competent,Expressive Loud,Expressive Playful,Expressive Rugged,Expressive Sincere,Expressive Stiff,Quality Concept,Quality Drawing,Quality Spacing	https://fonts.google.com/specimen/Noto+Sans+TC
Noto Sans Telugu	?	OFL (kiem lai METADATA.pb cua font do truoc khi dung)	wght@62.5,wght@100,Expressive Playful,Expressive Stiff,Quality Concept,Quality Drawing,Quality Spacing,Quality Wordspace,Sans Humanist	https://fonts.google.com/specimen/Noto+Sans+Telugu
Noto Sans Thaana	?	OFL (kiem lai METADATA.pb cua font do truoc khi dung)	Expressive Awkward,Expressive Business,Expressive Calm,Expressive Competent,Expressive Futuristic,Expressive Loud,Expressive Playful,Expressive Rugged,Expressive Sincere,Expressive Stiff,Quality Concept,Quality Drawing	https://fonts.google.com/specimen/Noto+Sans+Thaana
Noto Sans Thai	?	OFL (kiem lai METADATA.pb cua font do truoc khi dung)	wght@62.5,wght@100,Expressive Playful,Expressive Stiff,Quality Concept,Quality Drawing,Quality Spacing,Quality Wordspace,Sans Humanist	https://fonts.google.com/specimen/Noto+Sans+Thai
Noto Sans Thai Looped	?	OFL (kiem lai METADATA.pb cua font do truoc khi dung)	wght@62.5,wght@100,Expressive Playful,Expressive Stiff,Quality Concept,Quality Drawing,Quality Spacing,Quality Wordspace,Sans Humanist	https://fonts.google.com/specimen/Noto+Sans+Thai+Looped
Noto Sans Tifinagh	?	OFL (kiem lai METADATA.pb cua font do truoc khi dung)	Expressive Business,Expressive Calm,Expressive Competent,Expressive Futuristic,Expressive Loud,Expressive Rugged,Expressive Sincere,Expressive Stiff,Quality Concept,Quality Drawing,Quality Spacing,Quality Wordspace	https://fonts.google.com/specimen/Noto+Sans+Tifinagh
Noto Sans Tirhuta	?	OFL (kiem lai METADATA.pb cua font do truoc khi dung)	Expressive Business,Expressive Calm,Expressive Competent,Expressive Futuristic,Expressive Loud,Expressive Rugged,Expressive Sincere,Expressive Stiff,Quality Concept,Quality Drawing,Quality Spacing,Quality Wordspace	https://fonts.google.com/specimen/Noto+Sans+Tirhuta
Noto Sans Ugaritic	?	OFL (kiem lai METADATA.pb cua font do truoc khi dung)	Expressive Business,Expressive Calm,Expressive Competent,Expressive Futuristic,Expressive Loud,Expressive Rugged,Expressive Sincere,Expressive Stiff,Quality Concept,Quality Drawing,Quality Spacing,Quality Wordspace	https://fonts.google.com/specimen/Noto+Sans+Ugaritic
Noto Sans Vai	?	OFL (kiem lai METADATA.pb cua font do truoc khi dung)	Expressive Business,Expressive Calm,Expressive Competent,Expressive Futuristic,Expressive Loud,Expressive Rugged,Expressive Sincere,Expressive Stiff,Quality Concept,Quality Drawing,Quality Spacing,Quality Wordspace	https://fonts.google.com/specimen/Noto+Sans+Vai
Noto Sans Vithkuqi	?	OFL (kiem lai METADATA.pb cua font do truoc khi dung)	Expressive Awkward,Expressive Business,Expressive Calm,Expressive Competent,Expressive Futuristic,Expressive Loud,Expressive Playful,Expressive Rugged,Expressive Sincere,Expressive Stiff,Quality Concept,Quality Drawing	https://fonts.google.com/specimen/Noto+Sans+Vithkuqi
Noto Sans Wancho	?	OFL (kiem lai METADATA.pb cua font do truoc khi dung)	Expressive Business,Expressive Calm,Expressive Competent,Expressive Futuristic,Expressive Loud,Expressive Rugged,Expressive Sincere,Expressive Stiff,Quality Concept,Quality Drawing,Quality Spacing,Quality Wordspace	https://fonts.google.com/specimen/Noto+Sans+Wancho
Noto Sans Warang Citi	?	OFL (kiem lai METADATA.pb cua font do truoc khi dung)	Expressive Business,Expressive Calm,Expressive Competent,Expressive Futuristic,Expressive Loud,Expressive Rugged,Expressive Sincere,Expressive Stiff,Quality Concept,Quality Drawing,Quality Spacing,Quality Wordspace	https://fonts.google.com/specimen/Noto+Sans+Warang+Citi
Noto Sans Yi	?	OFL (kiem lai METADATA.pb cua font do truoc khi dung)	Expressive Business,Expressive Calm,Expressive Competent,Expressive Futuristic,Expressive Loud,Expressive Rugged,Expressive Sincere,Expressive Stiff,Quality Concept,Quality Drawing,Quality Spacing,Quality Wordspace	https://fonts.google.com/specimen/Noto+Sans+Yi
Noto Sans Zanabazar Square	?	OFL (kiem lai METADATA.pb cua font do truoc khi dung)	Expressive Business,Expressive Calm,Expressive Competent,Expressive Futuristic,Expressive Loud,Expressive Rugged,Expressive Sincere,Expressive Stiff,Quality Concept,Quality Drawing,Quality Spacing,Quality Wordspace	https://fonts.google.com/specimen/Noto+Sans+Zanabazar+Square
Noto Serif	?	OFL (kiem lai METADATA.pb cua font do truoc khi dung)	wght@62.5,wght@100,Expressive Playful,Quality Concept,Quality Drawing,Quality Spacing,Quality Wordspace,Serif Transitional	https://fonts.google.com/specimen/Noto+Serif
Noto Serif Ahom	?	OFL (kiem lai METADATA.pb cua font do truoc khi dung)	Expressive Business,Expressive Competent,Expressive Loud,Expressive Rugged,Expressive Sincere,Expressive Vintage,Quality Concept,Quality Drawing,Quality Spacing,Quality Wordspace,Serif Transitional	https://fonts.google.com/specimen/Noto+Serif+Ahom
Noto Serif Armenian	?	OFL (kiem lai METADATA.pb cua font do truoc khi dung)	wght@62.5,wght@100,Expressive Playful,Quality Concept,Quality Drawing,Quality Spacing,Quality Wordspace,Serif Transitional	https://fonts.google.com/specimen/Noto+Serif+Armenian
Noto Serif Balinese	?	OFL (kiem lai METADATA.pb cua font do truoc khi dung)	Expressive Business,Expressive Competent,Expressive Loud,Expressive Rugged,Expressive Sincere,Expressive Vintage,Quality Concept,Quality Drawing,Quality Spacing,Quality Wordspace,Serif Transitional	https://fonts.google.com/specimen/Noto+Serif+Balinese
Noto Serif Bengali	?	OFL (kiem lai METADATA.pb cua font do truoc khi dung)	wght@62.5,wght@100,Expressive Playful,Quality Concept,Quality Drawing,Quality Spacing,Quality Wordspace,Serif Transitional	https://fonts.google.com/specimen/Noto+Serif+Bengali
Noto Serif Devanagari	?	OFL (kiem lai METADATA.pb cua font do truoc khi dung)	wght@62.5,wght@100,Expressive Playful,Quality Concept,Quality Drawing,Quality Spacing,Quality Wordspace,Serif Transitional	https://fonts.google.com/specimen/Noto+Serif+Devanagari
Noto Serif Display	?	OFL (kiem lai METADATA.pb cua font do truoc khi dung)	wght@62.5,wght@100,Expressive Playful,Quality Concept,Quality Drawing,Quality Spacing,Quality Wordspace,Serif Transitional	https://fonts.google.com/specimen/Noto+Serif+Display
Noto Serif Dives Akuru	?	OFL (kiem lai METADATA.pb cua font do truoc khi dung)	Expressive Business,Expressive Competent,Expressive Loud,Expressive Rugged,Expressive Sincere,Expressive Vintage,Quality Concept,Quality Drawing,Quality Spacing,Quality Wordspace,Seasonal Diwali,Serif Transitional	https://fonts.google.com/specimen/Noto+Serif+Dives+Akuru
Noto Serif Dogra	?	OFL (kiem lai METADATA.pb cua font do truoc khi dung)	Expressive Business,Expressive Competent,Expressive Loud,Expressive Rugged,Expressive Sincere,Expressive Vintage,Quality Concept,Quality Drawing,Quality Spacing,Quality Wordspace,Serif Transitional	https://fonts.google.com/specimen/Noto+Serif+Dogra
Noto Serif Ethiopic	?	OFL (kiem lai METADATA.pb cua font do truoc khi dung)	wght@62.5,wght@100,Expressive Playful,Quality Concept,Quality Drawing,Quality Spacing,Quality Wordspace,Serif Transitional	https://fonts.google.com/specimen/Noto+Serif+Ethiopic
Noto Serif Georgian	?	OFL (kiem lai METADATA.pb cua font do truoc khi dung)	wght@62.5,wght@100,Expressive Playful,Quality Concept,Quality Drawing,Quality Spacing,Quality Wordspace,Serif Transitional	https://fonts.google.com/specimen/Noto+Serif+Georgian
Noto Serif Grantha	?	OFL (kiem lai METADATA.pb cua font do truoc khi dung)	Expressive Business,Expressive Competent,Expressive Loud,Expressive Rugged,Expressive Sincere,Expressive Vintage,Quality Concept,Quality Drawing,Quality Spacing,Quality Wordspace,Serif Transitional	https://fonts.google.com/specimen/Noto+Serif+Grantha
Noto Serif Gujarati	?	OFL (kiem lai METADATA.pb cua font do truoc khi dung)	Expressive Awkward,Expressive Business,Expressive Calm,Expressive Competent,Expressive Loud,Expressive Playful,Expressive Rugged,Expressive Sincere,Expressive Vintage,Quality Concept,Quality Drawing,Quality Spacing	https://fonts.google.com/specimen/Noto+Serif+Gujarati
Noto Serif Gurmukhi	?	OFL (kiem lai METADATA.pb cua font do truoc khi dung)	Expressive Awkward,Expressive Business,Expressive Calm,Expressive Competent,Expressive Loud,Expressive Playful,Expressive Rugged,Expressive Sincere,Expressive Vintage,Quality Concept,Quality Drawing,Quality Spacing	https://fonts.google.com/specimen/Noto+Serif+Gurmukhi
Noto Serif Hebrew	?	OFL (kiem lai METADATA.pb cua font do truoc khi dung)	wght@62.5,wght@100,Expressive Playful,Quality Concept,Quality Drawing,Quality Spacing,Quality Wordspace,Serif Transitional	https://fonts.google.com/specimen/Noto+Serif+Hebrew
Noto Serif Hentaigana	?	OFL (kiem lai METADATA.pb cua font do truoc khi dung)	Expressive Artistic,Expressive Awkward,Expressive Business,Expressive Calm,Expressive Competent,Expressive Loud,Expressive Playful,Expressive Rugged,Expressive Sincere,Expressive Vintage,Quality Concept,Quality Drawing	https://fonts.google.com/specimen/Noto+Serif+Hentaigana
Noto Serif HK	?	OFL (kiem lai METADATA.pb cua font do truoc khi dung)	Expressive Awkward,Expressive Business,Expressive Calm,Expressive Competent,Expressive Loud,Expressive Playful,Expressive Rugged,Expressive Sincere,Expressive Vintage,Quality Concept,Quality Drawing,Quality Spacing	https://fonts.google.com/specimen/Noto+Serif+HK
Noto Serif JP	?	OFL (kiem lai METADATA.pb cua font do truoc khi dung)	Expressive Awkward,Expressive Business,Expressive Calm,Expressive Competent,Expressive Loud,Expressive Playful,Expressive Rugged,Expressive Sincere,Expressive Vintage,Quality Concept,Quality Drawing,Quality Spacing	https://fonts.google.com/specimen/Noto+Serif+JP
Noto Serif Kannada	?	OFL (kiem lai METADATA.pb cua font do truoc khi dung)	Expressive Awkward,Expressive Business,Expressive Calm,Expressive Competent,Expressive Loud,Expressive Playful,Expressive Rugged,Expressive Sincere,Expressive Vintage,Quality Concept,Quality Drawing,Quality Spacing	https://fonts.google.com/specimen/Noto+Serif+Kannada
Noto Serif Khitan Small Script	?	OFL (kiem lai METADATA.pb cua font do truoc khi dung)	Expressive Business,Expressive Competent,Expressive Loud,Expressive Rugged,Expressive Sincere,Expressive Vintage,Quality Concept,Quality Drawing,Quality Spacing,Quality Wordspace,Serif Transitional	https://fonts.google.com/specimen/Noto+Serif+Khitan+Small+Script
Noto Serif Khmer	?	OFL (kiem lai METADATA.pb cua font do truoc khi dung)	wght@62.5,wght@100,Expressive Playful,Quality Concept,Quality Drawing,Quality Spacing,Quality Wordspace,Serif Transitional	https://fonts.google.com/specimen/Noto+Serif+Khmer
Noto Serif Khojki	?	OFL (kiem lai METADATA.pb cua font do truoc khi dung)	Expressive Awkward,Expressive Business,Expressive Calm,Expressive Competent,Expressive Loud,Expressive Playful,Expressive Rugged,Expressive Sincere,Expressive Vintage,Quality Concept,Quality Drawing,Quality Spacing	https://fonts.google.com/specimen/Noto+Serif+Khojki
Noto Serif KR	?	OFL (kiem lai METADATA.pb cua font do truoc khi dung)	Expressive Awkward,Expressive Business,Expressive Calm,Expressive Competent,Expressive Loud,Expressive Playful,Expressive Rugged,Expressive Sincere,Expressive Vintage,Quality Concept,Quality Drawing,Quality Spacing	https://fonts.google.com/specimen/Noto+Serif+KR
Noto Serif Lao	?	OFL (kiem lai METADATA.pb cua font do truoc khi dung)	wght@62.5,wght@100,Expressive Playful,Quality Concept,Quality Drawing,Quality Spacing,Quality Wordspace,Serif Transitional	https://fonts.google.com/specimen/Noto+Serif+Lao
Noto Serif Makasar	?	OFL (kiem lai METADATA.pb cua font do truoc khi dung)	Expressive Business,Expressive Competent,Expressive Loud,Expressive Rugged,Expressive Sincere,Expressive Vintage,Quality Concept,Quality Drawing,Quality Spacing,Quality Wordspace,Serif Transitional	https://fonts.google.com/specimen/Noto+Serif+Makasar
Noto Serif Malayalam	?	OFL (kiem lai METADATA.pb cua font do truoc khi dung)	Expressive Awkward,Expressive Business,Expressive Calm,Expressive Competent,Expressive Loud,Expressive Playful,Expressive Rugged,Expressive Sincere,Expressive Vintage,Quality Concept,Quality Drawing,Quality Spacing	https://fonts.google.com/specimen/Noto+Serif+Malayalam
Noto Serif Myanmar	?	OFL (kiem lai METADATA.pb cua font do truoc khi dung)	Expressive Business,Expressive Competent,Expressive Loud,Expressive Rugged,Expressive Sincere,Expressive Vintage,Quality Concept,Quality Drawing,Quality Spacing,Quality Wordspace,Serif Transitional	https://fonts.google.com/specimen/Noto+Serif+Myanmar
Noto Serif NP Hmong	?	OFL (kiem lai METADATA.pb cua font do truoc khi dung)	Expressive Awkward,Expressive Business,Expressive Calm,Expressive Competent,Expressive Loud,Expressive Playful,Expressive Rugged,Expressive Sincere,Expressive Vintage,Quality Concept,Quality Drawing,Quality Spacing	https://fonts.google.com/specimen/Noto+Serif+NP+Hmong
Noto Serif Old Uyghur	?	OFL (kiem lai METADATA.pb cua font do truoc khi dung)	Expressive Business,Expressive Competent,Expressive Loud,Expressive Rugged,Expressive Sincere,Expressive Vintage,Quality Concept,Quality Drawing,Quality Spacing,Quality Wordspace,Serif Transitional	https://fonts.google.com/specimen/Noto+Serif+Old+Uyghur
Noto Serif Oriya	?	OFL (kiem lai METADATA.pb cua font do truoc khi dung)	Expressive Awkward,Expressive Business,Expressive Calm,Expressive Competent,Expressive Loud,Expressive Playful,Expressive Rugged,Expressive Sincere,Expressive Vintage,Quality Concept,Quality Drawing,Quality Spacing	https://fonts.google.com/specimen/Noto+Serif+Oriya
Noto Serif Ottoman Siyaq	?	OFL (kiem lai METADATA.pb cua font do truoc khi dung)	Expressive Business,Expressive Competent,Expressive Loud,Expressive Rugged,Expressive Sincere,Expressive Vintage,Quality Concept,Quality Drawing,Quality Spacing,Quality Wordspace,Serif Transitional	https://fonts.google.com/specimen/Noto+Serif+Ottoman+Siyaq
Noto Serif SC	?	OFL (kiem lai METADATA.pb cua font do truoc khi dung)	Expressive Awkward,Expressive Business,Expressive Calm,Expressive Competent,Expressive Loud,Expressive Playful,Expressive Rugged,Expressive Sincere,Expressive Vintage,Quality Concept,Quality Drawing,Quality Spacing	https://fonts.google.com/specimen/Noto+Serif+SC
Noto Serif Sinhala	?	OFL (kiem lai METADATA.pb cua font do truoc khi dung)	wght@62.5,wght@100,Expressive Playful,Quality Concept,Quality Drawing,Quality Spacing,Quality Wordspace,Serif Transitional	https://fonts.google.com/specimen/Noto+Serif+Sinhala
Noto Serif Tamil	?	OFL (kiem lai METADATA.pb cua font do truoc khi dung)	wght@62.5,wght@100,Expressive Playful,Quality Concept,Quality Drawing,Quality Spacing,Quality Wordspace,Serif Transitional	https://fonts.google.com/specimen/Noto+Serif+Tamil
Noto Serif Tangut	?	OFL (kiem lai METADATA.pb cua font do truoc khi dung)	Expressive Business,Expressive Competent,Expressive Loud,Expressive Rugged,Expressive Sincere,Expressive Vintage,Quality Concept,Quality Drawing,Quality Spacing,Quality Wordspace,Serif Transitional	https://fonts.google.com/specimen/Noto+Serif+Tangut
Noto Serif TC	?	OFL (kiem lai METADATA.pb cua font do truoc khi dung)	Expressive Awkward,Expressive Business,Expressive Calm,Expressive Competent,Expressive Loud,Expressive Playful,Expressive Rugged,Expressive Sincere,Expressive Vintage,Quality Concept,Quality Drawing,Quality Spacing	https://fonts.google.com/specimen/Noto+Serif+TC
Noto Serif Telugu	?	OFL (kiem lai METADATA.pb cua font do truoc khi dung)	Expressive Awkward,Expressive Business,Expressive Calm,Expressive Competent,Expressive Loud,Expressive Playful,Expressive Rugged,Expressive Sincere,Expressive Vintage,Quality Concept,Quality Drawing,Quality Spacing	https://fonts.google.com/specimen/Noto+Serif+Telugu
Noto Serif Thai	?	OFL (kiem lai METADATA.pb cua font do truoc khi dung)	wght@62.5,wght@100,Expressive Playful,Quality Concept,Quality Drawing,Quality Spacing,Quality Wordspace,Serif Transitional	https://fonts.google.com/specimen/Noto+Serif+Thai
Noto Serif Tibetan	?	OFL (kiem lai METADATA.pb cua font do truoc khi dung)	Expressive Awkward,Expressive Business,Expressive Calm,Expressive Competent,Expressive Loud,Expressive Playful,Expressive Rugged,Expressive Sincere,Expressive Vintage,Quality Concept,Quality Drawing,Quality Spacing	https://fonts.google.com/specimen/Noto+Serif+Tibetan
Noto Serif Todhri	?	OFL (kiem lai METADATA.pb cua font do truoc khi dung)	Expressive Business,Expressive Competent,Expressive Loud,Expressive Rugged,Expressive Sincere,Expressive Vintage,Quality Concept,Quality Drawing,Quality Spacing,Quality Wordspace	https://fonts.google.com/specimen/Noto+Serif+Todhri
Noto Serif Toto	?	OFL (kiem lai METADATA.pb cua font do truoc khi dung)	Expressive Awkward,Expressive Business,Expressive Calm,Expressive Competent,Expressive Loud,Expressive Playful,Expressive Rugged,Expressive Sincere,Expressive Vintage,Quality Concept,Quality Drawing,Quality Spacing	https://fonts.google.com/specimen/Noto+Serif+Toto
Noto Serif Vithkuqi	?	OFL (kiem lai METADATA.pb cua font do truoc khi dung)	Expressive Awkward,Expressive Business,Expressive Calm,Expressive Competent,Expressive Loud,Expressive Playful,Expressive Rugged,Expressive Sincere,Expressive Vintage,Quality Concept,Quality Drawing,Quality Spacing	https://fonts.google.com/specimen/Noto+Serif+Vithkuqi
Noto Serif Yezidi	?	OFL (kiem lai METADATA.pb cua font do truoc khi dung)	Expressive Awkward,Expressive Business,Expressive Calm,Expressive Competent,Expressive Loud,Expressive Playful,Expressive Rugged,Expressive Sincere,Expressive Vintage,Quality Concept,Quality Drawing,Quality Spacing	https://fonts.google.com/specimen/Noto+Serif+Yezidi
Noto Traditional Nushu	?	OFL (kiem lai METADATA.pb cua font do truoc khi dung)	Expressive Awkward,Expressive Business,Expressive Calm,Expressive Competent,Expressive Loud,Expressive Playful,Expressive Rugged,Expressive Sincere,Expressive Stiff,Expressive Vintage,Quality Concept,Quality Drawing	https://fonts.google.com/specimen/Noto+Traditional+Nushu
Noto Znamenny Musical Notation	?	OFL (kiem lai METADATA.pb cua font do truoc khi dung)	Expressive Business,Expressive Calm,Expressive Competent,Expressive Loud,Expressive Rugged,Expressive Stiff,Quality Concept,Quality Drawing,Quality Spacing,Quality Wordspace,Sans Humanist	https://fonts.google.com/specimen/Noto+Znamenny+Musical+Notation
Nova Cut	?	OFL (kiem lai METADATA.pb cua font do truoc khi dung)	Expressive Awkward,Expressive Loud,Expressive Rugged,Expressive Stiff,Expressive Vintage,Quality Concept,Quality Drawing,Quality Spacing,Quality Wordspace,Theme Blackletter	https://fonts.google.com/specimen/Nova+Cut
Nova Flat	?	OFL (kiem lai METADATA.pb cua font do truoc khi dung)	Expressive Awkward,Expressive Futuristic,Expressive Loud,Expressive Rugged,Expressive Stiff,Expressive Vintage,Quality Concept,Quality Drawing,Quality Spacing,Quality Wordspace,Theme Blackletter,Theme Techno	https://fonts.google.com/specimen/Nova+Flat
Nova Mono	?	OFL (kiem lai METADATA.pb cua font do truoc khi dung)	Expressive Awkward,Expressive Futuristic,Expressive Loud,Expressive Playful,Expressive Rugged,Expressive Stiff,Expressive Vintage,Monospace Monospace,Quality Concept,Quality Drawing,Quality Spacing,Quality Wordspace	https://fonts.google.com/specimen/Nova+Mono
Nova Oval	?	OFL (kiem lai METADATA.pb cua font do truoc khi dung)	Expressive Awkward,Expressive Futuristic,Expressive Loud,Expressive Playful,Expressive Rugged,Expressive Vintage,Quality Concept,Quality Drawing,Quality Spacing,Quality Wordspace,Theme Blackletter,Theme Medieval	https://fonts.google.com/specimen/Nova+Oval
Nova Round	?	OFL (kiem lai METADATA.pb cua font do truoc khi dung)	Expressive Awkward,Expressive Business,Expressive Calm,Expressive Futuristic,Expressive Loud,Expressive Rugged,Expressive Stiff,Expressive Vintage,Quality Concept,Quality Drawing,Quality Spacing,Quality Wordspace	https://fonts.google.com/specimen/Nova+Round
Nova Script	?	OFL (kiem lai METADATA.pb cua font do truoc khi dung)	Expressive Active,Expressive Awkward,Expressive Loud,Expressive Playful,Expressive Rugged,Expressive Vintage,Quality Concept,Quality Drawing,Quality Spacing,Quality Wordspace,Theme Medieval,Theme Techno	https://fonts.google.com/specimen/Nova+Script
Nova Slim	?	OFL (kiem lai METADATA.pb cua font do truoc khi dung)	Expressive Awkward,Expressive Business,Expressive Rugged,Expressive Stiff,Expressive Vintage,Quality Concept,Quality Drawing,Quality Spacing,Quality Wordspace	https://fonts.google.com/specimen/Nova+Slim
Nova Square	?	OFL (kiem lai METADATA.pb cua font do truoc khi dung)	Expressive Awkward,Expressive Futuristic,Expressive Loud,Expressive Rugged,Expressive Stiff,Expressive Vintage,Quality Concept,Quality Drawing,Quality Spacing,Quality Wordspace,Theme Techno	https://fonts.google.com/specimen/Nova+Square
NTR	?	OFL (kiem lai METADATA.pb cua font do truoc khi dung)	Expressive Calm,Expressive Competent,Expressive Cute,Expressive Futuristic,Expressive Loud,Expressive Playful,Expressive Rugged,Expressive Vintage,Quality Concept,Quality Drawing,Quality Spacing,Quality Wordspace	https://fonts.google.com/specimen/NTR
Numans	?	OFL (kiem lai METADATA.pb cua font do truoc khi dung)	Expressive Business,Expressive Calm,Expressive Futuristic,Expressive Loud,Expressive Rugged,Expressive Vintage,Quality Concept,Quality Drawing,Quality Spacing,Quality Wordspace,Sans Geometric,Sans Grotesque	https://fonts.google.com/specimen/Numans
Nunito	?	OFL (kiem lai METADATA.pb cua font do truoc khi dung)	Expressive Awkward,Expressive Business,Expressive Calm,Expressive Competent,Expressive Cute,Expressive Happy,Expressive Loud,Expressive Playful,Expressive Rugged,Expressive Sincere,Expressive Vintage,Quality Concept	https://fonts.google.com/specimen/Nunito
Nunito Sans	?	OFL (kiem lai METADATA.pb cua font do truoc khi dung)	wght@75,wght@125,Expressive Playful,Quality Concept,Quality Drawing,Quality Spacing,Quality Wordspace,Sans Humanist,Sans Neo Grotesque,Sans Rounded	https://fonts.google.com/specimen/Nunito+Sans
Nuosu SIL	?	OFL (kiem lai METADATA.pb cua font do truoc khi dung)	Expressive Business,Expressive Competent,Expressive Loud,Expressive Rugged,Expressive Vintage,Quality Concept,Quality Drawing,Quality Spacing,Quality Wordspace,Serif Old Style Garalde,Serif Transitional	https://fonts.google.com/specimen/Nuosu+SIL
Odibee Sans	?	OFL (kiem lai METADATA.pb cua font do truoc khi dung)	Expressive Awkward,Expressive Futuristic,Expressive Loud,Expressive Rugged,Expressive Stiff,Expressive Vintage,Quality Concept,Quality Drawing,Quality Spacing,Quality Wordspace,Theme Blackletter	https://fonts.google.com/specimen/Odibee+Sans
Odor Mean Chey	?	OFL (kiem lai METADATA.pb cua font do truoc khi dung)	Expressive Excited,Expressive Loud,Expressive Rugged,Expressive Stiff,Expressive Vintage,Quality Concept,Quality Drawing,Quality Spacing,Quality Wordspace	https://fonts.google.com/specimen/Odor+Mean+Chey
Offside	?	OFL (kiem lai METADATA.pb cua font do truoc khi dung)	Expressive Active,Expressive Awkward,Expressive Calm,Expressive Futuristic,Expressive Rugged,Expressive Stiff,Expressive Vintage,Quality Concept,Quality Drawing,Quality Spacing,Quality Wordspace,Sans Superellipse	https://fonts.google.com/specimen/Offside
Oi	?	OFL (kiem lai METADATA.pb cua font do truoc khi dung)	Expressive Awkward,Expressive Cute,Expressive Excited,Expressive Happy,Expressive Innovative,Expressive Loud,Expressive Playful,Expressive Rugged,Expressive Vintage,Quality Concept,Quality Drawing,Quality Spacing	https://fonts.google.com/specimen/Oi
Ojuju	?	OFL (kiem lai METADATA.pb cua font do truoc khi dung)	Expressive Awkward,Expressive Calm,Expressive Competent,Expressive Cute,Expressive Excited,Expressive Happy,Expressive Playful,Expressive Rugged,Expressive Vintage,Quality Concept,Quality Drawing,Quality Spacing	https://fonts.google.com/specimen/Ojuju
Old Standard TT	?	OFL (kiem lai METADATA.pb cua font do truoc khi dung)	Expressive Business,Expressive Calm,Expressive Competent,Expressive Rugged,Expressive Sincere,Expressive Vintage,Quality Concept,Quality Drawing,Quality Spacing,Quality Wordspace,Serif Modern	https://fonts.google.com/specimen/Old+Standard+TT
Oldenburg	?	OFL (kiem lai METADATA.pb cua font do truoc khi dung)	Expressive Awkward,Expressive Business,Expressive Childlike,Expressive Competent,Expressive Cute,Expressive Excited,Expressive Happy,Expressive Loud,Expressive Playful,Expressive Rugged,Expressive Sincere,Expressive Vintage	https://fonts.google.com/specimen/Oldenburg
Ole	?	OFL (kiem lai METADATA.pb cua font do truoc khi dung)	Expressive Active,Expressive Artistic,Expressive Awkward,Expressive Cute,Expressive Excited,Expressive Happy,Expressive Playful,Expressive Rugged,Expressive Vintage,Quality Concept,Quality Drawing,Quality Spacing	https://fonts.google.com/specimen/Ole
Oleo Script	?	OFL (kiem lai METADATA.pb cua font do truoc khi dung)	Expressive Active,Expressive Cute,Expressive Happy,Expressive Loud,Expressive Playful,Expressive Rugged,Expressive Sincere,Expressive Vintage,Quality Concept,Quality Drawing,Quality Spacing,Quality Wordspace	https://fonts.google.com/specimen/Oleo+Script
Oleo Script Swash Caps	?	OFL (kiem lai METADATA.pb cua font do truoc khi dung)	Expressive Active,Expressive Cute,Expressive Excited,Expressive Fancy,Expressive Happy,Expressive Loud,Expressive Playful,Expressive Rugged,Expressive Sincere,Expressive Vintage,Quality Concept,Quality Drawing	https://fonts.google.com/specimen/Oleo+Script+Swash+Caps
Onest	?	OFL (kiem lai METADATA.pb cua font do truoc khi dung)	Expressive Awkward,Expressive Business,Expressive Calm,Expressive Competent,Expressive Loud,Expressive Playful,Expressive Rugged,Expressive Vintage,Quality Concept,Quality Drawing,Quality Spacing,Quality Wordspace	https://fonts.google.com/specimen/Onest
Oooh Baby	?	OFL (kiem lai METADATA.pb cua font do truoc khi dung)	Expressive Active,Expressive Awkward,Expressive Childlike,Expressive Cute,Expressive Excited,Expressive Happy,Expressive Playful,Expressive Sincere,Expressive Vintage,Quality Concept,Quality Drawing,Quality Spacing	https://fonts.google.com/specimen/Oooh+Baby
Open Sans	?	OFL (kiem lai METADATA.pb cua font do truoc khi dung)	wght@75,wght@100,Expressive Playful,Expressive Stiff,Quality Concept,Quality Drawing,Quality Spacing,Quality Wordspace,Sans Humanist,Sans Neo Grotesque,Seasonal Kwanzaa	https://fonts.google.com/specimen/Open+Sans
Oranienbaum	?	OFL (kiem lai METADATA.pb cua font do truoc khi dung)	Expressive Business,Expressive Competent,Expressive Rugged,Expressive Sincere,Expressive Stiff,Expressive Vintage,Quality Concept,Quality Drawing,Quality Spacing,Quality Wordspace,Serif Modern,Serif Scotch	https://fonts.google.com/specimen/Oranienbaum
Orbit	?	OFL (kiem lai METADATA.pb cua font do truoc khi dung)	Expressive Awkward,Expressive Futuristic,Expressive Innovative,Expressive Loud,Expressive Rugged,Expressive Stiff,Expressive Vintage,Quality Concept,Quality Drawing,Quality Spacing,Quality Wordspace,Sans Geometric	https://fonts.google.com/specimen/Orbit
Orbitron	?	OFL (kiem lai METADATA.pb cua font do truoc khi dung)	Expressive Awkward,Expressive Calm,Expressive Competent,Expressive Futuristic,Expressive Loud,Expressive Playful,Expressive Rugged,Expressive Stiff,Expressive Vintage,Quality Concept,Quality Drawing,Quality Spacing	https://fonts.google.com/specimen/Orbitron
Oregano	?	OFL (kiem lai METADATA.pb cua font do truoc khi dung)	Expressive Active,Expressive Artistic,Expressive Awkward,Expressive Childlike,Expressive Excited,Expressive Happy,Expressive Playful,Expressive Rugged,Expressive Sincere,Expressive Vintage,Quality Concept,Quality Drawing	https://fonts.google.com/specimen/Oregano
Orelega One	?	OFL (kiem lai METADATA.pb cua font do truoc khi dung)	Expressive Business,Expressive Competent,Expressive Loud,Expressive Rugged,Expressive Sincere,Expressive Vintage,Quality Concept,Quality Drawing,Quality Spacing,Quality Wordspace,Slab Clarendon	https://fonts.google.com/specimen/Orelega+One
Orienta	?	OFL (kiem lai METADATA.pb cua font do truoc khi dung)	Expressive Business,Expressive Calm,Expressive Competent,Expressive Loud,Expressive Rugged,Expressive Sincere,Expressive Vintage,Quality Concept,Quality Drawing,Quality Spacing,Quality Wordspace,Sans Humanist	https://fonts.google.com/specimen/Orienta
Original Surfer	?	OFL (kiem lai METADATA.pb cua font do truoc khi dung)	Expressive Active,Expressive Awkward,Expressive Excited,Expressive Happy,Expressive Loud,Expressive Playful,Expressive Rugged,Expressive Vintage,Quality Concept,Quality Drawing,Quality Spacing,Quality Wordspace	https://fonts.google.com/specimen/Original+Surfer
Oswald	?	OFL (kiem lai METADATA.pb cua font do truoc khi dung)	Expressive Active,Expressive Awkward,Expressive Business,Expressive Calm,Expressive Competent,Expressive Loud,Expressive Playful,Expressive Rugged,Expressive Stiff,Expressive Vintage,Quality Concept,Quality Drawing	https://fonts.google.com/specimen/Oswald
Outfit	?	OFL (kiem lai METADATA.pb cua font do truoc khi dung)	Expressive Awkward,Expressive Business,Expressive Calm,Expressive Competent,Expressive Loud,Expressive Playful,Expressive Rugged,Expressive Vintage,Quality Concept,Quality Drawing,Quality Spacing,Quality Wordspace	https://fonts.google.com/specimen/Outfit
Over the Rainbow	?	OFL (kiem lai METADATA.pb cua font do truoc khi dung)	Expressive Active,Expressive Artistic,Expressive Awkward,Expressive Childlike,Expressive Excited,Expressive Happy,Expressive Playful,Expressive Rugged,Expressive Sincere,Expressive Vintage,Quality Concept,Quality Drawing	https://fonts.google.com/specimen/Over+the+Rainbow
Overlock	?	OFL (kiem lai METADATA.pb cua font do truoc khi dung)	Expressive Business,Expressive Calm,Expressive Competent,Expressive Cute,Expressive Happy,Expressive Loud,Expressive Rugged,Expressive Vintage,Quality Concept,Quality Drawing,Quality Spacing,Quality Wordspace	https://fonts.google.com/specimen/Overlock
Overlock SC	?	OFL (kiem lai METADATA.pb cua font do truoc khi dung)	Expressive Business,Expressive Cute,Expressive Happy,Expressive Loud,Expressive Rugged,Expressive Vintage,Quality Concept,Quality Drawing,Quality Spacing,Quality Wordspace,Sans Humanist,Theme Brush	https://fonts.google.com/specimen/Overlock+SC
Overpass	?	OFL (kiem lai METADATA.pb cua font do truoc khi dung)	Expressive Awkward,Expressive Business,Expressive Calm,Expressive Competent,Expressive Loud,Expressive Playful,Expressive Rugged,Expressive Stiff,Expressive Vintage,Quality Concept,Quality Drawing,Quality Spacing	https://fonts.google.com/specimen/Overpass
Overpass Mono	?	OFL (kiem lai METADATA.pb cua font do truoc khi dung)	Expressive Awkward,Expressive Business,Expressive Calm,Expressive Competent,Expressive Futuristic,Expressive Loud,Expressive Playful,Expressive Rugged,Expressive Stiff,Expressive Vintage,Monospace Monospace,Quality Concept	https://fonts.google.com/specimen/Overpass+Mono
Ovo	?	OFL (kiem lai METADATA.pb cua font do truoc khi dung)	Expressive Business,Expressive Competent,Expressive Loud,Expressive Rugged,Expressive Vintage,Quality Concept,Quality Drawing,Quality Spacing,Quality Wordspace,Serif Humanist Venetian	https://fonts.google.com/specimen/Ovo
Oxanium	?	OFL (kiem lai METADATA.pb cua font do truoc khi dung)	Expressive Awkward,Expressive Calm,Expressive Competent,Expressive Futuristic,Expressive Loud,Expressive Playful,Expressive Rugged,Expressive Stiff,Expressive Vintage,Quality Concept,Quality Drawing,Quality Spacing	https://fonts.google.com/specimen/Oxanium
Oxygen	?	OFL (kiem lai METADATA.pb cua font do truoc khi dung)	Expressive Business,Expressive Calm,Expressive Competent,Expressive Loud,Expressive Rugged,Expressive Sincere,Expressive Stiff,Expressive Vintage,Quality Concept,Quality Drawing,Quality Spacing,Quality Wordspace	https://fonts.google.com/specimen/Oxygen
Oxygen Mono	?	OFL (kiem lai METADATA.pb cua font do truoc khi dung)	Expressive Business,Expressive Calm,Expressive Futuristic,Expressive Loud,Expressive Rugged,Expressive Stiff,Expressive Vintage,Monospace Monospace,Quality Concept,Quality Drawing,Quality Spacing,Quality Wordspace	https://fonts.google.com/specimen/Oxygen+Mono
Pacifico	?	OFL (kiem lai METADATA.pb cua font do truoc khi dung)	Expressive Active,Expressive Artistic,Expressive Childlike,Expressive Cute,Expressive Excited,Expressive Happy,Expressive Loud,Expressive Playful,Expressive Rugged,Expressive Sincere,Expressive Vintage,Quality Concept	https://fonts.google.com/specimen/Pacifico
Padauk	?	OFL (kiem lai METADATA.pb cua font do truoc khi dung)	Expressive Business,Expressive Calm,Expressive Competent,Expressive Loud,Expressive Rugged,Expressive Stiff,Expressive Vintage,Quality Concept,Quality Drawing,Quality Spacing,Quality Wordspace,Sans Geometric	https://fonts.google.com/specimen/Padauk
Padyakke Expanded One	?	OFL (kiem lai METADATA.pb cua font do truoc khi dung)	Expressive Active,Expressive Awkward,Expressive Cute,Expressive Excited,Expressive Happy,Expressive Playful,Expressive Rugged,Expressive Sincere,Expressive Stiff,Expressive Vintage,Quality Concept,Quality Drawing	https://fonts.google.com/specimen/Padyakke+Expanded+One
Palanquin	?	OFL (kiem lai METADATA.pb cua font do truoc khi dung)	Expressive Business,Expressive Calm,Expressive Competent,Expressive Loud,Expressive Rugged,Expressive Sincere,Expressive Stiff,Expressive Vintage,Quality Concept,Quality Drawing,Quality Spacing,Quality Wordspace	https://fonts.google.com/specimen/Palanquin
Palanquin Dark	?	OFL (kiem lai METADATA.pb cua font do truoc khi dung)	Expressive Calm,Expressive Competent,Expressive Loud,Expressive Rugged,Expressive Sincere,Expressive Stiff,Expressive Vintage,Quality Concept,Quality Drawing,Quality Spacing,Quality Wordspace,Sans Humanist	https://fonts.google.com/specimen/Palanquin+Dark
Palette Mosaic	?	OFL (kiem lai METADATA.pb cua font do truoc khi dung)	Expressive Awkward,Expressive Excited,Expressive Happy,Expressive Innovative,Expressive Loud,Expressive Playful,Expressive Rugged,Expressive Vintage,Quality Concept,Quality Drawing,Quality Spacing,Quality Wordspace	https://fonts.google.com/specimen/Palette+Mosaic
Pangolin	?	OFL (kiem lai METADATA.pb cua font do truoc khi dung)	Expressive Awkward,Expressive Excited,Expressive Happy,Expressive Innovative,Expressive Loud,Expressive Playful,Expressive Rugged,Expressive Sincere,Expressive Vintage,Quality Concept,Quality Drawing,Quality Spacing	https://fonts.google.com/specimen/Pangolin
Paprika	?	OFL (kiem lai METADATA.pb cua font do truoc khi dung)	Expressive Active,Expressive Artistic,Expressive Cute,Expressive Excited,Expressive Happy,Expressive Playful,Expressive Rugged,Expressive Sincere,Expressive Vintage,Quality Concept,Quality Drawing,Quality Spacing	https://fonts.google.com/specimen/Paprika
Parastoo	?	OFL (kiem lai METADATA.pb cua font do truoc khi dung)	Expressive Awkward,Expressive Business,Expressive Calm,Expressive Competent,Expressive Playful,Expressive Rugged,Expressive Sincere,Expressive Vintage,Quality Concept,Quality Drawing,Quality Spacing,Quality Wordspace	https://fonts.google.com/specimen/Parastoo
Parisienne	?	OFL (kiem lai METADATA.pb cua font do truoc khi dung)	Expressive Active,Expressive Artistic,Expressive Cute,Expressive Excited,Expressive Fancy,Expressive Happy,Expressive Sophisticated,Expressive Vintage,Quality Concept,Quality Drawing,Quality Spacing,Quality Wordspace	https://fonts.google.com/specimen/Parisienne
Parkinsans	?	OFL (kiem lai METADATA.pb cua font do truoc khi dung)	Expressive Awkward,Expressive Business,Expressive Calm,Expressive Competent,Expressive Cute,Expressive Happy,Expressive Loud,Expressive Playful,Expressive Rugged,Expressive Vintage,Quality Concept,Quality Drawing	https://fonts.google.com/specimen/Parkinsans
Passero One	?	OFL (kiem lai METADATA.pb cua font do truoc khi dung)	Expressive Active,Expressive Awkward,Expressive Cute,Expressive Excited,Expressive Futuristic,Expressive Happy,Expressive Innovative,Expressive Loud,Expressive Playful,Expressive Rugged,Expressive Stiff,Expressive Vintage	https://fonts.google.com/specimen/Passero+One
Passion One	?	OFL (kiem lai METADATA.pb cua font do truoc khi dung)	Expressive Active,Expressive Business,Expressive Happy,Expressive Loud,Expressive Rugged,Expressive Stiff,Expressive Vintage,Quality Concept,Quality Drawing,Quality Spacing,Quality Wordspace,Sans Humanist	https://fonts.google.com/specimen/Passion+One
Passions Conflict	?	OFL (kiem lai METADATA.pb cua font do truoc khi dung)	Expressive Active,Expressive Artistic,Expressive Awkward,Expressive Excited,Expressive Fancy,Expressive Happy,Expressive Playful,Expressive Sophisticated,Expressive Vintage,Quality Concept,Quality Drawing,Quality Spacing	https://fonts.google.com/specimen/Passions+Conflict
Pathway Extreme	?	OFL (kiem lai METADATA.pb cua font do truoc khi dung)	wght@75,wght@100,Expressive Playful,Expressive Stiff,Quality Concept,Quality Drawing,Quality Spacing,Quality Wordspace,Sans Grotesque,Sans Neo Grotesque,Sans Superellipse	https://fonts.google.com/specimen/Pathway+Extreme
Pathway Gothic One	?	OFL (kiem lai METADATA.pb cua font do truoc khi dung)	Expressive Calm,Expressive Futuristic,Expressive Loud,Expressive Rugged,Expressive Stiff,Expressive Vintage,Quality Concept,Quality Drawing,Quality Spacing,Quality Wordspace,Sans Grotesque	https://fonts.google.com/specimen/Pathway+Gothic+One
Patrick Hand	?	OFL (kiem lai METADATA.pb cua font do truoc khi dung)	Expressive Active,Expressive Childlike,Expressive Cute,Expressive Excited,Expressive Happy,Expressive Loud,Expressive Playful,Expressive Rugged,Expressive Sincere,Expressive Vintage,Quality Concept,Quality Drawing	https://fonts.google.com/specimen/Patrick+Hand
Patrick Hand SC	?	OFL (kiem lai METADATA.pb cua font do truoc khi dung)	Expressive Awkward,Expressive Childlike,Expressive Cute,Expressive Excited,Expressive Happy,Expressive Loud,Expressive Playful,Expressive Rugged,Expressive Sincere,Expressive Vintage,Quality Concept,Quality Drawing	https://fonts.google.com/specimen/Patrick+Hand+SC
Pattaya	?	OFL (kiem lai METADATA.pb cua font do truoc khi dung)	Expressive Active,Expressive Artistic,Expressive Cute,Expressive Excited,Expressive Fancy,Expressive Happy,Expressive Loud,Expressive Playful,Expressive Rugged,Expressive Vintage,Quality Concept,Quality Drawing	https://fonts.google.com/specimen/Pattaya
Patua One	?	OFL (kiem lai METADATA.pb cua font do truoc khi dung)	Expressive Business,Expressive Loud,Expressive Rugged,Expressive Sincere,Expressive Vintage,Quality Concept,Quality Drawing,Quality Spacing,Quality Wordspace,Serif Transitional,Slab Humanist	https://fonts.google.com/specimen/Patua+One
Pavanam	?	OFL (kiem lai METADATA.pb cua font do truoc khi dung)	Expressive Business,Expressive Calm,Expressive Competent,Expressive Rugged,Expressive Sincere,Expressive Stiff,Expressive Vintage,Quality Concept,Quality Drawing,Quality Spacing,Quality Wordspace,Sans Neo Grotesque	https://fonts.google.com/specimen/Pavanam
Paytone One	?	OFL (kiem lai METADATA.pb cua font do truoc khi dung)	Expressive Active,Expressive Business,Expressive Cute,Expressive Excited,Expressive Happy,Expressive Loud,Expressive Playful,Expressive Rugged,Expressive Vintage,Quality Concept,Quality Drawing,Quality Spacing	https://fonts.google.com/specimen/Paytone+One
Peddana	?	OFL (kiem lai METADATA.pb cua font do truoc khi dung)	Expressive Rugged,Expressive Vintage,Quality Concept,Quality Drawing,Quality Spacing,Quality Wordspace,Seasonal Diwali,Serif Transitional	https://fonts.google.com/specimen/Peddana
Peralta	?	OFL (kiem lai METADATA.pb cua font do truoc khi dung)	Expressive Awkward,Expressive Cute,Expressive Excited,Expressive Happy,Expressive Loud,Expressive Playful,Expressive Rugged,Expressive Vintage,Quality Concept,Quality Drawing,Quality Spacing,Quality Wordspace	https://fonts.google.com/specimen/Peralta
Permanent Marker	?	OFL (kiem lai METADATA.pb cua font do truoc khi dung)	Expressive Active,Expressive Artistic,Expressive Awkward,Expressive Childlike,Expressive Excited,Expressive Happy,Expressive Loud,Expressive Playful,Expressive Rugged,Expressive Sincere,Expressive Vintage,Quality Concept	https://fonts.google.com/specimen/Permanent+Marker
Petemoss	?	OFL (kiem lai METADATA.pb cua font do truoc khi dung)	Expressive Active,Expressive Artistic,Expressive Excited,Expressive Fancy,Expressive Happy,Expressive Playful,Expressive Rugged,Expressive Sophisticated,Expressive Vintage,Quality Concept,Quality Drawing,Quality Spacing	https://fonts.google.com/specimen/Petemoss
Petit Formal Script	?	OFL (kiem lai METADATA.pb cua font do truoc khi dung)	Expressive Artistic,Expressive Fancy,Expressive Happy,Expressive Sophisticated,Expressive Vintage,Quality Concept,Quality Drawing,Quality Spacing,Quality Wordspace,Script Formal,Seasonal Diwali	https://fonts.google.com/specimen/Petit+Formal+Script
Petrona	?	OFL (kiem lai METADATA.pb cua font do truoc khi dung)	Expressive Awkward,Expressive Business,Expressive Calm,Expressive Competent,Expressive Fancy,Expressive Happy,Expressive Loud,Expressive Playful,Expressive Rugged,Expressive Sincere,Expressive Vintage,Quality Concept	https://fonts.google.com/specimen/Petrona
Phetsarath	?	OFL (kiem lai METADATA.pb cua font do truoc khi dung)	Expressive Business,Expressive Loud,Expressive Rugged,Expressive Vintage,Quality Concept,Quality Drawing,Quality Spacing,Quality Wordspace,Sans Rounded	https://fonts.google.com/specimen/Phetsarath
Philosopher	?	OFL (kiem lai METADATA.pb cua font do truoc khi dung)	Expressive Business,Expressive Loud,Expressive Rugged,Expressive Vintage,Quality Concept,Quality Drawing,Quality Spacing,Quality Wordspace,Sans Glyphic,Sans Humanist	https://fonts.google.com/specimen/Philosopher
Phudu	?	OFL (kiem lai METADATA.pb cua font do truoc khi dung)	Expressive Awkward,Expressive Business,Expressive Calm,Expressive Competent,Expressive Happy,Expressive Loud,Expressive Playful,Expressive Rugged,Expressive Stiff,Expressive Vintage,Quality Concept,Quality Drawing	https://fonts.google.com/specimen/Phudu
Piazzolla	?	OFL (kiem lai METADATA.pb cua font do truoc khi dung)	Expressive Awkward,Expressive Business,Expressive Competent,Expressive Excited,Expressive Fancy,Expressive Loud,Expressive Playful,Expressive Rugged,Expressive Sincere,Expressive Vintage,Quality Concept,Quality Drawing	https://fonts.google.com/specimen/Piazzolla
Piedra	?	OFL (kiem lai METADATA.pb cua font do truoc khi dung)	Expressive Awkward,Expressive Excited,Expressive Happy,Expressive Innovative,Expressive Loud,Expressive Playful,Expressive Rugged,Expressive Vintage,Quality Concept,Quality Drawing,Quality Spacing,Quality Wordspace	https://fonts.google.com/specimen/Piedra
Pinyon Script	?	OFL (kiem lai METADATA.pb cua font do truoc khi dung)	Expressive Active,Expressive Artistic,Expressive Excited,Expressive Fancy,Expressive Happy,Expressive Sophisticated,Expressive Vintage,Quality Concept,Quality Drawing,Quality Spacing,Quality Wordspace,Script Formal	https://fonts.google.com/specimen/Pinyon+Script
Pirata One	?	OFL (kiem lai METADATA.pb cua font do truoc khi dung)	Expressive Active,Expressive Artistic,Expressive Awkward,Expressive Happy,Expressive Loud,Expressive Rugged,Expressive Stiff,Expressive Vintage,Quality Concept,Quality Drawing,Quality Spacing,Quality Wordspace	https://fonts.google.com/specimen/Pirata+One
Pixelify Sans	?	OFL (kiem lai METADATA.pb cua font do truoc khi dung)	Expressive Awkward,Expressive Calm,Expressive Competent,Expressive Futuristic,Expressive Happy,Expressive Innovative,Expressive Playful,Expressive Rugged,Expressive Stiff,Expressive Vintage,Quality Concept,Quality Drawing	https://fonts.google.com/specimen/Pixelify+Sans
Plaster	?	OFL (kiem lai METADATA.pb cua font do truoc khi dung)	Expressive Active,Expressive Artistic,Expressive Awkward,Expressive Cute,Expressive Futuristic,Expressive Happy,Expressive Innovative,Expressive Loud,Expressive Playful,Expressive Rugged,Expressive Stiff,Expressive Vintage	https://fonts.google.com/specimen/Plaster
Platypi	?	OFL (kiem lai METADATA.pb cua font do truoc khi dung)	Expressive Awkward,Expressive Business,Expressive Calm,Expressive Competent,Expressive Happy,Expressive Loud,Expressive Playful,Expressive Rugged,Expressive Sincere,Expressive Vintage,Quality Concept,Quality Drawing	https://fonts.google.com/specimen/Platypi
Play	?	OFL (kiem lai METADATA.pb cua font do truoc khi dung)	Expressive Business,Expressive Calm,Expressive Futuristic,Expressive Loud,Expressive Rugged,Expressive Stiff,Expressive Vintage,Quality Concept,Quality Drawing,Quality Spacing,Quality Wordspace,Sans Geometric	https://fonts.google.com/specimen/Play
Playball	?	OFL (kiem lai METADATA.pb cua font do truoc khi dung)	Expressive Artistic,Expressive Excited,Expressive Happy,Expressive Loud,Expressive Rugged,Expressive Sincere,Expressive Sophisticated,Expressive Vintage,Quality Concept,Quality Drawing,Quality Spacing,Quality Wordspace	https://fonts.google.com/specimen/Playball
Playfair	?	OFL (kiem lai METADATA.pb cua font do truoc khi dung)	wght@87.5,wght@112.5,Expressive Playful,Expressive Sophisticated,Quality Concept,Quality Drawing,Quality Spacing,Quality Wordspace,Seasonal Christmas,Serif Didone	https://fonts.google.com/specimen/Playfair
Playfair Display	?	OFL (kiem lai METADATA.pb cua font do truoc khi dung)	Expressive Awkward,Expressive Business,Expressive Calm,Expressive Competent,Expressive Fancy,Expressive Loud,Expressive Playful,Expressive Rugged,Expressive Sincere,Expressive Stiff,Expressive Vintage,Quality Concept	https://fonts.google.com/specimen/Playfair+Display
Playfair Display SC	?	OFL (kiem lai METADATA.pb cua font do truoc khi dung)	Expressive Business,Expressive Loud,Expressive Rugged,Expressive Sincere,Expressive Sophisticated,Expressive Vintage,Quality Concept,Quality Drawing,Quality Spacing,Quality Wordspace,Serif Didone	https://fonts.google.com/specimen/Playfair+Display+SC
Playpen Sans	?	OFL (kiem lai METADATA.pb cua font do truoc khi dung)	Expressive Awkward,Expressive Calm,Expressive Childlike,Expressive Competent,Expressive Excited,Expressive Happy,Expressive Loud,Expressive Playful,Expressive Rugged,Expressive Sincere,Expressive Vintage,Quality Concept	https://fonts.google.com/specimen/Playpen+Sans
Playpen Sans Arabic	?	OFL (kiem lai METADATA.pb cua font do truoc khi dung)	Expressive Awkward,Expressive Calm,Expressive Childlike,Expressive Competent,Expressive Excited,Expressive Happy,Expressive Loud,Expressive Playful,Expressive Rugged,Expressive Sincere,Expressive Vintage,Quality Concept	https://fonts.google.com/specimen/Playpen+Sans+Arabic
Playpen Sans Deva	?	OFL (kiem lai METADATA.pb cua font do truoc khi dung)	Expressive Awkward,Expressive Calm,Expressive Childlike,Expressive Competent,Expressive Excited,Expressive Happy,Expressive Loud,Expressive Playful,Expressive Rugged,Expressive Sincere,Expressive Vintage,Quality Concept	https://fonts.google.com/specimen/Playpen+Sans+Deva
Playpen Sans Hebrew	?	OFL (kiem lai METADATA.pb cua font do truoc khi dung)	Expressive Awkward,Expressive Calm,Expressive Childlike,Expressive Competent,Expressive Excited,Expressive Happy,Expressive Loud,Expressive Playful,Expressive Rugged,Expressive Sincere,Expressive Vintage,Quality Concept	https://fonts.google.com/specimen/Playpen+Sans+Hebrew
Playpen Sans Thai	?	OFL (kiem lai METADATA.pb cua font do truoc khi dung)	Expressive Awkward,Expressive Calm,Expressive Childlike,Expressive Competent,Expressive Excited,Expressive Happy,Expressive Loud,Expressive Playful,Expressive Rugged,Expressive Sincere,Expressive Vintage,Quality Concept	https://fonts.google.com/specimen/Playpen+Sans+Thai
Playwrite AR	?	OFL (kiem lai METADATA.pb cua font do truoc khi dung)	Expressive Awkward,Expressive Calm,Expressive Childlike,Expressive Competent,Expressive Happy,Expressive Loud,Expressive Playful,Expressive Rugged,Expressive Sincere,Expressive Vintage,Purpose Learn To Write,Quality Concept	https://fonts.google.com/specimen/Playwrite+AR
Playwrite AR Guides	?	OFL (kiem lai METADATA.pb cua font do truoc khi dung)	Expressive Childlike,Expressive Playful,Expressive Rugged,Expressive Vintage,Purpose Learn To Write,Quality Concept,Quality Drawing,Quality Spacing,Quality Wordspace,Script Handwritten,Script Upright Script	https://fonts.google.com/specimen/Playwrite+AR+Guides
Playwrite AT	?	OFL (kiem lai METADATA.pb cua font do truoc khi dung)	Expressive Awkward,Expressive Calm,Expressive Childlike,Expressive Competent,Expressive Happy,Expressive Loud,Expressive Playful,Expressive Rugged,Expressive Sincere,Expressive Vintage,Purpose Learn To Write,Quality Concept	https://fonts.google.com/specimen/Playwrite+AT
Playwrite AT Guides	?	OFL (kiem lai METADATA.pb cua font do truoc khi dung)	Expressive Childlike,Expressive Playful,Expressive Rugged,Expressive Vintage,Purpose Learn To Write,Quality Concept,Quality Drawing,Quality Spacing,Quality Wordspace,Script Handwritten,Script Upright Script	https://fonts.google.com/specimen/Playwrite+AT+Guides
Playwrite AU NSW	?	OFL (kiem lai METADATA.pb cua font do truoc khi dung)	Expressive Active,Expressive Awkward,Expressive Calm,Expressive Childlike,Expressive Competent,Expressive Happy,Expressive Loud,Expressive Playful,Expressive Rugged,Expressive Sincere,Expressive Vintage,Purpose Learn To Write	https://fonts.google.com/specimen/Playwrite+AU+NSW
Playwrite AU NSW Guides	?	OFL (kiem lai METADATA.pb cua font do truoc khi dung)	Expressive Childlike,Expressive Playful,Expressive Rugged,Expressive Vintage,Purpose Learn To Write,Quality Concept,Quality Drawing,Quality Spacing,Quality Wordspace,Script Handwritten	https://fonts.google.com/specimen/Playwrite+AU+NSW+Guides
Playwrite AU QLD	?	OFL (kiem lai METADATA.pb cua font do truoc khi dung)	Expressive Awkward,Expressive Calm,Expressive Childlike,Expressive Competent,Expressive Happy,Expressive Playful,Expressive Rugged,Expressive Sincere,Expressive Vintage,Purpose Learn To Write,Quality Concept,Quality Drawing	https://fonts.google.com/specimen/Playwrite+AU+QLD
Playwrite AU QLD Guides	?	OFL (kiem lai METADATA.pb cua font do truoc khi dung)	Expressive Childlike,Expressive Playful,Expressive Rugged,Expressive Vintage,Purpose Learn To Write,Quality Concept,Quality Drawing,Quality Spacing,Quality Wordspace,Script Handwritten	https://fonts.google.com/specimen/Playwrite+AU+QLD+Guides
Playwrite AU SA	?	OFL (kiem lai METADATA.pb cua font do truoc khi dung)	Expressive Awkward,Expressive Calm,Expressive Childlike,Expressive Competent,Expressive Happy,Expressive Loud,Expressive Playful,Expressive Rugged,Expressive Sincere,Expressive Vintage,Purpose Learn To Write,Quality Concept	https://fonts.google.com/specimen/Playwrite+AU+SA
Playwrite AU SA Guides	?	OFL (kiem lai METADATA.pb cua font do truoc khi dung)	Expressive Childlike,Expressive Playful,Expressive Rugged,Expressive Vintage,Purpose Learn To Write,Quality Concept,Quality Drawing,Quality Spacing,Quality Wordspace,Script Handwritten	https://fonts.google.com/specimen/Playwrite+AU+SA+Guides
Playwrite AU TAS	?	OFL (kiem lai METADATA.pb cua font do truoc khi dung)	Expressive Awkward,Expressive Calm,Expressive Childlike,Expressive Competent,Expressive Happy,Expressive Loud,Expressive Playful,Expressive Rugged,Expressive Sincere,Expressive Vintage,Purpose Learn To Write,Quality Concept	https://fonts.google.com/specimen/Playwrite+AU+TAS
Playwrite AU TAS Guides	?	OFL (kiem lai METADATA.pb cua font do truoc khi dung)	Expressive Childlike,Expressive Playful,Expressive Rugged,Expressive Vintage,Purpose Learn To Write,Quality Concept,Quality Drawing,Quality Spacing,Quality Wordspace,Script Handwritten	https://fonts.google.com/specimen/Playwrite+AU+TAS+Guides
Playwrite AU VIC	?	OFL (kiem lai METADATA.pb cua font do truoc khi dung)	Expressive Awkward,Expressive Calm,Expressive Childlike,Expressive Competent,Expressive Happy,Expressive Loud,Expressive Playful,Expressive Rugged,Expressive Sincere,Expressive Vintage,Purpose Learn To Write,Quality Concept	https://fonts.google.com/specimen/Playwrite+AU+VIC
Playwrite AU VIC Guides	?	OFL (kiem lai METADATA.pb cua font do truoc khi dung)	Expressive Childlike,Expressive Playful,Expressive Rugged,Expressive Vintage,Purpose Learn To Write,Quality Concept,Quality Drawing,Quality Spacing,Quality Wordspace,Script Handwritten	https://fonts.google.com/specimen/Playwrite+AU+VIC+Guides
Playwrite BE VLG	?	OFL (kiem lai METADATA.pb cua font do truoc khi dung)	Expressive Awkward,Expressive Calm,Expressive Childlike,Expressive Competent,Expressive Happy,Expressive Loud,Expressive Playful,Expressive Rugged,Expressive Sincere,Expressive Vintage,Purpose Learn To Write,Quality Concept	https://fonts.google.com/specimen/Playwrite+BE+VLG
Playwrite BE VLG Guides	?	OFL (kiem lai METADATA.pb cua font do truoc khi dung)	Expressive Childlike,Expressive Playful,Expressive Rugged,Expressive Vintage,Purpose Learn To Write,Quality Concept,Quality Drawing,Quality Spacing,Quality Wordspace,Script Handwritten	https://fonts.google.com/specimen/Playwrite+BE+VLG+Guides
Playwrite BE WAL	?	OFL (kiem lai METADATA.pb cua font do truoc khi dung)	Expressive Awkward,Expressive Calm,Expressive Childlike,Expressive Competent,Expressive Happy,Expressive Playful,Expressive Rugged,Expressive Sincere,Expressive Vintage,Purpose Learn To Write,Quality Concept,Quality Drawing	https://fonts.google.com/specimen/Playwrite+BE+WAL
Playwrite BE WAL Guides	?	OFL (kiem lai METADATA.pb cua font do truoc khi dung)	Expressive Childlike,Expressive Playful,Expressive Rugged,Expressive Vintage,Purpose Learn To Write,Quality Concept,Quality Drawing,Quality Spacing,Quality Wordspace,Script Handwritten,Script Upright Script	https://fonts.google.com/specimen/Playwrite+BE+WAL+Guides
Playwrite BR	?	OFL (kiem lai METADATA.pb cua font do truoc khi dung)	Expressive Awkward,Expressive Calm,Expressive Childlike,Expressive Competent,Expressive Happy,Expressive Loud,Expressive Playful,Expressive Rugged,Expressive Sincere,Expressive Vintage,Purpose Learn To Write,Quality Concept	https://fonts.google.com/specimen/Playwrite+BR
Playwrite BR Guides	?	OFL (kiem lai METADATA.pb cua font do truoc khi dung)	Expressive Childlike,Expressive Playful,Expressive Rugged,Expressive Vintage,Purpose Learn To Write,Quality Concept,Quality Drawing,Quality Spacing,Quality Wordspace,Script Handwritten,Script Upright Script	https://fonts.google.com/specimen/Playwrite+BR+Guides
Playwrite CA	?	OFL (kiem lai METADATA.pb cua font do truoc khi dung)	Expressive Awkward,Expressive Calm,Expressive Childlike,Expressive Competent,Expressive Happy,Expressive Playful,Expressive Rugged,Expressive Sincere,Expressive Vintage,Purpose Learn To Write,Quality Concept,Quality Drawing	https://fonts.google.com/specimen/Playwrite+CA
Playwrite CA Guides	?	OFL (kiem lai METADATA.pb cua font do truoc khi dung)	Expressive Childlike,Expressive Playful,Expressive Rugged,Expressive Vintage,Purpose Learn To Write,Quality Concept,Quality Drawing,Quality Spacing,Quality Wordspace,Script Handwritten	https://fonts.google.com/specimen/Playwrite+CA+Guides
Playwrite CL	?	OFL (kiem lai METADATA.pb cua font do truoc khi dung)	Expressive Awkward,Expressive Calm,Expressive Childlike,Expressive Competent,Expressive Happy,Expressive Loud,Expressive Playful,Expressive Rugged,Expressive Sincere,Expressive Vintage,Purpose Learn To Write,Quality Concept	https://fonts.google.com/specimen/Playwrite+CL
Playwrite CL Guides	?	OFL (kiem lai METADATA.pb cua font do truoc khi dung)	Expressive Childlike,Expressive Playful,Expressive Rugged,Expressive Vintage,Purpose Learn To Write,Quality Concept,Quality Drawing,Quality Spacing,Quality Wordspace,Script Handwritten,Script Upright Script	https://fonts.google.com/specimen/Playwrite+CL+Guides
Playwrite CO	?	OFL (kiem lai METADATA.pb cua font do truoc khi dung)	Expressive Active,Expressive Awkward,Expressive Calm,Expressive Childlike,Expressive Competent,Expressive Happy,Expressive Playful,Expressive Rugged,Expressive Sincere,Expressive Vintage,Purpose Learn To Write,Quality Concept	https://fonts.google.com/specimen/Playwrite+CO
Playwrite CO Guides	?	OFL (kiem lai METADATA.pb cua font do truoc khi dung)	Expressive Childlike,Expressive Playful,Expressive Rugged,Expressive Vintage,Purpose Learn To Write,Quality Concept,Quality Drawing,Quality Spacing,Quality Wordspace,Script Handwritten	https://fonts.google.com/specimen/Playwrite+CO+Guides
Playwrite CU	?	OFL (kiem lai METADATA.pb cua font do truoc khi dung)	Expressive Awkward,Expressive Calm,Expressive Childlike,Expressive Competent,Expressive Happy,Expressive Playful,Expressive Rugged,Expressive Sincere,Expressive Vintage,Purpose Learn To Write,Quality Concept,Quality Drawing	https://fonts.google.com/specimen/Playwrite+CU
Playwrite CU Guides	?	OFL (kiem lai METADATA.pb cua font do truoc khi dung)	Expressive Childlike,Expressive Playful,Expressive Rugged,Expressive Vintage,Purpose Learn To Write,Quality Concept,Quality Drawing,Quality Spacing,Quality Wordspace,Script Handwritten	https://fonts.google.com/specimen/Playwrite+CU+Guides
Playwrite CZ	?	OFL (kiem lai METADATA.pb cua font do truoc khi dung)	Expressive Active,Expressive Awkward,Expressive Calm,Expressive Childlike,Expressive Competent,Expressive Happy,Expressive Playful,Expressive Rugged,Expressive Sincere,Expressive Vintage,Purpose Learn To Write,Quality Concept	https://fonts.google.com/specimen/Playwrite+CZ
Playwrite CZ Guides	?	OFL (kiem lai METADATA.pb cua font do truoc khi dung)	Expressive Childlike,Expressive Playful,Expressive Rugged,Expressive Vintage,Purpose Learn To Write,Quality Concept,Quality Drawing,Quality Spacing,Quality Wordspace,Script Handwritten	https://fonts.google.com/specimen/Playwrite+CZ+Guides
Playwrite DE Grund	?	OFL (kiem lai METADATA.pb cua font do truoc khi dung)	Expressive Awkward,Expressive Calm,Expressive Childlike,Expressive Competent,Expressive Happy,Expressive Loud,Expressive Playful,Expressive Rugged,Expressive Sincere,Expressive Vintage,Purpose Learn To Write,Quality Concept	https://fonts.google.com/specimen/Playwrite+DE+Grund
Playwrite DE Grund Guides	?	OFL (kiem lai METADATA.pb cua font do truoc khi dung)	Expressive Childlike,Expressive Playful,Expressive Rugged,Expressive Vintage,Purpose Learn To Write,Quality Concept,Quality Drawing,Quality Spacing,Quality Wordspace,Script Handwritten,Script Upright Script	https://fonts.google.com/specimen/Playwrite+DE+Grund+Guides
Playwrite DE LA	?	OFL (kiem lai METADATA.pb cua font do truoc khi dung)	Expressive Active,Expressive Awkward,Expressive Calm,Expressive Childlike,Expressive Competent,Expressive Happy,Expressive Playful,Expressive Rugged,Expressive Sincere,Expressive Vintage,Purpose Learn To Write,Quality Concept	https://fonts.google.com/specimen/Playwrite+DE+LA
Playwrite DE LA Guides	?	OFL (kiem lai METADATA.pb cua font do truoc khi dung)	Expressive Childlike,Expressive Playful,Expressive Rugged,Expressive Vintage,Purpose Learn To Write,Quality Concept,Quality Drawing,Quality Spacing,Quality Wordspace,Script Handwritten	https://fonts.google.com/specimen/Playwrite+DE+LA+Guides
Playwrite DE SAS	?	OFL (kiem lai METADATA.pb cua font do truoc khi dung)	Expressive Active,Expressive Awkward,Expressive Calm,Expressive Childlike,Expressive Competent,Expressive Happy,Expressive Playful,Expressive Rugged,Expressive Sincere,Expressive Vintage,Purpose Learn To Write,Quality Concept	https://fonts.google.com/specimen/Playwrite+DE+SAS
Playwrite DE SAS Guides	?	OFL (kiem lai METADATA.pb cua font do truoc khi dung)	Expressive Childlike,Expressive Playful,Expressive Rugged,Expressive Vintage,Purpose Learn To Write,Quality Concept,Quality Drawing,Quality Spacing,Quality Wordspace,Script Handwritten	https://fonts.google.com/specimen/Playwrite+DE+SAS+Guides
Playwrite DE VA	?	OFL (kiem lai METADATA.pb cua font do truoc khi dung)	Expressive Active,Expressive Awkward,Expressive Calm,Expressive Childlike,Expressive Competent,Expressive Happy,Expressive Playful,Expressive Rugged,Expressive Sincere,Expressive Vintage,Purpose Learn To Write,Quality Concept	https://fonts.google.com/specimen/Playwrite+DE+VA
Playwrite DE VA Guides	?	OFL (kiem lai METADATA.pb cua font do truoc khi dung)	Expressive Childlike,Expressive Playful,Expressive Rugged,Expressive Vintage,Purpose Learn To Write,Quality Concept,Quality Drawing,Quality Spacing,Quality Wordspace,Script Handwritten	https://fonts.google.com/specimen/Playwrite+DE+VA+Guides
Playwrite DK Loopet	?	OFL (kiem lai METADATA.pb cua font do truoc khi dung)	Expressive Awkward,Expressive Calm,Expressive Childlike,Expressive Competent,Expressive Happy,Expressive Loud,Expressive Playful,Expressive Rugged,Expressive Sincere,Expressive Vintage,Purpose Learn To Write,Quality Concept	https://fonts.google.com/specimen/Playwrite+DK+Loopet
Playwrite DK Loopet Guides	?	OFL (kiem lai METADATA.pb cua font do truoc khi dung)	Expressive Childlike,Expressive Playful,Expressive Rugged,Expressive Vintage,Purpose Learn To Write,Quality Concept,Quality Drawing,Quality Spacing,Quality Wordspace,Script Handwritten	https://fonts.google.com/specimen/Playwrite+DK+Loopet+Guides
Playwrite DK Uloopet	?	OFL (kiem lai METADATA.pb cua font do truoc khi dung)	Expressive Awkward,Expressive Calm,Expressive Childlike,Expressive Competent,Expressive Happy,Expressive Loud,Expressive Playful,Expressive Rugged,Expressive Sincere,Expressive Vintage,Purpose Learn To Write,Quality Concept	https://fonts.google.com/specimen/Playwrite+DK+Uloopet
Playwrite DK Uloopet Guides	?	OFL (kiem lai METADATA.pb cua font do truoc khi dung)	Expressive Childlike,Expressive Playful,Expressive Rugged,Expressive Vintage,Purpose Learn To Write,Quality Concept,Quality Drawing,Quality Spacing,Quality Wordspace,Script Handwritten	https://fonts.google.com/specimen/Playwrite+DK+Uloopet+Guides
Playwrite ES	?	OFL (kiem lai METADATA.pb cua font do truoc khi dung)	Expressive Awkward,Expressive Calm,Expressive Childlike,Expressive Competent,Expressive Happy,Expressive Playful,Expressive Rugged,Expressive Sincere,Expressive Vintage,Purpose Learn To Write,Quality Concept,Quality Drawing	https://fonts.google.com/specimen/Playwrite+ES
Playwrite ES Deco	?	OFL (kiem lai METADATA.pb cua font do truoc khi dung)	Expressive Awkward,Expressive Calm,Expressive Childlike,Expressive Competent,Expressive Happy,Expressive Playful,Expressive Rugged,Expressive Sincere,Expressive Vintage,Purpose Learn To Write,Quality Concept,Quality Drawing	https://fonts.google.com/specimen/Playwrite+ES+Deco
Playwrite ES Deco Guides	?	OFL (kiem lai METADATA.pb cua font do truoc khi dung)	Expressive Childlike,Expressive Playful,Expressive Rugged,Expressive Vintage,Purpose Learn To Write,Quality Concept,Quality Drawing,Quality Spacing,Quality Wordspace,Script Handwritten,Script Upright Script	https://fonts.google.com/specimen/Playwrite+ES+Deco+Guides
Playwrite ES Guides	?	OFL (kiem lai METADATA.pb cua font do truoc khi dung)	Expressive Childlike,Expressive Playful,Expressive Rugged,Expressive Vintage,Purpose Learn To Write,Quality Concept,Quality Drawing,Quality Spacing,Quality Wordspace,Script Handwritten,Script Upright Script	https://fonts.google.com/specimen/Playwrite+ES+Guides
Playwrite FR Moderne	?	OFL (kiem lai METADATA.pb cua font do truoc khi dung)	Expressive Awkward,Expressive Calm,Expressive Childlike,Expressive Competent,Expressive Happy,Expressive Loud,Expressive Playful,Expressive Rugged,Expressive Sincere,Expressive Vintage,Purpose Learn To Write,Quality Concept	https://fonts.google.com/specimen/Playwrite+FR+Moderne
Playwrite FR Moderne Guides	?	OFL (kiem lai METADATA.pb cua font do truoc khi dung)	Expressive Childlike,Expressive Playful,Expressive Rugged,Expressive Vintage,Purpose Learn To Write,Quality Concept,Quality Drawing,Quality Spacing,Quality Wordspace,Script Handwritten,Script Upright Script	https://fonts.google.com/specimen/Playwrite+FR+Moderne+Guides
Playwrite FR Trad	?	OFL (kiem lai METADATA.pb cua font do truoc khi dung)	Expressive Awkward,Expressive Calm,Expressive Childlike,Expressive Competent,Expressive Happy,Expressive Loud,Expressive Playful,Expressive Rugged,Expressive Sincere,Expressive Vintage,Purpose Learn To Write,Quality Concept	https://fonts.google.com/specimen/Playwrite+FR+Trad
Playwrite FR Trad Guides	?	OFL (kiem lai METADATA.pb cua font do truoc khi dung)	Expressive Childlike,Expressive Playful,Expressive Rugged,Expressive Vintage,Purpose Learn To Write,Quality Concept,Quality Drawing,Quality Spacing,Quality Wordspace,Script Handwritten,Script Upright Script	https://fonts.google.com/specimen/Playwrite+FR+Trad+Guides
Playwrite GB J	?	OFL (kiem lai METADATA.pb cua font do truoc khi dung)	Expressive Awkward,Expressive Calm,Expressive Childlike,Expressive Competent,Expressive Happy,Expressive Loud,Expressive Playful,Expressive Rugged,Expressive Sincere,Expressive Vintage,Purpose Learn To Write,Quality Concept	https://fonts.google.com/specimen/Playwrite+GB+J
Playwrite GB J Guides	?	OFL (kiem lai METADATA.pb cua font do truoc khi dung)	Expressive Childlike,Expressive Playful,Expressive Rugged,Expressive Vintage,Purpose Learn To Write,Quality Concept,Quality Drawing,Quality Spacing,Quality Wordspace,Script Handwritten,Script Upright Script	https://fonts.google.com/specimen/Playwrite+GB+J+Guides
Playwrite GB S	?	OFL (kiem lai METADATA.pb cua font do truoc khi dung)	Expressive Awkward,Expressive Calm,Expressive Childlike,Expressive Competent,Expressive Happy,Expressive Loud,Expressive Playful,Expressive Rugged,Expressive Sincere,Expressive Vintage,Purpose Learn To Write,Quality Concept	https://fonts.google.com/specimen/Playwrite+GB+S
Playwrite GB S Guides	?	OFL (kiem lai METADATA.pb cua font do truoc khi dung)	Expressive Childlike,Expressive Playful,Expressive Rugged,Expressive Vintage,Purpose Learn To Write,Quality Concept,Quality Drawing,Quality Spacing,Quality Wordspace,Script Handwritten,Script Upright Script	https://fonts.google.com/specimen/Playwrite+GB+S+Guides
Playwrite HR	?	OFL (kiem lai METADATA.pb cua font do truoc khi dung)	Expressive Awkward,Expressive Calm,Expressive Childlike,Expressive Competent,Expressive Happy,Expressive Loud,Expressive Playful,Expressive Rugged,Expressive Sincere,Expressive Vintage,Purpose Learn To Write,Quality Concept	https://fonts.google.com/specimen/Playwrite+HR
Playwrite HR Guides	?	OFL (kiem lai METADATA.pb cua font do truoc khi dung)	Expressive Childlike,Expressive Playful,Expressive Rugged,Expressive Vintage,Purpose Learn To Write,Quality Concept,Quality Drawing,Quality Spacing,Quality Wordspace,Script Handwritten	https://fonts.google.com/specimen/Playwrite+HR+Guides
Playwrite HR Lijeva	?	OFL (kiem lai METADATA.pb cua font do truoc khi dung)	Expressive Awkward,Expressive Calm,Expressive Childlike,Expressive Competent,Expressive Happy,Expressive Playful,Expressive Rugged,Expressive Sincere,Expressive Vintage,Purpose Learn To Write,Quality Concept,Quality Drawing	https://fonts.google.com/specimen/Playwrite+HR+Lijeva
Playwrite HR Lijeva Guides	?	OFL (kiem lai METADATA.pb cua font do truoc khi dung)	Expressive Childlike,Expressive Playful,Expressive Rugged,Expressive Vintage,Purpose Learn To Write,Quality Concept,Quality Drawing,Quality Spacing,Quality Wordspace,Script Handwritten,Script Upright Script	https://fonts.google.com/specimen/Playwrite+HR+Lijeva+Guides
Playwrite HU	?	OFL (kiem lai METADATA.pb cua font do truoc khi dung)	Expressive Awkward,Expressive Calm,Expressive Childlike,Expressive Competent,Expressive Happy,Expressive Playful,Expressive Rugged,Expressive Sincere,Expressive Vintage,Purpose Learn To Write,Quality Concept,Quality Drawing	https://fonts.google.com/specimen/Playwrite+HU
Playwrite HU Guides	?	OFL (kiem lai METADATA.pb cua font do truoc khi dung)	Expressive Childlike,Expressive Playful,Expressive Rugged,Expressive Vintage,Purpose Learn To Write,Quality Concept,Quality Drawing,Quality Spacing,Quality Wordspace,Script Handwritten,Script Upright Script	https://fonts.google.com/specimen/Playwrite+HU+Guides
Playwrite ID	?	OFL (kiem lai METADATA.pb cua font do truoc khi dung)	Expressive Awkward,Expressive Calm,Expressive Childlike,Expressive Competent,Expressive Happy,Expressive Playful,Expressive Rugged,Expressive Sincere,Expressive Vintage,Purpose Learn To Write,Quality Concept,Quality Drawing	https://fonts.google.com/specimen/Playwrite+ID
Playwrite ID Guides	?	OFL (kiem lai METADATA.pb cua font do truoc khi dung)	Expressive Childlike,Expressive Playful,Expressive Rugged,Expressive Vintage,Purpose Learn To Write,Quality Concept,Quality Drawing,Quality Spacing,Quality Wordspace,Script Handwritten,Script Upright Script	https://fonts.google.com/specimen/Playwrite+ID+Guides
Playwrite IE	?	OFL (kiem lai METADATA.pb cua font do truoc khi dung)	Expressive Active,Expressive Awkward,Expressive Calm,Expressive Childlike,Expressive Competent,Expressive Happy,Expressive Loud,Expressive Playful,Expressive Rugged,Expressive Sincere,Expressive Vintage,Purpose Learn To Write	https://fonts.google.com/specimen/Playwrite+IE
Playwrite IE Guides	?	OFL (kiem lai METADATA.pb cua font do truoc khi dung)	Expressive Childlike,Expressive Playful,Expressive Rugged,Expressive Vintage,Purpose Learn To Write,Quality Concept,Quality Drawing,Quality Spacing,Quality Wordspace,Script Handwritten	https://fonts.google.com/specimen/Playwrite+IE+Guides
Playwrite IN	?	OFL (kiem lai METADATA.pb cua font do truoc khi dung)	Expressive Awkward,Expressive Calm,Expressive Childlike,Expressive Competent,Expressive Happy,Expressive Playful,Expressive Rugged,Expressive Sincere,Expressive Vintage,Purpose Learn To Write,Quality Concept,Quality Drawing	https://fonts.google.com/specimen/Playwrite+IN
Playwrite IN Guides	?	OFL (kiem lai METADATA.pb cua font do truoc khi dung)	Expressive Childlike,Expressive Playful,Expressive Rugged,Expressive Vintage,Purpose Learn To Write,Quality Concept,Quality Drawing,Quality Spacing,Quality Wordspace,Script Handwritten	https://fonts.google.com/specimen/Playwrite+IN+Guides
Playwrite IS	?	OFL (kiem lai METADATA.pb cua font do truoc khi dung)	Expressive Awkward,Expressive Calm,Expressive Childlike,Expressive Competent,Expressive Happy,Expressive Loud,Expressive Playful,Expressive Rugged,Expressive Sincere,Expressive Vintage,Purpose Learn To Write,Quality Concept	https://fonts.google.com/specimen/Playwrite+IS
Playwrite IS Guides	?	OFL (kiem lai METADATA.pb cua font do truoc khi dung)	Expressive Childlike,Expressive Playful,Expressive Rugged,Expressive Vintage,Purpose Learn To Write,Quality Concept,Quality Drawing,Quality Spacing,Quality Wordspace,Script Handwritten	https://fonts.google.com/specimen/Playwrite+IS+Guides
Playwrite IT Moderna	?	OFL (kiem lai METADATA.pb cua font do truoc khi dung)	Expressive Awkward,Expressive Calm,Expressive Childlike,Expressive Competent,Expressive Happy,Expressive Loud,Expressive Playful,Expressive Rugged,Expressive Sincere,Expressive Vintage,Purpose Learn To Write,Quality Concept	https://fonts.google.com/specimen/Playwrite+IT+Moderna
Playwrite IT Moderna Guides	?	OFL (kiem lai METADATA.pb cua font do truoc khi dung)	Expressive Childlike,Expressive Playful,Expressive Rugged,Expressive Vintage,Purpose Learn To Write,Quality Concept,Quality Drawing,Quality Spacing,Quality Wordspace,Script Handwritten,Script Upright Script	https://fonts.google.com/specimen/Playwrite+IT+Moderna+Guides
Playwrite IT Trad	?	OFL (kiem lai METADATA.pb cua font do truoc khi dung)	Expressive Awkward,Expressive Calm,Expressive Childlike,Expressive Competent,Expressive Happy,Expressive Loud,Expressive Playful,Expressive Rugged,Expressive Sincere,Expressive Vintage,Purpose Learn To Write,Quality Concept	https://fonts.google.com/specimen/Playwrite+IT+Trad
Playwrite IT Trad Guides	?	OFL (kiem lai METADATA.pb cua font do truoc khi dung)	Expressive Childlike,Expressive Playful,Expressive Rugged,Expressive Vintage,Purpose Learn To Write,Quality Concept,Quality Drawing,Quality Spacing,Quality Wordspace,Script Handwritten,Script Upright Script	https://fonts.google.com/specimen/Playwrite+IT+Trad+Guides
Playwrite MX	?	OFL (kiem lai METADATA.pb cua font do truoc khi dung)	Expressive Active,Expressive Awkward,Expressive Calm,Expressive Childlike,Expressive Competent,Expressive Happy,Expressive Playful,Expressive Rugged,Expressive Sincere,Expressive Vintage,Purpose Learn To Write,Quality Concept	https://fonts.google.com/specimen/Playwrite+MX
Playwrite MX Guides	?	OFL (kiem lai METADATA.pb cua font do truoc khi dung)	Expressive Childlike,Expressive Playful,Expressive Rugged,Expressive Vintage,Purpose Learn To Write,Quality Concept,Quality Drawing,Quality Spacing,Quality Wordspace,Script Handwritten	https://fonts.google.com/specimen/Playwrite+MX+Guides
Playwrite NG Modern	?	OFL (kiem lai METADATA.pb cua font do truoc khi dung)	Expressive Awkward,Expressive Calm,Expressive Childlike,Expressive Competent,Expressive Happy,Expressive Loud,Expressive Playful,Expressive Rugged,Expressive Sincere,Expressive Vintage,Purpose Learn To Write,Quality Concept	https://fonts.google.com/specimen/Playwrite+NG+Modern
Playwrite NG Modern Guides	?	OFL (kiem lai METADATA.pb cua font do truoc khi dung)	Expressive Childlike,Expressive Playful,Expressive Rugged,Expressive Vintage,Purpose Learn To Write,Quality Concept,Quality Drawing,Quality Spacing,Quality Wordspace,Script Handwritten	https://fonts.google.com/specimen/Playwrite+NG+Modern+Guides
Playwrite NL	?	OFL (kiem lai METADATA.pb cua font do truoc khi dung)	Expressive Active,Expressive Awkward,Expressive Calm,Expressive Childlike,Expressive Competent,Expressive Happy,Expressive Playful,Expressive Rugged,Expressive Sincere,Expressive Vintage,Purpose Learn To Write,Quality Concept	https://fonts.google.com/specimen/Playwrite+NL
Playwrite NL Guides	?	OFL (kiem lai METADATA.pb cua font do truoc khi dung)	Expressive Childlike,Expressive Playful,Expressive Rugged,Expressive Vintage,Purpose Learn To Write,Quality Concept,Quality Drawing,Quality Spacing,Quality Wordspace,Script Handwritten	https://fonts.google.com/specimen/Playwrite+NL+Guides
Playwrite NO	?	OFL (kiem lai METADATA.pb cua font do truoc khi dung)	Expressive Awkward,Expressive Calm,Expressive Childlike,Expressive Competent,Expressive Happy,Expressive Playful,Expressive Rugged,Expressive Sincere,Expressive Vintage,Purpose Learn To Write,Quality Concept,Quality Drawing	https://fonts.google.com/specimen/Playwrite+NO
Playwrite NO Guides	?	OFL (kiem lai METADATA.pb cua font do truoc khi dung)	Expressive Childlike,Expressive Playful,Expressive Rugged,Expressive Vintage,Purpose Learn To Write,Quality Concept,Quality Drawing,Quality Spacing,Quality Wordspace,Script Handwritten	https://fonts.google.com/specimen/Playwrite+NO+Guides
Playwrite NZ	?	OFL (kiem lai METADATA.pb cua font do truoc khi dung)	Expressive Awkward,Expressive Calm,Expressive Childlike,Expressive Competent,Expressive Happy,Expressive Loud,Expressive Playful,Expressive Rugged,Expressive Sincere,Expressive Vintage,Purpose Learn To Write,Quality Concept	https://fonts.google.com/specimen/Playwrite+NZ
Playwrite NZ Basic	?	OFL (kiem lai METADATA.pb cua font do truoc khi dung)	Expressive Awkward,Expressive Calm,Expressive Childlike,Expressive Competent,Expressive Happy,Expressive Loud,Expressive Playful,Expressive Rugged,Expressive Sincere,Expressive Vintage,Purpose Learn To Write,Quality Concept	https://fonts.google.com/specimen/Playwrite+NZ+Basic
Playwrite NZ Basic Guides	?	OFL (kiem lai METADATA.pb cua font do truoc khi dung)	Expressive Childlike,Expressive Playful,Expressive Rugged,Expressive Vintage,Purpose Learn To Write,Quality Concept,Quality Drawing,Quality Spacing,Quality Wordspace,Script Handwritten	https://fonts.google.com/specimen/Playwrite+NZ+Basic+Guides
Playwrite NZ Guides	?	OFL (kiem lai METADATA.pb cua font do truoc khi dung)	Expressive Childlike,Expressive Playful,Expressive Rugged,Expressive Vintage,Purpose Learn To Write,Quality Concept,Quality Drawing,Quality Spacing,Quality Wordspace,Script Handwritten	https://fonts.google.com/specimen/Playwrite+NZ+Guides
Playwrite PE	?	OFL (kiem lai METADATA.pb cua font do truoc khi dung)	Expressive Awkward,Expressive Calm,Expressive Childlike,Expressive Competent,Expressive Happy,Expressive Playful,Expressive Rugged,Expressive Sincere,Expressive Vintage,Purpose Learn To Write,Quality Concept,Quality Drawing	https://fonts.google.com/specimen/Playwrite+PE
Playwrite PE Guides	?	OFL (kiem lai METADATA.pb cua font do truoc khi dung)	Expressive Childlike,Expressive Playful,Expressive Rugged,Expressive Vintage,Purpose Learn To Write,Quality Concept,Quality Drawing,Quality Spacing,Quality Wordspace,Script Handwritten,Script Upright Script	https://fonts.google.com/specimen/Playwrite+PE+Guides
Playwrite PL	?	OFL (kiem lai METADATA.pb cua font do truoc khi dung)	Expressive Awkward,Expressive Calm,Expressive Childlike,Expressive Competent,Expressive Happy,Expressive Playful,Expressive Rugged,Expressive Sincere,Expressive Vintage,Purpose Learn To Write,Quality Concept,Quality Drawing	https://fonts.google.com/specimen/Playwrite+PL
Playwrite PL Guides	?	OFL (kiem lai METADATA.pb cua font do truoc khi dung)	Expressive Childlike,Expressive Playful,Expressive Rugged,Expressive Vintage,Purpose Learn To Write,Quality Concept,Quality Drawing,Quality Spacing,Quality Wordspace,Script Handwritten,Script Upright Script	https://fonts.google.com/specimen/Playwrite+PL+Guides
Playwrite PT	?	OFL (kiem lai METADATA.pb cua font do truoc khi dung)	Expressive Awkward,Expressive Calm,Expressive Childlike,Expressive Competent,Expressive Happy,Expressive Playful,Expressive Rugged,Expressive Sincere,Expressive Vintage,Purpose Learn To Write,Quality Concept,Quality Drawing	https://fonts.google.com/specimen/Playwrite+PT
Playwrite PT Guides	?	OFL (kiem lai METADATA.pb cua font do truoc khi dung)	Expressive Childlike,Expressive Playful,Expressive Rugged,Expressive Vintage,Purpose Learn To Write,Quality Concept,Quality Drawing,Quality Spacing,Quality Wordspace,Script Handwritten,Script Upright Script	https://fonts.google.com/specimen/Playwrite+PT+Guides
Playwrite RO	?	OFL (kiem lai METADATA.pb cua font do truoc khi dung)	Expressive Awkward,Expressive Calm,Expressive Childlike,Expressive Competent,Expressive Happy,Expressive Playful,Expressive Rugged,Expressive Sincere,Expressive Vintage,Purpose Learn To Write,Quality Concept,Quality Drawing	https://fonts.google.com/specimen/Playwrite+RO
Playwrite RO Guides	?	OFL (kiem lai METADATA.pb cua font do truoc khi dung)	Expressive Childlike,Expressive Playful,Expressive Rugged,Expressive Vintage,Purpose Learn To Write,Quality Concept,Quality Drawing,Quality Spacing,Quality Wordspace,Script Handwritten	https://fonts.google.com/specimen/Playwrite+RO+Guides
Playwrite SK	?	OFL (kiem lai METADATA.pb cua font do truoc khi dung)	Expressive Awkward,Expressive Calm,Expressive Childlike,Expressive Competent,Expressive Happy,Expressive Playful,Expressive Rugged,Expressive Sincere,Expressive Vintage,Purpose Learn To Write,Quality Concept,Quality Drawing	https://fonts.google.com/specimen/Playwrite+SK
Playwrite SK Guides	?	OFL (kiem lai METADATA.pb cua font do truoc khi dung)	Expressive Childlike,Expressive Playful,Expressive Rugged,Expressive Vintage,Purpose Learn To Write,Quality Concept,Quality Drawing,Quality Spacing,Quality Wordspace,Script Handwritten	https://fonts.google.com/specimen/Playwrite+SK+Guides
Playwrite TZ	?	OFL (kiem lai METADATA.pb cua font do truoc khi dung)	Expressive Awkward,Expressive Calm,Expressive Childlike,Expressive Competent,Expressive Happy,Expressive Playful,Expressive Rugged,Expressive Sincere,Expressive Vintage,Purpose Learn To Write,Quality Concept,Quality Drawing	https://fonts.google.com/specimen/Playwrite+TZ
Playwrite TZ Guides	?	OFL (kiem lai METADATA.pb cua font do truoc khi dung)	Expressive Childlike,Expressive Playful,Expressive Rugged,Expressive Vintage,Purpose Learn To Write,Quality Concept,Quality Drawing,Quality Spacing,Quality Wordspace,Script Handwritten	https://fonts.google.com/specimen/Playwrite+TZ+Guides
Playwrite US Modern	?	OFL (kiem lai METADATA.pb cua font do truoc khi dung)	Expressive Awkward,Expressive Calm,Expressive Childlike,Expressive Competent,Expressive Happy,Expressive Loud,Expressive Playful,Expressive Rugged,Expressive Sincere,Expressive Vintage,Purpose Learn To Write,Quality Concept	https://fonts.google.com/specimen/Playwrite+US+Modern
Playwrite US Modern Guides	?	OFL (kiem lai METADATA.pb cua font do truoc khi dung)	Expressive Childlike,Expressive Playful,Expressive Rugged,Expressive Vintage,Purpose Learn To Write,Quality Concept,Quality Drawing,Quality Spacing,Quality Wordspace,Script Handwritten,Script Upright Script	https://fonts.google.com/specimen/Playwrite+US+Modern+Guides
Playwrite US Trad	?	OFL (kiem lai METADATA.pb cua font do truoc khi dung)	Expressive Active,Expressive Awkward,Expressive Calm,Expressive Childlike,Expressive Competent,Expressive Happy,Expressive Playful,Expressive Rugged,Expressive Sincere,Expressive Vintage,Purpose Learn To Write,Quality Concept	https://fonts.google.com/specimen/Playwrite+US+Trad
Playwrite US Trad Guides	?	OFL (kiem lai METADATA.pb cua font do truoc khi dung)	Expressive Childlike,Expressive Playful,Expressive Rugged,Expressive Vintage,Purpose Learn To Write,Quality Concept,Quality Drawing,Quality Spacing,Quality Wordspace,Script Handwritten	https://fonts.google.com/specimen/Playwrite+US+Trad+Guides
Playwrite VN	?	OFL (kiem lai METADATA.pb cua font do truoc khi dung)	Expressive Awkward,Expressive Calm,Expressive Childlike,Expressive Competent,Expressive Happy,Expressive Loud,Expressive Playful,Expressive Rugged,Expressive Sincere,Expressive Vintage,Purpose Learn To Write,Quality Concept	https://fonts.google.com/specimen/Playwrite+VN
Playwrite VN Guides	?	OFL (kiem lai METADATA.pb cua font do truoc khi dung)	Expressive Childlike,Expressive Playful,Expressive Rugged,Expressive Vintage,Purpose Learn To Write,Quality Concept,Quality Drawing,Quality Spacing,Quality Wordspace,Script Handwritten,Script Upright Script	https://fonts.google.com/specimen/Playwrite+VN+Guides
Playwrite ZA	?	OFL (kiem lai METADATA.pb cua font do truoc khi dung)	Expressive Awkward,Expressive Calm,Expressive Childlike,Expressive Competent,Expressive Happy,Expressive Playful,Expressive Rugged,Expressive Sincere,Expressive Vintage,Purpose Learn To Write,Quality Concept,Quality Drawing	https://fonts.google.com/specimen/Playwrite+ZA
Playwrite ZA Guides	?	OFL (kiem lai METADATA.pb cua font do truoc khi dung)	Expressive Childlike,Expressive Playful,Expressive Rugged,Expressive Vintage,Purpose Learn To Write,Quality Concept,Quality Drawing,Quality Spacing,Quality Wordspace,Script Handwritten	https://fonts.google.com/specimen/Playwrite+ZA+Guides
Pliant	?	OFL (kiem lai METADATA.pb cua font do truoc khi dung)	wght@100,wght@125,Expressive Playful,Quality Concept,Quality Drawing,Quality Spacing,Quality Wordspace,Sans Geometric	https://fonts.google.com/specimen/Pliant
Plus Jakarta Sans	?	OFL (kiem lai METADATA.pb cua font do truoc khi dung)	Expressive Awkward,Expressive Business,Expressive Calm,Expressive Competent,Expressive Loud,Expressive Playful,Expressive Rugged,Expressive Vintage,Quality Concept,Quality Drawing,Quality Spacing,Quality Wordspace	https://fonts.google.com/specimen/Plus+Jakarta+Sans
Pochaevsk	?	OFL (kiem lai METADATA.pb cua font do truoc khi dung)	Expressive Business,Expressive Competent,Expressive Rugged,Expressive Vintage,Quality Concept,Quality Drawing,Quality Spacing,Quality Wordspace,Serif Old Style Garalde	https://fonts.google.com/specimen/Pochaevsk
Podkova	?	OFL (kiem lai METADATA.pb cua font do truoc khi dung)	Expressive Awkward,Expressive Business,Expressive Calm,Expressive Competent,Expressive Excited,Expressive Happy,Expressive Loud,Expressive Playful,Expressive Rugged,Expressive Stiff,Expressive Vintage,Quality Concept	https://fonts.google.com/specimen/Podkova
Poetsen One	?	OFL (kiem lai METADATA.pb cua font do truoc khi dung)	Expressive Active,Expressive Cute,Expressive Excited,Expressive Happy,Expressive Loud,Expressive Playful,Expressive Rugged,Expressive Vintage,Quality Concept,Quality Drawing,Quality Spacing,Quality Wordspace	https://fonts.google.com/specimen/Poetsen+One
Poiret One	?	OFL (kiem lai METADATA.pb cua font do truoc khi dung)	Expressive Awkward,Expressive Business,Expressive Calm,Expressive Happy,Expressive Rugged,Expressive Stiff,Expressive Vintage,Quality Concept,Quality Drawing,Quality Spacing,Quality Wordspace,Sans Geometric	https://fonts.google.com/specimen/Poiret+One
Poller One	?	OFL (kiem lai METADATA.pb cua font do truoc khi dung)	Expressive Awkward,Expressive Happy,Expressive Loud,Expressive Playful,Expressive Rugged,Expressive Stiff,Expressive Vintage,Quality Concept,Quality Drawing,Quality Spacing,Quality Wordspace,Sans Humanist	https://fonts.google.com/specimen/Poller+One
Poltawski Nowy	?	OFL (kiem lai METADATA.pb cua font do truoc khi dung)	Expressive Awkward,Expressive Business,Expressive Calm,Expressive Competent,Expressive Loud,Expressive Playful,Expressive Rugged,Expressive Vintage,Quality Concept,Quality Drawing,Quality Spacing,Quality Wordspace	https://fonts.google.com/specimen/Poltawski+Nowy
Poly	?	OFL (kiem lai METADATA.pb cua font do truoc khi dung)	Expressive Business,Expressive Loud,Expressive Rugged,Expressive Sincere,Expressive Stiff,Expressive Vintage,Quality Concept,Quality Drawing,Quality Spacing,Quality Wordspace,Serif Transitional	https://fonts.google.com/specimen/Poly
Pompiere	?	OFL (kiem lai METADATA.pb cua font do truoc khi dung)	Expressive Calm,Expressive Excited,Expressive Happy,Expressive Playful,Expressive Rugged,Expressive Sincere,Expressive Vintage,Quality Concept,Quality Drawing,Quality Spacing,Quality Wordspace,Seasonal Christmas	https://fonts.google.com/specimen/Pompiere
Ponnala	?	OFL (kiem lai METADATA.pb cua font do truoc khi dung)	Expressive Awkward,Expressive Loud,Expressive Rugged,Expressive Sincere,Quality Concept,Quality Drawing,Quality Spacing,Quality Wordspace,Seasonal Holi	https://fonts.google.com/specimen/Ponnala
Ponomar	?	OFL (kiem lai METADATA.pb cua font do truoc khi dung)	Expressive Competent,Expressive Loud,Expressive Rugged,Expressive Sincere,Expressive Vintage,Quality Concept,Quality Drawing,Quality Spacing,Quality Wordspace,Slab Humanist	https://fonts.google.com/specimen/Ponomar
Pontano Sans	?	OFL (kiem lai METADATA.pb cua font do truoc khi dung)	Expressive Awkward,Expressive Business,Expressive Calm,Expressive Competent,Expressive Loud,Expressive Playful,Expressive Rugged,Expressive Stiff,Expressive Vintage,Quality Concept,Quality Drawing,Quality Spacing	https://fonts.google.com/specimen/Pontano+Sans
Poor Story	?	OFL (kiem lai METADATA.pb cua font do truoc khi dung)	Expressive Awkward,Expressive Excited,Expressive Happy,Expressive Playful,Expressive Rugged,Expressive Sincere,Expressive Vintage,Quality Concept,Quality Drawing,Quality Spacing,Quality Wordspace,Theme Distressed	https://fonts.google.com/specimen/Poor+Story
Poppins	?	OFL (kiem lai METADATA.pb cua font do truoc khi dung)	Expressive Business,Expressive Calm,Expressive Competent,Expressive Loud,Expressive Rugged,Expressive Sincere,Expressive Vintage,Quality Concept,Quality Drawing,Quality Spacing,Quality Wordspace,Sans Geometric	https://fonts.google.com/specimen/Poppins
Port Lligat Sans	?	OFL (kiem lai METADATA.pb cua font do truoc khi dung)	Expressive Calm,Expressive Happy,Expressive Loud,Expressive Playful,Expressive Rugged,Expressive Stiff,Expressive Vintage,Quality Concept,Quality Drawing,Quality Spacing,Quality Wordspace,Sans Humanist	https://fonts.google.com/specimen/Port+Lligat+Sans
Port Lligat Slab	?	OFL (kiem lai METADATA.pb cua font do truoc khi dung)	Expressive Loud,Expressive Playful,Expressive Rugged,Expressive Sincere,Expressive Vintage,Quality Concept,Quality Drawing,Quality Spacing,Quality Wordspace,Serif Humanist Venetian,Slab Humanist	https://fonts.google.com/specimen/Port+Lligat+Slab
Potta One	?	OFL (kiem lai METADATA.pb cua font do truoc khi dung)	Expressive Awkward,Expressive Innovative,Expressive Loud,Expressive Playful,Expressive Rugged,Expressive Sincere,Quality Concept,Quality Drawing,Quality Spacing,Quality Wordspace,Theme Blobby,Theme Distressed	https://fonts.google.com/specimen/Potta+One
Pragati Narrow	?	OFL (kiem lai METADATA.pb cua font do truoc khi dung)	Expressive Business,Expressive Calm,Expressive Competent,Expressive Loud,Expressive Rugged,Expressive Stiff,Expressive Vintage,Quality Concept,Quality Drawing,Quality Spacing,Quality Wordspace,Sans Grotesque	https://fonts.google.com/specimen/Pragati+Narrow
Praise	?	OFL (kiem lai METADATA.pb cua font do truoc khi dung)	Expressive Active,Expressive Artistic,Expressive Cute,Expressive Happy,Expressive Loud,Expressive Playful,Expressive Rugged,Expressive Vintage,Quality Concept,Quality Drawing,Quality Spacing,Quality Wordspace	https://fonts.google.com/specimen/Praise
Prata	?	OFL (kiem lai METADATA.pb cua font do truoc khi dung)	Expressive Business,Expressive Competent,Expressive Loud,Expressive Rugged,Expressive Sincere,Expressive Stiff,Expressive Vintage,Quality Concept,Quality Drawing,Quality Spacing,Quality Wordspace,Serif Didone	https://fonts.google.com/specimen/Prata
Preahvihear	?	OFL (kiem lai METADATA.pb cua font do truoc khi dung)	Expressive Awkward,Expressive Excited,Expressive Happy,Expressive Loud,Expressive Playful,Expressive Rugged,Expressive Sincere,Expressive Vintage,Quality Concept,Quality Drawing,Quality Spacing,Quality Wordspace	https://fonts.google.com/specimen/Preahvihear
Press Start 2P	?	OFL (kiem lai METADATA.pb cua font do truoc khi dung)	Expressive Active,Expressive Awkward,Expressive Business,Expressive Cute,Expressive Excited,Expressive Futuristic,Expressive Innovative,Expressive Loud,Expressive Playful,Expressive Rugged,Expressive Stiff,Expressive Vintage	https://fonts.google.com/specimen/Press+Start+2P
Pridi	?	OFL (kiem lai METADATA.pb cua font do truoc khi dung)	Expressive Business,Expressive Loud,Expressive Rugged,Expressive Vintage,Quality Concept,Quality Drawing,Quality Spacing,Quality Wordspace,Serif Modern,Slab Clarendon	https://fonts.google.com/specimen/Pridi
Princess Sofia	?	OFL (kiem lai METADATA.pb cua font do truoc khi dung)	Expressive Awkward,Expressive Cute,Expressive Excited,Expressive Happy,Expressive Playful,Expressive Vintage,Quality Concept,Quality Drawing,Quality Spacing,Quality Wordspace,Script Informal,Theme Wacky	https://fonts.google.com/specimen/Princess+Sofia
Prociono	?	OFL (kiem lai METADATA.pb cua font do truoc khi dung)	Expressive Business,Expressive Loud,Expressive Rugged,Expressive Sincere,Expressive Vintage,Quality Concept,Quality Drawing,Quality Spacing,Quality Wordspace	https://fonts.google.com/specimen/Prociono
Prompt	?	OFL (kiem lai METADATA.pb cua font do truoc khi dung)	Expressive Business,Expressive Calm,Expressive Competent,Expressive Loud,Expressive Rugged,Expressive Sincere,Expressive Stiff,Expressive Vintage,Quality Concept,Quality Drawing,Quality Spacing,Quality Wordspace	https://fonts.google.com/specimen/Prompt
Prosto One	?	OFL (kiem lai METADATA.pb cua font do truoc khi dung)	Expressive Futuristic,Expressive Loud,Expressive Rugged,Expressive Stiff,Expressive Vintage,Quality Concept,Quality Drawing,Quality Spacing,Quality Wordspace,Theme Techno	https://fonts.google.com/specimen/Prosto+One
Protest Guerrilla	?	OFL (kiem lai METADATA.pb cua font do truoc khi dung)	Expressive Active,Expressive Awkward,Expressive Innovative,Expressive Loud,Expressive Rugged,Expressive Stiff,Expressive Vintage,Quality Concept,Quality Drawing,Quality Spacing,Quality Wordspace,Theme Stencil	https://fonts.google.com/specimen/Protest+Guerrilla
Protest Revolution	?	OFL (kiem lai METADATA.pb cua font do truoc khi dung)	Expressive Active,Expressive Awkward,Expressive Loud,Expressive Rugged,Expressive Sincere,Expressive Vintage,Quality Concept,Quality Drawing,Quality Spacing,Quality Wordspace,Seasonal Lunar New Year,Theme Brush	https://fonts.google.com/specimen/Protest+Revolution
Protest Riot	?	OFL (kiem lai METADATA.pb cua font do truoc khi dung)	Expressive Active,Expressive Childlike,Expressive Cute,Expressive Excited,Expressive Happy,Expressive Loud,Expressive Playful,Expressive Rugged,Expressive Sincere,Expressive Vintage,Quality Concept,Quality Drawing	https://fonts.google.com/specimen/Protest+Riot
Protest Strike	?	OFL (kiem lai METADATA.pb cua font do truoc khi dung)	Expressive Loud,Expressive Rugged,Expressive Sincere,Expressive Stiff,Expressive Vintage,Quality Concept,Quality Drawing,Quality Spacing,Quality Wordspace,Sans Neo Grotesque	https://fonts.google.com/specimen/Protest+Strike
Proza Libre	?	OFL (kiem lai METADATA.pb cua font do truoc khi dung)	Expressive Business,Expressive Calm,Expressive Competent,Expressive Loud,Expressive Rugged,Expressive Sincere,Expressive Stiff,Expressive Vintage,Quality Concept,Quality Drawing,Quality Spacing,Quality Wordspace	https://fonts.google.com/specimen/Proza+Libre
PT Mono	?	OFL (kiem lai METADATA.pb cua font do truoc khi dung)	Expressive Business,Expressive Loud,Expressive Rugged,Expressive Stiff,Expressive Vintage,Monospace Monospace,Quality Concept,Quality Drawing,Quality Spacing,Quality Wordspace	https://fonts.google.com/specimen/PT+Mono
PT Sans	?	OFL (kiem lai METADATA.pb cua font do truoc khi dung)	Expressive Business,Expressive Calm,Expressive Competent,Expressive Loud,Expressive Rugged,Expressive Sincere,Expressive Stiff,Expressive Vintage,Quality Concept,Quality Drawing,Quality Spacing,Quality Wordspace	https://fonts.google.com/specimen/PT+Sans
PT Sans Caption	?	OFL (kiem lai METADATA.pb cua font do truoc khi dung)	Expressive Business,Expressive Calm,Expressive Competent,Expressive Loud,Expressive Rugged,Expressive Sincere,Expressive Stiff,Expressive Vintage,Quality Concept,Quality Drawing,Quality Spacing,Quality Wordspace	https://fonts.google.com/specimen/PT+Sans+Caption
PT Sans Narrow	?	OFL (kiem lai METADATA.pb cua font do truoc khi dung)	Expressive Business,Expressive Calm,Expressive Competent,Expressive Loud,Expressive Rugged,Expressive Sincere,Expressive Stiff,Expressive Vintage,Quality Concept,Quality Drawing,Quality Spacing,Quality Wordspace	https://fonts.google.com/specimen/PT+Sans+Narrow
PT Serif	?	OFL (kiem lai METADATA.pb cua font do truoc khi dung)	Expressive Business,Expressive Competent,Expressive Loud,Expressive Rugged,Expressive Sincere,Expressive Stiff,Expressive Vintage,Quality Concept,Quality Drawing,Quality Spacing,Quality Wordspace,Serif Transitional	https://fonts.google.com/specimen/PT+Serif
PT Serif Caption	?	OFL (kiem lai METADATA.pb cua font do truoc khi dung)	Expressive Business,Expressive Competent,Expressive Loud,Expressive Rugged,Expressive Sincere,Expressive Stiff,Expressive Vintage,Quality Concept,Quality Drawing,Quality Spacing,Quality Wordspace,Slab Humanist	https://fonts.google.com/specimen/PT+Serif+Caption
Public Sans	?	OFL (kiem lai METADATA.pb cua font do truoc khi dung)	Expressive Awkward,Expressive Business,Expressive Calm,Expressive Competent,Expressive Happy,Expressive Loud,Expressive Playful,Expressive Rugged,Expressive Stiff,Expressive Vintage,Quality Concept,Quality Drawing	https://fonts.google.com/specimen/Public+Sans
Puppies Play	?	OFL (kiem lai METADATA.pb cua font do truoc khi dung)	Expressive Active,Expressive Awkward,Expressive Cute,Expressive Excited,Expressive Fancy,Expressive Happy,Expressive Playful,Expressive Vintage,Quality Concept,Quality Drawing,Quality Spacing,Quality Wordspace	https://fonts.google.com/specimen/Puppies+Play
Puritan	?	OFL (kiem lai METADATA.pb cua font do truoc khi dung)	Expressive Business,Expressive Calm,Expressive Competent,Expressive Loud,Expressive Rugged,Expressive Sincere,Expressive Stiff,Expressive Vintage,Quality Concept,Quality Drawing,Quality Spacing,Quality Wordspace	https://fonts.google.com/specimen/Puritan
Purple Purse	?	OFL (kiem lai METADATA.pb cua font do truoc khi dung)	Expressive Awkward,Expressive Excited,Expressive Happy,Expressive Loud,Expressive Playful,Expressive Rugged,Expressive Vintage,Quality Concept,Quality Drawing,Quality Spacing,Quality Wordspace,Seasonal Halloween	https://fonts.google.com/specimen/Purple+Purse
Qahiri	?	OFL (kiem lai METADATA.pb cua font do truoc khi dung)	Expressive Artistic,Expressive Awkward,Expressive Innovative,Expressive Loud,Expressive Playful,Expressive Rugged,Expressive Stiff,Expressive Vintage,Quality Concept,Quality Drawing,Quality Spacing,Quality Wordspace	https://fonts.google.com/specimen/Qahiri
Quando	?	OFL (kiem lai METADATA.pb cua font do truoc khi dung)	Expressive Active,Expressive Business,Expressive Competent,Expressive Cute,Expressive Happy,Expressive Loud,Expressive Playful,Expressive Rugged,Expressive Sincere,Expressive Stiff,Expressive Vintage,Quality Concept	https://fonts.google.com/specimen/Quando
Quantico	?	OFL (kiem lai METADATA.pb cua font do truoc khi dung)	Expressive Awkward,Expressive Futuristic,Expressive Loud,Expressive Rugged,Expressive Stiff,Expressive Vintage,Quality Concept,Quality Drawing,Quality Spacing,Quality Wordspace,Sans Geometric,Sans Glyphic	https://fonts.google.com/specimen/Quantico
Quattrocento	?	OFL (kiem lai METADATA.pb cua font do truoc khi dung)	Expressive Business,Expressive Competent,Expressive Rugged,Expressive Vintage,Quality Concept,Quality Drawing,Quality Spacing,Quality Wordspace,Serif Humanist Venetian,Serif Old Style Garalde	https://fonts.google.com/specimen/Quattrocento
Quattrocento Sans	?	OFL (kiem lai METADATA.pb cua font do truoc khi dung)	Expressive Business,Expressive Calm,Expressive Competent,Expressive Rugged,Expressive Sincere,Expressive Stiff,Expressive Vintage,Quality Concept,Quality Drawing,Quality Spacing,Quality Wordspace,Sans Humanist	https://fonts.google.com/specimen/Quattrocento+Sans
Questrial	?	OFL (kiem lai METADATA.pb cua font do truoc khi dung)	Expressive Business,Expressive Calm,Expressive Competent,Expressive Rugged,Expressive Sincere,Expressive Vintage,Quality Concept,Quality Drawing,Quality Spacing,Quality Wordspace,Sans Geometric	https://fonts.google.com/specimen/Questrial
Quicksand	?	OFL (kiem lai METADATA.pb cua font do truoc khi dung)	Expressive Awkward,Expressive Business,Expressive Calm,Expressive Competent,Expressive Happy,Expressive Playful,Expressive Rugged,Expressive Sincere,Expressive Stiff,Expressive Vintage,Quality Concept,Quality Drawing	https://fonts.google.com/specimen/Quicksand
Quintessential	?	OFL (kiem lai METADATA.pb cua font do truoc khi dung)	Expressive Active,Expressive Rugged,Expressive Sophisticated,Expressive Vintage,Quality Concept,Quality Drawing,Quality Spacing,Quality Wordspace,Script Formal,Script Handwritten,Script Upright Script,Seasonal Diwali	https://fonts.google.com/specimen/Quintessential
Qwigley	?	OFL (kiem lai METADATA.pb cua font do truoc khi dung)	Expressive Active,Expressive Artistic,Expressive Awkward,Expressive Cute,Expressive Excited,Expressive Fancy,Expressive Happy,Expressive Playful,Expressive Rugged,Expressive Sophisticated,Expressive Vintage,Quality Concept	https://fonts.google.com/specimen/Qwigley
Qwitcher Grypen	?	OFL (kiem lai METADATA.pb cua font do truoc khi dung)	Expressive Active,Expressive Artistic,Expressive Awkward,Expressive Cute,Expressive Excited,Expressive Fancy,Expressive Happy,Expressive Playful,Expressive Sophisticated,Expressive Vintage,Quality Concept,Quality Drawing	https://fonts.google.com/specimen/Qwitcher+Grypen
Racing Sans One	?	OFL (kiem lai METADATA.pb cua font do truoc khi dung)	Expressive Active,Expressive Cute,Expressive Loud,Expressive Rugged,Expressive Vintage,Quality Concept,Quality Drawing,Quality Spacing,Quality Wordspace,Sans Humanist	https://fonts.google.com/specimen/Racing+Sans+One
Radio Canada	?	OFL (kiem lai METADATA.pb cua font do truoc khi dung)	wght@75,wght@100,Expressive Playful,Expressive Stiff,Quality Concept,Quality Drawing,Quality Spacing,Quality Wordspace,Sans Humanist	https://fonts.google.com/specimen/Radio+Canada
Radio Canada Big	?	OFL (kiem lai METADATA.pb cua font do truoc khi dung)	Expressive Awkward,Expressive Business,Expressive Calm,Expressive Competent,Expressive Loud,Expressive Playful,Expressive Rugged,Expressive Vintage,Quality Concept,Quality Drawing,Quality Spacing,Quality Wordspace	https://fonts.google.com/specimen/Radio+Canada+Big
Radley	?	OFL (kiem lai METADATA.pb cua font do truoc khi dung)	Expressive Business,Expressive Competent,Expressive Loud,Expressive Rugged,Expressive Vintage,Quality Concept,Quality Drawing,Quality Spacing,Quality Wordspace,Serif Old Style Garalde	https://fonts.google.com/specimen/Radley
Rajdhani	?	OFL (kiem lai METADATA.pb cua font do truoc khi dung)	Expressive Awkward,Expressive Calm,Expressive Futuristic,Expressive Rugged,Expressive Stiff,Expressive Vintage,Quality Concept,Quality Drawing,Quality Spacing,Quality Wordspace,Sans Humanist,Sans Superellipse	https://fonts.google.com/specimen/Rajdhani
Rakkas	?	OFL (kiem lai METADATA.pb cua font do truoc khi dung)	Expressive Excited,Expressive Innovative,Expressive Loud,Expressive Rugged,Expressive Vintage,Quality Concept,Quality Drawing,Quality Spacing,Quality Wordspace,Serif Humanist Venetian	https://fonts.google.com/specimen/Rakkas
Raleway	?	OFL (kiem lai METADATA.pb cua font do truoc khi dung)	Expressive Awkward,Expressive Business,Expressive Calm,Expressive Competent,Expressive Happy,Expressive Loud,Expressive Playful,Expressive Rugged,Expressive Stiff,Expressive Vintage,Quality Concept,Quality Drawing	https://fonts.google.com/specimen/Raleway
Raleway Dots	?	OFL (kiem lai METADATA.pb cua font do truoc khi dung)	Expressive Awkward,Expressive Business,Expressive Cute,Expressive Innovative,Expressive Playful,Expressive Rugged,Expressive Stiff,Expressive Vintage,Quality Concept,Quality Drawing,Quality Spacing,Quality Wordspace	https://fonts.google.com/specimen/Raleway+Dots
Ramabhadra	?	OFL (kiem lai METADATA.pb cua font do truoc khi dung)	Expressive Business,Expressive Calm,Expressive Competent,Expressive Loud,Expressive Rugged,Expressive Sincere,Expressive Stiff,Expressive Vintage,Quality Concept,Quality Drawing,Quality Spacing,Quality Wordspace	https://fonts.google.com/specimen/Ramabhadra
Ramaraja	?	OFL (kiem lai METADATA.pb cua font do truoc khi dung)	Expressive Business,Expressive Competent,Expressive Loud,Expressive Rugged,Expressive Vintage,Quality Concept,Quality Drawing,Quality Spacing,Quality Wordspace,Serif Old Style Garalde	https://fonts.google.com/specimen/Ramaraja
Rambla	?	OFL (kiem lai METADATA.pb cua font do truoc khi dung)	Expressive Business,Expressive Calm,Expressive Competent,Expressive Excited,Expressive Loud,Expressive Rugged,Expressive Sincere,Expressive Stiff,Expressive Vintage,Quality Concept,Quality Drawing,Quality Spacing	https://fonts.google.com/specimen/Rambla
Rammetto One	?	OFL (kiem lai METADATA.pb cua font do truoc khi dung)	Expressive Awkward,Expressive Cute,Expressive Excited,Expressive Happy,Expressive Innovative,Expressive Loud,Expressive Playful,Expressive Rugged,Expressive Vintage,Quality Concept,Quality Drawing,Quality Spacing	https://fonts.google.com/specimen/Rammetto+One
Rampart One	?	OFL (kiem lai METADATA.pb cua font do truoc khi dung)	Expressive Active,Expressive Awkward,Expressive Cute,Expressive Excited,Expressive Happy,Expressive Innovative,Expressive Playful,Expressive Rugged,Expressive Vintage,Quality Concept,Quality Drawing,Quality Spacing	https://fonts.google.com/specimen/Rampart+One
Ramsina	?	OFL (kiem lai METADATA.pb cua font do truoc khi dung)	Expressive Business,Expressive Loud,Expressive Rugged,Expressive Vintage,Quality Concept,Quality Drawing,Quality Spacing,Quality Wordspace,Serif Old Style Garalde,Serif Transitional	https://fonts.google.com/specimen/Ramsina
Ranchers	?	OFL (kiem lai METADATA.pb cua font do truoc khi dung)	Expressive Active,Expressive Awkward,Expressive Cute,Expressive Excited,Expressive Happy,Expressive Innovative,Expressive Loud,Expressive Playful,Expressive Rugged,Expressive Vintage,Quality Concept,Quality Drawing	https://fonts.google.com/specimen/Ranchers
Rancho	?	OFL (kiem lai METADATA.pb cua font do truoc khi dung)	Expressive Active,Expressive Childlike,Expressive Excited,Expressive Happy,Expressive Loud,Expressive Playful,Expressive Rugged,Expressive Sincere,Expressive Vintage,Quality Concept,Quality Drawing,Quality Spacing	https://fonts.google.com/specimen/Rancho
Ranga	?	OFL (kiem lai METADATA.pb cua font do truoc khi dung)	Expressive Active,Expressive Excited,Expressive Loud,Expressive Playful,Expressive Rugged,Expressive Vintage,Quality Concept,Quality Drawing,Quality Spacing,Quality Wordspace,Script Informal,Theme Brush	https://fonts.google.com/specimen/Ranga
Rasa	?	OFL (kiem lai METADATA.pb cua font do truoc khi dung)	Expressive Awkward,Expressive Business,Expressive Calm,Expressive Competent,Expressive Loud,Expressive Playful,Expressive Rugged,Expressive Sincere,Expressive Stiff,Expressive Vintage,Quality Concept,Quality Drawing	https://fonts.google.com/specimen/Rasa
Rationale	?	OFL (kiem lai METADATA.pb cua font do truoc khi dung)	Expressive Active,Expressive Futuristic,Expressive Loud,Expressive Rugged,Expressive Stiff,Expressive Vintage,Quality Concept,Quality Drawing,Quality Spacing,Quality Wordspace,Theme Techno	https://fonts.google.com/specimen/Rationale
Ravi Prakash	?	OFL (kiem lai METADATA.pb cua font do truoc khi dung)	Expressive Awkward,Expressive Excited,Expressive Innovative,Expressive Loud,Expressive Rugged,Expressive Vintage,Quality Concept,Quality Drawing,Quality Spacing,Quality Wordspace	https://fonts.google.com/specimen/Ravi+Prakash
Readex Pro	?	OFL (kiem lai METADATA.pb cua font do truoc khi dung)	Expressive Awkward,Expressive Calm,Expressive Competent,Expressive Loud,Expressive Playful,Expressive Rugged,Expressive Stiff,Expressive Vintage,Purpose Easy Reading,Quality Concept,Quality Drawing,Quality Spacing	https://fonts.google.com/specimen/Readex+Pro
Recursive	?	OFL (kiem lai METADATA.pb cua font do truoc khi dung)	Expressive Awkward,Expressive Business,Expressive Calm,Expressive Competent,Expressive Loud,Expressive Playful,Expressive Rugged,Expressive Stiff,Expressive Vintage,Quality Concept,Quality Drawing,Quality Spacing	https://fonts.google.com/specimen/Recursive
Red Hat Display	?	OFL (kiem lai METADATA.pb cua font do truoc khi dung)	Expressive Awkward,Expressive Business,Expressive Calm,Expressive Competent,Expressive Loud,Expressive Playful,Expressive Rugged,Expressive Stiff,Expressive Vintage,Quality Concept,Quality Drawing,Quality Spacing	https://fonts.google.com/specimen/Red+Hat+Display
Red Hat Mono	?	OFL (kiem lai METADATA.pb cua font do truoc khi dung)	Expressive Awkward,Expressive Business,Expressive Calm,Expressive Competent,Expressive Playful,Expressive Rugged,Expressive Stiff,Expressive Vintage,Monospace Monospace,Quality Concept,Quality Drawing,Quality Spacing	https://fonts.google.com/specimen/Red+Hat+Mono
Red Hat Text	?	OFL (kiem lai METADATA.pb cua font do truoc khi dung)	Expressive Awkward,Expressive Business,Expressive Calm,Expressive Competent,Expressive Playful,Expressive Rugged,Expressive Stiff,Expressive Vintage,Quality Concept,Quality Drawing,Quality Spacing,Quality Wordspace	https://fonts.google.com/specimen/Red+Hat+Text
Red Rose	?	OFL (kiem lai METADATA.pb cua font do truoc khi dung)	Expressive Awkward,Expressive Business,Expressive Calm,Expressive Competent,Expressive Loud,Expressive Playful,Expressive Rugged,Expressive Sincere,Expressive Stiff,Expressive Vintage,Quality Concept,Quality Drawing	https://fonts.google.com/specimen/Red+Rose
Redacted	?	OFL (kiem lai METADATA.pb cua font do truoc khi dung)	Quality Concept,Quality Drawing,Quality Spacing,Quality Wordspace,Special use Redaction	https://fonts.google.com/specimen/Redacted
Redacted Script	?	OFL (kiem lai METADATA.pb cua font do truoc khi dung)	Quality Concept,Quality Drawing,Quality Spacing,Quality Wordspace,Special use Redaction	https://fonts.google.com/specimen/Redacted+Script
Reddit Mono	?	OFL (kiem lai METADATA.pb cua font do truoc khi dung)	Expressive Awkward,Expressive Business,Expressive Calm,Expressive Competent,Expressive Futuristic,Expressive Happy,Expressive Loud,Expressive Playful,Expressive Rugged,Expressive Stiff,Expressive Vintage,Monospace Monospace	https://fonts.google.com/specimen/Reddit+Mono
Reddit Sans	?	OFL (kiem lai METADATA.pb cua font do truoc khi dung)	Expressive Awkward,Expressive Business,Expressive Calm,Expressive Competent,Expressive Happy,Expressive Loud,Expressive Playful,Expressive Rugged,Expressive Vintage,Quality Concept,Quality Drawing,Quality Spacing	https://fonts.google.com/specimen/Reddit+Sans
Reddit Sans Condensed	?	OFL (kiem lai METADATA.pb cua font do truoc khi dung)	Expressive Awkward,Expressive Business,Expressive Calm,Expressive Competent,Expressive Happy,Expressive Loud,Expressive Playful,Expressive Rugged,Expressive Stiff,Expressive Vintage,Quality Concept,Quality Drawing	https://fonts.google.com/specimen/Reddit+Sans+Condensed
Redressed	?	OFL (kiem lai METADATA.pb cua font do truoc khi dung)	Expressive Awkward,Expressive Loud,Expressive Rugged,Expressive Stiff,Expressive Vintage,Quality Concept,Quality Drawing,Quality Spacing,Quality Wordspace,Script Upright Script	https://fonts.google.com/specimen/Redressed
Reem Kufi	?	OFL (kiem lai METADATA.pb cua font do truoc khi dung)	Expressive Awkward,Expressive Calm,Expressive Competent,Expressive Loud,Expressive Playful,Expressive Rugged,Expressive Vintage,Quality Concept,Quality Drawing,Quality Spacing,Quality Wordspace,Sans Geometric	https://fonts.google.com/specimen/Reem+Kufi
Reem Kufi Fun	?	OFL (kiem lai METADATA.pb cua font do truoc khi dung)	Expressive Awkward,Expressive Calm,Expressive Competent,Expressive Loud,Expressive Playful,Expressive Rugged,Expressive Vintage,Quality Concept,Quality Drawing,Quality Spacing,Quality Wordspace,Sans Geometric	https://fonts.google.com/specimen/Reem+Kufi+Fun
Reem Kufi Ink	?	OFL (kiem lai METADATA.pb cua font do truoc khi dung)	Expressive Calm,Expressive Competent,Expressive Loud,Expressive Rugged,Expressive Sincere,Expressive Vintage,Quality Concept,Quality Drawing,Quality Spacing,Quality Wordspace,Sans Geometric	https://fonts.google.com/specimen/Reem+Kufi+Ink
Reenie Beanie	?	OFL (kiem lai METADATA.pb cua font do truoc khi dung)	Expressive Active,Expressive Awkward,Expressive Childlike,Expressive Excited,Expressive Happy,Expressive Playful,Expressive Rugged,Expressive Sincere,Expressive Vintage,Quality Concept,Quality Drawing,Quality Spacing	https://fonts.google.com/specimen/Reenie+Beanie
Reggae One	?	OFL (kiem lai METADATA.pb cua font do truoc khi dung)	Expressive Awkward,Expressive Excited,Expressive Happy,Expressive Loud,Expressive Playful,Expressive Rugged,Expressive Vintage,Quality Concept,Quality Drawing,Quality Spacing,Quality Wordspace,Theme Techno	https://fonts.google.com/specimen/Reggae+One
REM	?	OFL (kiem lai METADATA.pb cua font do truoc khi dung)	Expressive Awkward,Expressive Business,Expressive Calm,Expressive Competent,Expressive Happy,Expressive Loud,Expressive Playful,Expressive Rugged,Expressive Stiff,Expressive Vintage,Quality Concept,Quality Drawing	https://fonts.google.com/specimen/REM
Rethink Sans	?	OFL (kiem lai METADATA.pb cua font do truoc khi dung)	Expressive Awkward,Expressive Business,Expressive Calm,Expressive Competent,Expressive Loud,Expressive Playful,Expressive Rugged,Expressive Stiff,Expressive Vintage,Quality Concept,Quality Drawing,Quality Spacing	https://fonts.google.com/specimen/Rethink+Sans
Revalia	?	OFL (kiem lai METADATA.pb cua font do truoc khi dung)	Expressive Active,Expressive Awkward,Expressive Futuristic,Expressive Loud,Expressive Playful,Expressive Rugged,Expressive Stiff,Expressive Vintage,Quality Concept,Quality Drawing,Quality Spacing,Quality Wordspace	https://fonts.google.com/specimen/Revalia
Rhodium Libre	?	OFL (kiem lai METADATA.pb cua font do truoc khi dung)	Expressive Business,Expressive Loud,Expressive Rugged,Expressive Sincere,Expressive Stiff,Expressive Vintage,Quality Concept,Quality Drawing,Quality Spacing,Quality Wordspace,Serif Transitional	https://fonts.google.com/specimen/Rhodium+Libre
Ribeye	?	OFL (kiem lai METADATA.pb cua font do truoc khi dung)	Expressive Awkward,Expressive Cute,Expressive Excited,Expressive Happy,Expressive Loud,Expressive Playful,Expressive Rugged,Expressive Sincere,Expressive Vintage,Quality Concept,Quality Drawing,Quality Spacing	https://fonts.google.com/specimen/Ribeye
Ribeye Marrow	?	OFL (kiem lai METADATA.pb cua font do truoc khi dung)	Expressive Awkward,Expressive Cute,Expressive Excited,Expressive Happy,Expressive Innovative,Expressive Playful,Expressive Rugged,Expressive Sincere,Expressive Vintage,Quality Concept,Quality Drawing,Quality Spacing	https://fonts.google.com/specimen/Ribeye+Marrow
Righteous	?	OFL (kiem lai METADATA.pb cua font do truoc khi dung)	Expressive Awkward,Expressive Happy,Expressive Innovative,Expressive Loud,Expressive Rugged,Expressive Stiff,Expressive Vintage,Quality Concept,Quality Drawing,Quality Spacing,Quality Wordspace,Sans Geometric	https://fonts.google.com/specimen/Righteous
Risque	?	OFL (kiem lai METADATA.pb cua font do truoc khi dung)	Expressive Awkward,Expressive Excited,Expressive Happy,Expressive Loud,Expressive Playful,Expressive Rugged,Expressive Sincere,Expressive Vintage,Quality Concept,Quality Drawing,Quality Spacing,Quality Wordspace	https://fonts.google.com/specimen/Risque
Road Rage	?	OFL (kiem lai METADATA.pb cua font do truoc khi dung)	Expressive Active,Expressive Awkward,Expressive Happy,Expressive Innovative,Expressive Loud,Expressive Playful,Expressive Rugged,Expressive Stiff,Expressive Vintage,Quality Concept,Quality Drawing,Quality Spacing	https://fonts.google.com/specimen/Road+Rage
Roboto	?	OFL (kiem lai METADATA.pb cua font do truoc khi dung)	wght@75,wght@100,Expressive Playful,Quality Concept,Quality Drawing,Quality Spacing,Quality Wordspace,Sans Neo Grotesque	https://fonts.google.com/specimen/Roboto
Roboto Condensed	?	OFL (kiem lai METADATA.pb cua font do truoc khi dung)	Expressive Active,Expressive Awkward,Expressive Business,Expressive Calm,Expressive Competent,Expressive Futuristic,Expressive Loud,Expressive Playful,Expressive Rugged,Expressive Stiff,Expressive Vintage,Quality Concept	https://fonts.google.com/specimen/Roboto+Condensed
Roboto Flex	?	OFL (kiem lai METADATA.pb cua font do truoc khi dung)	wght@25,wght@151,Expressive Playful,Expressive Stiff,Quality Concept,Quality Drawing,Quality Spacing,Quality Wordspace,Sans Neo Grotesque	https://fonts.google.com/specimen/Roboto+Flex
Roboto Mono	?	OFL (kiem lai METADATA.pb cua font do truoc khi dung)	Expressive Awkward,Expressive Business,Expressive Calm,Expressive Competent,Expressive Loud,Expressive Playful,Expressive Rugged,Expressive Stiff,Expressive Vintage,Monospace Monospace,Quality Concept,Quality Drawing	https://fonts.google.com/specimen/Roboto+Mono
Roboto Serif	?	OFL (kiem lai METADATA.pb cua font do truoc khi dung)	wght@50,wght@150,Expressive Playful,Quality Concept,Quality Drawing,Quality Spacing,Quality Wordspace,Serif Modern,Serif Transitional	https://fonts.google.com/specimen/Roboto+Serif
Roboto Slab	?	OFL (kiem lai METADATA.pb cua font do truoc khi dung)	Expressive Awkward,Expressive Business,Expressive Calm,Expressive Competent,Expressive Loud,Expressive Playful,Expressive Rugged,Expressive Vintage,Quality Concept,Quality Drawing,Quality Spacing,Quality Wordspace	https://fonts.google.com/specimen/Roboto+Slab
Rochester	?	OFL (kiem lai METADATA.pb cua font do truoc khi dung)	Expressive Active,Expressive Artistic,Expressive Cute,Expressive Excited,Expressive Fancy,Expressive Happy,Expressive Playful,Expressive Rugged,Expressive Sophisticated,Expressive Vintage,Quality Concept,Quality Drawing	https://fonts.google.com/specimen/Rochester
Rock 3D	?	OFL (kiem lai METADATA.pb cua font do truoc khi dung)	Expressive Awkward,Expressive Excited,Expressive Happy,Expressive Innovative,Expressive Playful,Expressive Rugged,Expressive Vintage,Quality Concept,Quality Drawing,Quality Spacing,Quality Wordspace,Theme Distressed	https://fonts.google.com/specimen/Rock+3D
Rock Salt	?	OFL (kiem lai METADATA.pb cua font do truoc khi dung)	Expressive Active,Expressive Artistic,Expressive Awkward,Expressive Childlike,Expressive Excited,Expressive Happy,Expressive Loud,Expressive Playful,Expressive Rugged,Expressive Vintage,Quality Concept,Quality Drawing	https://fonts.google.com/specimen/Rock+Salt
RocknRoll One	?	OFL (kiem lai METADATA.pb cua font do truoc khi dung)	Expressive Business,Expressive Happy,Expressive Loud,Expressive Playful,Expressive Rugged,Expressive Stiff,Expressive Vintage,Quality Concept,Quality Drawing,Quality Spacing,Quality Wordspace,Sans Grotesque	https://fonts.google.com/specimen/RocknRoll+One
Rokkitt	?	OFL (kiem lai METADATA.pb cua font do truoc khi dung)	Expressive Awkward,Expressive Business,Expressive Calm,Expressive Competent,Expressive Loud,Expressive Playful,Expressive Rugged,Expressive Vintage,Quality Concept,Quality Drawing,Quality Spacing,Quality Wordspace	https://fonts.google.com/specimen/Rokkitt
Romanesco	?	OFL (kiem lai METADATA.pb cua font do truoc khi dung)	Expressive Active,Expressive Artistic,Expressive Excited,Expressive Fancy,Expressive Loud,Expressive Rugged,Expressive Sophisticated,Expressive Vintage,Quality Concept,Quality Drawing,Quality Spacing,Quality Wordspace	https://fonts.google.com/specimen/Romanesco
Ropa Sans	?	OFL (kiem lai METADATA.pb cua font do truoc khi dung)	Expressive Active,Expressive Business,Expressive Calm,Expressive Competent,Expressive Loud,Expressive Rugged,Expressive Sincere,Expressive Stiff,Expressive Vintage,Quality Concept,Quality Drawing,Quality Spacing	https://fonts.google.com/specimen/Ropa+Sans
Rosario	?	OFL (kiem lai METADATA.pb cua font do truoc khi dung)	Expressive Awkward,Expressive Business,Expressive Calm,Expressive Competent,Expressive Loud,Expressive Playful,Expressive Rugged,Expressive Stiff,Expressive Vintage,Quality Concept,Quality Drawing,Quality Spacing	https://fonts.google.com/specimen/Rosario
Rosarivo	?	OFL (kiem lai METADATA.pb cua font do truoc khi dung)	Expressive Business,Expressive Competent,Expressive Loud,Expressive Rugged,Expressive Sincere,Expressive Vintage,Quality Concept,Quality Drawing,Quality Spacing,Quality Wordspace,Serif Humanist Venetian	https://fonts.google.com/specimen/Rosarivo
Rouge Script	?	OFL (kiem lai METADATA.pb cua font do truoc khi dung)	Expressive Active,Expressive Artistic,Expressive Cute,Expressive Excited,Expressive Fancy,Expressive Happy,Expressive Rugged,Expressive Sophisticated,Expressive Vintage,Quality Concept,Quality Drawing,Quality Spacing	https://fonts.google.com/specimen/Rouge+Script
Rowdies	?	OFL (kiem lai METADATA.pb cua font do truoc khi dung)	Expressive Happy,Expressive Loud,Expressive Rugged,Expressive Sincere,Expressive Stiff,Expressive Vintage,Quality Concept,Quality Drawing,Quality Spacing,Quality Wordspace,Sans Humanist,Theme Wacky	https://fonts.google.com/specimen/Rowdies
Rozha One	?	OFL (kiem lai METADATA.pb cua font do truoc khi dung)	Expressive Business,Expressive Loud,Expressive Rugged,Expressive Vintage,Quality Concept,Quality Drawing,Quality Spacing,Quality Wordspace,Seasonal Diwali,Seasonal Holi,Serif Didone,Serif Fat Face	https://fonts.google.com/specimen/Rozha+One
Rubik	?	OFL (kiem lai METADATA.pb cua font do truoc khi dung)	Expressive Awkward,Expressive Business,Expressive Calm,Expressive Competent,Expressive Happy,Expressive Loud,Expressive Playful,Expressive Rugged,Expressive Stiff,Expressive Vintage,Quality Concept,Quality Drawing	https://fonts.google.com/specimen/Rubik
Rubik 80s Fade	?	OFL (kiem lai METADATA.pb cua font do truoc khi dung)	Expressive Awkward,Expressive Business,Expressive Excited,Expressive Futuristic,Expressive Innovative,Expressive Loud,Expressive Rugged,Expressive Vintage,Quality Concept,Quality Drawing,Quality Spacing,Quality Wordspace	https://fonts.google.com/specimen/Rubik+80s+Fade
Rubik Beastly	?	OFL (kiem lai METADATA.pb cua font do truoc khi dung)	Expressive Awkward,Expressive Cute,Expressive Excited,Expressive Innovative,Expressive Loud,Expressive Playful,Expressive Rugged,Expressive Stiff,Expressive Vintage,Quality Concept,Quality Drawing,Quality Spacing	https://fonts.google.com/specimen/Rubik+Beastly
Rubik Broken Fax	?	OFL (kiem lai METADATA.pb cua font do truoc khi dung)	Expressive Awkward,Expressive Excited,Expressive Futuristic,Expressive Innovative,Expressive Loud,Expressive Rugged,Expressive Vintage,Quality Concept,Quality Drawing,Quality Spacing,Quality Wordspace,Theme Pixel	https://fonts.google.com/specimen/Rubik+Broken+Fax
Rubik Bubbles	?	OFL (kiem lai METADATA.pb cua font do truoc khi dung)	Expressive Awkward,Expressive Cute,Expressive Excited,Expressive Innovative,Expressive Loud,Expressive Playful,Expressive Rugged,Expressive Vintage,Quality Concept,Quality Drawing,Quality Spacing,Quality Wordspace	https://fonts.google.com/specimen/Rubik+Bubbles
Rubik Burned	?	OFL (kiem lai METADATA.pb cua font do truoc khi dung)	Expressive Awkward,Expressive Excited,Expressive Innovative,Expressive Rugged,Expressive Vintage,Quality Concept,Quality Drawing,Quality Spacing,Quality Wordspace,Seasonal Halloween,Theme Distressed,Theme Wacky	https://fonts.google.com/specimen/Rubik+Burned
Rubik Dirt	?	OFL (kiem lai METADATA.pb cua font do truoc khi dung)	Expressive Awkward,Expressive Excited,Expressive Innovative,Expressive Loud,Expressive Playful,Expressive Rugged,Expressive Vintage,Quality Concept,Quality Drawing,Quality Spacing,Quality Wordspace,Theme Distressed	https://fonts.google.com/specimen/Rubik+Dirt
Rubik Distressed	?	OFL (kiem lai METADATA.pb cua font do truoc khi dung)	Expressive Awkward,Expressive Excited,Expressive Innovative,Expressive Loud,Expressive Playful,Expressive Rugged,Expressive Stiff,Expressive Vintage,Quality Concept,Quality Drawing,Quality Spacing,Quality Wordspace	https://fonts.google.com/specimen/Rubik+Distressed
Rubik Doodle Shadow	?	OFL (kiem lai METADATA.pb cua font do truoc khi dung)	Expressive Awkward,Expressive Excited,Expressive Happy,Expressive Innovative,Expressive Playful,Expressive Rugged,Expressive Vintage,Quality Concept,Quality Drawing,Quality Spacing,Quality Wordspace,Theme Shaded	https://fonts.google.com/specimen/Rubik+Doodle+Shadow
Rubik Doodle Triangles	?	OFL (kiem lai METADATA.pb cua font do truoc khi dung)	Expressive Awkward,Expressive Innovative,Expressive Loud,Expressive Rugged,Expressive Vintage,Quality Concept,Quality Drawing,Quality Spacing,Quality Wordspace,Theme Techno	https://fonts.google.com/specimen/Rubik+Doodle+Triangles
Rubik Gemstones	?	OFL (kiem lai METADATA.pb cua font do truoc khi dung)	Expressive Awkward,Expressive Cute,Expressive Excited,Expressive Innovative,Expressive Loud,Expressive Playful,Expressive Rugged,Expressive Vintage,Quality Concept,Quality Drawing,Quality Spacing,Quality Wordspace	https://fonts.google.com/specimen/Rubik+Gemstones
Rubik Glitch	?	OFL (kiem lai METADATA.pb cua font do truoc khi dung)	Expressive Awkward,Expressive Excited,Expressive Futuristic,Expressive Innovative,Expressive Loud,Expressive Playful,Expressive Rugged,Expressive Vintage,Quality Concept,Quality Drawing,Quality Spacing,Quality Wordspace	https://fonts.google.com/specimen/Rubik+Glitch
Rubik Glitch Pop	?	OFL (kiem lai METADATA.pb cua font do truoc khi dung)	Expressive Awkward,Expressive Innovative,Expressive Rugged,Expressive Vintage,Quality Concept,Quality Drawing,Quality Spacing,Quality Wordspace,Seasonal Holi,Theme Distressed	https://fonts.google.com/specimen/Rubik+Glitch+Pop
Rubik Iso	?	OFL (kiem lai METADATA.pb cua font do truoc khi dung)	Expressive Awkward,Expressive Excited,Expressive Futuristic,Expressive Innovative,Expressive Playful,Expressive Rugged,Expressive Stiff,Expressive Vintage,Quality Concept,Quality Drawing,Quality Spacing,Quality Wordspace	https://fonts.google.com/specimen/Rubik+Iso
Rubik Lines	?	OFL (kiem lai METADATA.pb cua font do truoc khi dung)	Expressive Awkward,Expressive Excited,Expressive Futuristic,Expressive Innovative,Expressive Loud,Expressive Rugged,Expressive Vintage,Quality Concept,Quality Drawing,Quality Spacing,Quality Wordspace,Theme Distressed	https://fonts.google.com/specimen/Rubik+Lines
Rubik Maps	?	OFL (kiem lai METADATA.pb cua font do truoc khi dung)	Expressive Awkward,Expressive Innovative,Expressive Loud,Expressive Rugged,Expressive Vintage,Quality Concept,Quality Drawing,Quality Spacing,Quality Wordspace,Theme Blobby	https://fonts.google.com/specimen/Rubik+Maps
Rubik Marker Hatch	?	OFL (kiem lai METADATA.pb cua font do truoc khi dung)	Expressive Awkward,Expressive Excited,Expressive Innovative,Expressive Loud,Expressive Rugged,Expressive Vintage,Quality Concept,Quality Drawing,Quality Spacing,Quality Wordspace	https://fonts.google.com/specimen/Rubik+Marker+Hatch
Rubik Maze	?	OFL (kiem lai METADATA.pb cua font do truoc khi dung)	Expressive Awkward,Expressive Excited,Expressive Futuristic,Expressive Innovative,Expressive Rugged,Expressive Stiff,Expressive Vintage,Quality Concept,Quality Drawing,Quality Spacing,Quality Wordspace	https://fonts.google.com/specimen/Rubik+Maze
Rubik Microbe	?	OFL (kiem lai METADATA.pb cua font do truoc khi dung)	Expressive Awkward,Expressive Excited,Expressive Innovative,Expressive Playful,Expressive Rugged,Expressive Vintage,Quality Concept,Quality Drawing,Quality Spacing,Quality Wordspace	https://fonts.google.com/specimen/Rubik+Microbe
Rubik Mono One	?	OFL (kiem lai METADATA.pb cua font do truoc khi dung)	Expressive Active,Expressive Happy,Expressive Innovative,Expressive Loud,Expressive Rugged,Expressive Stiff,Expressive Vintage,Quality Concept,Quality Drawing,Quality Spacing,Quality Wordspace,Sans Neo Grotesque	https://fonts.google.com/specimen/Rubik+Mono+One
Rubik Moonrocks	?	OFL (kiem lai METADATA.pb cua font do truoc khi dung)	Expressive Awkward,Expressive Cute,Expressive Excited,Expressive Innovative,Expressive Loud,Expressive Playful,Expressive Rugged,Expressive Vintage,Quality Concept,Quality Drawing,Quality Spacing,Quality Wordspace	https://fonts.google.com/specimen/Rubik+Moonrocks
Rubik Pixels	?	OFL (kiem lai METADATA.pb cua font do truoc khi dung)	Expressive Awkward,Expressive Excited,Expressive Innovative,Expressive Loud,Expressive Rugged,Expressive Stiff,Expressive Vintage,Quality Concept,Quality Drawing,Quality Spacing,Quality Wordspace,Theme Pixel	https://fonts.google.com/specimen/Rubik+Pixels
Rubik Puddles	?	OFL (kiem lai METADATA.pb cua font do truoc khi dung)	Expressive Awkward,Expressive Excited,Expressive Happy,Expressive Innovative,Expressive Playful,Expressive Rugged,Quality Concept,Quality Drawing,Quality Spacing,Quality Wordspace,Seasonal Halloween,Seasonal Holi	https://fonts.google.com/specimen/Rubik+Puddles
Rubik Scribble	?	OFL (kiem lai METADATA.pb cua font do truoc khi dung)	Expressive Awkward,Expressive Playful,Expressive Rugged,Expressive Vintage,Quality Concept,Quality Drawing,Quality Spacing,Quality Wordspace,Theme Distressed,Theme Shaded	https://fonts.google.com/specimen/Rubik+Scribble
Rubik Spray Paint	?	OFL (kiem lai METADATA.pb cua font do truoc khi dung)	Expressive Awkward,Expressive Excited,Expressive Innovative,Expressive Loud,Expressive Playful,Expressive Rugged,Expressive Vintage,Quality Concept,Quality Drawing,Quality Spacing,Quality Wordspace,Theme Distressed	https://fonts.google.com/specimen/Rubik+Spray+Paint
Rubik Storm	?	OFL (kiem lai METADATA.pb cua font do truoc khi dung)	Expressive Awkward,Expressive Excited,Expressive Innovative,Expressive Loud,Expressive Rugged,Expressive Vintage,Quality Concept,Quality Drawing,Quality Spacing,Quality Wordspace,Theme Distressed,Theme Techno	https://fonts.google.com/specimen/Rubik+Storm
Rubik Vinyl	?	OFL (kiem lai METADATA.pb cua font do truoc khi dung)	Expressive Awkward,Expressive Excited,Expressive Innovative,Expressive Playful,Expressive Rugged,Expressive Vintage,Quality Concept,Quality Drawing,Quality Spacing,Quality Wordspace,Theme Distressed,Theme Wacky	https://fonts.google.com/specimen/Rubik+Vinyl
Rubik Wet Paint	?	OFL (kiem lai METADATA.pb cua font do truoc khi dung)	Expressive Awkward,Expressive Excited,Expressive Innovative,Expressive Loud,Expressive Playful,Expressive Rugged,Expressive Vintage,Quality Concept,Quality Drawing,Quality Spacing,Quality Wordspace,Seasonal Halloween	https://fonts.google.com/specimen/Rubik+Wet+Paint
Ruda	?	OFL (kiem lai METADATA.pb cua font do truoc khi dung)	Expressive Active,Expressive Awkward,Expressive Business,Expressive Calm,Expressive Competent,Expressive Futuristic,Expressive Loud,Expressive Playful,Expressive Rugged,Expressive Stiff,Expressive Vintage,Quality Concept	https://fonts.google.com/specimen/Ruda
Rufina	?	OFL (kiem lai METADATA.pb cua font do truoc khi dung)	Expressive Business,Expressive Competent,Expressive Loud,Expressive Rugged,Expressive Sincere,Expressive Vintage,Quality Concept,Quality Drawing,Quality Spacing,Quality Wordspace,Serif Didone	https://fonts.google.com/specimen/Rufina
Ruge Boogie	?	OFL (kiem lai METADATA.pb cua font do truoc khi dung)	Expressive Awkward,Expressive Cute,Expressive Excited,Expressive Happy,Expressive Playful,Expressive Rugged,Expressive Vintage,Quality Concept,Quality Drawing,Quality Spacing,Quality Wordspace,Script Informal	https://fonts.google.com/specimen/Ruge+Boogie
Ruluko	?	OFL (kiem lai METADATA.pb cua font do truoc khi dung)	Expressive Active,Expressive Calm,Expressive Cute,Expressive Rugged,Expressive Stiff,Expressive Vintage,Quality Concept,Quality Drawing,Quality Spacing,Quality Wordspace,Sans Geometric,Sans Humanist	https://fonts.google.com/specimen/Ruluko
Rum Raisin	?	OFL (kiem lai METADATA.pb cua font do truoc khi dung)	Expressive Active,Expressive Awkward,Expressive Cute,Expressive Excited,Expressive Happy,Expressive Loud,Expressive Playful,Expressive Rugged,Expressive Vintage,Quality Concept,Quality Drawing,Quality Spacing	https://fonts.google.com/specimen/Rum+Raisin
Ruslan Display	?	OFL (kiem lai METADATA.pb cua font do truoc khi dung)	Expressive Awkward,Expressive Loud,Expressive Playful,Expressive Rugged,Expressive Vintage,Quality Concept,Quality Drawing,Quality Spacing,Quality Wordspace,Seasonal Halloween,Theme Wacky	https://fonts.google.com/specimen/Ruslan+Display
Russo One	?	OFL (kiem lai METADATA.pb cua font do truoc khi dung)	Expressive Calm,Expressive Futuristic,Expressive Loud,Expressive Rugged,Expressive Stiff,Expressive Vintage,Quality Concept,Quality Drawing,Quality Spacing,Quality Wordspace,Sans Geometric,Sans Superellipse	https://fonts.google.com/specimen/Russo+One
Ruthie	?	OFL (kiem lai METADATA.pb cua font do truoc khi dung)	Expressive Artistic,Expressive Awkward,Expressive Excited,Expressive Fancy,Expressive Happy,Expressive Playful,Expressive Rugged,Expressive Sophisticated,Expressive Vintage,Quality Concept,Quality Drawing,Quality Spacing	https://fonts.google.com/specimen/Ruthie
Ruwudu	?	OFL (kiem lai METADATA.pb cua font do truoc khi dung)	Expressive Business,Expressive Competent,Expressive Loud,Expressive Rugged,Expressive Sincere,Expressive Vintage,Quality Concept,Quality Drawing,Quality Spacing,Quality Wordspace,Serif Old Style Garalde	https://fonts.google.com/specimen/Ruwudu
Rye	?	OFL (kiem lai METADATA.pb cua font do truoc khi dung)	Expressive Active,Expressive Artistic,Expressive Awkward,Expressive Cute,Expressive Excited,Expressive Happy,Expressive Innovative,Expressive Loud,Expressive Playful,Expressive Rugged,Expressive Stiff,Expressive Vintage	https://fonts.google.com/specimen/Rye
Sacramento	?	OFL (kiem lai METADATA.pb cua font do truoc khi dung)	Expressive Active,Expressive Artistic,Expressive Cute,Expressive Excited,Expressive Fancy,Expressive Happy,Expressive Playful,Expressive Rugged,Expressive Sophisticated,Expressive Vintage,Quality Concept,Quality Drawing	https://fonts.google.com/specimen/Sacramento
Sahitya	?	OFL (kiem lai METADATA.pb cua font do truoc khi dung)	Expressive Business,Expressive Competent,Expressive Loud,Expressive Rugged,Expressive Sincere,Expressive Vintage,Quality Concept,Quality Drawing,Quality Spacing,Quality Wordspace,Serif Humanist Venetian	https://fonts.google.com/specimen/Sahitya
Sail	?	OFL (kiem lai METADATA.pb cua font do truoc khi dung)	Expressive Active,Expressive Artistic,Expressive Awkward,Expressive Cute,Expressive Excited,Expressive Happy,Expressive Loud,Expressive Playful,Expressive Rugged,Expressive Sophisticated,Expressive Vintage,Quality Concept	https://fonts.google.com/specimen/Sail
Saira	?	OFL (kiem lai METADATA.pb cua font do truoc khi dung)	wght@50,wght@125,Expressive Playful,Expressive Stiff,Quality Concept,Quality Drawing,Quality Spacing,Quality Wordspace,Sans Superellipse	https://fonts.google.com/specimen/Saira
Saira Condensed	?	OFL (kiem lai METADATA.pb cua font do truoc khi dung)	Expressive Active,Expressive Business,Expressive Calm,Expressive Competent,Expressive Futuristic,Expressive Loud,Expressive Rugged,Expressive Stiff,Expressive Vintage,Quality Concept,Quality Drawing,Quality Spacing	https://fonts.google.com/specimen/Saira+Condensed
Saira Extra Condensed	?	OFL (kiem lai METADATA.pb cua font do truoc khi dung)	Expressive Active,Expressive Business,Expressive Calm,Expressive Futuristic,Expressive Loud,Expressive Rugged,Expressive Stiff,Expressive Vintage,Quality Concept,Quality Drawing,Quality Spacing,Quality Wordspace	https://fonts.google.com/specimen/Saira+Extra+Condensed
Saira Semi Condensed	?	OFL (kiem lai METADATA.pb cua font do truoc khi dung)	Expressive Business,Expressive Calm,Expressive Competent,Expressive Futuristic,Expressive Loud,Expressive Rugged,Expressive Stiff,Expressive Vintage,Quality Concept,Quality Drawing,Quality Spacing,Quality Wordspace	https://fonts.google.com/specimen/Saira+Semi+Condensed
Saira Stencil	?	OFL (kiem lai METADATA.pb cua font do truoc khi dung)	wght@50,wght@125,Expressive Playful	https://fonts.google.com/specimen/Saira+Stencil
Salsa	?	OFL (kiem lai METADATA.pb cua font do truoc khi dung)	Expressive Cute,Expressive Excited,Expressive Happy,Expressive Loud,Expressive Playful,Expressive Rugged,Expressive Vintage,Quality Concept,Quality Drawing,Quality Spacing,Quality Wordspace,Script Upright Script	https://fonts.google.com/specimen/Salsa
Sanchez	?	OFL (kiem lai METADATA.pb cua font do truoc khi dung)	Expressive Business,Expressive Competent,Expressive Loud,Expressive Rugged,Expressive Sincere,Expressive Vintage,Quality Concept,Quality Drawing,Quality Spacing,Quality Wordspace,Slab Humanist	https://fonts.google.com/specimen/Sanchez
Sancreek	?	OFL (kiem lai METADATA.pb cua font do truoc khi dung)	Expressive Artistic,Expressive Awkward,Expressive Cute,Expressive Excited,Expressive Innovative,Expressive Loud,Expressive Playful,Expressive Rugged,Expressive Sincere,Expressive Stiff,Expressive Vintage,Quality Concept	https://fonts.google.com/specimen/Sancreek
Sankofa Display	?	OFL (kiem lai METADATA.pb cua font do truoc khi dung)	Expressive Awkward,Expressive Futuristic,Expressive Happy,Expressive Innovative,Expressive Playful,Expressive Rugged,Expressive Sincere,Expressive Stiff,Expressive Vintage,Quality Concept,Quality Drawing,Quality Spacing	https://fonts.google.com/specimen/Sankofa+Display
Sansation	?	OFL (kiem lai METADATA.pb cua font do truoc khi dung)	Expressive Business,Expressive Calm,Expressive Competent,Expressive Excited,Expressive Futuristic,Expressive Happy,Expressive Loud,Expressive Rugged,Expressive Sincere,Expressive Stiff,Expressive Vintage,Quality Concept	https://fonts.google.com/specimen/Sansation
Sansita	?	OFL (kiem lai METADATA.pb cua font do truoc khi dung)	Expressive Business,Expressive Calm,Expressive Competent,Expressive Cute,Expressive Futuristic,Expressive Loud,Expressive Rugged,Expressive Stiff,Expressive Vintage,Quality Concept,Quality Drawing,Quality Spacing	https://fonts.google.com/specimen/Sansita
Sansita Swashed	?	OFL (kiem lai METADATA.pb cua font do truoc khi dung)	Expressive Active,Expressive Awkward,Expressive Calm,Expressive Competent,Expressive Cute,Expressive Excited,Expressive Fancy,Expressive Happy,Expressive Loud,Expressive Playful,Expressive Rugged,Expressive Vintage	https://fonts.google.com/specimen/Sansita+Swashed
Sarabun	?	OFL (kiem lai METADATA.pb cua font do truoc khi dung)	Expressive Business,Expressive Calm,Expressive Loud,Expressive Rugged,Expressive Sincere,Expressive Stiff,Expressive Vintage,Quality Concept,Quality Drawing,Quality Spacing,Quality Wordspace,Sans Humanist	https://fonts.google.com/specimen/Sarabun
Sarala	?	OFL (kiem lai METADATA.pb cua font do truoc khi dung)	Expressive Business,Expressive Calm,Expressive Futuristic,Expressive Loud,Expressive Rugged,Expressive Stiff,Expressive Vintage,Quality Concept,Quality Drawing,Quality Spacing,Quality Wordspace,Sans Humanist	https://fonts.google.com/specimen/Sarala
Sarina	?	OFL (kiem lai METADATA.pb cua font do truoc khi dung)	Expressive Active,Expressive Artistic,Expressive Awkward,Expressive Childlike,Expressive Cute,Expressive Excited,Expressive Happy,Expressive Innovative,Expressive Loud,Expressive Playful,Expressive Rugged,Expressive Vintage	https://fonts.google.com/specimen/Sarina
Sarpanch	?	OFL (kiem lai METADATA.pb cua font do truoc khi dung)	Expressive Futuristic,Expressive Rugged,Expressive Sincere,Expressive Stiff,Expressive Vintage,Quality Concept,Quality Drawing,Quality Spacing,Quality Wordspace,Sans Superellipse,Theme Techno	https://fonts.google.com/specimen/Sarpanch
Sassy Frass	?	OFL (kiem lai METADATA.pb cua font do truoc khi dung)	Expressive Artistic,Expressive Awkward,Expressive Excited,Expressive Fancy,Expressive Happy,Expressive Playful,Expressive Sincere,Expressive Vintage,Quality Concept,Quality Drawing,Quality Spacing,Quality Wordspace	https://fonts.google.com/specimen/Sassy+Frass
Satisfy	?	OFL (kiem lai METADATA.pb cua font do truoc khi dung)	Expressive Artistic,Expressive Childlike,Expressive Cute,Expressive Excited,Expressive Happy,Expressive Loud,Expressive Playful,Expressive Rugged,Expressive Sincere,Expressive Vintage,Quality Concept,Quality Drawing	https://fonts.google.com/specimen/Satisfy
Savate	?	OFL (kiem lai METADATA.pb cua font do truoc khi dung)	Expressive Awkward,Expressive Calm,Expressive Competent,Expressive Cute,Expressive Excited,Expressive Happy,Expressive Innovative,Expressive Loud,Expressive Playful,Expressive Rugged,Expressive Stiff,Expressive Vintage	https://fonts.google.com/specimen/Savate
Sawarabi Gothic	?	OFL (kiem lai METADATA.pb cua font do truoc khi dung)	Expressive Awkward,Expressive Business,Expressive Calm,Expressive Loud,Expressive Rugged,Expressive Sincere,Expressive Vintage,Quality Concept,Quality Drawing,Quality Spacing,Quality Wordspace	https://fonts.google.com/specimen/Sawarabi+Gothic
Sawarabi Mincho	?	OFL (kiem lai METADATA.pb cua font do truoc khi dung)	Expressive Competent,Expressive Loud,Expressive Rugged,Expressive Sincere,Expressive Vintage,Quality Concept,Quality Drawing,Quality Spacing,Quality Wordspace,Serif Old Style Garalde	https://fonts.google.com/specimen/Sawarabi+Mincho
Scada	?	OFL (kiem lai METADATA.pb cua font do truoc khi dung)	Expressive Business,Expressive Calm,Expressive Competent,Expressive Futuristic,Expressive Loud,Expressive Rugged,Expressive Sincere,Expressive Stiff,Expressive Vintage,Quality Concept,Quality Drawing,Quality Spacing	https://fonts.google.com/specimen/Scada
Scheherazade New	?	OFL (kiem lai METADATA.pb cua font do truoc khi dung)	Expressive Business,Expressive Rugged,Expressive Sincere,Expressive Vintage,Quality Concept,Quality Drawing,Quality Spacing,Quality Wordspace,Serif Transitional	https://fonts.google.com/specimen/Scheherazade+New
Schibsted Grotesk	?	OFL (kiem lai METADATA.pb cua font do truoc khi dung)	Expressive Awkward,Expressive Business,Expressive Calm,Expressive Competent,Expressive Happy,Expressive Loud,Expressive Playful,Expressive Rugged,Expressive Stiff,Expressive Vintage,Quality Concept,Quality Drawing	https://fonts.google.com/specimen/Schibsted+Grotesk
Schoolbell	?	OFL (kiem lai METADATA.pb cua font do truoc khi dung)	Expressive Awkward,Expressive Childlike,Expressive Cute,Expressive Excited,Expressive Happy,Expressive Loud,Expressive Playful,Expressive Rugged,Expressive Sincere,Expressive Vintage,Quality Concept,Quality Drawing	https://fonts.google.com/specimen/Schoolbell
Science Gothic	?	OFL (kiem lai METADATA.pb cua font do truoc khi dung)	wght@50,wght@200,Expressive Playful,Expressive Stiff,Quality Concept,Quality Drawing,Quality Spacing,Quality Wordspace,Theme Techno	https://fonts.google.com/specimen/Science+Gothic
Scope One	?	OFL (kiem lai METADATA.pb cua font do truoc khi dung)	Expressive Business,Expressive Playful,Expressive Rugged,Expressive Sincere,Expressive Stiff,Expressive Vintage,Quality Concept,Quality Drawing,Quality Spacing,Quality Wordspace,Slab Humanist	https://fonts.google.com/specimen/Scope+One
Seaweed Script	?	OFL (kiem lai METADATA.pb cua font do truoc khi dung)	Expressive Artistic,Expressive Awkward,Expressive Childlike,Expressive Excited,Expressive Innovative,Expressive Loud,Expressive Playful,Expressive Rugged,Expressive Sincere,Expressive Vintage,Quality Concept,Quality Drawing	https://fonts.google.com/specimen/Seaweed+Script
Secular One	?	OFL (kiem lai METADATA.pb cua font do truoc khi dung)	Expressive Active,Expressive Calm,Expressive Innovative,Expressive Loud,Expressive Rugged,Expressive Sincere,Expressive Stiff,Expressive Vintage,Quality Concept,Quality Drawing,Quality Spacing,Quality Wordspace	https://fonts.google.com/specimen/Secular+One
Sedan	?	OFL (kiem lai METADATA.pb cua font do truoc khi dung)	Expressive Business,Expressive Competent,Expressive Rugged,Expressive Vintage,Quality Concept,Quality Drawing,Quality Spacing,Quality Wordspace,Serif Old Style Garalde	https://fonts.google.com/specimen/Sedan
Sedan SC	?	OFL (kiem lai METADATA.pb cua font do truoc khi dung)	Expressive Business,Expressive Loud,Expressive Rugged,Expressive Sincere,Expressive Vintage,Quality Concept,Quality Drawing,Quality Spacing,Quality Wordspace,Serif Old Style Garalde	https://fonts.google.com/specimen/Sedan+SC
Sedgwick Ave	?	OFL (kiem lai METADATA.pb cua font do truoc khi dung)	Expressive Active,Expressive Artistic,Expressive Awkward,Expressive Excited,Expressive Happy,Expressive Loud,Expressive Playful,Expressive Rugged,Expressive Vintage,Quality Concept,Quality Drawing,Quality Spacing	https://fonts.google.com/specimen/Sedgwick+Ave
Sedgwick Ave Display	?	OFL (kiem lai METADATA.pb cua font do truoc khi dung)	Expressive Active,Expressive Artistic,Expressive Awkward,Expressive Excited,Expressive Happy,Expressive Loud,Expressive Playful,Expressive Rugged,Expressive Sincere,Expressive Vintage,Quality Concept,Quality Drawing	https://fonts.google.com/specimen/Sedgwick+Ave+Display
Sekuya	?	OFL (kiem lai METADATA.pb cua font do truoc khi dung)	Expressive Artistic,Expressive Awkward,Expressive Loud,Expressive Playful,Expressive Sincere,Quality Concept,Quality Drawing,Quality Spacing,Quality Wordspace,Sans Glyphic,Seasonal Lunar New Year,Theme Tuscan	https://fonts.google.com/specimen/Sekuya
Sen	?	OFL (kiem lai METADATA.pb cua font do truoc khi dung)	Expressive Awkward,Expressive Business,Expressive Calm,Expressive Competent,Expressive Loud,Expressive Playful,Expressive Rugged,Expressive Vintage,Quality Concept,Quality Drawing,Quality Spacing,Quality Wordspace	https://fonts.google.com/specimen/Sen
Send Flowers	?	OFL (kiem lai METADATA.pb cua font do truoc khi dung)	Expressive Artistic,Expressive Awkward,Expressive Cute,Expressive Excited,Expressive Fancy,Expressive Happy,Expressive Playful,Expressive Rugged,Expressive Sincere,Expressive Sophisticated,Expressive Vintage,Quality Concept	https://fonts.google.com/specimen/Send+Flowers
Sevillana	?	OFL (kiem lai METADATA.pb cua font do truoc khi dung)	Expressive Awkward,Expressive Cute,Expressive Excited,Expressive Happy,Expressive Playful,Expressive Rugged,Expressive Sophisticated,Expressive Vintage,Quality Concept,Quality Drawing,Quality Spacing,Quality Wordspace	https://fonts.google.com/specimen/Sevillana
Seymour One	?	OFL (kiem lai METADATA.pb cua font do truoc khi dung)	Expressive Active,Expressive Awkward,Expressive Cute,Expressive Excited,Expressive Happy,Expressive Loud,Expressive Playful,Expressive Rugged,Expressive Vintage,Quality Concept,Quality Drawing,Quality Spacing	https://fonts.google.com/specimen/Seymour+One
Shadows Into Light	?	OFL (kiem lai METADATA.pb cua font do truoc khi dung)	Expressive Active,Expressive Artistic,Expressive Awkward,Expressive Childlike,Expressive Excited,Expressive Happy,Expressive Playful,Expressive Rugged,Expressive Sincere,Expressive Vintage,Quality Concept,Quality Drawing	https://fonts.google.com/specimen/Shadows+Into+Light
Shadows Into Light Two	?	OFL (kiem lai METADATA.pb cua font do truoc khi dung)	Expressive Active,Expressive Artistic,Expressive Awkward,Expressive Childlike,Expressive Cute,Expressive Excited,Expressive Happy,Expressive Playful,Expressive Rugged,Expressive Sincere,Expressive Vintage,Quality Concept	https://fonts.google.com/specimen/Shadows+Into+Light+Two
Shafarik	?	OFL (kiem lai METADATA.pb cua font do truoc khi dung)	Expressive Competent,Expressive Loud,Expressive Rugged,Expressive Sincere,Expressive Vintage,Quality Concept,Quality Drawing,Quality Spacing,Quality Wordspace,Slab Clarendon	https://fonts.google.com/specimen/Shafarik
Shalimar	?	OFL (kiem lai METADATA.pb cua font do truoc khi dung)	Expressive Artistic,Expressive Awkward,Expressive Cute,Expressive Excited,Expressive Happy,Expressive Rugged,Expressive Sincere,Expressive Sophisticated,Expressive Vintage,Quality Concept,Quality Drawing,Quality Spacing	https://fonts.google.com/specimen/Shalimar
Shantell Sans	?	OFL (kiem lai METADATA.pb cua font do truoc khi dung)	Expressive Active,Expressive Awkward,Expressive Childlike,Expressive Cute,Expressive Excited,Expressive Happy,Expressive Loud,Expressive Playful,Expressive Rugged,Expressive Sincere,Expressive Vintage,Quality Concept	https://fonts.google.com/specimen/Shantell+Sans
Shanti	?	OFL (kiem lai METADATA.pb cua font do truoc khi dung)	Expressive Calm,Expressive Competent,Expressive Loud,Expressive Rugged,Expressive Sincere,Expressive Stiff,Expressive Vintage,Quality Concept,Quality Drawing,Quality Spacing,Quality Wordspace,Sans Humanist	https://fonts.google.com/specimen/Shanti
Share	?	OFL (kiem lai METADATA.pb cua font do truoc khi dung)	Expressive Calm,Expressive Loud,Expressive Rugged,Expressive Sincere,Expressive Stiff,Expressive Vintage,Quality Concept,Quality Drawing,Quality Spacing,Quality Wordspace,Sans Humanist,Sans Neo Grotesque	https://fonts.google.com/specimen/Share
Share Tech	?	OFL (kiem lai METADATA.pb cua font do truoc khi dung)	Expressive Futuristic,Expressive Loud,Expressive Rugged,Expressive Sincere,Expressive Stiff,Expressive Vintage,Quality Concept,Quality Drawing,Quality Spacing,Quality Wordspace,Sans Neo Grotesque,Sans Superellipse	https://fonts.google.com/specimen/Share+Tech
Share Tech Mono	?	OFL (kiem lai METADATA.pb cua font do truoc khi dung)	Expressive Calm,Expressive Futuristic,Expressive Loud,Expressive Rugged,Expressive Sincere,Expressive Stiff,Expressive Vintage,Monospace Monospace,Quality Concept,Quality Drawing,Quality Spacing,Quality Wordspace	https://fonts.google.com/specimen/Share+Tech+Mono
Shippori Antique	?	OFL (kiem lai METADATA.pb cua font do truoc khi dung)	Expressive Business,Expressive Calm,Expressive Competent,Expressive Loud,Expressive Rugged,Expressive Sincere,Expressive Vintage,Quality Concept,Quality Drawing,Quality Spacing,Quality Wordspace,Sans Grotesque	https://fonts.google.com/specimen/Shippori+Antique
Shippori Antique B1	?	OFL (kiem lai METADATA.pb cua font do truoc khi dung)	Expressive Business,Expressive Calm,Expressive Competent,Expressive Happy,Expressive Loud,Expressive Rugged,Expressive Sincere,Expressive Vintage,Quality Concept,Quality Drawing,Quality Spacing,Quality Wordspace	https://fonts.google.com/specimen/Shippori+Antique+B1
Shippori Mincho	?	OFL (kiem lai METADATA.pb cua font do truoc khi dung)	Expressive Business,Expressive Competent,Expressive Rugged,Expressive Sincere,Expressive Vintage,Quality Concept,Quality Drawing,Quality Spacing,Quality Wordspace,Serif Transitional	https://fonts.google.com/specimen/Shippori+Mincho
Shippori Mincho B1	?	OFL (kiem lai METADATA.pb cua font do truoc khi dung)	Expressive Business,Expressive Competent,Expressive Rugged,Expressive Sincere,Expressive Vintage,Quality Concept,Quality Drawing,Quality Spacing,Quality Wordspace,Serif Transitional	https://fonts.google.com/specimen/Shippori+Mincho+B1
Shizuru	?	OFL (kiem lai METADATA.pb cua font do truoc khi dung)	Expressive Awkward,Expressive Cute,Expressive Excited,Expressive Happy,Expressive Innovative,Expressive Playful,Expressive Rugged,Expressive Sincere,Expressive Vintage,Quality Concept,Quality Drawing,Quality Spacing	https://fonts.google.com/specimen/Shizuru
Shojumaru	?	OFL (kiem lai METADATA.pb cua font do truoc khi dung)	Expressive Active,Expressive Artistic,Expressive Awkward,Expressive Loud,Expressive Playful,Expressive Rugged,Expressive Sincere,Expressive Vintage,Quality Concept,Quality Drawing,Quality Spacing,Quality Wordspace	https://fonts.google.com/specimen/Shojumaru
Short Stack	?	OFL (kiem lai METADATA.pb cua font do truoc khi dung)	Expressive Active,Expressive Awkward,Expressive Childlike,Expressive Cute,Expressive Excited,Expressive Happy,Expressive Loud,Expressive Playful,Expressive Rugged,Expressive Sincere,Expressive Vintage,Quality Concept	https://fonts.google.com/specimen/Short+Stack
Shrikhand	?	OFL (kiem lai METADATA.pb cua font do truoc khi dung)	Expressive Active,Expressive Cute,Expressive Happy,Expressive Loud,Expressive Playful,Expressive Rugged,Expressive Sincere,Expressive Vintage,Quality Concept,Quality Drawing,Quality Spacing,Quality Wordspace	https://fonts.google.com/specimen/Shrikhand
Siemreap	?	OFL (kiem lai METADATA.pb cua font do truoc khi dung)	Expressive Competent,Expressive Loud,Expressive Rugged,Expressive Sincere,Expressive Vintage,Quality Concept,Quality Drawing,Quality Spacing,Quality Wordspace,Theme Blackletter	https://fonts.google.com/specimen/Siemreap
Sigmar	?	OFL (kiem lai METADATA.pb cua font do truoc khi dung)	Expressive Active,Expressive Awkward,Expressive Cute,Expressive Excited,Expressive Happy,Expressive Loud,Expressive Playful,Expressive Rugged,Expressive Stiff,Expressive Vintage,Quality Concept,Quality Drawing	https://fonts.google.com/specimen/Sigmar
Sigmar One	?	OFL (kiem lai METADATA.pb cua font do truoc khi dung)	Expressive Active,Expressive Awkward,Expressive Cute,Expressive Excited,Expressive Happy,Expressive Loud,Expressive Playful,Expressive Rugged,Expressive Sincere,Expressive Stiff,Expressive Vintage,Quality Concept	https://fonts.google.com/specimen/Sigmar+One
Signika	?	OFL (kiem lai METADATA.pb cua font do truoc khi dung)	Expressive Awkward,Expressive Business,Expressive Calm,Expressive Competent,Expressive Futuristic,Expressive Happy,Expressive Loud,Expressive Playful,Expressive Rugged,Expressive Stiff,Expressive Vintage,Quality Concept	https://fonts.google.com/specimen/Signika
Signika Negative	?	OFL (kiem lai METADATA.pb cua font do truoc khi dung)	Expressive Awkward,Expressive Business,Expressive Calm,Expressive Competent,Expressive Futuristic,Expressive Happy,Expressive Loud,Expressive Playful,Expressive Rugged,Expressive Stiff,Expressive Vintage,Quality Concept	https://fonts.google.com/specimen/Signika+Negative
Silkscreen	?	OFL (kiem lai METADATA.pb cua font do truoc khi dung)	Expressive Awkward,Expressive Futuristic,Expressive Innovative,Expressive Loud,Expressive Playful,Expressive Rugged,Expressive Sincere,Expressive Stiff,Expressive Vintage,Quality Concept,Quality Drawing,Quality Spacing	https://fonts.google.com/specimen/Silkscreen
Simonetta	?	OFL (kiem lai METADATA.pb cua font do truoc khi dung)	Expressive Happy,Expressive Innovative,Expressive Rugged,Expressive Sincere,Expressive Vintage,Quality Concept,Quality Drawing,Quality Spacing,Quality Wordspace,Seasonal Valentine's Day,Serif Humanist Venetian	https://fonts.google.com/specimen/Simonetta
Single Day	?	OFL (kiem lai METADATA.pb cua font do truoc khi dung)	Expressive Awkward,Expressive Childlike,Expressive Cute,Expressive Excited,Expressive Happy,Expressive Playful,Expressive Rugged,Expressive Sincere,Expressive Vintage,Quality Concept,Quality Drawing,Quality Spacing	https://fonts.google.com/specimen/Single+Day
Sintony	?	OFL (kiem lai METADATA.pb cua font do truoc khi dung)	Expressive Business,Expressive Calm,Expressive Futuristic,Expressive Loud,Expressive Rugged,Expressive Sincere,Expressive Stiff,Expressive Vintage,Quality Concept,Quality Drawing,Quality Spacing,Quality Wordspace	https://fonts.google.com/specimen/Sintony
Sirin Stencil	?	OFL (kiem lai METADATA.pb cua font do truoc khi dung)	Expressive Awkward,Expressive Innovative,Expressive Rugged,Expressive Sincere,Expressive Stiff,Expressive Vintage,Quality Concept,Quality Drawing,Quality Spacing,Quality Wordspace,Theme Stencil	https://fonts.google.com/specimen/Sirin+Stencil
Sirivennela	?	OFL (kiem lai METADATA.pb cua font do truoc khi dung)	Expressive Active,Expressive Artistic,Expressive Cute,Expressive Fancy,Expressive Rugged,Expressive Sincere,Expressive Sophisticated,Expressive Vintage,Quality Concept,Quality Drawing,Quality Spacing,Quality Wordspace	https://fonts.google.com/specimen/Sirivennela
Six Caps	?	OFL (kiem lai METADATA.pb cua font do truoc khi dung)	Expressive Active,Expressive Awkward,Expressive Excited,Expressive Rugged,Expressive Sincere,Expressive Stiff,Expressive Vintage,Quality Concept,Quality Drawing,Quality Spacing,Quality Wordspace,Sans Grotesque	https://fonts.google.com/specimen/Six+Caps
Sixtyfour	?	OFL (kiem lai METADATA.pb cua font do truoc khi dung)	Expressive Awkward,Expressive Excited,Expressive Futuristic,Expressive Innovative,Expressive Loud,Expressive Playful,Expressive Rugged,Expressive Sincere,Expressive Stiff,Expressive Vintage,Monospace Monospace,Quality Concept	https://fonts.google.com/specimen/Sixtyfour
Sixtyfour Convergence	?	OFL (kiem lai METADATA.pb cua font do truoc khi dung)	Expressive Awkward,Expressive Excited,Expressive Futuristic,Expressive Innovative,Expressive Loud,Expressive Playful,Expressive Rugged,Expressive Sincere,Expressive Stiff,Expressive Vintage,Monospace Monospace,Quality Concept	https://fonts.google.com/specimen/Sixtyfour+Convergence
Skranji	?	OFL (kiem lai METADATA.pb cua font do truoc khi dung)	Expressive Awkward,Expressive Excited,Expressive Innovative,Expressive Loud,Expressive Playful,Expressive Rugged,Expressive Sincere,Expressive Stiff,Expressive Vintage,Quality Concept,Quality Drawing,Quality Spacing	https://fonts.google.com/specimen/Skranji
Slabo 13px	?	OFL (kiem lai METADATA.pb cua font do truoc khi dung)	Expressive Business,Expressive Calm,Expressive Competent,Expressive Loud,Expressive Playful,Expressive Rugged,Expressive Sincere,Expressive Stiff,Expressive Vintage,Quality Concept,Quality Drawing,Quality Spacing	https://fonts.google.com/specimen/Slabo+13px
Slabo 27px	?	OFL (kiem lai METADATA.pb cua font do truoc khi dung)	Expressive Business,Expressive Calm,Expressive Competent,Expressive Happy,Expressive Loud,Expressive Rugged,Expressive Sincere,Expressive Stiff,Expressive Vintage,Quality Concept,Quality Drawing,Quality Spacing	https://fonts.google.com/specimen/Slabo+27px
Slackey	?	OFL (kiem lai METADATA.pb cua font do truoc khi dung)	Expressive Active,Expressive Awkward,Expressive Cute,Expressive Excited,Expressive Happy,Expressive Innovative,Expressive Loud,Expressive Playful,Expressive Rugged,Expressive Sincere,Expressive Stiff,Expressive Vintage	https://fonts.google.com/specimen/Slackey
Slackside One	?	OFL (kiem lai METADATA.pb cua font do truoc khi dung)	Expressive Active,Expressive Awkward,Expressive Childlike,Expressive Excited,Expressive Happy,Expressive Innovative,Expressive Loud,Expressive Playful,Expressive Rugged,Expressive Sincere,Expressive Vintage,Quality Concept	https://fonts.google.com/specimen/Slackside+One
Smokum	?	OFL (kiem lai METADATA.pb cua font do truoc khi dung)	Expressive Awkward,Expressive Happy,Expressive Loud,Expressive Rugged,Expressive Sincere,Expressive Stiff,Expressive Vintage,Quality Concept,Quality Drawing,Quality Spacing,Quality Wordspace,Theme Tuscan	https://fonts.google.com/specimen/Smokum
Smooch	?	OFL (kiem lai METADATA.pb cua font do truoc khi dung)	Expressive Active,Expressive Artistic,Expressive Awkward,Expressive Excited,Expressive Happy,Expressive Loud,Expressive Playful,Expressive Rugged,Expressive Sincere,Expressive Sophisticated,Expressive Vintage,Quality Concept	https://fonts.google.com/specimen/Smooch
Smooch Sans	?	OFL (kiem lai METADATA.pb cua font do truoc khi dung)	Expressive Active,Expressive Awkward,Expressive Calm,Expressive Competent,Expressive Futuristic,Expressive Loud,Expressive Playful,Expressive Rugged,Expressive Stiff,Expressive Vintage,Quality Concept,Quality Drawing	https://fonts.google.com/specimen/Smooch+Sans
Smythe	?	OFL (kiem lai METADATA.pb cua font do truoc khi dung)	Expressive Awkward,Expressive Happy,Expressive Playful,Expressive Rugged,Expressive Sincere,Expressive Stiff,Expressive Vintage,Quality Concept,Quality Drawing,Quality Spacing,Quality Wordspace,Theme Art Deco	https://fonts.google.com/specimen/Smythe
SN Pro	?	OFL (kiem lai METADATA.pb cua font do truoc khi dung)	Expressive Awkward,Expressive Business,Expressive Calm,Expressive Competent,Expressive Cute,Expressive Happy,Expressive Loud,Expressive Playful,Expressive Rugged,Expressive Vintage,Quality Concept,Quality Drawing	https://fonts.google.com/specimen/SN+Pro
Sniglet	?	OFL (kiem lai METADATA.pb cua font do truoc khi dung)	Expressive Calm,Expressive Childlike,Expressive Cute,Expressive Excited,Expressive Happy,Expressive Loud,Expressive Playful,Expressive Rugged,Expressive Sincere,Expressive Vintage,Quality Concept,Quality Drawing	https://fonts.google.com/specimen/Sniglet
Snippet	?	OFL (kiem lai METADATA.pb cua font do truoc khi dung)	Expressive Awkward,Expressive Calm,Expressive Cute,Expressive Excited,Expressive Happy,Expressive Playful,Expressive Rugged,Expressive Sincere,Expressive Stiff,Expressive Vintage,Quality Concept,Quality Drawing	https://fonts.google.com/specimen/Snippet
Snowburst One	?	OFL (kiem lai METADATA.pb cua font do truoc khi dung)	Expressive Active,Expressive Awkward,Expressive Cute,Expressive Excited,Expressive Happy,Expressive Innovative,Expressive Playful,Expressive Rugged,Expressive Sincere,Expressive Vintage,Quality Concept,Quality Drawing	https://fonts.google.com/specimen/Snowburst+One
Sofadi One	?	OFL (kiem lai METADATA.pb cua font do truoc khi dung)	Expressive Awkward,Expressive Cute,Expressive Excited,Expressive Happy,Expressive Loud,Expressive Playful,Expressive Rugged,Expressive Sincere,Expressive Vintage,Quality Concept,Quality Drawing,Quality Spacing	https://fonts.google.com/specimen/Sofadi+One
Sofia	?	OFL (kiem lai METADATA.pb cua font do truoc khi dung)	Expressive Awkward,Expressive Cute,Expressive Fancy,Expressive Happy,Expressive Playful,Expressive Rugged,Expressive Vintage,Quality Concept,Quality Drawing,Quality Spacing,Quality Wordspace,Script Upright Script	https://fonts.google.com/specimen/Sofia
Sofia Sans	?	OFL (kiem lai METADATA.pb cua font do truoc khi dung)	Expressive Awkward,Expressive Business,Expressive Calm,Expressive Competent,Expressive Loud,Expressive Playful,Expressive Rugged,Expressive Stiff,Expressive Vintage,Quality Concept,Quality Drawing,Quality Spacing	https://fonts.google.com/specimen/Sofia+Sans
Sofia Sans Condensed	?	OFL (kiem lai METADATA.pb cua font do truoc khi dung)	Expressive Active,Expressive Awkward,Expressive Business,Expressive Calm,Expressive Competent,Expressive Futuristic,Expressive Loud,Expressive Playful,Expressive Rugged,Expressive Stiff,Expressive Vintage,Quality Concept	https://fonts.google.com/specimen/Sofia+Sans+Condensed
Sofia Sans Extra Condensed	?	OFL (kiem lai METADATA.pb cua font do truoc khi dung)	Expressive Active,Expressive Awkward,Expressive Business,Expressive Calm,Expressive Competent,Expressive Futuristic,Expressive Loud,Expressive Playful,Expressive Rugged,Expressive Stiff,Expressive Vintage,Quality Concept	https://fonts.google.com/specimen/Sofia+Sans+Extra+Condensed
Sofia Sans Semi Condensed	?	OFL (kiem lai METADATA.pb cua font do truoc khi dung)	Expressive Awkward,Expressive Business,Expressive Calm,Expressive Competent,Expressive Futuristic,Expressive Loud,Expressive Playful,Expressive Rugged,Expressive Stiff,Expressive Vintage,Quality Concept,Quality Drawing	https://fonts.google.com/specimen/Sofia+Sans+Semi+Condensed
Solitreo	?	OFL (kiem lai METADATA.pb cua font do truoc khi dung)	Expressive Active,Expressive Artistic,Expressive Awkward,Expressive Childlike,Expressive Cute,Expressive Excited,Expressive Happy,Expressive Loud,Expressive Playful,Expressive Rugged,Expressive Sincere,Expressive Vintage	https://fonts.google.com/specimen/Solitreo
Solway	?	OFL (kiem lai METADATA.pb cua font do truoc khi dung)	Expressive Business,Expressive Competent,Expressive Happy,Expressive Loud,Expressive Playful,Expressive Rugged,Expressive Sincere,Expressive Vintage,Quality Concept,Quality Drawing,Quality Spacing,Quality Wordspace	https://fonts.google.com/specimen/Solway
Sometype Mono	?	OFL (kiem lai METADATA.pb cua font do truoc khi dung)	Expressive Awkward,Expressive Calm,Expressive Competent,Expressive Futuristic,Expressive Loud,Expressive Playful,Expressive Rugged,Expressive Stiff,Expressive Vintage,Monospace Monospace,Quality Concept,Quality Drawing	https://fonts.google.com/specimen/Sometype+Mono
Song Myung	?	OFL (kiem lai METADATA.pb cua font do truoc khi dung)	Expressive Competent,Expressive Loud,Expressive Rugged,Expressive Sincere,Expressive Vintage,Quality Concept,Quality Drawing,Quality Spacing,Quality Wordspace,Seasonal Lunar New Year,Serif Transitional	https://fonts.google.com/specimen/Song+Myung
Sono	?	OFL (kiem lai METADATA.pb cua font do truoc khi dung)	Expressive Awkward,Expressive Calm,Expressive Futuristic,Expressive Happy,Expressive Loud,Expressive Playful,Expressive Rugged,Expressive Stiff,Expressive Vintage,Monospace Monospace,Quality Concept,Quality Drawing	https://fonts.google.com/specimen/Sono
Sonsie One	?	OFL (kiem lai METADATA.pb cua font do truoc khi dung)	Expressive Awkward,Expressive Cute,Expressive Excited,Expressive Happy,Expressive Innovative,Expressive Loud,Expressive Rugged,Expressive Vintage,Quality Concept,Quality Drawing,Quality Spacing,Quality Wordspace	https://fonts.google.com/specimen/Sonsie+One
Sora	?	OFL (kiem lai METADATA.pb cua font do truoc khi dung)	Expressive Awkward,Expressive Business,Expressive Calm,Expressive Competent,Expressive Loud,Expressive Playful,Expressive Rugged,Expressive Stiff,Expressive Vintage,Quality Concept,Quality Drawing,Quality Spacing	https://fonts.google.com/specimen/Sora
Sorts Mill Goudy	?	OFL (kiem lai METADATA.pb cua font do truoc khi dung)	Expressive Business,Expressive Rugged,Expressive Vintage,Quality Concept,Quality Drawing,Quality Spacing,Quality Wordspace,Serif Old Style Garalde	https://fonts.google.com/specimen/Sorts+Mill+Goudy
Sour Gummy	?	OFL (kiem lai METADATA.pb cua font do truoc khi dung)	wght@100,wght@125,Expressive Playful,Expressive Sincere,Quality Concept,Quality Drawing,Quality Spacing,Quality Wordspace,Sans Rounded,Theme Blobby	https://fonts.google.com/specimen/Sour+Gummy
Source Code Pro	?	OFL (kiem lai METADATA.pb cua font do truoc khi dung)	Expressive Awkward,Expressive Business,Expressive Calm,Expressive Competent,Expressive Futuristic,Expressive Loud,Expressive Playful,Expressive Rugged,Expressive Stiff,Expressive Vintage,Monospace Monospace,Quality Concept	https://fonts.google.com/specimen/Source+Code+Pro
Source Sans 3	?	OFL (kiem lai METADATA.pb cua font do truoc khi dung)	Expressive Awkward,Expressive Business,Expressive Calm,Expressive Competent,Expressive Loud,Expressive Playful,Expressive Rugged,Expressive Stiff,Expressive Vintage,Quality Concept,Quality Drawing,Quality Spacing	https://fonts.google.com/specimen/Source+Sans+3
Source Serif 4	?	OFL (kiem lai METADATA.pb cua font do truoc khi dung)	Expressive Awkward,Expressive Business,Expressive Competent,Expressive Fancy,Expressive Loud,Expressive Playful,Expressive Rugged,Expressive Sincere,Expressive Vintage,Quality Concept,Quality Drawing,Quality Spacing	https://fonts.google.com/specimen/Source+Serif+4
Space Grotesk	?	OFL (kiem lai METADATA.pb cua font do truoc khi dung)	Expressive Awkward,Expressive Business,Expressive Calm,Expressive Competent,Expressive Loud,Expressive Playful,Expressive Rugged,Expressive Stiff,Expressive Vintage,Quality Concept,Quality Drawing,Quality Spacing	https://fonts.google.com/specimen/Space+Grotesk
Space Mono	?	OFL (kiem lai METADATA.pb cua font do truoc khi dung)	Expressive Awkward,Expressive Business,Expressive Calm,Expressive Futuristic,Expressive Loud,Expressive Rugged,Expressive Sincere,Expressive Stiff,Expressive Vintage,Monospace Monospace,Quality Concept,Quality Drawing	https://fonts.google.com/specimen/Space+Mono
Special Elite	?	OFL (kiem lai METADATA.pb cua font do truoc khi dung)	Expressive Awkward,Expressive Innovative,Expressive Loud,Expressive Rugged,Expressive Sincere,Expressive Vintage,Quality Concept,Quality Drawing,Quality Spacing,Quality Wordspace,Slab Clarendon,Theme Distressed	https://fonts.google.com/specimen/Special+Elite
Special Gothic	?	OFL (kiem lai METADATA.pb cua font do truoc khi dung)	wght@75,wght@125,Expressive Playful,Expressive Stiff,Quality Concept,Quality Drawing,Quality Spacing,Quality Wordspace,Sans Grotesque	https://fonts.google.com/specimen/Special+Gothic
Special Gothic Condensed One	?	OFL (kiem lai METADATA.pb cua font do truoc khi dung)	Expressive Active,Expressive Business,Expressive Calm,Expressive Competent,Expressive Loud,Expressive Rugged,Expressive Sincere,Expressive Stiff,Expressive Vintage,Quality Concept,Quality Drawing,Quality Spacing	https://fonts.google.com/specimen/Special+Gothic+Condensed+One
Special Gothic Expanded One	?	OFL (kiem lai METADATA.pb cua font do truoc khi dung)	Expressive Active,Expressive Business,Expressive Calm,Expressive Cute,Expressive Loud,Expressive Rugged,Expressive Sincere,Expressive Stiff,Expressive Vintage,Quality Concept,Quality Drawing,Quality Spacing	https://fonts.google.com/specimen/Special+Gothic+Expanded+One
Spectral	?	OFL (kiem lai METADATA.pb cua font do truoc khi dung)	Expressive Business,Expressive Competent,Expressive Loud,Expressive Rugged,Expressive Sincere,Expressive Vintage,Quality Concept,Quality Drawing,Quality Spacing,Quality Wordspace,Serif Transitional	https://fonts.google.com/specimen/Spectral
Spectral SC	?	OFL (kiem lai METADATA.pb cua font do truoc khi dung)	Expressive Loud,Expressive Rugged,Expressive Sincere,Expressive Vintage,Quality Concept,Quality Drawing,Quality Spacing,Quality Wordspace,Serif Transitional	https://fonts.google.com/specimen/Spectral+SC
Spicy Rice	?	OFL (kiem lai METADATA.pb cua font do truoc khi dung)	Expressive Active,Expressive Awkward,Expressive Cute,Expressive Excited,Expressive Happy,Expressive Innovative,Expressive Loud,Expressive Playful,Expressive Rugged,Expressive Sincere,Expressive Stiff,Expressive Vintage	https://fonts.google.com/specimen/Spicy+Rice
Spinnaker	?	OFL (kiem lai METADATA.pb cua font do truoc khi dung)	Expressive Active,Expressive Business,Expressive Calm,Expressive Cute,Expressive Innovative,Expressive Loud,Expressive Rugged,Expressive Sincere,Expressive Vintage,Quality Concept,Quality Drawing,Quality Spacing	https://fonts.google.com/specimen/Spinnaker
Spirax	?	OFL (kiem lai METADATA.pb cua font do truoc khi dung)	Expressive Awkward,Expressive Cute,Expressive Excited,Expressive Happy,Expressive Loud,Expressive Playful,Expressive Rugged,Expressive Sincere,Expressive Vintage,Quality Concept,Quality Drawing,Quality Spacing	https://fonts.google.com/specimen/Spirax
Splash	?	OFL (kiem lai METADATA.pb cua font do truoc khi dung)	Expressive Active,Expressive Artistic,Expressive Awkward,Expressive Excited,Expressive Happy,Expressive Playful,Expressive Rugged,Expressive Sincere,Expressive Sophisticated,Expressive Vintage,Quality Concept,Quality Drawing	https://fonts.google.com/specimen/Splash
Spline Sans	?	OFL (kiem lai METADATA.pb cua font do truoc khi dung)	Expressive Awkward,Expressive Business,Expressive Calm,Expressive Competent,Expressive Loud,Expressive Playful,Expressive Rugged,Expressive Stiff,Expressive Vintage,Quality Concept,Quality Drawing,Quality Spacing	https://fonts.google.com/specimen/Spline+Sans
Spline Sans Mono	?	OFL (kiem lai METADATA.pb cua font do truoc khi dung)	Expressive Awkward,Expressive Business,Expressive Calm,Expressive Competent,Expressive Futuristic,Expressive Loud,Expressive Playful,Expressive Rugged,Expressive Stiff,Expressive Vintage,Monospace Monospace,Quality Concept	https://fonts.google.com/specimen/Spline+Sans+Mono
Squada One	?	OFL (kiem lai METADATA.pb cua font do truoc khi dung)	Expressive Active,Expressive Business,Expressive Loud,Expressive Rugged,Expressive Stiff,Expressive Vintage,Quality Concept,Quality Drawing,Quality Spacing,Quality Wordspace,Sans Grotesque,Sans Superellipse	https://fonts.google.com/specimen/Squada+One
Square Peg	?	OFL (kiem lai METADATA.pb cua font do truoc khi dung)	Expressive Active,Expressive Artistic,Expressive Awkward,Expressive Childlike,Expressive Cute,Expressive Excited,Expressive Happy,Expressive Playful,Expressive Rugged,Expressive Sincere,Expressive Vintage,Quality Concept	https://fonts.google.com/specimen/Square+Peg
Sree Krushnadevaraya	?	OFL (kiem lai METADATA.pb cua font do truoc khi dung)	Expressive Business,Expressive Loud,Expressive Rugged,Expressive Sincere,Expressive Vintage,Quality Concept,Quality Drawing,Quality Spacing,Quality Wordspace,Serif Modern	https://fonts.google.com/specimen/Sree+Krushnadevaraya
Sriracha	?	OFL (kiem lai METADATA.pb cua font do truoc khi dung)	Expressive Active,Expressive Artistic,Expressive Cute,Expressive Excited,Expressive Happy,Expressive Loud,Expressive Playful,Expressive Rugged,Expressive Sincere,Expressive Vintage,Quality Concept,Quality Drawing	https://fonts.google.com/specimen/Sriracha
Srisakdi	?	OFL (kiem lai METADATA.pb cua font do truoc khi dung)	Expressive Active,Expressive Artistic,Expressive Awkward,Expressive Cute,Expressive Happy,Expressive Playful,Expressive Sincere,Expressive Vintage,Quality Concept,Quality Drawing,Quality Spacing,Quality Wordspace	https://fonts.google.com/specimen/Srisakdi
Staatliches	?	OFL (kiem lai METADATA.pb cua font do truoc khi dung)	Expressive Active,Expressive Loud,Expressive Rugged,Expressive Stiff,Expressive Vintage,Quality Concept,Quality Drawing,Quality Spacing,Quality Wordspace,Sans Grotesque	https://fonts.google.com/specimen/Staatliches
Stack Sans Headline	?	OFL (kiem lai METADATA.pb cua font do truoc khi dung)	Expressive Awkward,Expressive Business,Expressive Calm,Expressive Competent,Expressive Playful,Expressive Rugged,Quality Concept,Quality Drawing,Quality Spacing,Quality Wordspace,Sans Grotesque	https://fonts.google.com/specimen/Stack+Sans+Headline
Stack Sans Notch	?	OFL (kiem lai METADATA.pb cua font do truoc khi dung)	Expressive Artistic,Expressive Awkward,Expressive Business,Expressive Calm,Expressive Competent,Expressive Excited,Expressive Playful,Expressive Stiff,Quality Concept,Quality Drawing,Quality Spacing,Quality Wordspace	https://fonts.google.com/specimen/Stack+Sans+Notch
Stack Sans Text	?	OFL (kiem lai METADATA.pb cua font do truoc khi dung)	Expressive Awkward,Expressive Business,Expressive Calm,Expressive Competent,Expressive Playful,Expressive Rugged,Quality Concept,Quality Drawing,Quality Spacing,Quality Wordspace,Sans Grotesque	https://fonts.google.com/specimen/Stack+Sans+Text
Stalemate	?	OFL (kiem lai METADATA.pb cua font do truoc khi dung)	Expressive Artistic,Expressive Awkward,Expressive Cute,Expressive Fancy,Expressive Happy,Expressive Playful,Expressive Rugged,Expressive Sincere,Expressive Sophisticated,Expressive Vintage,Quality Concept,Quality Drawing	https://fonts.google.com/specimen/Stalemate
Stalinist One	?	OFL (kiem lai METADATA.pb cua font do truoc khi dung)	Expressive Awkward,Expressive Futuristic,Expressive Innovative,Expressive Loud,Expressive Rugged,Expressive Sincere,Expressive Stiff,Expressive Vintage,Quality Concept,Quality Drawing,Quality Spacing,Quality Wordspace	https://fonts.google.com/specimen/Stalinist+One
Stardos Stencil	?	OFL (kiem lai METADATA.pb cua font do truoc khi dung)	Expressive Business,Expressive Competent,Expressive Loud,Expressive Rugged,Expressive Vintage,Quality Concept,Quality Drawing,Quality Spacing,Quality Wordspace,Serif Scotch,Theme Stencil	https://fonts.google.com/specimen/Stardos+Stencil
Stick	?	OFL (kiem lai METADATA.pb cua font do truoc khi dung)	Expressive Artistic,Expressive Awkward,Expressive Excited,Expressive Innovative,Expressive Loud,Expressive Playful,Expressive Rugged,Expressive Sincere,Expressive Stiff,Expressive Vintage,Quality Concept,Quality Drawing	https://fonts.google.com/specimen/Stick
Stick No Bills	?	OFL (kiem lai METADATA.pb cua font do truoc khi dung)	Expressive Awkward,Expressive Calm,Expressive Competent,Expressive Innovative,Expressive Playful,Expressive Rugged,Expressive Stiff,Expressive Vintage,Quality Concept,Quality Drawing,Quality Spacing,Quality Wordspace	https://fonts.google.com/specimen/Stick+No+Bills
Stint Ultra Condensed	?	OFL (kiem lai METADATA.pb cua font do truoc khi dung)	Expressive Loud,Expressive Rugged,Expressive Stiff,Expressive Vintage,Quality Concept,Quality Drawing,Quality Spacing,Quality Wordspace,Slab Geometric	https://fonts.google.com/specimen/Stint+Ultra+Condensed
Stint Ultra Expanded	?	OFL (kiem lai METADATA.pb cua font do truoc khi dung)	Expressive Happy,Expressive Rugged,Expressive Stiff,Expressive Vintage,Quality Concept,Quality Drawing,Quality Spacing,Quality Wordspace,Slab Geometric	https://fonts.google.com/specimen/Stint+Ultra+Expanded
STIX Two Math	?	OFL (kiem lai METADATA.pb cua font do truoc khi dung)	Expressive Business,Expressive Competent,Expressive Loud,Expressive Rugged,Expressive Sincere,Quality Concept,Quality Drawing,Quality Spacing,Quality Wordspace,Serif Transitional	https://fonts.google.com/specimen/STIX+Two+Math
STIX Two Text	?	OFL (kiem lai METADATA.pb cua font do truoc khi dung)	Expressive Awkward,Expressive Business,Expressive Calm,Expressive Competent,Expressive Loud,Expressive Playful,Expressive Rugged,Expressive Sincere,Expressive Vintage,Quality Concept,Quality Drawing,Quality Spacing	https://fonts.google.com/specimen/STIX+Two+Text
Stoke	?	OFL (kiem lai METADATA.pb cua font do truoc khi dung)	Expressive Competent,Expressive Loud,Expressive Rugged,Expressive Sincere,Expressive Vintage,Quality Concept,Quality Drawing,Quality Spacing,Quality Wordspace,Serif Old Style Garalde	https://fonts.google.com/specimen/Stoke
Story Script	?	OFL (kiem lai METADATA.pb cua font do truoc khi dung)	Expressive Active,Expressive Artistic,Expressive Awkward,Expressive Cute,Expressive Excited,Expressive Happy,Expressive Loud,Expressive Playful,Expressive Rugged,Expressive Sincere,Expressive Vintage,Quality Concept	https://fonts.google.com/specimen/Story+Script
Strait	?	OFL (kiem lai METADATA.pb cua font do truoc khi dung)	Expressive Active,Expressive Business,Expressive Calm,Expressive Competent,Expressive Futuristic,Expressive Loud,Expressive Rugged,Expressive Sincere,Expressive Stiff,Expressive Vintage,Quality Concept,Quality Drawing	https://fonts.google.com/specimen/Strait
Strichpunkt Sans	?	OFL (kiem lai METADATA.pb cua font do truoc khi dung)	wght@100,wght@200,Expressive Playful,Quality Concept,Quality Drawing,Quality Spacing,Quality Wordspace,Sans Grotesque	https://fonts.google.com/specimen/Strichpunkt+Sans
Style Script	?	OFL (kiem lai METADATA.pb cua font do truoc khi dung)	Expressive Active,Expressive Artistic,Expressive Cute,Expressive Fancy,Expressive Happy,Expressive Playful,Expressive Rugged,Expressive Sincere,Expressive Sophisticated,Expressive Vintage,Quality Concept,Quality Drawing	https://fonts.google.com/specimen/Style+Script
Stylish	?	OFL (kiem lai METADATA.pb cua font do truoc khi dung)	Expressive Awkward,Expressive Innovative,Expressive Loud,Expressive Playful,Expressive Rugged,Expressive Sincere,Expressive Vintage,Quality Concept,Quality Drawing,Quality Spacing,Quality Wordspace,Seasonal Lunar New Year	https://fonts.google.com/specimen/Stylish
Sue Ellen Francisco	?	OFL (kiem lai METADATA.pb cua font do truoc khi dung)	Expressive Awkward,Expressive Childlike,Expressive Cute,Expressive Happy,Expressive Playful,Expressive Rugged,Expressive Sincere,Expressive Vintage,Quality Concept,Quality Drawing,Quality Spacing,Quality Wordspace	https://fonts.google.com/specimen/Sue+Ellen+Francisco
Suez One	?	OFL (kiem lai METADATA.pb cua font do truoc khi dung)	Expressive Loud,Expressive Rugged,Expressive Vintage,Quality Concept,Quality Drawing,Quality Spacing,Quality Wordspace	https://fonts.google.com/specimen/Suez+One
Sulphur Point	?	OFL (kiem lai METADATA.pb cua font do truoc khi dung)	Expressive Calm,Expressive Happy,Expressive Loud,Expressive Rugged,Expressive Sincere,Expressive Vintage,Quality Concept,Quality Drawing,Quality Spacing,Quality Wordspace,Sans Geometric	https://fonts.google.com/specimen/Sulphur+Point
Sumana	?	OFL (kiem lai METADATA.pb cua font do truoc khi dung)	Expressive Business,Expressive Competent,Expressive Loud,Expressive Rugged,Expressive Sincere,Expressive Vintage,Quality Concept,Quality Drawing,Quality Spacing,Quality Wordspace,Serif Transitional	https://fonts.google.com/specimen/Sumana
Sunflower	?	OFL (kiem lai METADATA.pb cua font do truoc khi dung)	Expressive Business,Expressive Calm,Expressive Futuristic,Expressive Loud,Expressive Rugged,Expressive Sincere,Expressive Vintage,Quality Concept,Quality Drawing,Quality Spacing,Quality Wordspace,Sans Geometric	https://fonts.google.com/specimen/Sunflower
Sunshiney	?	OFL (kiem lai METADATA.pb cua font do truoc khi dung)	Expressive Awkward,Expressive Childlike,Expressive Cute,Expressive Excited,Expressive Happy,Expressive Loud,Expressive Playful,Expressive Rugged,Expressive Sincere,Expressive Vintage,Quality Concept,Quality Drawing	https://fonts.google.com/specimen/Sunshiney
Supermercado One	?	OFL (kiem lai METADATA.pb cua font do truoc khi dung)	Expressive Awkward,Expressive Cute,Expressive Futuristic,Expressive Happy,Expressive Innovative,Expressive Loud,Expressive Playful,Expressive Rugged,Expressive Sincere,Expressive Stiff,Expressive Vintage,Quality Concept	https://fonts.google.com/specimen/Supermercado+One
Sura	?	OFL (kiem lai METADATA.pb cua font do truoc khi dung)	Expressive Business,Expressive Loud,Expressive Rugged,Expressive Sincere,Expressive Vintage,Quality Concept,Quality Drawing,Quality Spacing,Quality Wordspace,Slab Humanist	https://fonts.google.com/specimen/Sura
Suranna	?	OFL (kiem lai METADATA.pb cua font do truoc khi dung)	Expressive Business,Expressive Rugged,Expressive Vintage,Quality Concept,Quality Drawing,Quality Spacing,Quality Wordspace,Serif Didone	https://fonts.google.com/specimen/Suranna
Suravaram	?	OFL (kiem lai METADATA.pb cua font do truoc khi dung)	Expressive Business,Expressive Rugged,Expressive Sincere,Expressive Vintage,Quality Concept,Quality Drawing,Quality Spacing,Quality Wordspace,Seasonal Holi	https://fonts.google.com/specimen/Suravaram
SUSE	?	OFL (kiem lai METADATA.pb cua font do truoc khi dung)	Expressive Awkward,Expressive Business,Expressive Calm,Expressive Competent,Expressive Futuristic,Expressive Loud,Expressive Playful,Expressive Rugged,Expressive Stiff,Expressive Vintage,Quality Concept,Quality Drawing	https://fonts.google.com/specimen/SUSE
SUSE Mono	?	OFL (kiem lai METADATA.pb cua font do truoc khi dung)	Expressive Awkward,Expressive Business,Expressive Calm,Expressive Competent,Expressive Futuristic,Expressive Loud,Expressive Playful,Expressive Rugged,Expressive Stiff,Expressive Vintage,Monospace Monospace,Quality Concept	https://fonts.google.com/specimen/SUSE+Mono
Suwannaphum	?	OFL (kiem lai METADATA.pb cua font do truoc khi dung)	Expressive Business,Expressive Competent,Expressive Loud,Expressive Rugged,Expressive Sincere,Expressive Stiff,Expressive Vintage,Quality Concept,Quality Drawing,Quality Spacing,Quality Wordspace,Slab Geometric	https://fonts.google.com/specimen/Suwannaphum
Swanky and Moo Moo	?	OFL (kiem lai METADATA.pb cua font do truoc khi dung)	Expressive Active,Expressive Awkward,Expressive Childlike,Expressive Cute,Expressive Excited,Expressive Happy,Expressive Playful,Expressive Rugged,Expressive Sincere,Expressive Vintage,Quality Concept,Quality Drawing	https://fonts.google.com/specimen/Swanky+and+Moo+Moo
Syncopate	?	OFL (kiem lai METADATA.pb cua font do truoc khi dung)	Expressive Active,Expressive Awkward,Expressive Futuristic,Expressive Happy,Expressive Innovative,Expressive Rugged,Expressive Sincere,Expressive Stiff,Expressive Vintage,Quality Concept,Quality Drawing,Quality Spacing	https://fonts.google.com/specimen/Syncopate
Syne	?	OFL (kiem lai METADATA.pb cua font do truoc khi dung)	Expressive Awkward,Expressive Business,Expressive Calm,Expressive Competent,Expressive Excited,Expressive Loud,Expressive Playful,Expressive Rugged,Expressive Stiff,Expressive Vintage,Quality Concept,Quality Drawing	https://fonts.google.com/specimen/Syne
Syne Mono	?	OFL (kiem lai METADATA.pb cua font do truoc khi dung)	Expressive Awkward,Expressive Futuristic,Expressive Innovative,Expressive Rugged,Expressive Sincere,Expressive Stiff,Expressive Vintage,Monospace Monospace,Quality Concept,Quality Drawing,Quality Spacing,Quality Wordspace	https://fonts.google.com/specimen/Syne+Mono
Syne Tactile	?	OFL (kiem lai METADATA.pb cua font do truoc khi dung)	Expressive Active,Expressive Artistic,Expressive Awkward,Expressive Excited,Expressive Playful,Expressive Rugged,Expressive Sophisticated,Expressive Vintage,Quality Concept,Quality Drawing,Quality Spacing,Quality Wordspace	https://fonts.google.com/specimen/Syne+Tactile
Tac One	?	OFL (kiem lai METADATA.pb cua font do truoc khi dung)	Expressive Active,Expressive Awkward,Expressive Cute,Expressive Excited,Expressive Happy,Expressive Innovative,Expressive Loud,Expressive Playful,Expressive Rugged,Expressive Stiff,Expressive Vintage,Quality Concept	https://fonts.google.com/specimen/Tac+One
Tagesschrift	?	OFL (kiem lai METADATA.pb cua font do truoc khi dung)	Expressive Awkward,Expressive Happy,Expressive Loud,Expressive Rugged,Expressive Vintage,Quality Concept,Quality Drawing,Quality Spacing,Quality Wordspace,Script Upright Script,Theme Brush	https://fonts.google.com/specimen/Tagesschrift
Tai Heritage Pro	?	OFL (kiem lai METADATA.pb cua font do truoc khi dung)	Expressive Business,Expressive Competent,Expressive Rugged,Expressive Sincere,Expressive Stiff,Expressive Vintage,Quality Concept,Quality Drawing,Quality Spacing,Quality Wordspace,Serif Transitional	https://fonts.google.com/specimen/Tai+Heritage+Pro
Tajawal	?	OFL (kiem lai METADATA.pb cua font do truoc khi dung)	Expressive Business,Expressive Calm,Expressive Competent,Expressive Rugged,Expressive Sincere,Expressive Stiff,Expressive Vintage,Quality Concept,Quality Drawing,Quality Spacing,Quality Wordspace,Sans Humanist	https://fonts.google.com/specimen/Tajawal
Tangerine	?	OFL (kiem lai METADATA.pb cua font do truoc khi dung)	Expressive Artistic,Expressive Fancy,Expressive Happy,Expressive Rugged,Expressive Sincere,Expressive Sophisticated,Expressive Vintage,Quality Concept,Quality Drawing,Quality Spacing,Quality Wordspace,Script Formal	https://fonts.google.com/specimen/Tangerine
Tapestry	?	OFL (kiem lai METADATA.pb cua font do truoc khi dung)	Expressive Active,Expressive Awkward,Expressive Happy,Expressive Innovative,Expressive Loud,Expressive Rugged,Expressive Sincere,Expressive Vintage,Quality Concept,Quality Drawing,Quality Spacing,Quality Wordspace	https://fonts.google.com/specimen/Tapestry
Taprom	?	OFL (kiem lai METADATA.pb cua font do truoc khi dung)	Expressive Artistic,Expressive Awkward,Expressive Excited,Expressive Loud,Expressive Rugged,Expressive Sincere,Expressive Vintage,Quality Concept,Quality Drawing,Quality Spacing,Quality Wordspace	https://fonts.google.com/specimen/Taprom
TASA Explorer	?	OFL (kiem lai METADATA.pb cua font do truoc khi dung)	Expressive Awkward,Expressive Business,Expressive Calm,Expressive Competent,Expressive Futuristic,Expressive Loud,Expressive Playful,Expressive Rugged,Expressive Stiff,Expressive Vintage,Quality Concept,Quality Drawing	https://fonts.google.com/specimen/TASA+Explorer
TASA Orbiter	?	OFL (kiem lai METADATA.pb cua font do truoc khi dung)	Expressive Awkward,Expressive Business,Expressive Calm,Expressive Competent,Expressive Futuristic,Expressive Loud,Expressive Playful,Expressive Rugged,Expressive Stiff,Expressive Vintage,Quality Concept,Quality Drawing	https://fonts.google.com/specimen/TASA+Orbiter
Tauri	?	OFL (kiem lai METADATA.pb cua font do truoc khi dung)	Expressive Business,Expressive Calm,Expressive Competent,Expressive Loud,Expressive Rugged,Expressive Sincere,Expressive Stiff,Expressive Vintage,Quality Concept,Quality Drawing,Quality Spacing,Quality Wordspace	https://fonts.google.com/specimen/Tauri
Taviraj	?	OFL (kiem lai METADATA.pb cua font do truoc khi dung)	Expressive Business,Expressive Loud,Expressive Rugged,Expressive Sincere,Expressive Vintage,Quality Concept,Quality Drawing,Quality Spacing,Quality Wordspace,Serif Modern	https://fonts.google.com/specimen/Taviraj
Teachers	?	OFL (kiem lai METADATA.pb cua font do truoc khi dung)	Expressive Awkward,Expressive Business,Expressive Calm,Expressive Competent,Expressive Cute,Expressive Loud,Expressive Playful,Expressive Rugged,Expressive Vintage,Quality Concept,Quality Drawing,Quality Spacing	https://fonts.google.com/specimen/Teachers
Teko	?	OFL (kiem lai METADATA.pb cua font do truoc khi dung)	Expressive Awkward,Expressive Calm,Expressive Competent,Expressive Futuristic,Expressive Loud,Expressive Playful,Expressive Rugged,Expressive Stiff,Expressive Vintage,Quality Concept,Quality Drawing,Quality Spacing	https://fonts.google.com/specimen/Teko
Tektur	?	OFL (kiem lai METADATA.pb cua font do truoc khi dung)	wght@75,wght@100,Expressive Playful,Expressive Stiff,Quality Concept,Quality Drawing,Quality Spacing,Quality Wordspace,Sans Geometric,Theme Techno	https://fonts.google.com/specimen/Tektur
Telex	?	OFL (kiem lai METADATA.pb cua font do truoc khi dung)	Expressive Business,Expressive Calm,Expressive Competent,Expressive Loud,Expressive Rugged,Expressive Sincere,Expressive Stiff,Expressive Vintage,Quality Concept,Quality Drawing,Quality Spacing,Quality Wordspace	https://fonts.google.com/specimen/Telex
Tenali Ramakrishna	?	OFL (kiem lai METADATA.pb cua font do truoc khi dung)	Expressive Awkward,Expressive Business,Expressive Rugged,Expressive Sincere,Expressive Vintage,Quality Concept,Quality Drawing,Quality Spacing,Quality Wordspace,Sans Geometric,Sans Humanist,Sans Neo Grotesque	https://fonts.google.com/specimen/Tenali+Ramakrishna
Tenor Sans	?	OFL (kiem lai METADATA.pb cua font do truoc khi dung)	Expressive Business,Expressive Calm,Expressive Rugged,Expressive Sincere,Expressive Vintage,Quality Concept,Quality Drawing,Quality Spacing,Quality Wordspace,Sans Geometric,Sans Humanist	https://fonts.google.com/specimen/Tenor+Sans
Text Me One	?	OFL (kiem lai METADATA.pb cua font do truoc khi dung)	Expressive Awkward,Expressive Calm,Expressive Futuristic,Expressive Rugged,Expressive Sincere,Expressive Stiff,Expressive Vintage,Quality Concept,Quality Drawing,Quality Spacing,Quality Wordspace,Sans Geometric	https://fonts.google.com/specimen/Text+Me+One
Texturina	?	OFL (kiem lai METADATA.pb cua font do truoc khi dung)	Expressive Awkward,Expressive Loud,Expressive Playful,Expressive Rugged,Expressive Stiff,Expressive Vintage,Quality Concept,Quality Drawing,Quality Spacing,Quality Wordspace,Theme Blackletter	https://fonts.google.com/specimen/Texturina
Thasadith	?	OFL (kiem lai METADATA.pb cua font do truoc khi dung)	Expressive Business,Expressive Calm,Expressive Competent,Expressive Cute,Expressive Rugged,Expressive Sincere,Expressive Vintage,Quality Concept,Quality Drawing,Quality Spacing,Quality Wordspace,Sans Humanist	https://fonts.google.com/specimen/Thasadith
The Girl Next Door	?	OFL (kiem lai METADATA.pb cua font do truoc khi dung)	Expressive Awkward,Expressive Childlike,Expressive Cute,Expressive Excited,Expressive Happy,Expressive Playful,Expressive Rugged,Expressive Sincere,Expressive Vintage,Quality Concept,Quality Drawing,Quality Spacing	https://fonts.google.com/specimen/The+Girl+Next+Door
The Nautigal	?	OFL (kiem lai METADATA.pb cua font do truoc khi dung)	Expressive Artistic,Expressive Cute,Expressive Excited,Expressive Fancy,Expressive Happy,Expressive Playful,Expressive Rugged,Expressive Sincere,Expressive Sophisticated,Expressive Vintage,Quality Concept,Quality Drawing	https://fonts.google.com/specimen/The+Nautigal
Tienne	?	OFL (kiem lai METADATA.pb cua font do truoc khi dung)	Expressive Business,Expressive Competent,Expressive Loud,Expressive Rugged,Expressive Sincere,Expressive Stiff,Expressive Vintage,Quality Concept,Quality Drawing,Quality Spacing,Quality Wordspace,Serif Modern	https://fonts.google.com/specimen/Tienne
TikTok Sans	?	OFL (kiem lai METADATA.pb cua font do truoc khi dung)	wght@75,wght@150,Expressive Playful,Quality Concept,Quality Drawing,Quality Spacing,Quality Wordspace,Sans Grotesque	https://fonts.google.com/specimen/TikTok+Sans
Tillana	?	OFL (kiem lai METADATA.pb cua font do truoc khi dung)	Expressive Active,Expressive Awkward,Expressive Happy,Expressive Innovative,Expressive Rugged,Expressive Sincere,Expressive Vintage,Quality Concept,Quality Drawing,Quality Spacing,Quality Wordspace,Script Handwritten	https://fonts.google.com/specimen/Tillana
Tilt Neon	?	OFL (kiem lai METADATA.pb cua font do truoc khi dung)	Expressive Business,Expressive Competent,Expressive Loud,Expressive Rugged,Expressive Vintage,Quality Concept,Quality Drawing,Quality Spacing,Quality Wordspace,Sans Geometric,Theme Techno	https://fonts.google.com/specimen/Tilt+Neon
Tilt Prism	?	OFL (kiem lai METADATA.pb cua font do truoc khi dung)	Expressive Active,Expressive Artistic,Expressive Awkward,Expressive Innovative,Expressive Rugged,Expressive Sincere,Expressive Stiff,Expressive Vintage,Quality Concept,Quality Drawing,Quality Spacing,Quality Wordspace	https://fonts.google.com/specimen/Tilt+Prism
Tilt Warp	?	OFL (kiem lai METADATA.pb cua font do truoc khi dung)	Expressive Active,Expressive Happy,Expressive Innovative,Expressive Loud,Expressive Rugged,Expressive Stiff,Expressive Vintage,Quality Concept,Quality Drawing,Quality Spacing,Quality Wordspace,Sans Geometric	https://fonts.google.com/specimen/Tilt+Warp
Timmana	?	OFL (kiem lai METADATA.pb cua font do truoc khi dung)	Expressive Business,Expressive Calm,Expressive Loud,Expressive Rugged,Expressive Sincere,Expressive Stiff,Expressive Vintage,Quality Concept,Quality Drawing,Quality Spacing,Quality Wordspace,Sans Humanist	https://fonts.google.com/specimen/Timmana
Tinos	?	OFL (kiem lai METADATA.pb cua font do truoc khi dung)	Expressive Business,Expressive Competent,Expressive Loud,Expressive Rugged,Expressive Sincere,Expressive Stiff,Expressive Vintage,Quality Concept,Quality Drawing,Quality Spacing,Quality Wordspace,Serif Transitional	https://fonts.google.com/specimen/Tinos
Tiny5	?	OFL (kiem lai METADATA.pb cua font do truoc khi dung)	Expressive Awkward,Expressive Futuristic,Expressive Loud,Expressive Rugged,Expressive Sincere,Expressive Stiff,Expressive Vintage,Quality Concept,Quality Drawing,Quality Spacing,Quality Wordspace,Theme Pixel	https://fonts.google.com/specimen/Tiny5
Tiro Bangla	?	OFL (kiem lai METADATA.pb cua font do truoc khi dung)	Expressive Business,Expressive Competent,Expressive Loud,Expressive Rugged,Expressive Sincere,Expressive Vintage,Quality Concept,Quality Drawing,Quality Spacing,Quality Wordspace,Seasonal Diwali,Serif Transitional	https://fonts.google.com/specimen/Tiro+Bangla
Tiro Devanagari Hindi	?	OFL (kiem lai METADATA.pb cua font do truoc khi dung)	Expressive Business,Expressive Competent,Expressive Loud,Expressive Rugged,Expressive Sincere,Expressive Vintage,Quality Concept,Quality Drawing,Quality Spacing,Quality Wordspace,Seasonal Diwali,Serif Transitional	https://fonts.google.com/specimen/Tiro+Devanagari+Hindi
Tiro Devanagari Marathi	?	OFL (kiem lai METADATA.pb cua font do truoc khi dung)	Expressive Business,Expressive Competent,Expressive Loud,Expressive Rugged,Expressive Sincere,Expressive Vintage,Quality Concept,Quality Drawing,Quality Spacing,Quality Wordspace,Serif Transitional	https://fonts.google.com/specimen/Tiro+Devanagari+Marathi
Tiro Devanagari Sanskrit	?	OFL (kiem lai METADATA.pb cua font do truoc khi dung)	Expressive Business,Expressive Competent,Expressive Loud,Expressive Rugged,Expressive Sincere,Expressive Vintage,Quality Concept,Quality Drawing,Quality Spacing,Quality Wordspace,Serif Transitional	https://fonts.google.com/specimen/Tiro+Devanagari+Sanskrit
Tiro Gurmukhi	?	OFL (kiem lai METADATA.pb cua font do truoc khi dung)	Expressive Business,Expressive Competent,Expressive Loud,Expressive Rugged,Expressive Sincere,Expressive Vintage,Quality Concept,Quality Drawing,Quality Spacing,Quality Wordspace,Seasonal Diwali,Serif Transitional	https://fonts.google.com/specimen/Tiro+Gurmukhi
Tiro Kannada	?	OFL (kiem lai METADATA.pb cua font do truoc khi dung)	Expressive Business,Expressive Competent,Expressive Loud,Expressive Rugged,Expressive Sincere,Expressive Vintage,Quality Concept,Quality Drawing,Quality Spacing,Quality Wordspace,Seasonal Diwali,Serif Transitional	https://fonts.google.com/specimen/Tiro+Kannada
Tiro Tamil	?	OFL (kiem lai METADATA.pb cua font do truoc khi dung)	Expressive Business,Expressive Competent,Expressive Loud,Expressive Rugged,Expressive Sincere,Expressive Vintage,Quality Concept,Quality Drawing,Quality Spacing,Quality Wordspace,Seasonal Diwali,Serif Transitional	https://fonts.google.com/specimen/Tiro+Tamil
Tiro Telugu	?	OFL (kiem lai METADATA.pb cua font do truoc khi dung)	Expressive Business,Expressive Competent,Expressive Loud,Expressive Rugged,Expressive Sincere,Expressive Vintage,Quality Concept,Quality Drawing,Quality Spacing,Quality Wordspace,Seasonal Diwali,Serif Transitional	https://fonts.google.com/specimen/Tiro+Telugu
Tirra	?	OFL (kiem lai METADATA.pb cua font do truoc khi dung)	Expressive Business,Expressive Loud,Expressive Rugged,Expressive Sincere,Expressive Stiff,Expressive Vintage,Quality Concept,Quality Drawing,Quality Spacing,Quality Wordspace,Sans Humanist	https://fonts.google.com/specimen/Tirra
Titan One	?	OFL (kiem lai METADATA.pb cua font do truoc khi dung)	Expressive Awkward,Expressive Cute,Expressive Happy,Expressive Innovative,Expressive Loud,Expressive Playful,Expressive Rugged,Expressive Stiff,Expressive Vintage,Quality Concept,Quality Drawing,Quality Spacing	https://fonts.google.com/specimen/Titan+One
Titillium Web	?	OFL (kiem lai METADATA.pb cua font do truoc khi dung)	Expressive Business,Expressive Calm,Expressive Competent,Expressive Futuristic,Expressive Loud,Expressive Rugged,Expressive Sincere,Expressive Stiff,Expressive Vintage,Quality Concept,Quality Drawing,Quality Spacing	https://fonts.google.com/specimen/Titillium+Web
Tomorrow	?	OFL (kiem lai METADATA.pb cua font do truoc khi dung)	Expressive Business,Expressive Futuristic,Expressive Loud,Expressive Rugged,Expressive Sincere,Expressive Stiff,Expressive Vintage,Quality Concept,Quality Drawing,Quality Spacing,Quality Wordspace,Sans Geometric	https://fonts.google.com/specimen/Tomorrow
Tourney	?	OFL (kiem lai METADATA.pb cua font do truoc khi dung)	wght@75,wght@125,Expressive Playful,Expressive Stiff,Quality Concept,Quality Drawing,Quality Spacing,Quality Wordspace,Sans Geometric,Theme Techno	https://fonts.google.com/specimen/Tourney
Trade Winds	?	OFL (kiem lai METADATA.pb cua font do truoc khi dung)	Expressive Active,Expressive Awkward,Expressive Excited,Expressive Innovative,Expressive Loud,Expressive Playful,Expressive Rugged,Expressive Sincere,Expressive Vintage,Quality Concept,Quality Drawing,Quality Spacing	https://fonts.google.com/specimen/Trade+Winds
Train One	?	OFL (kiem lai METADATA.pb cua font do truoc khi dung)	Expressive Active,Expressive Awkward,Expressive Innovative,Expressive Rugged,Expressive Sincere,Expressive Stiff,Expressive Vintage,Quality Concept,Quality Drawing,Quality Spacing,Quality Wordspace,Seasonal Kwanzaa	https://fonts.google.com/specimen/Train+One
Triodion	?	OFL (kiem lai METADATA.pb cua font do truoc khi dung)	Expressive Loud,Expressive Rugged,Expressive Sincere,Expressive Vintage,Quality Concept,Quality Drawing,Quality Spacing,Quality Wordspace	https://fonts.google.com/specimen/Triodion
Trirong	?	OFL (kiem lai METADATA.pb cua font do truoc khi dung)	Expressive Business,Expressive Loud,Expressive Rugged,Expressive Sincere,Expressive Vintage,Quality Concept,Quality Drawing,Quality Spacing,Quality Wordspace,Serif Modern	https://fonts.google.com/specimen/Trirong
Trispace	?	OFL (kiem lai METADATA.pb cua font do truoc khi dung)	wght@75,wght@125,Expressive Playful,Expressive Stiff,Quality Concept,Quality Drawing,Quality Spacing,Quality Wordspace,Sans Humanist,Sans Neo Grotesque	https://fonts.google.com/specimen/Trispace
Trocchi	?	OFL (kiem lai METADATA.pb cua font do truoc khi dung)	Expressive Competent,Expressive Happy,Expressive Loud,Expressive Rugged,Expressive Sincere,Expressive Vintage,Quality Concept,Quality Drawing,Quality Spacing,Quality Wordspace,Serif Scotch	https://fonts.google.com/specimen/Trocchi
Trochut	?	OFL (kiem lai METADATA.pb cua font do truoc khi dung)	Expressive Awkward,Expressive Happy,Expressive Loud,Expressive Playful,Expressive Rugged,Expressive Sincere,Expressive Stiff,Expressive Vintage,Quality Concept,Quality Drawing,Quality Spacing,Quality Wordspace	https://fonts.google.com/specimen/Trochut
Truculenta	?	OFL (kiem lai METADATA.pb cua font do truoc khi dung)	wght@75,wght@125,Expressive Playful,Expressive Stiff,Quality Concept,Quality Drawing,Quality Spacing,Quality Wordspace,Sans Grotesque,Sans Neo Grotesque,Seasonal Christmas	https://fonts.google.com/specimen/Truculenta
Trykker	?	OFL (kiem lai METADATA.pb cua font do truoc khi dung)	Expressive Business,Expressive Competent,Expressive Loud,Expressive Rugged,Expressive Sincere,Expressive Stiff,Expressive Vintage,Quality Concept,Quality Drawing,Quality Spacing,Quality Wordspace,Serif Transitional	https://fonts.google.com/specimen/Trykker
Tsukimi Rounded	?	OFL (kiem lai METADATA.pb cua font do truoc khi dung)	Expressive Awkward,Expressive Calm,Expressive Happy,Expressive Playful,Expressive Rugged,Expressive Sincere,Expressive Vintage,Quality Concept,Quality Drawing,Quality Spacing,Quality Wordspace,Sans Geometric	https://fonts.google.com/specimen/Tsukimi+Rounded
Tuffy	?	OFL (kiem lai METADATA.pb cua font do truoc khi dung)	Expressive Business,Expressive Calm,Expressive Cute,Expressive Loud,Expressive Playful,Expressive Rugged,Expressive Sincere,Expressive Vintage,Quality Concept,Quality Drawing,Quality Spacing,Quality Wordspace	https://fonts.google.com/specimen/Tuffy
Tulpen One	?	OFL (kiem lai METADATA.pb cua font do truoc khi dung)	Expressive Active,Expressive Awkward,Expressive Futuristic,Expressive Playful,Expressive Rugged,Expressive Sincere,Expressive Stiff,Expressive Vintage,Quality Concept,Quality Drawing,Quality Spacing,Quality Wordspace	https://fonts.google.com/specimen/Tulpen+One
Turret Road	?	OFL (kiem lai METADATA.pb cua font do truoc khi dung)	Expressive Awkward,Expressive Futuristic,Expressive Rugged,Expressive Sincere,Expressive Stiff,Expressive Vintage,Quality Concept,Quality Drawing,Quality Spacing,Quality Wordspace,Theme Techno	https://fonts.google.com/specimen/Turret+Road
Twinkle Star	?	OFL (kiem lai METADATA.pb cua font do truoc khi dung)	Expressive Active,Expressive Awkward,Expressive Childlike,Expressive Cute,Expressive Excited,Expressive Happy,Expressive Playful,Expressive Rugged,Expressive Sincere,Expressive Sophisticated,Expressive Vintage,Quality Concept	https://fonts.google.com/specimen/Twinkle+Star
Ubuntu	?	OFL (kiem lai METADATA.pb cua font do truoc khi dung)	Expressive Business,Expressive Calm,Expressive Competent,Expressive Futuristic,Expressive Loud,Expressive Rugged,Expressive Sincere,Expressive Stiff,Expressive Vintage,Quality Concept,Quality Drawing,Quality Spacing	https://fonts.google.com/specimen/Ubuntu
Ubuntu Condensed	?	OFL (kiem lai METADATA.pb cua font do truoc khi dung)	Expressive Active,Expressive Business,Expressive Calm,Expressive Futuristic,Expressive Loud,Expressive Rugged,Expressive Sincere,Expressive Stiff,Expressive Vintage,Quality Concept,Quality Drawing,Quality Spacing	https://fonts.google.com/specimen/Ubuntu+Condensed
Ubuntu Mono	?	OFL (kiem lai METADATA.pb cua font do truoc khi dung)	Expressive Business,Expressive Calm,Expressive Futuristic,Expressive Loud,Expressive Rugged,Expressive Stiff,Expressive Vintage,Monospace Monospace,Quality Concept,Quality Drawing,Quality Spacing,Quality Wordspace	https://fonts.google.com/specimen/Ubuntu+Mono
Ubuntu Sans	?	OFL (kiem lai METADATA.pb cua font do truoc khi dung)	wght@75,wght@100,Expressive Playful,Expressive Stiff,Quality Concept,Quality Drawing,Quality Spacing,Quality Wordspace,Sans Humanist	https://fonts.google.com/specimen/Ubuntu+Sans
Ubuntu Sans Mono	?	OFL (kiem lai METADATA.pb cua font do truoc khi dung)	Expressive Awkward,Expressive Business,Expressive Calm,Expressive Competent,Expressive Futuristic,Expressive Loud,Expressive Playful,Expressive Rugged,Expressive Stiff,Expressive Vintage,Monospace Monospace,Quality Concept	https://fonts.google.com/specimen/Ubuntu+Sans+Mono
Uchen	?	OFL (kiem lai METADATA.pb cua font do truoc khi dung)	Expressive Business,Expressive Loud,Expressive Rugged,Expressive Sincere,Expressive Vintage,Quality Concept,Quality Drawing,Quality Spacing,Quality Wordspace,Serif Modern	https://fonts.google.com/specimen/Uchen
Ultra	?	OFL (kiem lai METADATA.pb cua font do truoc khi dung)	Expressive Active,Expressive Business,Expressive Cute,Expressive Happy,Expressive Loud,Expressive Playful,Expressive Rugged,Expressive Sincere,Expressive Stiff,Expressive Vintage,Quality Concept,Quality Drawing	https://fonts.google.com/specimen/Ultra
Unbounded	?	OFL (kiem lai METADATA.pb cua font do truoc khi dung)	Expressive Awkward,Expressive Business,Expressive Calm,Expressive Competent,Expressive Excited,Expressive Happy,Expressive Loud,Expressive Playful,Expressive Rugged,Expressive Stiff,Expressive Vintage,Quality Concept	https://fonts.google.com/specimen/Unbounded
Uncial Antiqua	?	OFL (kiem lai METADATA.pb cua font do truoc khi dung)	Expressive Awkward,Expressive Happy,Expressive Innovative,Expressive Loud,Expressive Playful,Expressive Rugged,Expressive Sincere,Expressive Vintage,Quality Concept,Quality Drawing,Quality Spacing,Quality Wordspace	https://fonts.google.com/specimen/Uncial+Antiqua
Underdog	?	OFL (kiem lai METADATA.pb cua font do truoc khi dung)	Expressive Awkward,Expressive Excited,Expressive Happy,Expressive Innovative,Expressive Playful,Expressive Rugged,Expressive Sincere,Expressive Vintage,Quality Concept,Quality Drawing,Quality Spacing,Quality Wordspace	https://fonts.google.com/specimen/Underdog
Unica One	?	OFL (kiem lai METADATA.pb cua font do truoc khi dung)	Expressive Active,Expressive Calm,Expressive Futuristic,Expressive Happy,Expressive Rugged,Expressive Sincere,Expressive Stiff,Expressive Vintage,Quality Concept,Quality Drawing,Quality Spacing,Quality Wordspace	https://fonts.google.com/specimen/Unica+One
UnifrakturCook	?	OFL (kiem lai METADATA.pb cua font do truoc khi dung)	Expressive Artistic,Expressive Loud,Expressive Rugged,Expressive Sincere,Expressive Vintage,Quality Concept,Quality Drawing,Quality Spacing,Quality Wordspace,Theme Blackletter	https://fonts.google.com/specimen/UnifrakturCook
UnifrakturMaguntia	?	OFL (kiem lai METADATA.pb cua font do truoc khi dung)	Expressive Artistic,Expressive Awkward,Expressive Loud,Expressive Rugged,Expressive Sincere,Expressive Vintage,Quality Concept,Quality Drawing,Quality Spacing,Quality Wordspace,Theme Blackletter	https://fonts.google.com/specimen/UnifrakturMaguntia
Unkempt	?	OFL (kiem lai METADATA.pb cua font do truoc khi dung)	Expressive Active,Expressive Awkward,Expressive Childlike,Expressive Cute,Expressive Excited,Expressive Happy,Expressive Playful,Expressive Rugged,Expressive Sincere,Expressive Vintage,Quality Concept,Quality Drawing	https://fonts.google.com/specimen/Unkempt
Unlock	?	OFL (kiem lai METADATA.pb cua font do truoc khi dung)	Expressive Awkward,Expressive Futuristic,Expressive Innovative,Expressive Loud,Expressive Rugged,Expressive Stiff,Expressive Vintage,Quality Concept,Quality Drawing,Quality Spacing,Quality Wordspace,Theme Techno	https://fonts.google.com/specimen/Unlock
Unna	?	OFL (kiem lai METADATA.pb cua font do truoc khi dung)	Expressive Business,Expressive Loud,Expressive Rugged,Expressive Sincere,Expressive Vintage,Quality Concept,Quality Drawing,Quality Spacing,Quality Wordspace,Serif Modern	https://fonts.google.com/specimen/Unna
UoqMunThenKhung	?	OFL (kiem lai METADATA.pb cua font do truoc khi dung)	Expressive Business,Expressive Competent,Expressive Loud,Expressive Rugged,Expressive Sincere,Expressive Vintage,Quality Concept,Quality Drawing,Quality Spacing,Quality Wordspace,Seasonal Lunar New Year,Serif Transitional	https://fonts.google.com/specimen/UoqMunThenKhung
Updock	?	OFL (kiem lai METADATA.pb cua font do truoc khi dung)	Expressive Active,Expressive Artistic,Expressive Cute,Expressive Excited,Expressive Fancy,Expressive Happy,Expressive Playful,Expressive Rugged,Expressive Sincere,Expressive Sophisticated,Expressive Vintage,Quality Concept	https://fonts.google.com/specimen/Updock
Urbanist	?	OFL (kiem lai METADATA.pb cua font do truoc khi dung)	Expressive Awkward,Expressive Business,Expressive Calm,Expressive Competent,Expressive Loud,Expressive Playful,Expressive Rugged,Expressive Vintage,Quality Concept,Quality Drawing,Quality Spacing,Quality Wordspace	https://fonts.google.com/specimen/Urbanist
Vampiro One	?	OFL (kiem lai METADATA.pb cua font do truoc khi dung)	Expressive Active,Expressive Artistic,Expressive Awkward,Expressive Cute,Expressive Excited,Expressive Futuristic,Expressive Happy,Expressive Innovative,Expressive Loud,Expressive Rugged,Expressive Stiff,Expressive Vintage	https://fonts.google.com/specimen/Vampiro+One
Varela	?	OFL (kiem lai METADATA.pb cua font do truoc khi dung)	Expressive Business,Expressive Calm,Expressive Competent,Expressive Cute,Expressive Loud,Expressive Rugged,Expressive Sincere,Expressive Stiff,Expressive Vintage,Quality Concept,Quality Drawing,Quality Spacing	https://fonts.google.com/specimen/Varela
Varela Round	?	OFL (kiem lai METADATA.pb cua font do truoc khi dung)	Expressive Business,Expressive Calm,Expressive Competent,Expressive Cute,Expressive Loud,Expressive Rugged,Expressive Sincere,Expressive Stiff,Expressive Vintage,Quality Concept,Quality Drawing,Quality Spacing	https://fonts.google.com/specimen/Varela+Round
Varta	?	OFL (kiem lai METADATA.pb cua font do truoc khi dung)	Expressive Awkward,Expressive Business,Expressive Calm,Expressive Competent,Expressive Playful,Expressive Rugged,Expressive Stiff,Expressive Vintage,Quality Concept,Quality Drawing,Quality Spacing,Quality Wordspace	https://fonts.google.com/specimen/Varta
Vast Shadow	?	OFL (kiem lai METADATA.pb cua font do truoc khi dung)	Expressive Active,Expressive Awkward,Expressive Cute,Expressive Happy,Expressive Innovative,Expressive Loud,Expressive Rugged,Expressive Stiff,Expressive Vintage,Quality Concept,Quality Drawing,Quality Spacing	https://fonts.google.com/specimen/Vast+Shadow
Vazirmatn	?	OFL (kiem lai METADATA.pb cua font do truoc khi dung)	Expressive Awkward,Expressive Business,Expressive Calm,Expressive Competent,Expressive Loud,Expressive Playful,Expressive Rugged,Expressive Vintage,Quality Concept,Quality Drawing,Quality Spacing,Quality Wordspace	https://fonts.google.com/specimen/Vazirmatn
Vend Sans	?	OFL (kiem lai METADATA.pb cua font do truoc khi dung)	Expressive Awkward,Expressive Business,Expressive Calm,Expressive Competent,Expressive Loud,Expressive Rugged,Expressive Stiff,Expressive Vintage,Quality Concept,Quality Drawing,Quality Spacing,Quality Wordspace	https://fonts.google.com/specimen/Vend+Sans
Vesper Libre	?	OFL (kiem lai METADATA.pb cua font do truoc khi dung)	Expressive Business,Expressive Competent,Expressive Loud,Expressive Rugged,Expressive Sincere,Expressive Vintage,Quality Concept,Quality Drawing,Quality Spacing,Quality Wordspace,Serif Transitional	https://fonts.google.com/specimen/Vesper+Libre
Viaoda Libre	?	OFL (kiem lai METADATA.pb cua font do truoc khi dung)	Expressive Active,Expressive Awkward,Expressive Happy,Expressive Playful,Expressive Rugged,Expressive Sincere,Expressive Vintage,Quality Concept,Quality Drawing,Quality Spacing,Quality Wordspace,Theme Art Nouveau	https://fonts.google.com/specimen/Viaoda+Libre
Vibes	?	OFL (kiem lai METADATA.pb cua font do truoc khi dung)	Expressive Active,Expressive Awkward,Expressive Excited,Expressive Playful,Expressive Rugged,Expressive Sincere,Expressive Vintage,Quality Concept,Quality Drawing,Quality Spacing,Quality Wordspace,Theme Wacky	https://fonts.google.com/specimen/Vibes
Vibur	?	OFL (kiem lai METADATA.pb cua font do truoc khi dung)	Expressive Artistic,Expressive Awkward,Expressive Childlike,Expressive Cute,Expressive Excited,Expressive Happy,Expressive Loud,Expressive Playful,Expressive Rugged,Expressive Vintage,Quality Concept,Quality Drawing	https://fonts.google.com/specimen/Vibur
Victor Mono	?	OFL (kiem lai METADATA.pb cua font do truoc khi dung)	Expressive Awkward,Expressive Business,Expressive Calm,Expressive Competent,Expressive Futuristic,Expressive Rugged,Expressive Stiff,Expressive Vintage,Monospace Monospace,Quality Concept,Quality Drawing,Quality Spacing	https://fonts.google.com/specimen/Victor+Mono
Vidaloka	?	OFL (kiem lai METADATA.pb cua font do truoc khi dung)	Expressive Competent,Expressive Happy,Expressive Loud,Expressive Rugged,Expressive Vintage,Quality Concept,Quality Drawing,Quality Spacing,Quality Wordspace,Serif Didone	https://fonts.google.com/specimen/Vidaloka
Viga	?	OFL (kiem lai METADATA.pb cua font do truoc khi dung)	Expressive Competent,Expressive Happy,Expressive Loud,Expressive Playful,Expressive Rugged,Expressive Sincere,Expressive Stiff,Expressive Vintage,Quality Concept,Quality Drawing,Quality Spacing,Quality Wordspace	https://fonts.google.com/specimen/Viga
Vina Sans	?	OFL (kiem lai METADATA.pb cua font do truoc khi dung)	Expressive Active,Expressive Awkward,Expressive Excited,Expressive Futuristic,Expressive Happy,Expressive Innovative,Expressive Loud,Expressive Rugged,Expressive Sincere,Expressive Stiff,Expressive Vintage,Quality Concept	https://fonts.google.com/specimen/Vina+Sans
Voces	?	OFL (kiem lai METADATA.pb cua font do truoc khi dung)	Expressive Business,Expressive Calm,Expressive Loud,Expressive Rugged,Expressive Sincere,Expressive Stiff,Expressive Vintage,Quality Concept,Quality Drawing,Quality Spacing,Quality Wordspace,Sans Humanist	https://fonts.google.com/specimen/Voces
Volkhov	?	OFL (kiem lai METADATA.pb cua font do truoc khi dung)	Expressive Business,Expressive Competent,Expressive Loud,Expressive Rugged,Expressive Sincere,Expressive Vintage,Quality Concept,Quality Drawing,Quality Spacing,Quality Wordspace,Serif Transitional	https://fonts.google.com/specimen/Volkhov
Vollkorn	?	OFL (kiem lai METADATA.pb cua font do truoc khi dung)	Expressive Awkward,Expressive Business,Expressive Calm,Expressive Competent,Expressive Fancy,Expressive Loud,Expressive Rugged,Expressive Sincere,Expressive Vintage,Quality Concept,Quality Drawing,Quality Spacing	https://fonts.google.com/specimen/Vollkorn
Vollkorn SC	?	OFL (kiem lai METADATA.pb cua font do truoc khi dung)	Expressive Business,Expressive Loud,Expressive Rugged,Expressive Sincere,Expressive Vintage,Quality Concept,Quality Drawing,Quality Spacing,Quality Wordspace,Serif Transitional	https://fonts.google.com/specimen/Vollkorn+SC
Voltaire	?	OFL (kiem lai METADATA.pb cua font do truoc khi dung)	Expressive Business,Expressive Calm,Expressive Competent,Expressive Happy,Expressive Loud,Expressive Rugged,Expressive Sincere,Expressive Stiff,Expressive Vintage,Quality Concept,Quality Drawing,Quality Spacing	https://fonts.google.com/specimen/Voltaire
VT323	?	OFL (kiem lai METADATA.pb cua font do truoc khi dung)	Expressive Awkward,Expressive Futuristic,Expressive Innovative,Expressive Loud,Expressive Rugged,Expressive Sincere,Expressive Stiff,Expressive Vintage,Monospace Monospace,Quality Concept,Quality Drawing,Quality Spacing	https://fonts.google.com/specimen/VT323
Vujahday Script	?	OFL (kiem lai METADATA.pb cua font do truoc khi dung)	Expressive Active,Expressive Artistic,Expressive Childlike,Expressive Excited,Expressive Happy,Expressive Playful,Expressive Rugged,Expressive Sincere,Expressive Vintage,Quality Concept,Quality Drawing,Quality Spacing	https://fonts.google.com/specimen/Vujahday+Script
Waiting for the Sunrise	?	OFL (kiem lai METADATA.pb cua font do truoc khi dung)	Expressive Active,Expressive Awkward,Expressive Childlike,Expressive Excited,Expressive Happy,Expressive Playful,Expressive Rugged,Expressive Sincere,Expressive Vintage,Quality Concept,Quality Drawing,Quality Spacing	https://fonts.google.com/specimen/Waiting+for+the+Sunrise
Wallpoet	?	OFL (kiem lai METADATA.pb cua font do truoc khi dung)	Expressive Awkward,Expressive Futuristic,Expressive Innovative,Expressive Loud,Expressive Rugged,Expressive Sincere,Expressive Stiff,Expressive Vintage,Quality Concept,Quality Drawing,Quality Spacing,Quality Wordspace	https://fonts.google.com/specimen/Wallpoet
Walter Turncoat	?	OFL (kiem lai METADATA.pb cua font do truoc khi dung)	Expressive Awkward,Expressive Childlike,Expressive Excited,Expressive Happy,Expressive Innovative,Expressive Loud,Expressive Playful,Expressive Rugged,Expressive Sincere,Expressive Vintage,Quality Concept,Quality Drawing	https://fonts.google.com/specimen/Walter+Turncoat
Warnes	?	OFL (kiem lai METADATA.pb cua font do truoc khi dung)	Expressive Artistic,Expressive Awkward,Expressive Cute,Expressive Futuristic,Expressive Happy,Expressive Innovative,Expressive Loud,Expressive Playful,Expressive Rugged,Expressive Sincere,Expressive Stiff,Expressive Vintage	https://fonts.google.com/specimen/Warnes
Water Brush	?	OFL (kiem lai METADATA.pb cua font do truoc khi dung)	Expressive Active,Expressive Artistic,Expressive Awkward,Expressive Excited,Expressive Happy,Expressive Playful,Expressive Rugged,Expressive Sincere,Expressive Sophisticated,Expressive Vintage,Quality Concept,Quality Drawing	https://fonts.google.com/specimen/Water+Brush
Waterfall	?	OFL (kiem lai METADATA.pb cua font do truoc khi dung)	Expressive Active,Expressive Artistic,Expressive Awkward,Expressive Excited,Expressive Fancy,Expressive Happy,Expressive Playful,Expressive Sincere,Expressive Sophisticated,Expressive Vintage,Quality Concept,Quality Drawing	https://fonts.google.com/specimen/Waterfall
Wavefont	?	OFL (kiem lai METADATA.pb cua font do truoc khi dung)	Expressive Awkward,Quality Concept,Quality Drawing,Quality Spacing,Quality Wordspace,Special use Symbols	https://fonts.google.com/specimen/Wavefont
WDXL Lubrifont JP N	?	OFL (kiem lai METADATA.pb cua font do truoc khi dung)	Expressive Awkward,Expressive Futuristic,Expressive Loud,Expressive Rugged,Expressive Sincere,Expressive Stiff,Expressive Vintage,Quality Concept,Quality Drawing,Quality Spacing,Quality Wordspace,Theme Techno	https://fonts.google.com/specimen/WDXL+Lubrifont+JP+N
WDXL Lubrifont SC	?	OFL (kiem lai METADATA.pb cua font do truoc khi dung)	Expressive Awkward,Expressive Futuristic,Expressive Loud,Expressive Rugged,Expressive Sincere,Expressive Stiff,Expressive Vintage,Quality Concept,Quality Drawing,Quality Spacing,Quality Wordspace,Theme Techno	https://fonts.google.com/specimen/WDXL+Lubrifont+SC
WDXL Lubrifont TC	?	OFL (kiem lai METADATA.pb cua font do truoc khi dung)	Expressive Awkward,Expressive Futuristic,Expressive Loud,Expressive Rugged,Expressive Sincere,Expressive Stiff,Expressive Vintage,Quality Concept,Quality Drawing,Quality Spacing,Quality Wordspace,Theme Techno	https://fonts.google.com/specimen/WDXL+Lubrifont+TC
Wellfleet	?	OFL (kiem lai METADATA.pb cua font do truoc khi dung)	Expressive Awkward,Expressive Business,Expressive Cute,Expressive Excited,Expressive Happy,Expressive Innovative,Expressive Loud,Expressive Playful,Expressive Rugged,Expressive Stiff,Expressive Vintage,Quality Concept	https://fonts.google.com/specimen/Wellfleet
Wendy One	?	OFL (kiem lai METADATA.pb cua font do truoc khi dung)	Expressive Awkward,Expressive Cute,Expressive Happy,Expressive Innovative,Expressive Loud,Expressive Playful,Expressive Rugged,Expressive Vintage,Quality Concept,Quality Drawing,Quality Spacing,Quality Wordspace	https://fonts.google.com/specimen/Wendy+One
Whisper	?	OFL (kiem lai METADATA.pb cua font do truoc khi dung)	Expressive Active,Expressive Artistic,Expressive Cute,Expressive Excited,Expressive Fancy,Expressive Happy,Expressive Playful,Expressive Rugged,Expressive Sincere,Expressive Sophisticated,Expressive Vintage,Quality Concept	https://fonts.google.com/specimen/Whisper
WindSong	?	OFL (kiem lai METADATA.pb cua font do truoc khi dung)	Expressive Active,Expressive Artistic,Expressive Awkward,Expressive Excited,Expressive Fancy,Expressive Happy,Expressive Playful,Expressive Rugged,Expressive Sincere,Expressive Sophisticated,Expressive Vintage,Quality Concept	https://fonts.google.com/specimen/WindSong
Winky Rough	?	OFL (kiem lai METADATA.pb cua font do truoc khi dung)	Expressive Artistic,Expressive Awkward,Expressive Business,Expressive Calm,Expressive Competent,Expressive Cute,Expressive Excited,Expressive Happy,Expressive Loud,Expressive Playful,Expressive Rugged,Expressive Vintage	https://fonts.google.com/specimen/Winky+Rough
Winky Sans	?	OFL (kiem lai METADATA.pb cua font do truoc khi dung)	Expressive Awkward,Expressive Business,Expressive Calm,Expressive Competent,Expressive Cute,Expressive Excited,Expressive Happy,Expressive Loud,Expressive Playful,Expressive Rugged,Expressive Vintage,Quality Concept	https://fonts.google.com/specimen/Winky+Sans
Wire One	?	OFL (kiem lai METADATA.pb cua font do truoc khi dung)	Expressive Awkward,Expressive Calm,Expressive Futuristic,Expressive Happy,Expressive Rugged,Expressive Sincere,Expressive Stiff,Expressive Vintage,Quality Concept,Quality Drawing,Quality Spacing,Quality Wordspace	https://fonts.google.com/specimen/Wire+One
Wittgenstein	?	OFL (kiem lai METADATA.pb cua font do truoc khi dung)	Expressive Awkward,Expressive Business,Expressive Calm,Expressive Competent,Expressive Fancy,Expressive Loud,Expressive Playful,Expressive Rugged,Expressive Sincere,Expressive Vintage,Quality Concept,Quality Drawing	https://fonts.google.com/specimen/Wittgenstein
Wix Madefor Display	?	OFL (kiem lai METADATA.pb cua font do truoc khi dung)	Expressive Awkward,Expressive Business,Expressive Calm,Expressive Competent,Expressive Loud,Expressive Playful,Expressive Rugged,Expressive Stiff,Expressive Vintage,Quality Concept,Quality Drawing,Quality Spacing	https://fonts.google.com/specimen/Wix+Madefor+Display
Wix Madefor Text	?	OFL (kiem lai METADATA.pb cua font do truoc khi dung)	Expressive Awkward,Expressive Business,Expressive Calm,Expressive Competent,Expressive Loud,Expressive Playful,Expressive Rugged,Expressive Stiff,Expressive Vintage,Quality Concept,Quality Drawing,Quality Spacing	https://fonts.google.com/specimen/Wix+Madefor+Text
Work Sans	?	OFL (kiem lai METADATA.pb cua font do truoc khi dung)	Expressive Awkward,Expressive Business,Expressive Calm,Expressive Competent,Expressive Excited,Expressive Happy,Expressive Loud,Expressive Playful,Expressive Rugged,Expressive Stiff,Expressive Vintage,Quality Concept	https://fonts.google.com/specimen/Work+Sans
Workbench	?	OFL (kiem lai METADATA.pb cua font do truoc khi dung)	Expressive Awkward,Expressive Futuristic,Expressive Innovative,Expressive Loud,Expressive Playful,Expressive Rugged,Expressive Sincere,Expressive Stiff,Expressive Vintage,Monospace Monospace,Quality Concept,Quality Drawing	https://fonts.google.com/specimen/Workbench
Xanh Mono	?	OFL (kiem lai METADATA.pb cua font do truoc khi dung)	Expressive Cute,Expressive Happy,Expressive Rugged,Expressive Vintage,Monospace Monospace,Quality Concept,Quality Drawing,Quality Spacing,Quality Wordspace,Serif Modern	https://fonts.google.com/specimen/Xanh+Mono
Yaldevi	?	OFL (kiem lai METADATA.pb cua font do truoc khi dung)	Expressive Awkward,Expressive Business,Expressive Calm,Expressive Competent,Expressive Excited,Expressive Happy,Expressive Loud,Expressive Playful,Expressive Rugged,Expressive Vintage,Quality Concept,Quality Drawing	https://fonts.google.com/specimen/Yaldevi
Yanone Kaffeesatz	?	OFL (kiem lai METADATA.pb cua font do truoc khi dung)	Expressive Active,Expressive Awkward,Expressive Business,Expressive Calm,Expressive Competent,Expressive Futuristic,Expressive Happy,Expressive Loud,Expressive Playful,Expressive Rugged,Expressive Stiff,Expressive Vintage	https://fonts.google.com/specimen/Yanone+Kaffeesatz
Yantramanav	?	OFL (kiem lai METADATA.pb cua font do truoc khi dung)	Expressive Business,Expressive Calm,Expressive Loud,Expressive Rugged,Expressive Sincere,Expressive Stiff,Expressive Vintage,Quality Concept,Quality Drawing,Quality Spacing,Quality Wordspace,Sans Neo Grotesque	https://fonts.google.com/specimen/Yantramanav
Yarndings 12	?	OFL (kiem lai METADATA.pb cua font do truoc khi dung)	Expressive Loud,Expressive Sincere,Quality Concept,Quality Drawing,Quality Spacing,Quality Wordspace,Special use Symbols	https://fonts.google.com/specimen/Yarndings+12
Yarndings 12 Charted	?	OFL (kiem lai METADATA.pb cua font do truoc khi dung)	Expressive Loud,Expressive Sincere,Quality Concept,Quality Drawing,Quality Spacing,Quality Wordspace,Special use Symbols	https://fonts.google.com/specimen/Yarndings+12+Charted
Yarndings 20	?	OFL (kiem lai METADATA.pb cua font do truoc khi dung)	Expressive Loud,Expressive Sincere,Quality Concept,Quality Drawing,Quality Spacing,Quality Wordspace,Special use Symbols	https://fonts.google.com/specimen/Yarndings+20
Yarndings 20 Charted	?	OFL (kiem lai METADATA.pb cua font do truoc khi dung)	Expressive Loud,Expressive Sincere,Quality Concept,Quality Drawing,Quality Spacing,Quality Wordspace,Special use Symbols	https://fonts.google.com/specimen/Yarndings+20+Charted
Yatra One	?	OFL (kiem lai METADATA.pb cua font do truoc khi dung)	Expressive Artistic,Expressive Awkward,Expressive Innovative,Expressive Loud,Expressive Playful,Expressive Rugged,Expressive Sincere,Expressive Stiff,Expressive Vintage,Quality Concept,Quality Drawing,Quality Spacing	https://fonts.google.com/specimen/Yatra+One
Yellowtail	?	OFL (kiem lai METADATA.pb cua font do truoc khi dung)	Expressive Artistic,Expressive Cute,Expressive Excited,Expressive Happy,Expressive Playful,Expressive Rugged,Expressive Sincere,Expressive Vintage,Quality Concept,Quality Drawing,Quality Spacing,Quality Wordspace	https://fonts.google.com/specimen/Yellowtail
Yeon Sung	?	OFL (kiem lai METADATA.pb cua font do truoc khi dung)	Expressive Awkward,Expressive Excited,Expressive Happy,Expressive Loud,Expressive Playful,Expressive Rugged,Expressive Sincere,Expressive Vintage,Quality Concept,Quality Drawing,Quality Spacing,Quality Wordspace	https://fonts.google.com/specimen/Yeon+Sung
Yeseva One	?	OFL (kiem lai METADATA.pb cua font do truoc khi dung)	Expressive Happy,Expressive Loud,Expressive Rugged,Expressive Vintage,Quality Concept,Quality Drawing,Quality Spacing,Quality Wordspace,Serif Didone,Serif Fat Face	https://fonts.google.com/specimen/Yeseva+One
Yesteryear	?	OFL (kiem lai METADATA.pb cua font do truoc khi dung)	Expressive Excited,Expressive Fancy,Expressive Happy,Expressive Loud,Expressive Playful,Expressive Rugged,Expressive Sophisticated,Expressive Vintage,Quality Concept,Quality Drawing,Quality Spacing,Quality Wordspace	https://fonts.google.com/specimen/Yesteryear
Yomogi	?	OFL (kiem lai METADATA.pb cua font do truoc khi dung)	Expressive Awkward,Expressive Childlike,Expressive Excited,Expressive Happy,Expressive Playful,Expressive Sincere,Expressive Vintage,Quality Concept,Quality Drawing,Quality Spacing,Quality Wordspace,Script Handwritten	https://fonts.google.com/specimen/Yomogi
Young Serif	?	OFL (kiem lai METADATA.pb cua font do truoc khi dung)	Expressive Loud,Expressive Rugged,Expressive Sincere,Expressive Vintage,Quality Concept,Quality Drawing,Quality Spacing,Quality Wordspace,Serif Old Style Garalde	https://fonts.google.com/specimen/Young+Serif
Yrsa	?	OFL (kiem lai METADATA.pb cua font do truoc khi dung)	Expressive Awkward,Expressive Business,Expressive Calm,Expressive Competent,Expressive Loud,Expressive Playful,Expressive Rugged,Expressive Sincere,Expressive Vintage,Quality Concept,Quality Drawing,Quality Spacing	https://fonts.google.com/specimen/Yrsa
Ysabeau	?	OFL (kiem lai METADATA.pb cua font do truoc khi dung)	Expressive Awkward,Expressive Business,Expressive Calm,Expressive Competent,Expressive Excited,Expressive Happy,Expressive Loud,Expressive Playful,Expressive Rugged,Expressive Sincere,Expressive Vintage,Quality Concept	https://fonts.google.com/specimen/Ysabeau
Ysabeau Infant	?	OFL (kiem lai METADATA.pb cua font do truoc khi dung)	Expressive Awkward,Expressive Business,Expressive Calm,Expressive Competent,Expressive Cute,Expressive Excited,Expressive Happy,Expressive Innovative,Expressive Loud,Expressive Playful,Expressive Rugged,Expressive Sincere	https://fonts.google.com/specimen/Ysabeau+Infant
Ysabeau Office	?	OFL (kiem lai METADATA.pb cua font do truoc khi dung)	Expressive Awkward,Expressive Business,Expressive Calm,Expressive Competent,Expressive Cute,Expressive Excited,Expressive Happy,Expressive Loud,Expressive Playful,Expressive Rugged,Expressive Sincere,Expressive Vintage	https://fonts.google.com/specimen/Ysabeau+Office
Ysabeau SC	?	OFL (kiem lai METADATA.pb cua font do truoc khi dung)	Expressive Awkward,Expressive Business,Expressive Calm,Expressive Competent,Expressive Happy,Expressive Loud,Expressive Playful,Expressive Rugged,Expressive Vintage,Quality Concept,Quality Drawing,Quality Spacing	https://fonts.google.com/specimen/Ysabeau+SC
Yuji Boku	?	OFL (kiem lai METADATA.pb cua font do truoc khi dung)	Expressive Active,Expressive Awkward,Expressive Innovative,Expressive Playful,Expressive Rugged,Expressive Sincere,Expressive Vintage,Quality Concept,Quality Drawing,Quality Spacing,Quality Wordspace,Script Handwritten	https://fonts.google.com/specimen/Yuji+Boku
Yuji Hentaigana Akari	?	OFL (kiem lai METADATA.pb cua font do truoc khi dung)	Expressive Awkward,Expressive Childlike,Expressive Cute,Expressive Playful,Expressive Sincere,Expressive Vintage,Quality Concept,Quality Drawing,Quality Spacing,Quality Wordspace,Script Informal	https://fonts.google.com/specimen/Yuji+Hentaigana+Akari
Yuji Hentaigana Akebono	?	OFL (kiem lai METADATA.pb cua font do truoc khi dung)	Expressive Awkward,Expressive Childlike,Expressive Cute,Expressive Playful,Expressive Sincere,Expressive Vintage,Quality Concept,Quality Drawing,Quality Spacing,Quality Wordspace,Script Informal	https://fonts.google.com/specimen/Yuji+Hentaigana+Akebono
Yuji Mai	?	OFL (kiem lai METADATA.pb cua font do truoc khi dung)	Expressive Awkward,Expressive Excited,Expressive Innovative,Expressive Loud,Expressive Playful,Expressive Rugged,Expressive Sincere,Expressive Vintage,Quality Concept,Quality Drawing,Quality Spacing,Quality Wordspace	https://fonts.google.com/specimen/Yuji+Mai
Yuji Syuku	?	OFL (kiem lai METADATA.pb cua font do truoc khi dung)	Expressive Awkward,Expressive Rugged,Expressive Sincere,Expressive Vintage,Quality Concept,Quality Drawing,Quality Spacing,Quality Wordspace,Serif Transitional,Theme Distressed	https://fonts.google.com/specimen/Yuji+Syuku
Yusei Magic	?	OFL (kiem lai METADATA.pb cua font do truoc khi dung)	Expressive Childlike,Expressive Cute,Expressive Happy,Expressive Loud,Expressive Playful,Expressive Rugged,Expressive Sincere,Expressive Vintage,Quality Concept,Quality Drawing,Quality Spacing,Quality Wordspace	https://fonts.google.com/specimen/Yusei+Magic
Yuyu	?	OFL (kiem lai METADATA.pb cua font do truoc khi dung)	Expressive Active,Expressive Awkward,Expressive Childlike,Expressive Cute,Expressive Excited,Expressive Happy,Expressive Playful,Expressive Rugged,Expressive Sincere,Expressive Vintage,Quality Concept,Quality Drawing	https://fonts.google.com/specimen/Yuyu
Yuyu Short	?	OFL (kiem lai METADATA.pb cua font do truoc khi dung)	Expressive Active,Expressive Awkward,Expressive Childlike,Expressive Cute,Expressive Excited,Expressive Happy,Expressive Playful,Expressive Rugged,Expressive Sincere,Expressive Vintage,Quality Concept,Quality Drawing	https://fonts.google.com/specimen/Yuyu+Short
Zain	?	OFL (kiem lai METADATA.pb cua font do truoc khi dung)	Expressive Calm,Expressive Cute,Expressive Futuristic,Expressive Loud,Expressive Rugged,Expressive Sincere,Expressive Vintage,Quality Concept,Quality Drawing,Quality Spacing,Quality Wordspace,Sans Rounded	https://fonts.google.com/specimen/Zain
Zalando Sans	?	OFL (kiem lai METADATA.pb cua font do truoc khi dung)	wght@75,wght@125,Expressive Playful,Quality Concept,Quality Drawing,Quality Spacing,Quality Wordspace,Sans Geometric,Sans Humanist,Sans Neo Grotesque	https://fonts.google.com/specimen/Zalando+Sans
Zalando Sans Expanded	?	OFL (kiem lai METADATA.pb cua font do truoc khi dung)	Expressive Active,Expressive Awkward,Expressive Business,Expressive Calm,Expressive Competent,Expressive Happy,Expressive Loud,Expressive Playful,Expressive Rugged,Expressive Vintage,Quality Concept,Quality Drawing	https://fonts.google.com/specimen/Zalando+Sans+Expanded
Zalando Sans SemiExpanded	?	OFL (kiem lai METADATA.pb cua font do truoc khi dung)	Expressive Awkward,Expressive Business,Expressive Calm,Expressive Competent,Expressive Loud,Expressive Playful,Expressive Rugged,Expressive Vintage,Quality Concept,Quality Drawing,Quality Spacing,Quality Wordspace	https://fonts.google.com/specimen/Zalando+Sans+SemiExpanded
ZCOOL KuaiLe	?	OFL (kiem lai METADATA.pb cua font do truoc khi dung)	Expressive Awkward,Expressive Excited,Expressive Futuristic,Expressive Innovative,Expressive Loud,Expressive Playful,Expressive Rugged,Expressive Sincere,Expressive Stiff,Expressive Vintage,Quality Concept,Quality Drawing	https://fonts.google.com/specimen/ZCOOL+KuaiLe
ZCOOL QingKe HuangYou	?	OFL (kiem lai METADATA.pb cua font do truoc khi dung)	Expressive Awkward,Expressive Futuristic,Expressive Loud,Expressive Playful,Expressive Rugged,Expressive Sincere,Expressive Stiff,Expressive Vintage,Quality Concept,Quality Drawing,Quality Spacing,Quality Wordspace	https://fonts.google.com/specimen/ZCOOL+QingKe+HuangYou
ZCOOL XiaoWei	?	OFL (kiem lai METADATA.pb cua font do truoc khi dung)	Expressive Awkward,Expressive Calm,Expressive Happy,Expressive Loud,Expressive Playful,Expressive Rugged,Expressive Sincere,Expressive Stiff,Expressive Vintage,Quality Concept,Quality Drawing,Quality Spacing	https://fonts.google.com/specimen/ZCOOL+XiaoWei
Zen Antique	?	OFL (kiem lai METADATA.pb cua font do truoc khi dung)	Expressive Business,Expressive Competent,Expressive Loud,Expressive Rugged,Expressive Sincere,Expressive Vintage,Quality Concept,Quality Drawing,Quality Spacing,Quality Wordspace,Serif Scotch,Serif Transitional	https://fonts.google.com/specimen/Zen+Antique
Zen Antique Soft	?	OFL (kiem lai METADATA.pb cua font do truoc khi dung)	Expressive Business,Expressive Competent,Expressive Loud,Expressive Rugged,Expressive Sincere,Expressive Vintage,Quality Concept,Quality Drawing,Quality Spacing,Quality Wordspace,Serif Scotch,Serif Transitional	https://fonts.google.com/specimen/Zen+Antique+Soft
Zen Dots	?	OFL (kiem lai METADATA.pb cua font do truoc khi dung)	Expressive Active,Expressive Awkward,Expressive Futuristic,Expressive Innovative,Expressive Loud,Expressive Rugged,Expressive Sincere,Expressive Stiff,Expressive Vintage,Quality Concept,Quality Drawing,Quality Spacing	https://fonts.google.com/specimen/Zen+Dots
Zen Kaku Gothic Antique	?	OFL (kiem lai METADATA.pb cua font do truoc khi dung)	Expressive Business,Expressive Calm,Expressive Competent,Expressive Futuristic,Expressive Rugged,Expressive Sincere,Expressive Vintage,Quality Concept,Quality Drawing,Quality Spacing,Quality Wordspace,Sans Grotesque	https://fonts.google.com/specimen/Zen+Kaku+Gothic+Antique
Zen Kaku Gothic New	?	OFL (kiem lai METADATA.pb cua font do truoc khi dung)	Expressive Business,Expressive Calm,Expressive Competent,Expressive Futuristic,Expressive Rugged,Expressive Sincere,Expressive Vintage,Quality Concept,Quality Drawing,Quality Spacing,Quality Wordspace,Sans Grotesque	https://fonts.google.com/specimen/Zen+Kaku+Gothic+New
Zen Kurenaido	?	OFL (kiem lai METADATA.pb cua font do truoc khi dung)	Expressive Cute,Expressive Futuristic,Expressive Happy,Expressive Playful,Expressive Rugged,Expressive Sincere,Expressive Stiff,Expressive Vintage,Quality Concept,Quality Drawing,Quality Spacing,Quality Wordspace	https://fonts.google.com/specimen/Zen+Kurenaido
Zen Loop	?	OFL (kiem lai METADATA.pb cua font do truoc khi dung)	Expressive Awkward,Expressive Calm,Expressive Childlike,Expressive Cute,Expressive Excited,Expressive Futuristic,Expressive Happy,Expressive Playful,Expressive Rugged,Expressive Sincere,Expressive Stiff,Expressive Vintage	https://fonts.google.com/specimen/Zen+Loop
Zen Maru Gothic	?	OFL (kiem lai METADATA.pb cua font do truoc khi dung)	Expressive Business,Expressive Calm,Expressive Futuristic,Expressive Playful,Expressive Rugged,Expressive Sincere,Expressive Vintage,Quality Concept,Quality Drawing,Quality Spacing,Quality Wordspace,Sans Grotesque	https://fonts.google.com/specimen/Zen+Maru+Gothic
Zen Old Mincho	?	OFL (kiem lai METADATA.pb cua font do truoc khi dung)	Expressive Business,Expressive Competent,Expressive Rugged,Expressive Sincere,Expressive Vintage,Quality Concept,Quality Drawing,Quality Spacing,Quality Wordspace,Serif Scotch,Serif Transitional	https://fonts.google.com/specimen/Zen+Old+Mincho
Zen Tokyo Zoo	?	OFL (kiem lai METADATA.pb cua font do truoc khi dung)	Expressive Active,Expressive Awkward,Expressive Innovative,Expressive Rugged,Expressive Sincere,Expressive Stiff,Expressive Vintage,Quality Concept,Quality Drawing,Quality Spacing,Quality Wordspace,Seasonal Kwanzaa	https://fonts.google.com/specimen/Zen+Tokyo+Zoo
Zeyada	?	OFL (kiem lai METADATA.pb cua font do truoc khi dung)	Expressive Active,Expressive Artistic,Expressive Awkward,Expressive Childlike,Expressive Excited,Expressive Happy,Expressive Playful,Expressive Sincere,Expressive Vintage,Quality Concept,Quality Drawing,Quality Spacing	https://fonts.google.com/specimen/Zeyada
Zhi Mang Xing	?	OFL (kiem lai METADATA.pb cua font do truoc khi dung)	Expressive Active,Expressive Artistic,Expressive Awkward,Expressive Cute,Expressive Excited,Expressive Happy,Expressive Loud,Expressive Playful,Expressive Rugged,Expressive Sincere,Expressive Vintage,Quality Concept	https://fonts.google.com/specimen/Zhi+Mang+Xing
Zilla Slab	?	OFL (kiem lai METADATA.pb cua font do truoc khi dung)	Expressive Business,Expressive Competent,Expressive Happy,Expressive Loud,Expressive Rugged,Expressive Sincere,Expressive Stiff,Expressive Vintage,Quality Concept,Quality Drawing,Quality Spacing,Quality Wordspace	https://fonts.google.com/specimen/Zilla+Slab
Zilla Slab Highlight	?	OFL (kiem lai METADATA.pb cua font do truoc khi dung)	Expressive Awkward,Expressive Happy,Expressive Innovative,Expressive Loud,Expressive Rugged,Expressive Sincere,Expressive Stiff,Expressive Vintage,Quality Concept,Quality Drawing,Quality Spacing,Quality Wordspace	https://fonts.google.com/specimen/Zilla+Slab+Highlight
