ten	tac_gia	license	dinh_dang	trang	cach_lay
annexation	cathelineau	CC-BY 3.0	svg,png	https://game-icons.net/1x1/cathelineau/annexation.html	curl -O https://game-icons.net/icons/ffffff/000000/1x1/cathelineau/annexation.svg
bad-gnome	cathelineau	CC-BY 3.0	svg,png	https://game-icons.net/1x1/cathelineau/bad-gnome.html	curl -O https://game-icons.net/icons/ffffff/000000/1x1/cathelineau/bad-gnome.svg
battleship	cathelineau	CC-BY 3.0	svg,png	https://game-icons.net/1x1/cathelineau/battleship.html	curl -O https://game-icons.net/icons/ffffff/000000/1x1/cathelineau/battleship.svg
boar-ensign	cathelineau	CC-BY 3.0	svg,png	https://game-icons.net/1x1/cathelineau/boar-ensign.html	curl -O https://game-icons.net/icons/ffffff/000000/1x1/cathelineau/boar-ensign.svg
carnyx	cathelineau	CC-BY 3.0	svg,png	https://game-icons.net/1x1/cathelineau/carnyx.html	curl -O https://game-icons.net/icons/ffffff/000000/1x1/cathelineau/carnyx.svg
carrier	cathelineau	CC-BY 3.0	svg,png	https://game-icons.net/1x1/cathelineau/carrier.html	curl -O https://game-icons.net/icons/ffffff/000000/1x1/cathelineau/carrier.svg
chariot	cathelineau	CC-BY 3.0	svg,png	https://game-icons.net/1x1/cathelineau/chariot.html	curl -O https://game-icons.net/icons/ffffff/000000/1x1/cathelineau/chariot.svg
cruiser	cathelineau	CC-BY 3.0	svg,png	https://game-icons.net/1x1/cathelineau/cruiser.html	curl -O https://game-icons.net/icons/ffffff/000000/1x1/cathelineau/cruiser.svg
dread	cathelineau	CC-BY 3.0	svg,png	https://game-icons.net/1x1/cathelineau/dread.html	curl -O https://game-icons.net/icons/ffffff/000000/1x1/cathelineau/dread.svg
dreadnought	cathelineau	CC-BY 3.0	svg,png	https://game-icons.net/1x1/cathelineau/dreadnought.html	curl -O https://game-icons.net/icons/ffffff/000000/1x1/cathelineau/dreadnought.svg
earth-worm	cathelineau	CC-BY 3.0	svg,png	https://game-icons.net/1x1/cathelineau/earth-worm.html	curl -O https://game-icons.net/icons/ffffff/000000/1x1/cathelineau/earth-worm.svg
flying-trout	cathelineau	CC-BY 3.0	svg,png	https://game-icons.net/1x1/cathelineau/flying-trout.html	curl -O https://game-icons.net/icons/ffffff/000000/1x1/cathelineau/flying-trout.svg
fomorian	cathelineau	CC-BY 3.0	svg,png	https://game-icons.net/1x1/cathelineau/fomorian.html	curl -O https://game-icons.net/icons/ffffff/000000/1x1/cathelineau/fomorian.svg
great-war-tank	cathelineau	CC-BY 3.0	svg,png	https://game-icons.net/1x1/cathelineau/great-war-tank.html	curl -O https://game-icons.net/icons/ffffff/000000/1x1/cathelineau/great-war-tank.svg
holy-oak	cathelineau	CC-BY 3.0	svg,png	https://game-icons.net/1x1/cathelineau/holy-oak.html	curl -O https://game-icons.net/icons/ffffff/000000/1x1/cathelineau/holy-oak.svg
iron-hulled-warship	cathelineau	CC-BY 3.0	svg,png	https://game-icons.net/1x1/cathelineau/iron-hulled-warship.html	curl -O https://game-icons.net/icons/ffffff/000000/1x1/cathelineau/iron-hulled-warship.svg
medusa-head	cathelineau	CC-BY 3.0	svg,png	https://game-icons.net/1x1/cathelineau/medusa-head.html	curl -O https://game-icons.net/icons/ffffff/000000/1x1/cathelineau/medusa-head.svg
nun-face	cathelineau	CC-BY 3.0	svg,png	https://game-icons.net/1x1/cathelineau/nun-face.html	curl -O https://game-icons.net/icons/ffffff/000000/1x1/cathelineau/nun-face.svg
occupy	cathelineau	CC-BY 3.0	svg,png	https://game-icons.net/1x1/cathelineau/occupy.html	curl -O https://game-icons.net/icons/ffffff/000000/1x1/cathelineau/occupy.svg
old-king	cathelineau	CC-BY 3.0	svg,png	https://game-icons.net/1x1/cathelineau/old-king.html	curl -O https://game-icons.net/icons/ffffff/000000/1x1/cathelineau/old-king.svg
oppidum	cathelineau	CC-BY 3.0	svg,png	https://game-icons.net/1x1/cathelineau/oppidum.html	curl -O https://game-icons.net/icons/ffffff/000000/1x1/cathelineau/oppidum.svg
polar-bear	cathelineau	CC-BY 3.0	svg,png	https://game-icons.net/1x1/cathelineau/polar-bear.html	curl -O https://game-icons.net/icons/ffffff/000000/1x1/cathelineau/polar-bear.svg
swordman	cathelineau	CC-BY 3.0	svg,png	https://game-icons.net/1x1/cathelineau/swordman.html	curl -O https://game-icons.net/icons/ffffff/000000/1x1/cathelineau/swordman.svg
swordwoman	cathelineau	CC-BY 3.0	svg,png	https://game-icons.net/1x1/cathelineau/swordwoman.html	curl -O https://game-icons.net/icons/ffffff/000000/1x1/cathelineau/swordwoman.svg
torc	cathelineau	CC-BY 3.0	svg,png	https://game-icons.net/1x1/cathelineau/torc.html	curl -O https://game-icons.net/icons/ffffff/000000/1x1/cathelineau/torc.svg
transparent-slime	cathelineau	CC-BY 3.0	svg,png	https://game-icons.net/1x1/cathelineau/transparent-slime.html	curl -O https://game-icons.net/icons/ffffff/000000/1x1/cathelineau/transparent-slime.svg
tree-face	cathelineau	CC-BY 3.0	svg,png	https://game-icons.net/1x1/cathelineau/tree-face.html	curl -O https://game-icons.net/icons/ffffff/000000/1x1/cathelineau/tree-face.svg
tumulus	cathelineau	CC-BY 3.0	svg,png	https://game-icons.net/1x1/cathelineau/tumulus.html	curl -O https://game-icons.net/icons/ffffff/000000/1x1/cathelineau/tumulus.svg
witch-face	cathelineau	CC-BY 3.0	svg,png	https://game-icons.net/1x1/cathelineau/witch-face.html	curl -O https://game-icons.net/icons/ffffff/000000/1x1/cathelineau/witch-face.svg
3d-glasses	delapouite	CC-BY 3.0	svg,png	https://game-icons.net/1x1/delapouite/3d-glasses.html	curl -O https://game-icons.net/icons/ffffff/000000/1x1/delapouite/3d-glasses.svg
3d-hammer	delapouite	CC-BY 3.0	svg,png	https://game-icons.net/1x1/delapouite/3d-hammer.html	curl -O https://game-icons.net/icons/ffffff/000000/1x1/delapouite/3d-hammer.svg
3d-meeple	delapouite	CC-BY 3.0	svg,png	https://game-icons.net/1x1/delapouite/3d-meeple.html	curl -O https://game-icons.net/icons/ffffff/000000/1x1/delapouite/3d-meeple.svg
3d-stairs	delapouite	CC-BY 3.0	svg,png	https://game-icons.net/1x1/delapouite/3d-stairs.html	curl -O https://game-icons.net/icons/ffffff/000000/1x1/delapouite/3d-stairs.svg
abacus	delapouite	CC-BY 3.0	svg,png	https://game-icons.net/1x1/delapouite/abacus.html	curl -O https://game-icons.net/icons/ffffff/000000/1x1/delapouite/abacus.svg
abbot-meeple	delapouite	CC-BY 3.0	svg,png	https://game-icons.net/1x1/delapouite/abbot-meeple.html	curl -O https://game-icons.net/icons/ffffff/000000/1x1/delapouite/abbot-meeple.svg
abdominal-armor	delapouite	CC-BY 3.0	svg,png	https://game-icons.net/1x1/delapouite/abdominal-armor.html	curl -O https://game-icons.net/icons/ffffff/000000/1x1/delapouite/abdominal-armor.svg
achilles-heel	delapouite	CC-BY 3.0	svg,png	https://game-icons.net/1x1/delapouite/achilles-heel.html	curl -O https://game-icons.net/icons/ffffff/000000/1x1/delapouite/achilles-heel.svg
acoustic-megaphone	delapouite	CC-BY 3.0	svg,png	https://game-icons.net/1x1/delapouite/acoustic-megaphone.html	curl -O https://game-icons.net/icons/ffffff/000000/1x1/delapouite/acoustic-megaphone.svg
aero-bike	delapouite	CC-BY 3.0	svg,png	https://game-icons.net/1x1/delapouite/aero-bike.html	curl -O https://game-icons.net/icons/ffffff/000000/1x1/delapouite/aero-bike.svg
africa	delapouite	CC-BY 3.0	svg,png	https://game-icons.net/1x1/delapouite/africa.html	curl -O https://game-icons.net/icons/ffffff/000000/1x1/delapouite/africa.svg
agave	delapouite	CC-BY 3.0	svg,png	https://game-icons.net/1x1/delapouite/agave.html	curl -O https://game-icons.net/icons/ffffff/000000/1x1/delapouite/agave.svg
ages	delapouite	CC-BY 3.0	svg,png	https://game-icons.net/1x1/delapouite/ages.html	curl -O https://game-icons.net/icons/ffffff/000000/1x1/delapouite/ages.svg
air-balloon	delapouite	CC-BY 3.0	svg,png	https://game-icons.net/1x1/delapouite/air-balloon.html	curl -O https://game-icons.net/icons/ffffff/000000/1x1/delapouite/air-balloon.svg
air-man	delapouite	CC-BY 3.0	svg,png	https://game-icons.net/1x1/delapouite/air-man.html	curl -O https://game-icons.net/icons/ffffff/000000/1x1/delapouite/air-man.svg
airplane-arrival	delapouite	CC-BY 3.0	svg,png	https://game-icons.net/1x1/delapouite/airplane-arrival.html	curl -O https://game-icons.net/icons/ffffff/000000/1x1/delapouite/airplane-arrival.svg
airplane-departure	delapouite	CC-BY 3.0	svg,png	https://game-icons.net/1x1/delapouite/airplane-departure.html	curl -O https://game-icons.net/icons/ffffff/000000/1x1/delapouite/airplane-departure.svg
airtight-hatch	delapouite	CC-BY 3.0	svg,png	https://game-icons.net/1x1/delapouite/airtight-hatch.html	curl -O https://game-icons.net/icons/ffffff/000000/1x1/delapouite/airtight-hatch.svg
akhet	delapouite	CC-BY 3.0	svg,png	https://game-icons.net/1x1/delapouite/akhet.html	curl -O https://game-icons.net/icons/ffffff/000000/1x1/delapouite/akhet.svg
alarm-clock	delapouite	CC-BY 3.0	svg,png	https://game-icons.net/1x1/delapouite/alarm-clock.html	curl -O https://game-icons.net/icons/ffffff/000000/1x1/delapouite/alarm-clock.svg
algae	delapouite	CC-BY 3.0	svg,png	https://game-icons.net/1x1/delapouite/algae.html	curl -O https://game-icons.net/icons/ffffff/000000/1x1/delapouite/algae.svg
algeria	delapouite	CC-BY 3.0	svg,png	https://game-icons.net/1x1/delapouite/algeria.html	curl -O https://game-icons.net/icons/ffffff/000000/1x1/delapouite/algeria.svg
alien-bug	delapouite	CC-BY 3.0	svg,png	https://game-icons.net/1x1/delapouite/alien-bug.html	curl -O https://game-icons.net/icons/ffffff/000000/1x1/delapouite/alien-bug.svg
alien-egg	delapouite	CC-BY 3.0	svg,png	https://game-icons.net/1x1/delapouite/alien-egg.html	curl -O https://game-icons.net/icons/ffffff/000000/1x1/delapouite/alien-egg.svg
all-seeing-eye	delapouite	CC-BY 3.0	svg,png	https://game-icons.net/1x1/delapouite/all-seeing-eye.html	curl -O https://game-icons.net/icons/ffffff/000000/1x1/delapouite/all-seeing-eye.svg
almond	delapouite	CC-BY 3.0	svg,png	https://game-icons.net/1x1/delapouite/almond.html	curl -O https://game-icons.net/icons/ffffff/000000/1x1/delapouite/almond.svg
amber-mosquito	delapouite	CC-BY 3.0	svg,png	https://game-icons.net/1x1/delapouite/amber-mosquito.html	curl -O https://game-icons.net/icons/ffffff/000000/1x1/delapouite/amber-mosquito.svg
ambulance	delapouite	CC-BY 3.0	svg,png	https://game-icons.net/1x1/delapouite/ambulance.html	curl -O https://game-icons.net/icons/ffffff/000000/1x1/delapouite/ambulance.svg
american-football-ball	delapouite	CC-BY 3.0	svg,png	https://game-icons.net/1x1/delapouite/american-football-ball.html	curl -O https://game-icons.net/icons/ffffff/000000/1x1/delapouite/american-football-ball.svg
american-football-helmet	delapouite	CC-BY 3.0	svg,png	https://game-icons.net/1x1/delapouite/american-football-helmet.html	curl -O https://game-icons.net/icons/ffffff/000000/1x1/delapouite/american-football-helmet.svg
american-football-player	delapouite	CC-BY 3.0	svg,png	https://game-icons.net/1x1/delapouite/american-football-player.html	curl -O https://game-icons.net/icons/ffffff/000000/1x1/delapouite/american-football-player.svg
american-shield	delapouite	CC-BY 3.0	svg,png	https://game-icons.net/1x1/delapouite/american-shield.html	curl -O https://game-icons.net/icons/ffffff/000000/1x1/delapouite/american-shield.svg
amphora	delapouite	CC-BY 3.0	svg,png	https://game-icons.net/1x1/delapouite/amphora.html	curl -O https://game-icons.net/icons/ffffff/000000/1x1/delapouite/amphora.svg
ample-dress	delapouite	CC-BY 3.0	svg,png	https://game-icons.net/1x1/delapouite/ample-dress.html	curl -O https://game-icons.net/icons/ffffff/000000/1x1/delapouite/ample-dress.svg
anarchy	delapouite	CC-BY 3.0	svg,png	https://game-icons.net/1x1/delapouite/anarchy.html	curl -O https://game-icons.net/icons/ffffff/000000/1x1/delapouite/anarchy.svg
ancient-columns	delapouite	CC-BY 3.0	svg,png	https://game-icons.net/1x1/delapouite/ancient-columns.html	curl -O https://game-icons.net/icons/ffffff/000000/1x1/delapouite/ancient-columns.svg
ancient-ruins	delapouite	CC-BY 3.0	svg,png	https://game-icons.net/1x1/delapouite/ancient-ruins.html	curl -O https://game-icons.net/icons/ffffff/000000/1x1/delapouite/ancient-ruins.svg
ancient-screw	delapouite	CC-BY 3.0	svg,png	https://game-icons.net/1x1/delapouite/ancient-screw.html	curl -O https://game-icons.net/icons/ffffff/000000/1x1/delapouite/ancient-screw.svg
ancient-sword	delapouite	CC-BY 3.0	svg,png	https://game-icons.net/1x1/delapouite/ancient-sword.html	curl -O https://game-icons.net/icons/ffffff/000000/1x1/delapouite/ancient-sword.svg
angola	delapouite	CC-BY 3.0	svg,png	https://game-icons.net/1x1/delapouite/angola.html	curl -O https://game-icons.net/icons/ffffff/000000/1x1/delapouite/angola.svg
angry-eyes	delapouite	CC-BY 3.0	svg,png	https://game-icons.net/1x1/delapouite/angry-eyes.html	curl -O https://game-icons.net/icons/ffffff/000000/1x1/delapouite/angry-eyes.svg
animal-hide	delapouite	CC-BY 3.0	svg,png	https://game-icons.net/1x1/delapouite/animal-hide.html	curl -O https://game-icons.net/icons/ffffff/000000/1x1/delapouite/animal-hide.svg
ant	delapouite	CC-BY 3.0	svg,png	https://game-icons.net/1x1/delapouite/ant.html	curl -O https://game-icons.net/icons/ffffff/000000/1x1/delapouite/ant.svg
antarctica	delapouite	CC-BY 3.0	svg,png	https://game-icons.net/1x1/delapouite/antarctica.html	curl -O https://game-icons.net/icons/ffffff/000000/1x1/delapouite/antarctica.svg
antibody	delapouite	CC-BY 3.0	svg,png	https://game-icons.net/1x1/delapouite/antibody.html	curl -O https://game-icons.net/icons/ffffff/000000/1x1/delapouite/antibody.svg
anticlockwise-rotation	delapouite	CC-BY 3.0	svg,png	https://game-icons.net/1x1/delapouite/anticlockwise-rotation.html	curl -O https://game-icons.net/icons/ffffff/000000/1x1/delapouite/anticlockwise-rotation.svg
ants	delapouite	CC-BY 3.0	svg,png	https://game-icons.net/1x1/delapouite/ants.html	curl -O https://game-icons.net/icons/ffffff/000000/1x1/delapouite/ants.svg
anubis	delapouite	CC-BY 3.0	svg,png	https://game-icons.net/1x1/delapouite/anubis.html	curl -O https://game-icons.net/icons/ffffff/000000/1x1/delapouite/anubis.svg
apollo-capsule	delapouite	CC-BY 3.0	svg,png	https://game-icons.net/1x1/delapouite/apollo-capsule.html	curl -O https://game-icons.net/icons/ffffff/000000/1x1/delapouite/apollo-capsule.svg
apple-core	delapouite	CC-BY 3.0	svg,png	https://game-icons.net/1x1/delapouite/apple-core.html	curl -O https://game-icons.net/icons/ffffff/000000/1x1/delapouite/apple-core.svg
aquarium	delapouite	CC-BY 3.0	svg,png	https://game-icons.net/1x1/delapouite/aquarium.html	curl -O https://game-icons.net/icons/ffffff/000000/1x1/delapouite/aquarium.svg
aquarius	delapouite	CC-BY 3.0	svg,png	https://game-icons.net/1x1/delapouite/aquarius.html	curl -O https://game-icons.net/icons/ffffff/000000/1x1/delapouite/aquarius.svg
aqueduct	delapouite	CC-BY 3.0	svg,png	https://game-icons.net/1x1/delapouite/aqueduct.html	curl -O https://game-icons.net/icons/ffffff/000000/1x1/delapouite/aqueduct.svg
arabic-door	delapouite	CC-BY 3.0	svg,png	https://game-icons.net/1x1/delapouite/arabic-door.html	curl -O https://game-icons.net/icons/ffffff/000000/1x1/delapouite/arabic-door.svg
arc-triomphe	delapouite	CC-BY 3.0	svg,png	https://game-icons.net/1x1/delapouite/arc-triomphe.html	curl -O https://game-icons.net/icons/ffffff/000000/1x1/delapouite/arc-triomphe.svg
arch-bridge	delapouite	CC-BY 3.0	svg,png	https://game-icons.net/1x1/delapouite/arch-bridge.html	curl -O https://game-icons.net/icons/ffffff/000000/1x1/delapouite/arch-bridge.svg
archer	delapouite	CC-BY 3.0	svg,png	https://game-icons.net/1x1/delapouite/archer.html	curl -O https://game-icons.net/icons/ffffff/000000/1x1/delapouite/archer.svg
archive-register	delapouite	CC-BY 3.0	svg,png	https://game-icons.net/1x1/delapouite/archive-register.html	curl -O https://game-icons.net/icons/ffffff/000000/1x1/delapouite/archive-register.svg
archive-research	delapouite	CC-BY 3.0	svg,png	https://game-icons.net/1x1/delapouite/archive-research.html	curl -O https://game-icons.net/icons/ffffff/000000/1x1/delapouite/archive-research.svg
aries	delapouite	CC-BY 3.0	svg,png	https://game-icons.net/1x1/delapouite/aries.html	curl -O https://game-icons.net/icons/ffffff/000000/1x1/delapouite/aries.svg
arm-bandage	delapouite	CC-BY 3.0	svg,png	https://game-icons.net/1x1/delapouite/arm-bandage.html	curl -O https://game-icons.net/icons/ffffff/000000/1x1/delapouite/arm-bandage.svg
arm-sling	delapouite	CC-BY 3.0	svg,png	https://game-icons.net/1x1/delapouite/arm-sling.html	curl -O https://game-icons.net/icons/ffffff/000000/1x1/delapouite/arm-sling.svg
arm	delapouite	CC-BY 3.0	svg,png	https://game-icons.net/1x1/delapouite/arm.html	curl -O https://game-icons.net/icons/ffffff/000000/1x1/delapouite/arm.svg
armadillo	delapouite	CC-BY 3.0	svg,png	https://game-icons.net/1x1/delapouite/armadillo.html	curl -O https://game-icons.net/icons/ffffff/000000/1x1/delapouite/armadillo.svg
armor-cuisses	delapouite	CC-BY 3.0	svg,png	https://game-icons.net/1x1/delapouite/armor-cuisses.html	curl -O https://game-icons.net/icons/ffffff/000000/1x1/delapouite/armor-cuisses.svg
armor-downgrade	delapouite	CC-BY 3.0	svg,png	https://game-icons.net/1x1/delapouite/armor-downgrade.html	curl -O https://game-icons.net/icons/ffffff/000000/1x1/delapouite/armor-downgrade.svg
armor-punch	delapouite	CC-BY 3.0	svg,png	https://game-icons.net/1x1/delapouite/armor-punch.html	curl -O https://game-icons.net/icons/ffffff/000000/1x1/delapouite/armor-punch.svg
armor-upgrade	delapouite	CC-BY 3.0	svg,png	https://game-icons.net/1x1/delapouite/armor-upgrade.html	curl -O https://game-icons.net/icons/ffffff/000000/1x1/delapouite/armor-upgrade.svg
armored-boomerang	delapouite	CC-BY 3.0	svg,png	https://game-icons.net/1x1/delapouite/armored-boomerang.html	curl -O https://game-icons.net/icons/ffffff/000000/1x1/delapouite/armored-boomerang.svg
arrest	delapouite	CC-BY 3.0	svg,png	https://game-icons.net/1x1/delapouite/arrest.html	curl -O https://game-icons.net/icons/ffffff/000000/1x1/delapouite/arrest.svg
arrow-cursor	delapouite	CC-BY 3.0	svg,png	https://game-icons.net/1x1/delapouite/arrow-cursor.html	curl -O https://game-icons.net/icons/ffffff/000000/1x1/delapouite/arrow-cursor.svg
arrow-wings	delapouite	CC-BY 3.0	svg,png	https://game-icons.net/1x1/delapouite/arrow-wings.html	curl -O https://game-icons.net/icons/ffffff/000000/1x1/delapouite/arrow-wings.svg
ascending-block	delapouite	CC-BY 3.0	svg,png	https://game-icons.net/1x1/delapouite/ascending-block.html	curl -O https://game-icons.net/icons/ffffff/000000/1x1/delapouite/ascending-block.svg
asian-lantern	delapouite	CC-BY 3.0	svg,png	https://game-icons.net/1x1/delapouite/asian-lantern.html	curl -O https://game-icons.net/icons/ffffff/000000/1x1/delapouite/asian-lantern.svg
asparagus	delapouite	CC-BY 3.0	svg,png	https://game-icons.net/1x1/delapouite/asparagus.html	curl -O https://game-icons.net/icons/ffffff/000000/1x1/delapouite/asparagus.svg
aspergillum	delapouite	CC-BY 3.0	svg,png	https://game-icons.net/1x1/delapouite/aspergillum.html	curl -O https://game-icons.net/icons/ffffff/000000/1x1/delapouite/aspergillum.svg
asteroid	delapouite	CC-BY 3.0	svg,png	https://game-icons.net/1x1/delapouite/asteroid.html	curl -O https://game-icons.net/icons/ffffff/000000/1x1/delapouite/asteroid.svg
astronaut-helmet	delapouite	CC-BY 3.0	svg,png	https://game-icons.net/1x1/delapouite/astronaut-helmet.html	curl -O https://game-icons.net/icons/ffffff/000000/1x1/delapouite/astronaut-helmet.svg
atlas	delapouite	CC-BY 3.0	svg,png	https://game-icons.net/1x1/delapouite/atlas.html	curl -O https://game-icons.net/icons/ffffff/000000/1x1/delapouite/atlas.svg
atom-core	delapouite	CC-BY 3.0	svg,png	https://game-icons.net/1x1/delapouite/atom-core.html	curl -O https://game-icons.net/icons/ffffff/000000/1x1/delapouite/atom-core.svg
attached-shield	delapouite	CC-BY 3.0	svg,png	https://game-icons.net/1x1/delapouite/attached-shield.html	curl -O https://game-icons.net/icons/ffffff/000000/1x1/delapouite/attached-shield.svg
attack-gauge	delapouite	CC-BY 3.0	svg,png	https://game-icons.net/1x1/delapouite/attack-gauge.html	curl -O https://game-icons.net/icons/ffffff/000000/1x1/delapouite/attack-gauge.svg
audio-cassette	delapouite	CC-BY 3.0	svg,png	https://game-icons.net/1x1/delapouite/audio-cassette.html	curl -O https://game-icons.net/icons/ffffff/000000/1x1/delapouite/audio-cassette.svg
australia	delapouite	CC-BY 3.0	svg,png	https://game-icons.net/1x1/delapouite/australia.html	curl -O https://game-icons.net/icons/ffffff/000000/1x1/delapouite/australia.svg
avocado	delapouite	CC-BY 3.0	svg,png	https://game-icons.net/1x1/delapouite/avocado.html	curl -O https://game-icons.net/icons/ffffff/000000/1x1/delapouite/avocado.svg
avoidance	delapouite	CC-BY 3.0	svg,png	https://game-icons.net/1x1/delapouite/avoidance.html	curl -O https://game-icons.net/icons/ffffff/000000/1x1/delapouite/avoidance.svg
axe-in-log	delapouite	CC-BY 3.0	svg,png	https://game-icons.net/1x1/delapouite/axe-in-log.html	curl -O https://game-icons.net/icons/ffffff/000000/1x1/delapouite/axe-in-log.svg
axe-sword	delapouite	CC-BY 3.0	svg,png	https://game-icons.net/1x1/delapouite/axe-sword.html	curl -O https://game-icons.net/icons/ffffff/000000/1x1/delapouite/axe-sword.svg
aztec-calendar-sun	delapouite	CC-BY 3.0	svg,png	https://game-icons.net/1x1/delapouite/aztec-calendar-sun.html	curl -O https://game-icons.net/icons/ffffff/000000/1x1/delapouite/aztec-calendar-sun.svg
azul-flake	delapouite	CC-BY 3.0	svg,png	https://game-icons.net/1x1/delapouite/azul-flake.html	curl -O https://game-icons.net/icons/ffffff/000000/1x1/delapouite/azul-flake.svg
baby-bottle	delapouite	CC-BY 3.0	svg,png	https://game-icons.net/1x1/delapouite/baby-bottle.html	curl -O https://game-icons.net/icons/ffffff/000000/1x1/delapouite/baby-bottle.svg
baby-face	delapouite	CC-BY 3.0	svg,png	https://game-icons.net/1x1/delapouite/baby-face.html	curl -O https://game-icons.net/icons/ffffff/000000/1x1/delapouite/baby-face.svg
babyfoot-players	delapouite	CC-BY 3.0	svg,png	https://game-icons.net/1x1/delapouite/babyfoot-players.html	curl -O https://game-icons.net/icons/ffffff/000000/1x1/delapouite/babyfoot-players.svg
backgammon	delapouite	CC-BY 3.0	svg,png	https://game-icons.net/1x1/delapouite/backgammon.html	curl -O https://game-icons.net/icons/ffffff/000000/1x1/delapouite/backgammon.svg
backpack	delapouite	CC-BY 3.0	svg,png	https://game-icons.net/1x1/delapouite/backpack.html	curl -O https://game-icons.net/icons/ffffff/000000/1x1/delapouite/backpack.svg
backward-time	delapouite	CC-BY 3.0	svg,png	https://game-icons.net/1x1/delapouite/backward-time.html	curl -O https://game-icons.net/icons/ffffff/000000/1x1/delapouite/backward-time.svg
bacon	delapouite	CC-BY 3.0	svg,png	https://game-icons.net/1x1/delapouite/bacon.html	curl -O https://game-icons.net/icons/ffffff/000000/1x1/delapouite/bacon.svg
bad-breath	delapouite	CC-BY 3.0	svg,png	https://game-icons.net/1x1/delapouite/bad-breath.html	curl -O https://game-icons.net/icons/ffffff/000000/1x1/delapouite/bad-breath.svg
bagpipes	delapouite	CC-BY 3.0	svg,png	https://game-icons.net/1x1/delapouite/bagpipes.html	curl -O https://game-icons.net/icons/ffffff/000000/1x1/delapouite/bagpipes.svg
ball-pyramid	delapouite	CC-BY 3.0	svg,png	https://game-icons.net/1x1/delapouite/ball-pyramid.html	curl -O https://game-icons.net/icons/ffffff/000000/1x1/delapouite/ball-pyramid.svg
ballerina-shoes	delapouite	CC-BY 3.0	svg,png	https://game-icons.net/1x1/delapouite/ballerina-shoes.html	curl -O https://game-icons.net/icons/ffffff/000000/1x1/delapouite/ballerina-shoes.svg
balloon-dog	delapouite	CC-BY 3.0	svg,png	https://game-icons.net/1x1/delapouite/balloon-dog.html	curl -O https://game-icons.net/icons/ffffff/000000/1x1/delapouite/balloon-dog.svg
bamboo-fountain	delapouite	CC-BY 3.0	svg,png	https://game-icons.net/1x1/delapouite/bamboo-fountain.html	curl -O https://game-icons.net/icons/ffffff/000000/1x1/delapouite/bamboo-fountain.svg
bamboo	delapouite	CC-BY 3.0	svg,png	https://game-icons.net/1x1/delapouite/bamboo.html	curl -O https://game-icons.net/icons/ffffff/000000/1x1/delapouite/bamboo.svg
banana-bunch	delapouite	CC-BY 3.0	svg,png	https://game-icons.net/1x1/delapouite/banana-bunch.html	curl -O https://game-icons.net/icons/ffffff/000000/1x1/delapouite/banana-bunch.svg
banana-peel	delapouite	CC-BY 3.0	svg,png	https://game-icons.net/1x1/delapouite/banana-peel.html	curl -O https://game-icons.net/icons/ffffff/000000/1x1/delapouite/banana-peel.svg
banana-peeled	delapouite	CC-BY 3.0	svg,png	https://game-icons.net/1x1/delapouite/banana-peeled.html	curl -O https://game-icons.net/icons/ffffff/000000/1x1/delapouite/banana-peeled.svg
banana	delapouite	CC-BY 3.0	svg,png	https://game-icons.net/1x1/delapouite/banana.html	curl -O https://game-icons.net/icons/ffffff/000000/1x1/delapouite/banana.svg
bandana	delapouite	CC-BY 3.0	svg,png	https://game-icons.net/1x1/delapouite/bandana.html	curl -O https://game-icons.net/icons/ffffff/000000/1x1/delapouite/bandana.svg
bandit	delapouite	CC-BY 3.0	svg,png	https://game-icons.net/1x1/delapouite/bandit.html	curl -O https://game-icons.net/icons/ffffff/000000/1x1/delapouite/bandit.svg
banging-gavel	delapouite	CC-BY 3.0	svg,png	https://game-icons.net/1x1/delapouite/banging-gavel.html	curl -O https://game-icons.net/icons/ffffff/000000/1x1/delapouite/banging-gavel.svg
banjo	delapouite	CC-BY 3.0	svg,png	https://game-icons.net/1x1/delapouite/banjo.html	curl -O https://game-icons.net/icons/ffffff/000000/1x1/delapouite/banjo.svg
bank	delapouite	CC-BY 3.0	svg,png	https://game-icons.net/1x1/delapouite/bank.html	curl -O https://game-icons.net/icons/ffffff/000000/1x1/delapouite/bank.svg
banknote	delapouite	CC-BY 3.0	svg,png	https://game-icons.net/1x1/delapouite/banknote.html	curl -O https://game-icons.net/icons/ffffff/000000/1x1/delapouite/banknote.svg
baobab	delapouite	CC-BY 3.0	svg,png	https://game-icons.net/1x1/delapouite/baobab.html	curl -O https://game-icons.net/icons/ffffff/000000/1x1/delapouite/baobab.svg
bar-stool	delapouite	CC-BY 3.0	svg,png	https://game-icons.net/1x1/delapouite/bar-stool.html	curl -O https://game-icons.net/icons/ffffff/000000/1x1/delapouite/bar-stool.svg
barbarian	delapouite	CC-BY 3.0	svg,png	https://game-icons.net/1x1/delapouite/barbarian.html	curl -O https://game-icons.net/icons/ffffff/000000/1x1/delapouite/barbarian.svg
barbecue	delapouite	CC-BY 3.0	svg,png	https://game-icons.net/1x1/delapouite/barbecue.html	curl -O https://game-icons.net/icons/ffffff/000000/1x1/delapouite/barbecue.svg
barn	delapouite	CC-BY 3.0	svg,png	https://game-icons.net/1x1/delapouite/barn.html	curl -O https://game-icons.net/icons/ffffff/000000/1x1/delapouite/barn.svg
barracks-tent	delapouite	CC-BY 3.0	svg,png	https://game-icons.net/1x1/delapouite/barracks-tent.html	curl -O https://game-icons.net/icons/ffffff/000000/1x1/delapouite/barracks-tent.svg
barracks	delapouite	CC-BY 3.0	svg,png	https://game-icons.net/1x1/delapouite/barracks.html	curl -O https://game-icons.net/icons/ffffff/000000/1x1/delapouite/barracks.svg
barrel-leak	delapouite	CC-BY 3.0	svg,png	https://game-icons.net/1x1/delapouite/barrel-leak.html	curl -O https://game-icons.net/icons/ffffff/000000/1x1/delapouite/barrel-leak.svg
barrel	delapouite	CC-BY 3.0	svg,png	https://game-icons.net/1x1/delapouite/barrel.html	curl -O https://game-icons.net/icons/ffffff/000000/1x1/delapouite/barrel.svg
barricade	delapouite	CC-BY 3.0	svg,png	https://game-icons.net/1x1/delapouite/barricade.html	curl -O https://game-icons.net/icons/ffffff/000000/1x1/delapouite/barricade.svg
barrier	delapouite	CC-BY 3.0	svg,png	https://game-icons.net/1x1/delapouite/barrier.html	curl -O https://game-icons.net/icons/ffffff/000000/1x1/delapouite/barrier.svg
base-dome	delapouite	CC-BY 3.0	svg,png	https://game-icons.net/1x1/delapouite/base-dome.html	curl -O https://game-icons.net/icons/ffffff/000000/1x1/delapouite/base-dome.svg
baseball-bat	delapouite	CC-BY 3.0	svg,png	https://game-icons.net/1x1/delapouite/baseball-bat.html	curl -O https://game-icons.net/icons/ffffff/000000/1x1/delapouite/baseball-bat.svg
baseball-glove	delapouite	CC-BY 3.0	svg,png	https://game-icons.net/1x1/delapouite/baseball-glove.html	curl -O https://game-icons.net/icons/ffffff/000000/1x1/delapouite/baseball-glove.svg
basket	delapouite	CC-BY 3.0	svg,png	https://game-icons.net/1x1/delapouite/basket.html	curl -O https://game-icons.net/icons/ffffff/000000/1x1/delapouite/basket.svg
basketball-ball	delapouite	CC-BY 3.0	svg,png	https://game-icons.net/1x1/delapouite/basketball-ball.html	curl -O https://game-icons.net/icons/ffffff/000000/1x1/delapouite/basketball-ball.svg
basketball-basket	delapouite	CC-BY 3.0	svg,png	https://game-icons.net/1x1/delapouite/basketball-basket.html	curl -O https://game-icons.net/icons/ffffff/000000/1x1/delapouite/basketball-basket.svg
basketball-jersey	delapouite	CC-BY 3.0	svg,png	https://game-icons.net/1x1/delapouite/basketball-jersey.html	curl -O https://game-icons.net/icons/ffffff/000000/1x1/delapouite/basketball-jersey.svg
basset-hound-head	delapouite	CC-BY 3.0	svg,png	https://game-icons.net/1x1/delapouite/basset-hound-head.html	curl -O https://game-icons.net/icons/ffffff/000000/1x1/delapouite/basset-hound-head.svg
bastet	delapouite	CC-BY 3.0	svg,png	https://game-icons.net/1x1/delapouite/bastet.html	curl -O https://game-icons.net/icons/ffffff/000000/1x1/delapouite/bastet.svg
bat-leth	delapouite	CC-BY 3.0	svg,png	https://game-icons.net/1x1/delapouite/bat-leth.html	curl -O https://game-icons.net/icons/ffffff/000000/1x1/delapouite/bat-leth.svg
bat-mask	delapouite	CC-BY 3.0	svg,png	https://game-icons.net/1x1/delapouite/bat-mask.html	curl -O https://game-icons.net/icons/ffffff/000000/1x1/delapouite/bat-mask.svg
bat	delapouite	CC-BY 3.0	svg,png	https://game-icons.net/1x1/delapouite/bat.html	curl -O https://game-icons.net/icons/ffffff/000000/1x1/delapouite/bat.svg
bathtub	delapouite	CC-BY 3.0	svg,png	https://game-icons.net/1x1/delapouite/bathtub.html	curl -O https://game-icons.net/icons/ffffff/000000/1x1/delapouite/bathtub.svg
battle-mech	delapouite	CC-BY 3.0	svg,png	https://game-icons.net/1x1/delapouite/battle-mech.html	curl -O https://game-icons.net/icons/ffffff/000000/1x1/delapouite/battle-mech.svg
beach-bag	delapouite	CC-BY 3.0	svg,png	https://game-icons.net/1x1/delapouite/beach-bag.html	curl -O https://game-icons.net/icons/ffffff/000000/1x1/delapouite/beach-bag.svg
beach-ball	delapouite	CC-BY 3.0	svg,png	https://game-icons.net/1x1/delapouite/beach-ball.html	curl -O https://game-icons.net/icons/ffffff/000000/1x1/delapouite/beach-ball.svg
beach-bucket	delapouite	CC-BY 3.0	svg,png	https://game-icons.net/1x1/delapouite/beach-bucket.html	curl -O https://game-icons.net/icons/ffffff/000000/1x1/delapouite/beach-bucket.svg
beam-satellite	delapouite	CC-BY 3.0	svg,png	https://game-icons.net/1x1/delapouite/beam-satellite.html	curl -O https://game-icons.net/icons/ffffff/000000/1x1/delapouite/beam-satellite.svg
bear-head	delapouite	CC-BY 3.0	svg,png	https://game-icons.net/1x1/delapouite/bear-head.html	curl -O https://game-icons.net/icons/ffffff/000000/1x1/delapouite/bear-head.svg
beaver	delapouite	CC-BY 3.0	svg,png	https://game-icons.net/1x1/delapouite/beaver.html	curl -O https://game-icons.net/icons/ffffff/000000/1x1/delapouite/beaver.svg
bed-lamp	delapouite	CC-BY 3.0	svg,png	https://game-icons.net/1x1/delapouite/bed-lamp.html	curl -O https://game-icons.net/icons/ffffff/000000/1x1/delapouite/bed-lamp.svg
bed	delapouite	CC-BY 3.0	svg,png	https://game-icons.net/1x1/delapouite/bed.html	curl -O https://game-icons.net/icons/ffffff/000000/1x1/delapouite/bed.svg
beehive	delapouite	CC-BY 3.0	svg,png	https://game-icons.net/1x1/delapouite/beehive.html	curl -O https://game-icons.net/icons/ffffff/000000/1x1/delapouite/beehive.svg
beer-bottle	delapouite	CC-BY 3.0	svg,png	https://game-icons.net/1x1/delapouite/beer-bottle.html	curl -O https://game-icons.net/icons/ffffff/000000/1x1/delapouite/beer-bottle.svg
beer-horn	delapouite	CC-BY 3.0	svg,png	https://game-icons.net/1x1/delapouite/beer-horn.html	curl -O https://game-icons.net/icons/ffffff/000000/1x1/delapouite/beer-horn.svg
beet	delapouite	CC-BY 3.0	svg,png	https://game-icons.net/1x1/delapouite/beet.html	curl -O https://game-icons.net/icons/ffffff/000000/1x1/delapouite/beet.svg
belgium	delapouite	CC-BY 3.0	svg,png	https://game-icons.net/1x1/delapouite/belgium.html	curl -O https://game-icons.net/icons/ffffff/000000/1x1/delapouite/belgium.svg
bell-pepper	delapouite	CC-BY 3.0	svg,png	https://game-icons.net/1x1/delapouite/bell-pepper.html	curl -O https://game-icons.net/icons/ffffff/000000/1x1/delapouite/bell-pepper.svg
bellows	delapouite	CC-BY 3.0	svg,png	https://game-icons.net/1x1/delapouite/bellows.html	curl -O https://game-icons.net/icons/ffffff/000000/1x1/delapouite/bellows.svg
belt-armor	delapouite	CC-BY 3.0	svg,png	https://game-icons.net/1x1/delapouite/belt-armor.html	curl -O https://game-icons.net/icons/ffffff/000000/1x1/delapouite/belt-armor.svg
berries-bowl	delapouite	CC-BY 3.0	svg,png	https://game-icons.net/1x1/delapouite/berries-bowl.html	curl -O https://game-icons.net/icons/ffffff/000000/1x1/delapouite/berries-bowl.svg
berry-bush	delapouite	CC-BY 3.0	svg,png	https://game-icons.net/1x1/delapouite/berry-bush.html	curl -O https://game-icons.net/icons/ffffff/000000/1x1/delapouite/berry-bush.svg
biceps	delapouite	CC-BY 3.0	svg,png	https://game-icons.net/1x1/delapouite/biceps.html	curl -O https://game-icons.net/icons/ffffff/000000/1x1/delapouite/biceps.svg
billed-cap	delapouite	CC-BY 3.0	svg,png	https://game-icons.net/1x1/delapouite/billed-cap.html	curl -O https://game-icons.net/icons/ffffff/000000/1x1/delapouite/billed-cap.svg
bindle	delapouite	CC-BY 3.0	svg,png	https://game-icons.net/1x1/delapouite/bindle.html	curl -O https://game-icons.net/icons/ffffff/000000/1x1/delapouite/bindle.svg
binoculars	delapouite	CC-BY 3.0	svg,png	https://game-icons.net/1x1/delapouite/binoculars.html	curl -O https://game-icons.net/icons/ffffff/000000/1x1/delapouite/binoculars.svg
bird-cage	delapouite	CC-BY 3.0	svg,png	https://game-icons.net/1x1/delapouite/bird-cage.html	curl -O https://game-icons.net/icons/ffffff/000000/1x1/delapouite/bird-cage.svg
bird-house	delapouite	CC-BY 3.0	svg,png	https://game-icons.net/1x1/delapouite/bird-house.html	curl -O https://game-icons.net/icons/ffffff/000000/1x1/delapouite/bird-house.svg
bird-scepter	delapouite	CC-BY 3.0	svg,png	https://game-icons.net/1x1/delapouite/bird-scepter.html	curl -O https://game-icons.net/icons/ffffff/000000/1x1/delapouite/bird-scepter.svg
bison	delapouite	CC-BY 3.0	svg,png	https://game-icons.net/1x1/delapouite/bison.html	curl -O https://game-icons.net/icons/ffffff/000000/1x1/delapouite/bison.svg
black-belt	delapouite	CC-BY 3.0	svg,png	https://game-icons.net/1x1/delapouite/black-belt.html	curl -O https://game-icons.net/icons/ffffff/000000/1x1/delapouite/black-belt.svg
black-bridge	delapouite	CC-BY 3.0	svg,png	https://game-icons.net/1x1/delapouite/black-bridge.html	curl -O https://game-icons.net/icons/ffffff/000000/1x1/delapouite/black-bridge.svg
black-knight-helm	delapouite	CC-BY 3.0	svg,png	https://game-icons.net/1x1/delapouite/black-knight-helm.html	curl -O https://game-icons.net/icons/ffffff/000000/1x1/delapouite/black-knight-helm.svg
black-sea	delapouite	CC-BY 3.0	svg,png	https://game-icons.net/1x1/delapouite/black-sea.html	curl -O https://game-icons.net/icons/ffffff/000000/1x1/delapouite/black-sea.svg
blacksmith	delapouite	CC-BY 3.0	svg,png	https://game-icons.net/1x1/delapouite/blacksmith.html	curl -O https://game-icons.net/icons/ffffff/000000/1x1/delapouite/blacksmith.svg
blanket	delapouite	CC-BY 3.0	svg,png	https://game-icons.net/1x1/delapouite/blanket.html	curl -O https://game-icons.net/icons/ffffff/000000/1x1/delapouite/blanket.svg
blindfold	delapouite	CC-BY 3.0	svg,png	https://game-icons.net/1x1/delapouite/blindfold.html	curl -O https://game-icons.net/icons/ffffff/000000/1x1/delapouite/blindfold.svg
block-house	delapouite	CC-BY 3.0	svg,png	https://game-icons.net/1x1/delapouite/block-house.html	curl -O https://game-icons.net/icons/ffffff/000000/1x1/delapouite/block-house.svg
bo	delapouite	CC-BY 3.0	svg,png	https://game-icons.net/1x1/delapouite/bo.html	curl -O https://game-icons.net/icons/ffffff/000000/1x1/delapouite/bo.svg
boat-engine	delapouite	CC-BY 3.0	svg,png	https://game-icons.net/1x1/delapouite/boat-engine.html	curl -O https://game-icons.net/icons/ffffff/000000/1x1/delapouite/boat-engine.svg
boat-fishing	delapouite	CC-BY 3.0	svg,png	https://game-icons.net/1x1/delapouite/boat-fishing.html	curl -O https://game-icons.net/icons/ffffff/000000/1x1/delapouite/boat-fishing.svg
boat-horizon	delapouite	CC-BY 3.0	svg,png	https://game-icons.net/1x1/delapouite/boat-horizon.html	curl -O https://game-icons.net/icons/ffffff/000000/1x1/delapouite/boat-horizon.svg
boat-propeller	delapouite	CC-BY 3.0	svg,png	https://game-icons.net/1x1/delapouite/boat-propeller.html	curl -O https://game-icons.net/icons/ffffff/000000/1x1/delapouite/boat-propeller.svg
body-balance	delapouite	CC-BY 3.0	svg,png	https://game-icons.net/1x1/delapouite/body-balance.html	curl -O https://game-icons.net/icons/ffffff/000000/1x1/delapouite/body-balance.svg
body-height	delapouite	CC-BY 3.0	svg,png	https://game-icons.net/1x1/delapouite/body-height.html	curl -O https://game-icons.net/icons/ffffff/000000/1x1/delapouite/body-height.svg
bolivia	delapouite	CC-BY 3.0	svg,png	https://game-icons.net/1x1/delapouite/bolivia.html	curl -O https://game-icons.net/icons/ffffff/000000/1x1/delapouite/bolivia.svg
bolt-bomb	delapouite	CC-BY 3.0	svg,png	https://game-icons.net/1x1/delapouite/bolt-bomb.html	curl -O https://game-icons.net/icons/ffffff/000000/1x1/delapouite/bolt-bomb.svg
bolt-cutter	delapouite	CC-BY 3.0	svg,png	https://game-icons.net/1x1/delapouite/bolt-cutter.html	curl -O https://game-icons.net/icons/ffffff/000000/1x1/delapouite/bolt-cutter.svg
bolt-drop	delapouite	CC-BY 3.0	svg,png	https://game-icons.net/1x1/delapouite/bolt-drop.html	curl -O https://game-icons.net/icons/ffffff/000000/1x1/delapouite/bolt-drop.svg
bolt-spell-cast	delapouite	CC-BY 3.0	svg,png	https://game-icons.net/1x1/delapouite/bolt-spell-cast.html	curl -O https://game-icons.net/icons/ffffff/000000/1x1/delapouite/bolt-spell-cast.svg
bone-knife	delapouite	CC-BY 3.0	svg,png	https://game-icons.net/1x1/delapouite/bone-knife.html	curl -O https://game-icons.net/icons/ffffff/000000/1x1/delapouite/bone-knife.svg
bone-mace	delapouite	CC-BY 3.0	svg,png	https://game-icons.net/1x1/delapouite/bone-mace.html	curl -O https://game-icons.net/icons/ffffff/000000/1x1/delapouite/bone-mace.svg
bonsai-tree	delapouite	CC-BY 3.0	svg,png	https://game-icons.net/1x1/delapouite/bonsai-tree.html	curl -O https://game-icons.net/icons/ffffff/000000/1x1/delapouite/bonsai-tree.svg
book-cover	delapouite	CC-BY 3.0	svg,png	https://game-icons.net/1x1/delapouite/book-cover.html	curl -O https://game-icons.net/icons/ffffff/000000/1x1/delapouite/book-cover.svg
book-pile	delapouite	CC-BY 3.0	svg,png	https://game-icons.net/1x1/delapouite/book-pile.html	curl -O https://game-icons.net/icons/ffffff/000000/1x1/delapouite/book-pile.svg
bookshelf	delapouite	CC-BY 3.0	svg,png	https://game-icons.net/1x1/delapouite/bookshelf.html	curl -O https://game-icons.net/icons/ffffff/000000/1x1/delapouite/bookshelf.svg
boombox	delapouite	CC-BY 3.0	svg,png	https://game-icons.net/1x1/delapouite/boombox.html	curl -O https://game-icons.net/icons/ffffff/000000/1x1/delapouite/boombox.svg
boomerang-cross	delapouite	CC-BY 3.0	svg,png	https://game-icons.net/1x1/delapouite/boomerang-cross.html	curl -O https://game-icons.net/icons/ffffff/000000/1x1/delapouite/boomerang-cross.svg
boomerang	delapouite	CC-BY 3.0	svg,png	https://game-icons.net/1x1/delapouite/boomerang.html	curl -O https://game-icons.net/icons/ffffff/000000/1x1/delapouite/boomerang.svg
booze	delapouite	CC-BY 3.0	svg,png	https://game-icons.net/1x1/delapouite/booze.html	curl -O https://game-icons.net/icons/ffffff/000000/1x1/delapouite/booze.svg
boss-key	delapouite	CC-BY 3.0	svg,png	https://game-icons.net/1x1/delapouite/boss-key.html	curl -O https://game-icons.net/icons/ffffff/000000/1x1/delapouite/boss-key.svg
bottle-cap	delapouite	CC-BY 3.0	svg,png	https://game-icons.net/1x1/delapouite/bottle-cap.html	curl -O https://game-icons.net/icons/ffffff/000000/1x1/delapouite/bottle-cap.svg
bottled-shadow	delapouite	CC-BY 3.0	svg,png	https://game-icons.net/1x1/delapouite/bottled-shadow.html	curl -O https://game-icons.net/icons/ffffff/000000/1x1/delapouite/bottled-shadow.svg
boulder-dash	delapouite	CC-BY 3.0	svg,png	https://game-icons.net/1x1/delapouite/boulder-dash.html	curl -O https://game-icons.net/icons/ffffff/000000/1x1/delapouite/boulder-dash.svg
bouncing-spring	delapouite	CC-BY 3.0	svg,png	https://game-icons.net/1x1/delapouite/bouncing-spring.html	curl -O https://game-icons.net/icons/ffffff/000000/1x1/delapouite/bouncing-spring.svg
bow-arrow	delapouite	CC-BY 3.0	svg,png	https://game-icons.net/1x1/delapouite/bow-arrow.html	curl -O https://game-icons.net/icons/ffffff/000000/1x1/delapouite/bow-arrow.svg
bow-string	delapouite	CC-BY 3.0	svg,png	https://game-icons.net/1x1/delapouite/bow-string.html	curl -O https://game-icons.net/icons/ffffff/000000/1x1/delapouite/bow-string.svg
bow-tie-ribbon	delapouite	CC-BY 3.0	svg,png	https://game-icons.net/1x1/delapouite/bow-tie-ribbon.html	curl -O https://game-icons.net/icons/ffffff/000000/1x1/delapouite/bow-tie-ribbon.svg
bow-tie	delapouite	CC-BY 3.0	svg,png	https://game-icons.net/1x1/delapouite/bow-tie.html	curl -O https://game-icons.net/icons/ffffff/000000/1x1/delapouite/bow-tie.svg
bowels	delapouite	CC-BY 3.0	svg,png	https://game-icons.net/1x1/delapouite/bowels.html	curl -O https://game-icons.net/icons/ffffff/000000/1x1/delapouite/bowels.svg
bowen-knot	delapouite	CC-BY 3.0	svg,png	https://game-icons.net/1x1/delapouite/bowen-knot.html	curl -O https://game-icons.net/icons/ffffff/000000/1x1/delapouite/bowen-knot.svg
bowling-alley	delapouite	CC-BY 3.0	svg,png	https://game-icons.net/1x1/delapouite/bowling-alley.html	curl -O https://game-icons.net/icons/ffffff/000000/1x1/delapouite/bowling-alley.svg
bowling-pin	delapouite	CC-BY 3.0	svg,png	https://game-icons.net/1x1/delapouite/bowling-pin.html	curl -O https://game-icons.net/icons/ffffff/000000/1x1/delapouite/bowling-pin.svg
bowling-strike	delapouite	CC-BY 3.0	svg,png	https://game-icons.net/1x1/delapouite/bowling-strike.html	curl -O https://game-icons.net/icons/ffffff/000000/1x1/delapouite/bowling-strike.svg
box-cutter	delapouite	CC-BY 3.0	svg,png	https://game-icons.net/1x1/delapouite/box-cutter.html	curl -O https://game-icons.net/icons/ffffff/000000/1x1/delapouite/box-cutter.svg
box-unpacking	delapouite	CC-BY 3.0	svg,png	https://game-icons.net/1x1/delapouite/box-unpacking.html	curl -O https://game-icons.net/icons/ffffff/000000/1x1/delapouite/box-unpacking.svg
boxing-ring	delapouite	CC-BY 3.0	svg,png	https://game-icons.net/1x1/delapouite/boxing-ring.html	curl -O https://game-icons.net/icons/ffffff/000000/1x1/delapouite/boxing-ring.svg
bracer	delapouite	CC-BY 3.0	svg,png	https://game-icons.net/1x1/delapouite/bracer.html	curl -O https://game-icons.net/icons/ffffff/000000/1x1/delapouite/bracer.svg
brain-dump	delapouite	CC-BY 3.0	svg,png	https://game-icons.net/1x1/delapouite/brain-dump.html	curl -O https://game-icons.net/icons/ffffff/000000/1x1/delapouite/brain-dump.svg
brain-leak	delapouite	CC-BY 3.0	svg,png	https://game-icons.net/1x1/delapouite/brain-leak.html	curl -O https://game-icons.net/icons/ffffff/000000/1x1/delapouite/brain-leak.svg
brain-tentacle	delapouite	CC-BY 3.0	svg,png	https://game-icons.net/1x1/delapouite/brain-tentacle.html	curl -O https://game-icons.net/icons/ffffff/000000/1x1/delapouite/brain-tentacle.svg
brasero	delapouite	CC-BY 3.0	svg,png	https://game-icons.net/1x1/delapouite/brasero.html	curl -O https://game-icons.net/icons/ffffff/000000/1x1/delapouite/brasero.svg
brass-knuckles	delapouite	CC-BY 3.0	svg,png	https://game-icons.net/1x1/delapouite/brass-knuckles.html	curl -O https://game-icons.net/icons/ffffff/000000/1x1/delapouite/brass-knuckles.svg
brazil-flag	delapouite	CC-BY 3.0	svg,png	https://game-icons.net/1x1/delapouite/brazil-flag.html	curl -O https://game-icons.net/icons/ffffff/000000/1x1/delapouite/brazil-flag.svg
brazil	delapouite	CC-BY 3.0	svg,png	https://game-icons.net/1x1/delapouite/brazil.html	curl -O https://game-icons.net/icons/ffffff/000000/1x1/delapouite/brazil.svg
bread-slice	delapouite	CC-BY 3.0	svg,png	https://game-icons.net/1x1/delapouite/bread-slice.html	curl -O https://game-icons.net/icons/ffffff/000000/1x1/delapouite/bread-slice.svg
bread	delapouite	CC-BY 3.0	svg,png	https://game-icons.net/1x1/delapouite/bread.html	curl -O https://game-icons.net/icons/ffffff/000000/1x1/delapouite/bread.svg
brick-pile	delapouite	CC-BY 3.0	svg,png	https://game-icons.net/1x1/delapouite/brick-pile.html	curl -O https://game-icons.net/icons/ffffff/000000/1x1/delapouite/brick-pile.svg
brick-wall	delapouite	CC-BY 3.0	svg,png	https://game-icons.net/1x1/delapouite/brick-wall.html	curl -O https://game-icons.net/icons/ffffff/000000/1x1/delapouite/brick-wall.svg
briefcase	delapouite	CC-BY 3.0	svg,png	https://game-icons.net/1x1/delapouite/briefcase.html	curl -O https://game-icons.net/icons/ffffff/000000/1x1/delapouite/briefcase.svg
broccoli	delapouite	CC-BY 3.0	svg,png	https://game-icons.net/1x1/delapouite/broccoli.html	curl -O https://game-icons.net/icons/ffffff/000000/1x1/delapouite/broccoli.svg
broken-axe	delapouite	CC-BY 3.0	svg,png	https://game-icons.net/1x1/delapouite/broken-axe.html	curl -O https://game-icons.net/icons/ffffff/000000/1x1/delapouite/broken-axe.svg
broken-pottery	delapouite	CC-BY 3.0	svg,png	https://game-icons.net/1x1/delapouite/broken-pottery.html	curl -O https://game-icons.net/icons/ffffff/000000/1x1/delapouite/broken-pottery.svg
broken-wall	delapouite	CC-BY 3.0	svg,png	https://game-icons.net/1x1/delapouite/broken-wall.html	curl -O https://game-icons.net/icons/ffffff/000000/1x1/delapouite/broken-wall.svg
broom	delapouite	CC-BY 3.0	svg,png	https://game-icons.net/1x1/delapouite/broom.html	curl -O https://game-icons.net/icons/ffffff/000000/1x1/delapouite/broom.svg
brute	delapouite	CC-BY 3.0	svg,png	https://game-icons.net/1x1/delapouite/brute.html	curl -O https://game-icons.net/icons/ffffff/000000/1x1/delapouite/brute.svg
buffalo-head	delapouite	CC-BY 3.0	svg,png	https://game-icons.net/1x1/delapouite/buffalo-head.html	curl -O https://game-icons.net/icons/ffffff/000000/1x1/delapouite/buffalo-head.svg
bug-net	delapouite	CC-BY 3.0	svg,png	https://game-icons.net/1x1/delapouite/bug-net.html	curl -O https://game-icons.net/icons/ffffff/000000/1x1/delapouite/bug-net.svg
bulgaria	delapouite	CC-BY 3.0	svg,png	https://game-icons.net/1x1/delapouite/bulgaria.html	curl -O https://game-icons.net/icons/ffffff/000000/1x1/delapouite/bulgaria.svg
bulldozer	delapouite	CC-BY 3.0	svg,png	https://game-icons.net/1x1/delapouite/bulldozer.html	curl -O https://game-icons.net/icons/ffffff/000000/1x1/delapouite/bulldozer.svg
bullet-bill	delapouite	CC-BY 3.0	svg,png	https://game-icons.net/1x1/delapouite/bullet-bill.html	curl -O https://game-icons.net/icons/ffffff/000000/1x1/delapouite/bullet-bill.svg
bullet-impacts	delapouite	CC-BY 3.0	svg,png	https://game-icons.net/1x1/delapouite/bullet-impacts.html	curl -O https://game-icons.net/icons/ffffff/000000/1x1/delapouite/bullet-impacts.svg
bully-minion	delapouite	CC-BY 3.0	svg,png	https://game-icons.net/1x1/delapouite/bully-minion.html	curl -O https://game-icons.net/icons/ffffff/000000/1x1/delapouite/bully-minion.svg
bunk-beds	delapouite	CC-BY 3.0	svg,png	https://game-icons.net/1x1/delapouite/bunk-beds.html	curl -O https://game-icons.net/icons/ffffff/000000/1x1/delapouite/bunk-beds.svg
buoy	delapouite	CC-BY 3.0	svg,png	https://game-icons.net/1x1/delapouite/buoy.html	curl -O https://game-icons.net/icons/ffffff/000000/1x1/delapouite/buoy.svg
burning-forest	delapouite	CC-BY 3.0	svg,png	https://game-icons.net/1x1/delapouite/burning-forest.html	curl -O https://game-icons.net/icons/ffffff/000000/1x1/delapouite/burning-forest.svg
bus-doors	delapouite	CC-BY 3.0	svg,png	https://game-icons.net/1x1/delapouite/bus-doors.html	curl -O https://game-icons.net/icons/ffffff/000000/1x1/delapouite/bus-doors.svg
bus	delapouite	CC-BY 3.0	svg,png	https://game-icons.net/1x1/delapouite/bus.html	curl -O https://game-icons.net/icons/ffffff/000000/1x1/delapouite/bus.svg
butter-toast	delapouite	CC-BY 3.0	svg,png	https://game-icons.net/1x1/delapouite/butter-toast.html	curl -O https://game-icons.net/icons/ffffff/000000/1x1/delapouite/butter-toast.svg
butter	delapouite	CC-BY 3.0	svg,png	https://game-icons.net/1x1/delapouite/butter.html	curl -O https://game-icons.net/icons/ffffff/000000/1x1/delapouite/butter.svg
butterfly-flower	delapouite	CC-BY 3.0	svg,png	https://game-icons.net/1x1/delapouite/butterfly-flower.html	curl -O https://game-icons.net/icons/ffffff/000000/1x1/delapouite/butterfly-flower.svg
butterfly-knife	delapouite	CC-BY 3.0	svg,png	https://game-icons.net/1x1/delapouite/butterfly-knife.html	curl -O https://game-icons.net/icons/ffffff/000000/1x1/delapouite/butterfly-knife.svg
button-finger	delapouite	CC-BY 3.0	svg,png	https://game-icons.net/1x1/delapouite/button-finger.html	curl -O https://game-icons.net/icons/ffffff/000000/1x1/delapouite/button-finger.svg
buy-card	delapouite	CC-BY 3.0	svg,png	https://game-icons.net/1x1/delapouite/buy-card.html	curl -O https://game-icons.net/icons/ffffff/000000/1x1/delapouite/buy-card.svg
byzantin-temple	delapouite	CC-BY 3.0	svg,png	https://game-icons.net/1x1/delapouite/byzantin-temple.html	curl -O https://game-icons.net/icons/ffffff/000000/1x1/delapouite/byzantin-temple.svg
cabbage	delapouite	CC-BY 3.0	svg,png	https://game-icons.net/1x1/delapouite/cabbage.html	curl -O https://game-icons.net/icons/ffffff/000000/1x1/delapouite/cabbage.svg
cable-stayed-bridge	delapouite	CC-BY 3.0	svg,png	https://game-icons.net/1x1/delapouite/cable-stayed-bridge.html	curl -O https://game-icons.net/icons/ffffff/000000/1x1/delapouite/cable-stayed-bridge.svg
cactus-pot	delapouite	CC-BY 3.0	svg,png	https://game-icons.net/1x1/delapouite/cactus-pot.html	curl -O https://game-icons.net/icons/ffffff/000000/1x1/delapouite/cactus-pot.svg
cactus-tap	delapouite	CC-BY 3.0	svg,png	https://game-icons.net/1x1/delapouite/cactus-tap.html	curl -O https://game-icons.net/icons/ffffff/000000/1x1/delapouite/cactus-tap.svg
cactus	delapouite	CC-BY 3.0	svg,png	https://game-icons.net/1x1/delapouite/cactus.html	curl -O https://game-icons.net/icons/ffffff/000000/1x1/delapouite/cactus.svg
cadillac-helm	delapouite	CC-BY 3.0	svg,png	https://game-icons.net/1x1/delapouite/cadillac-helm.html	curl -O https://game-icons.net/icons/ffffff/000000/1x1/delapouite/cadillac-helm.svg
caduceus	delapouite	CC-BY 3.0	svg,png	https://game-icons.net/1x1/delapouite/caduceus.html	curl -O https://game-icons.net/icons/ffffff/000000/1x1/delapouite/caduceus.svg
caesar	delapouite	CC-BY 3.0	svg,png	https://game-icons.net/1x1/delapouite/caesar.html	curl -O https://game-icons.net/icons/ffffff/000000/1x1/delapouite/caesar.svg
cage	delapouite	CC-BY 3.0	svg,png	https://game-icons.net/1x1/delapouite/cage.html	curl -O https://game-icons.net/icons/ffffff/000000/1x1/delapouite/cage.svg
calavera	delapouite	CC-BY 3.0	svg,png	https://game-icons.net/1x1/delapouite/calavera.html	curl -O https://game-icons.net/icons/ffffff/000000/1x1/delapouite/calavera.svg
calculator	delapouite	CC-BY 3.0	svg,png	https://game-icons.net/1x1/delapouite/calculator.html	curl -O https://game-icons.net/icons/ffffff/000000/1x1/delapouite/calculator.svg
calendar-half-year	delapouite	CC-BY 3.0	svg,png	https://game-icons.net/1x1/delapouite/calendar-half-year.html	curl -O https://game-icons.net/icons/ffffff/000000/1x1/delapouite/calendar-half-year.svg
calendar	delapouite	CC-BY 3.0	svg,png	https://game-icons.net/1x1/delapouite/calendar.html	curl -O https://game-icons.net/icons/ffffff/000000/1x1/delapouite/calendar.svg
caltrops	delapouite	CC-BY 3.0	svg,png	https://game-icons.net/1x1/delapouite/caltrops.html	curl -O https://game-icons.net/icons/ffffff/000000/1x1/delapouite/caltrops.svg
camargue-cross	delapouite	CC-BY 3.0	svg,png	https://game-icons.net/1x1/delapouite/camargue-cross.html	curl -O https://game-icons.net/icons/ffffff/000000/1x1/delapouite/camargue-cross.svg
cambodia	delapouite	CC-BY 3.0	svg,png	https://game-icons.net/1x1/delapouite/cambodia.html	curl -O https://game-icons.net/icons/ffffff/000000/1x1/delapouite/cambodia.svg
camel-head	delapouite	CC-BY 3.0	svg,png	https://game-icons.net/1x1/delapouite/camel-head.html	curl -O https://game-icons.net/icons/ffffff/000000/1x1/delapouite/camel-head.svg
camel	delapouite	CC-BY 3.0	svg,png	https://game-icons.net/1x1/delapouite/camel.html	curl -O https://game-icons.net/icons/ffffff/000000/1x1/delapouite/camel.svg
camp-cooking-pot	delapouite	CC-BY 3.0	svg,png	https://game-icons.net/1x1/delapouite/camp-cooking-pot.html	curl -O https://game-icons.net/icons/ffffff/000000/1x1/delapouite/camp-cooking-pot.svg
camping-tent	delapouite	CC-BY 3.0	svg,png	https://game-icons.net/1x1/delapouite/camping-tent.html	curl -O https://game-icons.net/icons/ffffff/000000/1x1/delapouite/camping-tent.svg
cancer	delapouite	CC-BY 3.0	svg,png	https://game-icons.net/1x1/delapouite/cancer.html	curl -O https://game-icons.net/icons/ffffff/000000/1x1/delapouite/cancer.svg
candles	delapouite	CC-BY 3.0	svg,png	https://game-icons.net/1x1/delapouite/candles.html	curl -O https://game-icons.net/icons/ffffff/000000/1x1/delapouite/candles.svg
candlestick-phone	delapouite	CC-BY 3.0	svg,png	https://game-icons.net/1x1/delapouite/candlestick-phone.html	curl -O https://game-icons.net/icons/ffffff/000000/1x1/delapouite/candlestick-phone.svg
candy-canes	delapouite	CC-BY 3.0	svg,png	https://game-icons.net/1x1/delapouite/candy-canes.html	curl -O https://game-icons.net/icons/ffffff/000000/1x1/delapouite/candy-canes.svg
canned-fish	delapouite	CC-BY 3.0	svg,png	https://game-icons.net/1x1/delapouite/canned-fish.html	curl -O https://game-icons.net/icons/ffffff/000000/1x1/delapouite/canned-fish.svg
canoe	delapouite	CC-BY 3.0	svg,png	https://game-icons.net/1x1/delapouite/canoe.html	curl -O https://game-icons.net/icons/ffffff/000000/1x1/delapouite/canoe.svg
cantua	delapouite	CC-BY 3.0	svg,png	https://game-icons.net/1x1/delapouite/cantua.html	curl -O https://game-icons.net/icons/ffffff/000000/1x1/delapouite/cantua.svg
cape-armor	delapouite	CC-BY 3.0	svg,png	https://game-icons.net/1x1/delapouite/cape-armor.html	curl -O https://game-icons.net/icons/ffffff/000000/1x1/delapouite/cape-armor.svg
cape	delapouite	CC-BY 3.0	svg,png	https://game-icons.net/1x1/delapouite/cape.html	curl -O https://game-icons.net/icons/ffffff/000000/1x1/delapouite/cape.svg
capricorn	delapouite	CC-BY 3.0	svg,png	https://game-icons.net/1x1/delapouite/capricorn.html	curl -O https://game-icons.net/icons/ffffff/000000/1x1/delapouite/capricorn.svg
captain-hat-profile	delapouite	CC-BY 3.0	svg,png	https://game-icons.net/1x1/delapouite/captain-hat-profile.html	curl -O https://game-icons.net/icons/ffffff/000000/1x1/delapouite/captain-hat-profile.svg
car-battery	delapouite	CC-BY 3.0	svg,png	https://game-icons.net/1x1/delapouite/car-battery.html	curl -O https://game-icons.net/icons/ffffff/000000/1x1/delapouite/car-battery.svg
car-door	delapouite	CC-BY 3.0	svg,png	https://game-icons.net/1x1/delapouite/car-door.html	curl -O https://game-icons.net/icons/ffffff/000000/1x1/delapouite/car-door.svg
car-key	delapouite	CC-BY 3.0	svg,png	https://game-icons.net/1x1/delapouite/car-key.html	curl -O https://game-icons.net/icons/ffffff/000000/1x1/delapouite/car-key.svg
car-seat	delapouite	CC-BY 3.0	svg,png	https://game-icons.net/1x1/delapouite/car-seat.html	curl -O https://game-icons.net/icons/ffffff/000000/1x1/delapouite/car-seat.svg
car-wheel	delapouite	CC-BY 3.0	svg,png	https://game-icons.net/1x1/delapouite/car-wheel.html	curl -O https://game-icons.net/icons/ffffff/000000/1x1/delapouite/car-wheel.svg
carabiner	delapouite	CC-BY 3.0	svg,png	https://game-icons.net/1x1/delapouite/carabiner.html	curl -O https://game-icons.net/icons/ffffff/000000/1x1/delapouite/carabiner.svg
carambola	delapouite	CC-BY 3.0	svg,png	https://game-icons.net/1x1/delapouite/carambola.html	curl -O https://game-icons.net/icons/ffffff/000000/1x1/delapouite/carambola.svg
caravan	delapouite	CC-BY 3.0	svg,png	https://game-icons.net/1x1/delapouite/caravan.html	curl -O https://game-icons.net/icons/ffffff/000000/1x1/delapouite/caravan.svg
caravel	delapouite	CC-BY 3.0	svg,png	https://game-icons.net/1x1/delapouite/caravel.html	curl -O https://game-icons.net/icons/ffffff/000000/1x1/delapouite/caravel.svg
card-burn	delapouite	CC-BY 3.0	svg,png	https://game-icons.net/1x1/delapouite/card-burn.html	curl -O https://game-icons.net/icons/ffffff/000000/1x1/delapouite/card-burn.svg
card-exchange	delapouite	CC-BY 3.0	svg,png	https://game-icons.net/1x1/delapouite/card-exchange.html	curl -O https://game-icons.net/icons/ffffff/000000/1x1/delapouite/card-exchange.svg
card-joker	delapouite	CC-BY 3.0	svg,png	https://game-icons.net/1x1/delapouite/card-joker.html	curl -O https://game-icons.net/icons/ffffff/000000/1x1/delapouite/card-joker.svg
cardboard-box-closed	delapouite	CC-BY 3.0	svg,png	https://game-icons.net/1x1/delapouite/cardboard-box-closed.html	curl -O https://game-icons.net/icons/ffffff/000000/1x1/delapouite/cardboard-box-closed.svg
cardboard-box	delapouite	CC-BY 3.0	svg,png	https://game-icons.net/1x1/delapouite/cardboard-box.html	curl -O https://game-icons.net/icons/ffffff/000000/1x1/delapouite/cardboard-box.svg
cargo-crate	delapouite	CC-BY 3.0	svg,png	https://game-icons.net/1x1/delapouite/cargo-crate.html	curl -O https://game-icons.net/icons/ffffff/000000/1x1/delapouite/cargo-crate.svg
cargo-ship	delapouite	CC-BY 3.0	svg,png	https://game-icons.net/1x1/delapouite/cargo-ship.html	curl -O https://game-icons.net/icons/ffffff/000000/1x1/delapouite/cargo-ship.svg
carnival-mask	delapouite	CC-BY 3.0	svg,png	https://game-icons.net/1x1/delapouite/carnival-mask.html	curl -O https://game-icons.net/icons/ffffff/000000/1x1/delapouite/carnival-mask.svg
carnivorous-plant	delapouite	CC-BY 3.0	svg,png	https://game-icons.net/1x1/delapouite/carnivorous-plant.html	curl -O https://game-icons.net/icons/ffffff/000000/1x1/delapouite/carnivorous-plant.svg
carousel	delapouite	CC-BY 3.0	svg,png	https://game-icons.net/1x1/delapouite/carousel.html	curl -O https://game-icons.net/icons/ffffff/000000/1x1/delapouite/carousel.svg
carrot	delapouite	CC-BY 3.0	svg,png	https://game-icons.net/1x1/delapouite/carrot.html	curl -O https://game-icons.net/icons/ffffff/000000/1x1/delapouite/carrot.svg
cassowary-head	delapouite	CC-BY 3.0	svg,png	https://game-icons.net/1x1/delapouite/cassowary-head.html	curl -O https://game-icons.net/icons/ffffff/000000/1x1/delapouite/cassowary-head.svg
castle-ruins	delapouite	CC-BY 3.0	svg,png	https://game-icons.net/1x1/delapouite/castle-ruins.html	curl -O https://game-icons.net/icons/ffffff/000000/1x1/delapouite/castle-ruins.svg
castle	delapouite	CC-BY 3.0	svg,png	https://game-icons.net/1x1/delapouite/castle.html	curl -O https://game-icons.net/icons/ffffff/000000/1x1/delapouite/castle.svg
caterpillar	delapouite	CC-BY 3.0	svg,png	https://game-icons.net/1x1/delapouite/caterpillar.html	curl -O https://game-icons.net/icons/ffffff/000000/1x1/delapouite/caterpillar.svg
cavalry	delapouite	CC-BY 3.0	svg,png	https://game-icons.net/1x1/delapouite/cavalry.html	curl -O https://game-icons.net/icons/ffffff/000000/1x1/delapouite/cavalry.svg
cave-entrance	delapouite	CC-BY 3.0	svg,png	https://game-icons.net/1x1/delapouite/cave-entrance.html	curl -O https://game-icons.net/icons/ffffff/000000/1x1/delapouite/cave-entrance.svg
caveman	delapouite	CC-BY 3.0	svg,png	https://game-icons.net/1x1/delapouite/caveman.html	curl -O https://game-icons.net/icons/ffffff/000000/1x1/delapouite/caveman.svg
cctv-camera	delapouite	CC-BY 3.0	svg,png	https://game-icons.net/1x1/delapouite/cctv-camera.html	curl -O https://game-icons.net/icons/ffffff/000000/1x1/delapouite/cctv-camera.svg
ceiling-barnacle	delapouite	CC-BY 3.0	svg,png	https://game-icons.net/1x1/delapouite/ceiling-barnacle.html	curl -O https://game-icons.net/icons/ffffff/000000/1x1/delapouite/ceiling-barnacle.svg
ceiling-light	delapouite	CC-BY 3.0	svg,png	https://game-icons.net/1x1/delapouite/ceiling-light.html	curl -O https://game-icons.net/icons/ffffff/000000/1x1/delapouite/ceiling-light.svg
cellar-barrels	delapouite	CC-BY 3.0	svg,png	https://game-icons.net/1x1/delapouite/cellar-barrels.html	curl -O https://game-icons.net/icons/ffffff/000000/1x1/delapouite/cellar-barrels.svg
centaur-heart	delapouite	CC-BY 3.0	svg,png	https://game-icons.net/1x1/delapouite/centaur-heart.html	curl -O https://game-icons.net/icons/ffffff/000000/1x1/delapouite/centaur-heart.svg
centaur	delapouite	CC-BY 3.0	svg,png	https://game-icons.net/1x1/delapouite/centaur.html	curl -O https://game-icons.net/icons/ffffff/000000/1x1/delapouite/centaur.svg
centurion-helmet	delapouite	CC-BY 3.0	svg,png	https://game-icons.net/1x1/delapouite/centurion-helmet.html	curl -O https://game-icons.net/icons/ffffff/000000/1x1/delapouite/centurion-helmet.svg
ceremonial-mask	delapouite	CC-BY 3.0	svg,png	https://game-icons.net/1x1/delapouite/ceremonial-mask.html	curl -O https://game-icons.net/icons/ffffff/000000/1x1/delapouite/ceremonial-mask.svg
chainsaw	delapouite	CC-BY 3.0	svg,png	https://game-icons.net/1x1/delapouite/chainsaw.html	curl -O https://game-icons.net/icons/ffffff/000000/1x1/delapouite/chainsaw.svg
chakram	delapouite	CC-BY 3.0	svg,png	https://game-icons.net/1x1/delapouite/chakram.html	curl -O https://game-icons.net/icons/ffffff/000000/1x1/delapouite/chakram.svg
chalk-outline-murder	delapouite	CC-BY 3.0	svg,png	https://game-icons.net/1x1/delapouite/chalk-outline-murder.html	curl -O https://game-icons.net/icons/ffffff/000000/1x1/delapouite/chalk-outline-murder.svg
champagne-cork	delapouite	CC-BY 3.0	svg,png	https://game-icons.net/1x1/delapouite/champagne-cork.html	curl -O https://game-icons.net/icons/ffffff/000000/1x1/delapouite/champagne-cork.svg
champions	delapouite	CC-BY 3.0	svg,png	https://game-icons.net/1x1/delapouite/champions.html	curl -O https://game-icons.net/icons/ffffff/000000/1x1/delapouite/champions.svg
chanterelles	delapouite	CC-BY 3.0	svg,png	https://game-icons.net/1x1/delapouite/chanterelles.html	curl -O https://game-icons.net/icons/ffffff/000000/1x1/delapouite/chanterelles.svg
character	delapouite	CC-BY 3.0	svg,png	https://game-icons.net/1x1/delapouite/character.html	curl -O https://game-icons.net/icons/ffffff/000000/1x1/delapouite/character.svg
charging-bull	delapouite	CC-BY 3.0	svg,png	https://game-icons.net/1x1/delapouite/charging-bull.html	curl -O https://game-icons.net/icons/ffffff/000000/1x1/delapouite/charging-bull.svg
charging	delapouite	CC-BY 3.0	svg,png	https://game-icons.net/1x1/delapouite/charging.html	curl -O https://game-icons.net/icons/ffffff/000000/1x1/delapouite/charging.svg
chart	delapouite	CC-BY 3.0	svg,png	https://game-icons.net/1x1/delapouite/chart.html	curl -O https://game-icons.net/icons/ffffff/000000/1x1/delapouite/chart.svg
chat-bubble	delapouite	CC-BY 3.0	svg,png	https://game-icons.net/1x1/delapouite/chat-bubble.html	curl -O https://game-icons.net/icons/ffffff/000000/1x1/delapouite/chat-bubble.svg
check-mark	delapouite	CC-BY 3.0	svg,png	https://game-icons.net/1x1/delapouite/check-mark.html	curl -O https://game-icons.net/icons/ffffff/000000/1x1/delapouite/check-mark.svg
checkered-flag	delapouite	CC-BY 3.0	svg,png	https://game-icons.net/1x1/delapouite/checkered-flag.html	curl -O https://game-icons.net/icons/ffffff/000000/1x1/delapouite/checkered-flag.svg
checklist	delapouite	CC-BY 3.0	svg,png	https://game-icons.net/1x1/delapouite/checklist.html	curl -O https://game-icons.net/icons/ffffff/000000/1x1/delapouite/checklist.svg
chef-toque	delapouite	CC-BY 3.0	svg,png	https://game-icons.net/1x1/delapouite/chef-toque.html	curl -O https://game-icons.net/icons/ffffff/000000/1x1/delapouite/chef-toque.svg
chelsea-boot	delapouite	CC-BY 3.0	svg,png	https://game-icons.net/1x1/delapouite/chelsea-boot.html	curl -O https://game-icons.net/icons/ffffff/000000/1x1/delapouite/chelsea-boot.svg
cherish	delapouite	CC-BY 3.0	svg,png	https://game-icons.net/1x1/delapouite/cherish.html	curl -O https://game-icons.net/icons/ffffff/000000/1x1/delapouite/cherish.svg
cherry	delapouite	CC-BY 3.0	svg,png	https://game-icons.net/1x1/delapouite/cherry.html	curl -O https://game-icons.net/icons/ffffff/000000/1x1/delapouite/cherry.svg
chest-armor	delapouite	CC-BY 3.0	svg,png	https://game-icons.net/1x1/delapouite/chest-armor.html	curl -O https://game-icons.net/icons/ffffff/000000/1x1/delapouite/chest-armor.svg
chest	delapouite	CC-BY 3.0	svg,png	https://game-icons.net/1x1/delapouite/chest.html	curl -O https://game-icons.net/icons/ffffff/000000/1x1/delapouite/chest.svg
chestnut-leaf	delapouite	CC-BY 3.0	svg,png	https://game-icons.net/1x1/delapouite/chestnut-leaf.html	curl -O https://game-icons.net/icons/ffffff/000000/1x1/delapouite/chestnut-leaf.svg
chicken-oven	delapouite	CC-BY 3.0	svg,png	https://game-icons.net/1x1/delapouite/chicken-oven.html	curl -O https://game-icons.net/icons/ffffff/000000/1x1/delapouite/chicken-oven.svg
chicken	delapouite	CC-BY 3.0	svg,png	https://game-icons.net/1x1/delapouite/chicken.html	curl -O https://game-icons.net/icons/ffffff/000000/1x1/delapouite/chicken.svg
chili-pepper	delapouite	CC-BY 3.0	svg,png	https://game-icons.net/1x1/delapouite/chili-pepper.html	curl -O https://game-icons.net/icons/ffffff/000000/1x1/delapouite/chili-pepper.svg
chimney	delapouite	CC-BY 3.0	svg,png	https://game-icons.net/1x1/delapouite/chimney.html	curl -O https://game-icons.net/icons/ffffff/000000/1x1/delapouite/chimney.svg
chips-bag	delapouite	CC-BY 3.0	svg,png	https://game-icons.net/1x1/delapouite/chips-bag.html	curl -O https://game-icons.net/icons/ffffff/000000/1x1/delapouite/chips-bag.svg
chisel	delapouite	CC-BY 3.0	svg,png	https://game-icons.net/1x1/delapouite/chisel.html	curl -O https://game-icons.net/icons/ffffff/000000/1x1/delapouite/chisel.svg
choice	delapouite	CC-BY 3.0	svg,png	https://game-icons.net/1x1/delapouite/choice.html	curl -O https://game-icons.net/icons/ffffff/000000/1x1/delapouite/choice.svg
chopsticks	delapouite	CC-BY 3.0	svg,png	https://game-icons.net/1x1/delapouite/chopsticks.html	curl -O https://game-icons.net/icons/ffffff/000000/1x1/delapouite/chopsticks.svg
church	delapouite	CC-BY 3.0	svg,png	https://game-icons.net/1x1/delapouite/church.html	curl -O https://game-icons.net/icons/ffffff/000000/1x1/delapouite/church.svg
cigale	delapouite	CC-BY 3.0	svg,png	https://game-icons.net/1x1/delapouite/cigale.html	curl -O https://game-icons.net/icons/ffffff/000000/1x1/delapouite/cigale.svg
cigar	delapouite	CC-BY 3.0	svg,png	https://game-icons.net/1x1/delapouite/cigar.html	curl -O https://game-icons.net/icons/ffffff/000000/1x1/delapouite/cigar.svg
cigarette	delapouite	CC-BY 3.0	svg,png	https://game-icons.net/1x1/delapouite/cigarette.html	curl -O https://game-icons.net/icons/ffffff/000000/1x1/delapouite/cigarette.svg
circle-forest	delapouite	CC-BY 3.0	svg,png	https://game-icons.net/1x1/delapouite/circle-forest.html	curl -O https://game-icons.net/icons/ffffff/000000/1x1/delapouite/circle-forest.svg
circle	delapouite	CC-BY 3.0	svg,png	https://game-icons.net/1x1/delapouite/circle.html	curl -O https://game-icons.net/icons/ffffff/000000/1x1/delapouite/circle.svg
circling-fish	delapouite	CC-BY 3.0	svg,png	https://game-icons.net/1x1/delapouite/circling-fish.html	curl -O https://game-icons.net/icons/ffffff/000000/1x1/delapouite/circling-fish.svg
city-car	delapouite	CC-BY 3.0	svg,png	https://game-icons.net/1x1/delapouite/city-car.html	curl -O https://game-icons.net/icons/ffffff/000000/1x1/delapouite/city-car.svg
clamp	delapouite	CC-BY 3.0	svg,png	https://game-icons.net/1x1/delapouite/clamp.html	curl -O https://game-icons.net/icons/ffffff/000000/1x1/delapouite/clamp.svg
clapperboard	delapouite	CC-BY 3.0	svg,png	https://game-icons.net/1x1/delapouite/clapperboard.html	curl -O https://game-icons.net/icons/ffffff/000000/1x1/delapouite/clapperboard.svg
classical-knowledge	delapouite	CC-BY 3.0	svg,png	https://game-icons.net/1x1/delapouite/classical-knowledge.html	curl -O https://game-icons.net/icons/ffffff/000000/1x1/delapouite/classical-knowledge.svg
claws	delapouite	CC-BY 3.0	svg,png	https://game-icons.net/1x1/delapouite/claws.html	curl -O https://game-icons.net/icons/ffffff/000000/1x1/delapouite/claws.svg
clay-brick	delapouite	CC-BY 3.0	svg,png	https://game-icons.net/1x1/delapouite/clay-brick.html	curl -O https://game-icons.net/icons/ffffff/000000/1x1/delapouite/clay-brick.svg
claymore-explosive	delapouite	CC-BY 3.0	svg,png	https://game-icons.net/1x1/delapouite/claymore-explosive.html	curl -O https://game-icons.net/icons/ffffff/000000/1x1/delapouite/claymore-explosive.svg
cleaver	delapouite	CC-BY 3.0	svg,png	https://game-icons.net/1x1/delapouite/cleaver.html	curl -O https://game-icons.net/icons/ffffff/000000/1x1/delapouite/cleaver.svg
cleopatra	delapouite	CC-BY 3.0	svg,png	https://game-icons.net/1x1/delapouite/cleopatra.html	curl -O https://game-icons.net/icons/ffffff/000000/1x1/delapouite/cleopatra.svg
cliff-crossing	delapouite	CC-BY 3.0	svg,png	https://game-icons.net/1x1/delapouite/cliff-crossing.html	curl -O https://game-icons.net/icons/ffffff/000000/1x1/delapouite/cliff-crossing.svg
clockwise-rotation	delapouite	CC-BY 3.0	svg,png	https://game-icons.net/1x1/delapouite/clockwise-rotation.html	curl -O https://game-icons.net/icons/ffffff/000000/1x1/delapouite/clockwise-rotation.svg
closed-barbute	delapouite	CC-BY 3.0	svg,png	https://game-icons.net/1x1/delapouite/closed-barbute.html	curl -O https://game-icons.net/icons/ffffff/000000/1x1/delapouite/closed-barbute.svg
closed-doors	delapouite	CC-BY 3.0	svg,png	https://game-icons.net/1x1/delapouite/closed-doors.html	curl -O https://game-icons.net/icons/ffffff/000000/1x1/delapouite/closed-doors.svg
cloth-jar	delapouite	CC-BY 3.0	svg,png	https://game-icons.net/1x1/delapouite/cloth-jar.html	curl -O https://game-icons.net/icons/ffffff/000000/1x1/delapouite/cloth-jar.svg
clothes	delapouite	CC-BY 3.0	svg,png	https://game-icons.net/1x1/delapouite/clothes.html	curl -O https://game-icons.net/icons/ffffff/000000/1x1/delapouite/clothes.svg
clothespin	delapouite	CC-BY 3.0	svg,png	https://game-icons.net/1x1/delapouite/clothespin.html	curl -O https://game-icons.net/icons/ffffff/000000/1x1/delapouite/clothespin.svg
cloud-download	delapouite	CC-BY 3.0	svg,png	https://game-icons.net/1x1/delapouite/cloud-download.html	curl -O https://game-icons.net/icons/ffffff/000000/1x1/delapouite/cloud-download.svg
cloud-upload	delapouite	CC-BY 3.0	svg,png	https://game-icons.net/1x1/delapouite/cloud-upload.html	curl -O https://game-icons.net/icons/ffffff/000000/1x1/delapouite/cloud-upload.svg
clown	delapouite	CC-BY 3.0	svg,png	https://game-icons.net/1x1/delapouite/clown.html	curl -O https://game-icons.net/icons/ffffff/000000/1x1/delapouite/clown.svg
clownfish	delapouite	CC-BY 3.0	svg,png	https://game-icons.net/1x1/delapouite/clownfish.html	curl -O https://game-icons.net/icons/ffffff/000000/1x1/delapouite/clownfish.svg
coa-de-jima	delapouite	CC-BY 3.0	svg,png	https://game-icons.net/1x1/delapouite/coa-de-jima.html	curl -O https://game-icons.net/icons/ffffff/000000/1x1/delapouite/coa-de-jima.svg
coal-pile	delapouite	CC-BY 3.0	svg,png	https://game-icons.net/1x1/delapouite/coal-pile.html	curl -O https://game-icons.net/icons/ffffff/000000/1x1/delapouite/coal-pile.svg
coal-wagon	delapouite	CC-BY 3.0	svg,png	https://game-icons.net/1x1/delapouite/coal-wagon.html	curl -O https://game-icons.net/icons/ffffff/000000/1x1/delapouite/coal-wagon.svg
cobra	delapouite	CC-BY 3.0	svg,png	https://game-icons.net/1x1/delapouite/cobra.html	curl -O https://game-icons.net/icons/ffffff/000000/1x1/delapouite/cobra.svg
coconuts	delapouite	CC-BY 3.0	svg,png	https://game-icons.net/1x1/delapouite/coconuts.html	curl -O https://game-icons.net/icons/ffffff/000000/1x1/delapouite/coconuts.svg
coffee-beans	delapouite	CC-BY 3.0	svg,png	https://game-icons.net/1x1/delapouite/coffee-beans.html	curl -O https://game-icons.net/icons/ffffff/000000/1x1/delapouite/coffee-beans.svg
coffee-cup	delapouite	CC-BY 3.0	svg,png	https://game-icons.net/1x1/delapouite/coffee-cup.html	curl -O https://game-icons.net/icons/ffffff/000000/1x1/delapouite/coffee-cup.svg
coffee-pot	delapouite	CC-BY 3.0	svg,png	https://game-icons.net/1x1/delapouite/coffee-pot.html	curl -O https://game-icons.net/icons/ffffff/000000/1x1/delapouite/coffee-pot.svg
coiled-nail	delapouite	CC-BY 3.0	svg,png	https://game-icons.net/1x1/delapouite/coiled-nail.html	curl -O https://game-icons.net/icons/ffffff/000000/1x1/delapouite/coiled-nail.svg
coins-pile	delapouite	CC-BY 3.0	svg,png	https://game-icons.net/1x1/delapouite/coins-pile.html	curl -O https://game-icons.net/icons/ffffff/000000/1x1/delapouite/coins-pile.svg
coins	delapouite	CC-BY 3.0	svg,png	https://game-icons.net/1x1/delapouite/coins.html	curl -O https://game-icons.net/icons/ffffff/000000/1x1/delapouite/coins.svg
coliseum	delapouite	CC-BY 3.0	svg,png	https://game-icons.net/1x1/delapouite/coliseum.html	curl -O https://game-icons.net/icons/ffffff/000000/1x1/delapouite/coliseum.svg
colombia	delapouite	CC-BY 3.0	svg,png	https://game-icons.net/1x1/delapouite/colombia.html	curl -O https://game-icons.net/icons/ffffff/000000/1x1/delapouite/colombia.svg
colombian-statue	delapouite	CC-BY 3.0	svg,png	https://game-icons.net/1x1/delapouite/colombian-statue.html	curl -O https://game-icons.net/icons/ffffff/000000/1x1/delapouite/colombian-statue.svg
column-vase	delapouite	CC-BY 3.0	svg,png	https://game-icons.net/1x1/delapouite/column-vase.html	curl -O https://game-icons.net/icons/ffffff/000000/1x1/delapouite/column-vase.svg
commercial-airplane	delapouite	CC-BY 3.0	svg,png	https://game-icons.net/1x1/delapouite/commercial-airplane.html	curl -O https://game-icons.net/icons/ffffff/000000/1x1/delapouite/commercial-airplane.svg
compact-disc	delapouite	CC-BY 3.0	svg,png	https://game-icons.net/1x1/delapouite/compact-disc.html	curl -O https://game-icons.net/icons/ffffff/000000/1x1/delapouite/compact-disc.svg
companion-cube	delapouite	CC-BY 3.0	svg,png	https://game-icons.net/1x1/delapouite/companion-cube.html	curl -O https://game-icons.net/icons/ffffff/000000/1x1/delapouite/companion-cube.svg
computer-fan	delapouite	CC-BY 3.0	svg,png	https://game-icons.net/1x1/delapouite/computer-fan.html	curl -O https://game-icons.net/icons/ffffff/000000/1x1/delapouite/computer-fan.svg
concrete-bag	delapouite	CC-BY 3.0	svg,png	https://game-icons.net/1x1/delapouite/concrete-bag.html	curl -O https://game-icons.net/icons/ffffff/000000/1x1/delapouite/concrete-bag.svg
confirmed	delapouite	CC-BY 3.0	svg,png	https://game-icons.net/1x1/delapouite/confirmed.html	curl -O https://game-icons.net/icons/ffffff/000000/1x1/delapouite/confirmed.svg
confrontation	delapouite	CC-BY 3.0	svg,png	https://game-icons.net/1x1/delapouite/confrontation.html	curl -O https://game-icons.net/icons/ffffff/000000/1x1/delapouite/confrontation.svg
congress	delapouite	CC-BY 3.0	svg,png	https://game-icons.net/1x1/delapouite/congress.html	curl -O https://game-icons.net/icons/ffffff/000000/1x1/delapouite/congress.svg
conqueror	delapouite	CC-BY 3.0	svg,png	https://game-icons.net/1x1/delapouite/conqueror.html	curl -O https://game-icons.net/icons/ffffff/000000/1x1/delapouite/conqueror.svg
contortionist	delapouite	CC-BY 3.0	svg,png	https://game-icons.net/1x1/delapouite/contortionist.html	curl -O https://game-icons.net/icons/ffffff/000000/1x1/delapouite/contortionist.svg
contract	delapouite	CC-BY 3.0	svg,png	https://game-icons.net/1x1/delapouite/contract.html	curl -O https://game-icons.net/icons/ffffff/000000/1x1/delapouite/contract.svg
control-tower	delapouite	CC-BY 3.0	svg,png	https://game-icons.net/1x1/delapouite/control-tower.html	curl -O https://game-icons.net/icons/ffffff/000000/1x1/delapouite/control-tower.svg
convergence-target	delapouite	CC-BY 3.0	svg,png	https://game-icons.net/1x1/delapouite/convergence-target.html	curl -O https://game-icons.net/icons/ffffff/000000/1x1/delapouite/convergence-target.svg
converse-shoe	delapouite	CC-BY 3.0	svg,png	https://game-icons.net/1x1/delapouite/converse-shoe.html	curl -O https://game-icons.net/icons/ffffff/000000/1x1/delapouite/converse-shoe.svg
convict	delapouite	CC-BY 3.0	svg,png	https://game-icons.net/1x1/delapouite/convict.html	curl -O https://game-icons.net/icons/ffffff/000000/1x1/delapouite/convict.svg
convince	delapouite	CC-BY 3.0	svg,png	https://game-icons.net/1x1/delapouite/convince.html	curl -O https://game-icons.net/icons/ffffff/000000/1x1/delapouite/convince.svg
conway-life-glider	delapouite	CC-BY 3.0	svg,png	https://game-icons.net/1x1/delapouite/conway-life-glider.html	curl -O https://game-icons.net/icons/ffffff/000000/1x1/delapouite/conway-life-glider.svg
cook	delapouite	CC-BY 3.0	svg,png	https://game-icons.net/1x1/delapouite/cook.html	curl -O https://game-icons.net/icons/ffffff/000000/1x1/delapouite/cook.svg
cookie	delapouite	CC-BY 3.0	svg,png	https://game-icons.net/1x1/delapouite/cookie.html	curl -O https://game-icons.net/icons/ffffff/000000/1x1/delapouite/cookie.svg
cooking-glove	delapouite	CC-BY 3.0	svg,png	https://game-icons.net/1x1/delapouite/cooking-glove.html	curl -O https://game-icons.net/icons/ffffff/000000/1x1/delapouite/cooking-glove.svg
cooking-pot	delapouite	CC-BY 3.0	svg,png	https://game-icons.net/1x1/delapouite/cooking-pot.html	curl -O https://game-icons.net/icons/ffffff/000000/1x1/delapouite/cooking-pot.svg
cooler	delapouite	CC-BY 3.0	svg,png	https://game-icons.net/1x1/delapouite/cooler.html	curl -O https://game-icons.net/icons/ffffff/000000/1x1/delapouite/cooler.svg
coral	delapouite	CC-BY 3.0	svg,png	https://game-icons.net/1x1/delapouite/coral.html	curl -O https://game-icons.net/icons/ffffff/000000/1x1/delapouite/coral.svg
cork-hat	delapouite	CC-BY 3.0	svg,png	https://game-icons.net/1x1/delapouite/cork-hat.html	curl -O https://game-icons.net/icons/ffffff/000000/1x1/delapouite/cork-hat.svg
corkscrew	delapouite	CC-BY 3.0	svg,png	https://game-icons.net/1x1/delapouite/corkscrew.html	curl -O https://game-icons.net/icons/ffffff/000000/1x1/delapouite/corkscrew.svg
corn	delapouite	CC-BY 3.0	svg,png	https://game-icons.net/1x1/delapouite/corn.html	curl -O https://game-icons.net/icons/ffffff/000000/1x1/delapouite/corn.svg
corner-flag	delapouite	CC-BY 3.0	svg,png	https://game-icons.net/1x1/delapouite/corner-flag.html	curl -O https://game-icons.net/icons/ffffff/000000/1x1/delapouite/corner-flag.svg
cornucopia	delapouite	CC-BY 3.0	svg,png	https://game-icons.net/1x1/delapouite/cornucopia.html	curl -O https://game-icons.net/icons/ffffff/000000/1x1/delapouite/cornucopia.svg
coronation	delapouite	CC-BY 3.0	svg,png	https://game-icons.net/1x1/delapouite/coronation.html	curl -O https://game-icons.net/icons/ffffff/000000/1x1/delapouite/coronation.svg
corporal	delapouite	CC-BY 3.0	svg,png	https://game-icons.net/1x1/delapouite/corporal.html	curl -O https://game-icons.net/icons/ffffff/000000/1x1/delapouite/corporal.svg
corset	delapouite	CC-BY 3.0	svg,png	https://game-icons.net/1x1/delapouite/corset.html	curl -O https://game-icons.net/icons/ffffff/000000/1x1/delapouite/corset.svg
corsica	delapouite	CC-BY 3.0	svg,png	https://game-icons.net/1x1/delapouite/corsica.html	curl -O https://game-icons.net/icons/ffffff/000000/1x1/delapouite/corsica.svg
cosmic-egg	delapouite	CC-BY 3.0	svg,png	https://game-icons.net/1x1/delapouite/cosmic-egg.html	curl -O https://game-icons.net/icons/ffffff/000000/1x1/delapouite/cosmic-egg.svg
cotton-flower	delapouite	CC-BY 3.0	svg,png	https://game-icons.net/1x1/delapouite/cotton-flower.html	curl -O https://game-icons.net/icons/ffffff/000000/1x1/delapouite/cotton-flower.svg
covered-jar	delapouite	CC-BY 3.0	svg,png	https://game-icons.net/1x1/delapouite/covered-jar.html	curl -O https://game-icons.net/icons/ffffff/000000/1x1/delapouite/covered-jar.svg
cow	delapouite	CC-BY 3.0	svg,png	https://game-icons.net/1x1/delapouite/cow.html	curl -O https://game-icons.net/icons/ffffff/000000/1x1/delapouite/cow.svg
cowboy-boot	delapouite	CC-BY 3.0	svg,png	https://game-icons.net/1x1/delapouite/cowboy-boot.html	curl -O https://game-icons.net/icons/ffffff/000000/1x1/delapouite/cowboy-boot.svg
cowboy-holster	delapouite	CC-BY 3.0	svg,png	https://game-icons.net/1x1/delapouite/cowboy-holster.html	curl -O https://game-icons.net/icons/ffffff/000000/1x1/delapouite/cowboy-holster.svg
cpu	delapouite	CC-BY 3.0	svg,png	https://game-icons.net/1x1/delapouite/cpu.html	curl -O https://game-icons.net/icons/ffffff/000000/1x1/delapouite/cpu.svg
crafting	delapouite	CC-BY 3.0	svg,png	https://game-icons.net/1x1/delapouite/crafting.html	curl -O https://game-icons.net/icons/ffffff/000000/1x1/delapouite/crafting.svg
crane	delapouite	CC-BY 3.0	svg,png	https://game-icons.net/1x1/delapouite/crane.html	curl -O https://game-icons.net/icons/ffffff/000000/1x1/delapouite/crane.svg
credits-currency	delapouite	CC-BY 3.0	svg,png	https://game-icons.net/1x1/delapouite/credits-currency.html	curl -O https://game-icons.net/icons/ffffff/000000/1x1/delapouite/credits-currency.svg
crenel-crown	delapouite	CC-BY 3.0	svg,png	https://game-icons.net/1x1/delapouite/crenel-crown.html	curl -O https://game-icons.net/icons/ffffff/000000/1x1/delapouite/crenel-crown.svg
crescent-staff	delapouite	CC-BY 3.0	svg,png	https://game-icons.net/1x1/delapouite/crescent-staff.html	curl -O https://game-icons.net/icons/ffffff/000000/1x1/delapouite/crescent-staff.svg
cricket-bat	delapouite	CC-BY 3.0	svg,png	https://game-icons.net/1x1/delapouite/cricket-bat.html	curl -O https://game-icons.net/icons/ffffff/000000/1x1/delapouite/cricket-bat.svg
cricket	delapouite	CC-BY 3.0	svg,png	https://game-icons.net/1x1/delapouite/cricket.html	curl -O https://game-icons.net/icons/ffffff/000000/1x1/delapouite/cricket.svg
crime-scene-tape	delapouite	CC-BY 3.0	svg,png	https://game-icons.net/1x1/delapouite/crime-scene-tape.html	curl -O https://game-icons.net/icons/ffffff/000000/1x1/delapouite/crime-scene-tape.svg
croissant	delapouite	CC-BY 3.0	svg,png	https://game-icons.net/1x1/delapouite/croissant.html	curl -O https://game-icons.net/icons/ffffff/000000/1x1/delapouite/croissant.svg
crook-flail	delapouite	CC-BY 3.0	svg,png	https://game-icons.net/1x1/delapouite/crook-flail.html	curl -O https://game-icons.net/icons/ffffff/000000/1x1/delapouite/crook-flail.svg
cross-shield	delapouite	CC-BY 3.0	svg,png	https://game-icons.net/1x1/delapouite/cross-shield.html	curl -O https://game-icons.net/icons/ffffff/000000/1x1/delapouite/cross-shield.svg
crosscut-saw	delapouite	CC-BY 3.0	svg,png	https://game-icons.net/1x1/delapouite/crosscut-saw.html	curl -O https://game-icons.net/icons/ffffff/000000/1x1/delapouite/crosscut-saw.svg
crosshair	delapouite	CC-BY 3.0	svg,png	https://game-icons.net/1x1/delapouite/crosshair.html	curl -O https://game-icons.net/icons/ffffff/000000/1x1/delapouite/crosshair.svg
crossroad	delapouite	CC-BY 3.0	svg,png	https://game-icons.net/1x1/delapouite/crossroad.html	curl -O https://game-icons.net/icons/ffffff/000000/1x1/delapouite/crossroad.svg
crow-nest	delapouite	CC-BY 3.0	svg,png	https://game-icons.net/1x1/delapouite/crow-nest.html	curl -O https://game-icons.net/icons/ffffff/000000/1x1/delapouite/crow-nest.svg
crowbar	delapouite	CC-BY 3.0	svg,png	https://game-icons.net/1x1/delapouite/crowbar.html	curl -O https://game-icons.net/icons/ffffff/000000/1x1/delapouite/crowbar.svg
crucifix	delapouite	CC-BY 3.0	svg,png	https://game-icons.net/1x1/delapouite/crucifix.html	curl -O https://game-icons.net/icons/ffffff/000000/1x1/delapouite/crucifix.svg
cryo-chamber	delapouite	CC-BY 3.0	svg,png	https://game-icons.net/1x1/delapouite/cryo-chamber.html	curl -O https://game-icons.net/icons/ffffff/000000/1x1/delapouite/cryo-chamber.svg
crypt-entrance	delapouite	CC-BY 3.0	svg,png	https://game-icons.net/1x1/delapouite/crypt-entrance.html	curl -O https://game-icons.net/icons/ffffff/000000/1x1/delapouite/crypt-entrance.svg
crystal-earrings	delapouite	CC-BY 3.0	svg,png	https://game-icons.net/1x1/delapouite/crystal-earrings.html	curl -O https://game-icons.net/icons/ffffff/000000/1x1/delapouite/crystal-earrings.svg
crystal-shrine	delapouite	CC-BY 3.0	svg,png	https://game-icons.net/1x1/delapouite/crystal-shrine.html	curl -O https://game-icons.net/icons/ffffff/000000/1x1/delapouite/crystal-shrine.svg
cuauhtli	delapouite	CC-BY 3.0	svg,png	https://game-icons.net/1x1/delapouite/cuauhtli.html	curl -O https://game-icons.net/icons/ffffff/000000/1x1/delapouite/cuauhtli.svg
cube	delapouite	CC-BY 3.0	svg,png	https://game-icons.net/1x1/delapouite/cube.html	curl -O https://game-icons.net/icons/ffffff/000000/1x1/delapouite/cube.svg
cuckoo-clock	delapouite	CC-BY 3.0	svg,png	https://game-icons.net/1x1/delapouite/cuckoo-clock.html	curl -O https://game-icons.net/icons/ffffff/000000/1x1/delapouite/cuckoo-clock.svg
cupcake	delapouite	CC-BY 3.0	svg,png	https://game-icons.net/1x1/delapouite/cupcake.html	curl -O https://game-icons.net/icons/ffffff/000000/1x1/delapouite/cupcake.svg
curling-stone	delapouite	CC-BY 3.0	svg,png	https://game-icons.net/1x1/delapouite/curling-stone.html	curl -O https://game-icons.net/icons/ffffff/000000/1x1/delapouite/curling-stone.svg
custodian-helmet	delapouite	CC-BY 3.0	svg,png	https://game-icons.net/1x1/delapouite/custodian-helmet.html	curl -O https://game-icons.net/icons/ffffff/000000/1x1/delapouite/custodian-helmet.svg
cut-lemon	delapouite	CC-BY 3.0	svg,png	https://game-icons.net/1x1/delapouite/cut-lemon.html	curl -O https://game-icons.net/icons/ffffff/000000/1x1/delapouite/cut-lemon.svg
cyber-eye	delapouite	CC-BY 3.0	svg,png	https://game-icons.net/1x1/delapouite/cyber-eye.html	curl -O https://game-icons.net/icons/ffffff/000000/1x1/delapouite/cyber-eye.svg
cyborg-face	delapouite	CC-BY 3.0	svg,png	https://game-icons.net/1x1/delapouite/cyborg-face.html	curl -O https://game-icons.net/icons/ffffff/000000/1x1/delapouite/cyborg-face.svg
cycling	delapouite	CC-BY 3.0	svg,png	https://game-icons.net/1x1/delapouite/cycling.html	curl -O https://game-icons.net/icons/ffffff/000000/1x1/delapouite/cycling.svg
daemon-pull	delapouite	CC-BY 3.0	svg,png	https://game-icons.net/1x1/delapouite/daemon-pull.html	curl -O https://game-icons.net/icons/ffffff/000000/1x1/delapouite/daemon-pull.svg
dagger-rose	delapouite	CC-BY 3.0	svg,png	https://game-icons.net/1x1/delapouite/dagger-rose.html	curl -O https://game-icons.net/icons/ffffff/000000/1x1/delapouite/dagger-rose.svg
dam	delapouite	CC-BY 3.0	svg,png	https://game-icons.net/1x1/delapouite/dam.html	curl -O https://game-icons.net/icons/ffffff/000000/1x1/delapouite/dam.svg
dandelion-flower	delapouite	CC-BY 3.0	svg,png	https://game-icons.net/1x1/delapouite/dandelion-flower.html	curl -O https://game-icons.net/icons/ffffff/000000/1x1/delapouite/dandelion-flower.svg
dango	delapouite	CC-BY 3.0	svg,png	https://game-icons.net/1x1/delapouite/dango.html	curl -O https://game-icons.net/icons/ffffff/000000/1x1/delapouite/dango.svg
dart	delapouite	CC-BY 3.0	svg,png	https://game-icons.net/1x1/delapouite/dart.html	curl -O https://game-icons.net/icons/ffffff/000000/1x1/delapouite/dart.svg
database	delapouite	CC-BY 3.0	svg,png	https://game-icons.net/1x1/delapouite/database.html	curl -O https://game-icons.net/icons/ffffff/000000/1x1/delapouite/database.svg
dead-head	delapouite	CC-BY 3.0	svg,png	https://game-icons.net/1x1/delapouite/dead-head.html	curl -O https://game-icons.net/icons/ffffff/000000/1x1/delapouite/dead-head.svg
death-star	delapouite	CC-BY 3.0	svg,png	https://game-icons.net/1x1/delapouite/death-star.html	curl -O https://game-icons.net/icons/ffffff/000000/1x1/delapouite/death-star.svg
deer-track	delapouite	CC-BY 3.0	svg,png	https://game-icons.net/1x1/delapouite/deer-track.html	curl -O https://game-icons.net/icons/ffffff/000000/1x1/delapouite/deer-track.svg
defense-satellite	delapouite	CC-BY 3.0	svg,png	https://game-icons.net/1x1/delapouite/defense-satellite.html	curl -O https://game-icons.net/icons/ffffff/000000/1x1/delapouite/defense-satellite.svg
deku-tree	delapouite	CC-BY 3.0	svg,png	https://game-icons.net/1x1/delapouite/deku-tree.html	curl -O https://game-icons.net/icons/ffffff/000000/1x1/delapouite/deku-tree.svg
delicate-perfume	delapouite	CC-BY 3.0	svg,png	https://game-icons.net/1x1/delapouite/delicate-perfume.html	curl -O https://game-icons.net/icons/ffffff/000000/1x1/delapouite/delicate-perfume.svg
delivery-drone	delapouite	CC-BY 3.0	svg,png	https://game-icons.net/1x1/delapouite/delivery-drone.html	curl -O https://game-icons.net/icons/ffffff/000000/1x1/delapouite/delivery-drone.svg
desert-camp	delapouite	CC-BY 3.0	svg,png	https://game-icons.net/1x1/delapouite/desert-camp.html	curl -O https://game-icons.net/icons/ffffff/000000/1x1/delapouite/desert-camp.svg
desert	delapouite	CC-BY 3.0	svg,png	https://game-icons.net/1x1/delapouite/desert.html	curl -O https://game-icons.net/icons/ffffff/000000/1x1/delapouite/desert.svg
deshret-red-crown	delapouite	CC-BY 3.0	svg,png	https://game-icons.net/1x1/delapouite/deshret-red-crown.html	curl -O https://game-icons.net/icons/ffffff/000000/1x1/delapouite/deshret-red-crown.svg
desk	delapouite	CC-BY 3.0	svg,png	https://game-icons.net/1x1/delapouite/desk.html	curl -O https://game-icons.net/icons/ffffff/000000/1x1/delapouite/desk.svg
detonator	delapouite	CC-BY 3.0	svg,png	https://game-icons.net/1x1/delapouite/detonator.html	curl -O https://game-icons.net/icons/ffffff/000000/1x1/delapouite/detonator.svg
detour	delapouite	CC-BY 3.0	svg,png	https://game-icons.net/1x1/delapouite/detour.html	curl -O https://game-icons.net/icons/ffffff/000000/1x1/delapouite/detour.svg
devil-mask	delapouite	CC-BY 3.0	svg,png	https://game-icons.net/1x1/delapouite/devil-mask.html	curl -O https://game-icons.net/icons/ffffff/000000/1x1/delapouite/devil-mask.svg
dial-padlock	delapouite	CC-BY 3.0	svg,png	https://game-icons.net/1x1/delapouite/dial-padlock.html	curl -O https://game-icons.net/icons/ffffff/000000/1x1/delapouite/dial-padlock.svg
diamond-hilt	delapouite	CC-BY 3.0	svg,png	https://game-icons.net/1x1/delapouite/diamond-hilt.html	curl -O https://game-icons.net/icons/ffffff/000000/1x1/delapouite/diamond-hilt.svg
diamond-ring	delapouite	CC-BY 3.0	svg,png	https://game-icons.net/1x1/delapouite/diamond-ring.html	curl -O https://game-icons.net/icons/ffffff/000000/1x1/delapouite/diamond-ring.svg
diamond-trophy	delapouite	CC-BY 3.0	svg,png	https://game-icons.net/1x1/delapouite/diamond-trophy.html	curl -O https://game-icons.net/icons/ffffff/000000/1x1/delapouite/diamond-trophy.svg
dice-eight-faces-eight	delapouite	CC-BY 3.0	svg,png	https://game-icons.net/1x1/delapouite/dice-eight-faces-eight.html	curl -O https://game-icons.net/icons/ffffff/000000/1x1/delapouite/dice-eight-faces-eight.svg
dice-fire	delapouite	CC-BY 3.0	svg,png	https://game-icons.net/1x1/delapouite/dice-fire.html	curl -O https://game-icons.net/icons/ffffff/000000/1x1/delapouite/dice-fire.svg
dice-shield	delapouite	CC-BY 3.0	svg,png	https://game-icons.net/1x1/delapouite/dice-shield.html	curl -O https://game-icons.net/icons/ffffff/000000/1x1/delapouite/dice-shield.svg
dice-six-faces-five	delapouite	CC-BY 3.0	svg,png	https://game-icons.net/1x1/delapouite/dice-six-faces-five.html	curl -O https://game-icons.net/icons/ffffff/000000/1x1/delapouite/dice-six-faces-five.svg
dice-six-faces-four	delapouite	CC-BY 3.0	svg,png	https://game-icons.net/1x1/delapouite/dice-six-faces-four.html	curl -O https://game-icons.net/icons/ffffff/000000/1x1/delapouite/dice-six-faces-four.svg
dice-six-faces-one	delapouite	CC-BY 3.0	svg,png	https://game-icons.net/1x1/delapouite/dice-six-faces-one.html	curl -O https://game-icons.net/icons/ffffff/000000/1x1/delapouite/dice-six-faces-one.svg
dice-six-faces-six	delapouite	CC-BY 3.0	svg,png	https://game-icons.net/1x1/delapouite/dice-six-faces-six.html	curl -O https://game-icons.net/icons/ffffff/000000/1x1/delapouite/dice-six-faces-six.svg
dice-six-faces-three	delapouite	CC-BY 3.0	svg,png	https://game-icons.net/1x1/delapouite/dice-six-faces-three.html	curl -O https://game-icons.net/icons/ffffff/000000/1x1/delapouite/dice-six-faces-three.svg
dice-six-faces-two	delapouite	CC-BY 3.0	svg,png	https://game-icons.net/1x1/delapouite/dice-six-faces-two.html	curl -O https://game-icons.net/icons/ffffff/000000/1x1/delapouite/dice-six-faces-two.svg
dice-target	delapouite	CC-BY 3.0	svg,png	https://game-icons.net/1x1/delapouite/dice-target.html	curl -O https://game-icons.net/icons/ffffff/000000/1x1/delapouite/dice-target.svg
dice-twenty-faces-one	delapouite	CC-BY 3.0	svg,png	https://game-icons.net/1x1/delapouite/dice-twenty-faces-one.html	curl -O https://game-icons.net/icons/ffffff/000000/1x1/delapouite/dice-twenty-faces-one.svg
dice-twenty-faces-twenty	delapouite	CC-BY 3.0	svg,png	https://game-icons.net/1x1/delapouite/dice-twenty-faces-twenty.html	curl -O https://game-icons.net/icons/ffffff/000000/1x1/delapouite/dice-twenty-faces-twenty.svg
dig-hole	delapouite	CC-BY 3.0	svg,png	https://game-icons.net/1x1/delapouite/dig-hole.html	curl -O https://game-icons.net/icons/ffffff/000000/1x1/delapouite/dig-hole.svg
dimetrodon	delapouite	CC-BY 3.0	svg,png	https://game-icons.net/1x1/delapouite/dimetrodon.html	curl -O https://game-icons.net/icons/ffffff/000000/1x1/delapouite/dimetrodon.svg
diplodocus	delapouite	CC-BY 3.0	svg,png	https://game-icons.net/1x1/delapouite/diplodocus.html	curl -O https://game-icons.net/icons/ffffff/000000/1x1/delapouite/diplodocus.svg
diploma	delapouite	CC-BY 3.0	svg,png	https://game-icons.net/1x1/delapouite/diploma.html	curl -O https://game-icons.net/icons/ffffff/000000/1x1/delapouite/diploma.svg
direction-sign	delapouite	CC-BY 3.0	svg,png	https://game-icons.net/1x1/delapouite/direction-sign.html	curl -O https://game-icons.net/icons/ffffff/000000/1x1/delapouite/direction-sign.svg
direction-signs	delapouite	CC-BY 3.0	svg,png	https://game-icons.net/1x1/delapouite/direction-signs.html	curl -O https://game-icons.net/icons/ffffff/000000/1x1/delapouite/direction-signs.svg
director-chair	delapouite	CC-BY 3.0	svg,png	https://game-icons.net/1x1/delapouite/director-chair.html	curl -O https://game-icons.net/icons/ffffff/000000/1x1/delapouite/director-chair.svg
disc-golf-bag	delapouite	CC-BY 3.0	svg,png	https://game-icons.net/1x1/delapouite/disc-golf-bag.html	curl -O https://game-icons.net/icons/ffffff/000000/1x1/delapouite/disc-golf-bag.svg
disc-golf-basket	delapouite	CC-BY 3.0	svg,png	https://game-icons.net/1x1/delapouite/disc-golf-basket.html	curl -O https://game-icons.net/icons/ffffff/000000/1x1/delapouite/disc-golf-basket.svg
discobolus	delapouite	CC-BY 3.0	svg,png	https://game-icons.net/1x1/delapouite/discobolus.html	curl -O https://game-icons.net/icons/ffffff/000000/1x1/delapouite/discobolus.svg
discussion	delapouite	CC-BY 3.0	svg,png	https://game-icons.net/1x1/delapouite/discussion.html	curl -O https://game-icons.net/icons/ffffff/000000/1x1/delapouite/discussion.svg
distress-signal	delapouite	CC-BY 3.0	svg,png	https://game-icons.net/1x1/delapouite/distress-signal.html	curl -O https://game-icons.net/icons/ffffff/000000/1x1/delapouite/distress-signal.svg
diving-helmet	delapouite	CC-BY 3.0	svg,png	https://game-icons.net/1x1/delapouite/diving-helmet.html	curl -O https://game-icons.net/icons/ffffff/000000/1x1/delapouite/diving-helmet.svg
djed-pillar	delapouite	CC-BY 3.0	svg,png	https://game-icons.net/1x1/delapouite/djed-pillar.html	curl -O https://game-icons.net/icons/ffffff/000000/1x1/delapouite/djed-pillar.svg
djembe	delapouite	CC-BY 3.0	svg,png	https://game-icons.net/1x1/delapouite/djembe.html	curl -O https://game-icons.net/icons/ffffff/000000/1x1/delapouite/djembe.svg
djinn	delapouite	CC-BY 3.0	svg,png	https://game-icons.net/1x1/delapouite/djinn.html	curl -O https://game-icons.net/icons/ffffff/000000/1x1/delapouite/djinn.svg
dog-bowl	delapouite	CC-BY 3.0	svg,png	https://game-icons.net/1x1/delapouite/dog-bowl.html	curl -O https://game-icons.net/icons/ffffff/000000/1x1/delapouite/dog-bowl.svg
dog-house	delapouite	CC-BY 3.0	svg,png	https://game-icons.net/1x1/delapouite/dog-house.html	curl -O https://game-icons.net/icons/ffffff/000000/1x1/delapouite/dog-house.svg
dolmen	delapouite	CC-BY 3.0	svg,png	https://game-icons.net/1x1/delapouite/dolmen.html	curl -O https://game-icons.net/icons/ffffff/000000/1x1/delapouite/dolmen.svg
dolphin	delapouite	CC-BY 3.0	svg,png	https://game-icons.net/1x1/delapouite/dolphin.html	curl -O https://game-icons.net/icons/ffffff/000000/1x1/delapouite/dolphin.svg
domino-tiles	delapouite	CC-BY 3.0	svg,png	https://game-icons.net/1x1/delapouite/domino-tiles.html	curl -O https://game-icons.net/icons/ffffff/000000/1x1/delapouite/domino-tiles.svg
doner-kebab	delapouite	CC-BY 3.0	svg,png	https://game-icons.net/1x1/delapouite/doner-kebab.html	curl -O https://game-icons.net/icons/ffffff/000000/1x1/delapouite/doner-kebab.svg
donut	delapouite	CC-BY 3.0	svg,png	https://game-icons.net/1x1/delapouite/donut.html	curl -O https://game-icons.net/icons/ffffff/000000/1x1/delapouite/donut.svg
door-handle	delapouite	CC-BY 3.0	svg,png	https://game-icons.net/1x1/delapouite/door-handle.html	curl -O https://game-icons.net/icons/ffffff/000000/1x1/delapouite/door-handle.svg
door-ring-handle	delapouite	CC-BY 3.0	svg,png	https://game-icons.net/1x1/delapouite/door-ring-handle.html	curl -O https://game-icons.net/icons/ffffff/000000/1x1/delapouite/door-ring-handle.svg
door-watcher	delapouite	CC-BY 3.0	svg,png	https://game-icons.net/1x1/delapouite/door-watcher.html	curl -O https://game-icons.net/icons/ffffff/000000/1x1/delapouite/door-watcher.svg
door	delapouite	CC-BY 3.0	svg,png	https://game-icons.net/1x1/delapouite/door.html	curl -O https://game-icons.net/icons/ffffff/000000/1x1/delapouite/door.svg
double-fish	delapouite	CC-BY 3.0	svg,png	https://game-icons.net/1x1/delapouite/double-fish.html	curl -O https://game-icons.net/icons/ffffff/000000/1x1/delapouite/double-fish.svg
double-necklace	delapouite	CC-BY 3.0	svg,png	https://game-icons.net/1x1/delapouite/double-necklace.html	curl -O https://game-icons.net/icons/ffffff/000000/1x1/delapouite/double-necklace.svg
double-street-lights	delapouite	CC-BY 3.0	svg,png	https://game-icons.net/1x1/delapouite/double-street-lights.html	curl -O https://game-icons.net/icons/ffffff/000000/1x1/delapouite/double-street-lights.svg
dough-roller	delapouite	CC-BY 3.0	svg,png	https://game-icons.net/1x1/delapouite/dough-roller.html	curl -O https://game-icons.net/icons/ffffff/000000/1x1/delapouite/dough-roller.svg
dragon-orb	delapouite	CC-BY 3.0	svg,png	https://game-icons.net/1x1/delapouite/dragon-orb.html	curl -O https://game-icons.net/icons/ffffff/000000/1x1/delapouite/dragon-orb.svg
dragon-shield	delapouite	CC-BY 3.0	svg,png	https://game-icons.net/1x1/delapouite/dragon-shield.html	curl -O https://game-icons.net/icons/ffffff/000000/1x1/delapouite/dragon-shield.svg
drakkar-dragon	delapouite	CC-BY 3.0	svg,png	https://game-icons.net/1x1/delapouite/drakkar-dragon.html	curl -O https://game-icons.net/icons/ffffff/000000/1x1/delapouite/drakkar-dragon.svg
drakkar	delapouite	CC-BY 3.0	svg,png	https://game-icons.net/1x1/delapouite/drakkar.html	curl -O https://game-icons.net/icons/ffffff/000000/1x1/delapouite/drakkar.svg
drawbridge	delapouite	CC-BY 3.0	svg,png	https://game-icons.net/1x1/delapouite/drawbridge.html	curl -O https://game-icons.net/icons/ffffff/000000/1x1/delapouite/drawbridge.svg
dream-catcher	delapouite	CC-BY 3.0	svg,png	https://game-icons.net/1x1/delapouite/dream-catcher.html	curl -O https://game-icons.net/icons/ffffff/000000/1x1/delapouite/dream-catcher.svg
drill	delapouite	CC-BY 3.0	svg,png	https://game-icons.net/1x1/delapouite/drill.html	curl -O https://game-icons.net/icons/ffffff/000000/1x1/delapouite/drill.svg
drinking	delapouite	CC-BY 3.0	svg,png	https://game-icons.net/1x1/delapouite/drinking.html	curl -O https://game-icons.net/icons/ffffff/000000/1x1/delapouite/drinking.svg
drop-earrings	delapouite	CC-BY 3.0	svg,png	https://game-icons.net/1x1/delapouite/drop-earrings.html	curl -O https://game-icons.net/icons/ffffff/000000/1x1/delapouite/drop-earrings.svg
drum	delapouite	CC-BY 3.0	svg,png	https://game-icons.net/1x1/delapouite/drum.html	curl -O https://game-icons.net/icons/ffffff/000000/1x1/delapouite/drum.svg
duck-palm	delapouite	CC-BY 3.0	svg,png	https://game-icons.net/1x1/delapouite/duck-palm.html	curl -O https://game-icons.net/icons/ffffff/000000/1x1/delapouite/duck-palm.svg
duck	delapouite	CC-BY 3.0	svg,png	https://game-icons.net/1x1/delapouite/duck.html	curl -O https://game-icons.net/icons/ffffff/000000/1x1/delapouite/duck.svg
duffel-bag	delapouite	CC-BY 3.0	svg,png	https://game-icons.net/1x1/delapouite/duffel-bag.html	curl -O https://game-icons.net/icons/ffffff/000000/1x1/delapouite/duffel-bag.svg
dunce-cap	delapouite	CC-BY 3.0	svg,png	https://game-icons.net/1x1/delapouite/dunce-cap.html	curl -O https://game-icons.net/icons/ffffff/000000/1x1/delapouite/dunce-cap.svg
dungeon-gate	delapouite	CC-BY 3.0	svg,png	https://game-icons.net/1x1/delapouite/dungeon-gate.html	curl -O https://game-icons.net/icons/ffffff/000000/1x1/delapouite/dungeon-gate.svg
dungeon-light	delapouite	CC-BY 3.0	svg,png	https://game-icons.net/1x1/delapouite/dungeon-light.html	curl -O https://game-icons.net/icons/ffffff/000000/1x1/delapouite/dungeon-light.svg
duration	delapouite	CC-BY 3.0	svg,png	https://game-icons.net/1x1/delapouite/duration.html	curl -O https://game-icons.net/icons/ffffff/000000/1x1/delapouite/duration.svg
dutch-bike	delapouite	CC-BY 3.0	svg,png	https://game-icons.net/1x1/delapouite/dutch-bike.html	curl -O https://game-icons.net/icons/ffffff/000000/1x1/delapouite/dutch-bike.svg
dwarf-face	delapouite	CC-BY 3.0	svg,png	https://game-icons.net/1x1/delapouite/dwarf-face.html	curl -O https://game-icons.net/icons/ffffff/000000/1x1/delapouite/dwarf-face.svg
dwennimmen	delapouite	CC-BY 3.0	svg,png	https://game-icons.net/1x1/delapouite/dwennimmen.html	curl -O https://game-icons.net/icons/ffffff/000000/1x1/delapouite/dwennimmen.svg
dynamite	delapouite	CC-BY 3.0	svg,png	https://game-icons.net/1x1/delapouite/dynamite.html	curl -O https://game-icons.net/icons/ffffff/000000/1x1/delapouite/dynamite.svg
eagle-head	delapouite	CC-BY 3.0	svg,png	https://game-icons.net/1x1/delapouite/eagle-head.html	curl -O https://game-icons.net/icons/ffffff/000000/1x1/delapouite/eagle-head.svg
earrings	delapouite	CC-BY 3.0	svg,png	https://game-icons.net/1x1/delapouite/earrings.html	curl -O https://game-icons.net/icons/ffffff/000000/1x1/delapouite/earrings.svg
earth-africa-europe	delapouite	CC-BY 3.0	svg,png	https://game-icons.net/1x1/delapouite/earth-africa-europe.html	curl -O https://game-icons.net/icons/ffffff/000000/1x1/delapouite/earth-africa-europe.svg
earth-america	delapouite	CC-BY 3.0	svg,png	https://game-icons.net/1x1/delapouite/earth-america.html	curl -O https://game-icons.net/icons/ffffff/000000/1x1/delapouite/earth-america.svg
earth-asia-oceania	delapouite	CC-BY 3.0	svg,png	https://game-icons.net/1x1/delapouite/earth-asia-oceania.html	curl -O https://game-icons.net/icons/ffffff/000000/1x1/delapouite/earth-asia-oceania.svg
easter-egg	delapouite	CC-BY 3.0	svg,png	https://game-icons.net/1x1/delapouite/easter-egg.html	curl -O https://game-icons.net/icons/ffffff/000000/1x1/delapouite/easter-egg.svg
eating-pelican	delapouite	CC-BY 3.0	svg,png	https://game-icons.net/1x1/delapouite/eating-pelican.html	curl -O https://game-icons.net/icons/ffffff/000000/1x1/delapouite/eating-pelican.svg
eating	delapouite	CC-BY 3.0	svg,png	https://game-icons.net/1x1/delapouite/eating.html	curl -O https://game-icons.net/icons/ffffff/000000/1x1/delapouite/eating.svg
ecology	delapouite	CC-BY 3.0	svg,png	https://game-icons.net/1x1/delapouite/ecology.html	curl -O https://game-icons.net/icons/ffffff/000000/1x1/delapouite/ecology.svg
eel	delapouite	CC-BY 3.0	svg,png	https://game-icons.net/1x1/delapouite/eel.html	curl -O https://game-icons.net/icons/ffffff/000000/1x1/delapouite/eel.svg
egg-eye	delapouite	CC-BY 3.0	svg,png	https://game-icons.net/1x1/delapouite/egg-eye.html	curl -O https://game-icons.net/icons/ffffff/000000/1x1/delapouite/egg-eye.svg
egypt	delapouite	CC-BY 3.0	svg,png	https://game-icons.net/1x1/delapouite/egypt.html	curl -O https://game-icons.net/icons/ffffff/000000/1x1/delapouite/egypt.svg
egyptian-bird	delapouite	CC-BY 3.0	svg,png	https://game-icons.net/1x1/delapouite/egyptian-bird.html	curl -O https://game-icons.net/icons/ffffff/000000/1x1/delapouite/egyptian-bird.svg
egyptian-profile	delapouite	CC-BY 3.0	svg,png	https://game-icons.net/1x1/delapouite/egyptian-profile.html	curl -O https://game-icons.net/icons/ffffff/000000/1x1/delapouite/egyptian-profile.svg
egyptian-pyramids	delapouite	CC-BY 3.0	svg,png	https://game-icons.net/1x1/delapouite/egyptian-pyramids.html	curl -O https://game-icons.net/icons/ffffff/000000/1x1/delapouite/egyptian-pyramids.svg
egyptian-sphinx	delapouite	CC-BY 3.0	svg,png	https://game-icons.net/1x1/delapouite/egyptian-sphinx.html	curl -O https://game-icons.net/icons/ffffff/000000/1x1/delapouite/egyptian-sphinx.svg
egyptian-temple	delapouite	CC-BY 3.0	svg,png	https://game-icons.net/1x1/delapouite/egyptian-temple.html	curl -O https://game-icons.net/icons/ffffff/000000/1x1/delapouite/egyptian-temple.svg
egyptian-urns	delapouite	CC-BY 3.0	svg,png	https://game-icons.net/1x1/delapouite/egyptian-urns.html	curl -O https://game-icons.net/icons/ffffff/000000/1x1/delapouite/egyptian-urns.svg
egyptian-walk	delapouite	CC-BY 3.0	svg,png	https://game-icons.net/1x1/delapouite/egyptian-walk.html	curl -O https://game-icons.net/icons/ffffff/000000/1x1/delapouite/egyptian-walk.svg
eight-ball	delapouite	CC-BY 3.0	svg,png	https://game-icons.net/1x1/delapouite/eight-ball.html	curl -O https://game-icons.net/icons/ffffff/000000/1x1/delapouite/eight-ball.svg
elbow-pad	delapouite	CC-BY 3.0	svg,png	https://game-icons.net/1x1/delapouite/elbow-pad.html	curl -O https://game-icons.net/icons/ffffff/000000/1x1/delapouite/elbow-pad.svg
electrical-resistance	delapouite	CC-BY 3.0	svg,png	https://game-icons.net/1x1/delapouite/electrical-resistance.html	curl -O https://game-icons.net/icons/ffffff/000000/1x1/delapouite/electrical-resistance.svg
electrical-socket	delapouite	CC-BY 3.0	svg,png	https://game-icons.net/1x1/delapouite/electrical-socket.html	curl -O https://game-icons.net/icons/ffffff/000000/1x1/delapouite/electrical-socket.svg
elephant-head	delapouite	CC-BY 3.0	svg,png	https://game-icons.net/1x1/delapouite/elephant-head.html	curl -O https://game-icons.net/icons/ffffff/000000/1x1/delapouite/elephant-head.svg
elephant	delapouite	CC-BY 3.0	svg,png	https://game-icons.net/1x1/delapouite/elephant.html	curl -O https://game-icons.net/icons/ffffff/000000/1x1/delapouite/elephant.svg
elevator	delapouite	CC-BY 3.0	svg,png	https://game-icons.net/1x1/delapouite/elevator.html	curl -O https://game-icons.net/icons/ffffff/000000/1x1/delapouite/elevator.svg
elf-ear	delapouite	CC-BY 3.0	svg,png	https://game-icons.net/1x1/delapouite/elf-ear.html	curl -O https://game-icons.net/icons/ffffff/000000/1x1/delapouite/elf-ear.svg
elysium-shade	delapouite	CC-BY 3.0	svg,png	https://game-icons.net/1x1/delapouite/elysium-shade.html	curl -O https://game-icons.net/icons/ffffff/000000/1x1/delapouite/elysium-shade.svg
emerald-necklace	delapouite	CC-BY 3.0	svg,png	https://game-icons.net/1x1/delapouite/emerald-necklace.html	curl -O https://game-icons.net/icons/ffffff/000000/1x1/delapouite/emerald-necklace.svg
empty-chessboard	delapouite	CC-BY 3.0	svg,png	https://game-icons.net/1x1/delapouite/empty-chessboard.html	curl -O https://game-icons.net/icons/ffffff/000000/1x1/delapouite/empty-chessboard.svg
empty-metal-bucket-handle	delapouite	CC-BY 3.0	svg,png	https://game-icons.net/1x1/delapouite/empty-metal-bucket-handle.html	curl -O https://game-icons.net/icons/ffffff/000000/1x1/delapouite/empty-metal-bucket-handle.svg
empty-metal-bucket	delapouite	CC-BY 3.0	svg,png	https://game-icons.net/1x1/delapouite/empty-metal-bucket.html	curl -O https://game-icons.net/icons/ffffff/000000/1x1/delapouite/empty-metal-bucket.svg
empty-wood-bucket-handle	delapouite	CC-BY 3.0	svg,png	https://game-icons.net/1x1/delapouite/empty-wood-bucket-handle.html	curl -O https://game-icons.net/icons/ffffff/000000/1x1/delapouite/empty-wood-bucket-handle.svg
empty-wood-bucket	delapouite	CC-BY 3.0	svg,png	https://game-icons.net/1x1/delapouite/empty-wood-bucket.html	curl -O https://game-icons.net/icons/ffffff/000000/1x1/delapouite/empty-wood-bucket.svg
encirclement	delapouite	CC-BY 3.0	svg,png	https://game-icons.net/1x1/delapouite/encirclement.html	curl -O https://game-icons.net/icons/ffffff/000000/1x1/delapouite/encirclement.svg
encrypted-channel	delapouite	CC-BY 3.0	svg,png	https://game-icons.net/1x1/delapouite/encrypted-channel.html	curl -O https://game-icons.net/icons/ffffff/000000/1x1/delapouite/encrypted-channel.svg
energy-tank	delapouite	CC-BY 3.0	svg,png	https://game-icons.net/1x1/delapouite/energy-tank.html	curl -O https://game-icons.net/icons/ffffff/000000/1x1/delapouite/energy-tank.svg
enrage	delapouite	CC-BY 3.0	svg,png	https://game-icons.net/1x1/delapouite/enrage.html	curl -O https://game-icons.net/icons/ffffff/000000/1x1/delapouite/enrage.svg
entry-door	delapouite	CC-BY 3.0	svg,png	https://game-icons.net/1x1/delapouite/entry-door.html	curl -O https://game-icons.net/icons/ffffff/000000/1x1/delapouite/entry-door.svg
ermine	delapouite	CC-BY 3.0	svg,png	https://game-icons.net/1x1/delapouite/ermine.html	curl -O https://game-icons.net/icons/ffffff/000000/1x1/delapouite/ermine.svg
escalator	delapouite	CC-BY 3.0	svg,png	https://game-icons.net/1x1/delapouite/escalator.html	curl -O https://game-icons.net/icons/ffffff/000000/1x1/delapouite/escalator.svg
eternal-love	delapouite	CC-BY 3.0	svg,png	https://game-icons.net/1x1/delapouite/eternal-love.html	curl -O https://game-icons.net/icons/ffffff/000000/1x1/delapouite/eternal-love.svg
european-flag	delapouite	CC-BY 3.0	svg,png	https://game-icons.net/1x1/delapouite/european-flag.html	curl -O https://game-icons.net/icons/ffffff/000000/1x1/delapouite/european-flag.svg
evasion	delapouite	CC-BY 3.0	svg,png	https://game-icons.net/1x1/delapouite/evasion.html	curl -O https://game-icons.net/icons/ffffff/000000/1x1/delapouite/evasion.svg
evil-love	delapouite	CC-BY 3.0	svg,png	https://game-icons.net/1x1/delapouite/evil-love.html	curl -O https://game-icons.net/icons/ffffff/000000/1x1/delapouite/evil-love.svg
evil-tower	delapouite	CC-BY 3.0	svg,png	https://game-icons.net/1x1/delapouite/evil-tower.html	curl -O https://game-icons.net/icons/ffffff/000000/1x1/delapouite/evil-tower.svg
executioner-hood	delapouite	CC-BY 3.0	svg,png	https://game-icons.net/1x1/delapouite/executioner-hood.html	curl -O https://game-icons.net/icons/ffffff/000000/1x1/delapouite/executioner-hood.svg
exit-door	delapouite	CC-BY 3.0	svg,png	https://game-icons.net/1x1/delapouite/exit-door.html	curl -O https://game-icons.net/icons/ffffff/000000/1x1/delapouite/exit-door.svg
expand	delapouite	CC-BY 3.0	svg,png	https://game-icons.net/1x1/delapouite/expand.html	curl -O https://game-icons.net/icons/ffffff/000000/1x1/delapouite/expand.svg
expense	delapouite	CC-BY 3.0	svg,png	https://game-icons.net/1x1/delapouite/expense.html	curl -O https://game-icons.net/icons/ffffff/000000/1x1/delapouite/expense.svg
exploding-planet	delapouite	CC-BY 3.0	svg,png	https://game-icons.net/1x1/delapouite/exploding-planet.html	curl -O https://game-icons.net/icons/ffffff/000000/1x1/delapouite/exploding-planet.svg
extra-time	delapouite	CC-BY 3.0	svg,png	https://game-icons.net/1x1/delapouite/extra-time.html	curl -O https://game-icons.net/icons/ffffff/000000/1x1/delapouite/extra-time.svg
extra-vision	delapouite	CC-BY 3.0	svg,png	https://game-icons.net/1x1/delapouite/extra-vision.html	curl -O https://game-icons.net/icons/ffffff/000000/1x1/delapouite/extra-vision.svg
eye-of-horus	delapouite	CC-BY 3.0	svg,png	https://game-icons.net/1x1/delapouite/eye-of-horus.html	curl -O https://game-icons.net/icons/ffffff/000000/1x1/delapouite/eye-of-horus.svg
eye-target	delapouite	CC-BY 3.0	svg,png	https://game-icons.net/1x1/delapouite/eye-target.html	curl -O https://game-icons.net/icons/ffffff/000000/1x1/delapouite/eye-target.svg
eyelashes	delapouite	CC-BY 3.0	svg,png	https://game-icons.net/1x1/delapouite/eyelashes.html	curl -O https://game-icons.net/icons/ffffff/000000/1x1/delapouite/eyelashes.svg
eyepatch	delapouite	CC-BY 3.0	svg,png	https://game-icons.net/1x1/delapouite/eyepatch.html	curl -O https://game-icons.net/icons/ffffff/000000/1x1/delapouite/eyepatch.svg
f-clef	delapouite	CC-BY 3.0	svg,png	https://game-icons.net/1x1/delapouite/f-clef.html	curl -O https://game-icons.net/icons/ffffff/000000/1x1/delapouite/f-clef.svg
face-to-face	delapouite	CC-BY 3.0	svg,png	https://game-icons.net/1x1/delapouite/face-to-face.html	curl -O https://game-icons.net/icons/ffffff/000000/1x1/delapouite/face-to-face.svg
factory-arm	delapouite	CC-BY 3.0	svg,png	https://game-icons.net/1x1/delapouite/factory-arm.html	curl -O https://game-icons.net/icons/ffffff/000000/1x1/delapouite/factory-arm.svg
factory	delapouite	CC-BY 3.0	svg,png	https://game-icons.net/1x1/delapouite/factory.html	curl -O https://game-icons.net/icons/ffffff/000000/1x1/delapouite/factory.svg
fairy-wings	delapouite	CC-BY 3.0	svg,png	https://game-icons.net/1x1/delapouite/fairy-wings.html	curl -O https://game-icons.net/icons/ffffff/000000/1x1/delapouite/fairy-wings.svg
fairy	delapouite	CC-BY 3.0	svg,png	https://game-icons.net/1x1/delapouite/fairy.html	curl -O https://game-icons.net/icons/ffffff/000000/1x1/delapouite/fairy.svg
falcon-moon	delapouite	CC-BY 3.0	svg,png	https://game-icons.net/1x1/delapouite/falcon-moon.html	curl -O https://game-icons.net/icons/ffffff/000000/1x1/delapouite/falcon-moon.svg
falling-bomb	delapouite	CC-BY 3.0	svg,png	https://game-icons.net/1x1/delapouite/falling-bomb.html	curl -O https://game-icons.net/icons/ffffff/000000/1x1/delapouite/falling-bomb.svg
falling-rocks	delapouite	CC-BY 3.0	svg,png	https://game-icons.net/1x1/delapouite/falling-rocks.html	curl -O https://game-icons.net/icons/ffffff/000000/1x1/delapouite/falling-rocks.svg
falling-star	delapouite	CC-BY 3.0	svg,png	https://game-icons.net/1x1/delapouite/falling-star.html	curl -O https://game-icons.net/icons/ffffff/000000/1x1/delapouite/falling-star.svg
fallout-shelter	delapouite	CC-BY 3.0	svg,png	https://game-icons.net/1x1/delapouite/fallout-shelter.html	curl -O https://game-icons.net/icons/ffffff/000000/1x1/delapouite/fallout-shelter.svg
family-house	delapouite	CC-BY 3.0	svg,png	https://game-icons.net/1x1/delapouite/family-house.html	curl -O https://game-icons.net/icons/ffffff/000000/1x1/delapouite/family-house.svg
family-tree	delapouite	CC-BY 3.0	svg,png	https://game-icons.net/1x1/delapouite/family-tree.html	curl -O https://game-icons.net/icons/ffffff/000000/1x1/delapouite/family-tree.svg
farm-tractor	delapouite	CC-BY 3.0	svg,png	https://game-icons.net/1x1/delapouite/farm-tractor.html	curl -O https://game-icons.net/icons/ffffff/000000/1x1/delapouite/farm-tractor.svg
farmer	delapouite	CC-BY 3.0	svg,png	https://game-icons.net/1x1/delapouite/farmer.html	curl -O https://game-icons.net/icons/ffffff/000000/1x1/delapouite/farmer.svg
fast-backward-button	delapouite	CC-BY 3.0	svg,png	https://game-icons.net/1x1/delapouite/fast-backward-button.html	curl -O https://game-icons.net/icons/ffffff/000000/1x1/delapouite/fast-backward-button.svg
fast-forward-button	delapouite	CC-BY 3.0	svg,png	https://game-icons.net/1x1/delapouite/fast-forward-button.html	curl -O https://game-icons.net/icons/ffffff/000000/1x1/delapouite/fast-forward-button.svg
fast-noodles	delapouite	CC-BY 3.0	svg,png	https://game-icons.net/1x1/delapouite/fast-noodles.html	curl -O https://game-icons.net/icons/ffffff/000000/1x1/delapouite/fast-noodles.svg
feather-necklace	delapouite	CC-BY 3.0	svg,png	https://game-icons.net/1x1/delapouite/feather-necklace.html	curl -O https://game-icons.net/icons/ffffff/000000/1x1/delapouite/feather-necklace.svg
feline	delapouite	CC-BY 3.0	svg,png	https://game-icons.net/1x1/delapouite/feline.html	curl -O https://game-icons.net/icons/ffffff/000000/1x1/delapouite/feline.svg
female-legs	delapouite	CC-BY 3.0	svg,png	https://game-icons.net/1x1/delapouite/female-legs.html	curl -O https://game-icons.net/icons/ffffff/000000/1x1/delapouite/female-legs.svg
female	delapouite	CC-BY 3.0	svg,png	https://game-icons.net/1x1/delapouite/female.html	curl -O https://game-icons.net/icons/ffffff/000000/1x1/delapouite/female.svg
fencer	delapouite	CC-BY 3.0	svg,png	https://game-icons.net/1x1/delapouite/fencer.html	curl -O https://game-icons.net/icons/ffffff/000000/1x1/delapouite/fencer.svg
fern	delapouite	CC-BY 3.0	svg,png	https://game-icons.net/1x1/delapouite/fern.html	curl -O https://game-icons.net/icons/ffffff/000000/1x1/delapouite/fern.svg
fertilizer-bag	delapouite	CC-BY 3.0	svg,png	https://game-icons.net/1x1/delapouite/fertilizer-bag.html	curl -O https://game-icons.net/icons/ffffff/000000/1x1/delapouite/fertilizer-bag.svg
fez	delapouite	CC-BY 3.0	svg,png	https://game-icons.net/1x1/delapouite/fez.html	curl -O https://game-icons.net/icons/ffffff/000000/1x1/delapouite/fez.svg
figurehead	delapouite	CC-BY 3.0	svg,png	https://game-icons.net/1x1/delapouite/figurehead.html	curl -O https://game-icons.net/icons/ffffff/000000/1x1/delapouite/figurehead.svg
files	delapouite	CC-BY 3.0	svg,png	https://game-icons.net/1x1/delapouite/files.html	curl -O https://game-icons.net/icons/ffffff/000000/1x1/delapouite/files.svg
film-projector	delapouite	CC-BY 3.0	svg,png	https://game-icons.net/1x1/delapouite/film-projector.html	curl -O https://game-icons.net/icons/ffffff/000000/1x1/delapouite/film-projector.svg
film-spool	delapouite	CC-BY 3.0	svg,png	https://game-icons.net/1x1/delapouite/film-spool.html	curl -O https://game-icons.net/icons/ffffff/000000/1x1/delapouite/film-spool.svg
film-strip	delapouite	CC-BY 3.0	svg,png	https://game-icons.net/1x1/delapouite/film-strip.html	curl -O https://game-icons.net/icons/ffffff/000000/1x1/delapouite/film-strip.svg
finch	delapouite	CC-BY 3.0	svg,png	https://game-icons.net/1x1/delapouite/finch.html	curl -O https://game-icons.net/icons/ffffff/000000/1x1/delapouite/finch.svg
finger-print	delapouite	CC-BY 3.0	svg,png	https://game-icons.net/1x1/delapouite/finger-print.html	curl -O https://game-icons.net/icons/ffffff/000000/1x1/delapouite/finger-print.svg
fingernail	delapouite	CC-BY 3.0	svg,png	https://game-icons.net/1x1/delapouite/fingernail.html	curl -O https://game-icons.net/icons/ffffff/000000/1x1/delapouite/fingernail.svg
finish-line	delapouite	CC-BY 3.0	svg,png	https://game-icons.net/1x1/delapouite/finish-line.html	curl -O https://game-icons.net/icons/ffffff/000000/1x1/delapouite/finish-line.svg
fire-extinguisher	delapouite	CC-BY 3.0	svg,png	https://game-icons.net/1x1/delapouite/fire-extinguisher.html	curl -O https://game-icons.net/icons/ffffff/000000/1x1/delapouite/fire-extinguisher.svg
fire-flower	delapouite	CC-BY 3.0	svg,png	https://game-icons.net/1x1/delapouite/fire-flower.html	curl -O https://game-icons.net/icons/ffffff/000000/1x1/delapouite/fire-flower.svg
fire-gem	delapouite	CC-BY 3.0	svg,png	https://game-icons.net/1x1/delapouite/fire-gem.html	curl -O https://game-icons.net/icons/ffffff/000000/1x1/delapouite/fire-gem.svg
fire-iris	delapouite	CC-BY 3.0	svg,png	https://game-icons.net/1x1/delapouite/fire-iris.html	curl -O https://game-icons.net/icons/ffffff/000000/1x1/delapouite/fire-iris.svg
fire-shrine	delapouite	CC-BY 3.0	svg,png	https://game-icons.net/1x1/delapouite/fire-shrine.html	curl -O https://game-icons.net/icons/ffffff/000000/1x1/delapouite/fire-shrine.svg
fire-spell-cast	delapouite	CC-BY 3.0	svg,png	https://game-icons.net/1x1/delapouite/fire-spell-cast.html	curl -O https://game-icons.net/icons/ffffff/000000/1x1/delapouite/fire-spell-cast.svg
fireplace	delapouite	CC-BY 3.0	svg,png	https://game-icons.net/1x1/delapouite/fireplace.html	curl -O https://game-icons.net/icons/ffffff/000000/1x1/delapouite/fireplace.svg
firewall	delapouite	CC-BY 3.0	svg,png	https://game-icons.net/1x1/delapouite/firewall.html	curl -O https://game-icons.net/icons/ffffff/000000/1x1/delapouite/firewall.svg
first-aid-kit	delapouite	CC-BY 3.0	svg,png	https://game-icons.net/1x1/delapouite/first-aid-kit.html	curl -O https://game-icons.net/icons/ffffff/000000/1x1/delapouite/first-aid-kit.svg
fish-bucket	delapouite	CC-BY 3.0	svg,png	https://game-icons.net/1x1/delapouite/fish-bucket.html	curl -O https://game-icons.net/icons/ffffff/000000/1x1/delapouite/fish-bucket.svg
fish-eggs	delapouite	CC-BY 3.0	svg,png	https://game-icons.net/1x1/delapouite/fish-eggs.html	curl -O https://game-icons.net/icons/ffffff/000000/1x1/delapouite/fish-eggs.svg
fish-escape	delapouite	CC-BY 3.0	svg,png	https://game-icons.net/1x1/delapouite/fish-escape.html	curl -O https://game-icons.net/icons/ffffff/000000/1x1/delapouite/fish-escape.svg
fish-monster	delapouite	CC-BY 3.0	svg,png	https://game-icons.net/1x1/delapouite/fish-monster.html	curl -O https://game-icons.net/icons/ffffff/000000/1x1/delapouite/fish-monster.svg
fish-scales	delapouite	CC-BY 3.0	svg,png	https://game-icons.net/1x1/delapouite/fish-scales.html	curl -O https://game-icons.net/icons/ffffff/000000/1x1/delapouite/fish-scales.svg
fish-smoking	delapouite	CC-BY 3.0	svg,png	https://game-icons.net/1x1/delapouite/fish-smoking.html	curl -O https://game-icons.net/icons/ffffff/000000/1x1/delapouite/fish-smoking.svg
fishing-boat	delapouite	CC-BY 3.0	svg,png	https://game-icons.net/1x1/delapouite/fishing-boat.html	curl -O https://game-icons.net/icons/ffffff/000000/1x1/delapouite/fishing-boat.svg
fishing-jig	delapouite	CC-BY 3.0	svg,png	https://game-icons.net/1x1/delapouite/fishing-jig.html	curl -O https://game-icons.net/icons/ffffff/000000/1x1/delapouite/fishing-jig.svg
fishing-lure	delapouite	CC-BY 3.0	svg,png	https://game-icons.net/1x1/delapouite/fishing-lure.html	curl -O https://game-icons.net/icons/ffffff/000000/1x1/delapouite/fishing-lure.svg
fishing-pole	delapouite	CC-BY 3.0	svg,png	https://game-icons.net/1x1/delapouite/fishing-pole.html	curl -O https://game-icons.net/icons/ffffff/000000/1x1/delapouite/fishing-pole.svg
fishing-spoon	delapouite	CC-BY 3.0	svg,png	https://game-icons.net/1x1/delapouite/fishing-spoon.html	curl -O https://game-icons.net/icons/ffffff/000000/1x1/delapouite/fishing-spoon.svg
fishing	delapouite	CC-BY 3.0	svg,png	https://game-icons.net/1x1/delapouite/fishing.html	curl -O https://game-icons.net/icons/ffffff/000000/1x1/delapouite/fishing.svg
flag-objective	delapouite	CC-BY 3.0	svg,png	https://game-icons.net/1x1/delapouite/flag-objective.html	curl -O https://game-icons.net/icons/ffffff/000000/1x1/delapouite/flag-objective.svg
flail	delapouite	CC-BY 3.0	svg,png	https://game-icons.net/1x1/delapouite/flail.html	curl -O https://game-icons.net/icons/ffffff/000000/1x1/delapouite/flail.svg
flamethrower-soldier	delapouite	CC-BY 3.0	svg,png	https://game-icons.net/1x1/delapouite/flamethrower-soldier.html	curl -O https://game-icons.net/icons/ffffff/000000/1x1/delapouite/flamethrower-soldier.svg
flamethrower	delapouite	CC-BY 3.0	svg,png	https://game-icons.net/1x1/delapouite/flamethrower.html	curl -O https://game-icons.net/icons/ffffff/000000/1x1/delapouite/flamethrower.svg
flamingo	delapouite	CC-BY 3.0	svg,png	https://game-icons.net/1x1/delapouite/flamingo.html	curl -O https://game-icons.net/icons/ffffff/000000/1x1/delapouite/flamingo.svg
flanged-mace	delapouite	CC-BY 3.0	svg,png	https://game-icons.net/1x1/delapouite/flanged-mace.html	curl -O https://game-icons.net/icons/ffffff/000000/1x1/delapouite/flanged-mace.svg
flashlight	delapouite	CC-BY 3.0	svg,png	https://game-icons.net/1x1/delapouite/flashlight.html	curl -O https://game-icons.net/icons/ffffff/000000/1x1/delapouite/flashlight.svg
flat-platform	delapouite	CC-BY 3.0	svg,png	https://game-icons.net/1x1/delapouite/flat-platform.html	curl -O https://game-icons.net/icons/ffffff/000000/1x1/delapouite/flat-platform.svg
flat-tire	delapouite	CC-BY 3.0	svg,png	https://game-icons.net/1x1/delapouite/flat-tire.html	curl -O https://game-icons.net/icons/ffffff/000000/1x1/delapouite/flat-tire.svg
flatfish	delapouite	CC-BY 3.0	svg,png	https://game-icons.net/1x1/delapouite/flatfish.html	curl -O https://game-icons.net/icons/ffffff/000000/1x1/delapouite/flatfish.svg
flax	delapouite	CC-BY 3.0	svg,png	https://game-icons.net/1x1/delapouite/flax.html	curl -O https://game-icons.net/icons/ffffff/000000/1x1/delapouite/flax.svg
fleur-de-lys	delapouite	CC-BY 3.0	svg,png	https://game-icons.net/1x1/delapouite/fleur-de-lys.html	curl -O https://game-icons.net/icons/ffffff/000000/1x1/delapouite/fleur-de-lys.svg
flexible-lamp	delapouite	CC-BY 3.0	svg,png	https://game-icons.net/1x1/delapouite/flexible-lamp.html	curl -O https://game-icons.net/icons/ffffff/000000/1x1/delapouite/flexible-lamp.svg
flint-spark	delapouite	CC-BY 3.0	svg,png	https://game-icons.net/1x1/delapouite/flint-spark.html	curl -O https://game-icons.net/icons/ffffff/000000/1x1/delapouite/flint-spark.svg
flip-flops	delapouite	CC-BY 3.0	svg,png	https://game-icons.net/1x1/delapouite/flip-flops.html	curl -O https://game-icons.net/icons/ffffff/000000/1x1/delapouite/flip-flops.svg
floating-ghost	delapouite	CC-BY 3.0	svg,png	https://game-icons.net/1x1/delapouite/floating-ghost.html	curl -O https://game-icons.net/icons/ffffff/000000/1x1/delapouite/floating-ghost.svg
floating-platforms	delapouite	CC-BY 3.0	svg,png	https://game-icons.net/1x1/delapouite/floating-platforms.html	curl -O https://game-icons.net/icons/ffffff/000000/1x1/delapouite/floating-platforms.svg
floating-tentacles	delapouite	CC-BY 3.0	svg,png	https://game-icons.net/1x1/delapouite/floating-tentacles.html	curl -O https://game-icons.net/icons/ffffff/000000/1x1/delapouite/floating-tentacles.svg
flood	delapouite	CC-BY 3.0	svg,png	https://game-icons.net/1x1/delapouite/flood.html	curl -O https://game-icons.net/icons/ffffff/000000/1x1/delapouite/flood.svg
floor-hatch	delapouite	CC-BY 3.0	svg,png	https://game-icons.net/1x1/delapouite/floor-hatch.html	curl -O https://game-icons.net/icons/ffffff/000000/1x1/delapouite/floor-hatch.svg
floor-polisher	delapouite	CC-BY 3.0	svg,png	https://game-icons.net/1x1/delapouite/floor-polisher.html	curl -O https://game-icons.net/icons/ffffff/000000/1x1/delapouite/floor-polisher.svg
flour	delapouite	CC-BY 3.0	svg,png	https://game-icons.net/1x1/delapouite/flour.html	curl -O https://game-icons.net/icons/ffffff/000000/1x1/delapouite/flour.svg
flower-emblem	delapouite	CC-BY 3.0	svg,png	https://game-icons.net/1x1/delapouite/flower-emblem.html	curl -O https://game-icons.net/icons/ffffff/000000/1x1/delapouite/flower-emblem.svg
flower-hat	delapouite	CC-BY 3.0	svg,png	https://game-icons.net/1x1/delapouite/flower-hat.html	curl -O https://game-icons.net/icons/ffffff/000000/1x1/delapouite/flower-hat.svg
flower-star	delapouite	CC-BY 3.0	svg,png	https://game-icons.net/1x1/delapouite/flower-star.html	curl -O https://game-icons.net/icons/ffffff/000000/1x1/delapouite/flower-star.svg
flute	delapouite	CC-BY 3.0	svg,png	https://game-icons.net/1x1/delapouite/flute.html	curl -O https://game-icons.net/icons/ffffff/000000/1x1/delapouite/flute.svg
fly	delapouite	CC-BY 3.0	svg,png	https://game-icons.net/1x1/delapouite/fly.html	curl -O https://game-icons.net/icons/ffffff/000000/1x1/delapouite/fly.svg
flying-beetle	delapouite	CC-BY 3.0	svg,png	https://game-icons.net/1x1/delapouite/flying-beetle.html	curl -O https://game-icons.net/icons/ffffff/000000/1x1/delapouite/flying-beetle.svg
flying-fox	delapouite	CC-BY 3.0	svg,png	https://game-icons.net/1x1/delapouite/flying-fox.html	curl -O https://game-icons.net/icons/ffffff/000000/1x1/delapouite/flying-fox.svg
flying-target	delapouite	CC-BY 3.0	svg,png	https://game-icons.net/1x1/delapouite/flying-target.html	curl -O https://game-icons.net/icons/ffffff/000000/1x1/delapouite/flying-target.svg
fog-light	delapouite	CC-BY 3.0	svg,png	https://game-icons.net/1x1/delapouite/fog-light.html	curl -O https://game-icons.net/icons/ffffff/000000/1x1/delapouite/fog-light.svg
fog	delapouite	CC-BY 3.0	svg,png	https://game-icons.net/1x1/delapouite/fog.html	curl -O https://game-icons.net/icons/ffffff/000000/1x1/delapouite/fog.svg
food-truck	delapouite	CC-BY 3.0	svg,png	https://game-icons.net/1x1/delapouite/food-truck.html	curl -O https://game-icons.net/icons/ffffff/000000/1x1/delapouite/food-truck.svg
foot-plaster	delapouite	CC-BY 3.0	svg,png	https://game-icons.net/1x1/delapouite/foot-plaster.html	curl -O https://game-icons.net/icons/ffffff/000000/1x1/delapouite/foot-plaster.svg
footy-field	delapouite	CC-BY 3.0	svg,png	https://game-icons.net/1x1/delapouite/footy-field.html	curl -O https://game-icons.net/icons/ffffff/000000/1x1/delapouite/footy-field.svg
forearm	delapouite	CC-BY 3.0	svg,png	https://game-icons.net/1x1/delapouite/forearm.html	curl -O https://game-icons.net/icons/ffffff/000000/1x1/delapouite/forearm.svg
forest-camp	delapouite	CC-BY 3.0	svg,png	https://game-icons.net/1x1/delapouite/forest-camp.html	curl -O https://game-icons.net/icons/ffffff/000000/1x1/delapouite/forest-camp.svg
forest-entrance	delapouite	CC-BY 3.0	svg,png	https://game-icons.net/1x1/delapouite/forest-entrance.html	curl -O https://game-icons.net/icons/ffffff/000000/1x1/delapouite/forest-entrance.svg
forest	delapouite	CC-BY 3.0	svg,png	https://game-icons.net/1x1/delapouite/forest.html	curl -O https://game-icons.net/icons/ffffff/000000/1x1/delapouite/forest.svg
fork-knife-spoon	delapouite	CC-BY 3.0	svg,png	https://game-icons.net/1x1/delapouite/fork-knife-spoon.html	curl -O https://game-icons.net/icons/ffffff/000000/1x1/delapouite/fork-knife-spoon.svg
forklift	delapouite	CC-BY 3.0	svg,png	https://game-icons.net/1x1/delapouite/forklift.html	curl -O https://game-icons.net/icons/ffffff/000000/1x1/delapouite/forklift.svg
foundry-bucket	delapouite	CC-BY 3.0	svg,png	https://game-icons.net/1x1/delapouite/foundry-bucket.html	curl -O https://game-icons.net/icons/ffffff/000000/1x1/delapouite/foundry-bucket.svg
fox-tail	delapouite	CC-BY 3.0	svg,png	https://game-icons.net/1x1/delapouite/fox-tail.html	curl -O https://game-icons.net/icons/ffffff/000000/1x1/delapouite/fox-tail.svg
france	delapouite	CC-BY 3.0	svg,png	https://game-icons.net/1x1/delapouite/france.html	curl -O https://game-icons.net/icons/ffffff/000000/1x1/delapouite/france.svg
freemasonry	delapouite	CC-BY 3.0	svg,png	https://game-icons.net/1x1/delapouite/freemasonry.html	curl -O https://game-icons.net/icons/ffffff/000000/1x1/delapouite/freemasonry.svg
french-fries	delapouite	CC-BY 3.0	svg,png	https://game-icons.net/1x1/delapouite/french-fries.html	curl -O https://game-icons.net/icons/ffffff/000000/1x1/delapouite/french-fries.svg
fried-eggs	delapouite	CC-BY 3.0	svg,png	https://game-icons.net/1x1/delapouite/fried-eggs.html	curl -O https://game-icons.net/icons/ffffff/000000/1x1/delapouite/fried-eggs.svg
frisbee	delapouite	CC-BY 3.0	svg,png	https://game-icons.net/1x1/delapouite/frisbee.html	curl -O https://game-icons.net/icons/ffffff/000000/1x1/delapouite/frisbee.svg
frog-foot	delapouite	CC-BY 3.0	svg,png	https://game-icons.net/1x1/delapouite/frog-foot.html	curl -O https://game-icons.net/icons/ffffff/000000/1x1/delapouite/frog-foot.svg
frog-prince	delapouite	CC-BY 3.0	svg,png	https://game-icons.net/1x1/delapouite/frog-prince.html	curl -O https://game-icons.net/icons/ffffff/000000/1x1/delapouite/frog-prince.svg
frozen-body	delapouite	CC-BY 3.0	svg,png	https://game-icons.net/1x1/delapouite/frozen-body.html	curl -O https://game-icons.net/icons/ffffff/000000/1x1/delapouite/frozen-body.svg
frozen-ring	delapouite	CC-BY 3.0	svg,png	https://game-icons.net/1x1/delapouite/frozen-ring.html	curl -O https://game-icons.net/icons/ffffff/000000/1x1/delapouite/frozen-ring.svg
fruit-tree	delapouite	CC-BY 3.0	svg,png	https://game-icons.net/1x1/delapouite/fruit-tree.html	curl -O https://game-icons.net/icons/ffffff/000000/1x1/delapouite/fruit-tree.svg
fuel-tank	delapouite	CC-BY 3.0	svg,png	https://game-icons.net/1x1/delapouite/fuel-tank.html	curl -O https://game-icons.net/icons/ffffff/000000/1x1/delapouite/fuel-tank.svg
fuji	delapouite	CC-BY 3.0	svg,png	https://game-icons.net/1x1/delapouite/fuji.html	curl -O https://game-icons.net/icons/ffffff/000000/1x1/delapouite/fuji.svg
full-folder	delapouite	CC-BY 3.0	svg,png	https://game-icons.net/1x1/delapouite/full-folder.html	curl -O https://game-icons.net/icons/ffffff/000000/1x1/delapouite/full-folder.svg
full-metal-bucket-handle	delapouite	CC-BY 3.0	svg,png	https://game-icons.net/1x1/delapouite/full-metal-bucket-handle.html	curl -O https://game-icons.net/icons/ffffff/000000/1x1/delapouite/full-metal-bucket-handle.svg
full-metal-bucket	delapouite	CC-BY 3.0	svg,png	https://game-icons.net/1x1/delapouite/full-metal-bucket.html	curl -O https://game-icons.net/icons/ffffff/000000/1x1/delapouite/full-metal-bucket.svg
full-motorcycle-helmet	delapouite	CC-BY 3.0	svg,png	https://game-icons.net/1x1/delapouite/full-motorcycle-helmet.html	curl -O https://game-icons.net/icons/ffffff/000000/1x1/delapouite/full-motorcycle-helmet.svg
full-pizza	delapouite	CC-BY 3.0	svg,png	https://game-icons.net/1x1/delapouite/full-pizza.html	curl -O https://game-icons.net/icons/ffffff/000000/1x1/delapouite/full-pizza.svg
full-wood-bucket-handle	delapouite	CC-BY 3.0	svg,png	https://game-icons.net/1x1/delapouite/full-wood-bucket-handle.html	curl -O https://game-icons.net/icons/ffffff/000000/1x1/delapouite/full-wood-bucket-handle.svg
full-wood-bucket	delapouite	CC-BY 3.0	svg,png	https://game-icons.net/1x1/delapouite/full-wood-bucket.html	curl -O https://game-icons.net/icons/ffffff/000000/1x1/delapouite/full-wood-bucket.svg
funnel	delapouite	CC-BY 3.0	svg,png	https://game-icons.net/1x1/delapouite/funnel.html	curl -O https://game-icons.net/icons/ffffff/000000/1x1/delapouite/funnel.svg
fur-boot	delapouite	CC-BY 3.0	svg,png	https://game-icons.net/1x1/delapouite/fur-boot.html	curl -O https://game-icons.net/icons/ffffff/000000/1x1/delapouite/fur-boot.svg
fur-shirt	delapouite	CC-BY 3.0	svg,png	https://game-icons.net/1x1/delapouite/fur-shirt.html	curl -O https://game-icons.net/icons/ffffff/000000/1x1/delapouite/fur-shirt.svg
furnace	delapouite	CC-BY 3.0	svg,png	https://game-icons.net/1x1/delapouite/furnace.html	curl -O https://game-icons.net/icons/ffffff/000000/1x1/delapouite/furnace.svg
g-clef	delapouite	CC-BY 3.0	svg,png	https://game-icons.net/1x1/delapouite/g-clef.html	curl -O https://game-icons.net/icons/ffffff/000000/1x1/delapouite/g-clef.svg
galaxy	delapouite	CC-BY 3.0	svg,png	https://game-icons.net/1x1/delapouite/galaxy.html	curl -O https://game-icons.net/icons/ffffff/000000/1x1/delapouite/galaxy.svg
galea	delapouite	CC-BY 3.0	svg,png	https://game-icons.net/1x1/delapouite/galea.html	curl -O https://game-icons.net/icons/ffffff/000000/1x1/delapouite/galea.svg
galley	delapouite	CC-BY 3.0	svg,png	https://game-icons.net/1x1/delapouite/galley.html	curl -O https://game-icons.net/icons/ffffff/000000/1x1/delapouite/galley.svg
game-console	delapouite	CC-BY 3.0	svg,png	https://game-icons.net/1x1/delapouite/game-console.html	curl -O https://game-icons.net/icons/ffffff/000000/1x1/delapouite/game-console.svg
gamepad	delapouite	CC-BY 3.0	svg,png	https://game-icons.net/1x1/delapouite/gamepad.html	curl -O https://game-icons.net/icons/ffffff/000000/1x1/delapouite/gamepad.svg
gardening-shears	delapouite	CC-BY 3.0	svg,png	https://game-icons.net/1x1/delapouite/gardening-shears.html	curl -O https://game-icons.net/icons/ffffff/000000/1x1/delapouite/gardening-shears.svg
gargoyle	delapouite	CC-BY 3.0	svg,png	https://game-icons.net/1x1/delapouite/gargoyle.html	curl -O https://game-icons.net/icons/ffffff/000000/1x1/delapouite/gargoyle.svg
garlic	delapouite	CC-BY 3.0	svg,png	https://game-icons.net/1x1/delapouite/garlic.html	curl -O https://game-icons.net/icons/ffffff/000000/1x1/delapouite/garlic.svg
gas-pump	delapouite	CC-BY 3.0	svg,png	https://game-icons.net/1x1/delapouite/gas-pump.html	curl -O https://game-icons.net/icons/ffffff/000000/1x1/delapouite/gas-pump.svg
gas-stove	delapouite	CC-BY 3.0	svg,png	https://game-icons.net/1x1/delapouite/gas-stove.html	curl -O https://game-icons.net/icons/ffffff/000000/1x1/delapouite/gas-stove.svg
gate	delapouite	CC-BY 3.0	svg,png	https://game-icons.net/1x1/delapouite/gate.html	curl -O https://game-icons.net/icons/ffffff/000000/1x1/delapouite/gate.svg
gauls-helm	delapouite	CC-BY 3.0	svg,png	https://game-icons.net/1x1/delapouite/gauls-helm.html	curl -O https://game-icons.net/icons/ffffff/000000/1x1/delapouite/gauls-helm.svg
gauntlet	delapouite	CC-BY 3.0	svg,png	https://game-icons.net/1x1/delapouite/gauntlet.html	curl -O https://game-icons.net/icons/ffffff/000000/1x1/delapouite/gauntlet.svg
gear-stick-pattern	delapouite	CC-BY 3.0	svg,png	https://game-icons.net/1x1/delapouite/gear-stick-pattern.html	curl -O https://game-icons.net/icons/ffffff/000000/1x1/delapouite/gear-stick-pattern.svg
gear-stick	delapouite	CC-BY 3.0	svg,png	https://game-icons.net/1x1/delapouite/gear-stick.html	curl -O https://game-icons.net/icons/ffffff/000000/1x1/delapouite/gear-stick.svg
gemini	delapouite	CC-BY 3.0	svg,png	https://game-icons.net/1x1/delapouite/gemini.html	curl -O https://game-icons.net/icons/ffffff/000000/1x1/delapouite/gemini.svg
giant-squid	delapouite	CC-BY 3.0	svg,png	https://game-icons.net/1x1/delapouite/giant-squid.html	curl -O https://game-icons.net/icons/ffffff/000000/1x1/delapouite/giant-squid.svg
giant	delapouite	CC-BY 3.0	svg,png	https://game-icons.net/1x1/delapouite/giant.html	curl -O https://game-icons.net/icons/ffffff/000000/1x1/delapouite/giant.svg
gingerbread-man	delapouite	CC-BY 3.0	svg,png	https://game-icons.net/1x1/delapouite/gingerbread-man.html	curl -O https://game-icons.net/icons/ffffff/000000/1x1/delapouite/gingerbread-man.svg
ginkgo-leaf	delapouite	CC-BY 3.0	svg,png	https://game-icons.net/1x1/delapouite/ginkgo-leaf.html	curl -O https://game-icons.net/icons/ffffff/000000/1x1/delapouite/ginkgo-leaf.svg
glaive	delapouite	CC-BY 3.0	svg,png	https://game-icons.net/1x1/delapouite/glaive.html	curl -O https://game-icons.net/icons/ffffff/000000/1x1/delapouite/glaive.svg
glass-ball	delapouite	CC-BY 3.0	svg,png	https://game-icons.net/1x1/delapouite/glass-ball.html	curl -O https://game-icons.net/icons/ffffff/000000/1x1/delapouite/glass-ball.svg
glass-celebration	delapouite	CC-BY 3.0	svg,png	https://game-icons.net/1x1/delapouite/glass-celebration.html	curl -O https://game-icons.net/icons/ffffff/000000/1x1/delapouite/glass-celebration.svg
globe-ring	delapouite	CC-BY 3.0	svg,png	https://game-icons.net/1x1/delapouite/globe-ring.html	curl -O https://game-icons.net/icons/ffffff/000000/1x1/delapouite/globe-ring.svg
gloves	delapouite	CC-BY 3.0	svg,png	https://game-icons.net/1x1/delapouite/gloves.html	curl -O https://game-icons.net/icons/ffffff/000000/1x1/delapouite/gloves.svg
glowing-artifact	delapouite	CC-BY 3.0	svg,png	https://game-icons.net/1x1/delapouite/glowing-artifact.html	curl -O https://game-icons.net/icons/ffffff/000000/1x1/delapouite/glowing-artifact.svg
goal-keeper	delapouite	CC-BY 3.0	svg,png	https://game-icons.net/1x1/delapouite/goal-keeper.html	curl -O https://game-icons.net/icons/ffffff/000000/1x1/delapouite/goal-keeper.svg
goblin-camp	delapouite	CC-BY 3.0	svg,png	https://game-icons.net/1x1/delapouite/goblin-camp.html	curl -O https://game-icons.net/icons/ffffff/000000/1x1/delapouite/goblin-camp.svg
goblin-head	delapouite	CC-BY 3.0	svg,png	https://game-icons.net/1x1/delapouite/goblin-head.html	curl -O https://game-icons.net/icons/ffffff/000000/1x1/delapouite/goblin-head.svg
gold-mine	delapouite	CC-BY 3.0	svg,png	https://game-icons.net/1x1/delapouite/gold-mine.html	curl -O https://game-icons.net/icons/ffffff/000000/1x1/delapouite/gold-mine.svg
gold-nuggets	delapouite	CC-BY 3.0	svg,png	https://game-icons.net/1x1/delapouite/gold-nuggets.html	curl -O https://game-icons.net/icons/ffffff/000000/1x1/delapouite/gold-nuggets.svg
gold-stack	delapouite	CC-BY 3.0	svg,png	https://game-icons.net/1x1/delapouite/gold-stack.html	curl -O https://game-icons.net/icons/ffffff/000000/1x1/delapouite/gold-stack.svg
golem-head	delapouite	CC-BY 3.0	svg,png	https://game-icons.net/1x1/delapouite/golem-head.html	curl -O https://game-icons.net/icons/ffffff/000000/1x1/delapouite/golem-head.svg
golf-flag	delapouite	CC-BY 3.0	svg,png	https://game-icons.net/1x1/delapouite/golf-flag.html	curl -O https://game-icons.net/icons/ffffff/000000/1x1/delapouite/golf-flag.svg
golf-tee	delapouite	CC-BY 3.0	svg,png	https://game-icons.net/1x1/delapouite/golf-tee.html	curl -O https://game-icons.net/icons/ffffff/000000/1x1/delapouite/golf-tee.svg
gong	delapouite	CC-BY 3.0	svg,png	https://game-icons.net/1x1/delapouite/gong.html	curl -O https://game-icons.net/icons/ffffff/000000/1x1/delapouite/gong.svg
goose	delapouite	CC-BY 3.0	svg,png	https://game-icons.net/1x1/delapouite/goose.html	curl -O https://game-icons.net/icons/ffffff/000000/1x1/delapouite/goose.svg
gorilla	delapouite	CC-BY 3.0	svg,png	https://game-icons.net/1x1/delapouite/gorilla.html	curl -O https://game-icons.net/icons/ffffff/000000/1x1/delapouite/gorilla.svg
gps	delapouite	CC-BY 3.0	svg,png	https://game-icons.net/1x1/delapouite/gps.html	curl -O https://game-icons.net/icons/ffffff/000000/1x1/delapouite/gps.svg
graduate-cap	delapouite	CC-BY 3.0	svg,png	https://game-icons.net/1x1/delapouite/graduate-cap.html	curl -O https://game-icons.net/icons/ffffff/000000/1x1/delapouite/graduate-cap.svg
grain-bundle	delapouite	CC-BY 3.0	svg,png	https://game-icons.net/1x1/delapouite/grain-bundle.html	curl -O https://game-icons.net/icons/ffffff/000000/1x1/delapouite/grain-bundle.svg
grain	delapouite	CC-BY 3.0	svg,png	https://game-icons.net/1x1/delapouite/grain.html	curl -O https://game-icons.net/icons/ffffff/000000/1x1/delapouite/grain.svg
granary	delapouite	CC-BY 3.0	svg,png	https://game-icons.net/1x1/delapouite/granary.html	curl -O https://game-icons.net/icons/ffffff/000000/1x1/delapouite/granary.svg
grasping-slug	delapouite	CC-BY 3.0	svg,png	https://game-icons.net/1x1/delapouite/grasping-slug.html	curl -O https://game-icons.net/icons/ffffff/000000/1x1/delapouite/grasping-slug.svg
grass-mushroom	delapouite	CC-BY 3.0	svg,png	https://game-icons.net/1x1/delapouite/grass-mushroom.html	curl -O https://game-icons.net/icons/ffffff/000000/1x1/delapouite/grass-mushroom.svg
grass	delapouite	CC-BY 3.0	svg,png	https://game-icons.net/1x1/delapouite/grass.html	curl -O https://game-icons.net/icons/ffffff/000000/1x1/delapouite/grass.svg
grave-flowers	delapouite	CC-BY 3.0	svg,png	https://game-icons.net/1x1/delapouite/grave-flowers.html	curl -O https://game-icons.net/icons/ffffff/000000/1x1/delapouite/grave-flowers.svg
graveyard	delapouite	CC-BY 3.0	svg,png	https://game-icons.net/1x1/delapouite/graveyard.html	curl -O https://game-icons.net/icons/ffffff/000000/1x1/delapouite/graveyard.svg
gravitation	delapouite	CC-BY 3.0	svg,png	https://game-icons.net/1x1/delapouite/gravitation.html	curl -O https://game-icons.net/icons/ffffff/000000/1x1/delapouite/gravitation.svg
great-pyramid	delapouite	CC-BY 3.0	svg,png	https://game-icons.net/1x1/delapouite/great-pyramid.html	curl -O https://game-icons.net/icons/ffffff/000000/1x1/delapouite/great-pyramid.svg
greaves	delapouite	CC-BY 3.0	svg,png	https://game-icons.net/1x1/delapouite/greaves.html	curl -O https://game-icons.net/icons/ffffff/000000/1x1/delapouite/greaves.svg
greek-sphinx	delapouite	CC-BY 3.0	svg,png	https://game-icons.net/1x1/delapouite/greek-sphinx.html	curl -O https://game-icons.net/icons/ffffff/000000/1x1/delapouite/greek-sphinx.svg
greek-temple	delapouite	CC-BY 3.0	svg,png	https://game-icons.net/1x1/delapouite/greek-temple.html	curl -O https://game-icons.net/icons/ffffff/000000/1x1/delapouite/greek-temple.svg
green-power	delapouite	CC-BY 3.0	svg,png	https://game-icons.net/1x1/delapouite/green-power.html	curl -O https://game-icons.net/icons/ffffff/000000/1x1/delapouite/green-power.svg
greenhouse	delapouite	CC-BY 3.0	svg,png	https://game-icons.net/1x1/delapouite/greenhouse.html	curl -O https://game-icons.net/icons/ffffff/000000/1x1/delapouite/greenhouse.svg
griffin-shield	delapouite	CC-BY 3.0	svg,png	https://game-icons.net/1x1/delapouite/griffin-shield.html	curl -O https://game-icons.net/icons/ffffff/000000/1x1/delapouite/griffin-shield.svg
griffin-symbol	delapouite	CC-BY 3.0	svg,png	https://game-icons.net/1x1/delapouite/griffin-symbol.html	curl -O https://game-icons.net/icons/ffffff/000000/1x1/delapouite/griffin-symbol.svg
growth	delapouite	CC-BY 3.0	svg,png	https://game-icons.net/1x1/delapouite/growth.html	curl -O https://game-icons.net/icons/ffffff/000000/1x1/delapouite/growth.svg
guards	delapouite	CC-BY 3.0	svg,png	https://game-icons.net/1x1/delapouite/guards.html	curl -O https://game-icons.net/icons/ffffff/000000/1x1/delapouite/guards.svg
guatemala	delapouite	CC-BY 3.0	svg,png	https://game-icons.net/1x1/delapouite/guatemala.html	curl -O https://game-icons.net/icons/ffffff/000000/1x1/delapouite/guatemala.svg
guitar-bass-head	delapouite	CC-BY 3.0	svg,png	https://game-icons.net/1x1/delapouite/guitar-bass-head.html	curl -O https://game-icons.net/icons/ffffff/000000/1x1/delapouite/guitar-bass-head.svg
guitar-head	delapouite	CC-BY 3.0	svg,png	https://game-icons.net/1x1/delapouite/guitar-head.html	curl -O https://game-icons.net/icons/ffffff/000000/1x1/delapouite/guitar-head.svg
gun-rose	delapouite	CC-BY 3.0	svg,png	https://game-icons.net/1x1/delapouite/gun-rose.html	curl -O https://game-icons.net/icons/ffffff/000000/1x1/delapouite/gun-rose.svg
gun-stock	delapouite	CC-BY 3.0	svg,png	https://game-icons.net/1x1/delapouite/gun-stock.html	curl -O https://game-icons.net/icons/ffffff/000000/1x1/delapouite/gun-stock.svg
gym-bag	delapouite	CC-BY 3.0	svg,png	https://game-icons.net/1x1/delapouite/gym-bag.html	curl -O https://game-icons.net/icons/ffffff/000000/1x1/delapouite/gym-bag.svg
h2o	delapouite	CC-BY 3.0	svg,png	https://game-icons.net/1x1/delapouite/h2o.html	curl -O https://game-icons.net/icons/ffffff/000000/1x1/delapouite/h2o.svg
habitat-dome	delapouite	CC-BY 3.0	svg,png	https://game-icons.net/1x1/delapouite/habitat-dome.html	curl -O https://game-icons.net/icons/ffffff/000000/1x1/delapouite/habitat-dome.svg
hades-symbol	delapouite	CC-BY 3.0	svg,png	https://game-icons.net/1x1/delapouite/hades-symbol.html	curl -O https://game-icons.net/icons/ffffff/000000/1x1/delapouite/hades-symbol.svg
hair-strands	delapouite	CC-BY 3.0	svg,png	https://game-icons.net/1x1/delapouite/hair-strands.html	curl -O https://game-icons.net/icons/ffffff/000000/1x1/delapouite/hair-strands.svg
half-body-crawling	delapouite	CC-BY 3.0	svg,png	https://game-icons.net/1x1/delapouite/half-body-crawling.html	curl -O https://game-icons.net/icons/ffffff/000000/1x1/delapouite/half-body-crawling.svg
half-dead	delapouite	CC-BY 3.0	svg,png	https://game-icons.net/1x1/delapouite/half-dead.html	curl -O https://game-icons.net/icons/ffffff/000000/1x1/delapouite/half-dead.svg
half-log	delapouite	CC-BY 3.0	svg,png	https://game-icons.net/1x1/delapouite/half-log.html	curl -O https://game-icons.net/icons/ffffff/000000/1x1/delapouite/half-log.svg
hamburger-menu	delapouite	CC-BY 3.0	svg,png	https://game-icons.net/1x1/delapouite/hamburger-menu.html	curl -O https://game-icons.net/icons/ffffff/000000/1x1/delapouite/hamburger-menu.svg
hamburger	delapouite	CC-BY 3.0	svg,png	https://game-icons.net/1x1/delapouite/hamburger.html	curl -O https://game-icons.net/icons/ffffff/000000/1x1/delapouite/hamburger.svg
hammer-break	delapouite	CC-BY 3.0	svg,png	https://game-icons.net/1x1/delapouite/hammer-break.html	curl -O https://game-icons.net/icons/ffffff/000000/1x1/delapouite/hammer-break.svg
hammer-sickle	delapouite	CC-BY 3.0	svg,png	https://game-icons.net/1x1/delapouite/hammer-sickle.html	curl -O https://game-icons.net/icons/ffffff/000000/1x1/delapouite/hammer-sickle.svg
hand-bag	delapouite	CC-BY 3.0	svg,png	https://game-icons.net/1x1/delapouite/hand-bag.html	curl -O https://game-icons.net/icons/ffffff/000000/1x1/delapouite/hand-bag.svg
hand-bandage	delapouite	CC-BY 3.0	svg,png	https://game-icons.net/1x1/delapouite/hand-bandage.html	curl -O https://game-icons.net/icons/ffffff/000000/1x1/delapouite/hand-bandage.svg
hand-grip	delapouite	CC-BY 3.0	svg,png	https://game-icons.net/1x1/delapouite/hand-grip.html	curl -O https://game-icons.net/icons/ffffff/000000/1x1/delapouite/hand-grip.svg
hand-of-god	delapouite	CC-BY 3.0	svg,png	https://game-icons.net/1x1/delapouite/hand-of-god.html	curl -O https://game-icons.net/icons/ffffff/000000/1x1/delapouite/hand-of-god.svg
hand-ok	delapouite	CC-BY 3.0	svg,png	https://game-icons.net/1x1/delapouite/hand-ok.html	curl -O https://game-icons.net/icons/ffffff/000000/1x1/delapouite/hand-ok.svg
hand-saw	delapouite	CC-BY 3.0	svg,png	https://game-icons.net/1x1/delapouite/hand-saw.html	curl -O https://game-icons.net/icons/ffffff/000000/1x1/delapouite/hand-saw.svg
hand-truck	delapouite	CC-BY 3.0	svg,png	https://game-icons.net/1x1/delapouite/hand-truck.html	curl -O https://game-icons.net/icons/ffffff/000000/1x1/delapouite/hand-truck.svg
hand-wing	delapouite	CC-BY 3.0	svg,png	https://game-icons.net/1x1/delapouite/hand-wing.html	curl -O https://game-icons.net/icons/ffffff/000000/1x1/delapouite/hand-wing.svg
handcuffed	delapouite	CC-BY 3.0	svg,png	https://game-icons.net/1x1/delapouite/handcuffed.html	curl -O https://game-icons.net/icons/ffffff/000000/1x1/delapouite/handcuffed.svg
handheld-fan	delapouite	CC-BY 3.0	svg,png	https://game-icons.net/1x1/delapouite/handheld-fan.html	curl -O https://game-icons.net/icons/ffffff/000000/1x1/delapouite/handheld-fan.svg
hang-glider	delapouite	CC-BY 3.0	svg,png	https://game-icons.net/1x1/delapouite/hang-glider.html	curl -O https://game-icons.net/icons/ffffff/000000/1x1/delapouite/hang-glider.svg
hanger	delapouite	CC-BY 3.0	svg,png	https://game-icons.net/1x1/delapouite/hanger.html	curl -O https://game-icons.net/icons/ffffff/000000/1x1/delapouite/hanger.svg
hanging-sign	delapouite	CC-BY 3.0	svg,png	https://game-icons.net/1x1/delapouite/hanging-sign.html	curl -O https://game-icons.net/icons/ffffff/000000/1x1/delapouite/hanging-sign.svg
harbor-dock	delapouite	CC-BY 3.0	svg,png	https://game-icons.net/1x1/delapouite/harbor-dock.html	curl -O https://game-icons.net/icons/ffffff/000000/1x1/delapouite/harbor-dock.svg
harp	delapouite	CC-BY 3.0	svg,png	https://game-icons.net/1x1/delapouite/harp.html	curl -O https://game-icons.net/icons/ffffff/000000/1x1/delapouite/harp.svg
hatchet	delapouite	CC-BY 3.0	svg,png	https://game-icons.net/1x1/delapouite/hatchet.html	curl -O https://game-icons.net/icons/ffffff/000000/1x1/delapouite/hatchet.svg
hazmat-suit	delapouite	CC-BY 3.0	svg,png	https://game-icons.net/1x1/delapouite/hazmat-suit.html	curl -O https://game-icons.net/icons/ffffff/000000/1x1/delapouite/hazmat-suit.svg
headband-knot	delapouite	CC-BY 3.0	svg,png	https://game-icons.net/1x1/delapouite/headband-knot.html	curl -O https://game-icons.net/icons/ffffff/000000/1x1/delapouite/headband-knot.svg
headphones	delapouite	CC-BY 3.0	svg,png	https://game-icons.net/1x1/delapouite/headphones.html	curl -O https://game-icons.net/icons/ffffff/000000/1x1/delapouite/headphones.svg
healing-shield	delapouite	CC-BY 3.0	svg,png	https://game-icons.net/1x1/delapouite/healing-shield.html	curl -O https://game-icons.net/icons/ffffff/000000/1x1/delapouite/healing-shield.svg
healing	delapouite	CC-BY 3.0	svg,png	https://game-icons.net/1x1/delapouite/healing.html	curl -O https://game-icons.net/icons/ffffff/000000/1x1/delapouite/healing.svg
health-capsule	delapouite	CC-BY 3.0	svg,png	https://game-icons.net/1x1/delapouite/health-capsule.html	curl -O https://game-icons.net/icons/ffffff/000000/1x1/delapouite/health-capsule.svg
health-potion	delapouite	CC-BY 3.0	svg,png	https://game-icons.net/1x1/delapouite/health-potion.html	curl -O https://game-icons.net/icons/ffffff/000000/1x1/delapouite/health-potion.svg
heart-armor	delapouite	CC-BY 3.0	svg,png	https://game-icons.net/1x1/delapouite/heart-armor.html	curl -O https://game-icons.net/icons/ffffff/000000/1x1/delapouite/heart-armor.svg
heart-battery	delapouite	CC-BY 3.0	svg,png	https://game-icons.net/1x1/delapouite/heart-battery.html	curl -O https://game-icons.net/icons/ffffff/000000/1x1/delapouite/heart-battery.svg
heart-beats	delapouite	CC-BY 3.0	svg,png	https://game-icons.net/1x1/delapouite/heart-beats.html	curl -O https://game-icons.net/icons/ffffff/000000/1x1/delapouite/heart-beats.svg
heart-earrings	delapouite	CC-BY 3.0	svg,png	https://game-icons.net/1x1/delapouite/heart-earrings.html	curl -O https://game-icons.net/icons/ffffff/000000/1x1/delapouite/heart-earrings.svg
heart-key	delapouite	CC-BY 3.0	svg,png	https://game-icons.net/1x1/delapouite/heart-key.html	curl -O https://game-icons.net/icons/ffffff/000000/1x1/delapouite/heart-key.svg
heart-necklace	delapouite	CC-BY 3.0	svg,png	https://game-icons.net/1x1/delapouite/heart-necklace.html	curl -O https://game-icons.net/icons/ffffff/000000/1x1/delapouite/heart-necklace.svg
heart-shield	delapouite	CC-BY 3.0	svg,png	https://game-icons.net/1x1/delapouite/heart-shield.html	curl -O https://game-icons.net/icons/ffffff/000000/1x1/delapouite/heart-shield.svg
heart-stake	delapouite	CC-BY 3.0	svg,png	https://game-icons.net/1x1/delapouite/heart-stake.html	curl -O https://game-icons.net/icons/ffffff/000000/1x1/delapouite/heart-stake.svg
heart-wings	delapouite	CC-BY 3.0	svg,png	https://game-icons.net/1x1/delapouite/heart-wings.html	curl -O https://game-icons.net/icons/ffffff/000000/1x1/delapouite/heart-wings.svg
heaven-gate	delapouite	CC-BY 3.0	svg,png	https://game-icons.net/1x1/delapouite/heaven-gate.html	curl -O https://game-icons.net/icons/ffffff/000000/1x1/delapouite/heaven-gate.svg
heavy-bullets	delapouite	CC-BY 3.0	svg,png	https://game-icons.net/1x1/delapouite/heavy-bullets.html	curl -O https://game-icons.net/icons/ffffff/000000/1x1/delapouite/heavy-bullets.svg
heavy-collar	delapouite	CC-BY 3.0	svg,png	https://game-icons.net/1x1/delapouite/heavy-collar.html	curl -O https://game-icons.net/icons/ffffff/000000/1x1/delapouite/heavy-collar.svg
hedjet-white-crown	delapouite	CC-BY 3.0	svg,png	https://game-icons.net/1x1/delapouite/hedjet-white-crown.html	curl -O https://game-icons.net/icons/ffffff/000000/1x1/delapouite/hedjet-white-crown.svg
helicoprion	delapouite	CC-BY 3.0	svg,png	https://game-icons.net/1x1/delapouite/helicoprion.html	curl -O https://game-icons.net/icons/ffffff/000000/1x1/delapouite/helicoprion.svg
helicopter-tail	delapouite	CC-BY 3.0	svg,png	https://game-icons.net/1x1/delapouite/helicopter-tail.html	curl -O https://game-icons.net/icons/ffffff/000000/1x1/delapouite/helicopter-tail.svg
helicopter	delapouite	CC-BY 3.0	svg,png	https://game-icons.net/1x1/delapouite/helicopter.html	curl -O https://game-icons.net/icons/ffffff/000000/1x1/delapouite/helicopter.svg
hell-crosses	delapouite	CC-BY 3.0	svg,png	https://game-icons.net/1x1/delapouite/hell-crosses.html	curl -O https://game-icons.net/icons/ffffff/000000/1x1/delapouite/hell-crosses.svg
hemp	delapouite	CC-BY 3.0	svg,png	https://game-icons.net/1x1/delapouite/hemp.html	curl -O https://game-icons.net/icons/ffffff/000000/1x1/delapouite/hemp.svg
heptagram	delapouite	CC-BY 3.0	svg,png	https://game-icons.net/1x1/delapouite/heptagram.html	curl -O https://game-icons.net/icons/ffffff/000000/1x1/delapouite/heptagram.svg
herbs-bundle	delapouite	CC-BY 3.0	svg,png	https://game-icons.net/1x1/delapouite/herbs-bundle.html	curl -O https://game-icons.net/icons/ffffff/000000/1x1/delapouite/herbs-bundle.svg
hexagonal-nut	delapouite	CC-BY 3.0	svg,png	https://game-icons.net/1x1/delapouite/hexagonal-nut.html	curl -O https://game-icons.net/icons/ffffff/000000/1x1/delapouite/hexagonal-nut.svg
hieroglyph-legs	delapouite	CC-BY 3.0	svg,png	https://game-icons.net/1x1/delapouite/hieroglyph-legs.html	curl -O https://game-icons.net/icons/ffffff/000000/1x1/delapouite/hieroglyph-legs.svg
hieroglyph-y	delapouite	CC-BY 3.0	svg,png	https://game-icons.net/1x1/delapouite/hieroglyph-y.html	curl -O https://game-icons.net/icons/ffffff/000000/1x1/delapouite/hieroglyph-y.svg
high-grass	delapouite	CC-BY 3.0	svg,png	https://game-icons.net/1x1/delapouite/high-grass.html	curl -O https://game-icons.net/icons/ffffff/000000/1x1/delapouite/high-grass.svg
high-heel	delapouite	CC-BY 3.0	svg,png	https://game-icons.net/1x1/delapouite/high-heel.html	curl -O https://game-icons.net/icons/ffffff/000000/1x1/delapouite/high-heel.svg
high-kick	delapouite	CC-BY 3.0	svg,png	https://game-icons.net/1x1/delapouite/high-kick.html	curl -O https://game-icons.net/icons/ffffff/000000/1x1/delapouite/high-kick.svg
high-punch	delapouite	CC-BY 3.0	svg,png	https://game-icons.net/1x1/delapouite/high-punch.html	curl -O https://game-icons.net/icons/ffffff/000000/1x1/delapouite/high-punch.svg
high-tide	delapouite	CC-BY 3.0	svg,png	https://game-icons.net/1x1/delapouite/high-tide.html	curl -O https://game-icons.net/icons/ffffff/000000/1x1/delapouite/high-tide.svg
highlighter	delapouite	CC-BY 3.0	svg,png	https://game-icons.net/1x1/delapouite/highlighter.html	curl -O https://game-icons.net/icons/ffffff/000000/1x1/delapouite/highlighter.svg
hiking	delapouite	CC-BY 3.0	svg,png	https://game-icons.net/1x1/delapouite/hiking.html	curl -O https://game-icons.net/icons/ffffff/000000/1x1/delapouite/hiking.svg
hill-conquest	delapouite	CC-BY 3.0	svg,png	https://game-icons.net/1x1/delapouite/hill-conquest.html	curl -O https://game-icons.net/icons/ffffff/000000/1x1/delapouite/hill-conquest.svg
hill-fort	delapouite	CC-BY 3.0	svg,png	https://game-icons.net/1x1/delapouite/hill-fort.html	curl -O https://game-icons.net/icons/ffffff/000000/1x1/delapouite/hill-fort.svg
hills	delapouite	CC-BY 3.0	svg,png	https://game-icons.net/1x1/delapouite/hills.html	curl -O https://game-icons.net/icons/ffffff/000000/1x1/delapouite/hills.svg
histogram	delapouite	CC-BY 3.0	svg,png	https://game-icons.net/1x1/delapouite/histogram.html	curl -O https://game-icons.net/icons/ffffff/000000/1x1/delapouite/histogram.svg
hive-mind	delapouite	CC-BY 3.0	svg,png	https://game-icons.net/1x1/delapouite/hive-mind.html	curl -O https://game-icons.net/icons/ffffff/000000/1x1/delapouite/hive-mind.svg
hobbit-door	delapouite	CC-BY 3.0	svg,png	https://game-icons.net/1x1/delapouite/hobbit-door.html	curl -O https://game-icons.net/icons/ffffff/000000/1x1/delapouite/hobbit-door.svg
hobbit-dwelling	delapouite	CC-BY 3.0	svg,png	https://game-icons.net/1x1/delapouite/hobbit-dwelling.html	curl -O https://game-icons.net/icons/ffffff/000000/1x1/delapouite/hobbit-dwelling.svg
hockey	delapouite	CC-BY 3.0	svg,png	https://game-icons.net/1x1/delapouite/hockey.html	curl -O https://game-icons.net/icons/ffffff/000000/1x1/delapouite/hockey.svg
hole-ladder	delapouite	CC-BY 3.0	svg,png	https://game-icons.net/1x1/delapouite/hole-ladder.html	curl -O https://game-icons.net/icons/ffffff/000000/1x1/delapouite/hole-ladder.svg
hole	delapouite	CC-BY 3.0	svg,png	https://game-icons.net/1x1/delapouite/hole.html	curl -O https://game-icons.net/icons/ffffff/000000/1x1/delapouite/hole.svg
holy-hand-grenade	delapouite	CC-BY 3.0	svg,png	https://game-icons.net/1x1/delapouite/holy-hand-grenade.html	curl -O https://game-icons.net/icons/ffffff/000000/1x1/delapouite/holy-hand-grenade.svg
holy-water	delapouite	CC-BY 3.0	svg,png	https://game-icons.net/1x1/delapouite/holy-water.html	curl -O https://game-icons.net/icons/ffffff/000000/1x1/delapouite/holy-water.svg
home-garage	delapouite	CC-BY 3.0	svg,png	https://game-icons.net/1x1/delapouite/home-garage.html	curl -O https://game-icons.net/icons/ffffff/000000/1x1/delapouite/home-garage.svg
honey-jar	delapouite	CC-BY 3.0	svg,png	https://game-icons.net/1x1/delapouite/honey-jar.html	curl -O https://game-icons.net/icons/ffffff/000000/1x1/delapouite/honey-jar.svg
hoodie	delapouite	CC-BY 3.0	svg,png	https://game-icons.net/1x1/delapouite/hoodie.html	curl -O https://game-icons.net/icons/ffffff/000000/1x1/delapouite/hoodie.svg
hook-swords	delapouite	CC-BY 3.0	svg,png	https://game-icons.net/1x1/delapouite/hook-swords.html	curl -O https://game-icons.net/icons/ffffff/000000/1x1/delapouite/hook-swords.svg
hook	delapouite	CC-BY 3.0	svg,png	https://game-icons.net/1x1/delapouite/hook.html	curl -O https://game-icons.net/icons/ffffff/000000/1x1/delapouite/hook.svg
hops	delapouite	CC-BY 3.0	svg,png	https://game-icons.net/1x1/delapouite/hops.html	curl -O https://game-icons.net/icons/ffffff/000000/1x1/delapouite/hops.svg
horizon-road	delapouite	CC-BY 3.0	svg,png	https://game-icons.net/1x1/delapouite/horizon-road.html	curl -O https://game-icons.net/icons/ffffff/000000/1x1/delapouite/horizon-road.svg
horizontal-flip	delapouite	CC-BY 3.0	svg,png	https://game-icons.net/1x1/delapouite/horizontal-flip.html	curl -O https://game-icons.net/icons/ffffff/000000/1x1/delapouite/horizontal-flip.svg
horned-reptile	delapouite	CC-BY 3.0	svg,png	https://game-icons.net/1x1/delapouite/horned-reptile.html	curl -O https://game-icons.net/icons/ffffff/000000/1x1/delapouite/horned-reptile.svg
horse-head	delapouite	CC-BY 3.0	svg,png	https://game-icons.net/1x1/delapouite/horse-head.html	curl -O https://game-icons.net/icons/ffffff/000000/1x1/delapouite/horse-head.svg
horseshoe	delapouite	CC-BY 3.0	svg,png	https://game-icons.net/1x1/delapouite/horseshoe.html	curl -O https://game-icons.net/icons/ffffff/000000/1x1/delapouite/horseshoe.svg
horus	delapouite	CC-BY 3.0	svg,png	https://game-icons.net/1x1/delapouite/horus.html	curl -O https://game-icons.net/icons/ffffff/000000/1x1/delapouite/horus.svg
hospital	delapouite	CC-BY 3.0	svg,png	https://game-icons.net/1x1/delapouite/hospital.html	curl -O https://game-icons.net/icons/ffffff/000000/1x1/delapouite/hospital.svg
hot-dog	delapouite	CC-BY 3.0	svg,png	https://game-icons.net/1x1/delapouite/hot-dog.html	curl -O https://game-icons.net/icons/ffffff/000000/1x1/delapouite/hot-dog.svg
hot-meal	delapouite	CC-BY 3.0	svg,png	https://game-icons.net/1x1/delapouite/hot-meal.html	curl -O https://game-icons.net/icons/ffffff/000000/1x1/delapouite/hot-meal.svg
house-keys	delapouite	CC-BY 3.0	svg,png	https://game-icons.net/1x1/delapouite/house-keys.html	curl -O https://game-icons.net/icons/ffffff/000000/1x1/delapouite/house-keys.svg
house	delapouite	CC-BY 3.0	svg,png	https://game-icons.net/1x1/delapouite/house.html	curl -O https://game-icons.net/icons/ffffff/000000/1x1/delapouite/house.svg
human-cannonball	delapouite	CC-BY 3.0	svg,png	https://game-icons.net/1x1/delapouite/human-cannonball.html	curl -O https://game-icons.net/icons/ffffff/000000/1x1/delapouite/human-cannonball.svg
human-ear	delapouite	CC-BY 3.0	svg,png	https://game-icons.net/1x1/delapouite/human-ear.html	curl -O https://game-icons.net/icons/ffffff/000000/1x1/delapouite/human-ear.svg
human-pyramid	delapouite	CC-BY 3.0	svg,png	https://game-icons.net/1x1/delapouite/human-pyramid.html	curl -O https://game-icons.net/icons/ffffff/000000/1x1/delapouite/human-pyramid.svg
human-target	delapouite	CC-BY 3.0	svg,png	https://game-icons.net/1x1/delapouite/human-target.html	curl -O https://game-icons.net/icons/ffffff/000000/1x1/delapouite/human-target.svg
hummingbird	delapouite	CC-BY 3.0	svg,png	https://game-icons.net/1x1/delapouite/hummingbird.html	curl -O https://game-icons.net/icons/ffffff/000000/1x1/delapouite/hummingbird.svg
hungary	delapouite	CC-BY 3.0	svg,png	https://game-icons.net/1x1/delapouite/hungary.html	curl -O https://game-icons.net/icons/ffffff/000000/1x1/delapouite/hungary.svg
hunter-eyes	delapouite	CC-BY 3.0	svg,png	https://game-icons.net/1x1/delapouite/hunter-eyes.html	curl -O https://game-icons.net/icons/ffffff/000000/1x1/delapouite/hunter-eyes.svg
hunting-bolas	delapouite	CC-BY 3.0	svg,png	https://game-icons.net/1x1/delapouite/hunting-bolas.html	curl -O https://game-icons.net/icons/ffffff/000000/1x1/delapouite/hunting-bolas.svg
hut	delapouite	CC-BY 3.0	svg,png	https://game-icons.net/1x1/delapouite/hut.html	curl -O https://game-icons.net/icons/ffffff/000000/1x1/delapouite/hut.svg
huts-village	delapouite	CC-BY 3.0	svg,png	https://game-icons.net/1x1/delapouite/huts-village.html	curl -O https://game-icons.net/icons/ffffff/000000/1x1/delapouite/huts-village.svg
i-beam	delapouite	CC-BY 3.0	svg,png	https://game-icons.net/1x1/delapouite/i-beam.html	curl -O https://game-icons.net/icons/ffffff/000000/1x1/delapouite/i-beam.svg
i-brick	delapouite	CC-BY 3.0	svg,png	https://game-icons.net/1x1/delapouite/i-brick.html	curl -O https://game-icons.net/icons/ffffff/000000/1x1/delapouite/i-brick.svg
ibis	delapouite	CC-BY 3.0	svg,png	https://game-icons.net/1x1/delapouite/ibis.html	curl -O https://game-icons.net/icons/ffffff/000000/1x1/delapouite/ibis.svg
icarus	delapouite	CC-BY 3.0	svg,png	https://game-icons.net/1x1/delapouite/icarus.html	curl -O https://game-icons.net/icons/ffffff/000000/1x1/delapouite/icarus.svg
ice-cream-cone	delapouite	CC-BY 3.0	svg,png	https://game-icons.net/1x1/delapouite/ice-cream-cone.html	curl -O https://game-icons.net/icons/ffffff/000000/1x1/delapouite/ice-cream-cone.svg
ice-cream-scoop	delapouite	CC-BY 3.0	svg,png	https://game-icons.net/1x1/delapouite/ice-cream-scoop.html	curl -O https://game-icons.net/icons/ffffff/000000/1x1/delapouite/ice-cream-scoop.svg
ice-cubes	delapouite	CC-BY 3.0	svg,png	https://game-icons.net/1x1/delapouite/ice-cubes.html	curl -O https://game-icons.net/icons/ffffff/000000/1x1/delapouite/ice-cubes.svg
ice-golem	delapouite	CC-BY 3.0	svg,png	https://game-icons.net/1x1/delapouite/ice-golem.html	curl -O https://game-icons.net/icons/ffffff/000000/1x1/delapouite/ice-golem.svg
ice-iris	delapouite	CC-BY 3.0	svg,png	https://game-icons.net/1x1/delapouite/ice-iris.html	curl -O https://game-icons.net/icons/ffffff/000000/1x1/delapouite/ice-iris.svg
ice-pop	delapouite	CC-BY 3.0	svg,png	https://game-icons.net/1x1/delapouite/ice-pop.html	curl -O https://game-icons.net/icons/ffffff/000000/1x1/delapouite/ice-pop.svg
ice-skate	delapouite	CC-BY 3.0	svg,png	https://game-icons.net/1x1/delapouite/ice-skate.html	curl -O https://game-icons.net/icons/ffffff/000000/1x1/delapouite/ice-skate.svg
ice-spell-cast	delapouite	CC-BY 3.0	svg,png	https://game-icons.net/1x1/delapouite/ice-spell-cast.html	curl -O https://game-icons.net/icons/ffffff/000000/1x1/delapouite/ice-spell-cast.svg
iceberg	delapouite	CC-BY 3.0	svg,png	https://game-icons.net/1x1/delapouite/iceberg.html	curl -O https://game-icons.net/icons/ffffff/000000/1x1/delapouite/iceberg.svg
iceland	delapouite	CC-BY 3.0	svg,png	https://game-icons.net/1x1/delapouite/iceland.html	curl -O https://game-icons.net/icons/ffffff/000000/1x1/delapouite/iceland.svg
id-card	delapouite	CC-BY 3.0	svg,png	https://game-icons.net/1x1/delapouite/id-card.html	curl -O https://game-icons.net/icons/ffffff/000000/1x1/delapouite/id-card.svg
idea	delapouite	CC-BY 3.0	svg,png	https://game-icons.net/1x1/delapouite/idea.html	curl -O https://game-icons.net/icons/ffffff/000000/1x1/delapouite/idea.svg
igloo	delapouite	CC-BY 3.0	svg,png	https://game-icons.net/1x1/delapouite/igloo.html	curl -O https://game-icons.net/icons/ffffff/000000/1x1/delapouite/igloo.svg
imperial-crown	delapouite	CC-BY 3.0	svg,png	https://game-icons.net/1x1/delapouite/imperial-crown.html	curl -O https://game-icons.net/icons/ffffff/000000/1x1/delapouite/imperial-crown.svg
inauguration	delapouite	CC-BY 3.0	svg,png	https://game-icons.net/1x1/delapouite/inauguration.html	curl -O https://game-icons.net/icons/ffffff/000000/1x1/delapouite/inauguration.svg
incubator	delapouite	CC-BY 3.0	svg,png	https://game-icons.net/1x1/delapouite/incubator.html	curl -O https://game-icons.net/icons/ffffff/000000/1x1/delapouite/incubator.svg
india-gate	delapouite	CC-BY 3.0	svg,png	https://game-icons.net/1x1/delapouite/india-gate.html	curl -O https://game-icons.net/icons/ffffff/000000/1x1/delapouite/india-gate.svg
indian-palace	delapouite	CC-BY 3.0	svg,png	https://game-icons.net/1x1/delapouite/indian-palace.html	curl -O https://game-icons.net/icons/ffffff/000000/1x1/delapouite/indian-palace.svg
inferno-bomb	delapouite	CC-BY 3.0	svg,png	https://game-icons.net/1x1/delapouite/inferno-bomb.html	curl -O https://game-icons.net/icons/ffffff/000000/1x1/delapouite/inferno-bomb.svg
info	delapouite	CC-BY 3.0	svg,png	https://game-icons.net/1x1/delapouite/info.html	curl -O https://game-icons.net/icons/ffffff/000000/1x1/delapouite/info.svg
injustice	delapouite	CC-BY 3.0	svg,png	https://game-icons.net/1x1/delapouite/injustice.html	curl -O https://game-icons.net/icons/ffffff/000000/1x1/delapouite/injustice.svg
inspiration	delapouite	CC-BY 3.0	svg,png	https://game-icons.net/1x1/delapouite/inspiration.html	curl -O https://game-icons.net/icons/ffffff/000000/1x1/delapouite/inspiration.svg
interceptor-ship	delapouite	CC-BY 3.0	svg,png	https://game-icons.net/1x1/delapouite/interceptor-ship.html	curl -O https://game-icons.net/icons/ffffff/000000/1x1/delapouite/interceptor-ship.svg
intricate-necklace	delapouite	CC-BY 3.0	svg,png	https://game-icons.net/1x1/delapouite/intricate-necklace.html	curl -O https://game-icons.net/icons/ffffff/000000/1x1/delapouite/intricate-necklace.svg
invisible-face	delapouite	CC-BY 3.0	svg,png	https://game-icons.net/1x1/delapouite/invisible-face.html	curl -O https://game-icons.net/icons/ffffff/000000/1x1/delapouite/invisible-face.svg
invisible	delapouite	CC-BY 3.0	svg,png	https://game-icons.net/1x1/delapouite/invisible.html	curl -O https://game-icons.net/icons/ffffff/000000/1x1/delapouite/invisible.svg
ionic-column	delapouite	CC-BY 3.0	svg,png	https://game-icons.net/1x1/delapouite/ionic-column.html	curl -O https://game-icons.net/icons/ffffff/000000/1x1/delapouite/ionic-column.svg
iraq	delapouite	CC-BY 3.0	svg,png	https://game-icons.net/1x1/delapouite/iraq.html	curl -O https://game-icons.net/icons/ffffff/000000/1x1/delapouite/iraq.svg
island	delapouite	CC-BY 3.0	svg,png	https://game-icons.net/1x1/delapouite/island.html	curl -O https://game-icons.net/icons/ffffff/000000/1x1/delapouite/island.svg
italia	delapouite	CC-BY 3.0	svg,png	https://game-icons.net/1x1/delapouite/italia.html	curl -O https://game-icons.net/icons/ffffff/000000/1x1/delapouite/italia.svg
ivory-tusks	delapouite	CC-BY 3.0	svg,png	https://game-icons.net/1x1/delapouite/ivory-tusks.html	curl -O https://game-icons.net/icons/ffffff/000000/1x1/delapouite/ivory-tusks.svg
j-brick	delapouite	CC-BY 3.0	svg,png	https://game-icons.net/1x1/delapouite/j-brick.html	curl -O https://game-icons.net/icons/ffffff/000000/1x1/delapouite/j-brick.svg
jack-plug	delapouite	CC-BY 3.0	svg,png	https://game-icons.net/1x1/delapouite/jack-plug.html	curl -O https://game-icons.net/icons/ffffff/000000/1x1/delapouite/jack-plug.svg
japan	delapouite	CC-BY 3.0	svg,png	https://game-icons.net/1x1/delapouite/japan.html	curl -O https://game-icons.net/icons/ffffff/000000/1x1/delapouite/japan.svg
japanese-bridge	delapouite	CC-BY 3.0	svg,png	https://game-icons.net/1x1/delapouite/japanese-bridge.html	curl -O https://game-icons.net/icons/ffffff/000000/1x1/delapouite/japanese-bridge.svg
jasmine	delapouite	CC-BY 3.0	svg,png	https://game-icons.net/1x1/delapouite/jasmine.html	curl -O https://game-icons.net/icons/ffffff/000000/1x1/delapouite/jasmine.svg
jason-mask	delapouite	CC-BY 3.0	svg,png	https://game-icons.net/1x1/delapouite/jason-mask.html	curl -O https://game-icons.net/icons/ffffff/000000/1x1/delapouite/jason-mask.svg
jawless-cyclop	delapouite	CC-BY 3.0	svg,png	https://game-icons.net/1x1/delapouite/jawless-cyclop.html	curl -O https://game-icons.net/icons/ffffff/000000/1x1/delapouite/jawless-cyclop.svg
jeep	delapouite	CC-BY 3.0	svg,png	https://game-icons.net/1x1/delapouite/jeep.html	curl -O https://game-icons.net/icons/ffffff/000000/1x1/delapouite/jeep.svg
jelly-beans	delapouite	CC-BY 3.0	svg,png	https://game-icons.net/1x1/delapouite/jelly-beans.html	curl -O https://game-icons.net/icons/ffffff/000000/1x1/delapouite/jelly-beans.svg
jelly	delapouite	CC-BY 3.0	svg,png	https://game-icons.net/1x1/delapouite/jelly.html	curl -O https://game-icons.net/icons/ffffff/000000/1x1/delapouite/jelly.svg
jerrycan	delapouite	CC-BY 3.0	svg,png	https://game-icons.net/1x1/delapouite/jerrycan.html	curl -O https://game-icons.net/icons/ffffff/000000/1x1/delapouite/jerrycan.svg
jerusalem-cross	delapouite	CC-BY 3.0	svg,png	https://game-icons.net/1x1/delapouite/jerusalem-cross.html	curl -O https://game-icons.net/icons/ffffff/000000/1x1/delapouite/jerusalem-cross.svg
jester-hat	delapouite	CC-BY 3.0	svg,png	https://game-icons.net/1x1/delapouite/jester-hat.html	curl -O https://game-icons.net/icons/ffffff/000000/1x1/delapouite/jester-hat.svg
jet-fighter	delapouite	CC-BY 3.0	svg,png	https://game-icons.net/1x1/delapouite/jet-fighter.html	curl -O https://game-icons.net/icons/ffffff/000000/1x1/delapouite/jet-fighter.svg
jewel-crown	delapouite	CC-BY 3.0	svg,png	https://game-icons.net/1x1/delapouite/jewel-crown.html	curl -O https://game-icons.net/icons/ffffff/000000/1x1/delapouite/jewel-crown.svg
join	delapouite	CC-BY 3.0	svg,png	https://game-icons.net/1x1/delapouite/join.html	curl -O https://game-icons.net/icons/ffffff/000000/1x1/delapouite/join.svg
joystick	delapouite	CC-BY 3.0	svg,png	https://game-icons.net/1x1/delapouite/joystick.html	curl -O https://game-icons.net/icons/ffffff/000000/1x1/delapouite/joystick.svg
jug	delapouite	CC-BY 3.0	svg,png	https://game-icons.net/1x1/delapouite/jug.html	curl -O https://game-icons.net/icons/ffffff/000000/1x1/delapouite/jug.svg
juggling-clubs	delapouite	CC-BY 3.0	svg,png	https://game-icons.net/1x1/delapouite/juggling-clubs.html	curl -O https://game-icons.net/icons/ffffff/000000/1x1/delapouite/juggling-clubs.svg
juggling-seal	delapouite	CC-BY 3.0	svg,png	https://game-icons.net/1x1/delapouite/juggling-seal.html	curl -O https://game-icons.net/icons/ffffff/000000/1x1/delapouite/juggling-seal.svg
jump-across	delapouite	CC-BY 3.0	svg,png	https://game-icons.net/1x1/delapouite/jump-across.html	curl -O https://game-icons.net/icons/ffffff/000000/1x1/delapouite/jump-across.svg
jumping-dog	delapouite	CC-BY 3.0	svg,png	https://game-icons.net/1x1/delapouite/jumping-dog.html	curl -O https://game-icons.net/icons/ffffff/000000/1x1/delapouite/jumping-dog.svg
jumping-rope	delapouite	CC-BY 3.0	svg,png	https://game-icons.net/1x1/delapouite/jumping-rope.html	curl -O https://game-icons.net/icons/ffffff/000000/1x1/delapouite/jumping-rope.svg
jungle	delapouite	CC-BY 3.0	svg,png	https://game-icons.net/1x1/delapouite/jungle.html	curl -O https://game-icons.net/icons/ffffff/000000/1x1/delapouite/jungle.svg
jupiter	delapouite	CC-BY 3.0	svg,png	https://game-icons.net/1x1/delapouite/jupiter.html	curl -O https://game-icons.net/icons/ffffff/000000/1x1/delapouite/jupiter.svg
kangaroo	delapouite	CC-BY 3.0	svg,png	https://game-icons.net/1x1/delapouite/kangaroo.html	curl -O https://game-icons.net/icons/ffffff/000000/1x1/delapouite/kangaroo.svg
katana	delapouite	CC-BY 3.0	svg,png	https://game-icons.net/1x1/delapouite/katana.html	curl -O https://game-icons.net/icons/ffffff/000000/1x1/delapouite/katana.svg
kebab-spit	delapouite	CC-BY 3.0	svg,png	https://game-icons.net/1x1/delapouite/kebab-spit.html	curl -O https://game-icons.net/icons/ffffff/000000/1x1/delapouite/kebab-spit.svg
kenku-head	delapouite	CC-BY 3.0	svg,png	https://game-icons.net/1x1/delapouite/kenku-head.html	curl -O https://game-icons.net/icons/ffffff/000000/1x1/delapouite/kenku-head.svg
kenya	delapouite	CC-BY 3.0	svg,png	https://game-icons.net/1x1/delapouite/kenya.html	curl -O https://game-icons.net/icons/ffffff/000000/1x1/delapouite/kenya.svg
ketchup	delapouite	CC-BY 3.0	svg,png	https://game-icons.net/1x1/delapouite/ketchup.html	curl -O https://game-icons.net/icons/ffffff/000000/1x1/delapouite/ketchup.svg
key-card	delapouite	CC-BY 3.0	svg,png	https://game-icons.net/1x1/delapouite/key-card.html	curl -O https://game-icons.net/icons/ffffff/000000/1x1/delapouite/key-card.svg
key-lock	delapouite	CC-BY 3.0	svg,png	https://game-icons.net/1x1/delapouite/key-lock.html	curl -O https://game-icons.net/icons/ffffff/000000/1x1/delapouite/key-lock.svg
keyboard	delapouite	CC-BY 3.0	svg,png	https://game-icons.net/1x1/delapouite/keyboard.html	curl -O https://game-icons.net/icons/ffffff/000000/1x1/delapouite/keyboard.svg
keyring	delapouite	CC-BY 3.0	svg,png	https://game-icons.net/1x1/delapouite/keyring.html	curl -O https://game-icons.net/icons/ffffff/000000/1x1/delapouite/keyring.svg
kick-scooter	delapouite	CC-BY 3.0	svg,png	https://game-icons.net/1x1/delapouite/kick-scooter.html	curl -O https://game-icons.net/icons/ffffff/000000/1x1/delapouite/kick-scooter.svg
kid-slide	delapouite	CC-BY 3.0	svg,png	https://game-icons.net/1x1/delapouite/kid-slide.html	curl -O https://game-icons.net/icons/ffffff/000000/1x1/delapouite/kid-slide.svg
kidneys	delapouite	CC-BY 3.0	svg,png	https://game-icons.net/1x1/delapouite/kidneys.html	curl -O https://game-icons.net/icons/ffffff/000000/1x1/delapouite/kidneys.svg
kimono	delapouite	CC-BY 3.0	svg,png	https://game-icons.net/1x1/delapouite/kimono.html	curl -O https://game-icons.net/icons/ffffff/000000/1x1/delapouite/kimono.svg
king-ju-mask	delapouite	CC-BY 3.0	svg,png	https://game-icons.net/1x1/delapouite/king-ju-mask.html	curl -O https://game-icons.net/icons/ffffff/000000/1x1/delapouite/king-ju-mask.svg
kitchen-scale	delapouite	CC-BY 3.0	svg,png	https://game-icons.net/1x1/delapouite/kitchen-scale.html	curl -O https://game-icons.net/icons/ffffff/000000/1x1/delapouite/kitchen-scale.svg
kitchen-tap	delapouite	CC-BY 3.0	svg,png	https://game-icons.net/1x1/delapouite/kitchen-tap.html	curl -O https://game-icons.net/icons/ffffff/000000/1x1/delapouite/kitchen-tap.svg
kite	delapouite	CC-BY 3.0	svg,png	https://game-icons.net/1x1/delapouite/kite.html	curl -O https://game-icons.net/icons/ffffff/000000/1x1/delapouite/kite.svg
kiwi-bird	delapouite	CC-BY 3.0	svg,png	https://game-icons.net/1x1/delapouite/kiwi-bird.html	curl -O https://game-icons.net/icons/ffffff/000000/1x1/delapouite/kiwi-bird.svg
kiwi-fruit	delapouite	CC-BY 3.0	svg,png	https://game-icons.net/1x1/delapouite/kiwi-fruit.html	curl -O https://game-icons.net/icons/ffffff/000000/1x1/delapouite/kiwi-fruit.svg
klingon	delapouite	CC-BY 3.0	svg,png	https://game-icons.net/1x1/delapouite/klingon.html	curl -O https://game-icons.net/icons/ffffff/000000/1x1/delapouite/klingon.svg
knee-bandage	delapouite	CC-BY 3.0	svg,png	https://game-icons.net/1x1/delapouite/knee-bandage.html	curl -O https://game-icons.net/icons/ffffff/000000/1x1/delapouite/knee-bandage.svg
knee-cap	delapouite	CC-BY 3.0	svg,png	https://game-icons.net/1x1/delapouite/knee-cap.html	curl -O https://game-icons.net/icons/ffffff/000000/1x1/delapouite/knee-cap.svg
knee-pad	delapouite	CC-BY 3.0	svg,png	https://game-icons.net/1x1/delapouite/knee-pad.html	curl -O https://game-icons.net/icons/ffffff/000000/1x1/delapouite/knee-pad.svg
kneeling	delapouite	CC-BY 3.0	svg,png	https://game-icons.net/1x1/delapouite/kneeling.html	curl -O https://game-icons.net/icons/ffffff/000000/1x1/delapouite/kneeling.svg
knight-banner	delapouite	CC-BY 3.0	svg,png	https://game-icons.net/1x1/delapouite/knight-banner.html	curl -O https://game-icons.net/icons/ffffff/000000/1x1/delapouite/knight-banner.svg
knocked-out-stars	delapouite	CC-BY 3.0	svg,png	https://game-icons.net/1x1/delapouite/knocked-out-stars.html	curl -O https://game-icons.net/icons/ffffff/000000/1x1/delapouite/knocked-out-stars.svg
knot	delapouite	CC-BY 3.0	svg,png	https://game-icons.net/1x1/delapouite/knot.html	curl -O https://game-icons.net/icons/ffffff/000000/1x1/delapouite/knot.svg
koala	delapouite	CC-BY 3.0	svg,png	https://game-icons.net/1x1/delapouite/koala.html	curl -O https://game-icons.net/icons/ffffff/000000/1x1/delapouite/koala.svg
koholint-egg	delapouite	CC-BY 3.0	svg,png	https://game-icons.net/1x1/delapouite/koholint-egg.html	curl -O https://game-icons.net/icons/ffffff/000000/1x1/delapouite/koholint-egg.svg
kraken-tentacle	delapouite	CC-BY 3.0	svg,png	https://game-icons.net/1x1/delapouite/kraken-tentacle.html	curl -O https://game-icons.net/icons/ffffff/000000/1x1/delapouite/kraken-tentacle.svg
l-brick	delapouite	CC-BY 3.0	svg,png	https://game-icons.net/1x1/delapouite/l-brick.html	curl -O https://game-icons.net/icons/ffffff/000000/1x1/delapouite/l-brick.svg
lab-coat	delapouite	CC-BY 3.0	svg,png	https://game-icons.net/1x1/delapouite/lab-coat.html	curl -O https://game-icons.net/icons/ffffff/000000/1x1/delapouite/lab-coat.svg
labrador-head	delapouite	CC-BY 3.0	svg,png	https://game-icons.net/1x1/delapouite/labrador-head.html	curl -O https://game-icons.net/icons/ffffff/000000/1x1/delapouite/labrador-head.svg
ladder	delapouite	CC-BY 3.0	svg,png	https://game-icons.net/1x1/delapouite/ladder.html	curl -O https://game-icons.net/icons/ffffff/000000/1x1/delapouite/ladder.svg
ladders-platform	delapouite	CC-BY 3.0	svg,png	https://game-icons.net/1x1/delapouite/ladders-platform.html	curl -O https://game-icons.net/icons/ffffff/000000/1x1/delapouite/ladders-platform.svg
ladle	delapouite	CC-BY 3.0	svg,png	https://game-icons.net/1x1/delapouite/ladle.html	curl -O https://game-icons.net/icons/ffffff/000000/1x1/delapouite/ladle.svg
ladybug	delapouite	CC-BY 3.0	svg,png	https://game-icons.net/1x1/delapouite/ladybug.html	curl -O https://game-icons.net/icons/ffffff/000000/1x1/delapouite/ladybug.svg
lambda	delapouite	CC-BY 3.0	svg,png	https://game-icons.net/1x1/delapouite/lambda.html	curl -O https://game-icons.net/icons/ffffff/000000/1x1/delapouite/lambda.svg
laptop	delapouite	CC-BY 3.0	svg,png	https://game-icons.net/1x1/delapouite/laptop.html	curl -O https://game-icons.net/icons/ffffff/000000/1x1/delapouite/laptop.svg
large-dress	delapouite	CC-BY 3.0	svg,png	https://game-icons.net/1x1/delapouite/large-dress.html	curl -O https://game-icons.net/icons/ffffff/000000/1x1/delapouite/large-dress.svg
large-paint-brush	delapouite	CC-BY 3.0	svg,png	https://game-icons.net/1x1/delapouite/large-paint-brush.html	curl -O https://game-icons.net/icons/ffffff/000000/1x1/delapouite/large-paint-brush.svg
laser-turret	delapouite	CC-BY 3.0	svg,png	https://game-icons.net/1x1/delapouite/laser-turret.html	curl -O https://game-icons.net/icons/ffffff/000000/1x1/delapouite/laser-turret.svg
lasso	delapouite	CC-BY 3.0	svg,png	https://game-icons.net/1x1/delapouite/lasso.html	curl -O https://game-icons.net/icons/ffffff/000000/1x1/delapouite/lasso.svg
latvia	delapouite	CC-BY 3.0	svg,png	https://game-icons.net/1x1/delapouite/latvia.html	curl -O https://game-icons.net/icons/ffffff/000000/1x1/delapouite/latvia.svg
laurels-trophy	delapouite	CC-BY 3.0	svg,png	https://game-icons.net/1x1/delapouite/laurels-trophy.html	curl -O https://game-icons.net/icons/ffffff/000000/1x1/delapouite/laurels-trophy.svg
lead-pipe	delapouite	CC-BY 3.0	svg,png	https://game-icons.net/1x1/delapouite/lead-pipe.html	curl -O https://game-icons.net/icons/ffffff/000000/1x1/delapouite/lead-pipe.svg
leak	delapouite	CC-BY 3.0	svg,png	https://game-icons.net/1x1/delapouite/leak.html	curl -O https://game-icons.net/icons/ffffff/000000/1x1/delapouite/leak.svg
leapfrog	delapouite	CC-BY 3.0	svg,png	https://game-icons.net/1x1/delapouite/leapfrog.html	curl -O https://game-icons.net/icons/ffffff/000000/1x1/delapouite/leapfrog.svg
leather-armor	delapouite	CC-BY 3.0	svg,png	https://game-icons.net/1x1/delapouite/leather-armor.html	curl -O https://game-icons.net/icons/ffffff/000000/1x1/delapouite/leather-armor.svg
led	delapouite	CC-BY 3.0	svg,png	https://game-icons.net/1x1/delapouite/led.html	curl -O https://game-icons.net/icons/ffffff/000000/1x1/delapouite/led.svg
leek	delapouite	CC-BY 3.0	svg,png	https://game-icons.net/1x1/delapouite/leek.html	curl -O https://game-icons.net/icons/ffffff/000000/1x1/delapouite/leek.svg
leg-armor	delapouite	CC-BY 3.0	svg,png	https://game-icons.net/1x1/delapouite/leg-armor.html	curl -O https://game-icons.net/icons/ffffff/000000/1x1/delapouite/leg-armor.svg
leg	delapouite	CC-BY 3.0	svg,png	https://game-icons.net/1x1/delapouite/leg.html	curl -O https://game-icons.net/icons/ffffff/000000/1x1/delapouite/leg.svg
lemon	delapouite	CC-BY 3.0	svg,png	https://game-icons.net/1x1/delapouite/lemon.html	curl -O https://game-icons.net/icons/ffffff/000000/1x1/delapouite/lemon.svg
leo	delapouite	CC-BY 3.0	svg,png	https://game-icons.net/1x1/delapouite/leo.html	curl -O https://game-icons.net/icons/ffffff/000000/1x1/delapouite/leo.svg
level-crossing	delapouite	CC-BY 3.0	svg,png	https://game-icons.net/1x1/delapouite/level-crossing.html	curl -O https://game-icons.net/icons/ffffff/000000/1x1/delapouite/level-crossing.svg
level-end-flag	delapouite	CC-BY 3.0	svg,png	https://game-icons.net/1x1/delapouite/level-end-flag.html	curl -O https://game-icons.net/icons/ffffff/000000/1x1/delapouite/level-end-flag.svg
liar	delapouite	CC-BY 3.0	svg,png	https://game-icons.net/1x1/delapouite/liar.html	curl -O https://game-icons.net/icons/ffffff/000000/1x1/delapouite/liar.svg
liberty-wing	delapouite	CC-BY 3.0	svg,png	https://game-icons.net/1x1/delapouite/liberty-wing.html	curl -O https://game-icons.net/icons/ffffff/000000/1x1/delapouite/liberty-wing.svg
libra	delapouite	CC-BY 3.0	svg,png	https://game-icons.net/1x1/delapouite/libra.html	curl -O https://game-icons.net/icons/ffffff/000000/1x1/delapouite/libra.svg
libya	delapouite	CC-BY 3.0	svg,png	https://game-icons.net/1x1/delapouite/libya.html	curl -O https://game-icons.net/icons/ffffff/000000/1x1/delapouite/libya.svg
life-bar	delapouite	CC-BY 3.0	svg,png	https://game-icons.net/1x1/delapouite/life-bar.html	curl -O https://game-icons.net/icons/ffffff/000000/1x1/delapouite/life-bar.svg
life-buoy	delapouite	CC-BY 3.0	svg,png	https://game-icons.net/1x1/delapouite/life-buoy.html	curl -O https://game-icons.net/icons/ffffff/000000/1x1/delapouite/life-buoy.svg
life-jacket	delapouite	CC-BY 3.0	svg,png	https://game-icons.net/1x1/delapouite/life-jacket.html	curl -O https://game-icons.net/icons/ffffff/000000/1x1/delapouite/life-jacket.svg
light-backpack	delapouite	CC-BY 3.0	svg,png	https://game-icons.net/1x1/delapouite/light-backpack.html	curl -O https://game-icons.net/icons/ffffff/000000/1x1/delapouite/light-backpack.svg
light-helm	delapouite	CC-BY 3.0	svg,png	https://game-icons.net/1x1/delapouite/light-helm.html	curl -O https://game-icons.net/icons/ffffff/000000/1x1/delapouite/light-helm.svg
light-projector	delapouite	CC-BY 3.0	svg,png	https://game-icons.net/1x1/delapouite/light-projector.html	curl -O https://game-icons.net/icons/ffffff/000000/1x1/delapouite/light-projector.svg
light-sabers	delapouite	CC-BY 3.0	svg,png	https://game-icons.net/1x1/delapouite/light-sabers.html	curl -O https://game-icons.net/icons/ffffff/000000/1x1/delapouite/light-sabers.svg
lighter	delapouite	CC-BY 3.0	svg,png	https://game-icons.net/1x1/delapouite/lighter.html	curl -O https://game-icons.net/icons/ffffff/000000/1x1/delapouite/lighter.svg
lighthouse	delapouite	CC-BY 3.0	svg,png	https://game-icons.net/1x1/delapouite/lighthouse.html	curl -O https://game-icons.net/icons/ffffff/000000/1x1/delapouite/lighthouse.svg
lightning-dome	delapouite	CC-BY 3.0	svg,png	https://game-icons.net/1x1/delapouite/lightning-dome.html	curl -O https://game-icons.net/icons/ffffff/000000/1x1/delapouite/lightning-dome.svg
lightning-flame	delapouite	CC-BY 3.0	svg,png	https://game-icons.net/1x1/delapouite/lightning-flame.html	curl -O https://game-icons.net/icons/ffffff/000000/1x1/delapouite/lightning-flame.svg
lily-pads	delapouite	CC-BY 3.0	svg,png	https://game-icons.net/1x1/delapouite/lily-pads.html	curl -O https://game-icons.net/icons/ffffff/000000/1x1/delapouite/lily-pads.svg
lipstick	delapouite	CC-BY 3.0	svg,png	https://game-icons.net/1x1/delapouite/lipstick.html	curl -O https://game-icons.net/icons/ffffff/000000/1x1/delapouite/lipstick.svg
liquid-soap	delapouite	CC-BY 3.0	svg,png	https://game-icons.net/1x1/delapouite/liquid-soap.html	curl -O https://game-icons.net/icons/ffffff/000000/1x1/delapouite/liquid-soap.svg
liver	delapouite	CC-BY 3.0	svg,png	https://game-icons.net/1x1/delapouite/liver.html	curl -O https://game-icons.net/icons/ffffff/000000/1x1/delapouite/liver.svg
load	delapouite	CC-BY 3.0	svg,png	https://game-icons.net/1x1/delapouite/load.html	curl -O https://game-icons.net/icons/ffffff/000000/1x1/delapouite/load.svg
lock-picking	delapouite	CC-BY 3.0	svg,png	https://game-icons.net/1x1/delapouite/lock-picking.html	curl -O https://game-icons.net/icons/ffffff/000000/1x1/delapouite/lock-picking.svg
lock-spy	delapouite	CC-BY 3.0	svg,png	https://game-icons.net/1x1/delapouite/lock-spy.html	curl -O https://game-icons.net/icons/ffffff/000000/1x1/delapouite/lock-spy.svg
locked-box	delapouite	CC-BY 3.0	svg,png	https://game-icons.net/1x1/delapouite/locked-box.html	curl -O https://game-icons.net/icons/ffffff/000000/1x1/delapouite/locked-box.svg
locked-door	delapouite	CC-BY 3.0	svg,png	https://game-icons.net/1x1/delapouite/locked-door.html	curl -O https://game-icons.net/icons/ffffff/000000/1x1/delapouite/locked-door.svg
locked-heart	delapouite	CC-BY 3.0	svg,png	https://game-icons.net/1x1/delapouite/locked-heart.html	curl -O https://game-icons.net/icons/ffffff/000000/1x1/delapouite/locked-heart.svg
lockers	delapouite	CC-BY 3.0	svg,png	https://game-icons.net/1x1/delapouite/lockers.html	curl -O https://game-icons.net/icons/ffffff/000000/1x1/delapouite/lockers.svg
lockpicks	delapouite	CC-BY 3.0	svg,png	https://game-icons.net/1x1/delapouite/lockpicks.html	curl -O https://game-icons.net/icons/ffffff/000000/1x1/delapouite/lockpicks.svg
log	delapouite	CC-BY 3.0	svg,png	https://game-icons.net/1x1/delapouite/log.html	curl -O https://game-icons.net/icons/ffffff/000000/1x1/delapouite/log.svg
logic-gate-and	delapouite	CC-BY 3.0	svg,png	https://game-icons.net/1x1/delapouite/logic-gate-and.html	curl -O https://game-icons.net/icons/ffffff/000000/1x1/delapouite/logic-gate-and.svg
logic-gate-nand	delapouite	CC-BY 3.0	svg,png	https://game-icons.net/1x1/delapouite/logic-gate-nand.html	curl -O https://game-icons.net/icons/ffffff/000000/1x1/delapouite/logic-gate-nand.svg
logic-gate-nor	delapouite	CC-BY 3.0	svg,png	https://game-icons.net/1x1/delapouite/logic-gate-nor.html	curl -O https://game-icons.net/icons/ffffff/000000/1x1/delapouite/logic-gate-nor.svg
logic-gate-not	delapouite	CC-BY 3.0	svg,png	https://game-icons.net/1x1/delapouite/logic-gate-not.html	curl -O https://game-icons.net/icons/ffffff/000000/1x1/delapouite/logic-gate-not.svg
logic-gate-nxor	delapouite	CC-BY 3.0	svg,png	https://game-icons.net/1x1/delapouite/logic-gate-nxor.html	curl -O https://game-icons.net/icons/ffffff/000000/1x1/delapouite/logic-gate-nxor.svg
logic-gate-or	delapouite	CC-BY 3.0	svg,png	https://game-icons.net/1x1/delapouite/logic-gate-or.html	curl -O https://game-icons.net/icons/ffffff/000000/1x1/delapouite/logic-gate-or.svg
logic-gate-xor	delapouite	CC-BY 3.0	svg,png	https://game-icons.net/1x1/delapouite/logic-gate-xor.html	curl -O https://game-icons.net/icons/ffffff/000000/1x1/delapouite/logic-gate-xor.svg
loincloth	delapouite	CC-BY 3.0	svg,png	https://game-icons.net/1x1/delapouite/loincloth.html	curl -O https://game-icons.net/icons/ffffff/000000/1x1/delapouite/loincloth.svg
look-at	delapouite	CC-BY 3.0	svg,png	https://game-icons.net/1x1/delapouite/look-at.html	curl -O https://game-icons.net/icons/ffffff/000000/1x1/delapouite/look-at.svg
lorgnette	delapouite	CC-BY 3.0	svg,png	https://game-icons.net/1x1/delapouite/lorgnette.html	curl -O https://game-icons.net/icons/ffffff/000000/1x1/delapouite/lorgnette.svg
louvre-pyramid	delapouite	CC-BY 3.0	svg,png	https://game-icons.net/1x1/delapouite/louvre-pyramid.html	curl -O https://game-icons.net/icons/ffffff/000000/1x1/delapouite/louvre-pyramid.svg
love-letter	delapouite	CC-BY 3.0	svg,png	https://game-icons.net/1x1/delapouite/love-letter.html	curl -O https://game-icons.net/icons/ffffff/000000/1x1/delapouite/love-letter.svg
love-mystery	delapouite	CC-BY 3.0	svg,png	https://game-icons.net/1x1/delapouite/love-mystery.html	curl -O https://game-icons.net/icons/ffffff/000000/1x1/delapouite/love-mystery.svg
lovers	delapouite	CC-BY 3.0	svg,png	https://game-icons.net/1x1/delapouite/lovers.html	curl -O https://game-icons.net/icons/ffffff/000000/1x1/delapouite/lovers.svg
low-tide	delapouite	CC-BY 3.0	svg,png	https://game-icons.net/1x1/delapouite/low-tide.html	curl -O https://game-icons.net/icons/ffffff/000000/1x1/delapouite/low-tide.svg
luchador	delapouite	CC-BY 3.0	svg,png	https://game-icons.net/1x1/delapouite/luchador.html	curl -O https://game-icons.net/icons/ffffff/000000/1x1/delapouite/luchador.svg
lucky-fisherman	delapouite	CC-BY 3.0	svg,png	https://game-icons.net/1x1/delapouite/lucky-fisherman.html	curl -O https://game-icons.net/icons/ffffff/000000/1x1/delapouite/lucky-fisherman.svg
lunar-module	delapouite	CC-BY 3.0	svg,png	https://game-icons.net/1x1/delapouite/lunar-module.html	curl -O https://game-icons.net/icons/ffffff/000000/1x1/delapouite/lunar-module.svg
lunar-wand	delapouite	CC-BY 3.0	svg,png	https://game-icons.net/1x1/delapouite/lunar-wand.html	curl -O https://game-icons.net/icons/ffffff/000000/1x1/delapouite/lunar-wand.svg
lungs	delapouite	CC-BY 3.0	svg,png	https://game-icons.net/1x1/delapouite/lungs.html	curl -O https://game-icons.net/icons/ffffff/000000/1x1/delapouite/lungs.svg
lynx-head	delapouite	CC-BY 3.0	svg,png	https://game-icons.net/1x1/delapouite/lynx-head.html	curl -O https://game-icons.net/icons/ffffff/000000/1x1/delapouite/lynx-head.svg
machine-gun-magazine	delapouite	CC-BY 3.0	svg,png	https://game-icons.net/1x1/delapouite/machine-gun-magazine.html	curl -O https://game-icons.net/icons/ffffff/000000/1x1/delapouite/machine-gun-magazine.svg
magic-axe	delapouite	CC-BY 3.0	svg,png	https://game-icons.net/1x1/delapouite/magic-axe.html	curl -O https://game-icons.net/icons/ffffff/000000/1x1/delapouite/magic-axe.svg
magic-broom	delapouite	CC-BY 3.0	svg,png	https://game-icons.net/1x1/delapouite/magic-broom.html	curl -O https://game-icons.net/icons/ffffff/000000/1x1/delapouite/magic-broom.svg
magic-hat	delapouite	CC-BY 3.0	svg,png	https://game-icons.net/1x1/delapouite/magic-hat.html	curl -O https://game-icons.net/icons/ffffff/000000/1x1/delapouite/magic-hat.svg
magic-potion	delapouite	CC-BY 3.0	svg,png	https://game-icons.net/1x1/delapouite/magic-potion.html	curl -O https://game-icons.net/icons/ffffff/000000/1x1/delapouite/magic-potion.svg
magic-trident	delapouite	CC-BY 3.0	svg,png	https://game-icons.net/1x1/delapouite/magic-trident.html	curl -O https://game-icons.net/icons/ffffff/000000/1x1/delapouite/magic-trident.svg
magick-trick	delapouite	CC-BY 3.0	svg,png	https://game-icons.net/1x1/delapouite/magick-trick.html	curl -O https://game-icons.net/icons/ffffff/000000/1x1/delapouite/magick-trick.svg
magnet-man	delapouite	CC-BY 3.0	svg,png	https://game-icons.net/1x1/delapouite/magnet-man.html	curl -O https://game-icons.net/icons/ffffff/000000/1x1/delapouite/magnet-man.svg
mailbox	delapouite	CC-BY 3.0	svg,png	https://game-icons.net/1x1/delapouite/mailbox.html	curl -O https://game-icons.net/icons/ffffff/000000/1x1/delapouite/mailbox.svg
male	delapouite	CC-BY 3.0	svg,png	https://game-icons.net/1x1/delapouite/male.html	curl -O https://game-icons.net/icons/ffffff/000000/1x1/delapouite/male.svg
mammoth	delapouite	CC-BY 3.0	svg,png	https://game-icons.net/1x1/delapouite/mammoth.html	curl -O https://game-icons.net/icons/ffffff/000000/1x1/delapouite/mammoth.svg
mandrill-head	delapouite	CC-BY 3.0	svg,png	https://game-icons.net/1x1/delapouite/mandrill-head.html	curl -O https://game-icons.net/icons/ffffff/000000/1x1/delapouite/mandrill-head.svg
manta-ray	delapouite	CC-BY 3.0	svg,png	https://game-icons.net/1x1/delapouite/manta-ray.html	curl -O https://game-icons.net/icons/ffffff/000000/1x1/delapouite/manta-ray.svg
manual-juicer	delapouite	CC-BY 3.0	svg,png	https://game-icons.net/1x1/delapouite/manual-juicer.html	curl -O https://game-icons.net/icons/ffffff/000000/1x1/delapouite/manual-juicer.svg
manual-meat-grinder	delapouite	CC-BY 3.0	svg,png	https://game-icons.net/1x1/delapouite/manual-meat-grinder.html	curl -O https://game-icons.net/icons/ffffff/000000/1x1/delapouite/manual-meat-grinder.svg
manual-water-pump	delapouite	CC-BY 3.0	svg,png	https://game-icons.net/1x1/delapouite/manual-water-pump.html	curl -O https://game-icons.net/icons/ffffff/000000/1x1/delapouite/manual-water-pump.svg
maracas	delapouite	CC-BY 3.0	svg,png	https://game-icons.net/1x1/delapouite/maracas.html	curl -O https://game-icons.net/icons/ffffff/000000/1x1/delapouite/maracas.svg
marble-tap	delapouite	CC-BY 3.0	svg,png	https://game-icons.net/1x1/delapouite/marble-tap.html	curl -O https://game-icons.net/icons/ffffff/000000/1x1/delapouite/marble-tap.svg
marbles	delapouite	CC-BY 3.0	svg,png	https://game-icons.net/1x1/delapouite/marbles.html	curl -O https://game-icons.net/icons/ffffff/000000/1x1/delapouite/marbles.svg
mars-curiosity	delapouite	CC-BY 3.0	svg,png	https://game-icons.net/1x1/delapouite/mars-curiosity.html	curl -O https://game-icons.net/icons/ffffff/000000/1x1/delapouite/mars-curiosity.svg
mars-pathfinder	delapouite	CC-BY 3.0	svg,png	https://game-icons.net/1x1/delapouite/mars-pathfinder.html	curl -O https://game-icons.net/icons/ffffff/000000/1x1/delapouite/mars-pathfinder.svg
marshmallows	delapouite	CC-BY 3.0	svg,png	https://game-icons.net/1x1/delapouite/marshmallows.html	curl -O https://game-icons.net/icons/ffffff/000000/1x1/delapouite/marshmallows.svg
martyr-memorial	delapouite	CC-BY 3.0	svg,png	https://game-icons.net/1x1/delapouite/martyr-memorial.html	curl -O https://game-icons.net/icons/ffffff/000000/1x1/delapouite/martyr-memorial.svg
matchbox	delapouite	CC-BY 3.0	svg,png	https://game-icons.net/1x1/delapouite/matchbox.html	curl -O https://game-icons.net/icons/ffffff/000000/1x1/delapouite/matchbox.svg
matryoshka-dolls	delapouite	CC-BY 3.0	svg,png	https://game-icons.net/1x1/delapouite/matryoshka-dolls.html	curl -O https://game-icons.net/icons/ffffff/000000/1x1/delapouite/matryoshka-dolls.svg
matter-states	delapouite	CC-BY 3.0	svg,png	https://game-icons.net/1x1/delapouite/matter-states.html	curl -O https://game-icons.net/icons/ffffff/000000/1x1/delapouite/matter-states.svg
mayan-pyramid	delapouite	CC-BY 3.0	svg,png	https://game-icons.net/1x1/delapouite/mayan-pyramid.html	curl -O https://game-icons.net/icons/ffffff/000000/1x1/delapouite/mayan-pyramid.svg
meal	delapouite	CC-BY 3.0	svg,png	https://game-icons.net/1x1/delapouite/meal.html	curl -O https://game-icons.net/icons/ffffff/000000/1x1/delapouite/meal.svg
measure-tape	delapouite	CC-BY 3.0	svg,png	https://game-icons.net/1x1/delapouite/measure-tape.html	curl -O https://game-icons.net/icons/ffffff/000000/1x1/delapouite/measure-tape.svg
mecha-head	delapouite	CC-BY 3.0	svg,png	https://game-icons.net/1x1/delapouite/mecha-head.html	curl -O https://game-icons.net/icons/ffffff/000000/1x1/delapouite/mecha-head.svg
mecha-mask	delapouite	CC-BY 3.0	svg,png	https://game-icons.net/1x1/delapouite/mecha-mask.html	curl -O https://game-icons.net/icons/ffffff/000000/1x1/delapouite/mecha-mask.svg
mechanic-garage	delapouite	CC-BY 3.0	svg,png	https://game-icons.net/1x1/delapouite/mechanic-garage.html	curl -O https://game-icons.net/icons/ffffff/000000/1x1/delapouite/mechanic-garage.svg
medallist	delapouite	CC-BY 3.0	svg,png	https://game-icons.net/1x1/delapouite/medallist.html	curl -O https://game-icons.net/icons/ffffff/000000/1x1/delapouite/medallist.svg
medical-drip	delapouite	CC-BY 3.0	svg,png	https://game-icons.net/1x1/delapouite/medical-drip.html	curl -O https://game-icons.net/icons/ffffff/000000/1x1/delapouite/medical-drip.svg
medical-thermometer	delapouite	CC-BY 3.0	svg,png	https://game-icons.net/1x1/delapouite/medical-thermometer.html	curl -O https://game-icons.net/icons/ffffff/000000/1x1/delapouite/medical-thermometer.svg
medicine-pills	delapouite	CC-BY 3.0	svg,png	https://game-icons.net/1x1/delapouite/medicine-pills.html	curl -O https://game-icons.net/icons/ffffff/000000/1x1/delapouite/medicine-pills.svg
medicines	delapouite	CC-BY 3.0	svg,png	https://game-icons.net/1x1/delapouite/medicines.html	curl -O https://game-icons.net/icons/ffffff/000000/1x1/delapouite/medicines.svg
medieval-barracks	delapouite	CC-BY 3.0	svg,png	https://game-icons.net/1x1/delapouite/medieval-barracks.html	curl -O https://game-icons.net/icons/ffffff/000000/1x1/delapouite/medieval-barracks.svg
medieval-gate	delapouite	CC-BY 3.0	svg,png	https://game-icons.net/1x1/delapouite/medieval-gate.html	curl -O https://game-icons.net/icons/ffffff/000000/1x1/delapouite/medieval-gate.svg
medieval-pavilion	delapouite	CC-BY 3.0	svg,png	https://game-icons.net/1x1/delapouite/medieval-pavilion.html	curl -O https://game-icons.net/icons/ffffff/000000/1x1/delapouite/medieval-pavilion.svg
meeple-army	delapouite	CC-BY 3.0	svg,png	https://game-icons.net/1x1/delapouite/meeple-army.html	curl -O https://game-icons.net/icons/ffffff/000000/1x1/delapouite/meeple-army.svg
meeple-circle	delapouite	CC-BY 3.0	svg,png	https://game-icons.net/1x1/delapouite/meeple-circle.html	curl -O https://game-icons.net/icons/ffffff/000000/1x1/delapouite/meeple-circle.svg
meeple-group	delapouite	CC-BY 3.0	svg,png	https://game-icons.net/1x1/delapouite/meeple-group.html	curl -O https://game-icons.net/icons/ffffff/000000/1x1/delapouite/meeple-group.svg
meeple-king	delapouite	CC-BY 3.0	svg,png	https://game-icons.net/1x1/delapouite/meeple-king.html	curl -O https://game-icons.net/icons/ffffff/000000/1x1/delapouite/meeple-king.svg
meeple	delapouite	CC-BY 3.0	svg,png	https://game-icons.net/1x1/delapouite/meeple.html	curl -O https://game-icons.net/icons/ffffff/000000/1x1/delapouite/meeple.svg
megaphone	delapouite	CC-BY 3.0	svg,png	https://game-icons.net/1x1/delapouite/megaphone.html	curl -O https://game-icons.net/icons/ffffff/000000/1x1/delapouite/megaphone.svg
melting-ice-cube	delapouite	CC-BY 3.0	svg,png	https://game-icons.net/1x1/delapouite/melting-ice-cube.html	curl -O https://game-icons.net/icons/ffffff/000000/1x1/delapouite/melting-ice-cube.svg
melting-metal	delapouite	CC-BY 3.0	svg,png	https://game-icons.net/1x1/delapouite/melting-metal.html	curl -O https://game-icons.net/icons/ffffff/000000/1x1/delapouite/melting-metal.svg
menhir	delapouite	CC-BY 3.0	svg,png	https://game-icons.net/1x1/delapouite/menhir.html	curl -O https://game-icons.net/icons/ffffff/000000/1x1/delapouite/menhir.svg
mermaid	delapouite	CC-BY 3.0	svg,png	https://game-icons.net/1x1/delapouite/mermaid.html	curl -O https://game-icons.net/icons/ffffff/000000/1x1/delapouite/mermaid.svg
mesh-network	delapouite	CC-BY 3.0	svg,png	https://game-icons.net/1x1/delapouite/mesh-network.html	curl -O https://game-icons.net/icons/ffffff/000000/1x1/delapouite/mesh-network.svg
metal-boot	delapouite	CC-BY 3.0	svg,png	https://game-icons.net/1x1/delapouite/metal-boot.html	curl -O https://game-icons.net/icons/ffffff/000000/1x1/delapouite/metal-boot.svg
metal-detector	delapouite	CC-BY 3.0	svg,png	https://game-icons.net/1x1/delapouite/metal-detector.html	curl -O https://game-icons.net/icons/ffffff/000000/1x1/delapouite/metal-detector.svg
metal-golem-head	delapouite	CC-BY 3.0	svg,png	https://game-icons.net/1x1/delapouite/metal-golem-head.html	curl -O https://game-icons.net/icons/ffffff/000000/1x1/delapouite/metal-golem-head.svg
metal-plate	delapouite	CC-BY 3.0	svg,png	https://game-icons.net/1x1/delapouite/metal-plate.html	curl -O https://game-icons.net/icons/ffffff/000000/1x1/delapouite/metal-plate.svg
metal-skirt	delapouite	CC-BY 3.0	svg,png	https://game-icons.net/1x1/delapouite/metal-skirt.html	curl -O https://game-icons.net/icons/ffffff/000000/1x1/delapouite/metal-skirt.svg
metroid	delapouite	CC-BY 3.0	svg,png	https://game-icons.net/1x1/delapouite/metroid.html	curl -O https://game-icons.net/icons/ffffff/000000/1x1/delapouite/metroid.svg
metronome	delapouite	CC-BY 3.0	svg,png	https://game-icons.net/1x1/delapouite/metronome.html	curl -O https://game-icons.net/icons/ffffff/000000/1x1/delapouite/metronome.svg
mexico	delapouite	CC-BY 3.0	svg,png	https://game-icons.net/1x1/delapouite/mexico.html	curl -O https://game-icons.net/icons/ffffff/000000/1x1/delapouite/mexico.svg
microphone	delapouite	CC-BY 3.0	svg,png	https://game-icons.net/1x1/delapouite/microphone.html	curl -O https://game-icons.net/icons/ffffff/000000/1x1/delapouite/microphone.svg
mid-summit	delapouite	CC-BY 3.0	svg,png	https://game-icons.net/1x1/delapouite/mid-summit.html	curl -O https://game-icons.net/icons/ffffff/000000/1x1/delapouite/mid-summit.svg
mighty-boosh	delapouite	CC-BY 3.0	svg,png	https://game-icons.net/1x1/delapouite/mighty-boosh.html	curl -O https://game-icons.net/icons/ffffff/000000/1x1/delapouite/mighty-boosh.svg
mighty-force	delapouite	CC-BY 3.0	svg,png	https://game-icons.net/1x1/delapouite/mighty-force.html	curl -O https://game-icons.net/icons/ffffff/000000/1x1/delapouite/mighty-force.svg
mighty-horn	delapouite	CC-BY 3.0	svg,png	https://game-icons.net/1x1/delapouite/mighty-horn.html	curl -O https://game-icons.net/icons/ffffff/000000/1x1/delapouite/mighty-horn.svg
military-fort	delapouite	CC-BY 3.0	svg,png	https://game-icons.net/1x1/delapouite/military-fort.html	curl -O https://game-icons.net/icons/ffffff/000000/1x1/delapouite/military-fort.svg
millenium-key	delapouite	CC-BY 3.0	svg,png	https://game-icons.net/1x1/delapouite/millenium-key.html	curl -O https://game-icons.net/icons/ffffff/000000/1x1/delapouite/millenium-key.svg
mimic-chest	delapouite	CC-BY 3.0	svg,png	https://game-icons.net/1x1/delapouite/mimic-chest.html	curl -O https://game-icons.net/icons/ffffff/000000/1x1/delapouite/mimic-chest.svg
mine-truck	delapouite	CC-BY 3.0	svg,png	https://game-icons.net/1x1/delapouite/mine-truck.html	curl -O https://game-icons.net/icons/ffffff/000000/1x1/delapouite/mine-truck.svg
mine-wagon	delapouite	CC-BY 3.0	svg,png	https://game-icons.net/1x1/delapouite/mine-wagon.html	curl -O https://game-icons.net/icons/ffffff/000000/1x1/delapouite/mine-wagon.svg
miner	delapouite	CC-BY 3.0	svg,png	https://game-icons.net/1x1/delapouite/miner.html	curl -O https://game-icons.net/icons/ffffff/000000/1x1/delapouite/miner.svg
mineral-pearls	delapouite	CC-BY 3.0	svg,png	https://game-icons.net/1x1/delapouite/mineral-pearls.html	curl -O https://game-icons.net/icons/ffffff/000000/1x1/delapouite/mineral-pearls.svg
mini-submarine	delapouite	CC-BY 3.0	svg,png	https://game-icons.net/1x1/delapouite/mini-submarine.html	curl -O https://game-icons.net/icons/ffffff/000000/1x1/delapouite/mini-submarine.svg
mining-helmet	delapouite	CC-BY 3.0	svg,png	https://game-icons.net/1x1/delapouite/mining-helmet.html	curl -O https://game-icons.net/icons/ffffff/000000/1x1/delapouite/mining-helmet.svg
misdirection	delapouite	CC-BY 3.0	svg,png	https://game-icons.net/1x1/delapouite/misdirection.html	curl -O https://game-icons.net/icons/ffffff/000000/1x1/delapouite/misdirection.svg
missile-launcher	delapouite	CC-BY 3.0	svg,png	https://game-icons.net/1x1/delapouite/missile-launcher.html	curl -O https://game-icons.net/icons/ffffff/000000/1x1/delapouite/missile-launcher.svg
moai	delapouite	CC-BY 3.0	svg,png	https://game-icons.net/1x1/delapouite/moai.html	curl -O https://game-icons.net/icons/ffffff/000000/1x1/delapouite/moai.svg
modern-city	delapouite	CC-BY 3.0	svg,png	https://game-icons.net/1x1/delapouite/modern-city.html	curl -O https://game-icons.net/icons/ffffff/000000/1x1/delapouite/modern-city.svg
moka-pot	delapouite	CC-BY 3.0	svg,png	https://game-icons.net/1x1/delapouite/moka-pot.html	curl -O https://game-icons.net/icons/ffffff/000000/1x1/delapouite/moka-pot.svg
moldova	delapouite	CC-BY 3.0	svg,png	https://game-icons.net/1x1/delapouite/moldova.html	curl -O https://game-icons.net/icons/ffffff/000000/1x1/delapouite/moldova.svg
mona-lisa	delapouite	CC-BY 3.0	svg,png	https://game-icons.net/1x1/delapouite/mona-lisa.html	curl -O https://game-icons.net/icons/ffffff/000000/1x1/delapouite/mona-lisa.svg
moncler-jacket	delapouite	CC-BY 3.0	svg,png	https://game-icons.net/1x1/delapouite/moncler-jacket.html	curl -O https://game-icons.net/icons/ffffff/000000/1x1/delapouite/moncler-jacket.svg
money-stack	delapouite	CC-BY 3.0	svg,png	https://game-icons.net/1x1/delapouite/money-stack.html	curl -O https://game-icons.net/icons/ffffff/000000/1x1/delapouite/money-stack.svg
mongolia	delapouite	CC-BY 3.0	svg,png	https://game-icons.net/1x1/delapouite/mongolia.html	curl -O https://game-icons.net/icons/ffffff/000000/1x1/delapouite/mongolia.svg
monk-face	delapouite	CC-BY 3.0	svg,png	https://game-icons.net/1x1/delapouite/monk-face.html	curl -O https://game-icons.net/icons/ffffff/000000/1x1/delapouite/monk-face.svg
monkey-wrench	delapouite	CC-BY 3.0	svg,png	https://game-icons.net/1x1/delapouite/monkey-wrench.html	curl -O https://game-icons.net/icons/ffffff/000000/1x1/delapouite/monkey-wrench.svg
mono-wheel-robot	delapouite	CC-BY 3.0	svg,png	https://game-icons.net/1x1/delapouite/mono-wheel-robot.html	curl -O https://game-icons.net/icons/ffffff/000000/1x1/delapouite/mono-wheel-robot.svg
monstera-leaf	delapouite	CC-BY 3.0	svg,png	https://game-icons.net/1x1/delapouite/monstera-leaf.html	curl -O https://game-icons.net/icons/ffffff/000000/1x1/delapouite/monstera-leaf.svg
monument-valley	delapouite	CC-BY 3.0	svg,png	https://game-icons.net/1x1/delapouite/monument-valley.html	curl -O https://game-icons.net/icons/ffffff/000000/1x1/delapouite/monument-valley.svg
moon-bats	delapouite	CC-BY 3.0	svg,png	https://game-icons.net/1x1/delapouite/moon-bats.html	curl -O https://game-icons.net/icons/ffffff/000000/1x1/delapouite/moon-bats.svg
moon-orbit	delapouite	CC-BY 3.0	svg,png	https://game-icons.net/1x1/delapouite/moon-orbit.html	curl -O https://game-icons.net/icons/ffffff/000000/1x1/delapouite/moon-orbit.svg
mooring-bollard	delapouite	CC-BY 3.0	svg,png	https://game-icons.net/1x1/delapouite/mooring-bollard.html	curl -O https://game-icons.net/icons/ffffff/000000/1x1/delapouite/mooring-bollard.svg
morgue-feet	delapouite	CC-BY 3.0	svg,png	https://game-icons.net/1x1/delapouite/morgue-feet.html	curl -O https://game-icons.net/icons/ffffff/000000/1x1/delapouite/morgue-feet.svg
morph-ball	delapouite	CC-BY 3.0	svg,png	https://game-icons.net/1x1/delapouite/morph-ball.html	curl -O https://game-icons.net/icons/ffffff/000000/1x1/delapouite/morph-ball.svg
mortar	delapouite	CC-BY 3.0	svg,png	https://game-icons.net/1x1/delapouite/mortar.html	curl -O https://game-icons.net/icons/ffffff/000000/1x1/delapouite/mortar.svg
mountain-cave	delapouite	CC-BY 3.0	svg,png	https://game-icons.net/1x1/delapouite/mountain-cave.html	curl -O https://game-icons.net/icons/ffffff/000000/1x1/delapouite/mountain-cave.svg
mountain-road	delapouite	CC-BY 3.0	svg,png	https://game-icons.net/1x1/delapouite/mountain-road.html	curl -O https://game-icons.net/icons/ffffff/000000/1x1/delapouite/mountain-road.svg
mouse	delapouite	CC-BY 3.0	svg,png	https://game-icons.net/1x1/delapouite/mouse.html	curl -O https://game-icons.net/icons/ffffff/000000/1x1/delapouite/mouse.svg
move	delapouite	CC-BY 3.0	svg,png	https://game-icons.net/1x1/delapouite/move.html	curl -O https://game-icons.net/icons/ffffff/000000/1x1/delapouite/move.svg
mp5	delapouite	CC-BY 3.0	svg,png	https://game-icons.net/1x1/delapouite/mp5.html	curl -O https://game-icons.net/icons/ffffff/000000/1x1/delapouite/mp5.svg
mug-shot	delapouite	CC-BY 3.0	svg,png	https://game-icons.net/1x1/delapouite/mug-shot.html	curl -O https://game-icons.net/icons/ffffff/000000/1x1/delapouite/mug-shot.svg
multi-directions	delapouite	CC-BY 3.0	svg,png	https://game-icons.net/1x1/delapouite/multi-directions.html	curl -O https://game-icons.net/icons/ffffff/000000/1x1/delapouite/multi-directions.svg
multiple-targets	delapouite	CC-BY 3.0	svg,png	https://game-icons.net/1x1/delapouite/multiple-targets.html	curl -O https://game-icons.net/icons/ffffff/000000/1x1/delapouite/multiple-targets.svg
mummy-head	delapouite	CC-BY 3.0	svg,png	https://game-icons.net/1x1/delapouite/mummy-head.html	curl -O https://game-icons.net/icons/ffffff/000000/1x1/delapouite/mummy-head.svg
muscular-torso	delapouite	CC-BY 3.0	svg,png	https://game-icons.net/1x1/delapouite/muscular-torso.html	curl -O https://game-icons.net/icons/ffffff/000000/1x1/delapouite/muscular-torso.svg
mushroom-house	delapouite	CC-BY 3.0	svg,png	https://game-icons.net/1x1/delapouite/mushroom-house.html	curl -O https://game-icons.net/icons/ffffff/000000/1x1/delapouite/mushroom-house.svg
mushrooms-cluster	delapouite	CC-BY 3.0	svg,png	https://game-icons.net/1x1/delapouite/mushrooms-cluster.html	curl -O https://game-icons.net/icons/ffffff/000000/1x1/delapouite/mushrooms-cluster.svg
mushrooms	delapouite	CC-BY 3.0	svg,png	https://game-icons.net/1x1/delapouite/mushrooms.html	curl -O https://game-icons.net/icons/ffffff/000000/1x1/delapouite/mushrooms.svg
musical-keyboard	delapouite	CC-BY 3.0	svg,png	https://game-icons.net/1x1/delapouite/musical-keyboard.html	curl -O https://game-icons.net/icons/ffffff/000000/1x1/delapouite/musical-keyboard.svg
musical-notes	delapouite	CC-BY 3.0	svg,png	https://game-icons.net/1x1/delapouite/musical-notes.html	curl -O https://game-icons.net/icons/ffffff/000000/1x1/delapouite/musical-notes.svg
musical-score	delapouite	CC-BY 3.0	svg,png	https://game-icons.net/1x1/delapouite/musical-score.html	curl -O https://game-icons.net/icons/ffffff/000000/1x1/delapouite/musical-score.svg
mussel	delapouite	CC-BY 3.0	svg,png	https://game-icons.net/1x1/delapouite/mussel.html	curl -O https://game-icons.net/icons/ffffff/000000/1x1/delapouite/mussel.svg
mustache	delapouite	CC-BY 3.0	svg,png	https://game-icons.net/1x1/delapouite/mustache.html	curl -O https://game-icons.net/icons/ffffff/000000/1x1/delapouite/mustache.svg
mute	delapouite	CC-BY 3.0	svg,png	https://game-icons.net/1x1/delapouite/mute.html	curl -O https://game-icons.net/icons/ffffff/000000/1x1/delapouite/mute.svg
nachos	delapouite	CC-BY 3.0	svg,png	https://game-icons.net/1x1/delapouite/nachos.html	curl -O https://game-icons.net/icons/ffffff/000000/1x1/delapouite/nachos.svg
nano-bot	delapouite	CC-BY 3.0	svg,png	https://game-icons.net/1x1/delapouite/nano-bot.html	curl -O https://game-icons.net/icons/ffffff/000000/1x1/delapouite/nano-bot.svg
neck-bite	delapouite	CC-BY 3.0	svg,png	https://game-icons.net/1x1/delapouite/neck-bite.html	curl -O https://game-icons.net/icons/ffffff/000000/1x1/delapouite/neck-bite.svg
necklace-display	delapouite	CC-BY 3.0	svg,png	https://game-icons.net/1x1/delapouite/necklace-display.html	curl -O https://game-icons.net/icons/ffffff/000000/1x1/delapouite/necklace-display.svg
nectar	delapouite	CC-BY 3.0	svg,png	https://game-icons.net/1x1/delapouite/nectar.html	curl -O https://game-icons.net/icons/ffffff/000000/1x1/delapouite/nectar.svg
nefertiti	delapouite	CC-BY 3.0	svg,png	https://game-icons.net/1x1/delapouite/nefertiti.html	curl -O https://game-icons.net/icons/ffffff/000000/1x1/delapouite/nefertiti.svg
nest-birds	delapouite	CC-BY 3.0	svg,png	https://game-icons.net/1x1/delapouite/nest-birds.html	curl -O https://game-icons.net/icons/ffffff/000000/1x1/delapouite/nest-birds.svg
nest-eggs	delapouite	CC-BY 3.0	svg,png	https://game-icons.net/1x1/delapouite/nest-eggs.html	curl -O https://game-icons.net/icons/ffffff/000000/1x1/delapouite/nest-eggs.svg
nested-hearts	delapouite	CC-BY 3.0	svg,png	https://game-icons.net/1x1/delapouite/nested-hearts.html	curl -O https://game-icons.net/icons/ffffff/000000/1x1/delapouite/nested-hearts.svg
nested-hexagons	delapouite	CC-BY 3.0	svg,png	https://game-icons.net/1x1/delapouite/nested-hexagons.html	curl -O https://game-icons.net/icons/ffffff/000000/1x1/delapouite/nested-hexagons.svg
network-bars	delapouite	CC-BY 3.0	svg,png	https://game-icons.net/1x1/delapouite/network-bars.html	curl -O https://game-icons.net/icons/ffffff/000000/1x1/delapouite/network-bars.svg
new-born	delapouite	CC-BY 3.0	svg,png	https://game-icons.net/1x1/delapouite/new-born.html	curl -O https://game-icons.net/icons/ffffff/000000/1x1/delapouite/new-born.svg
newspaper	delapouite	CC-BY 3.0	svg,png	https://game-icons.net/1x1/delapouite/newspaper.html	curl -O https://game-icons.net/icons/ffffff/000000/1x1/delapouite/newspaper.svg
next-button	delapouite	CC-BY 3.0	svg,png	https://game-icons.net/1x1/delapouite/next-button.html	curl -O https://game-icons.net/icons/ffffff/000000/1x1/delapouite/next-button.svg
nigeria	delapouite	CC-BY 3.0	svg,png	https://game-icons.net/1x1/delapouite/nigeria.html	curl -O https://game-icons.net/icons/ffffff/000000/1x1/delapouite/nigeria.svg
night-sleep	delapouite	CC-BY 3.0	svg,png	https://game-icons.net/1x1/delapouite/night-sleep.html	curl -O https://game-icons.net/icons/ffffff/000000/1x1/delapouite/night-sleep.svg
night-vision	delapouite	CC-BY 3.0	svg,png	https://game-icons.net/1x1/delapouite/night-vision.html	curl -O https://game-icons.net/icons/ffffff/000000/1x1/delapouite/night-vision.svg
ninja-armor	delapouite	CC-BY 3.0	svg,png	https://game-icons.net/1x1/delapouite/ninja-armor.html	curl -O https://game-icons.net/icons/ffffff/000000/1x1/delapouite/ninja-armor.svg
ninja-velociraptor	delapouite	CC-BY 3.0	svg,png	https://game-icons.net/1x1/delapouite/ninja-velociraptor.html	curl -O https://game-icons.net/icons/ffffff/000000/1x1/delapouite/ninja-velociraptor.svg
noodles	delapouite	CC-BY 3.0	svg,png	https://game-icons.net/1x1/delapouite/noodles.html	curl -O https://game-icons.net/icons/ffffff/000000/1x1/delapouite/noodles.svg
nose-front	delapouite	CC-BY 3.0	svg,png	https://game-icons.net/1x1/delapouite/nose-front.html	curl -O https://game-icons.net/icons/ffffff/000000/1x1/delapouite/nose-front.svg
nose-side	delapouite	CC-BY 3.0	svg,png	https://game-icons.net/1x1/delapouite/nose-side.html	curl -O https://game-icons.net/icons/ffffff/000000/1x1/delapouite/nose-side.svg
notebook	delapouite	CC-BY 3.0	svg,png	https://game-icons.net/1x1/delapouite/notebook.html	curl -O https://game-icons.net/icons/ffffff/000000/1x1/delapouite/notebook.svg
nuclear-plant	delapouite	CC-BY 3.0	svg,png	https://game-icons.net/1x1/delapouite/nuclear-plant.html	curl -O https://game-icons.net/icons/ffffff/000000/1x1/delapouite/nuclear-plant.svg
nuclear-waste	delapouite	CC-BY 3.0	svg,png	https://game-icons.net/1x1/delapouite/nuclear-waste.html	curl -O https://game-icons.net/icons/ffffff/000000/1x1/delapouite/nuclear-waste.svg
nunchaku	delapouite	CC-BY 3.0	svg,png	https://game-icons.net/1x1/delapouite/nunchaku.html	curl -O https://game-icons.net/icons/ffffff/000000/1x1/delapouite/nunchaku.svg
nurse-female	delapouite	CC-BY 3.0	svg,png	https://game-icons.net/1x1/delapouite/nurse-female.html	curl -O https://game-icons.net/icons/ffffff/000000/1x1/delapouite/nurse-female.svg
nurse-male	delapouite	CC-BY 3.0	svg,png	https://game-icons.net/1x1/delapouite/nurse-male.html	curl -O https://game-icons.net/icons/ffffff/000000/1x1/delapouite/nurse-male.svg
o-brick	delapouite	CC-BY 3.0	svg,png	https://game-icons.net/1x1/delapouite/o-brick.html	curl -O https://game-icons.net/icons/ffffff/000000/1x1/delapouite/o-brick.svg
oak-leaf	delapouite	CC-BY 3.0	svg,png	https://game-icons.net/1x1/delapouite/oak-leaf.html	curl -O https://game-icons.net/icons/ffffff/000000/1x1/delapouite/oak-leaf.svg
oasis	delapouite	CC-BY 3.0	svg,png	https://game-icons.net/1x1/delapouite/oasis.html	curl -O https://game-icons.net/icons/ffffff/000000/1x1/delapouite/oasis.svg
obelisk	delapouite	CC-BY 3.0	svg,png	https://game-icons.net/1x1/delapouite/obelisk.html	curl -O https://game-icons.net/icons/ffffff/000000/1x1/delapouite/obelisk.svg
observatory	delapouite	CC-BY 3.0	svg,png	https://game-icons.net/1x1/delapouite/observatory.html	curl -O https://game-icons.net/icons/ffffff/000000/1x1/delapouite/observatory.svg
ocarina	delapouite	CC-BY 3.0	svg,png	https://game-icons.net/1x1/delapouite/ocarina.html	curl -O https://game-icons.net/icons/ffffff/000000/1x1/delapouite/ocarina.svg
oden	delapouite	CC-BY 3.0	svg,png	https://game-icons.net/1x1/delapouite/oden.html	curl -O https://game-icons.net/icons/ffffff/000000/1x1/delapouite/oden.svg
office-chair	delapouite	CC-BY 3.0	svg,png	https://game-icons.net/1x1/delapouite/office-chair.html	curl -O https://game-icons.net/icons/ffffff/000000/1x1/delapouite/office-chair.svg
offshore-platform	delapouite	CC-BY 3.0	svg,png	https://game-icons.net/1x1/delapouite/offshore-platform.html	curl -O https://game-icons.net/icons/ffffff/000000/1x1/delapouite/offshore-platform.svg
ogre	delapouite	CC-BY 3.0	svg,png	https://game-icons.net/1x1/delapouite/ogre.html	curl -O https://game-icons.net/icons/ffffff/000000/1x1/delapouite/ogre.svg
oil-can	delapouite	CC-BY 3.0	svg,png	https://game-icons.net/1x1/delapouite/oil-can.html	curl -O https://game-icons.net/icons/ffffff/000000/1x1/delapouite/oil-can.svg
oil-pump	delapouite	CC-BY 3.0	svg,png	https://game-icons.net/1x1/delapouite/oil-pump.html	curl -O https://game-icons.net/icons/ffffff/000000/1x1/delapouite/oil-pump.svg
oil-rig	delapouite	CC-BY 3.0	svg,png	https://game-icons.net/1x1/delapouite/oil-rig.html	curl -O https://game-icons.net/icons/ffffff/000000/1x1/delapouite/oil-rig.svg
old-lantern	delapouite	CC-BY 3.0	svg,png	https://game-icons.net/1x1/delapouite/old-lantern.html	curl -O https://game-icons.net/icons/ffffff/000000/1x1/delapouite/old-lantern.svg
old-microphone	delapouite	CC-BY 3.0	svg,png	https://game-icons.net/1x1/delapouite/old-microphone.html	curl -O https://game-icons.net/icons/ffffff/000000/1x1/delapouite/old-microphone.svg
old-wagon	delapouite	CC-BY 3.0	svg,png	https://game-icons.net/1x1/delapouite/old-wagon.html	curl -O https://game-icons.net/icons/ffffff/000000/1x1/delapouite/old-wagon.svg
olive	delapouite	CC-BY 3.0	svg,png	https://game-icons.net/1x1/delapouite/olive.html	curl -O https://game-icons.net/icons/ffffff/000000/1x1/delapouite/olive.svg
oni	delapouite	CC-BY 3.0	svg,png	https://game-icons.net/1x1/delapouite/oni.html	curl -O https://game-icons.net/icons/ffffff/000000/1x1/delapouite/oni.svg
onigori	delapouite	CC-BY 3.0	svg,png	https://game-icons.net/1x1/delapouite/onigori.html	curl -O https://game-icons.net/icons/ffffff/000000/1x1/delapouite/onigori.svg
open-folder	delapouite	CC-BY 3.0	svg,png	https://game-icons.net/1x1/delapouite/open-folder.html	curl -O https://game-icons.net/icons/ffffff/000000/1x1/delapouite/open-folder.svg
open-gate	delapouite	CC-BY 3.0	svg,png	https://game-icons.net/1x1/delapouite/open-gate.html	curl -O https://game-icons.net/icons/ffffff/000000/1x1/delapouite/open-gate.svg
opened-food-can	delapouite	CC-BY 3.0	svg,png	https://game-icons.net/1x1/delapouite/opened-food-can.html	curl -O https://game-icons.net/icons/ffffff/000000/1x1/delapouite/opened-food-can.svg
ophiuchus	delapouite	CC-BY 3.0	svg,png	https://game-icons.net/1x1/delapouite/ophiuchus.html	curl -O https://game-icons.net/icons/ffffff/000000/1x1/delapouite/ophiuchus.svg
opposite-hearts	delapouite	CC-BY 3.0	svg,png	https://game-icons.net/1x1/delapouite/opposite-hearts.html	curl -O https://game-icons.net/icons/ffffff/000000/1x1/delapouite/opposite-hearts.svg
orange-slice	delapouite	CC-BY 3.0	svg,png	https://game-icons.net/1x1/delapouite/orange-slice.html	curl -O https://game-icons.net/icons/ffffff/000000/1x1/delapouite/orange-slice.svg
orange	delapouite	CC-BY 3.0	svg,png	https://game-icons.net/1x1/delapouite/orange.html	curl -O https://game-icons.net/icons/ffffff/000000/1x1/delapouite/orange.svg
orc-head	delapouite	CC-BY 3.0	svg,png	https://game-icons.net/1x1/delapouite/orc-head.html	curl -O https://game-icons.net/icons/ffffff/000000/1x1/delapouite/orc-head.svg
organigram	delapouite	CC-BY 3.0	svg,png	https://game-icons.net/1x1/delapouite/organigram.html	curl -O https://game-icons.net/icons/ffffff/000000/1x1/delapouite/organigram.svg
ostrich	delapouite	CC-BY 3.0	svg,png	https://game-icons.net/1x1/delapouite/ostrich.html	curl -O https://game-icons.net/icons/ffffff/000000/1x1/delapouite/ostrich.svg
otamatone	delapouite	CC-BY 3.0	svg,png	https://game-icons.net/1x1/delapouite/otamatone.html	curl -O https://game-icons.net/icons/ffffff/000000/1x1/delapouite/otamatone.svg
outback-hat	delapouite	CC-BY 3.0	svg,png	https://game-icons.net/1x1/delapouite/outback-hat.html	curl -O https://game-icons.net/icons/ffffff/000000/1x1/delapouite/outback-hat.svg
overlord-helm	delapouite	CC-BY 3.0	svg,png	https://game-icons.net/1x1/delapouite/overlord-helm.html	curl -O https://game-icons.net/icons/ffffff/000000/1x1/delapouite/overlord-helm.svg
oyster-pearl	delapouite	CC-BY 3.0	svg,png	https://game-icons.net/1x1/delapouite/oyster-pearl.html	curl -O https://game-icons.net/icons/ffffff/000000/1x1/delapouite/oyster-pearl.svg
oyster	delapouite	CC-BY 3.0	svg,png	https://game-icons.net/1x1/delapouite/oyster.html	curl -O https://game-icons.net/icons/ffffff/000000/1x1/delapouite/oyster.svg
packed-planks	delapouite	CC-BY 3.0	svg,png	https://game-icons.net/1x1/delapouite/packed-planks.html	curl -O https://game-icons.net/icons/ffffff/000000/1x1/delapouite/packed-planks.svg
paddle-steamer	delapouite	CC-BY 3.0	svg,png	https://game-icons.net/1x1/delapouite/paddle-steamer.html	curl -O https://game-icons.net/icons/ffffff/000000/1x1/delapouite/paddle-steamer.svg
paddles	delapouite	CC-BY 3.0	svg,png	https://game-icons.net/1x1/delapouite/paddles.html	curl -O https://game-icons.net/icons/ffffff/000000/1x1/delapouite/paddles.svg
padlock-open	delapouite	CC-BY 3.0	svg,png	https://game-icons.net/1x1/delapouite/padlock-open.html	curl -O https://game-icons.net/icons/ffffff/000000/1x1/delapouite/padlock-open.svg
pagoda	delapouite	CC-BY 3.0	svg,png	https://game-icons.net/1x1/delapouite/pagoda.html	curl -O https://game-icons.net/icons/ffffff/000000/1x1/delapouite/pagoda.svg
paint-brush	delapouite	CC-BY 3.0	svg,png	https://game-icons.net/1x1/delapouite/paint-brush.html	curl -O https://game-icons.net/icons/ffffff/000000/1x1/delapouite/paint-brush.svg
paint-bucket	delapouite	CC-BY 3.0	svg,png	https://game-icons.net/1x1/delapouite/paint-bucket.html	curl -O https://game-icons.net/icons/ffffff/000000/1x1/delapouite/paint-bucket.svg
paint-roller	delapouite	CC-BY 3.0	svg,png	https://game-icons.net/1x1/delapouite/paint-roller.html	curl -O https://game-icons.net/icons/ffffff/000000/1x1/delapouite/paint-roller.svg
painted-pottery	delapouite	CC-BY 3.0	svg,png	https://game-icons.net/1x1/delapouite/painted-pottery.html	curl -O https://game-icons.net/icons/ffffff/000000/1x1/delapouite/painted-pottery.svg
palette	delapouite	CC-BY 3.0	svg,png	https://game-icons.net/1x1/delapouite/palette.html	curl -O https://game-icons.net/icons/ffffff/000000/1x1/delapouite/palette.svg
palisade	delapouite	CC-BY 3.0	svg,png	https://game-icons.net/1x1/delapouite/palisade.html	curl -O https://game-icons.net/icons/ffffff/000000/1x1/delapouite/palisade.svg
palm-tree	delapouite	CC-BY 3.0	svg,png	https://game-icons.net/1x1/delapouite/palm-tree.html	curl -O https://game-icons.net/icons/ffffff/000000/1x1/delapouite/palm-tree.svg
pan-flute	delapouite	CC-BY 3.0	svg,png	https://game-icons.net/1x1/delapouite/pan-flute.html	curl -O https://game-icons.net/icons/ffffff/000000/1x1/delapouite/pan-flute.svg
panda	delapouite	CC-BY 3.0	svg,png	https://game-icons.net/1x1/delapouite/panda.html	curl -O https://game-icons.net/icons/ffffff/000000/1x1/delapouite/panda.svg
panzerfaust	delapouite	CC-BY 3.0	svg,png	https://game-icons.net/1x1/delapouite/panzerfaust.html	curl -O https://game-icons.net/icons/ffffff/000000/1x1/delapouite/panzerfaust.svg
paper-boat	delapouite	CC-BY 3.0	svg,png	https://game-icons.net/1x1/delapouite/paper-boat.html	curl -O https://game-icons.net/icons/ffffff/000000/1x1/delapouite/paper-boat.svg
paper-clip	delapouite	CC-BY 3.0	svg,png	https://game-icons.net/1x1/delapouite/paper-clip.html	curl -O https://game-icons.net/icons/ffffff/000000/1x1/delapouite/paper-clip.svg
paper-plane	delapouite	CC-BY 3.0	svg,png	https://game-icons.net/1x1/delapouite/paper-plane.html	curl -O https://game-icons.net/icons/ffffff/000000/1x1/delapouite/paper-plane.svg
paper-tray	delapouite	CC-BY 3.0	svg,png	https://game-icons.net/1x1/delapouite/paper-tray.html	curl -O https://game-icons.net/icons/ffffff/000000/1x1/delapouite/paper-tray.svg
paper-windmill	delapouite	CC-BY 3.0	svg,png	https://game-icons.net/1x1/delapouite/paper-windmill.html	curl -O https://game-icons.net/icons/ffffff/000000/1x1/delapouite/paper-windmill.svg
papyrus	delapouite	CC-BY 3.0	svg,png	https://game-icons.net/1x1/delapouite/papyrus.html	curl -O https://game-icons.net/icons/ffffff/000000/1x1/delapouite/papyrus.svg
paraguay	delapouite	CC-BY 3.0	svg,png	https://game-icons.net/1x1/delapouite/paraguay.html	curl -O https://game-icons.net/icons/ffffff/000000/1x1/delapouite/paraguay.svg
parasaurolophus	delapouite	CC-BY 3.0	svg,png	https://game-icons.net/1x1/delapouite/parasaurolophus.html	curl -O https://game-icons.net/icons/ffffff/000000/1x1/delapouite/parasaurolophus.svg
park-bench	delapouite	CC-BY 3.0	svg,png	https://game-icons.net/1x1/delapouite/park-bench.html	curl -O https://game-icons.net/icons/ffffff/000000/1x1/delapouite/park-bench.svg
party-flags	delapouite	CC-BY 3.0	svg,png	https://game-icons.net/1x1/delapouite/party-flags.html	curl -O https://game-icons.net/icons/ffffff/000000/1x1/delapouite/party-flags.svg
party-hat	delapouite	CC-BY 3.0	svg,png	https://game-icons.net/1x1/delapouite/party-hat.html	curl -O https://game-icons.net/icons/ffffff/000000/1x1/delapouite/party-hat.svg
party-popper	delapouite	CC-BY 3.0	svg,png	https://game-icons.net/1x1/delapouite/party-popper.html	curl -O https://game-icons.net/icons/ffffff/000000/1x1/delapouite/party-popper.svg
passport	delapouite	CC-BY 3.0	svg,png	https://game-icons.net/1x1/delapouite/passport.html	curl -O https://game-icons.net/icons/ffffff/000000/1x1/delapouite/passport.svg
path-distance	delapouite	CC-BY 3.0	svg,png	https://game-icons.net/1x1/delapouite/path-distance.html	curl -O https://game-icons.net/icons/ffffff/000000/1x1/delapouite/path-distance.svg
path-tile	delapouite	CC-BY 3.0	svg,png	https://game-icons.net/1x1/delapouite/path-tile.html	curl -O https://game-icons.net/icons/ffffff/000000/1x1/delapouite/path-tile.svg
pay-money	delapouite	CC-BY 3.0	svg,png	https://game-icons.net/1x1/delapouite/pay-money.html	curl -O https://game-icons.net/icons/ffffff/000000/1x1/delapouite/pay-money.svg
peace-dove	delapouite	CC-BY 3.0	svg,png	https://game-icons.net/1x1/delapouite/peace-dove.html	curl -O https://game-icons.net/icons/ffffff/000000/1x1/delapouite/peace-dove.svg
peach	delapouite	CC-BY 3.0	svg,png	https://game-icons.net/1x1/delapouite/peach.html	curl -O https://game-icons.net/icons/ffffff/000000/1x1/delapouite/peach.svg
pear	delapouite	CC-BY 3.0	svg,png	https://game-icons.net/1x1/delapouite/pear.html	curl -O https://game-icons.net/icons/ffffff/000000/1x1/delapouite/pear.svg
pearl-earring	delapouite	CC-BY 3.0	svg,png	https://game-icons.net/1x1/delapouite/pearl-earring.html	curl -O https://game-icons.net/icons/ffffff/000000/1x1/delapouite/pearl-earring.svg
pearl-necklace	delapouite	CC-BY 3.0	svg,png	https://game-icons.net/1x1/delapouite/pearl-necklace.html	curl -O https://game-icons.net/icons/ffffff/000000/1x1/delapouite/pearl-necklace.svg
peas	delapouite	CC-BY 3.0	svg,png	https://game-icons.net/1x1/delapouite/peas.html	curl -O https://game-icons.net/icons/ffffff/000000/1x1/delapouite/peas.svg
pelvis-bone	delapouite	CC-BY 3.0	svg,png	https://game-icons.net/1x1/delapouite/pelvis-bone.html	curl -O https://game-icons.net/icons/ffffff/000000/1x1/delapouite/pelvis-bone.svg
pencil-brush	delapouite	CC-BY 3.0	svg,png	https://game-icons.net/1x1/delapouite/pencil-brush.html	curl -O https://game-icons.net/icons/ffffff/000000/1x1/delapouite/pencil-brush.svg
pencil-ruler	delapouite	CC-BY 3.0	svg,png	https://game-icons.net/1x1/delapouite/pencil-ruler.html	curl -O https://game-icons.net/icons/ffffff/000000/1x1/delapouite/pencil-ruler.svg
pencil	delapouite	CC-BY 3.0	svg,png	https://game-icons.net/1x1/delapouite/pencil.html	curl -O https://game-icons.net/icons/ffffff/000000/1x1/delapouite/pencil.svg
pendant-key	delapouite	CC-BY 3.0	svg,png	https://game-icons.net/1x1/delapouite/pendant-key.html	curl -O https://game-icons.net/icons/ffffff/000000/1x1/delapouite/pendant-key.svg
pendulum-swing	delapouite	CC-BY 3.0	svg,png	https://game-icons.net/1x1/delapouite/pendulum-swing.html	curl -O https://game-icons.net/icons/ffffff/000000/1x1/delapouite/pendulum-swing.svg
penguin	delapouite	CC-BY 3.0	svg,png	https://game-icons.net/1x1/delapouite/penguin.html	curl -O https://game-icons.net/icons/ffffff/000000/1x1/delapouite/penguin.svg
periscope	delapouite	CC-BY 3.0	svg,png	https://game-icons.net/1x1/delapouite/periscope.html	curl -O https://game-icons.net/icons/ffffff/000000/1x1/delapouite/periscope.svg
person-in-bed	delapouite	CC-BY 3.0	svg,png	https://game-icons.net/1x1/delapouite/person-in-bed.html	curl -O https://game-icons.net/icons/ffffff/000000/1x1/delapouite/person-in-bed.svg
person	delapouite	CC-BY 3.0	svg,png	https://game-icons.net/1x1/delapouite/person.html	curl -O https://game-icons.net/icons/ffffff/000000/1x1/delapouite/person.svg
perspective-dice-five	delapouite	CC-BY 3.0	svg,png	https://game-icons.net/1x1/delapouite/perspective-dice-five.html	curl -O https://game-icons.net/icons/ffffff/000000/1x1/delapouite/perspective-dice-five.svg
perspective-dice-four	delapouite	CC-BY 3.0	svg,png	https://game-icons.net/1x1/delapouite/perspective-dice-four.html	curl -O https://game-icons.net/icons/ffffff/000000/1x1/delapouite/perspective-dice-four.svg
perspective-dice-one	delapouite	CC-BY 3.0	svg,png	https://game-icons.net/1x1/delapouite/perspective-dice-one.html	curl -O https://game-icons.net/icons/ffffff/000000/1x1/delapouite/perspective-dice-one.svg
perspective-dice-six-faces-five	delapouite	CC-BY 3.0	svg,png	https://game-icons.net/1x1/delapouite/perspective-dice-six-faces-five.html	curl -O https://game-icons.net/icons/ffffff/000000/1x1/delapouite/perspective-dice-six-faces-five.svg
perspective-dice-six-faces-four	delapouite	CC-BY 3.0	svg,png	https://game-icons.net/1x1/delapouite/perspective-dice-six-faces-four.html	curl -O https://game-icons.net/icons/ffffff/000000/1x1/delapouite/perspective-dice-six-faces-four.svg
perspective-dice-six-faces-one	delapouite	CC-BY 3.0	svg,png	https://game-icons.net/1x1/delapouite/perspective-dice-six-faces-one.html	curl -O https://game-icons.net/icons/ffffff/000000/1x1/delapouite/perspective-dice-six-faces-one.svg
perspective-dice-six-faces-random	delapouite	CC-BY 3.0	svg,png	https://game-icons.net/1x1/delapouite/perspective-dice-six-faces-random.html	curl -O https://game-icons.net/icons/ffffff/000000/1x1/delapouite/perspective-dice-six-faces-random.svg
perspective-dice-six-faces-six	delapouite	CC-BY 3.0	svg,png	https://game-icons.net/1x1/delapouite/perspective-dice-six-faces-six.html	curl -O https://game-icons.net/icons/ffffff/000000/1x1/delapouite/perspective-dice-six-faces-six.svg
perspective-dice-six-faces-three	delapouite	CC-BY 3.0	svg,png	https://game-icons.net/1x1/delapouite/perspective-dice-six-faces-three.html	curl -O https://game-icons.net/icons/ffffff/000000/1x1/delapouite/perspective-dice-six-faces-three.svg
perspective-dice-six-faces-two	delapouite	CC-BY 3.0	svg,png	https://game-icons.net/1x1/delapouite/perspective-dice-six-faces-two.html	curl -O https://game-icons.net/icons/ffffff/000000/1x1/delapouite/perspective-dice-six-faces-two.svg
perspective-dice-six	delapouite	CC-BY 3.0	svg,png	https://game-icons.net/1x1/delapouite/perspective-dice-six.html	curl -O https://game-icons.net/icons/ffffff/000000/1x1/delapouite/perspective-dice-six.svg
perspective-dice-three	delapouite	CC-BY 3.0	svg,png	https://game-icons.net/1x1/delapouite/perspective-dice-three.html	curl -O https://game-icons.net/icons/ffffff/000000/1x1/delapouite/perspective-dice-three.svg
perspective-dice-two	delapouite	CC-BY 3.0	svg,png	https://game-icons.net/1x1/delapouite/perspective-dice-two.html	curl -O https://game-icons.net/icons/ffffff/000000/1x1/delapouite/perspective-dice-two.svg
peru	delapouite	CC-BY 3.0	svg,png	https://game-icons.net/1x1/delapouite/peru.html	curl -O https://game-icons.net/icons/ffffff/000000/1x1/delapouite/peru.svg
pharoah	delapouite	CC-BY 3.0	svg,png	https://game-icons.net/1x1/delapouite/pharoah.html	curl -O https://game-icons.net/icons/ffffff/000000/1x1/delapouite/pharoah.svg
phone	delapouite	CC-BY 3.0	svg,png	https://game-icons.net/1x1/delapouite/phone.html	curl -O https://game-icons.net/icons/ffffff/000000/1x1/delapouite/phone.svg
photo-camera	delapouite	CC-BY 3.0	svg,png	https://game-icons.net/1x1/delapouite/photo-camera.html	curl -O https://game-icons.net/icons/ffffff/000000/1x1/delapouite/photo-camera.svg
phrygian-cap	delapouite	CC-BY 3.0	svg,png	https://game-icons.net/1x1/delapouite/phrygian-cap.html	curl -O https://game-icons.net/icons/ffffff/000000/1x1/delapouite/phrygian-cap.svg
piano-keys	delapouite	CC-BY 3.0	svg,png	https://game-icons.net/1x1/delapouite/piano-keys.html	curl -O https://game-icons.net/icons/ffffff/000000/1x1/delapouite/piano-keys.svg
pick-of-destiny	delapouite	CC-BY 3.0	svg,png	https://game-icons.net/1x1/delapouite/pick-of-destiny.html	curl -O https://game-icons.net/icons/ffffff/000000/1x1/delapouite/pick-of-destiny.svg
pickle	delapouite	CC-BY 3.0	svg,png	https://game-icons.net/1x1/delapouite/pickle.html	curl -O https://game-icons.net/icons/ffffff/000000/1x1/delapouite/pickle.svg
pie-chart	delapouite	CC-BY 3.0	svg,png	https://game-icons.net/1x1/delapouite/pie-chart.html	curl -O https://game-icons.net/icons/ffffff/000000/1x1/delapouite/pie-chart.svg
piggy-bank	delapouite	CC-BY 3.0	svg,png	https://game-icons.net/1x1/delapouite/piggy-bank.html	curl -O https://game-icons.net/icons/ffffff/000000/1x1/delapouite/piggy-bank.svg
pikeman	delapouite	CC-BY 3.0	svg,png	https://game-icons.net/1x1/delapouite/pikeman.html	curl -O https://game-icons.net/icons/ffffff/000000/1x1/delapouite/pikeman.svg
pilgrim-hat	delapouite	CC-BY 3.0	svg,png	https://game-icons.net/1x1/delapouite/pilgrim-hat.html	curl -O https://game-icons.net/icons/ffffff/000000/1x1/delapouite/pilgrim-hat.svg
pillow	delapouite	CC-BY 3.0	svg,png	https://game-icons.net/1x1/delapouite/pillow.html	curl -O https://game-icons.net/icons/ffffff/000000/1x1/delapouite/pillow.svg
pimiento	delapouite	CC-BY 3.0	svg,png	https://game-icons.net/1x1/delapouite/pimiento.html	curl -O https://game-icons.net/icons/ffffff/000000/1x1/delapouite/pimiento.svg
pin	delapouite	CC-BY 3.0	svg,png	https://game-icons.net/1x1/delapouite/pin.html	curl -O https://game-icons.net/icons/ffffff/000000/1x1/delapouite/pin.svg
pinata	delapouite	CC-BY 3.0	svg,png	https://game-icons.net/1x1/delapouite/pinata.html	curl -O https://game-icons.net/icons/ffffff/000000/1x1/delapouite/pinata.svg
pinball-flipper	delapouite	CC-BY 3.0	svg,png	https://game-icons.net/1x1/delapouite/pinball-flipper.html	curl -O https://game-icons.net/icons/ffffff/000000/1x1/delapouite/pinball-flipper.svg
pineapple	delapouite	CC-BY 3.0	svg,png	https://game-icons.net/1x1/delapouite/pineapple.html	curl -O https://game-icons.net/icons/ffffff/000000/1x1/delapouite/pineapple.svg
ping-pong-bat	delapouite	CC-BY 3.0	svg,png	https://game-icons.net/1x1/delapouite/ping-pong-bat.html	curl -O https://game-icons.net/icons/ffffff/000000/1x1/delapouite/ping-pong-bat.svg
pipes	delapouite	CC-BY 3.0	svg,png	https://game-icons.net/1x1/delapouite/pipes.html	curl -O https://game-icons.net/icons/ffffff/000000/1x1/delapouite/pipes.svg
piranha	delapouite	CC-BY 3.0	svg,png	https://game-icons.net/1x1/delapouite/piranha.html	curl -O https://game-icons.net/icons/ffffff/000000/1x1/delapouite/piranha.svg
pirate-cannon	delapouite	CC-BY 3.0	svg,png	https://game-icons.net/1x1/delapouite/pirate-cannon.html	curl -O https://game-icons.net/icons/ffffff/000000/1x1/delapouite/pirate-cannon.svg
pirate-captain	delapouite	CC-BY 3.0	svg,png	https://game-icons.net/1x1/delapouite/pirate-captain.html	curl -O https://game-icons.net/icons/ffffff/000000/1x1/delapouite/pirate-captain.svg
pirate-coat	delapouite	CC-BY 3.0	svg,png	https://game-icons.net/1x1/delapouite/pirate-coat.html	curl -O https://game-icons.net/icons/ffffff/000000/1x1/delapouite/pirate-coat.svg
pirate-flag	delapouite	CC-BY 3.0	svg,png	https://game-icons.net/1x1/delapouite/pirate-flag.html	curl -O https://game-icons.net/icons/ffffff/000000/1x1/delapouite/pirate-flag.svg
pirate-hat	delapouite	CC-BY 3.0	svg,png	https://game-icons.net/1x1/delapouite/pirate-hat.html	curl -O https://game-icons.net/icons/ffffff/000000/1x1/delapouite/pirate-hat.svg
pirate-hook	delapouite	CC-BY 3.0	svg,png	https://game-icons.net/1x1/delapouite/pirate-hook.html	curl -O https://game-icons.net/icons/ffffff/000000/1x1/delapouite/pirate-hook.svg
pisa-tower	delapouite	CC-BY 3.0	svg,png	https://game-icons.net/1x1/delapouite/pisa-tower.html	curl -O https://game-icons.net/icons/ffffff/000000/1x1/delapouite/pisa-tower.svg
pisces	delapouite	CC-BY 3.0	svg,png	https://game-icons.net/1x1/delapouite/pisces.html	curl -O https://game-icons.net/icons/ffffff/000000/1x1/delapouite/pisces.svg
pitchfork	delapouite	CC-BY 3.0	svg,png	https://game-icons.net/1x1/delapouite/pitchfork.html	curl -O https://game-icons.net/icons/ffffff/000000/1x1/delapouite/pitchfork.svg
pizza-slice	delapouite	CC-BY 3.0	svg,png	https://game-icons.net/1x1/delapouite/pizza-slice.html	curl -O https://game-icons.net/icons/ffffff/000000/1x1/delapouite/pizza-slice.svg
plague-doctor-profile	delapouite	CC-BY 3.0	svg,png	https://game-icons.net/1x1/delapouite/plague-doctor-profile.html	curl -O https://game-icons.net/icons/ffffff/000000/1x1/delapouite/plague-doctor-profile.svg
plain-arrow	delapouite	CC-BY 3.0	svg,png	https://game-icons.net/1x1/delapouite/plain-arrow.html	curl -O https://game-icons.net/icons/ffffff/000000/1x1/delapouite/plain-arrow.svg
plain-circle	delapouite	CC-BY 3.0	svg,png	https://game-icons.net/1x1/delapouite/plain-circle.html	curl -O https://game-icons.net/icons/ffffff/000000/1x1/delapouite/plain-circle.svg
plain-padlock	delapouite	CC-BY 3.0	svg,png	https://game-icons.net/1x1/delapouite/plain-padlock.html	curl -O https://game-icons.net/icons/ffffff/000000/1x1/delapouite/plain-padlock.svg
plain-square	delapouite	CC-BY 3.0	svg,png	https://game-icons.net/1x1/delapouite/plain-square.html	curl -O https://game-icons.net/icons/ffffff/000000/1x1/delapouite/plain-square.svg
plane-pilot	delapouite	CC-BY 3.0	svg,png	https://game-icons.net/1x1/delapouite/plane-pilot.html	curl -O https://game-icons.net/icons/ffffff/000000/1x1/delapouite/plane-pilot.svg
plane-wing	delapouite	CC-BY 3.0	svg,png	https://game-icons.net/1x1/delapouite/plane-wing.html	curl -O https://game-icons.net/icons/ffffff/000000/1x1/delapouite/plane-wing.svg
planet-conquest	delapouite	CC-BY 3.0	svg,png	https://game-icons.net/1x1/delapouite/planet-conquest.html	curl -O https://game-icons.net/icons/ffffff/000000/1x1/delapouite/planet-conquest.svg
planet-core	delapouite	CC-BY 3.0	svg,png	https://game-icons.net/1x1/delapouite/planet-core.html	curl -O https://game-icons.net/icons/ffffff/000000/1x1/delapouite/planet-core.svg
planks	delapouite	CC-BY 3.0	svg,png	https://game-icons.net/1x1/delapouite/planks.html	curl -O https://game-icons.net/icons/ffffff/000000/1x1/delapouite/planks.svg
plant-roots	delapouite	CC-BY 3.0	svg,png	https://game-icons.net/1x1/delapouite/plant-roots.html	curl -O https://game-icons.net/icons/ffffff/000000/1x1/delapouite/plant-roots.svg
plant-seed	delapouite	CC-BY 3.0	svg,png	https://game-icons.net/1x1/delapouite/plant-seed.html	curl -O https://game-icons.net/icons/ffffff/000000/1x1/delapouite/plant-seed.svg
plant-watering	delapouite	CC-BY 3.0	svg,png	https://game-icons.net/1x1/delapouite/plant-watering.html	curl -O https://game-icons.net/icons/ffffff/000000/1x1/delapouite/plant-watering.svg
plastic-duck	delapouite	CC-BY 3.0	svg,png	https://game-icons.net/1x1/delapouite/plastic-duck.html	curl -O https://game-icons.net/icons/ffffff/000000/1x1/delapouite/plastic-duck.svg
player-base	delapouite	CC-BY 3.0	svg,png	https://game-icons.net/1x1/delapouite/player-base.html	curl -O https://game-icons.net/icons/ffffff/000000/1x1/delapouite/player-base.svg
player-next	delapouite	CC-BY 3.0	svg,png	https://game-icons.net/1x1/delapouite/player-next.html	curl -O https://game-icons.net/icons/ffffff/000000/1x1/delapouite/player-next.svg
player-previous	delapouite	CC-BY 3.0	svg,png	https://game-icons.net/1x1/delapouite/player-previous.html	curl -O https://game-icons.net/icons/ffffff/000000/1x1/delapouite/player-previous.svg
player-time	delapouite	CC-BY 3.0	svg,png	https://game-icons.net/1x1/delapouite/player-time.html	curl -O https://game-icons.net/icons/ffffff/000000/1x1/delapouite/player-time.svg
plesiosaurus	delapouite	CC-BY 3.0	svg,png	https://game-icons.net/1x1/delapouite/plesiosaurus.html	curl -O https://game-icons.net/icons/ffffff/000000/1x1/delapouite/plesiosaurus.svg
plow	delapouite	CC-BY 3.0	svg,png	https://game-icons.net/1x1/delapouite/plow.html	curl -O https://game-icons.net/icons/ffffff/000000/1x1/delapouite/plow.svg
plug	delapouite	CC-BY 3.0	svg,png	https://game-icons.net/1x1/delapouite/plug.html	curl -O https://game-icons.net/icons/ffffff/000000/1x1/delapouite/plug.svg
plum	delapouite	CC-BY 3.0	svg,png	https://game-icons.net/1x1/delapouite/plum.html	curl -O https://game-icons.net/icons/ffffff/000000/1x1/delapouite/plum.svg
plunger	delapouite	CC-BY 3.0	svg,png	https://game-icons.net/1x1/delapouite/plunger.html	curl -O https://game-icons.net/icons/ffffff/000000/1x1/delapouite/plunger.svg
pocket-radio	delapouite	CC-BY 3.0	svg,png	https://game-icons.net/1x1/delapouite/pocket-radio.html	curl -O https://game-icons.net/icons/ffffff/000000/1x1/delapouite/pocket-radio.svg
podium-second	delapouite	CC-BY 3.0	svg,png	https://game-icons.net/1x1/delapouite/podium-second.html	curl -O https://game-icons.net/icons/ffffff/000000/1x1/delapouite/podium-second.svg
podium-third	delapouite	CC-BY 3.0	svg,png	https://game-icons.net/1x1/delapouite/podium-third.html	curl -O https://game-icons.net/icons/ffffff/000000/1x1/delapouite/podium-third.svg
podium-winner	delapouite	CC-BY 3.0	svg,png	https://game-icons.net/1x1/delapouite/podium-winner.html	curl -O https://game-icons.net/icons/ffffff/000000/1x1/delapouite/podium-winner.svg
podium	delapouite	CC-BY 3.0	svg,png	https://game-icons.net/1x1/delapouite/podium.html	curl -O https://game-icons.net/icons/ffffff/000000/1x1/delapouite/podium.svg
poland	delapouite	CC-BY 3.0	svg,png	https://game-icons.net/1x1/delapouite/poland.html	curl -O https://game-icons.net/icons/ffffff/000000/1x1/delapouite/poland.svg
polar-star	delapouite	CC-BY 3.0	svg,png	https://game-icons.net/1x1/delapouite/polar-star.html	curl -O https://game-icons.net/icons/ffffff/000000/1x1/delapouite/polar-star.svg
police-car	delapouite	CC-BY 3.0	svg,png	https://game-icons.net/1x1/delapouite/police-car.html	curl -O https://game-icons.net/icons/ffffff/000000/1x1/delapouite/police-car.svg
police-officer-head	delapouite	CC-BY 3.0	svg,png	https://game-icons.net/1x1/delapouite/police-officer-head.html	curl -O https://game-icons.net/icons/ffffff/000000/1x1/delapouite/police-officer-head.svg
police-target	delapouite	CC-BY 3.0	svg,png	https://game-icons.net/1x1/delapouite/police-target.html	curl -O https://game-icons.net/icons/ffffff/000000/1x1/delapouite/police-target.svg
polo-shirt	delapouite	CC-BY 3.0	svg,png	https://game-icons.net/1x1/delapouite/polo-shirt.html	curl -O https://game-icons.net/icons/ffffff/000000/1x1/delapouite/polo-shirt.svg
poncho	delapouite	CC-BY 3.0	svg,png	https://game-icons.net/1x1/delapouite/poncho.html	curl -O https://game-icons.net/icons/ffffff/000000/1x1/delapouite/poncho.svg
pool-dive	delapouite	CC-BY 3.0	svg,png	https://game-icons.net/1x1/delapouite/pool-dive.html	curl -O https://game-icons.net/icons/ffffff/000000/1x1/delapouite/pool-dive.svg
pool-table-corner	delapouite	CC-BY 3.0	svg,png	https://game-icons.net/1x1/delapouite/pool-table-corner.html	curl -O https://game-icons.net/icons/ffffff/000000/1x1/delapouite/pool-table-corner.svg
pool-triangle	delapouite	CC-BY 3.0	svg,png	https://game-icons.net/1x1/delapouite/pool-triangle.html	curl -O https://game-icons.net/icons/ffffff/000000/1x1/delapouite/pool-triangle.svg
popcorn	delapouite	CC-BY 3.0	svg,png	https://game-icons.net/1x1/delapouite/popcorn.html	curl -O https://game-icons.net/icons/ffffff/000000/1x1/delapouite/popcorn.svg
pope-crown	delapouite	CC-BY 3.0	svg,png	https://game-icons.net/1x1/delapouite/pope-crown.html	curl -O https://game-icons.net/icons/ffffff/000000/1x1/delapouite/pope-crown.svg
porcelain-vase	delapouite	CC-BY 3.0	svg,png	https://game-icons.net/1x1/delapouite/porcelain-vase.html	curl -O https://game-icons.net/icons/ffffff/000000/1x1/delapouite/porcelain-vase.svg
porcupinefish	delapouite	CC-BY 3.0	svg,png	https://game-icons.net/1x1/delapouite/porcupinefish.html	curl -O https://game-icons.net/icons/ffffff/000000/1x1/delapouite/porcupinefish.svg
portrait	delapouite	CC-BY 3.0	svg,png	https://game-icons.net/1x1/delapouite/portrait.html	curl -O https://game-icons.net/icons/ffffff/000000/1x1/delapouite/portrait.svg
portugal	delapouite	CC-BY 3.0	svg,png	https://game-icons.net/1x1/delapouite/portugal.html	curl -O https://game-icons.net/icons/ffffff/000000/1x1/delapouite/portugal.svg
position-marker	delapouite	CC-BY 3.0	svg,png	https://game-icons.net/1x1/delapouite/position-marker.html	curl -O https://game-icons.net/icons/ffffff/000000/1x1/delapouite/position-marker.svg
post-office	delapouite	CC-BY 3.0	svg,png	https://game-icons.net/1x1/delapouite/post-office.html	curl -O https://game-icons.net/icons/ffffff/000000/1x1/delapouite/post-office.svg
post-stamp	delapouite	CC-BY 3.0	svg,png	https://game-icons.net/1x1/delapouite/post-stamp.html	curl -O https://game-icons.net/icons/ffffff/000000/1x1/delapouite/post-stamp.svg
potato	delapouite	CC-BY 3.0	svg,png	https://game-icons.net/1x1/delapouite/potato.html	curl -O https://game-icons.net/icons/ffffff/000000/1x1/delapouite/potato.svg
pouring-pot	delapouite	CC-BY 3.0	svg,png	https://game-icons.net/1x1/delapouite/pouring-pot.html	curl -O https://game-icons.net/icons/ffffff/000000/1x1/delapouite/pouring-pot.svg
powder-bag	delapouite	CC-BY 3.0	svg,png	https://game-icons.net/1x1/delapouite/powder-bag.html	curl -O https://game-icons.net/icons/ffffff/000000/1x1/delapouite/powder-bag.svg
power-generator	delapouite	CC-BY 3.0	svg,png	https://game-icons.net/1x1/delapouite/power-generator.html	curl -O https://game-icons.net/icons/ffffff/000000/1x1/delapouite/power-generator.svg
power-ring	delapouite	CC-BY 3.0	svg,png	https://game-icons.net/1x1/delapouite/power-ring.html	curl -O https://game-icons.net/icons/ffffff/000000/1x1/delapouite/power-ring.svg
prayer-beads	delapouite	CC-BY 3.0	svg,png	https://game-icons.net/1x1/delapouite/prayer-beads.html	curl -O https://game-icons.net/icons/ffffff/000000/1x1/delapouite/prayer-beads.svg
praying-mantis	delapouite	CC-BY 3.0	svg,png	https://game-icons.net/1x1/delapouite/praying-mantis.html	curl -O https://game-icons.net/icons/ffffff/000000/1x1/delapouite/praying-mantis.svg
present	delapouite	CC-BY 3.0	svg,png	https://game-icons.net/1x1/delapouite/present.html	curl -O https://game-icons.net/icons/ffffff/000000/1x1/delapouite/present.svg
pretzel	delapouite	CC-BY 3.0	svg,png	https://game-icons.net/1x1/delapouite/pretzel.html	curl -O https://game-icons.net/icons/ffffff/000000/1x1/delapouite/pretzel.svg
previous-button	delapouite	CC-BY 3.0	svg,png	https://game-icons.net/1x1/delapouite/previous-button.html	curl -O https://game-icons.net/icons/ffffff/000000/1x1/delapouite/previous-button.svg
price-tag	delapouite	CC-BY 3.0	svg,png	https://game-icons.net/1x1/delapouite/price-tag.html	curl -O https://game-icons.net/icons/ffffff/000000/1x1/delapouite/price-tag.svg
primitive-necklace	delapouite	CC-BY 3.0	svg,png	https://game-icons.net/1x1/delapouite/primitive-necklace.html	curl -O https://game-icons.net/icons/ffffff/000000/1x1/delapouite/primitive-necklace.svg
primitive-torch	delapouite	CC-BY 3.0	svg,png	https://game-icons.net/1x1/delapouite/primitive-torch.html	curl -O https://game-icons.net/icons/ffffff/000000/1x1/delapouite/primitive-torch.svg
prism	delapouite	CC-BY 3.0	svg,png	https://game-icons.net/1x1/delapouite/prism.html	curl -O https://game-icons.net/icons/ffffff/000000/1x1/delapouite/prism.svg
prisoner	delapouite	CC-BY 3.0	svg,png	https://game-icons.net/1x1/delapouite/prisoner.html	curl -O https://game-icons.net/icons/ffffff/000000/1x1/delapouite/prisoner.svg
private-first-class	delapouite	CC-BY 3.0	svg,png	https://game-icons.net/1x1/delapouite/private-first-class.html	curl -O https://game-icons.net/icons/ffffff/000000/1x1/delapouite/private-first-class.svg
private	delapouite	CC-BY 3.0	svg,png	https://game-icons.net/1x1/delapouite/private.html	curl -O https://game-icons.net/icons/ffffff/000000/1x1/delapouite/private.svg
progression	delapouite	CC-BY 3.0	svg,png	https://game-icons.net/1x1/delapouite/progression.html	curl -O https://game-icons.net/icons/ffffff/000000/1x1/delapouite/progression.svg
propeller-beanie	delapouite	CC-BY 3.0	svg,png	https://game-icons.net/1x1/delapouite/propeller-beanie.html	curl -O https://game-icons.net/icons/ffffff/000000/1x1/delapouite/propeller-beanie.svg
protection-glasses	delapouite	CC-BY 3.0	svg,png	https://game-icons.net/1x1/delapouite/protection-glasses.html	curl -O https://game-icons.net/icons/ffffff/000000/1x1/delapouite/protection-glasses.svg
pschent-double-crown	delapouite	CC-BY 3.0	svg,png	https://game-icons.net/1x1/delapouite/pschent-double-crown.html	curl -O https://game-icons.net/icons/ffffff/000000/1x1/delapouite/pschent-double-crown.svg
pterodactylus	delapouite	CC-BY 3.0	svg,png	https://game-icons.net/1x1/delapouite/pterodactylus.html	curl -O https://game-icons.net/icons/ffffff/000000/1x1/delapouite/pterodactylus.svg
public-speaker	delapouite	CC-BY 3.0	svg,png	https://game-icons.net/1x1/delapouite/public-speaker.html	curl -O https://game-icons.net/icons/ffffff/000000/1x1/delapouite/public-speaker.svg
pull	delapouite	CC-BY 3.0	svg,png	https://game-icons.net/1x1/delapouite/pull.html	curl -O https://game-icons.net/icons/ffffff/000000/1x1/delapouite/pull.svg
pulley-hook	delapouite	CC-BY 3.0	svg,png	https://game-icons.net/1x1/delapouite/pulley-hook.html	curl -O https://game-icons.net/icons/ffffff/000000/1x1/delapouite/pulley-hook.svg
pumpkin	delapouite	CC-BY 3.0	svg,png	https://game-icons.net/1x1/delapouite/pumpkin.html	curl -O https://game-icons.net/icons/ffffff/000000/1x1/delapouite/pumpkin.svg
punching-bag	delapouite	CC-BY 3.0	svg,png	https://game-icons.net/1x1/delapouite/punching-bag.html	curl -O https://game-icons.net/icons/ffffff/000000/1x1/delapouite/punching-bag.svg
purple-tentacle	delapouite	CC-BY 3.0	svg,png	https://game-icons.net/1x1/delapouite/purple-tentacle.html	curl -O https://game-icons.net/icons/ffffff/000000/1x1/delapouite/purple-tentacle.svg
push	delapouite	CC-BY 3.0	svg,png	https://game-icons.net/1x1/delapouite/push.html	curl -O https://game-icons.net/icons/ffffff/000000/1x1/delapouite/push.svg
puzzle	delapouite	CC-BY 3.0	svg,png	https://game-icons.net/1x1/delapouite/puzzle.html	curl -O https://game-icons.net/icons/ffffff/000000/1x1/delapouite/puzzle.svg
pylon	delapouite	CC-BY 3.0	svg,png	https://game-icons.net/1x1/delapouite/pylon.html	curl -O https://game-icons.net/icons/ffffff/000000/1x1/delapouite/pylon.svg
pyre	delapouite	CC-BY 3.0	svg,png	https://game-icons.net/1x1/delapouite/pyre.html	curl -O https://game-icons.net/icons/ffffff/000000/1x1/delapouite/pyre.svg
qaitbay-citadel	delapouite	CC-BY 3.0	svg,png	https://game-icons.net/1x1/delapouite/qaitbay-citadel.html	curl -O https://game-icons.net/icons/ffffff/000000/1x1/delapouite/qaitbay-citadel.svg
quick-man	delapouite	CC-BY 3.0	svg,png	https://game-icons.net/1x1/delapouite/quick-man.html	curl -O https://game-icons.net/icons/ffffff/000000/1x1/delapouite/quick-man.svg
quiver	delapouite	CC-BY 3.0	svg,png	https://game-icons.net/1x1/delapouite/quiver.html	curl -O https://game-icons.net/icons/ffffff/000000/1x1/delapouite/quiver.svg
rabbit-head	delapouite	CC-BY 3.0	svg,png	https://game-icons.net/1x1/delapouite/rabbit-head.html	curl -O https://game-icons.net/icons/ffffff/000000/1x1/delapouite/rabbit-head.svg
rabbit	delapouite	CC-BY 3.0	svg,png	https://game-icons.net/1x1/delapouite/rabbit.html	curl -O https://game-icons.net/icons/ffffff/000000/1x1/delapouite/rabbit.svg
raccoon-head	delapouite	CC-BY 3.0	svg,png	https://game-icons.net/1x1/delapouite/raccoon-head.html	curl -O https://game-icons.net/icons/ffffff/000000/1x1/delapouite/raccoon-head.svg
radar-cross-section	delapouite	CC-BY 3.0	svg,png	https://game-icons.net/1x1/delapouite/radar-cross-section.html	curl -O https://game-icons.net/icons/ffffff/000000/1x1/delapouite/radar-cross-section.svg
raddish	delapouite	CC-BY 3.0	svg,png	https://game-icons.net/1x1/delapouite/raddish.html	curl -O https://game-icons.net/icons/ffffff/000000/1x1/delapouite/raddish.svg
radiations	delapouite	CC-BY 3.0	svg,png	https://game-icons.net/1x1/delapouite/radiations.html	curl -O https://game-icons.net/icons/ffffff/000000/1x1/delapouite/radiations.svg
radio-tower	delapouite	CC-BY 3.0	svg,png	https://game-icons.net/1x1/delapouite/radio-tower.html	curl -O https://game-icons.net/icons/ffffff/000000/1x1/delapouite/radio-tower.svg
raft	delapouite	CC-BY 3.0	svg,png	https://game-icons.net/1x1/delapouite/raft.html	curl -O https://game-icons.net/icons/ffffff/000000/1x1/delapouite/raft.svg
rail-road	delapouite	CC-BY 3.0	svg,png	https://game-icons.net/1x1/delapouite/rail-road.html	curl -O https://game-icons.net/icons/ffffff/000000/1x1/delapouite/rail-road.svg
railway	delapouite	CC-BY 3.0	svg,png	https://game-icons.net/1x1/delapouite/railway.html	curl -O https://game-icons.net/icons/ffffff/000000/1x1/delapouite/railway.svg
rake	delapouite	CC-BY 3.0	svg,png	https://game-icons.net/1x1/delapouite/rake.html	curl -O https://game-icons.net/icons/ffffff/000000/1x1/delapouite/rake.svg
ram-profile	delapouite	CC-BY 3.0	svg,png	https://game-icons.net/1x1/delapouite/ram-profile.html	curl -O https://game-icons.net/icons/ffffff/000000/1x1/delapouite/ram-profile.svg
ranch-gate	delapouite	CC-BY 3.0	svg,png	https://game-icons.net/1x1/delapouite/ranch-gate.html	curl -O https://game-icons.net/icons/ffffff/000000/1x1/delapouite/ranch-gate.svg
raspberry	delapouite	CC-BY 3.0	svg,png	https://game-icons.net/1x1/delapouite/raspberry.html	curl -O https://game-icons.net/icons/ffffff/000000/1x1/delapouite/raspberry.svg
rat	delapouite	CC-BY 3.0	svg,png	https://game-icons.net/1x1/delapouite/rat.html	curl -O https://game-icons.net/icons/ffffff/000000/1x1/delapouite/rat.svg
rattlesnake	delapouite	CC-BY 3.0	svg,png	https://game-icons.net/1x1/delapouite/rattlesnake.html	curl -O https://game-icons.net/icons/ffffff/000000/1x1/delapouite/rattlesnake.svg
raw-egg	delapouite	CC-BY 3.0	svg,png	https://game-icons.net/1x1/delapouite/raw-egg.html	curl -O https://game-icons.net/icons/ffffff/000000/1x1/delapouite/raw-egg.svg
razor	delapouite	CC-BY 3.0	svg,png	https://game-icons.net/1x1/delapouite/razor.html	curl -O https://game-icons.net/icons/ffffff/000000/1x1/delapouite/razor.svg
receive-money	delapouite	CC-BY 3.0	svg,png	https://game-icons.net/1x1/delapouite/receive-money.html	curl -O https://game-icons.net/icons/ffffff/000000/1x1/delapouite/receive-money.svg
red-carpet	delapouite	CC-BY 3.0	svg,png	https://game-icons.net/1x1/delapouite/red-carpet.html	curl -O https://game-icons.net/icons/ffffff/000000/1x1/delapouite/red-carpet.svg
reed	delapouite	CC-BY 3.0	svg,png	https://game-icons.net/1x1/delapouite/reed.html	curl -O https://game-icons.net/icons/ffffff/000000/1x1/delapouite/reed.svg
refinery	delapouite	CC-BY 3.0	svg,png	https://game-icons.net/1x1/delapouite/refinery.html	curl -O https://game-icons.net/icons/ffffff/000000/1x1/delapouite/refinery.svg
reload-gun-barrel	delapouite	CC-BY 3.0	svg,png	https://game-icons.net/1x1/delapouite/reload-gun-barrel.html	curl -O https://game-icons.net/icons/ffffff/000000/1x1/delapouite/reload-gun-barrel.svg
remedy	delapouite	CC-BY 3.0	svg,png	https://game-icons.net/1x1/delapouite/remedy.html	curl -O https://game-icons.net/icons/ffffff/000000/1x1/delapouite/remedy.svg
rempart	delapouite	CC-BY 3.0	svg,png	https://game-icons.net/1x1/delapouite/rempart.html	curl -O https://game-icons.net/icons/ffffff/000000/1x1/delapouite/rempart.svg
reptile-tail	delapouite	CC-BY 3.0	svg,png	https://game-icons.net/1x1/delapouite/reptile-tail.html	curl -O https://game-icons.net/icons/ffffff/000000/1x1/delapouite/reptile-tail.svg
resize	delapouite	CC-BY 3.0	svg,png	https://game-icons.net/1x1/delapouite/resize.html	curl -O https://game-icons.net/icons/ffffff/000000/1x1/delapouite/resize.svg
resting-vampire	delapouite	CC-BY 3.0	svg,png	https://game-icons.net/1x1/delapouite/resting-vampire.html	curl -O https://game-icons.net/icons/ffffff/000000/1x1/delapouite/resting-vampire.svg
revolver	delapouite	CC-BY 3.0	svg,png	https://game-icons.net/1x1/delapouite/revolver.html	curl -O https://game-icons.net/icons/ffffff/000000/1x1/delapouite/revolver.svg
rhinoceros-horn	delapouite	CC-BY 3.0	svg,png	https://game-icons.net/1x1/delapouite/rhinoceros-horn.html	curl -O https://game-icons.net/icons/ffffff/000000/1x1/delapouite/rhinoceros-horn.svg
rialto-bridge	delapouite	CC-BY 3.0	svg,png	https://game-icons.net/1x1/delapouite/rialto-bridge.html	curl -O https://game-icons.net/icons/ffffff/000000/1x1/delapouite/rialto-bridge.svg
ribbon-medal	delapouite	CC-BY 3.0	svg,png	https://game-icons.net/1x1/delapouite/ribbon-medal.html	curl -O https://game-icons.net/icons/ffffff/000000/1x1/delapouite/ribbon-medal.svg
ribbon-shield	delapouite	CC-BY 3.0	svg,png	https://game-icons.net/1x1/delapouite/ribbon-shield.html	curl -O https://game-icons.net/icons/ffffff/000000/1x1/delapouite/ribbon-shield.svg
ring-box	delapouite	CC-BY 3.0	svg,png	https://game-icons.net/1x1/delapouite/ring-box.html	curl -O https://game-icons.net/icons/ffffff/000000/1x1/delapouite/ring-box.svg
ring-mould	delapouite	CC-BY 3.0	svg,png	https://game-icons.net/1x1/delapouite/ring-mould.html	curl -O https://game-icons.net/icons/ffffff/000000/1x1/delapouite/ring-mould.svg
ring	delapouite	CC-BY 3.0	svg,png	https://game-icons.net/1x1/delapouite/ring.html	curl -O https://game-icons.net/icons/ffffff/000000/1x1/delapouite/ring.svg
ringed-tentacle	delapouite	CC-BY 3.0	svg,png	https://game-icons.net/1x1/delapouite/ringed-tentacle.html	curl -O https://game-icons.net/icons/ffffff/000000/1x1/delapouite/ringed-tentacle.svg
ringing-alarm	delapouite	CC-BY 3.0	svg,png	https://game-icons.net/1x1/delapouite/ringing-alarm.html	curl -O https://game-icons.net/icons/ffffff/000000/1x1/delapouite/ringing-alarm.svg
ringmaster	delapouite	CC-BY 3.0	svg,png	https://game-icons.net/1x1/delapouite/ringmaster.html	curl -O https://game-icons.net/icons/ffffff/000000/1x1/delapouite/ringmaster.svg
river	delapouite	CC-BY 3.0	svg,png	https://game-icons.net/1x1/delapouite/river.html	curl -O https://game-icons.net/icons/ffffff/000000/1x1/delapouite/river.svg
road	delapouite	CC-BY 3.0	svg,png	https://game-icons.net/1x1/delapouite/road.html	curl -O https://game-icons.net/icons/ffffff/000000/1x1/delapouite/road.svg
robber-mask	delapouite	CC-BY 3.0	svg,png	https://game-icons.net/1x1/delapouite/robber-mask.html	curl -O https://game-icons.net/icons/ffffff/000000/1x1/delapouite/robber-mask.svg
robber	delapouite	CC-BY 3.0	svg,png	https://game-icons.net/1x1/delapouite/robber.html	curl -O https://game-icons.net/icons/ffffff/000000/1x1/delapouite/robber.svg
robin-hood-hat	delapouite	CC-BY 3.0	svg,png	https://game-icons.net/1x1/delapouite/robin-hood-hat.html	curl -O https://game-icons.net/icons/ffffff/000000/1x1/delapouite/robin-hood-hat.svg
robot-antennas	delapouite	CC-BY 3.0	svg,png	https://game-icons.net/1x1/delapouite/robot-antennas.html	curl -O https://game-icons.net/icons/ffffff/000000/1x1/delapouite/robot-antennas.svg
robot-grab	delapouite	CC-BY 3.0	svg,png	https://game-icons.net/1x1/delapouite/robot-grab.html	curl -O https://game-icons.net/icons/ffffff/000000/1x1/delapouite/robot-grab.svg
robot-helmet	delapouite	CC-BY 3.0	svg,png	https://game-icons.net/1x1/delapouite/robot-helmet.html	curl -O https://game-icons.net/icons/ffffff/000000/1x1/delapouite/robot-helmet.svg
robot-leg	delapouite	CC-BY 3.0	svg,png	https://game-icons.net/1x1/delapouite/robot-leg.html	curl -O https://game-icons.net/icons/ffffff/000000/1x1/delapouite/robot-leg.svg
rock-golem	delapouite	CC-BY 3.0	svg,png	https://game-icons.net/1x1/delapouite/rock-golem.html	curl -O https://game-icons.net/icons/ffffff/000000/1x1/delapouite/rock-golem.svg
rocket-thruster	delapouite	CC-BY 3.0	svg,png	https://game-icons.net/1x1/delapouite/rocket-thruster.html	curl -O https://game-icons.net/icons/ffffff/000000/1x1/delapouite/rocket-thruster.svg
rocking-chair	delapouite	CC-BY 3.0	svg,png	https://game-icons.net/1x1/delapouite/rocking-chair.html	curl -O https://game-icons.net/icons/ffffff/000000/1x1/delapouite/rocking-chair.svg
rod-of-asclepius	delapouite	CC-BY 3.0	svg,png	https://game-icons.net/1x1/delapouite/rod-of-asclepius.html	curl -O https://game-icons.net/icons/ffffff/000000/1x1/delapouite/rod-of-asclepius.svg
rolled-cloth	delapouite	CC-BY 3.0	svg,png	https://game-icons.net/1x1/delapouite/rolled-cloth.html	curl -O https://game-icons.net/icons/ffffff/000000/1x1/delapouite/rolled-cloth.svg
roller-skate	delapouite	CC-BY 3.0	svg,png	https://game-icons.net/1x1/delapouite/roller-skate.html	curl -O https://game-icons.net/icons/ffffff/000000/1x1/delapouite/roller-skate.svg
rolling-dice-cup	delapouite	CC-BY 3.0	svg,png	https://game-icons.net/1x1/delapouite/rolling-dice-cup.html	curl -O https://game-icons.net/icons/ffffff/000000/1x1/delapouite/rolling-dice-cup.svg
rolling-dices	delapouite	CC-BY 3.0	svg,png	https://game-icons.net/1x1/delapouite/rolling-dices.html	curl -O https://game-icons.net/icons/ffffff/000000/1x1/delapouite/rolling-dices.svg
roman-shield	delapouite	CC-BY 3.0	svg,png	https://game-icons.net/1x1/delapouite/roman-shield.html	curl -O https://game-icons.net/icons/ffffff/000000/1x1/delapouite/roman-shield.svg
roman-toga	delapouite	CC-BY 3.0	svg,png	https://game-icons.net/1x1/delapouite/roman-toga.html	curl -O https://game-icons.net/icons/ffffff/000000/1x1/delapouite/roman-toga.svg
rooster	delapouite	CC-BY 3.0	svg,png	https://game-icons.net/1x1/delapouite/rooster.html	curl -O https://game-icons.net/icons/ffffff/000000/1x1/delapouite/rooster.svg
rope-bridge	delapouite	CC-BY 3.0	svg,png	https://game-icons.net/1x1/delapouite/rope-bridge.html	curl -O https://game-icons.net/icons/ffffff/000000/1x1/delapouite/rope-bridge.svg
rope-coil	delapouite	CC-BY 3.0	svg,png	https://game-icons.net/1x1/delapouite/rope-coil.html	curl -O https://game-icons.net/icons/ffffff/000000/1x1/delapouite/rope-coil.svg
rope-dart	delapouite	CC-BY 3.0	svg,png	https://game-icons.net/1x1/delapouite/rope-dart.html	curl -O https://game-icons.net/icons/ffffff/000000/1x1/delapouite/rope-dart.svg
ropeway	delapouite	CC-BY 3.0	svg,png	https://game-icons.net/1x1/delapouite/ropeway.html	curl -O https://game-icons.net/icons/ffffff/000000/1x1/delapouite/ropeway.svg
round-knob	delapouite	CC-BY 3.0	svg,png	https://game-icons.net/1x1/delapouite/round-knob.html	curl -O https://game-icons.net/icons/ffffff/000000/1x1/delapouite/round-knob.svg
round-silo	delapouite	CC-BY 3.0	svg,png	https://game-icons.net/1x1/delapouite/round-silo.html	curl -O https://game-icons.net/icons/ffffff/000000/1x1/delapouite/round-silo.svg
round-star	delapouite	CC-BY 3.0	svg,png	https://game-icons.net/1x1/delapouite/round-star.html	curl -O https://game-icons.net/icons/ffffff/000000/1x1/delapouite/round-star.svg
round-straw-bale	delapouite	CC-BY 3.0	svg,png	https://game-icons.net/1x1/delapouite/round-straw-bale.html	curl -O https://game-icons.net/icons/ffffff/000000/1x1/delapouite/round-straw-bale.svg
round-table	delapouite	CC-BY 3.0	svg,png	https://game-icons.net/1x1/delapouite/round-table.html	curl -O https://game-icons.net/icons/ffffff/000000/1x1/delapouite/round-table.svg
rss	delapouite	CC-BY 3.0	svg,png	https://game-icons.net/1x1/delapouite/rss.html	curl -O https://game-icons.net/icons/ffffff/000000/1x1/delapouite/rss.svg
rub-el-hizb	delapouite	CC-BY 3.0	svg,png	https://game-icons.net/1x1/delapouite/rub-el-hizb.html	curl -O https://game-icons.net/icons/ffffff/000000/1x1/delapouite/rub-el-hizb.svg
rubber-boot	delapouite	CC-BY 3.0	svg,png	https://game-icons.net/1x1/delapouite/rubber-boot.html	curl -O https://game-icons.net/icons/ffffff/000000/1x1/delapouite/rubber-boot.svg
rugby-conversion	delapouite	CC-BY 3.0	svg,png	https://game-icons.net/1x1/delapouite/rugby-conversion.html	curl -O https://game-icons.net/icons/ffffff/000000/1x1/delapouite/rugby-conversion.svg
rule-book	delapouite	CC-BY 3.0	svg,png	https://game-icons.net/1x1/delapouite/rule-book.html	curl -O https://game-icons.net/icons/ffffff/000000/1x1/delapouite/rule-book.svg
running-shoe	delapouite	CC-BY 3.0	svg,png	https://game-icons.net/1x1/delapouite/running-shoe.html	curl -O https://game-icons.net/icons/ffffff/000000/1x1/delapouite/running-shoe.svg
rupee	delapouite	CC-BY 3.0	svg,png	https://game-icons.net/1x1/delapouite/rupee.html	curl -O https://game-icons.net/icons/ffffff/000000/1x1/delapouite/rupee.svg
rusty-sword	delapouite	CC-BY 3.0	svg,png	https://game-icons.net/1x1/delapouite/rusty-sword.html	curl -O https://game-icons.net/icons/ffffff/000000/1x1/delapouite/rusty-sword.svg
s-brick	delapouite	CC-BY 3.0	svg,png	https://game-icons.net/1x1/delapouite/s-brick.html	curl -O https://game-icons.net/icons/ffffff/000000/1x1/delapouite/s-brick.svg
saber-and-pistol	delapouite	CC-BY 3.0	svg,png	https://game-icons.net/1x1/delapouite/saber-and-pistol.html	curl -O https://game-icons.net/icons/ffffff/000000/1x1/delapouite/saber-and-pistol.svg
saber-toothed-cat-head	delapouite	CC-BY 3.0	svg,png	https://game-icons.net/1x1/delapouite/saber-toothed-cat-head.html	curl -O https://game-icons.net/icons/ffffff/000000/1x1/delapouite/saber-toothed-cat-head.svg
saddle	delapouite	CC-BY 3.0	svg,png	https://game-icons.net/1x1/delapouite/saddle.html	curl -O https://game-icons.net/icons/ffffff/000000/1x1/delapouite/saddle.svg
safety-pin	delapouite	CC-BY 3.0	svg,png	https://game-icons.net/1x1/delapouite/safety-pin.html	curl -O https://game-icons.net/icons/ffffff/000000/1x1/delapouite/safety-pin.svg
sagittarius	delapouite	CC-BY 3.0	svg,png	https://game-icons.net/1x1/delapouite/sagittarius.html	curl -O https://game-icons.net/icons/ffffff/000000/1x1/delapouite/sagittarius.svg
sai	delapouite	CC-BY 3.0	svg,png	https://game-icons.net/1x1/delapouite/sai.html	curl -O https://game-icons.net/icons/ffffff/000000/1x1/delapouite/sai.svg
sail	delapouite	CC-BY 3.0	svg,png	https://game-icons.net/1x1/delapouite/sail.html	curl -O https://game-icons.net/icons/ffffff/000000/1x1/delapouite/sail.svg
sailboat	delapouite	CC-BY 3.0	svg,png	https://game-icons.net/1x1/delapouite/sailboat.html	curl -O https://game-icons.net/icons/ffffff/000000/1x1/delapouite/sailboat.svg
saint-basil-cathedral	delapouite	CC-BY 3.0	svg,png	https://game-icons.net/1x1/delapouite/saint-basil-cathedral.html	curl -O https://game-icons.net/icons/ffffff/000000/1x1/delapouite/saint-basil-cathedral.svg
saiyan-suit	delapouite	CC-BY 3.0	svg,png	https://game-icons.net/1x1/delapouite/saiyan-suit.html	curl -O https://game-icons.net/icons/ffffff/000000/1x1/delapouite/saiyan-suit.svg
saloon-doors	delapouite	CC-BY 3.0	svg,png	https://game-icons.net/1x1/delapouite/saloon-doors.html	curl -O https://game-icons.net/icons/ffffff/000000/1x1/delapouite/saloon-doors.svg
saloon	delapouite	CC-BY 3.0	svg,png	https://game-icons.net/1x1/delapouite/saloon.html	curl -O https://game-icons.net/icons/ffffff/000000/1x1/delapouite/saloon.svg
samara-mosque	delapouite	CC-BY 3.0	svg,png	https://game-icons.net/1x1/delapouite/samara-mosque.html	curl -O https://game-icons.net/icons/ffffff/000000/1x1/delapouite/samara-mosque.svg
samurai-helmet	delapouite	CC-BY 3.0	svg,png	https://game-icons.net/1x1/delapouite/samurai-helmet.html	curl -O https://game-icons.net/icons/ffffff/000000/1x1/delapouite/samurai-helmet.svg
samus-helmet	delapouite	CC-BY 3.0	svg,png	https://game-icons.net/1x1/delapouite/samus-helmet.html	curl -O https://game-icons.net/icons/ffffff/000000/1x1/delapouite/samus-helmet.svg
sand-castle	delapouite	CC-BY 3.0	svg,png	https://game-icons.net/1x1/delapouite/sand-castle.html	curl -O https://game-icons.net/icons/ffffff/000000/1x1/delapouite/sand-castle.svg
sand-snake	delapouite	CC-BY 3.0	svg,png	https://game-icons.net/1x1/delapouite/sand-snake.html	curl -O https://game-icons.net/icons/ffffff/000000/1x1/delapouite/sand-snake.svg
sandal	delapouite	CC-BY 3.0	svg,png	https://game-icons.net/1x1/delapouite/sandal.html	curl -O https://game-icons.net/icons/ffffff/000000/1x1/delapouite/sandal.svg
sandstorm	delapouite	CC-BY 3.0	svg,png	https://game-icons.net/1x1/delapouite/sandstorm.html	curl -O https://game-icons.net/icons/ffffff/000000/1x1/delapouite/sandstorm.svg
sandwich	delapouite	CC-BY 3.0	svg,png	https://game-icons.net/1x1/delapouite/sandwich.html	curl -O https://game-icons.net/icons/ffffff/000000/1x1/delapouite/sandwich.svg
santa-hat	delapouite	CC-BY 3.0	svg,png	https://game-icons.net/1x1/delapouite/santa-hat.html	curl -O https://game-icons.net/icons/ffffff/000000/1x1/delapouite/santa-hat.svg
sarcophagus	delapouite	CC-BY 3.0	svg,png	https://game-icons.net/1x1/delapouite/sarcophagus.html	curl -O https://game-icons.net/icons/ffffff/000000/1x1/delapouite/sarcophagus.svg
sasquatch	delapouite	CC-BY 3.0	svg,png	https://game-icons.net/1x1/delapouite/sasquatch.html	curl -O https://game-icons.net/icons/ffffff/000000/1x1/delapouite/sasquatch.svg
satellite-communication	delapouite	CC-BY 3.0	svg,png	https://game-icons.net/1x1/delapouite/satellite-communication.html	curl -O https://game-icons.net/icons/ffffff/000000/1x1/delapouite/satellite-communication.svg
sauropod-head	delapouite	CC-BY 3.0	svg,png	https://game-icons.net/1x1/delapouite/sauropod-head.html	curl -O https://game-icons.net/icons/ffffff/000000/1x1/delapouite/sauropod-head.svg
sausage	delapouite	CC-BY 3.0	svg,png	https://game-icons.net/1x1/delapouite/sausage.html	curl -O https://game-icons.net/icons/ffffff/000000/1x1/delapouite/sausage.svg
sausages-ribbon	delapouite	CC-BY 3.0	svg,png	https://game-icons.net/1x1/delapouite/sausages-ribbon.html	curl -O https://game-icons.net/icons/ffffff/000000/1x1/delapouite/sausages-ribbon.svg
save-arrow	delapouite	CC-BY 3.0	svg,png	https://game-icons.net/1x1/delapouite/save-arrow.html	curl -O https://game-icons.net/icons/ffffff/000000/1x1/delapouite/save-arrow.svg
save	delapouite	CC-BY 3.0	svg,png	https://game-icons.net/1x1/delapouite/save.html	curl -O https://game-icons.net/icons/ffffff/000000/1x1/delapouite/save.svg
sawed-off-shotgun	delapouite	CC-BY 3.0	svg,png	https://game-icons.net/1x1/delapouite/sawed-off-shotgun.html	curl -O https://game-icons.net/icons/ffffff/000000/1x1/delapouite/sawed-off-shotgun.svg
saxophone	delapouite	CC-BY 3.0	svg,png	https://game-icons.net/1x1/delapouite/saxophone.html	curl -O https://game-icons.net/icons/ffffff/000000/1x1/delapouite/saxophone.svg
scabbard	delapouite	CC-BY 3.0	svg,png	https://game-icons.net/1x1/delapouite/scabbard.html	curl -O https://game-icons.net/icons/ffffff/000000/1x1/delapouite/scabbard.svg
school-bag	delapouite	CC-BY 3.0	svg,png	https://game-icons.net/1x1/delapouite/school-bag.html	curl -O https://game-icons.net/icons/ffffff/000000/1x1/delapouite/school-bag.svg
school-of-fish	delapouite	CC-BY 3.0	svg,png	https://game-icons.net/1x1/delapouite/school-of-fish.html	curl -O https://game-icons.net/icons/ffffff/000000/1x1/delapouite/school-of-fish.svg
scooter	delapouite	CC-BY 3.0	svg,png	https://game-icons.net/1x1/delapouite/scooter.html	curl -O https://game-icons.net/icons/ffffff/000000/1x1/delapouite/scooter.svg
scorpio	delapouite	CC-BY 3.0	svg,png	https://game-icons.net/1x1/delapouite/scorpio.html	curl -O https://game-icons.net/icons/ffffff/000000/1x1/delapouite/scorpio.svg
scout-ship	delapouite	CC-BY 3.0	svg,png	https://game-icons.net/1x1/delapouite/scout-ship.html	curl -O https://game-icons.net/icons/ffffff/000000/1x1/delapouite/scout-ship.svg
screw	delapouite	CC-BY 3.0	svg,png	https://game-icons.net/1x1/delapouite/screw.html	curl -O https://game-icons.net/icons/ffffff/000000/1x1/delapouite/screw.svg
scroll-quill	delapouite	CC-BY 3.0	svg,png	https://game-icons.net/1x1/delapouite/scroll-quill.html	curl -O https://game-icons.net/icons/ffffff/000000/1x1/delapouite/scroll-quill.svg
scuba-mask	delapouite	CC-BY 3.0	svg,png	https://game-icons.net/1x1/delapouite/scuba-mask.html	curl -O https://game-icons.net/icons/ffffff/000000/1x1/delapouite/scuba-mask.svg
scuba-tanks	delapouite	CC-BY 3.0	svg,png	https://game-icons.net/1x1/delapouite/scuba-tanks.html	curl -O https://game-icons.net/icons/ffffff/000000/1x1/delapouite/scuba-tanks.svg
sea-cliff	delapouite	CC-BY 3.0	svg,png	https://game-icons.net/1x1/delapouite/sea-cliff.html	curl -O https://game-icons.net/icons/ffffff/000000/1x1/delapouite/sea-cliff.svg
sea-star	delapouite	CC-BY 3.0	svg,png	https://game-icons.net/1x1/delapouite/sea-star.html	curl -O https://game-icons.net/icons/ffffff/000000/1x1/delapouite/sea-star.svg
sea-turtle	delapouite	CC-BY 3.0	svg,png	https://game-icons.net/1x1/delapouite/sea-turtle.html	curl -O https://game-icons.net/icons/ffffff/000000/1x1/delapouite/sea-turtle.svg
sea-urchin	delapouite	CC-BY 3.0	svg,png	https://game-icons.net/1x1/delapouite/sea-urchin.html	curl -O https://game-icons.net/icons/ffffff/000000/1x1/delapouite/sea-urchin.svg
seagull	delapouite	CC-BY 3.0	svg,png	https://game-icons.net/1x1/delapouite/seagull.html	curl -O https://game-icons.net/icons/ffffff/000000/1x1/delapouite/seagull.svg
seahorse	delapouite	CC-BY 3.0	svg,png	https://game-icons.net/1x1/delapouite/seahorse.html	curl -O https://game-icons.net/icons/ffffff/000000/1x1/delapouite/seahorse.svg
secret-book	delapouite	CC-BY 3.0	svg,png	https://game-icons.net/1x1/delapouite/secret-book.html	curl -O https://game-icons.net/icons/ffffff/000000/1x1/delapouite/secret-book.svg
secret-door	delapouite	CC-BY 3.0	svg,png	https://game-icons.net/1x1/delapouite/secret-door.html	curl -O https://game-icons.net/icons/ffffff/000000/1x1/delapouite/secret-door.svg
security-gate	delapouite	CC-BY 3.0	svg,png	https://game-icons.net/1x1/delapouite/security-gate.html	curl -O https://game-icons.net/icons/ffffff/000000/1x1/delapouite/security-gate.svg
seedling	delapouite	CC-BY 3.0	svg,png	https://game-icons.net/1x1/delapouite/seedling.html	curl -O https://game-icons.net/icons/ffffff/000000/1x1/delapouite/seedling.svg
sell-card	delapouite	CC-BY 3.0	svg,png	https://game-icons.net/1x1/delapouite/sell-card.html	curl -O https://game-icons.net/icons/ffffff/000000/1x1/delapouite/sell-card.svg
sergeant	delapouite	CC-BY 3.0	svg,png	https://game-icons.net/1x1/delapouite/sergeant.html	curl -O https://game-icons.net/icons/ffffff/000000/1x1/delapouite/sergeant.svg
server-rack	delapouite	CC-BY 3.0	svg,png	https://game-icons.net/1x1/delapouite/server-rack.html	curl -O https://game-icons.net/icons/ffffff/000000/1x1/delapouite/server-rack.svg
sesame	delapouite	CC-BY 3.0	svg,png	https://game-icons.net/1x1/delapouite/sesame.html	curl -O https://game-icons.net/icons/ffffff/000000/1x1/delapouite/sesame.svg
settings-knobs	delapouite	CC-BY 3.0	svg,png	https://game-icons.net/1x1/delapouite/settings-knobs.html	curl -O https://game-icons.net/icons/ffffff/000000/1x1/delapouite/settings-knobs.svg
seven-pointed-star	delapouite	CC-BY 3.0	svg,png	https://game-icons.net/1x1/delapouite/seven-pointed-star.html	curl -O https://game-icons.net/icons/ffffff/000000/1x1/delapouite/seven-pointed-star.svg
sewing-string	delapouite	CC-BY 3.0	svg,png	https://game-icons.net/1x1/delapouite/sewing-string.html	curl -O https://game-icons.net/icons/ffffff/000000/1x1/delapouite/sewing-string.svg
sextant	delapouite	CC-BY 3.0	svg,png	https://game-icons.net/1x1/delapouite/sextant.html	curl -O https://game-icons.net/icons/ffffff/000000/1x1/delapouite/sextant.svg
shaking-hands	delapouite	CC-BY 3.0	svg,png	https://game-icons.net/1x1/delapouite/shaking-hands.html	curl -O https://game-icons.net/icons/ffffff/000000/1x1/delapouite/shaking-hands.svg
shambling-mound	delapouite	CC-BY 3.0	svg,png	https://game-icons.net/1x1/delapouite/shambling-mound.html	curl -O https://game-icons.net/icons/ffffff/000000/1x1/delapouite/shambling-mound.svg
shambling-zombie	delapouite	CC-BY 3.0	svg,png	https://game-icons.net/1x1/delapouite/shambling-zombie.html	curl -O https://game-icons.net/icons/ffffff/000000/1x1/delapouite/shambling-zombie.svg
shamrock	delapouite	CC-BY 3.0	svg,png	https://game-icons.net/1x1/delapouite/shamrock.html	curl -O https://game-icons.net/icons/ffffff/000000/1x1/delapouite/shamrock.svg
share	delapouite	CC-BY 3.0	svg,png	https://game-icons.net/1x1/delapouite/share.html	curl -O https://game-icons.net/icons/ffffff/000000/1x1/delapouite/share.svg
shark-bite	delapouite	CC-BY 3.0	svg,png	https://game-icons.net/1x1/delapouite/shark-bite.html	curl -O https://game-icons.net/icons/ffffff/000000/1x1/delapouite/shark-bite.svg
shark-fin	delapouite	CC-BY 3.0	svg,png	https://game-icons.net/1x1/delapouite/shark-fin.html	curl -O https://game-icons.net/icons/ffffff/000000/1x1/delapouite/shark-fin.svg
sharp-axe	delapouite	CC-BY 3.0	svg,png	https://game-icons.net/1x1/delapouite/sharp-axe.html	curl -O https://game-icons.net/icons/ffffff/000000/1x1/delapouite/sharp-axe.svg
sharp-halberd	delapouite	CC-BY 3.0	svg,png	https://game-icons.net/1x1/delapouite/sharp-halberd.html	curl -O https://game-icons.net/icons/ffffff/000000/1x1/delapouite/sharp-halberd.svg
shattered-heart	delapouite	CC-BY 3.0	svg,png	https://game-icons.net/1x1/delapouite/shattered-heart.html	curl -O https://game-icons.net/icons/ffffff/000000/1x1/delapouite/shattered-heart.svg
shears	delapouite	CC-BY 3.0	svg,png	https://game-icons.net/1x1/delapouite/shears.html	curl -O https://game-icons.net/icons/ffffff/000000/1x1/delapouite/shears.svg
sheep	delapouite	CC-BY 3.0	svg,png	https://game-icons.net/1x1/delapouite/sheep.html	curl -O https://game-icons.net/icons/ffffff/000000/1x1/delapouite/sheep.svg
sherlock-holmes	delapouite	CC-BY 3.0	svg,png	https://game-icons.net/1x1/delapouite/sherlock-holmes.html	curl -O https://game-icons.net/icons/ffffff/000000/1x1/delapouite/sherlock-holmes.svg
shield-bash	delapouite	CC-BY 3.0	svg,png	https://game-icons.net/1x1/delapouite/shield-bash.html	curl -O https://game-icons.net/icons/ffffff/000000/1x1/delapouite/shield-bash.svg
shield-impact	delapouite	CC-BY 3.0	svg,png	https://game-icons.net/1x1/delapouite/shield-impact.html	curl -O https://game-icons.net/icons/ffffff/000000/1x1/delapouite/shield-impact.svg
shield-opposition	delapouite	CC-BY 3.0	svg,png	https://game-icons.net/1x1/delapouite/shield-opposition.html	curl -O https://game-icons.net/icons/ffffff/000000/1x1/delapouite/shield-opposition.svg
shinto-shrine-mirror	delapouite	CC-BY 3.0	svg,png	https://game-icons.net/1x1/delapouite/shinto-shrine-mirror.html	curl -O https://game-icons.net/icons/ffffff/000000/1x1/delapouite/shinto-shrine-mirror.svg
shinto-shrine	delapouite	CC-BY 3.0	svg,png	https://game-icons.net/1x1/delapouite/shinto-shrine.html	curl -O https://game-icons.net/icons/ffffff/000000/1x1/delapouite/shinto-shrine.svg
ship-bow	delapouite	CC-BY 3.0	svg,png	https://game-icons.net/1x1/delapouite/ship-bow.html	curl -O https://game-icons.net/icons/ffffff/000000/1x1/delapouite/ship-bow.svg
ship-wheel	delapouite	CC-BY 3.0	svg,png	https://game-icons.net/1x1/delapouite/ship-wheel.html	curl -O https://game-icons.net/icons/ffffff/000000/1x1/delapouite/ship-wheel.svg
ship-wreck	delapouite	CC-BY 3.0	svg,png	https://game-icons.net/1x1/delapouite/ship-wreck.html	curl -O https://game-icons.net/icons/ffffff/000000/1x1/delapouite/ship-wreck.svg
shirt-button	delapouite	CC-BY 3.0	svg,png	https://game-icons.net/1x1/delapouite/shirt-button.html	curl -O https://game-icons.net/icons/ffffff/000000/1x1/delapouite/shirt-button.svg
shoebill-stork	delapouite	CC-BY 3.0	svg,png	https://game-icons.net/1x1/delapouite/shoebill-stork.html	curl -O https://game-icons.net/icons/ffffff/000000/1x1/delapouite/shoebill-stork.svg
shop	delapouite	CC-BY 3.0	svg,png	https://game-icons.net/1x1/delapouite/shop.html	curl -O https://game-icons.net/icons/ffffff/000000/1x1/delapouite/shop.svg
shopping-bag	delapouite	CC-BY 3.0	svg,png	https://game-icons.net/1x1/delapouite/shopping-bag.html	curl -O https://game-icons.net/icons/ffffff/000000/1x1/delapouite/shopping-bag.svg
shopping-cart	delapouite	CC-BY 3.0	svg,png	https://game-icons.net/1x1/delapouite/shopping-cart.html	curl -O https://game-icons.net/icons/ffffff/000000/1x1/delapouite/shopping-cart.svg
shorts	delapouite	CC-BY 3.0	svg,png	https://game-icons.net/1x1/delapouite/shorts.html	curl -O https://game-icons.net/icons/ffffff/000000/1x1/delapouite/shorts.svg
shotgun-rounds	delapouite	CC-BY 3.0	svg,png	https://game-icons.net/1x1/delapouite/shotgun-rounds.html	curl -O https://game-icons.net/icons/ffffff/000000/1x1/delapouite/shotgun-rounds.svg
shoulder-armor	delapouite	CC-BY 3.0	svg,png	https://game-icons.net/1x1/delapouite/shoulder-armor.html	curl -O https://game-icons.net/icons/ffffff/000000/1x1/delapouite/shoulder-armor.svg
shoulder-bag	delapouite	CC-BY 3.0	svg,png	https://game-icons.net/1x1/delapouite/shoulder-bag.html	curl -O https://game-icons.net/icons/ffffff/000000/1x1/delapouite/shoulder-bag.svg
shower	delapouite	CC-BY 3.0	svg,png	https://game-icons.net/1x1/delapouite/shower.html	curl -O https://game-icons.net/icons/ffffff/000000/1x1/delapouite/shower.svg
shrimp	delapouite	CC-BY 3.0	svg,png	https://game-icons.net/1x1/delapouite/shrimp.html	curl -O https://game-icons.net/icons/ffffff/000000/1x1/delapouite/shrimp.svg
shrug	delapouite	CC-BY 3.0	svg,png	https://game-icons.net/1x1/delapouite/shrug.html	curl -O https://game-icons.net/icons/ffffff/000000/1x1/delapouite/shrug.svg
shuttlecock	delapouite	CC-BY 3.0	svg,png	https://game-icons.net/1x1/delapouite/shuttlecock.html	curl -O https://game-icons.net/icons/ffffff/000000/1x1/delapouite/shuttlecock.svg
sickle	delapouite	CC-BY 3.0	svg,png	https://game-icons.net/1x1/delapouite/sickle.html	curl -O https://game-icons.net/icons/ffffff/000000/1x1/delapouite/sickle.svg
siege-tower	delapouite	CC-BY 3.0	svg,png	https://game-icons.net/1x1/delapouite/siege-tower.html	curl -O https://game-icons.net/icons/ffffff/000000/1x1/delapouite/siege-tower.svg
silenced	delapouite	CC-BY 3.0	svg,png	https://game-icons.net/1x1/delapouite/silenced.html	curl -O https://game-icons.net/icons/ffffff/000000/1x1/delapouite/silenced.svg
silex	delapouite	CC-BY 3.0	svg,png	https://game-icons.net/1x1/delapouite/silex.html	curl -O https://game-icons.net/icons/ffffff/000000/1x1/delapouite/silex.svg
silver-bullet	delapouite	CC-BY 3.0	svg,png	https://game-icons.net/1x1/delapouite/silver-bullet.html	curl -O https://game-icons.net/icons/ffffff/000000/1x1/delapouite/silver-bullet.svg
sinagot	delapouite	CC-BY 3.0	svg,png	https://game-icons.net/1x1/delapouite/sinagot.html	curl -O https://game-icons.net/icons/ffffff/000000/1x1/delapouite/sinagot.svg
sinking-ship	delapouite	CC-BY 3.0	svg,png	https://game-icons.net/1x1/delapouite/sinking-ship.html	curl -O https://game-icons.net/icons/ffffff/000000/1x1/delapouite/sinking-ship.svg
sitting-dog	delapouite	CC-BY 3.0	svg,png	https://game-icons.net/1x1/delapouite/sitting-dog.html	curl -O https://game-icons.net/icons/ffffff/000000/1x1/delapouite/sitting-dog.svg
skateboard	delapouite	CC-BY 3.0	svg,png	https://game-icons.net/1x1/delapouite/skateboard.html	curl -O https://game-icons.net/icons/ffffff/000000/1x1/delapouite/skateboard.svg
skeletal-hand	delapouite	CC-BY 3.0	svg,png	https://game-icons.net/1x1/delapouite/skeletal-hand.html	curl -O https://game-icons.net/icons/ffffff/000000/1x1/delapouite/skeletal-hand.svg
ski-boot	delapouite	CC-BY 3.0	svg,png	https://game-icons.net/1x1/delapouite/ski-boot.html	curl -O https://game-icons.net/icons/ffffff/000000/1x1/delapouite/ski-boot.svg
skier	delapouite	CC-BY 3.0	svg,png	https://game-icons.net/1x1/delapouite/skier.html	curl -O https://game-icons.net/icons/ffffff/000000/1x1/delapouite/skier.svg
skills	delapouite	CC-BY 3.0	svg,png	https://game-icons.net/1x1/delapouite/skills.html	curl -O https://game-icons.net/icons/ffffff/000000/1x1/delapouite/skills.svg
skimmer-hat	delapouite	CC-BY 3.0	svg,png	https://game-icons.net/1x1/delapouite/skimmer-hat.html	curl -O https://game-icons.net/icons/ffffff/000000/1x1/delapouite/skimmer-hat.svg
skipping-rope	delapouite	CC-BY 3.0	svg,png	https://game-icons.net/1x1/delapouite/skipping-rope.html	curl -O https://game-icons.net/icons/ffffff/000000/1x1/delapouite/skipping-rope.svg
skirt	delapouite	CC-BY 3.0	svg,png	https://game-icons.net/1x1/delapouite/skirt.html	curl -O https://game-icons.net/icons/ffffff/000000/1x1/delapouite/skirt.svg
skis	delapouite	CC-BY 3.0	svg,png	https://game-icons.net/1x1/delapouite/skis.html	curl -O https://game-icons.net/icons/ffffff/000000/1x1/delapouite/skis.svg
skull-staff	delapouite	CC-BY 3.0	svg,png	https://game-icons.net/1x1/delapouite/skull-staff.html	curl -O https://game-icons.net/icons/ffffff/000000/1x1/delapouite/skull-staff.svg
slalom	delapouite	CC-BY 3.0	svg,png	https://game-icons.net/1x1/delapouite/slalom.html	curl -O https://game-icons.net/icons/ffffff/000000/1x1/delapouite/slalom.svg
sleeping-bag	delapouite	CC-BY 3.0	svg,png	https://game-icons.net/1x1/delapouite/sleeping-bag.html	curl -O https://game-icons.net/icons/ffffff/000000/1x1/delapouite/sleeping-bag.svg
sleeveless-jacket	delapouite	CC-BY 3.0	svg,png	https://game-icons.net/1x1/delapouite/sleeveless-jacket.html	curl -O https://game-icons.net/icons/ffffff/000000/1x1/delapouite/sleeveless-jacket.svg
sleeveless-top	delapouite	CC-BY 3.0	svg,png	https://game-icons.net/1x1/delapouite/sleeveless-top.html	curl -O https://game-icons.net/icons/ffffff/000000/1x1/delapouite/sleeveless-top.svg
sliced-mushroom	delapouite	CC-BY 3.0	svg,png	https://game-icons.net/1x1/delapouite/sliced-mushroom.html	curl -O https://game-icons.net/icons/ffffff/000000/1x1/delapouite/sliced-mushroom.svg
sliced-sausage	delapouite	CC-BY 3.0	svg,png	https://game-icons.net/1x1/delapouite/sliced-sausage.html	curl -O https://game-icons.net/icons/ffffff/000000/1x1/delapouite/sliced-sausage.svg
slime	delapouite	CC-BY 3.0	svg,png	https://game-icons.net/1x1/delapouite/slime.html	curl -O https://game-icons.net/icons/ffffff/000000/1x1/delapouite/slime.svg
sling	delapouite	CC-BY 3.0	svg,png	https://game-icons.net/1x1/delapouite/sling.html	curl -O https://game-icons.net/icons/ffffff/000000/1x1/delapouite/sling.svg
slingshot	delapouite	CC-BY 3.0	svg,png	https://game-icons.net/1x1/delapouite/slingshot.html	curl -O https://game-icons.net/icons/ffffff/000000/1x1/delapouite/slingshot.svg
slipknot	delapouite	CC-BY 3.0	svg,png	https://game-icons.net/1x1/delapouite/slipknot.html	curl -O https://game-icons.net/icons/ffffff/000000/1x1/delapouite/slipknot.svg
slippers	delapouite	CC-BY 3.0	svg,png	https://game-icons.net/1x1/delapouite/slippers.html	curl -O https://game-icons.net/icons/ffffff/000000/1x1/delapouite/slippers.svg
slumbering-sanctuary	delapouite	CC-BY 3.0	svg,png	https://game-icons.net/1x1/delapouite/slumbering-sanctuary.html	curl -O https://game-icons.net/icons/ffffff/000000/1x1/delapouite/slumbering-sanctuary.svg
smart	delapouite	CC-BY 3.0	svg,png	https://game-icons.net/1x1/delapouite/smart.html	curl -O https://game-icons.net/icons/ffffff/000000/1x1/delapouite/smart.svg
smartphone	delapouite	CC-BY 3.0	svg,png	https://game-icons.net/1x1/delapouite/smartphone.html	curl -O https://game-icons.net/icons/ffffff/000000/1x1/delapouite/smartphone.svg
smoking-pipe	delapouite	CC-BY 3.0	svg,png	https://game-icons.net/1x1/delapouite/smoking-pipe.html	curl -O https://game-icons.net/icons/ffffff/000000/1x1/delapouite/smoking-pipe.svg
smoking-volcano	delapouite	CC-BY 3.0	svg,png	https://game-icons.net/1x1/delapouite/smoking-volcano.html	curl -O https://game-icons.net/icons/ffffff/000000/1x1/delapouite/smoking-volcano.svg
snail-eyes	delapouite	CC-BY 3.0	svg,png	https://game-icons.net/1x1/delapouite/snail-eyes.html	curl -O https://game-icons.net/icons/ffffff/000000/1x1/delapouite/snail-eyes.svg
snake-egg	delapouite	CC-BY 3.0	svg,png	https://game-icons.net/1x1/delapouite/snake-egg.html	curl -O https://game-icons.net/icons/ffffff/000000/1x1/delapouite/snake-egg.svg
snake-jar	delapouite	CC-BY 3.0	svg,png	https://game-icons.net/1x1/delapouite/snake-jar.html	curl -O https://game-icons.net/icons/ffffff/000000/1x1/delapouite/snake-jar.svg
snake-spiral	delapouite	CC-BY 3.0	svg,png	https://game-icons.net/1x1/delapouite/snake-spiral.html	curl -O https://game-icons.net/icons/ffffff/000000/1x1/delapouite/snake-spiral.svg
snake-tongue	delapouite	CC-BY 3.0	svg,png	https://game-icons.net/1x1/delapouite/snake-tongue.html	curl -O https://game-icons.net/icons/ffffff/000000/1x1/delapouite/snake-tongue.svg
sniffing-dog	delapouite	CC-BY 3.0	svg,png	https://game-icons.net/1x1/delapouite/sniffing-dog.html	curl -O https://game-icons.net/icons/ffffff/000000/1x1/delapouite/sniffing-dog.svg
snitch-quidditch-ball	delapouite	CC-BY 3.0	svg,png	https://game-icons.net/1x1/delapouite/snitch-quidditch-ball.html	curl -O https://game-icons.net/icons/ffffff/000000/1x1/delapouite/snitch-quidditch-ball.svg
snowboard	delapouite	CC-BY 3.0	svg,png	https://game-icons.net/1x1/delapouite/snowboard.html	curl -O https://game-icons.net/icons/ffffff/000000/1x1/delapouite/snowboard.svg
soap	delapouite	CC-BY 3.0	svg,png	https://game-icons.net/1x1/delapouite/soap.html	curl -O https://game-icons.net/icons/ffffff/000000/1x1/delapouite/soap.svg
soccer-ball	delapouite	CC-BY 3.0	svg,png	https://game-icons.net/1x1/delapouite/soccer-ball.html	curl -O https://game-icons.net/icons/ffffff/000000/1x1/delapouite/soccer-ball.svg
soccer-field	delapouite	CC-BY 3.0	svg,png	https://game-icons.net/1x1/delapouite/soccer-field.html	curl -O https://game-icons.net/icons/ffffff/000000/1x1/delapouite/soccer-field.svg
soccer-kick	delapouite	CC-BY 3.0	svg,png	https://game-icons.net/1x1/delapouite/soccer-kick.html	curl -O https://game-icons.net/icons/ffffff/000000/1x1/delapouite/soccer-kick.svg
socks	delapouite	CC-BY 3.0	svg,png	https://game-icons.net/1x1/delapouite/socks.html	curl -O https://game-icons.net/icons/ffffff/000000/1x1/delapouite/socks.svg
sofa	delapouite	CC-BY 3.0	svg,png	https://game-icons.net/1x1/delapouite/sofa.html	curl -O https://game-icons.net/icons/ffffff/000000/1x1/delapouite/sofa.svg
solar-system	delapouite	CC-BY 3.0	svg,png	https://game-icons.net/1x1/delapouite/solar-system.html	curl -O https://game-icons.net/icons/ffffff/000000/1x1/delapouite/solar-system.svg
solar-time	delapouite	CC-BY 3.0	svg,png	https://game-icons.net/1x1/delapouite/solar-time.html	curl -O https://game-icons.net/icons/ffffff/000000/1x1/delapouite/solar-time.svg
solid-leaf	delapouite	CC-BY 3.0	svg,png	https://game-icons.net/1x1/delapouite/solid-leaf.html	curl -O https://game-icons.net/icons/ffffff/000000/1x1/delapouite/solid-leaf.svg
sombrero	delapouite	CC-BY 3.0	svg,png	https://game-icons.net/1x1/delapouite/sombrero.html	curl -O https://game-icons.net/icons/ffffff/000000/1x1/delapouite/sombrero.svg
sonic-shoes	delapouite	CC-BY 3.0	svg,png	https://game-icons.net/1x1/delapouite/sonic-shoes.html	curl -O https://game-icons.net/icons/ffffff/000000/1x1/delapouite/sonic-shoes.svg
soul-vessel	delapouite	CC-BY 3.0	svg,png	https://game-icons.net/1x1/delapouite/soul-vessel.html	curl -O https://game-icons.net/icons/ffffff/000000/1x1/delapouite/soul-vessel.svg
soul	delapouite	CC-BY 3.0	svg,png	https://game-icons.net/1x1/delapouite/soul.html	curl -O https://game-icons.net/icons/ffffff/000000/1x1/delapouite/soul.svg
sound-off	delapouite	CC-BY 3.0	svg,png	https://game-icons.net/1x1/delapouite/sound-off.html	curl -O https://game-icons.net/icons/ffffff/000000/1x1/delapouite/sound-off.svg
sound-on	delapouite	CC-BY 3.0	svg,png	https://game-icons.net/1x1/delapouite/sound-on.html	curl -O https://game-icons.net/icons/ffffff/000000/1x1/delapouite/sound-on.svg
south-africa-flag	delapouite	CC-BY 3.0	svg,png	https://game-icons.net/1x1/delapouite/south-africa-flag.html	curl -O https://game-icons.net/icons/ffffff/000000/1x1/delapouite/south-africa-flag.svg
south-africa	delapouite	CC-BY 3.0	svg,png	https://game-icons.net/1x1/delapouite/south-africa.html	curl -O https://game-icons.net/icons/ffffff/000000/1x1/delapouite/south-africa.svg
south-america	delapouite	CC-BY 3.0	svg,png	https://game-icons.net/1x1/delapouite/south-america.html	curl -O https://game-icons.net/icons/ffffff/000000/1x1/delapouite/south-america.svg
south-korea	delapouite	CC-BY 3.0	svg,png	https://game-icons.net/1x1/delapouite/south-korea.html	curl -O https://game-icons.net/icons/ffffff/000000/1x1/delapouite/south-korea.svg
space-needle	delapouite	CC-BY 3.0	svg,png	https://game-icons.net/1x1/delapouite/space-needle.html	curl -O https://game-icons.net/icons/ffffff/000000/1x1/delapouite/space-needle.svg
space-shuttle	delapouite	CC-BY 3.0	svg,png	https://game-icons.net/1x1/delapouite/space-shuttle.html	curl -O https://game-icons.net/icons/ffffff/000000/1x1/delapouite/space-shuttle.svg
spaceship	delapouite	CC-BY 3.0	svg,png	https://game-icons.net/1x1/delapouite/spaceship.html	curl -O https://game-icons.net/icons/ffffff/000000/1x1/delapouite/spaceship.svg
spain	delapouite	CC-BY 3.0	svg,png	https://game-icons.net/1x1/delapouite/spain.html	curl -O https://game-icons.net/icons/ffffff/000000/1x1/delapouite/spain.svg
spark-plug	delapouite	CC-BY 3.0	svg,png	https://game-icons.net/1x1/delapouite/spark-plug.html	curl -O https://game-icons.net/icons/ffffff/000000/1x1/delapouite/spark-plug.svg
sparkles	delapouite	CC-BY 3.0	svg,png	https://game-icons.net/1x1/delapouite/sparkles.html	curl -O https://game-icons.net/icons/ffffff/000000/1x1/delapouite/sparkles.svg
spartan-helmet	delapouite	CC-BY 3.0	svg,png	https://game-icons.net/1x1/delapouite/spartan-helmet.html	curl -O https://game-icons.net/icons/ffffff/000000/1x1/delapouite/spartan-helmet.svg
speaker-off	delapouite	CC-BY 3.0	svg,png	https://game-icons.net/1x1/delapouite/speaker-off.html	curl -O https://game-icons.net/icons/ffffff/000000/1x1/delapouite/speaker-off.svg
speaker	delapouite	CC-BY 3.0	svg,png	https://game-icons.net/1x1/delapouite/speaker.html	curl -O https://game-icons.net/icons/ffffff/000000/1x1/delapouite/speaker.svg
spear-feather	delapouite	CC-BY 3.0	svg,png	https://game-icons.net/1x1/delapouite/spear-feather.html	curl -O https://game-icons.net/icons/ffffff/000000/1x1/delapouite/spear-feather.svg
spearfishing	delapouite	CC-BY 3.0	svg,png	https://game-icons.net/1x1/delapouite/spearfishing.html	curl -O https://game-icons.net/icons/ffffff/000000/1x1/delapouite/spearfishing.svg
speed-boat	delapouite	CC-BY 3.0	svg,png	https://game-icons.net/1x1/delapouite/speed-boat.html	curl -O https://game-icons.net/icons/ffffff/000000/1x1/delapouite/speed-boat.svg
speedometer	delapouite	CC-BY 3.0	svg,png	https://game-icons.net/1x1/delapouite/speedometer.html	curl -O https://game-icons.net/icons/ffffff/000000/1x1/delapouite/speedometer.svg
spell-book	delapouite	CC-BY 3.0	svg,png	https://game-icons.net/1x1/delapouite/spell-book.html	curl -O https://game-icons.net/icons/ffffff/000000/1x1/delapouite/spell-book.svg
sperm-whale	delapouite	CC-BY 3.0	svg,png	https://game-icons.net/1x1/delapouite/sperm-whale.html	curl -O https://game-icons.net/icons/ffffff/000000/1x1/delapouite/sperm-whale.svg
spider-bot	delapouite	CC-BY 3.0	svg,png	https://game-icons.net/1x1/delapouite/spider-bot.html	curl -O https://game-icons.net/icons/ffffff/000000/1x1/delapouite/spider-bot.svg
spider-eye	delapouite	CC-BY 3.0	svg,png	https://game-icons.net/1x1/delapouite/spider-eye.html	curl -O https://game-icons.net/icons/ffffff/000000/1x1/delapouite/spider-eye.svg
spider-mask	delapouite	CC-BY 3.0	svg,png	https://game-icons.net/1x1/delapouite/spider-mask.html	curl -O https://game-icons.net/icons/ffffff/000000/1x1/delapouite/spider-mask.svg
spiked-dragon-head	delapouite	CC-BY 3.0	svg,png	https://game-icons.net/1x1/delapouite/spiked-dragon-head.html	curl -O https://game-icons.net/icons/ffffff/000000/1x1/delapouite/spiked-dragon-head.svg
spiked-shield	delapouite	CC-BY 3.0	svg,png	https://game-icons.net/1x1/delapouite/spiked-shield.html	curl -O https://game-icons.net/icons/ffffff/000000/1x1/delapouite/spiked-shield.svg
spiked-shoulder-armor	delapouite	CC-BY 3.0	svg,png	https://game-icons.net/1x1/delapouite/spiked-shoulder-armor.html	curl -O https://game-icons.net/icons/ffffff/000000/1x1/delapouite/spiked-shoulder-armor.svg
spiked-trunk	delapouite	CC-BY 3.0	svg,png	https://game-icons.net/1x1/delapouite/spiked-trunk.html	curl -O https://game-icons.net/icons/ffffff/000000/1x1/delapouite/spiked-trunk.svg
spiked-wall	delapouite	CC-BY 3.0	svg,png	https://game-icons.net/1x1/delapouite/spiked-wall.html	curl -O https://game-icons.net/icons/ffffff/000000/1x1/delapouite/spiked-wall.svg
spiky-pit	delapouite	CC-BY 3.0	svg,png	https://game-icons.net/1x1/delapouite/spiky-pit.html	curl -O https://game-icons.net/icons/ffffff/000000/1x1/delapouite/spiky-pit.svg
spiky-wing	delapouite	CC-BY 3.0	svg,png	https://game-icons.net/1x1/delapouite/spiky-wing.html	curl -O https://game-icons.net/icons/ffffff/000000/1x1/delapouite/spiky-wing.svg
spiral-hilt	delapouite	CC-BY 3.0	svg,png	https://game-icons.net/1x1/delapouite/spiral-hilt.html	curl -O https://game-icons.net/icons/ffffff/000000/1x1/delapouite/spiral-hilt.svg
spiral-lollipop	delapouite	CC-BY 3.0	svg,png	https://game-icons.net/1x1/delapouite/spiral-lollipop.html	curl -O https://game-icons.net/icons/ffffff/000000/1x1/delapouite/spiral-lollipop.svg
split-arrows	delapouite	CC-BY 3.0	svg,png	https://game-icons.net/1x1/delapouite/split-arrows.html	curl -O https://game-icons.net/icons/ffffff/000000/1x1/delapouite/split-arrows.svg
spock-hand	delapouite	CC-BY 3.0	svg,png	https://game-icons.net/1x1/delapouite/spock-hand.html	curl -O https://game-icons.net/icons/ffffff/000000/1x1/delapouite/spock-hand.svg
spooky-house	delapouite	CC-BY 3.0	svg,png	https://game-icons.net/1x1/delapouite/spooky-house.html	curl -O https://game-icons.net/icons/ffffff/000000/1x1/delapouite/spooky-house.svg
sport-medal	delapouite	CC-BY 3.0	svg,png	https://game-icons.net/1x1/delapouite/sport-medal.html	curl -O https://game-icons.net/icons/ffffff/000000/1x1/delapouite/sport-medal.svg
spring	delapouite	CC-BY 3.0	svg,png	https://game-icons.net/1x1/delapouite/spring.html	curl -O https://game-icons.net/icons/ffffff/000000/1x1/delapouite/spring.svg
spy	delapouite	CC-BY 3.0	svg,png	https://game-icons.net/1x1/delapouite/spy.html	curl -O https://game-icons.net/icons/ffffff/000000/1x1/delapouite/spy.svg
square	delapouite	CC-BY 3.0	svg,png	https://game-icons.net/1x1/delapouite/square.html	curl -O https://game-icons.net/icons/ffffff/000000/1x1/delapouite/square.svg
squirrel	delapouite	CC-BY 3.0	svg,png	https://game-icons.net/1x1/delapouite/squirrel.html	curl -O https://game-icons.net/icons/ffffff/000000/1x1/delapouite/squirrel.svg
sri-lanka	delapouite	CC-BY 3.0	svg,png	https://game-icons.net/1x1/delapouite/sri-lanka.html	curl -O https://game-icons.net/icons/ffffff/000000/1x1/delapouite/sri-lanka.svg
stabbed-note	delapouite	CC-BY 3.0	svg,png	https://game-icons.net/1x1/delapouite/stabbed-note.html	curl -O https://game-icons.net/icons/ffffff/000000/1x1/delapouite/stabbed-note.svg
stable	delapouite	CC-BY 3.0	svg,png	https://game-icons.net/1x1/delapouite/stable.html	curl -O https://game-icons.net/icons/ffffff/000000/1x1/delapouite/stable.svg
stack	delapouite	CC-BY 3.0	svg,png	https://game-icons.net/1x1/delapouite/stack.html	curl -O https://game-icons.net/icons/ffffff/000000/1x1/delapouite/stack.svg
stairs-cake	delapouite	CC-BY 3.0	svg,png	https://game-icons.net/1x1/delapouite/stairs-cake.html	curl -O https://game-icons.net/icons/ffffff/000000/1x1/delapouite/stairs-cake.svg
stairs-goal	delapouite	CC-BY 3.0	svg,png	https://game-icons.net/1x1/delapouite/stairs-goal.html	curl -O https://game-icons.net/icons/ffffff/000000/1x1/delapouite/stairs-goal.svg
stairs	delapouite	CC-BY 3.0	svg,png	https://game-icons.net/1x1/delapouite/stairs.html	curl -O https://game-icons.net/icons/ffffff/000000/1x1/delapouite/stairs.svg
stake-hammer	delapouite	CC-BY 3.0	svg,png	https://game-icons.net/1x1/delapouite/stake-hammer.html	curl -O https://game-icons.net/icons/ffffff/000000/1x1/delapouite/stake-hammer.svg
stakes-fence	delapouite	CC-BY 3.0	svg,png	https://game-icons.net/1x1/delapouite/stakes-fence.html	curl -O https://game-icons.net/icons/ffffff/000000/1x1/delapouite/stakes-fence.svg
stalactites	delapouite	CC-BY 3.0	svg,png	https://game-icons.net/1x1/delapouite/stalactites.html	curl -O https://game-icons.net/icons/ffffff/000000/1x1/delapouite/stalactites.svg
stamper	delapouite	CC-BY 3.0	svg,png	https://game-icons.net/1x1/delapouite/stamper.html	curl -O https://game-icons.net/icons/ffffff/000000/1x1/delapouite/stamper.svg
star-altar	delapouite	CC-BY 3.0	svg,png	https://game-icons.net/1x1/delapouite/star-altar.html	curl -O https://game-icons.net/icons/ffffff/000000/1x1/delapouite/star-altar.svg
star-flag	delapouite	CC-BY 3.0	svg,png	https://game-icons.net/1x1/delapouite/star-flag.html	curl -O https://game-icons.net/icons/ffffff/000000/1x1/delapouite/star-flag.svg
star-formation	delapouite	CC-BY 3.0	svg,png	https://game-icons.net/1x1/delapouite/star-formation.html	curl -O https://game-icons.net/icons/ffffff/000000/1x1/delapouite/star-formation.svg
star-gate	delapouite	CC-BY 3.0	svg,png	https://game-icons.net/1x1/delapouite/star-gate.html	curl -O https://game-icons.net/icons/ffffff/000000/1x1/delapouite/star-gate.svg
star-key	delapouite	CC-BY 3.0	svg,png	https://game-icons.net/1x1/delapouite/star-key.html	curl -O https://game-icons.net/icons/ffffff/000000/1x1/delapouite/star-key.svg
star-medal	delapouite	CC-BY 3.0	svg,png	https://game-icons.net/1x1/delapouite/star-medal.html	curl -O https://game-icons.net/icons/ffffff/000000/1x1/delapouite/star-medal.svg
star-struck	delapouite	CC-BY 3.0	svg,png	https://game-icons.net/1x1/delapouite/star-struck.html	curl -O https://game-icons.net/icons/ffffff/000000/1x1/delapouite/star-struck.svg
starfighter	delapouite	CC-BY 3.0	svg,png	https://game-icons.net/1x1/delapouite/starfighter.html	curl -O https://game-icons.net/icons/ffffff/000000/1x1/delapouite/starfighter.svg
stars-stack	delapouite	CC-BY 3.0	svg,png	https://game-icons.net/1x1/delapouite/stars-stack.html	curl -O https://game-icons.net/icons/ffffff/000000/1x1/delapouite/stars-stack.svg
steak	delapouite	CC-BY 3.0	svg,png	https://game-icons.net/1x1/delapouite/steak.html	curl -O https://game-icons.net/icons/ffffff/000000/1x1/delapouite/steak.svg
stealth-bomber	delapouite	CC-BY 3.0	svg,png	https://game-icons.net/1x1/delapouite/stealth-bomber.html	curl -O https://game-icons.net/icons/ffffff/000000/1x1/delapouite/stealth-bomber.svg
steam-blast	delapouite	CC-BY 3.0	svg,png	https://game-icons.net/1x1/delapouite/steam-blast.html	curl -O https://game-icons.net/icons/ffffff/000000/1x1/delapouite/steam-blast.svg
steam-locomotive	delapouite	CC-BY 3.0	svg,png	https://game-icons.net/1x1/delapouite/steam-locomotive.html	curl -O https://game-icons.net/icons/ffffff/000000/1x1/delapouite/steam-locomotive.svg
steam	delapouite	CC-BY 3.0	svg,png	https://game-icons.net/1x1/delapouite/steam.html	curl -O https://game-icons.net/icons/ffffff/000000/1x1/delapouite/steam.svg
steampunk-goggles	delapouite	CC-BY 3.0	svg,png	https://game-icons.net/1x1/delapouite/steampunk-goggles.html	curl -O https://game-icons.net/icons/ffffff/000000/1x1/delapouite/steampunk-goggles.svg
steering-wheel	delapouite	CC-BY 3.0	svg,png	https://game-icons.net/1x1/delapouite/steering-wheel.html	curl -O https://game-icons.net/icons/ffffff/000000/1x1/delapouite/steering-wheel.svg
stegosaurus-scales	delapouite	CC-BY 3.0	svg,png	https://game-icons.net/1x1/delapouite/stegosaurus-scales.html	curl -O https://game-icons.net/icons/ffffff/000000/1x1/delapouite/stegosaurus-scales.svg
stethoscope	delapouite	CC-BY 3.0	svg,png	https://game-icons.net/1x1/delapouite/stethoscope.html	curl -O https://game-icons.net/icons/ffffff/000000/1x1/delapouite/stethoscope.svg
stick-frame	delapouite	CC-BY 3.0	svg,png	https://game-icons.net/1x1/delapouite/stick-frame.html	curl -O https://game-icons.net/icons/ffffff/000000/1x1/delapouite/stick-frame.svg
sticky-boot	delapouite	CC-BY 3.0	svg,png	https://game-icons.net/1x1/delapouite/sticky-boot.html	curl -O https://game-icons.net/icons/ffffff/000000/1x1/delapouite/sticky-boot.svg
stockpiles	delapouite	CC-BY 3.0	svg,png	https://game-icons.net/1x1/delapouite/stockpiles.html	curl -O https://game-icons.net/icons/ffffff/000000/1x1/delapouite/stockpiles.svg
stomach	delapouite	CC-BY 3.0	svg,png	https://game-icons.net/1x1/delapouite/stomach.html	curl -O https://game-icons.net/icons/ffffff/000000/1x1/delapouite/stomach.svg
stone-bridge	delapouite	CC-BY 3.0	svg,png	https://game-icons.net/1x1/delapouite/stone-bridge.html	curl -O https://game-icons.net/icons/ffffff/000000/1x1/delapouite/stone-bridge.svg
stone-bust	delapouite	CC-BY 3.0	svg,png	https://game-icons.net/1x1/delapouite/stone-bust.html	curl -O https://game-icons.net/icons/ffffff/000000/1x1/delapouite/stone-bust.svg
stone-path	delapouite	CC-BY 3.0	svg,png	https://game-icons.net/1x1/delapouite/stone-path.html	curl -O https://game-icons.net/icons/ffffff/000000/1x1/delapouite/stone-path.svg
stone-pile	delapouite	CC-BY 3.0	svg,png	https://game-icons.net/1x1/delapouite/stone-pile.html	curl -O https://game-icons.net/icons/ffffff/000000/1x1/delapouite/stone-pile.svg
stone-stack	delapouite	CC-BY 3.0	svg,png	https://game-icons.net/1x1/delapouite/stone-stack.html	curl -O https://game-icons.net/icons/ffffff/000000/1x1/delapouite/stone-stack.svg
stone-wall	delapouite	CC-BY 3.0	svg,png	https://game-icons.net/1x1/delapouite/stone-wall.html	curl -O https://game-icons.net/icons/ffffff/000000/1x1/delapouite/stone-wall.svg
stone-wheel	delapouite	CC-BY 3.0	svg,png	https://game-icons.net/1x1/delapouite/stone-wheel.html	curl -O https://game-icons.net/icons/ffffff/000000/1x1/delapouite/stone-wheel.svg
stop-sign	delapouite	CC-BY 3.0	svg,png	https://game-icons.net/1x1/delapouite/stop-sign.html	curl -O https://game-icons.net/icons/ffffff/000000/1x1/delapouite/stop-sign.svg
stork-delivery	delapouite	CC-BY 3.0	svg,png	https://game-icons.net/1x1/delapouite/stork-delivery.html	curl -O https://game-icons.net/icons/ffffff/000000/1x1/delapouite/stork-delivery.svg
straight-pipe	delapouite	CC-BY 3.0	svg,png	https://game-icons.net/1x1/delapouite/straight-pipe.html	curl -O https://game-icons.net/icons/ffffff/000000/1x1/delapouite/straight-pipe.svg
strawberry	delapouite	CC-BY 3.0	svg,png	https://game-icons.net/1x1/delapouite/strawberry.html	curl -O https://game-icons.net/icons/ffffff/000000/1x1/delapouite/strawberry.svg
street-light	delapouite	CC-BY 3.0	svg,png	https://game-icons.net/1x1/delapouite/street-light.html	curl -O https://game-icons.net/icons/ffffff/000000/1x1/delapouite/street-light.svg
striped-sun	delapouite	CC-BY 3.0	svg,png	https://game-icons.net/1x1/delapouite/striped-sun.html	curl -O https://game-icons.net/icons/ffffff/000000/1x1/delapouite/striped-sun.svg
strong-man	delapouite	CC-BY 3.0	svg,png	https://game-icons.net/1x1/delapouite/strong-man.html	curl -O https://game-icons.net/icons/ffffff/000000/1x1/delapouite/strong-man.svg
strongbox	delapouite	CC-BY 3.0	svg,png	https://game-icons.net/1x1/delapouite/strongbox.html	curl -O https://game-icons.net/icons/ffffff/000000/1x1/delapouite/strongbox.svg
stump-regrowth	delapouite	CC-BY 3.0	svg,png	https://game-icons.net/1x1/delapouite/stump-regrowth.html	curl -O https://game-icons.net/icons/ffffff/000000/1x1/delapouite/stump-regrowth.svg
stun-grenade	delapouite	CC-BY 3.0	svg,png	https://game-icons.net/1x1/delapouite/stun-grenade.html	curl -O https://game-icons.net/icons/ffffff/000000/1x1/delapouite/stun-grenade.svg
submarine-missile	delapouite	CC-BY 3.0	svg,png	https://game-icons.net/1x1/delapouite/submarine-missile.html	curl -O https://game-icons.net/icons/ffffff/000000/1x1/delapouite/submarine-missile.svg
submarine	delapouite	CC-BY 3.0	svg,png	https://game-icons.net/1x1/delapouite/submarine.html	curl -O https://game-icons.net/icons/ffffff/000000/1x1/delapouite/submarine.svg
subway	delapouite	CC-BY 3.0	svg,png	https://game-icons.net/1x1/delapouite/subway.html	curl -O https://game-icons.net/icons/ffffff/000000/1x1/delapouite/subway.svg
sugar-cane	delapouite	CC-BY 3.0	svg,png	https://game-icons.net/1x1/delapouite/sugar-cane.html	curl -O https://game-icons.net/icons/ffffff/000000/1x1/delapouite/sugar-cane.svg
suitcase	delapouite	CC-BY 3.0	svg,png	https://game-icons.net/1x1/delapouite/suitcase.html	curl -O https://game-icons.net/icons/ffffff/000000/1x1/delapouite/suitcase.svg
summits	delapouite	CC-BY 3.0	svg,png	https://game-icons.net/1x1/delapouite/summits.html	curl -O https://game-icons.net/icons/ffffff/000000/1x1/delapouite/summits.svg
sun-cloud	delapouite	CC-BY 3.0	svg,png	https://game-icons.net/1x1/delapouite/sun-cloud.html	curl -O https://game-icons.net/icons/ffffff/000000/1x1/delapouite/sun-cloud.svg
sun-priest	delapouite	CC-BY 3.0	svg,png	https://game-icons.net/1x1/delapouite/sun-priest.html	curl -O https://game-icons.net/icons/ffffff/000000/1x1/delapouite/sun-priest.svg
sun-spear	delapouite	CC-BY 3.0	svg,png	https://game-icons.net/1x1/delapouite/sun-spear.html	curl -O https://game-icons.net/icons/ffffff/000000/1x1/delapouite/sun-spear.svg
sunflower	delapouite	CC-BY 3.0	svg,png	https://game-icons.net/1x1/delapouite/sunflower.html	curl -O https://game-icons.net/icons/ffffff/000000/1x1/delapouite/sunflower.svg
sunglasses	delapouite	CC-BY 3.0	svg,png	https://game-icons.net/1x1/delapouite/sunglasses.html	curl -O https://game-icons.net/icons/ffffff/000000/1x1/delapouite/sunglasses.svg
sunrise	delapouite	CC-BY 3.0	svg,png	https://game-icons.net/1x1/delapouite/sunrise.html	curl -O https://game-icons.net/icons/ffffff/000000/1x1/delapouite/sunrise.svg
sunset	delapouite	CC-BY 3.0	svg,png	https://game-icons.net/1x1/delapouite/sunset.html	curl -O https://game-icons.net/icons/ffffff/000000/1x1/delapouite/sunset.svg
surf-board	delapouite	CC-BY 3.0	svg,png	https://game-icons.net/1x1/delapouite/surf-board.html	curl -O https://game-icons.net/icons/ffffff/000000/1x1/delapouite/surf-board.svg
surfer-van	delapouite	CC-BY 3.0	svg,png	https://game-icons.net/1x1/delapouite/surfer-van.html	curl -O https://game-icons.net/icons/ffffff/000000/1x1/delapouite/surfer-van.svg
sushis	delapouite	CC-BY 3.0	svg,png	https://game-icons.net/1x1/delapouite/sushis.html	curl -O https://game-icons.net/icons/ffffff/000000/1x1/delapouite/sushis.svg
suspension-bridge	delapouite	CC-BY 3.0	svg,png	https://game-icons.net/1x1/delapouite/suspension-bridge.html	curl -O https://game-icons.net/icons/ffffff/000000/1x1/delapouite/suspension-bridge.svg
sverd-i-fjell	delapouite	CC-BY 3.0	svg,png	https://game-icons.net/1x1/delapouite/sverd-i-fjell.html	curl -O https://game-icons.net/icons/ffffff/000000/1x1/delapouite/sverd-i-fjell.svg
swallow	delapouite	CC-BY 3.0	svg,png	https://game-icons.net/1x1/delapouite/swallow.html	curl -O https://game-icons.net/icons/ffffff/000000/1x1/delapouite/swallow.svg
swallower	delapouite	CC-BY 3.0	svg,png	https://game-icons.net/1x1/delapouite/swallower.html	curl -O https://game-icons.net/icons/ffffff/000000/1x1/delapouite/swallower.svg
swamp-bat	delapouite	CC-BY 3.0	svg,png	https://game-icons.net/1x1/delapouite/swamp-bat.html	curl -O https://game-icons.net/icons/ffffff/000000/1x1/delapouite/swamp-bat.svg
swamp	delapouite	CC-BY 3.0	svg,png	https://game-icons.net/1x1/delapouite/swamp.html	curl -O https://game-icons.net/icons/ffffff/000000/1x1/delapouite/swamp.svg
swimfins	delapouite	CC-BY 3.0	svg,png	https://game-icons.net/1x1/delapouite/swimfins.html	curl -O https://game-icons.net/icons/ffffff/000000/1x1/delapouite/swimfins.svg
swipe-card	delapouite	CC-BY 3.0	svg,png	https://game-icons.net/1x1/delapouite/swipe-card.html	curl -O https://game-icons.net/icons/ffffff/000000/1x1/delapouite/swipe-card.svg
swiss-army-knife	delapouite	CC-BY 3.0	svg,png	https://game-icons.net/1x1/delapouite/swiss-army-knife.html	curl -O https://game-icons.net/icons/ffffff/000000/1x1/delapouite/swiss-army-knife.svg
switch-weapon	delapouite	CC-BY 3.0	svg,png	https://game-icons.net/1x1/delapouite/switch-weapon.html	curl -O https://game-icons.net/icons/ffffff/000000/1x1/delapouite/switch-weapon.svg
switzerland	delapouite	CC-BY 3.0	svg,png	https://game-icons.net/1x1/delapouite/switzerland.html	curl -O https://game-icons.net/icons/ffffff/000000/1x1/delapouite/switzerland.svg
sword-altar	delapouite	CC-BY 3.0	svg,png	https://game-icons.net/1x1/delapouite/sword-altar.html	curl -O https://game-icons.net/icons/ffffff/000000/1x1/delapouite/sword-altar.svg
sword-brandish	delapouite	CC-BY 3.0	svg,png	https://game-icons.net/1x1/delapouite/sword-brandish.html	curl -O https://game-icons.net/icons/ffffff/000000/1x1/delapouite/sword-brandish.svg
sword-mold	delapouite	CC-BY 3.0	svg,png	https://game-icons.net/1x1/delapouite/sword-mold.html	curl -O https://game-icons.net/icons/ffffff/000000/1x1/delapouite/sword-mold.svg
swords-power	delapouite	CC-BY 3.0	svg,png	https://game-icons.net/1x1/delapouite/swords-power.html	curl -O https://game-icons.net/icons/ffffff/000000/1x1/delapouite/swords-power.svg
sydney-opera-house	delapouite	CC-BY 3.0	svg,png	https://game-icons.net/1x1/delapouite/sydney-opera-house.html	curl -O https://game-icons.net/icons/ffffff/000000/1x1/delapouite/sydney-opera-house.svg
t-brick	delapouite	CC-BY 3.0	svg,png	https://game-icons.net/1x1/delapouite/t-brick.html	curl -O https://game-icons.net/icons/ffffff/000000/1x1/delapouite/t-brick.svg
t-rex-skull	delapouite	CC-BY 3.0	svg,png	https://game-icons.net/1x1/delapouite/t-rex-skull.html	curl -O https://game-icons.net/icons/ffffff/000000/1x1/delapouite/t-rex-skull.svg
t-shirt	delapouite	CC-BY 3.0	svg,png	https://game-icons.net/1x1/delapouite/t-shirt.html	curl -O https://game-icons.net/icons/ffffff/000000/1x1/delapouite/t-shirt.svg
table	delapouite	CC-BY 3.0	svg,png	https://game-icons.net/1x1/delapouite/table.html	curl -O https://game-icons.net/icons/ffffff/000000/1x1/delapouite/table.svg
tabletop-players	delapouite	CC-BY 3.0	svg,png	https://game-icons.net/1x1/delapouite/tabletop-players.html	curl -O https://game-icons.net/icons/ffffff/000000/1x1/delapouite/tabletop-players.svg
tacos	delapouite	CC-BY 3.0	svg,png	https://game-icons.net/1x1/delapouite/tacos.html	curl -O https://game-icons.net/icons/ffffff/000000/1x1/delapouite/tacos.svg
tadpole	delapouite	CC-BY 3.0	svg,png	https://game-icons.net/1x1/delapouite/tadpole.html	curl -O https://game-icons.net/icons/ffffff/000000/1x1/delapouite/tadpole.svg
take-my-money	delapouite	CC-BY 3.0	svg,png	https://game-icons.net/1x1/delapouite/take-my-money.html	curl -O https://game-icons.net/icons/ffffff/000000/1x1/delapouite/take-my-money.svg
tall-bridge	delapouite	CC-BY 3.0	svg,png	https://game-icons.net/1x1/delapouite/tall-bridge.html	curl -O https://game-icons.net/icons/ffffff/000000/1x1/delapouite/tall-bridge.svg
tally-mark-5	delapouite	CC-BY 3.0	svg,png	https://game-icons.net/1x1/delapouite/tally-mark-5.html	curl -O https://game-icons.net/icons/ffffff/000000/1x1/delapouite/tally-mark-5.svg
tambourine	delapouite	CC-BY 3.0	svg,png	https://game-icons.net/1x1/delapouite/tambourine.html	curl -O https://game-icons.net/icons/ffffff/000000/1x1/delapouite/tambourine.svg
tangerine	delapouite	CC-BY 3.0	svg,png	https://game-icons.net/1x1/delapouite/tangerine.html	curl -O https://game-icons.net/icons/ffffff/000000/1x1/delapouite/tangerine.svg
tank-top	delapouite	CC-BY 3.0	svg,png	https://game-icons.net/1x1/delapouite/tank-top.html	curl -O https://game-icons.net/icons/ffffff/000000/1x1/delapouite/tank-top.svg
tanzania	delapouite	CC-BY 3.0	svg,png	https://game-icons.net/1x1/delapouite/tanzania.html	curl -O https://game-icons.net/icons/ffffff/000000/1x1/delapouite/tanzania.svg
tap	delapouite	CC-BY 3.0	svg,png	https://game-icons.net/1x1/delapouite/tap.html	curl -O https://game-icons.net/icons/ffffff/000000/1x1/delapouite/tap.svg
tapir	delapouite	CC-BY 3.0	svg,png	https://game-icons.net/1x1/delapouite/tapir.html	curl -O https://game-icons.net/icons/ffffff/000000/1x1/delapouite/tapir.svg
target-poster	delapouite	CC-BY 3.0	svg,png	https://game-icons.net/1x1/delapouite/target-poster.html	curl -O https://game-icons.net/icons/ffffff/000000/1x1/delapouite/target-poster.svg
target-prize	delapouite	CC-BY 3.0	svg,png	https://game-icons.net/1x1/delapouite/target-prize.html	curl -O https://game-icons.net/icons/ffffff/000000/1x1/delapouite/target-prize.svg
taurus	delapouite	CC-BY 3.0	svg,png	https://game-icons.net/1x1/delapouite/taurus.html	curl -O https://game-icons.net/icons/ffffff/000000/1x1/delapouite/taurus.svg
tavern-sign	delapouite	CC-BY 3.0	svg,png	https://game-icons.net/1x1/delapouite/tavern-sign.html	curl -O https://game-icons.net/icons/ffffff/000000/1x1/delapouite/tavern-sign.svg
teacher	delapouite	CC-BY 3.0	svg,png	https://game-icons.net/1x1/delapouite/teacher.html	curl -O https://game-icons.net/icons/ffffff/000000/1x1/delapouite/teacher.svg
team-downgrade	delapouite	CC-BY 3.0	svg,png	https://game-icons.net/1x1/delapouite/team-downgrade.html	curl -O https://game-icons.net/icons/ffffff/000000/1x1/delapouite/team-downgrade.svg
team-idea	delapouite	CC-BY 3.0	svg,png	https://game-icons.net/1x1/delapouite/team-idea.html	curl -O https://game-icons.net/icons/ffffff/000000/1x1/delapouite/team-idea.svg
team-upgrade	delapouite	CC-BY 3.0	svg,png	https://game-icons.net/1x1/delapouite/team-upgrade.html	curl -O https://game-icons.net/icons/ffffff/000000/1x1/delapouite/team-upgrade.svg
teapot-leaves	delapouite	CC-BY 3.0	svg,png	https://game-icons.net/1x1/delapouite/teapot-leaves.html	curl -O https://game-icons.net/icons/ffffff/000000/1x1/delapouite/teapot-leaves.svg
tee-pipe	delapouite	CC-BY 3.0	svg,png	https://game-icons.net/1x1/delapouite/tee-pipe.html	curl -O https://game-icons.net/icons/ffffff/000000/1x1/delapouite/tee-pipe.svg
telescope	delapouite	CC-BY 3.0	svg,png	https://game-icons.net/1x1/delapouite/telescope.html	curl -O https://game-icons.net/icons/ffffff/000000/1x1/delapouite/telescope.svg
templar-shield	delapouite	CC-BY 3.0	svg,png	https://game-icons.net/1x1/delapouite/templar-shield.html	curl -O https://game-icons.net/icons/ffffff/000000/1x1/delapouite/templar-shield.svg
temple-door	delapouite	CC-BY 3.0	svg,png	https://game-icons.net/1x1/delapouite/temple-door.html	curl -O https://game-icons.net/icons/ffffff/000000/1x1/delapouite/temple-door.svg
temple-gate	delapouite	CC-BY 3.0	svg,png	https://game-icons.net/1x1/delapouite/temple-gate.html	curl -O https://game-icons.net/icons/ffffff/000000/1x1/delapouite/temple-gate.svg
temporary-shield	delapouite	CC-BY 3.0	svg,png	https://game-icons.net/1x1/delapouite/temporary-shield.html	curl -O https://game-icons.net/icons/ffffff/000000/1x1/delapouite/temporary-shield.svg
tennis-ball	delapouite	CC-BY 3.0	svg,png	https://game-icons.net/1x1/delapouite/tennis-ball.html	curl -O https://game-icons.net/icons/ffffff/000000/1x1/delapouite/tennis-ball.svg
tennis-court	delapouite	CC-BY 3.0	svg,png	https://game-icons.net/1x1/delapouite/tennis-court.html	curl -O https://game-icons.net/icons/ffffff/000000/1x1/delapouite/tennis-court.svg
tennis-racket	delapouite	CC-BY 3.0	svg,png	https://game-icons.net/1x1/delapouite/tennis-racket.html	curl -O https://game-icons.net/icons/ffffff/000000/1x1/delapouite/tennis-racket.svg
tentacles-barrier	delapouite	CC-BY 3.0	svg,png	https://game-icons.net/1x1/delapouite/tentacles-barrier.html	curl -O https://game-icons.net/icons/ffffff/000000/1x1/delapouite/tentacles-barrier.svg
texas	delapouite	CC-BY 3.0	svg,png	https://game-icons.net/1x1/delapouite/texas.html	curl -O https://game-icons.net/icons/ffffff/000000/1x1/delapouite/texas.svg
theater-curtains	delapouite	CC-BY 3.0	svg,png	https://game-icons.net/1x1/delapouite/theater-curtains.html	curl -O https://game-icons.net/icons/ffffff/000000/1x1/delapouite/theater-curtains.svg
theater	delapouite	CC-BY 3.0	svg,png	https://game-icons.net/1x1/delapouite/theater.html	curl -O https://game-icons.net/icons/ffffff/000000/1x1/delapouite/theater.svg
thermometer-cold	delapouite	CC-BY 3.0	svg,png	https://game-icons.net/1x1/delapouite/thermometer-cold.html	curl -O https://game-icons.net/icons/ffffff/000000/1x1/delapouite/thermometer-cold.svg
thermometer-hot	delapouite	CC-BY 3.0	svg,png	https://game-icons.net/1x1/delapouite/thermometer-hot.html	curl -O https://game-icons.net/icons/ffffff/000000/1x1/delapouite/thermometer-hot.svg
think	delapouite	CC-BY 3.0	svg,png	https://game-icons.net/1x1/delapouite/think.html	curl -O https://game-icons.net/icons/ffffff/000000/1x1/delapouite/think.svg
thor-hammer	delapouite	CC-BY 3.0	svg,png	https://game-icons.net/1x1/delapouite/thor-hammer.html	curl -O https://game-icons.net/icons/ffffff/000000/1x1/delapouite/thor-hammer.svg
three-friends	delapouite	CC-BY 3.0	svg,png	https://game-icons.net/1x1/delapouite/three-friends.html	curl -O https://game-icons.net/icons/ffffff/000000/1x1/delapouite/three-friends.svg
throne-king	delapouite	CC-BY 3.0	svg,png	https://game-icons.net/1x1/delapouite/throne-king.html	curl -O https://game-icons.net/icons/ffffff/000000/1x1/delapouite/throne-king.svg
throwing-ball	delapouite	CC-BY 3.0	svg,png	https://game-icons.net/1x1/delapouite/throwing-ball.html	curl -O https://game-icons.net/icons/ffffff/000000/1x1/delapouite/throwing-ball.svg
thrust-bend	delapouite	CC-BY 3.0	svg,png	https://game-icons.net/1x1/delapouite/thrust-bend.html	curl -O https://game-icons.net/icons/ffffff/000000/1x1/delapouite/thrust-bend.svg
thumb-down	delapouite	CC-BY 3.0	svg,png	https://game-icons.net/1x1/delapouite/thumb-down.html	curl -O https://game-icons.net/icons/ffffff/000000/1x1/delapouite/thumb-down.svg
thumb-up	delapouite	CC-BY 3.0	svg,png	https://game-icons.net/1x1/delapouite/thumb-up.html	curl -O https://game-icons.net/icons/ffffff/000000/1x1/delapouite/thumb-up.svg
thwomp	delapouite	CC-BY 3.0	svg,png	https://game-icons.net/1x1/delapouite/thwomp.html	curl -O https://game-icons.net/icons/ffffff/000000/1x1/delapouite/thwomp.svg
tiara	delapouite	CC-BY 3.0	svg,png	https://game-icons.net/1x1/delapouite/tiara.html	curl -O https://game-icons.net/icons/ffffff/000000/1x1/delapouite/tiara.svg
tic-tac-toe	delapouite	CC-BY 3.0	svg,png	https://game-icons.net/1x1/delapouite/tic-tac-toe.html	curl -O https://game-icons.net/icons/ffffff/000000/1x1/delapouite/tic-tac-toe.svg
ticket	delapouite	CC-BY 3.0	svg,png	https://game-icons.net/1x1/delapouite/ticket.html	curl -O https://game-icons.net/icons/ffffff/000000/1x1/delapouite/ticket.svg
tie	delapouite	CC-BY 3.0	svg,png	https://game-icons.net/1x1/delapouite/tie.html	curl -O https://game-icons.net/icons/ffffff/000000/1x1/delapouite/tie.svg
tiger-head	delapouite	CC-BY 3.0	svg,png	https://game-icons.net/1x1/delapouite/tiger-head.html	curl -O https://game-icons.net/icons/ffffff/000000/1x1/delapouite/tiger-head.svg
tiger	delapouite	CC-BY 3.0	svg,png	https://game-icons.net/1x1/delapouite/tiger.html	curl -O https://game-icons.net/icons/ffffff/000000/1x1/delapouite/tiger.svg
tightrope	delapouite	CC-BY 3.0	svg,png	https://game-icons.net/1x1/delapouite/tightrope.html	curl -O https://game-icons.net/icons/ffffff/000000/1x1/delapouite/tightrope.svg
time-dynamite	delapouite	CC-BY 3.0	svg,png	https://game-icons.net/1x1/delapouite/time-dynamite.html	curl -O https://game-icons.net/icons/ffffff/000000/1x1/delapouite/time-dynamite.svg
time-synchronization	delapouite	CC-BY 3.0	svg,png	https://game-icons.net/1x1/delapouite/time-synchronization.html	curl -O https://game-icons.net/icons/ffffff/000000/1x1/delapouite/time-synchronization.svg
tipi	delapouite	CC-BY 3.0	svg,png	https://game-icons.net/1x1/delapouite/tipi.html	curl -O https://game-icons.net/icons/ffffff/000000/1x1/delapouite/tipi.svg
tire-iron-cross	delapouite	CC-BY 3.0	svg,png	https://game-icons.net/1x1/delapouite/tire-iron-cross.html	curl -O https://game-icons.net/icons/ffffff/000000/1x1/delapouite/tire-iron-cross.svg
tire-iron	delapouite	CC-BY 3.0	svg,png	https://game-icons.net/1x1/delapouite/tire-iron.html	curl -O https://game-icons.net/icons/ffffff/000000/1x1/delapouite/tire-iron.svg
tire-tracks	delapouite	CC-BY 3.0	svg,png	https://game-icons.net/1x1/delapouite/tire-tracks.html	curl -O https://game-icons.net/icons/ffffff/000000/1x1/delapouite/tire-tracks.svg
tired-eye	delapouite	CC-BY 3.0	svg,png	https://game-icons.net/1x1/delapouite/tired-eye.html	curl -O https://game-icons.net/icons/ffffff/000000/1x1/delapouite/tired-eye.svg
toaster	delapouite	CC-BY 3.0	svg,png	https://game-icons.net/1x1/delapouite/toaster.html	curl -O https://game-icons.net/icons/ffffff/000000/1x1/delapouite/toaster.svg
toggles	delapouite	CC-BY 3.0	svg,png	https://game-icons.net/1x1/delapouite/toggles.html	curl -O https://game-icons.net/icons/ffffff/000000/1x1/delapouite/toggles.svg
token	delapouite	CC-BY 3.0	svg,png	https://game-icons.net/1x1/delapouite/token.html	curl -O https://game-icons.net/icons/ffffff/000000/1x1/delapouite/token.svg
tomahawk	delapouite	CC-BY 3.0	svg,png	https://game-icons.net/1x1/delapouite/tomahawk.html	curl -O https://game-icons.net/icons/ffffff/000000/1x1/delapouite/tomahawk.svg
tomato	delapouite	CC-BY 3.0	svg,png	https://game-icons.net/1x1/delapouite/tomato.html	curl -O https://game-icons.net/icons/ffffff/000000/1x1/delapouite/tomato.svg
tongue	delapouite	CC-BY 3.0	svg,png	https://game-icons.net/1x1/delapouite/tongue.html	curl -O https://game-icons.net/icons/ffffff/000000/1x1/delapouite/tongue.svg
toolbox	delapouite	CC-BY 3.0	svg,png	https://game-icons.net/1x1/delapouite/toolbox.html	curl -O https://game-icons.net/icons/ffffff/000000/1x1/delapouite/toolbox.svg
torch	delapouite	CC-BY 3.0	svg,png	https://game-icons.net/1x1/delapouite/torch.html	curl -O https://game-icons.net/icons/ffffff/000000/1x1/delapouite/torch.svg
torpedo	delapouite	CC-BY 3.0	svg,png	https://game-icons.net/1x1/delapouite/torpedo.html	curl -O https://game-icons.net/icons/ffffff/000000/1x1/delapouite/torpedo.svg
tortoise	delapouite	CC-BY 3.0	svg,png	https://game-icons.net/1x1/delapouite/tortoise.html	curl -O https://game-icons.net/icons/ffffff/000000/1x1/delapouite/tortoise.svg
totem	delapouite	CC-BY 3.0	svg,png	https://game-icons.net/1x1/delapouite/totem.html	curl -O https://game-icons.net/icons/ffffff/000000/1x1/delapouite/totem.svg
toucan	delapouite	CC-BY 3.0	svg,png	https://game-icons.net/1x1/delapouite/toucan.html	curl -O https://game-icons.net/icons/ffffff/000000/1x1/delapouite/toucan.svg
tow-truck	delapouite	CC-BY 3.0	svg,png	https://game-icons.net/1x1/delapouite/tow-truck.html	curl -O https://game-icons.net/icons/ffffff/000000/1x1/delapouite/tow-truck.svg
towel	delapouite	CC-BY 3.0	svg,png	https://game-icons.net/1x1/delapouite/towel.html	curl -O https://game-icons.net/icons/ffffff/000000/1x1/delapouite/towel.svg
tower-bridge	delapouite	CC-BY 3.0	svg,png	https://game-icons.net/1x1/delapouite/tower-bridge.html	curl -O https://game-icons.net/icons/ffffff/000000/1x1/delapouite/tower-bridge.svg
tower-flag	delapouite	CC-BY 3.0	svg,png	https://game-icons.net/1x1/delapouite/tower-flag.html	curl -O https://game-icons.net/icons/ffffff/000000/1x1/delapouite/tower-flag.svg
toy-mallet	delapouite	CC-BY 3.0	svg,png	https://game-icons.net/1x1/delapouite/toy-mallet.html	curl -O https://game-icons.net/icons/ffffff/000000/1x1/delapouite/toy-mallet.svg
tracked-robot	delapouite	CC-BY 3.0	svg,png	https://game-icons.net/1x1/delapouite/tracked-robot.html	curl -O https://game-icons.net/icons/ffffff/000000/1x1/delapouite/tracked-robot.svg
traffic-cone	delapouite	CC-BY 3.0	svg,png	https://game-icons.net/1x1/delapouite/traffic-cone.html	curl -O https://game-icons.net/icons/ffffff/000000/1x1/delapouite/traffic-cone.svg
traffic-lights-green	delapouite	CC-BY 3.0	svg,png	https://game-icons.net/1x1/delapouite/traffic-lights-green.html	curl -O https://game-icons.net/icons/ffffff/000000/1x1/delapouite/traffic-lights-green.svg
traffic-lights-orange	delapouite	CC-BY 3.0	svg,png	https://game-icons.net/1x1/delapouite/traffic-lights-orange.html	curl -O https://game-icons.net/icons/ffffff/000000/1x1/delapouite/traffic-lights-orange.svg
traffic-lights-ready-to-go	delapouite	CC-BY 3.0	svg,png	https://game-icons.net/1x1/delapouite/traffic-lights-ready-to-go.html	curl -O https://game-icons.net/icons/ffffff/000000/1x1/delapouite/traffic-lights-ready-to-go.svg
traffic-lights-red	delapouite	CC-BY 3.0	svg,png	https://game-icons.net/1x1/delapouite/traffic-lights-red.html	curl -O https://game-icons.net/icons/ffffff/000000/1x1/delapouite/traffic-lights-red.svg
trail	delapouite	CC-BY 3.0	svg,png	https://game-icons.net/1x1/delapouite/trail.html	curl -O https://game-icons.net/icons/ffffff/000000/1x1/delapouite/trail.svg
transform	delapouite	CC-BY 3.0	svg,png	https://game-icons.net/1x1/delapouite/transform.html	curl -O https://game-icons.net/icons/ffffff/000000/1x1/delapouite/transform.svg
trash-can	delapouite	CC-BY 3.0	svg,png	https://game-icons.net/1x1/delapouite/trash-can.html	curl -O https://game-icons.net/icons/ffffff/000000/1x1/delapouite/trash-can.svg
travel-dress	delapouite	CC-BY 3.0	svg,png	https://game-icons.net/1x1/delapouite/travel-dress.html	curl -O https://game-icons.net/icons/ffffff/000000/1x1/delapouite/travel-dress.svg
trebuchet	delapouite	CC-BY 3.0	svg,png	https://game-icons.net/1x1/delapouite/trebuchet.html	curl -O https://game-icons.net/icons/ffffff/000000/1x1/delapouite/trebuchet.svg
tree-beehive	delapouite	CC-BY 3.0	svg,png	https://game-icons.net/1x1/delapouite/tree-beehive.html	curl -O https://game-icons.net/icons/ffffff/000000/1x1/delapouite/tree-beehive.svg
tree-door	delapouite	CC-BY 3.0	svg,png	https://game-icons.net/1x1/delapouite/tree-door.html	curl -O https://game-icons.net/icons/ffffff/000000/1x1/delapouite/tree-door.svg
tree-growth	delapouite	CC-BY 3.0	svg,png	https://game-icons.net/1x1/delapouite/tree-growth.html	curl -O https://game-icons.net/icons/ffffff/000000/1x1/delapouite/tree-growth.svg
tree-roots	delapouite	CC-BY 3.0	svg,png	https://game-icons.net/1x1/delapouite/tree-roots.html	curl -O https://game-icons.net/icons/ffffff/000000/1x1/delapouite/tree-roots.svg
tree-swing	delapouite	CC-BY 3.0	svg,png	https://game-icons.net/1x1/delapouite/tree-swing.html	curl -O https://game-icons.net/icons/ffffff/000000/1x1/delapouite/tree-swing.svg
triangle-target	delapouite	CC-BY 3.0	svg,png	https://game-icons.net/1x1/delapouite/triangle-target.html	curl -O https://game-icons.net/icons/ffffff/000000/1x1/delapouite/triangle-target.svg
tribal-gear	delapouite	CC-BY 3.0	svg,png	https://game-icons.net/1x1/delapouite/tribal-gear.html	curl -O https://game-icons.net/icons/ffffff/000000/1x1/delapouite/tribal-gear.svg
tribal-pendant	delapouite	CC-BY 3.0	svg,png	https://game-icons.net/1x1/delapouite/tribal-pendant.html	curl -O https://game-icons.net/icons/ffffff/000000/1x1/delapouite/tribal-pendant.svg
tribal-shield	delapouite	CC-BY 3.0	svg,png	https://game-icons.net/1x1/delapouite/tribal-shield.html	curl -O https://game-icons.net/icons/ffffff/000000/1x1/delapouite/tribal-shield.svg
tribunal-jury	delapouite	CC-BY 3.0	svg,png	https://game-icons.net/1x1/delapouite/tribunal-jury.html	curl -O https://game-icons.net/icons/ffffff/000000/1x1/delapouite/tribunal-jury.svg
triceratops-head	delapouite	CC-BY 3.0	svg,png	https://game-icons.net/1x1/delapouite/triceratops-head.html	curl -O https://game-icons.net/icons/ffffff/000000/1x1/delapouite/triceratops-head.svg
trident-shield	delapouite	CC-BY 3.0	svg,png	https://game-icons.net/1x1/delapouite/trident-shield.html	curl -O https://game-icons.net/icons/ffffff/000000/1x1/delapouite/trident-shield.svg
triforce	delapouite	CC-BY 3.0	svg,png	https://game-icons.net/1x1/delapouite/triforce.html	curl -O https://game-icons.net/icons/ffffff/000000/1x1/delapouite/triforce.svg
trinacria	delapouite	CC-BY 3.0	svg,png	https://game-icons.net/1x1/delapouite/trinacria.html	curl -O https://game-icons.net/icons/ffffff/000000/1x1/delapouite/trinacria.svg
triple-gate	delapouite	CC-BY 3.0	svg,png	https://game-icons.net/1x1/delapouite/triple-gate.html	curl -O https://game-icons.net/icons/ffffff/000000/1x1/delapouite/triple-gate.svg
triquetra	delapouite	CC-BY 3.0	svg,png	https://game-icons.net/1x1/delapouite/triquetra.html	curl -O https://game-icons.net/icons/ffffff/000000/1x1/delapouite/triquetra.svg
trireme	delapouite	CC-BY 3.0	svg,png	https://game-icons.net/1x1/delapouite/trireme.html	curl -O https://game-icons.net/icons/ffffff/000000/1x1/delapouite/trireme.svg
troglodyte	delapouite	CC-BY 3.0	svg,png	https://game-icons.net/1x1/delapouite/troglodyte.html	curl -O https://game-icons.net/icons/ffffff/000000/1x1/delapouite/troglodyte.svg
trojan-horse	delapouite	CC-BY 3.0	svg,png	https://game-icons.net/1x1/delapouite/trojan-horse.html	curl -O https://game-icons.net/icons/ffffff/000000/1x1/delapouite/trojan-horse.svg
trophies-shelf	delapouite	CC-BY 3.0	svg,png	https://game-icons.net/1x1/delapouite/trophies-shelf.html	curl -O https://game-icons.net/icons/ffffff/000000/1x1/delapouite/trophies-shelf.svg
trophy-cup	delapouite	CC-BY 3.0	svg,png	https://game-icons.net/1x1/delapouite/trophy-cup.html	curl -O https://game-icons.net/icons/ffffff/000000/1x1/delapouite/trophy-cup.svg
tropical-fish	delapouite	CC-BY 3.0	svg,png	https://game-icons.net/1x1/delapouite/tropical-fish.html	curl -O https://game-icons.net/icons/ffffff/000000/1x1/delapouite/tropical-fish.svg
trowel	delapouite	CC-BY 3.0	svg,png	https://game-icons.net/1x1/delapouite/trowel.html	curl -O https://game-icons.net/icons/ffffff/000000/1x1/delapouite/trowel.svg
truce	delapouite	CC-BY 3.0	svg,png	https://game-icons.net/1x1/delapouite/truce.html	curl -O https://game-icons.net/icons/ffffff/000000/1x1/delapouite/truce.svg
truck	delapouite	CC-BY 3.0	svg,png	https://game-icons.net/1x1/delapouite/truck.html	curl -O https://game-icons.net/icons/ffffff/000000/1x1/delapouite/truck.svg
trumpet-flag	delapouite	CC-BY 3.0	svg,png	https://game-icons.net/1x1/delapouite/trumpet-flag.html	curl -O https://game-icons.net/icons/ffffff/000000/1x1/delapouite/trumpet-flag.svg
trumpet	delapouite	CC-BY 3.0	svg,png	https://game-icons.net/1x1/delapouite/trumpet.html	curl -O https://game-icons.net/icons/ffffff/000000/1x1/delapouite/trumpet.svg
trunk-mushroom	delapouite	CC-BY 3.0	svg,png	https://game-icons.net/1x1/delapouite/trunk-mushroom.html	curl -O https://game-icons.net/icons/ffffff/000000/1x1/delapouite/trunk-mushroom.svg
tumbleweed	delapouite	CC-BY 3.0	svg,png	https://game-icons.net/1x1/delapouite/tumbleweed.html	curl -O https://game-icons.net/icons/ffffff/000000/1x1/delapouite/tumbleweed.svg
tunisia	delapouite	CC-BY 3.0	svg,png	https://game-icons.net/1x1/delapouite/tunisia.html	curl -O https://game-icons.net/icons/ffffff/000000/1x1/delapouite/tunisia.svg
turban	delapouite	CC-BY 3.0	svg,png	https://game-icons.net/1x1/delapouite/turban.html	curl -O https://game-icons.net/icons/ffffff/000000/1x1/delapouite/turban.svg
turbine	delapouite	CC-BY 3.0	svg,png	https://game-icons.net/1x1/delapouite/turbine.html	curl -O https://game-icons.net/icons/ffffff/000000/1x1/delapouite/turbine.svg
turnstile	delapouite	CC-BY 3.0	svg,png	https://game-icons.net/1x1/delapouite/turnstile.html	curl -O https://game-icons.net/icons/ffffff/000000/1x1/delapouite/turnstile.svg
tusks-flag	delapouite	CC-BY 3.0	svg,png	https://game-icons.net/1x1/delapouite/tusks-flag.html	curl -O https://game-icons.net/icons/ffffff/000000/1x1/delapouite/tusks-flag.svg
tv-remote	delapouite	CC-BY 3.0	svg,png	https://game-icons.net/1x1/delapouite/tv-remote.html	curl -O https://game-icons.net/icons/ffffff/000000/1x1/delapouite/tv-remote.svg
tv-tower	delapouite	CC-BY 3.0	svg,png	https://game-icons.net/1x1/delapouite/tv-tower.html	curl -O https://game-icons.net/icons/ffffff/000000/1x1/delapouite/tv-tower.svg
tv	delapouite	CC-BY 3.0	svg,png	https://game-icons.net/1x1/delapouite/tv.html	curl -O https://game-icons.net/icons/ffffff/000000/1x1/delapouite/tv.svg
two-coins	delapouite	CC-BY 3.0	svg,png	https://game-icons.net/1x1/delapouite/two-coins.html	curl -O https://game-icons.net/icons/ffffff/000000/1x1/delapouite/two-coins.svg
two-handed-sword	delapouite	CC-BY 3.0	svg,png	https://game-icons.net/1x1/delapouite/two-handed-sword.html	curl -O https://game-icons.net/icons/ffffff/000000/1x1/delapouite/two-handed-sword.svg
udder	delapouite	CC-BY 3.0	svg,png	https://game-icons.net/1x1/delapouite/udder.html	curl -O https://game-icons.net/icons/ffffff/000000/1x1/delapouite/udder.svg
ufo	delapouite	CC-BY 3.0	svg,png	https://game-icons.net/1x1/delapouite/ufo.html	curl -O https://game-icons.net/icons/ffffff/000000/1x1/delapouite/ufo.svg
uluru	delapouite	CC-BY 3.0	svg,png	https://game-icons.net/1x1/delapouite/uluru.html	curl -O https://game-icons.net/icons/ffffff/000000/1x1/delapouite/uluru.svg
umbrella-bayonet	delapouite	CC-BY 3.0	svg,png	https://game-icons.net/1x1/delapouite/umbrella-bayonet.html	curl -O https://game-icons.net/icons/ffffff/000000/1x1/delapouite/umbrella-bayonet.svg
unbalanced	delapouite	CC-BY 3.0	svg,png	https://game-icons.net/1x1/delapouite/unbalanced.html	curl -O https://game-icons.net/icons/ffffff/000000/1x1/delapouite/unbalanced.svg
underground-cave	delapouite	CC-BY 3.0	svg,png	https://game-icons.net/1x1/delapouite/underground-cave.html	curl -O https://game-icons.net/icons/ffffff/000000/1x1/delapouite/underground-cave.svg
underwear-shorts	delapouite	CC-BY 3.0	svg,png	https://game-icons.net/1x1/delapouite/underwear-shorts.html	curl -O https://game-icons.net/icons/ffffff/000000/1x1/delapouite/underwear-shorts.svg
underwear	delapouite	CC-BY 3.0	svg,png	https://game-icons.net/1x1/delapouite/underwear.html	curl -O https://game-icons.net/icons/ffffff/000000/1x1/delapouite/underwear.svg
unicorn	delapouite	CC-BY 3.0	svg,png	https://game-icons.net/1x1/delapouite/unicorn.html	curl -O https://game-icons.net/icons/ffffff/000000/1x1/delapouite/unicorn.svg
unicycle	delapouite	CC-BY 3.0	svg,png	https://game-icons.net/1x1/delapouite/unicycle.html	curl -O https://game-icons.net/icons/ffffff/000000/1x1/delapouite/unicycle.svg
union-jack	delapouite	CC-BY 3.0	svg,png	https://game-icons.net/1x1/delapouite/union-jack.html	curl -O https://game-icons.net/icons/ffffff/000000/1x1/delapouite/union-jack.svg
up-card	delapouite	CC-BY 3.0	svg,png	https://game-icons.net/1x1/delapouite/up-card.html	curl -O https://game-icons.net/icons/ffffff/000000/1x1/delapouite/up-card.svg
upgrade	delapouite	CC-BY 3.0	svg,png	https://game-icons.net/1x1/delapouite/upgrade.html	curl -O https://game-icons.net/icons/ffffff/000000/1x1/delapouite/upgrade.svg
uprising	delapouite	CC-BY 3.0	svg,png	https://game-icons.net/1x1/delapouite/uprising.html	curl -O https://game-icons.net/icons/ffffff/000000/1x1/delapouite/uprising.svg
ursa-major	delapouite	CC-BY 3.0	svg,png	https://game-icons.net/1x1/delapouite/ursa-major.html	curl -O https://game-icons.net/icons/ffffff/000000/1x1/delapouite/ursa-major.svg
uruguay	delapouite	CC-BY 3.0	svg,png	https://game-icons.net/1x1/delapouite/uruguay.html	curl -O https://game-icons.net/icons/ffffff/000000/1x1/delapouite/uruguay.svg
usa-flag	delapouite	CC-BY 3.0	svg,png	https://game-icons.net/1x1/delapouite/usa-flag.html	curl -O https://game-icons.net/icons/ffffff/000000/1x1/delapouite/usa-flag.svg
usb-key	delapouite	CC-BY 3.0	svg,png	https://game-icons.net/1x1/delapouite/usb-key.html	curl -O https://game-icons.net/icons/ffffff/000000/1x1/delapouite/usb-key.svg
ushanka	delapouite	CC-BY 3.0	svg,png	https://game-icons.net/1x1/delapouite/ushanka.html	curl -O https://game-icons.net/icons/ffffff/000000/1x1/delapouite/ushanka.svg
uzi	delapouite	CC-BY 3.0	svg,png	https://game-icons.net/1x1/delapouite/uzi.html	curl -O https://game-icons.net/icons/ffffff/000000/1x1/delapouite/uzi.svg
vacuum-cleaner	delapouite	CC-BY 3.0	svg,png	https://game-icons.net/1x1/delapouite/vacuum-cleaner.html	curl -O https://game-icons.net/icons/ffffff/000000/1x1/delapouite/vacuum-cleaner.svg
valve	delapouite	CC-BY 3.0	svg,png	https://game-icons.net/1x1/delapouite/valve.html	curl -O https://game-icons.net/icons/ffffff/000000/1x1/delapouite/valve.svg
vampire-cape	delapouite	CC-BY 3.0	svg,png	https://game-icons.net/1x1/delapouite/vampire-cape.html	curl -O https://game-icons.net/icons/ffffff/000000/1x1/delapouite/vampire-cape.svg
vampire-dracula	delapouite	CC-BY 3.0	svg,png	https://game-icons.net/1x1/delapouite/vampire-dracula.html	curl -O https://game-icons.net/icons/ffffff/000000/1x1/delapouite/vampire-dracula.svg
van-damme-split	delapouite	CC-BY 3.0	svg,png	https://game-icons.net/1x1/delapouite/van-damme-split.html	curl -O https://game-icons.net/icons/ffffff/000000/1x1/delapouite/van-damme-split.svg
velocipede	delapouite	CC-BY 3.0	svg,png	https://game-icons.net/1x1/delapouite/velocipede.html	curl -O https://game-icons.net/icons/ffffff/000000/1x1/delapouite/velocipede.svg
velociraptor-tracks	delapouite	CC-BY 3.0	svg,png	https://game-icons.net/1x1/delapouite/velociraptor-tracks.html	curl -O https://game-icons.net/icons/ffffff/000000/1x1/delapouite/velociraptor-tracks.svg
velociraptor	delapouite	CC-BY 3.0	svg,png	https://game-icons.net/1x1/delapouite/velociraptor.html	curl -O https://game-icons.net/icons/ffffff/000000/1x1/delapouite/velociraptor.svg
vending-machine	delapouite	CC-BY 3.0	svg,png	https://game-icons.net/1x1/delapouite/vending-machine.html	curl -O https://game-icons.net/icons/ffffff/000000/1x1/delapouite/vending-machine.svg
venezuela	delapouite	CC-BY 3.0	svg,png	https://game-icons.net/1x1/delapouite/venezuela.html	curl -O https://game-icons.net/icons/ffffff/000000/1x1/delapouite/venezuela.svg
venus-of-willendorf	delapouite	CC-BY 3.0	svg,png	https://game-icons.net/1x1/delapouite/venus-of-willendorf.html	curl -O https://game-icons.net/icons/ffffff/000000/1x1/delapouite/venus-of-willendorf.svg
vertical-banner	delapouite	CC-BY 3.0	svg,png	https://game-icons.net/1x1/delapouite/vertical-banner.html	curl -O https://game-icons.net/icons/ffffff/000000/1x1/delapouite/vertical-banner.svg
vertical-flip	delapouite	CC-BY 3.0	svg,png	https://game-icons.net/1x1/delapouite/vertical-flip.html	curl -O https://game-icons.net/icons/ffffff/000000/1x1/delapouite/vertical-flip.svg
vibrating-shield	delapouite	CC-BY 3.0	svg,png	https://game-icons.net/1x1/delapouite/vibrating-shield.html	curl -O https://game-icons.net/icons/ffffff/000000/1x1/delapouite/vibrating-shield.svg
vibrating-smartphone	delapouite	CC-BY 3.0	svg,png	https://game-icons.net/1x1/delapouite/vibrating-smartphone.html	curl -O https://game-icons.net/icons/ffffff/000000/1x1/delapouite/vibrating-smartphone.svg
video-camera	delapouite	CC-BY 3.0	svg,png	https://game-icons.net/1x1/delapouite/video-camera.html	curl -O https://game-icons.net/icons/ffffff/000000/1x1/delapouite/video-camera.svg
video-conference	delapouite	CC-BY 3.0	svg,png	https://game-icons.net/1x1/delapouite/video-conference.html	curl -O https://game-icons.net/icons/ffffff/000000/1x1/delapouite/video-conference.svg
viking-church	delapouite	CC-BY 3.0	svg,png	https://game-icons.net/1x1/delapouite/viking-church.html	curl -O https://game-icons.net/icons/ffffff/000000/1x1/delapouite/viking-church.svg
viking-head	delapouite	CC-BY 3.0	svg,png	https://game-icons.net/1x1/delapouite/viking-head.html	curl -O https://game-icons.net/icons/ffffff/000000/1x1/delapouite/viking-head.svg
viking-helmet	delapouite	CC-BY 3.0	svg,png	https://game-icons.net/1x1/delapouite/viking-helmet.html	curl -O https://game-icons.net/icons/ffffff/000000/1x1/delapouite/viking-helmet.svg
viking-longhouse	delapouite	CC-BY 3.0	svg,png	https://game-icons.net/1x1/delapouite/viking-longhouse.html	curl -O https://game-icons.net/icons/ffffff/000000/1x1/delapouite/viking-longhouse.svg
viking-shield	delapouite	CC-BY 3.0	svg,png	https://game-icons.net/1x1/delapouite/viking-shield.html	curl -O https://game-icons.net/icons/ffffff/000000/1x1/delapouite/viking-shield.svg
village	delapouite	CC-BY 3.0	svg,png	https://game-icons.net/1x1/delapouite/village.html	curl -O https://game-icons.net/icons/ffffff/000000/1x1/delapouite/village.svg
vines	delapouite	CC-BY 3.0	svg,png	https://game-icons.net/1x1/delapouite/vines.html	curl -O https://game-icons.net/icons/ffffff/000000/1x1/delapouite/vines.svg
virgo	delapouite	CC-BY 3.0	svg,png	https://game-icons.net/1x1/delapouite/virgo.html	curl -O https://game-icons.net/icons/ffffff/000000/1x1/delapouite/virgo.svg
virtual-marker	delapouite	CC-BY 3.0	svg,png	https://game-icons.net/1x1/delapouite/virtual-marker.html	curl -O https://game-icons.net/icons/ffffff/000000/1x1/delapouite/virtual-marker.svg
vitruvian-man	delapouite	CC-BY 3.0	svg,png	https://game-icons.net/1x1/delapouite/vitruvian-man.html	curl -O https://game-icons.net/icons/ffffff/000000/1x1/delapouite/vitruvian-man.svg
volleyball-ball	delapouite	CC-BY 3.0	svg,png	https://game-icons.net/1x1/delapouite/volleyball-ball.html	curl -O https://game-icons.net/icons/ffffff/000000/1x1/delapouite/volleyball-ball.svg
vote	delapouite	CC-BY 3.0	svg,png	https://game-icons.net/1x1/delapouite/vote.html	curl -O https://game-icons.net/icons/ffffff/000000/1x1/delapouite/vote.svg
vr-headset	delapouite	CC-BY 3.0	svg,png	https://game-icons.net/1x1/delapouite/vr-headset.html	curl -O https://game-icons.net/icons/ffffff/000000/1x1/delapouite/vr-headset.svg
vuvuzelas	delapouite	CC-BY 3.0	svg,png	https://game-icons.net/1x1/delapouite/vuvuzelas.html	curl -O https://game-icons.net/icons/ffffff/000000/1x1/delapouite/vuvuzelas.svg
walk	delapouite	CC-BY 3.0	svg,png	https://game-icons.net/1x1/delapouite/walk.html	curl -O https://game-icons.net/icons/ffffff/000000/1x1/delapouite/walk.svg
walkie-talkie	delapouite	CC-BY 3.0	svg,png	https://game-icons.net/1x1/delapouite/walkie-talkie.html	curl -O https://game-icons.net/icons/ffffff/000000/1x1/delapouite/walkie-talkie.svg
walking-scout	delapouite	CC-BY 3.0	svg,png	https://game-icons.net/1x1/delapouite/walking-scout.html	curl -O https://game-icons.net/icons/ffffff/000000/1x1/delapouite/walking-scout.svg
walking-turret	delapouite	CC-BY 3.0	svg,png	https://game-icons.net/1x1/delapouite/walking-turret.html	curl -O https://game-icons.net/icons/ffffff/000000/1x1/delapouite/walking-turret.svg
wall-light	delapouite	CC-BY 3.0	svg,png	https://game-icons.net/1x1/delapouite/wall-light.html	curl -O https://game-icons.net/icons/ffffff/000000/1x1/delapouite/wall-light.svg
wallet	delapouite	CC-BY 3.0	svg,png	https://game-icons.net/1x1/delapouite/wallet.html	curl -O https://game-icons.net/icons/ffffff/000000/1x1/delapouite/wallet.svg
walrus-head	delapouite	CC-BY 3.0	svg,png	https://game-icons.net/1x1/delapouite/walrus-head.html	curl -O https://game-icons.net/icons/ffffff/000000/1x1/delapouite/walrus-head.svg
wanted-reward	delapouite	CC-BY 3.0	svg,png	https://game-icons.net/1x1/delapouite/wanted-reward.html	curl -O https://game-icons.net/icons/ffffff/000000/1x1/delapouite/wanted-reward.svg
war-axe	delapouite	CC-BY 3.0	svg,png	https://game-icons.net/1x1/delapouite/war-axe.html	curl -O https://game-icons.net/icons/ffffff/000000/1x1/delapouite/war-axe.svg
war-bonnet	delapouite	CC-BY 3.0	svg,png	https://game-icons.net/1x1/delapouite/war-bonnet.html	curl -O https://game-icons.net/icons/ffffff/000000/1x1/delapouite/war-bonnet.svg
war-pick	delapouite	CC-BY 3.0	svg,png	https://game-icons.net/1x1/delapouite/war-pick.html	curl -O https://game-icons.net/icons/ffffff/000000/1x1/delapouite/war-pick.svg
warehouse	delapouite	CC-BY 3.0	svg,png	https://game-icons.net/1x1/delapouite/warehouse.html	curl -O https://game-icons.net/icons/ffffff/000000/1x1/delapouite/warehouse.svg
warhammer	delapouite	CC-BY 3.0	svg,png	https://game-icons.net/1x1/delapouite/warhammer.html	curl -O https://game-icons.net/icons/ffffff/000000/1x1/delapouite/warhammer.svg
warlock-eye	delapouite	CC-BY 3.0	svg,png	https://game-icons.net/1x1/delapouite/warlock-eye.html	curl -O https://game-icons.net/icons/ffffff/000000/1x1/delapouite/warlock-eye.svg
warlock-hood	delapouite	CC-BY 3.0	svg,png	https://game-icons.net/1x1/delapouite/warlock-hood.html	curl -O https://game-icons.net/icons/ffffff/000000/1x1/delapouite/warlock-hood.svg
warp-pipe	delapouite	CC-BY 3.0	svg,png	https://game-icons.net/1x1/delapouite/warp-pipe.html	curl -O https://game-icons.net/icons/ffffff/000000/1x1/delapouite/warp-pipe.svg
washing-machine	delapouite	CC-BY 3.0	svg,png	https://game-icons.net/1x1/delapouite/washing-machine.html	curl -O https://game-icons.net/icons/ffffff/000000/1x1/delapouite/washing-machine.svg
watch	delapouite	CC-BY 3.0	svg,png	https://game-icons.net/1x1/delapouite/watch.html	curl -O https://game-icons.net/icons/ffffff/000000/1x1/delapouite/watch.svg
watchtower	delapouite	CC-BY 3.0	svg,png	https://game-icons.net/1x1/delapouite/watchtower.html	curl -O https://game-icons.net/icons/ffffff/000000/1x1/delapouite/watchtower.svg
water-bottle	delapouite	CC-BY 3.0	svg,png	https://game-icons.net/1x1/delapouite/water-bottle.html	curl -O https://game-icons.net/icons/ffffff/000000/1x1/delapouite/water-bottle.svg
water-diviner-stick	delapouite	CC-BY 3.0	svg,png	https://game-icons.net/1x1/delapouite/water-diviner-stick.html	curl -O https://game-icons.net/icons/ffffff/000000/1x1/delapouite/water-diviner-stick.svg
water-flask	delapouite	CC-BY 3.0	svg,png	https://game-icons.net/1x1/delapouite/water-flask.html	curl -O https://game-icons.net/icons/ffffff/000000/1x1/delapouite/water-flask.svg
water-fountain	delapouite	CC-BY 3.0	svg,png	https://game-icons.net/1x1/delapouite/water-fountain.html	curl -O https://game-icons.net/icons/ffffff/000000/1x1/delapouite/water-fountain.svg
water-gallon	delapouite	CC-BY 3.0	svg,png	https://game-icons.net/1x1/delapouite/water-gallon.html	curl -O https://game-icons.net/icons/ffffff/000000/1x1/delapouite/water-gallon.svg
water-gun	delapouite	CC-BY 3.0	svg,png	https://game-icons.net/1x1/delapouite/water-gun.html	curl -O https://game-icons.net/icons/ffffff/000000/1x1/delapouite/water-gun.svg
water-polo	delapouite	CC-BY 3.0	svg,png	https://game-icons.net/1x1/delapouite/water-polo.html	curl -O https://game-icons.net/icons/ffffff/000000/1x1/delapouite/water-polo.svg
water-recycling	delapouite	CC-BY 3.0	svg,png	https://game-icons.net/1x1/delapouite/water-recycling.html	curl -O https://game-icons.net/icons/ffffff/000000/1x1/delapouite/water-recycling.svg
water-tank	delapouite	CC-BY 3.0	svg,png	https://game-icons.net/1x1/delapouite/water-tank.html	curl -O https://game-icons.net/icons/ffffff/000000/1x1/delapouite/water-tank.svg
water-tower	delapouite	CC-BY 3.0	svg,png	https://game-icons.net/1x1/delapouite/water-tower.html	curl -O https://game-icons.net/icons/ffffff/000000/1x1/delapouite/water-tower.svg
waterfall	delapouite	CC-BY 3.0	svg,png	https://game-icons.net/1x1/delapouite/waterfall.html	curl -O https://game-icons.net/icons/ffffff/000000/1x1/delapouite/waterfall.svg
watering-can	delapouite	CC-BY 3.0	svg,png	https://game-icons.net/1x1/delapouite/watering-can.html	curl -O https://game-icons.net/icons/ffffff/000000/1x1/delapouite/watering-can.svg
watermelon	delapouite	CC-BY 3.0	svg,png	https://game-icons.net/1x1/delapouite/watermelon.html	curl -O https://game-icons.net/icons/ffffff/000000/1x1/delapouite/watermelon.svg
waterskin	delapouite	CC-BY 3.0	svg,png	https://game-icons.net/1x1/delapouite/waterskin.html	curl -O https://game-icons.net/icons/ffffff/000000/1x1/delapouite/waterskin.svg
wave-surfer	delapouite	CC-BY 3.0	svg,png	https://game-icons.net/1x1/delapouite/wave-surfer.html	curl -O https://game-icons.net/icons/ffffff/000000/1x1/delapouite/wave-surfer.svg
wax-tablet	delapouite	CC-BY 3.0	svg,png	https://game-icons.net/1x1/delapouite/wax-tablet.html	curl -O https://game-icons.net/icons/ffffff/000000/1x1/delapouite/wax-tablet.svg
weight-lifting-down	delapouite	CC-BY 3.0	svg,png	https://game-icons.net/1x1/delapouite/weight-lifting-down.html	curl -O https://game-icons.net/icons/ffffff/000000/1x1/delapouite/weight-lifting-down.svg
weight-lifting-up	delapouite	CC-BY 3.0	svg,png	https://game-icons.net/1x1/delapouite/weight-lifting-up.html	curl -O https://game-icons.net/icons/ffffff/000000/1x1/delapouite/weight-lifting-up.svg
weight-scale	delapouite	CC-BY 3.0	svg,png	https://game-icons.net/1x1/delapouite/weight-scale.html	curl -O https://game-icons.net/icons/ffffff/000000/1x1/delapouite/weight-scale.svg
weight	delapouite	CC-BY 3.0	svg,png	https://game-icons.net/1x1/delapouite/weight.html	curl -O https://game-icons.net/icons/ffffff/000000/1x1/delapouite/weight.svg
well	delapouite	CC-BY 3.0	svg,png	https://game-icons.net/1x1/delapouite/well.html	curl -O https://game-icons.net/icons/ffffff/000000/1x1/delapouite/well.svg
western-hat	delapouite	CC-BY 3.0	svg,png	https://game-icons.net/1x1/delapouite/western-hat.html	curl -O https://game-icons.net/icons/ffffff/000000/1x1/delapouite/western-hat.svg
whale-tail	delapouite	CC-BY 3.0	svg,png	https://game-icons.net/1x1/delapouite/whale-tail.html	curl -O https://game-icons.net/icons/ffffff/000000/1x1/delapouite/whale-tail.svg
wheelbarrow	delapouite	CC-BY 3.0	svg,png	https://game-icons.net/1x1/delapouite/wheelbarrow.html	curl -O https://game-icons.net/icons/ffffff/000000/1x1/delapouite/wheelbarrow.svg
whisk	delapouite	CC-BY 3.0	svg,png	https://game-icons.net/1x1/delapouite/whisk.html	curl -O https://game-icons.net/icons/ffffff/000000/1x1/delapouite/whisk.svg
whistle	delapouite	CC-BY 3.0	svg,png	https://game-icons.net/1x1/delapouite/whistle.html	curl -O https://game-icons.net/icons/ffffff/000000/1x1/delapouite/whistle.svg
wifi-router	delapouite	CC-BY 3.0	svg,png	https://game-icons.net/1x1/delapouite/wifi-router.html	curl -O https://game-icons.net/icons/ffffff/000000/1x1/delapouite/wifi-router.svg
wind-turbine	delapouite	CC-BY 3.0	svg,png	https://game-icons.net/1x1/delapouite/wind-turbine.html	curl -O https://game-icons.net/icons/ffffff/000000/1x1/delapouite/wind-turbine.svg
windmill	delapouite	CC-BY 3.0	svg,png	https://game-icons.net/1x1/delapouite/windmill.html	curl -O https://game-icons.net/icons/ffffff/000000/1x1/delapouite/windmill.svg
window-bars	delapouite	CC-BY 3.0	svg,png	https://game-icons.net/1x1/delapouite/window-bars.html	curl -O https://game-icons.net/icons/ffffff/000000/1x1/delapouite/window-bars.svg
window	delapouite	CC-BY 3.0	svg,png	https://game-icons.net/1x1/delapouite/window.html	curl -O https://game-icons.net/icons/ffffff/000000/1x1/delapouite/window.svg
windpump	delapouite	CC-BY 3.0	svg,png	https://game-icons.net/1x1/delapouite/windpump.html	curl -O https://game-icons.net/icons/ffffff/000000/1x1/delapouite/windpump.svg
windsock	delapouite	CC-BY 3.0	svg,png	https://game-icons.net/1x1/delapouite/windsock.html	curl -O https://game-icons.net/icons/ffffff/000000/1x1/delapouite/windsock.svg
wine-bottle	delapouite	CC-BY 3.0	svg,png	https://game-icons.net/1x1/delapouite/wine-bottle.html	curl -O https://game-icons.net/icons/ffffff/000000/1x1/delapouite/wine-bottle.svg
winged-scepter	delapouite	CC-BY 3.0	svg,png	https://game-icons.net/1x1/delapouite/winged-scepter.html	curl -O https://game-icons.net/icons/ffffff/000000/1x1/delapouite/winged-scepter.svg
winter-gloves	delapouite	CC-BY 3.0	svg,png	https://game-icons.net/1x1/delapouite/winter-gloves.html	curl -O https://game-icons.net/icons/ffffff/000000/1x1/delapouite/winter-gloves.svg
winter-hat	delapouite	CC-BY 3.0	svg,png	https://game-icons.net/1x1/delapouite/winter-hat.html	curl -O https://game-icons.net/icons/ffffff/000000/1x1/delapouite/winter-hat.svg
wire-coil	delapouite	CC-BY 3.0	svg,png	https://game-icons.net/1x1/delapouite/wire-coil.html	curl -O https://game-icons.net/icons/ffffff/000000/1x1/delapouite/wire-coil.svg
wireframe-globe	delapouite	CC-BY 3.0	svg,png	https://game-icons.net/1x1/delapouite/wireframe-globe.html	curl -O https://game-icons.net/icons/ffffff/000000/1x1/delapouite/wireframe-globe.svg
wisdom	delapouite	CC-BY 3.0	svg,png	https://game-icons.net/1x1/delapouite/wisdom.html	curl -O https://game-icons.net/icons/ffffff/000000/1x1/delapouite/wisdom.svg
wizard-face	delapouite	CC-BY 3.0	svg,png	https://game-icons.net/1x1/delapouite/wizard-face.html	curl -O https://game-icons.net/icons/ffffff/000000/1x1/delapouite/wizard-face.svg
wolverine-claws	delapouite	CC-BY 3.0	svg,png	https://game-icons.net/1x1/delapouite/wolverine-claws.html	curl -O https://game-icons.net/icons/ffffff/000000/1x1/delapouite/wolverine-claws.svg
woman-elf-face	delapouite	CC-BY 3.0	svg,png	https://game-icons.net/1x1/delapouite/woman-elf-face.html	curl -O https://game-icons.net/icons/ffffff/000000/1x1/delapouite/woman-elf-face.svg
wood-beam	delapouite	CC-BY 3.0	svg,png	https://game-icons.net/1x1/delapouite/wood-beam.html	curl -O https://game-icons.net/icons/ffffff/000000/1x1/delapouite/wood-beam.svg
wood-cabin	delapouite	CC-BY 3.0	svg,png	https://game-icons.net/1x1/delapouite/wood-cabin.html	curl -O https://game-icons.net/icons/ffffff/000000/1x1/delapouite/wood-cabin.svg
wood-canoe	delapouite	CC-BY 3.0	svg,png	https://game-icons.net/1x1/delapouite/wood-canoe.html	curl -O https://game-icons.net/icons/ffffff/000000/1x1/delapouite/wood-canoe.svg
wood-club	delapouite	CC-BY 3.0	svg,png	https://game-icons.net/1x1/delapouite/wood-club.html	curl -O https://game-icons.net/icons/ffffff/000000/1x1/delapouite/wood-club.svg
wood-frame	delapouite	CC-BY 3.0	svg,png	https://game-icons.net/1x1/delapouite/wood-frame.html	curl -O https://game-icons.net/icons/ffffff/000000/1x1/delapouite/wood-frame.svg
wood-pile	delapouite	CC-BY 3.0	svg,png	https://game-icons.net/1x1/delapouite/wood-pile.html	curl -O https://game-icons.net/icons/ffffff/000000/1x1/delapouite/wood-pile.svg
wood-stick	delapouite	CC-BY 3.0	svg,png	https://game-icons.net/1x1/delapouite/wood-stick.html	curl -O https://game-icons.net/icons/ffffff/000000/1x1/delapouite/wood-stick.svg
wooden-chair	delapouite	CC-BY 3.0	svg,png	https://game-icons.net/1x1/delapouite/wooden-chair.html	curl -O https://game-icons.net/icons/ffffff/000000/1x1/delapouite/wooden-chair.svg
wooden-clogs	delapouite	CC-BY 3.0	svg,png	https://game-icons.net/1x1/delapouite/wooden-clogs.html	curl -O https://game-icons.net/icons/ffffff/000000/1x1/delapouite/wooden-clogs.svg
wooden-crate	delapouite	CC-BY 3.0	svg,png	https://game-icons.net/1x1/delapouite/wooden-crate.html	curl -O https://game-icons.net/icons/ffffff/000000/1x1/delapouite/wooden-crate.svg
wooden-pegleg	delapouite	CC-BY 3.0	svg,png	https://game-icons.net/1x1/delapouite/wooden-pegleg.html	curl -O https://game-icons.net/icons/ffffff/000000/1x1/delapouite/wooden-pegleg.svg
wooden-pier	delapouite	CC-BY 3.0	svg,png	https://game-icons.net/1x1/delapouite/wooden-pier.html	curl -O https://game-icons.net/icons/ffffff/000000/1x1/delapouite/wooden-pier.svg
wool	delapouite	CC-BY 3.0	svg,png	https://game-icons.net/1x1/delapouite/wool.html	curl -O https://game-icons.net/icons/ffffff/000000/1x1/delapouite/wool.svg
worms	delapouite	CC-BY 3.0	svg,png	https://game-icons.net/1x1/delapouite/worms.html	curl -O https://game-icons.net/icons/ffffff/000000/1x1/delapouite/worms.svg
xylophone	delapouite	CC-BY 3.0	svg,png	https://game-icons.net/1x1/delapouite/xylophone.html	curl -O https://game-icons.net/icons/ffffff/000000/1x1/delapouite/xylophone.svg
yarn	delapouite	CC-BY 3.0	svg,png	https://game-icons.net/1x1/delapouite/yarn.html	curl -O https://game-icons.net/icons/ffffff/000000/1x1/delapouite/yarn.svg
yin-yang	delapouite	CC-BY 3.0	svg,png	https://game-icons.net/1x1/delapouite/yin-yang.html	curl -O https://game-icons.net/icons/ffffff/000000/1x1/delapouite/yin-yang.svg
yunluo	delapouite	CC-BY 3.0	svg,png	https://game-icons.net/1x1/delapouite/yunluo.html	curl -O https://game-icons.net/icons/ffffff/000000/1x1/delapouite/yunluo.svg
z-brick	delapouite	CC-BY 3.0	svg,png	https://game-icons.net/1x1/delapouite/z-brick.html	curl -O https://game-icons.net/icons/ffffff/000000/1x1/delapouite/z-brick.svg
zat-gun	delapouite	CC-BY 3.0	svg,png	https://game-icons.net/1x1/delapouite/zat-gun.html	curl -O https://game-icons.net/icons/ffffff/000000/1x1/delapouite/zat-gun.svg
zigzag-hieroglyph	delapouite	CC-BY 3.0	svg,png	https://game-icons.net/1x1/delapouite/zigzag-hieroglyph.html	curl -O https://game-icons.net/icons/ffffff/000000/1x1/delapouite/zigzag-hieroglyph.svg
zipper	delapouite	CC-BY 3.0	svg,png	https://game-icons.net/1x1/delapouite/zipper.html	curl -O https://game-icons.net/icons/ffffff/000000/1x1/delapouite/zipper.svg
dodge	felbrigg	CC-BY 3.0	svg,png	https://game-icons.net/1x1/felbrigg/dodge.html	curl -O https://game-icons.net/icons/ffffff/000000/1x1/felbrigg/dodge.svg
overhead	felbrigg	CC-BY 3.0	svg,png	https://game-icons.net/1x1/felbrigg/overhead.html	curl -O https://game-icons.net/icons/ffffff/000000/1x1/felbrigg/overhead.svg
sideswipe	felbrigg	CC-BY 3.0	svg,png	https://game-icons.net/1x1/felbrigg/sideswipe.html	curl -O https://game-icons.net/icons/ffffff/000000/1x1/felbrigg/sideswipe.svg
thrust	felbrigg	CC-BY 3.0	svg,png	https://game-icons.net/1x1/felbrigg/thrust.html	curl -O https://game-icons.net/icons/ffffff/000000/1x1/felbrigg/thrust.svg
underhand	felbrigg	CC-BY 3.0	svg,png	https://game-icons.net/1x1/felbrigg/underhand.html	curl -O https://game-icons.net/icons/ffffff/000000/1x1/felbrigg/underhand.svg
pistol-gun	john-colburn	CC-BY 3.0	svg,png	https://game-icons.net/1x1/john-colburn/pistol-gun.html	curl -O https://game-icons.net/icons/ffffff/000000/1x1/john-colburn/pistol-gun.svg
ace	lorc	CC-BY 3.0	svg,png	https://game-icons.net/1x1/lorc/ace.html	curl -O https://game-icons.net/icons/ffffff/000000/1x1/lorc/ace.svg
acid-blob	lorc	CC-BY 3.0	svg,png	https://game-icons.net/1x1/lorc/acid-blob.html	curl -O https://game-icons.net/icons/ffffff/000000/1x1/lorc/acid-blob.svg
acorn	lorc	CC-BY 3.0	svg,png	https://game-icons.net/1x1/lorc/acorn.html	curl -O https://game-icons.net/icons/ffffff/000000/1x1/lorc/acorn.svg
aerial-signal	lorc	CC-BY 3.0	svg,png	https://game-icons.net/1x1/lorc/aerial-signal.html	curl -O https://game-icons.net/icons/ffffff/000000/1x1/lorc/aerial-signal.svg
aerodynamic-harpoon	lorc	CC-BY 3.0	svg,png	https://game-icons.net/1x1/lorc/aerodynamic-harpoon.html	curl -O https://game-icons.net/icons/ffffff/000000/1x1/lorc/aerodynamic-harpoon.svg
aerosol	lorc	CC-BY 3.0	svg,png	https://game-icons.net/1x1/lorc/aerosol.html	curl -O https://game-icons.net/icons/ffffff/000000/1x1/lorc/aerosol.svg
afterburn	lorc	CC-BY 3.0	svg,png	https://game-icons.net/1x1/lorc/afterburn.html	curl -O https://game-icons.net/icons/ffffff/000000/1x1/lorc/afterburn.svg
air-zigzag	lorc	CC-BY 3.0	svg,png	https://game-icons.net/1x1/lorc/air-zigzag.html	curl -O https://game-icons.net/icons/ffffff/000000/1x1/lorc/air-zigzag.svg
alien-fire	lorc	CC-BY 3.0	svg,png	https://game-icons.net/1x1/lorc/alien-fire.html	curl -O https://game-icons.net/icons/ffffff/000000/1x1/lorc/alien-fire.svg
alien-skull	lorc	CC-BY 3.0	svg,png	https://game-icons.net/1x1/lorc/alien-skull.html	curl -O https://game-icons.net/icons/ffffff/000000/1x1/lorc/alien-skull.svg
alien-stare	lorc	CC-BY 3.0	svg,png	https://game-icons.net/1x1/lorc/alien-stare.html	curl -O https://game-icons.net/icons/ffffff/000000/1x1/lorc/alien-stare.svg
all-for-one	lorc	CC-BY 3.0	svg,png	https://game-icons.net/1x1/lorc/all-for-one.html	curl -O https://game-icons.net/icons/ffffff/000000/1x1/lorc/all-for-one.svg
alligator-clip	lorc	CC-BY 3.0	svg,png	https://game-icons.net/1x1/lorc/alligator-clip.html	curl -O https://game-icons.net/icons/ffffff/000000/1x1/lorc/alligator-clip.svg
ammonite-fossil	lorc	CC-BY 3.0	svg,png	https://game-icons.net/1x1/lorc/ammonite-fossil.html	curl -O https://game-icons.net/icons/ffffff/000000/1x1/lorc/ammonite-fossil.svg
ammonite	lorc	CC-BY 3.0	svg,png	https://game-icons.net/1x1/lorc/ammonite.html	curl -O https://game-icons.net/icons/ffffff/000000/1x1/lorc/ammonite.svg
anatomy	lorc	CC-BY 3.0	svg,png	https://game-icons.net/1x1/lorc/anatomy.html	curl -O https://game-icons.net/icons/ffffff/000000/1x1/lorc/anatomy.svg
anchor	lorc	CC-BY 3.0	svg,png	https://game-icons.net/1x1/lorc/anchor.html	curl -O https://game-icons.net/icons/ffffff/000000/1x1/lorc/anchor.svg
android-mask	lorc	CC-BY 3.0	svg,png	https://game-icons.net/1x1/lorc/android-mask.html	curl -O https://game-icons.net/icons/ffffff/000000/1x1/lorc/android-mask.svg
andromeda-chain	lorc	CC-BY 3.0	svg,png	https://game-icons.net/1x1/lorc/andromeda-chain.html	curl -O https://game-icons.net/icons/ffffff/000000/1x1/lorc/andromeda-chain.svg
angel-outfit	lorc	CC-BY 3.0	svg,png	https://game-icons.net/1x1/lorc/angel-outfit.html	curl -O https://game-icons.net/icons/ffffff/000000/1x1/lorc/angel-outfit.svg
angel-wings	lorc	CC-BY 3.0	svg,png	https://game-icons.net/1x1/lorc/angel-wings.html	curl -O https://game-icons.net/icons/ffffff/000000/1x1/lorc/angel-wings.svg
angler-fish	lorc	CC-BY 3.0	svg,png	https://game-icons.net/1x1/lorc/angler-fish.html	curl -O https://game-icons.net/icons/ffffff/000000/1x1/lorc/angler-fish.svg
angular-spider	lorc	CC-BY 3.0	svg,png	https://game-icons.net/1x1/lorc/angular-spider.html	curl -O https://game-icons.net/icons/ffffff/000000/1x1/lorc/angular-spider.svg
animal-skull	lorc	CC-BY 3.0	svg,png	https://game-icons.net/1x1/lorc/animal-skull.html	curl -O https://game-icons.net/icons/ffffff/000000/1x1/lorc/animal-skull.svg
ankh	lorc	CC-BY 3.0	svg,png	https://game-icons.net/1x1/lorc/ankh.html	curl -O https://game-icons.net/icons/ffffff/000000/1x1/lorc/ankh.svg
anthem	lorc	CC-BY 3.0	svg,png	https://game-icons.net/1x1/lorc/anthem.html	curl -O https://game-icons.net/icons/ffffff/000000/1x1/lorc/anthem.svg
anvil-impact	lorc	CC-BY 3.0	svg,png	https://game-icons.net/1x1/lorc/anvil-impact.html	curl -O https://game-icons.net/icons/ffffff/000000/1x1/lorc/anvil-impact.svg
anvil	lorc	CC-BY 3.0	svg,png	https://game-icons.net/1x1/lorc/anvil.html	curl -O https://game-icons.net/icons/ffffff/000000/1x1/lorc/anvil.svg
apple-maggot	lorc	CC-BY 3.0	svg,png	https://game-icons.net/1x1/lorc/apple-maggot.html	curl -O https://game-icons.net/icons/ffffff/000000/1x1/lorc/apple-maggot.svg
apple-seeds	lorc	CC-BY 3.0	svg,png	https://game-icons.net/1x1/lorc/apple-seeds.html	curl -O https://game-icons.net/icons/ffffff/000000/1x1/lorc/apple-seeds.svg
archery-target	lorc	CC-BY 3.0	svg,png	https://game-icons.net/1x1/lorc/archery-target.html	curl -O https://game-icons.net/icons/ffffff/000000/1x1/lorc/archery-target.svg
architect-mask	lorc	CC-BY 3.0	svg,png	https://game-icons.net/1x1/lorc/architect-mask.html	curl -O https://game-icons.net/icons/ffffff/000000/1x1/lorc/architect-mask.svg
arcing-bolt	lorc	CC-BY 3.0	svg,png	https://game-icons.net/1x1/lorc/arcing-bolt.html	curl -O https://game-icons.net/icons/ffffff/000000/1x1/lorc/arcing-bolt.svg
armadillo-tail	lorc	CC-BY 3.0	svg,png	https://game-icons.net/1x1/lorc/armadillo-tail.html	curl -O https://game-icons.net/icons/ffffff/000000/1x1/lorc/armadillo-tail.svg
armor-vest	lorc	CC-BY 3.0	svg,png	https://game-icons.net/1x1/lorc/armor-vest.html	curl -O https://game-icons.net/icons/ffffff/000000/1x1/lorc/armor-vest.svg
armoured-shell	lorc	CC-BY 3.0	svg,png	https://game-icons.net/1x1/lorc/armoured-shell.html	curl -O https://game-icons.net/icons/ffffff/000000/1x1/lorc/armoured-shell.svg
arrow-cluster	lorc	CC-BY 3.0	svg,png	https://game-icons.net/1x1/lorc/arrow-cluster.html	curl -O https://game-icons.net/icons/ffffff/000000/1x1/lorc/arrow-cluster.svg
arrow-dunk	lorc	CC-BY 3.0	svg,png	https://game-icons.net/1x1/lorc/arrow-dunk.html	curl -O https://game-icons.net/icons/ffffff/000000/1x1/lorc/arrow-dunk.svg
arrow-flights	lorc	CC-BY 3.0	svg,png	https://game-icons.net/1x1/lorc/arrow-flights.html	curl -O https://game-icons.net/icons/ffffff/000000/1x1/lorc/arrow-flights.svg
arrow-scope	lorc	CC-BY 3.0	svg,png	https://game-icons.net/1x1/lorc/arrow-scope.html	curl -O https://game-icons.net/icons/ffffff/000000/1x1/lorc/arrow-scope.svg
arrowed	lorc	CC-BY 3.0	svg,png	https://game-icons.net/1x1/lorc/arrowed.html	curl -O https://game-icons.net/icons/ffffff/000000/1x1/lorc/arrowed.svg
arrowhead	lorc	CC-BY 3.0	svg,png	https://game-icons.net/1x1/lorc/arrowhead.html	curl -O https://game-icons.net/icons/ffffff/000000/1x1/lorc/arrowhead.svg
arrows-shield	lorc	CC-BY 3.0	svg,png	https://game-icons.net/1x1/lorc/arrows-shield.html	curl -O https://game-icons.net/icons/ffffff/000000/1x1/lorc/arrows-shield.svg
arson	lorc	CC-BY 3.0	svg,png	https://game-icons.net/1x1/lorc/arson.html	curl -O https://game-icons.net/icons/ffffff/000000/1x1/lorc/arson.svg
artificial-hive	lorc	CC-BY 3.0	svg,png	https://game-icons.net/1x1/lorc/artificial-hive.html	curl -O https://game-icons.net/icons/ffffff/000000/1x1/lorc/artificial-hive.svg
assassin-pocket	lorc	CC-BY 3.0	svg,png	https://game-icons.net/1x1/lorc/assassin-pocket.html	curl -O https://game-icons.net/icons/ffffff/000000/1x1/lorc/assassin-pocket.svg
at-sea	lorc	CC-BY 3.0	svg,png	https://game-icons.net/1x1/lorc/at-sea.html	curl -O https://game-icons.net/icons/ffffff/000000/1x1/lorc/at-sea.svg
atomic-slashes	lorc	CC-BY 3.0	svg,png	https://game-icons.net/1x1/lorc/atomic-slashes.html	curl -O https://game-icons.net/icons/ffffff/000000/1x1/lorc/atomic-slashes.svg
aubergine	lorc	CC-BY 3.0	svg,png	https://game-icons.net/1x1/lorc/aubergine.html	curl -O https://game-icons.net/icons/ffffff/000000/1x1/lorc/aubergine.svg
aura	lorc	CC-BY 3.0	svg,png	https://game-icons.net/1x1/lorc/aura.html	curl -O https://game-icons.net/icons/ffffff/000000/1x1/lorc/aura.svg
auto-repair	lorc	CC-BY 3.0	svg,png	https://game-icons.net/1x1/lorc/auto-repair.html	curl -O https://game-icons.net/icons/ffffff/000000/1x1/lorc/auto-repair.svg
autogun	lorc	CC-BY 3.0	svg,png	https://game-icons.net/1x1/lorc/autogun.html	curl -O https://game-icons.net/icons/ffffff/000000/1x1/lorc/autogun.svg
automatic-sas	lorc	CC-BY 3.0	svg,png	https://game-icons.net/1x1/lorc/automatic-sas.html	curl -O https://game-icons.net/icons/ffffff/000000/1x1/lorc/automatic-sas.svg
awareness	lorc	CC-BY 3.0	svg,png	https://game-icons.net/1x1/lorc/awareness.html	curl -O https://game-icons.net/icons/ffffff/000000/1x1/lorc/awareness.svg
axe-in-stump	lorc	CC-BY 3.0	svg,png	https://game-icons.net/1x1/lorc/axe-in-stump.html	curl -O https://game-icons.net/icons/ffffff/000000/1x1/lorc/axe-in-stump.svg
axe-swing	lorc	CC-BY 3.0	svg,png	https://game-icons.net/1x1/lorc/axe-swing.html	curl -O https://game-icons.net/icons/ffffff/000000/1x1/lorc/axe-swing.svg
back-forth	lorc	CC-BY 3.0	svg,png	https://game-icons.net/1x1/lorc/back-forth.html	curl -O https://game-icons.net/icons/ffffff/000000/1x1/lorc/back-forth.svg
back-pain	lorc	CC-BY 3.0	svg,png	https://game-icons.net/1x1/lorc/back-pain.html	curl -O https://game-icons.net/icons/ffffff/000000/1x1/lorc/back-pain.svg
backbone-shell	lorc	CC-BY 3.0	svg,png	https://game-icons.net/1x1/lorc/backbone-shell.html	curl -O https://game-icons.net/icons/ffffff/000000/1x1/lorc/backbone-shell.svg
backstab	lorc	CC-BY 3.0	svg,png	https://game-icons.net/1x1/lorc/backstab.html	curl -O https://game-icons.net/icons/ffffff/000000/1x1/lorc/backstab.svg
backup	lorc	CC-BY 3.0	svg,png	https://game-icons.net/1x1/lorc/backup.html	curl -O https://game-icons.net/icons/ffffff/000000/1x1/lorc/backup.svg
ball-glow	lorc	CC-BY 3.0	svg,png	https://game-icons.net/1x1/lorc/ball-glow.html	curl -O https://game-icons.net/icons/ffffff/000000/1x1/lorc/ball-glow.svg
ball-heart	lorc	CC-BY 3.0	svg,png	https://game-icons.net/1x1/lorc/ball-heart.html	curl -O https://game-icons.net/icons/ffffff/000000/1x1/lorc/ball-heart.svg
balloons	lorc	CC-BY 3.0	svg,png	https://game-icons.net/1x1/lorc/balloons.html	curl -O https://game-icons.net/icons/ffffff/000000/1x1/lorc/balloons.svg
bandage-roll	lorc	CC-BY 3.0	svg,png	https://game-icons.net/1x1/lorc/bandage-roll.html	curl -O https://game-icons.net/icons/ffffff/000000/1x1/lorc/bandage-roll.svg
bandaged	lorc	CC-BY 3.0	svg,png	https://game-icons.net/1x1/lorc/bandaged.html	curl -O https://game-icons.net/icons/ffffff/000000/1x1/lorc/bandaged.svg
barbed-arrow	lorc	CC-BY 3.0	svg,png	https://game-icons.net/1x1/lorc/barbed-arrow.html	curl -O https://game-icons.net/icons/ffffff/000000/1x1/lorc/barbed-arrow.svg
barbed-coil	lorc	CC-BY 3.0	svg,png	https://game-icons.net/1x1/lorc/barbed-coil.html	curl -O https://game-icons.net/icons/ffffff/000000/1x1/lorc/barbed-coil.svg
barbed-nails	lorc	CC-BY 3.0	svg,png	https://game-icons.net/1x1/lorc/barbed-nails.html	curl -O https://game-icons.net/icons/ffffff/000000/1x1/lorc/barbed-nails.svg
barbed-spear	lorc	CC-BY 3.0	svg,png	https://game-icons.net/1x1/lorc/barbed-spear.html	curl -O https://game-icons.net/icons/ffffff/000000/1x1/lorc/barbed-spear.svg
barbed-star	lorc	CC-BY 3.0	svg,png	https://game-icons.net/1x1/lorc/barbed-star.html	curl -O https://game-icons.net/icons/ffffff/000000/1x1/lorc/barbed-star.svg
barbed-sun	lorc	CC-BY 3.0	svg,png	https://game-icons.net/1x1/lorc/barbed-sun.html	curl -O https://game-icons.net/icons/ffffff/000000/1x1/lorc/barbed-sun.svg
barbed-wire	lorc	CC-BY 3.0	svg,png	https://game-icons.net/1x1/lorc/barbed-wire.html	curl -O https://game-icons.net/icons/ffffff/000000/1x1/lorc/barbed-wire.svg
barbute	lorc	CC-BY 3.0	svg,png	https://game-icons.net/1x1/lorc/barbute.html	curl -O https://game-icons.net/icons/ffffff/000000/1x1/lorc/barbute.svg
barefoot	lorc	CC-BY 3.0	svg,png	https://game-icons.net/1x1/lorc/barefoot.html	curl -O https://game-icons.net/icons/ffffff/000000/1x1/lorc/barefoot.svg
bat-blade	lorc	CC-BY 3.0	svg,png	https://game-icons.net/1x1/lorc/bat-blade.html	curl -O https://game-icons.net/icons/ffffff/000000/1x1/lorc/bat-blade.svg
bat-wing	lorc	CC-BY 3.0	svg,png	https://game-icons.net/1x1/lorc/bat-wing.html	curl -O https://game-icons.net/icons/ffffff/000000/1x1/lorc/bat-wing.svg
battered-axe	lorc	CC-BY 3.0	svg,png	https://game-icons.net/1x1/lorc/battered-axe.html	curl -O https://game-icons.net/icons/ffffff/000000/1x1/lorc/battered-axe.svg
batteries	lorc	CC-BY 3.0	svg,png	https://game-icons.net/1x1/lorc/batteries.html	curl -O https://game-icons.net/icons/ffffff/000000/1x1/lorc/batteries.svg
battle-axe	lorc	CC-BY 3.0	svg,png	https://game-icons.net/1x1/lorc/battle-axe.html	curl -O https://game-icons.net/icons/ffffff/000000/1x1/lorc/battle-axe.svg
battle-gear	lorc	CC-BY 3.0	svg,png	https://game-icons.net/1x1/lorc/battle-gear.html	curl -O https://game-icons.net/icons/ffffff/000000/1x1/lorc/battle-gear.svg
battle-tank	lorc	CC-BY 3.0	svg,png	https://game-icons.net/1x1/lorc/battle-tank.html	curl -O https://game-icons.net/icons/ffffff/000000/1x1/lorc/battle-tank.svg
batwing-emblem	lorc	CC-BY 3.0	svg,png	https://game-icons.net/1x1/lorc/batwing-emblem.html	curl -O https://game-icons.net/icons/ffffff/000000/1x1/lorc/batwing-emblem.svg
beam-wake	lorc	CC-BY 3.0	svg,png	https://game-icons.net/1x1/lorc/beam-wake.html	curl -O https://game-icons.net/icons/ffffff/000000/1x1/lorc/beam-wake.svg
beams-aura	lorc	CC-BY 3.0	svg,png	https://game-icons.net/1x1/lorc/beams-aura.html	curl -O https://game-icons.net/icons/ffffff/000000/1x1/lorc/beams-aura.svg
beanstalk	lorc	CC-BY 3.0	svg,png	https://game-icons.net/1x1/lorc/beanstalk.html	curl -O https://game-icons.net/icons/ffffff/000000/1x1/lorc/beanstalk.svg
beard	lorc	CC-BY 3.0	svg,png	https://game-icons.net/1x1/lorc/beard.html	curl -O https://game-icons.net/icons/ffffff/000000/1x1/lorc/beard.svg
beast-eye	lorc	CC-BY 3.0	svg,png	https://game-icons.net/1x1/lorc/beast-eye.html	curl -O https://game-icons.net/icons/ffffff/000000/1x1/lorc/beast-eye.svg
bee	lorc	CC-BY 3.0	svg,png	https://game-icons.net/1x1/lorc/bee.html	curl -O https://game-icons.net/icons/ffffff/000000/1x1/lorc/bee.svg
beech	lorc	CC-BY 3.0	svg,png	https://game-icons.net/1x1/lorc/beech.html	curl -O https://game-icons.net/icons/ffffff/000000/1x1/lorc/beech.svg
beer-stein	lorc	CC-BY 3.0	svg,png	https://game-icons.net/1x1/lorc/beer-stein.html	curl -O https://game-icons.net/icons/ffffff/000000/1x1/lorc/beer-stein.svg
beetle-shell	lorc	CC-BY 3.0	svg,png	https://game-icons.net/1x1/lorc/beetle-shell.html	curl -O https://game-icons.net/icons/ffffff/000000/1x1/lorc/beetle-shell.svg
behold	lorc	CC-BY 3.0	svg,png	https://game-icons.net/1x1/lorc/behold.html	curl -O https://game-icons.net/icons/ffffff/000000/1x1/lorc/behold.svg
bell-shield	lorc	CC-BY 3.0	svg,png	https://game-icons.net/1x1/lorc/bell-shield.html	curl -O https://game-icons.net/icons/ffffff/000000/1x1/lorc/bell-shield.svg
belt-buckles	lorc	CC-BY 3.0	svg,png	https://game-icons.net/1x1/lorc/belt-buckles.html	curl -O https://game-icons.net/icons/ffffff/000000/1x1/lorc/belt-buckles.svg
bestial-fangs	lorc	CC-BY 3.0	svg,png	https://game-icons.net/1x1/lorc/bestial-fangs.html	curl -O https://game-icons.net/icons/ffffff/000000/1x1/lorc/bestial-fangs.svg
beveled-star	lorc	CC-BY 3.0	svg,png	https://game-icons.net/1x1/lorc/beveled-star.html	curl -O https://game-icons.net/icons/ffffff/000000/1x1/lorc/beveled-star.svg
big-wave	lorc	CC-BY 3.0	svg,png	https://game-icons.net/1x1/lorc/big-wave.html	curl -O https://game-icons.net/icons/ffffff/000000/1x1/lorc/big-wave.svg
biohazard	lorc	CC-BY 3.0	svg,png	https://game-icons.net/1x1/lorc/biohazard.html	curl -O https://game-icons.net/icons/ffffff/000000/1x1/lorc/biohazard.svg
bird-claw	lorc	CC-BY 3.0	svg,png	https://game-icons.net/1x1/lorc/bird-claw.html	curl -O https://game-icons.net/icons/ffffff/000000/1x1/lorc/bird-claw.svg
bird-limb	lorc	CC-BY 3.0	svg,png	https://game-icons.net/1x1/lorc/bird-limb.html	curl -O https://game-icons.net/icons/ffffff/000000/1x1/lorc/bird-limb.svg
bird-mask	lorc	CC-BY 3.0	svg,png	https://game-icons.net/1x1/lorc/bird-mask.html	curl -O https://game-icons.net/icons/ffffff/000000/1x1/lorc/bird-mask.svg
bird-twitter	lorc	CC-BY 3.0	svg,png	https://game-icons.net/1x1/lorc/bird-twitter.html	curl -O https://game-icons.net/icons/ffffff/000000/1x1/lorc/bird-twitter.svg
black-bar	lorc	CC-BY 3.0	svg,png	https://game-icons.net/1x1/lorc/black-bar.html	curl -O https://game-icons.net/icons/ffffff/000000/1x1/lorc/black-bar.svg
black-flag	lorc	CC-BY 3.0	svg,png	https://game-icons.net/1x1/lorc/black-flag.html	curl -O https://game-icons.net/icons/ffffff/000000/1x1/lorc/black-flag.svg
black-hand-shield	lorc	CC-BY 3.0	svg,png	https://game-icons.net/1x1/lorc/black-hand-shield.html	curl -O https://game-icons.net/icons/ffffff/000000/1x1/lorc/black-hand-shield.svg
black-hole-bolas	lorc	CC-BY 3.0	svg,png	https://game-icons.net/1x1/lorc/black-hole-bolas.html	curl -O https://game-icons.net/icons/ffffff/000000/1x1/lorc/black-hole-bolas.svg
blackball	lorc	CC-BY 3.0	svg,png	https://game-icons.net/1x1/lorc/blackball.html	curl -O https://game-icons.net/icons/ffffff/000000/1x1/lorc/blackball.svg
blackcurrant	lorc	CC-BY 3.0	svg,png	https://game-icons.net/1x1/lorc/blackcurrant.html	curl -O https://game-icons.net/icons/ffffff/000000/1x1/lorc/blackcurrant.svg
blade-bite	lorc	CC-BY 3.0	svg,png	https://game-icons.net/1x1/lorc/blade-bite.html	curl -O https://game-icons.net/icons/ffffff/000000/1x1/lorc/blade-bite.svg
blade-drag	lorc	CC-BY 3.0	svg,png	https://game-icons.net/1x1/lorc/blade-drag.html	curl -O https://game-icons.net/icons/ffffff/000000/1x1/lorc/blade-drag.svg
blade-fall	lorc	CC-BY 3.0	svg,png	https://game-icons.net/1x1/lorc/blade-fall.html	curl -O https://game-icons.net/icons/ffffff/000000/1x1/lorc/blade-fall.svg
bleeding-eye	lorc	CC-BY 3.0	svg,png	https://game-icons.net/1x1/lorc/bleeding-eye.html	curl -O https://game-icons.net/icons/ffffff/000000/1x1/lorc/bleeding-eye.svg
bleeding-heart	lorc	CC-BY 3.0	svg,png	https://game-icons.net/1x1/lorc/bleeding-heart.html	curl -O https://game-icons.net/icons/ffffff/000000/1x1/lorc/bleeding-heart.svg
bleeding-wound	lorc	CC-BY 3.0	svg,png	https://game-icons.net/1x1/lorc/bleeding-wound.html	curl -O https://game-icons.net/icons/ffffff/000000/1x1/lorc/bleeding-wound.svg
bloody-stash	lorc	CC-BY 3.0	svg,png	https://game-icons.net/1x1/lorc/bloody-stash.html	curl -O https://game-icons.net/icons/ffffff/000000/1x1/lorc/bloody-stash.svg
bloody-sword	lorc	CC-BY 3.0	svg,png	https://game-icons.net/1x1/lorc/bloody-sword.html	curl -O https://game-icons.net/icons/ffffff/000000/1x1/lorc/bloody-sword.svg
blunderbuss	lorc	CC-BY 3.0	svg,png	https://game-icons.net/1x1/lorc/blunderbuss.html	curl -O https://game-icons.net/icons/ffffff/000000/1x1/lorc/blunderbuss.svg
boar-tusks	lorc	CC-BY 3.0	svg,png	https://game-icons.net/1x1/lorc/boar-tusks.html	curl -O https://game-icons.net/icons/ffffff/000000/1x1/lorc/boar-tusks.svg
body-swapping	lorc	CC-BY 3.0	svg,png	https://game-icons.net/1x1/lorc/body-swapping.html	curl -O https://game-icons.net/icons/ffffff/000000/1x1/lorc/body-swapping.svg
boiling-bubbles	lorc	CC-BY 3.0	svg,png	https://game-icons.net/1x1/lorc/boiling-bubbles.html	curl -O https://game-icons.net/icons/ffffff/000000/1x1/lorc/boiling-bubbles.svg
bolas	lorc	CC-BY 3.0	svg,png	https://game-icons.net/1x1/lorc/bolas.html	curl -O https://game-icons.net/icons/ffffff/000000/1x1/lorc/bolas.svg
bolt-eye	lorc	CC-BY 3.0	svg,png	https://game-icons.net/1x1/lorc/bolt-eye.html	curl -O https://game-icons.net/icons/ffffff/000000/1x1/lorc/bolt-eye.svg
bolt-saw	lorc	CC-BY 3.0	svg,png	https://game-icons.net/1x1/lorc/bolt-saw.html	curl -O https://game-icons.net/icons/ffffff/000000/1x1/lorc/bolt-saw.svg
bolt-shield	lorc	CC-BY 3.0	svg,png	https://game-icons.net/1x1/lorc/bolt-shield.html	curl -O https://game-icons.net/icons/ffffff/000000/1x1/lorc/bolt-shield.svg
bolter-gun	lorc	CC-BY 3.0	svg,png	https://game-icons.net/1x1/lorc/bolter-gun.html	curl -O https://game-icons.net/icons/ffffff/000000/1x1/lorc/bolter-gun.svg
bombing-run	lorc	CC-BY 3.0	svg,png	https://game-icons.net/1x1/lorc/bombing-run.html	curl -O https://game-icons.net/icons/ffffff/000000/1x1/lorc/bombing-run.svg
bone-gnawer	lorc	CC-BY 3.0	svg,png	https://game-icons.net/1x1/lorc/bone-gnawer.html	curl -O https://game-icons.net/icons/ffffff/000000/1x1/lorc/bone-gnawer.svg
bone-knife	lorc	CC-BY 3.0	svg,png	https://game-icons.net/1x1/lorc/bone-knife.html	curl -O https://game-icons.net/icons/ffffff/000000/1x1/lorc/bone-knife.svg
book-aura	lorc	CC-BY 3.0	svg,png	https://game-icons.net/1x1/lorc/book-aura.html	curl -O https://game-icons.net/icons/ffffff/000000/1x1/lorc/book-aura.svg
book-cover	lorc	CC-BY 3.0	svg,png	https://game-icons.net/1x1/lorc/book-cover.html	curl -O https://game-icons.net/icons/ffffff/000000/1x1/lorc/book-cover.svg
book-storm	lorc	CC-BY 3.0	svg,png	https://game-icons.net/1x1/lorc/book-storm.html	curl -O https://game-icons.net/icons/ffffff/000000/1x1/lorc/book-storm.svg
bookmark	lorc	CC-BY 3.0	svg,png	https://game-icons.net/1x1/lorc/bookmark.html	curl -O https://game-icons.net/icons/ffffff/000000/1x1/lorc/bookmark.svg
bookmarklet	lorc	CC-BY 3.0	svg,png	https://game-icons.net/1x1/lorc/bookmarklet.html	curl -O https://game-icons.net/icons/ffffff/000000/1x1/lorc/bookmarklet.svg
boomerang-sun	lorc	CC-BY 3.0	svg,png	https://game-icons.net/1x1/lorc/boomerang-sun.html	curl -O https://game-icons.net/icons/ffffff/000000/1x1/lorc/boomerang-sun.svg
boot-kick	lorc	CC-BY 3.0	svg,png	https://game-icons.net/1x1/lorc/boot-kick.html	curl -O https://game-icons.net/icons/ffffff/000000/1x1/lorc/boot-kick.svg
boot-prints	lorc	CC-BY 3.0	svg,png	https://game-icons.net/1x1/lorc/boot-prints.html	curl -O https://game-icons.net/icons/ffffff/000000/1x1/lorc/boot-prints.svg
boot-stomp	lorc	CC-BY 3.0	svg,png	https://game-icons.net/1x1/lorc/boot-stomp.html	curl -O https://game-icons.net/icons/ffffff/000000/1x1/lorc/boot-stomp.svg
boots	lorc	CC-BY 3.0	svg,png	https://game-icons.net/1x1/lorc/boots.html	curl -O https://game-icons.net/icons/ffffff/000000/1x1/lorc/boots.svg
bordered-shield	lorc	CC-BY 3.0	svg,png	https://game-icons.net/1x1/lorc/bordered-shield.html	curl -O https://game-icons.net/icons/ffffff/000000/1x1/lorc/bordered-shield.svg
bottle-vapors	lorc	CC-BY 3.0	svg,png	https://game-icons.net/1x1/lorc/bottle-vapors.html	curl -O https://game-icons.net/icons/ffffff/000000/1x1/lorc/bottle-vapors.svg
bottled-bolt	lorc	CC-BY 3.0	svg,png	https://game-icons.net/1x1/lorc/bottled-bolt.html	curl -O https://game-icons.net/icons/ffffff/000000/1x1/lorc/bottled-bolt.svg
bottom-right-3d-arrow	lorc	CC-BY 3.0	svg,png	https://game-icons.net/1x1/lorc/bottom-right-3d-arrow.html	curl -O https://game-icons.net/icons/ffffff/000000/1x1/lorc/bottom-right-3d-arrow.svg
bouncing-sword	lorc	CC-BY 3.0	svg,png	https://game-icons.net/1x1/lorc/bouncing-sword.html	curl -O https://game-icons.net/icons/ffffff/000000/1x1/lorc/bouncing-sword.svg
bowie-knife	lorc	CC-BY 3.0	svg,png	https://game-icons.net/1x1/lorc/bowie-knife.html	curl -O https://game-icons.net/icons/ffffff/000000/1x1/lorc/bowie-knife.svg
bowl-spiral	lorc	CC-BY 3.0	svg,png	https://game-icons.net/1x1/lorc/bowl-spiral.html	curl -O https://game-icons.net/icons/ffffff/000000/1x1/lorc/bowl-spiral.svg
bowling-propulsion	lorc	CC-BY 3.0	svg,png	https://game-icons.net/1x1/lorc/bowling-propulsion.html	curl -O https://game-icons.net/icons/ffffff/000000/1x1/lorc/bowling-propulsion.svg
bowman	lorc	CC-BY 3.0	svg,png	https://game-icons.net/1x1/lorc/bowman.html	curl -O https://game-icons.net/icons/ffffff/000000/1x1/lorc/bowman.svg
boxing-glove-surprise	lorc	CC-BY 3.0	svg,png	https://game-icons.net/1x1/lorc/boxing-glove-surprise.html	curl -O https://game-icons.net/icons/ffffff/000000/1x1/lorc/boxing-glove-surprise.svg
boxing-glove	lorc	CC-BY 3.0	svg,png	https://game-icons.net/1x1/lorc/boxing-glove.html	curl -O https://game-icons.net/icons/ffffff/000000/1x1/lorc/boxing-glove.svg
brain-freeze	lorc	CC-BY 3.0	svg,png	https://game-icons.net/1x1/lorc/brain-freeze.html	curl -O https://game-icons.net/icons/ffffff/000000/1x1/lorc/brain-freeze.svg
brain-stem	lorc	CC-BY 3.0	svg,png	https://game-icons.net/1x1/lorc/brain-stem.html	curl -O https://game-icons.net/icons/ffffff/000000/1x1/lorc/brain-stem.svg
brain	lorc	CC-BY 3.0	svg,png	https://game-icons.net/1x1/lorc/brain.html	curl -O https://game-icons.net/icons/ffffff/000000/1x1/lorc/brain.svg
brainstorm	lorc	CC-BY 3.0	svg,png	https://game-icons.net/1x1/lorc/brainstorm.html	curl -O https://game-icons.net/icons/ffffff/000000/1x1/lorc/brainstorm.svg
branch-arrow	lorc	CC-BY 3.0	svg,png	https://game-icons.net/1x1/lorc/branch-arrow.html	curl -O https://game-icons.net/icons/ffffff/000000/1x1/lorc/branch-arrow.svg
brandy-bottle	lorc	CC-BY 3.0	svg,png	https://game-icons.net/1x1/lorc/brandy-bottle.html	curl -O https://game-icons.net/icons/ffffff/000000/1x1/lorc/brandy-bottle.svg
brass-eye	lorc	CC-BY 3.0	svg,png	https://game-icons.net/1x1/lorc/brass-eye.html	curl -O https://game-icons.net/icons/ffffff/000000/1x1/lorc/brass-eye.svg
breastplate	lorc	CC-BY 3.0	svg,png	https://game-icons.net/1x1/lorc/breastplate.html	curl -O https://game-icons.net/icons/ffffff/000000/1x1/lorc/breastplate.svg
bridge	lorc	CC-BY 3.0	svg,png	https://game-icons.net/1x1/lorc/bridge.html	curl -O https://game-icons.net/icons/ffffff/000000/1x1/lorc/bridge.svg
bright-explosion	lorc	CC-BY 3.0	svg,png	https://game-icons.net/1x1/lorc/bright-explosion.html	curl -O https://game-icons.net/icons/ffffff/000000/1x1/lorc/bright-explosion.svg
broad-dagger	lorc	CC-BY 3.0	svg,png	https://game-icons.net/1x1/lorc/broad-dagger.html	curl -O https://game-icons.net/icons/ffffff/000000/1x1/lorc/broad-dagger.svg
broadhead-arrow	lorc	CC-BY 3.0	svg,png	https://game-icons.net/1x1/lorc/broadhead-arrow.html	curl -O https://game-icons.net/icons/ffffff/000000/1x1/lorc/broadhead-arrow.svg
broadsword	lorc	CC-BY 3.0	svg,png	https://game-icons.net/1x1/lorc/broadsword.html	curl -O https://game-icons.net/icons/ffffff/000000/1x1/lorc/broadsword.svg
broken-bone	lorc	CC-BY 3.0	svg,png	https://game-icons.net/1x1/lorc/broken-bone.html	curl -O https://game-icons.net/icons/ffffff/000000/1x1/lorc/broken-bone.svg
broken-bottle	lorc	CC-BY 3.0	svg,png	https://game-icons.net/1x1/lorc/broken-bottle.html	curl -O https://game-icons.net/icons/ffffff/000000/1x1/lorc/broken-bottle.svg
broken-heart-zone	lorc	CC-BY 3.0	svg,png	https://game-icons.net/1x1/lorc/broken-heart-zone.html	curl -O https://game-icons.net/icons/ffffff/000000/1x1/lorc/broken-heart-zone.svg
broken-heart	lorc	CC-BY 3.0	svg,png	https://game-icons.net/1x1/lorc/broken-heart.html	curl -O https://game-icons.net/icons/ffffff/000000/1x1/lorc/broken-heart.svg
broken-ribbon	lorc	CC-BY 3.0	svg,png	https://game-icons.net/1x1/lorc/broken-ribbon.html	curl -O https://game-icons.net/icons/ffffff/000000/1x1/lorc/broken-ribbon.svg
broken-shield	lorc	CC-BY 3.0	svg,png	https://game-icons.net/1x1/lorc/broken-shield.html	curl -O https://game-icons.net/icons/ffffff/000000/1x1/lorc/broken-shield.svg
broken-skull	lorc	CC-BY 3.0	svg,png	https://game-icons.net/1x1/lorc/broken-skull.html	curl -O https://game-icons.net/icons/ffffff/000000/1x1/lorc/broken-skull.svg
broken-tablet	lorc	CC-BY 3.0	svg,png	https://game-icons.net/1x1/lorc/broken-tablet.html	curl -O https://game-icons.net/icons/ffffff/000000/1x1/lorc/broken-tablet.svg
bubble-field	lorc	CC-BY 3.0	svg,png	https://game-icons.net/1x1/lorc/bubble-field.html	curl -O https://game-icons.net/icons/ffffff/000000/1x1/lorc/bubble-field.svg
bubbles	lorc	CC-BY 3.0	svg,png	https://game-icons.net/1x1/lorc/bubbles.html	curl -O https://game-icons.net/icons/ffffff/000000/1x1/lorc/bubbles.svg
bubbling-beam	lorc	CC-BY 3.0	svg,png	https://game-icons.net/1x1/lorc/bubbling-beam.html	curl -O https://game-icons.net/icons/ffffff/000000/1x1/lorc/bubbling-beam.svg
bubbling-bowl	lorc	CC-BY 3.0	svg,png	https://game-icons.net/1x1/lorc/bubbling-bowl.html	curl -O https://game-icons.net/icons/ffffff/000000/1x1/lorc/bubbling-bowl.svg
bubbling-flask	lorc	CC-BY 3.0	svg,png	https://game-icons.net/1x1/lorc/bubbling-flask.html	curl -O https://game-icons.net/icons/ffffff/000000/1x1/lorc/bubbling-flask.svg
bud	lorc	CC-BY 3.0	svg,png	https://game-icons.net/1x1/lorc/bud.html	curl -O https://game-icons.net/icons/ffffff/000000/1x1/lorc/bud.svg
bugle-call	lorc	CC-BY 3.0	svg,png	https://game-icons.net/1x1/lorc/bugle-call.html	curl -O https://game-icons.net/icons/ffffff/000000/1x1/lorc/bugle-call.svg
bulb	lorc	CC-BY 3.0	svg,png	https://game-icons.net/1x1/lorc/bulb.html	curl -O https://game-icons.net/icons/ffffff/000000/1x1/lorc/bulb.svg
bull-horns	lorc	CC-BY 3.0	svg,png	https://game-icons.net/1x1/lorc/bull-horns.html	curl -O https://game-icons.net/icons/ffffff/000000/1x1/lorc/bull-horns.svg
bull	lorc	CC-BY 3.0	svg,png	https://game-icons.net/1x1/lorc/bull.html	curl -O https://game-icons.net/icons/ffffff/000000/1x1/lorc/bull.svg
bullets	lorc	CC-BY 3.0	svg,png	https://game-icons.net/1x1/lorc/bullets.html	curl -O https://game-icons.net/icons/ffffff/000000/1x1/lorc/bullets.svg
burning-blobs	lorc	CC-BY 3.0	svg,png	https://game-icons.net/1x1/lorc/burning-blobs.html	curl -O https://game-icons.net/icons/ffffff/000000/1x1/lorc/burning-blobs.svg
burning-book	lorc	CC-BY 3.0	svg,png	https://game-icons.net/1x1/lorc/burning-book.html	curl -O https://game-icons.net/icons/ffffff/000000/1x1/lorc/burning-book.svg
burning-dot	lorc	CC-BY 3.0	svg,png	https://game-icons.net/1x1/lorc/burning-dot.html	curl -O https://game-icons.net/icons/ffffff/000000/1x1/lorc/burning-dot.svg
burning-embers	lorc	CC-BY 3.0	svg,png	https://game-icons.net/1x1/lorc/burning-embers.html	curl -O https://game-icons.net/icons/ffffff/000000/1x1/lorc/burning-embers.svg
burning-eye	lorc	CC-BY 3.0	svg,png	https://game-icons.net/1x1/lorc/burning-eye.html	curl -O https://game-icons.net/icons/ffffff/000000/1x1/lorc/burning-eye.svg
burning-meteor	lorc	CC-BY 3.0	svg,png	https://game-icons.net/1x1/lorc/burning-meteor.html	curl -O https://game-icons.net/icons/ffffff/000000/1x1/lorc/burning-meteor.svg
burning-passion	lorc	CC-BY 3.0	svg,png	https://game-icons.net/1x1/lorc/burning-passion.html	curl -O https://game-icons.net/icons/ffffff/000000/1x1/lorc/burning-passion.svg
burning-round-shot	lorc	CC-BY 3.0	svg,png	https://game-icons.net/1x1/lorc/burning-round-shot.html	curl -O https://game-icons.net/icons/ffffff/000000/1x1/lorc/burning-round-shot.svg
burning-tree	lorc	CC-BY 3.0	svg,png	https://game-icons.net/1x1/lorc/burning-tree.html	curl -O https://game-icons.net/icons/ffffff/000000/1x1/lorc/burning-tree.svg
burst-blob	lorc	CC-BY 3.0	svg,png	https://game-icons.net/1x1/lorc/burst-blob.html	curl -O https://game-icons.net/icons/ffffff/000000/1x1/lorc/burst-blob.svg
butterfly-warning	lorc	CC-BY 3.0	svg,png	https://game-icons.net/1x1/lorc/butterfly-warning.html	curl -O https://game-icons.net/icons/ffffff/000000/1x1/lorc/butterfly-warning.svg
butterfly	lorc	CC-BY 3.0	svg,png	https://game-icons.net/1x1/lorc/butterfly.html	curl -O https://game-icons.net/icons/ffffff/000000/1x1/lorc/butterfly.svg
caged-ball	lorc	CC-BY 3.0	svg,png	https://game-icons.net/1x1/lorc/caged-ball.html	curl -O https://game-icons.net/icons/ffffff/000000/1x1/lorc/caged-ball.svg
cake-slice	lorc	CC-BY 3.0	svg,png	https://game-icons.net/1x1/lorc/cake-slice.html	curl -O https://game-icons.net/icons/ffffff/000000/1x1/lorc/cake-slice.svg
caldera	lorc	CC-BY 3.0	svg,png	https://game-icons.net/1x1/lorc/caldera.html	curl -O https://game-icons.net/icons/ffffff/000000/1x1/lorc/caldera.svg
campfire	lorc	CC-BY 3.0	svg,png	https://game-icons.net/1x1/lorc/campfire.html	curl -O https://game-icons.net/icons/ffffff/000000/1x1/lorc/campfire.svg
candle-flame	lorc	CC-BY 3.0	svg,png	https://game-icons.net/1x1/lorc/candle-flame.html	curl -O https://game-icons.net/icons/ffffff/000000/1x1/lorc/candle-flame.svg
candle-holder	lorc	CC-BY 3.0	svg,png	https://game-icons.net/1x1/lorc/candle-holder.html	curl -O https://game-icons.net/icons/ffffff/000000/1x1/lorc/candle-holder.svg
candle-light	lorc	CC-BY 3.0	svg,png	https://game-icons.net/1x1/lorc/candle-light.html	curl -O https://game-icons.net/icons/ffffff/000000/1x1/lorc/candle-light.svg
candle-skull	lorc	CC-BY 3.0	svg,png	https://game-icons.net/1x1/lorc/candle-skull.html	curl -O https://game-icons.net/icons/ffffff/000000/1x1/lorc/candle-skull.svg
candlebright	lorc	CC-BY 3.0	svg,png	https://game-icons.net/1x1/lorc/candlebright.html	curl -O https://game-icons.net/icons/ffffff/000000/1x1/lorc/candlebright.svg
cannister	lorc	CC-BY 3.0	svg,png	https://game-icons.net/1x1/lorc/cannister.html	curl -O https://game-icons.net/icons/ffffff/000000/1x1/lorc/cannister.svg
cannon-ball	lorc	CC-BY 3.0	svg,png	https://game-icons.net/1x1/lorc/cannon-ball.html	curl -O https://game-icons.net/icons/ffffff/000000/1x1/lorc/cannon-ball.svg
cannon-shot	lorc	CC-BY 3.0	svg,png	https://game-icons.net/1x1/lorc/cannon-shot.html	curl -O https://game-icons.net/icons/ffffff/000000/1x1/lorc/cannon-shot.svg
cannon	lorc	CC-BY 3.0	svg,png	https://game-icons.net/1x1/lorc/cannon.html	curl -O https://game-icons.net/icons/ffffff/000000/1x1/lorc/cannon.svg
capitol	lorc	CC-BY 3.0	svg,png	https://game-icons.net/1x1/lorc/capitol.html	curl -O https://game-icons.net/icons/ffffff/000000/1x1/lorc/capitol.svg
cargo-crane	lorc	CC-BY 3.0	svg,png	https://game-icons.net/1x1/lorc/cargo-crane.html	curl -O https://game-icons.net/icons/ffffff/000000/1x1/lorc/cargo-crane.svg
carillon	lorc	CC-BY 3.0	svg,png	https://game-icons.net/1x1/lorc/carillon.html	curl -O https://game-icons.net/icons/ffffff/000000/1x1/lorc/carillon.svg
carnivore-mouth	lorc	CC-BY 3.0	svg,png	https://game-icons.net/1x1/lorc/carnivore-mouth.html	curl -O https://game-icons.net/icons/ffffff/000000/1x1/lorc/carnivore-mouth.svg
carrion	lorc	CC-BY 3.0	svg,png	https://game-icons.net/1x1/lorc/carrion.html	curl -O https://game-icons.net/icons/ffffff/000000/1x1/lorc/carrion.svg
cartwheel	lorc	CC-BY 3.0	svg,png	https://game-icons.net/1x1/lorc/cartwheel.html	curl -O https://game-icons.net/icons/ffffff/000000/1x1/lorc/cartwheel.svg
cash	lorc	CC-BY 3.0	svg,png	https://game-icons.net/1x1/lorc/cash.html	curl -O https://game-icons.net/icons/ffffff/000000/1x1/lorc/cash.svg
castle	lorc	CC-BY 3.0	svg,png	https://game-icons.net/1x1/lorc/castle.html	curl -O https://game-icons.net/icons/ffffff/000000/1x1/lorc/castle.svg
cat	lorc	CC-BY 3.0	svg,png	https://game-icons.net/1x1/lorc/cat.html	curl -O https://game-icons.net/icons/ffffff/000000/1x1/lorc/cat.svg
cauldron	lorc	CC-BY 3.0	svg,png	https://game-icons.net/1x1/lorc/cauldron.html	curl -O https://game-icons.net/icons/ffffff/000000/1x1/lorc/cauldron.svg
celebration-fire	lorc	CC-BY 3.0	svg,png	https://game-icons.net/1x1/lorc/celebration-fire.html	curl -O https://game-icons.net/icons/ffffff/000000/1x1/lorc/celebration-fire.svg
centipede	lorc	CC-BY 3.0	svg,png	https://game-icons.net/1x1/lorc/centipede.html	curl -O https://game-icons.net/icons/ffffff/000000/1x1/lorc/centipede.svg
chained-arrow-heads	lorc	CC-BY 3.0	svg,png	https://game-icons.net/1x1/lorc/chained-arrow-heads.html	curl -O https://game-icons.net/icons/ffffff/000000/1x1/lorc/chained-arrow-heads.svg
chained-heart	lorc	CC-BY 3.0	svg,png	https://game-icons.net/1x1/lorc/chained-heart.html	curl -O https://game-icons.net/icons/ffffff/000000/1x1/lorc/chained-heart.svg
chalice-drops	lorc	CC-BY 3.0	svg,png	https://game-icons.net/1x1/lorc/chalice-drops.html	curl -O https://game-icons.net/icons/ffffff/000000/1x1/lorc/chalice-drops.svg
charged-arrow	lorc	CC-BY 3.0	svg,png	https://game-icons.net/1x1/lorc/charged-arrow.html	curl -O https://game-icons.net/icons/ffffff/000000/1x1/lorc/charged-arrow.svg
charm	lorc	CC-BY 3.0	svg,png	https://game-icons.net/1x1/lorc/charm.html	curl -O https://game-icons.net/icons/ffffff/000000/1x1/lorc/charm.svg
checkbox-tree	lorc	CC-BY 3.0	svg,png	https://game-icons.net/1x1/lorc/checkbox-tree.html	curl -O https://game-icons.net/icons/ffffff/000000/1x1/lorc/checkbox-tree.svg
checked-shield	lorc	CC-BY 3.0	svg,png	https://game-icons.net/1x1/lorc/checked-shield.html	curl -O https://game-icons.net/icons/ffffff/000000/1x1/lorc/checked-shield.svg
checkered-diamond	lorc	CC-BY 3.0	svg,png	https://game-icons.net/1x1/lorc/checkered-diamond.html	curl -O https://game-icons.net/icons/ffffff/000000/1x1/lorc/checkered-diamond.svg
cheerful	lorc	CC-BY 3.0	svg,png	https://game-icons.net/1x1/lorc/cheerful.html	curl -O https://game-icons.net/icons/ffffff/000000/1x1/lorc/cheerful.svg
cheese-wedge	lorc	CC-BY 3.0	svg,png	https://game-icons.net/1x1/lorc/cheese-wedge.html	curl -O https://game-icons.net/icons/ffffff/000000/1x1/lorc/cheese-wedge.svg
chemical-arrow	lorc	CC-BY 3.0	svg,png	https://game-icons.net/1x1/lorc/chemical-arrow.html	curl -O https://game-icons.net/icons/ffffff/000000/1x1/lorc/chemical-arrow.svg
chemical-bolt	lorc	CC-BY 3.0	svg,png	https://game-icons.net/1x1/lorc/chemical-bolt.html	curl -O https://game-icons.net/icons/ffffff/000000/1x1/lorc/chemical-bolt.svg
chemical-drop	lorc	CC-BY 3.0	svg,png	https://game-icons.net/1x1/lorc/chemical-drop.html	curl -O https://game-icons.net/icons/ffffff/000000/1x1/lorc/chemical-drop.svg
chemical-tank	lorc	CC-BY 3.0	svg,png	https://game-icons.net/1x1/lorc/chemical-tank.html	curl -O https://game-icons.net/icons/ffffff/000000/1x1/lorc/chemical-tank.svg
chewed-heart	lorc	CC-BY 3.0	svg,png	https://game-icons.net/1x1/lorc/chewed-heart.html	curl -O https://game-icons.net/icons/ffffff/000000/1x1/lorc/chewed-heart.svg
chewed-skull	lorc	CC-BY 3.0	svg,png	https://game-icons.net/1x1/lorc/chewed-skull.html	curl -O https://game-icons.net/icons/ffffff/000000/1x1/lorc/chewed-skull.svg
chicken-leg	lorc	CC-BY 3.0	svg,png	https://game-icons.net/1x1/lorc/chicken-leg.html	curl -O https://game-icons.net/icons/ffffff/000000/1x1/lorc/chicken-leg.svg
chopped-skull	lorc	CC-BY 3.0	svg,png	https://game-icons.net/1x1/lorc/chopped-skull.html	curl -O https://game-icons.net/icons/ffffff/000000/1x1/lorc/chopped-skull.svg
circle-cage	lorc	CC-BY 3.0	svg,png	https://game-icons.net/1x1/lorc/circle-cage.html	curl -O https://game-icons.net/icons/ffffff/000000/1x1/lorc/circle-cage.svg
circle-claws	lorc	CC-BY 3.0	svg,png	https://game-icons.net/1x1/lorc/circle-claws.html	curl -O https://game-icons.net/icons/ffffff/000000/1x1/lorc/circle-claws.svg
circle-sparks	lorc	CC-BY 3.0	svg,png	https://game-icons.net/1x1/lorc/circle-sparks.html	curl -O https://game-icons.net/icons/ffffff/000000/1x1/lorc/circle-sparks.svg
circuitry	lorc	CC-BY 3.0	svg,png	https://game-icons.net/1x1/lorc/circuitry.html	curl -O https://game-icons.net/icons/ffffff/000000/1x1/lorc/circuitry.svg
circular-sawblade	lorc	CC-BY 3.0	svg,png	https://game-icons.net/1x1/lorc/circular-sawblade.html	curl -O https://game-icons.net/icons/ffffff/000000/1x1/lorc/circular-sawblade.svg
claw-hammer	lorc	CC-BY 3.0	svg,png	https://game-icons.net/1x1/lorc/claw-hammer.html	curl -O https://game-icons.net/icons/ffffff/000000/1x1/lorc/claw-hammer.svg
claw-slashes	lorc	CC-BY 3.0	svg,png	https://game-icons.net/1x1/lorc/claw-slashes.html	curl -O https://game-icons.net/icons/ffffff/000000/1x1/lorc/claw-slashes.svg
claw-string	lorc	CC-BY 3.0	svg,png	https://game-icons.net/1x1/lorc/claw-string.html	curl -O https://game-icons.net/icons/ffffff/000000/1x1/lorc/claw-string.svg
cloak-dagger	lorc	CC-BY 3.0	svg,png	https://game-icons.net/1x1/lorc/cloak-dagger.html	curl -O https://game-icons.net/icons/ffffff/000000/1x1/lorc/cloak-dagger.svg
clockwork	lorc	CC-BY 3.0	svg,png	https://game-icons.net/1x1/lorc/clockwork.html	curl -O https://game-icons.net/icons/ffffff/000000/1x1/lorc/clockwork.svg
cloud-ring	lorc	CC-BY 3.0	svg,png	https://game-icons.net/1x1/lorc/cloud-ring.html	curl -O https://game-icons.net/icons/ffffff/000000/1x1/lorc/cloud-ring.svg
cloudy-fork	lorc	CC-BY 3.0	svg,png	https://game-icons.net/1x1/lorc/cloudy-fork.html	curl -O https://game-icons.net/icons/ffffff/000000/1x1/lorc/cloudy-fork.svg
clout	lorc	CC-BY 3.0	svg,png	https://game-icons.net/1x1/lorc/clout.html	curl -O https://game-icons.net/icons/ffffff/000000/1x1/lorc/clout.svg
clover	lorc	CC-BY 3.0	svg,png	https://game-icons.net/1x1/lorc/clover.html	curl -O https://game-icons.net/icons/ffffff/000000/1x1/lorc/clover.svg
cluster-bomb	lorc	CC-BY 3.0	svg,png	https://game-icons.net/1x1/lorc/cluster-bomb.html	curl -O https://game-icons.net/icons/ffffff/000000/1x1/lorc/cluster-bomb.svg
cobweb	lorc	CC-BY 3.0	svg,png	https://game-icons.net/1x1/lorc/cobweb.html	curl -O https://game-icons.net/icons/ffffff/000000/1x1/lorc/cobweb.svg
coffee-mug	lorc	CC-BY 3.0	svg,png	https://game-icons.net/1x1/lorc/coffee-mug.html	curl -O https://game-icons.net/icons/ffffff/000000/1x1/lorc/coffee-mug.svg
coffin	lorc	CC-BY 3.0	svg,png	https://game-icons.net/1x1/lorc/coffin.html	curl -O https://game-icons.net/icons/ffffff/000000/1x1/lorc/coffin.svg
cog-lock	lorc	CC-BY 3.0	svg,png	https://game-icons.net/1x1/lorc/cog-lock.html	curl -O https://game-icons.net/icons/ffffff/000000/1x1/lorc/cog-lock.svg
cog	lorc	CC-BY 3.0	svg,png	https://game-icons.net/1x1/lorc/cog.html	curl -O https://game-icons.net/icons/ffffff/000000/1x1/lorc/cog.svg
cogsplosion	lorc	CC-BY 3.0	svg,png	https://game-icons.net/1x1/lorc/cogsplosion.html	curl -O https://game-icons.net/icons/ffffff/000000/1x1/lorc/cogsplosion.svg
coiling-curl	lorc	CC-BY 3.0	svg,png	https://game-icons.net/1x1/lorc/coiling-curl.html	curl -O https://game-icons.net/icons/ffffff/000000/1x1/lorc/coiling-curl.svg
cold-heart	lorc	CC-BY 3.0	svg,png	https://game-icons.net/1x1/lorc/cold-heart.html	curl -O https://game-icons.net/icons/ffffff/000000/1x1/lorc/cold-heart.svg
coma	lorc	CC-BY 3.0	svg,png	https://game-icons.net/1x1/lorc/coma.html	curl -O https://game-icons.net/icons/ffffff/000000/1x1/lorc/coma.svg
comb	lorc	CC-BY 3.0	svg,png	https://game-icons.net/1x1/lorc/comb.html	curl -O https://game-icons.net/icons/ffffff/000000/1x1/lorc/comb.svg
comet-spark	lorc	CC-BY 3.0	svg,png	https://game-icons.net/1x1/lorc/comet-spark.html	curl -O https://game-icons.net/icons/ffffff/000000/1x1/lorc/comet-spark.svg
compass	lorc	CC-BY 3.0	svg,png	https://game-icons.net/1x1/lorc/compass.html	curl -O https://game-icons.net/icons/ffffff/000000/1x1/lorc/compass.svg
concentration-orb	lorc	CC-BY 3.0	svg,png	https://game-icons.net/1x1/lorc/concentration-orb.html	curl -O https://game-icons.net/icons/ffffff/000000/1x1/lorc/concentration-orb.svg
concentric-crescents	lorc	CC-BY 3.0	svg,png	https://game-icons.net/1x1/lorc/concentric-crescents.html	curl -O https://game-icons.net/icons/ffffff/000000/1x1/lorc/concentric-crescents.svg
condor-emblem	lorc	CC-BY 3.0	svg,png	https://game-icons.net/1x1/lorc/condor-emblem.html	curl -O https://game-icons.net/icons/ffffff/000000/1x1/lorc/condor-emblem.svg
condylura-skull	lorc	CC-BY 3.0	svg,png	https://game-icons.net/1x1/lorc/condylura-skull.html	curl -O https://game-icons.net/icons/ffffff/000000/1x1/lorc/condylura-skull.svg
conversation	lorc	CC-BY 3.0	svg,png	https://game-icons.net/1x1/lorc/conversation.html	curl -O https://game-icons.net/icons/ffffff/000000/1x1/lorc/conversation.svg
cool-spices	lorc	CC-BY 3.0	svg,png	https://game-icons.net/1x1/lorc/cool-spices.html	curl -O https://game-icons.net/icons/ffffff/000000/1x1/lorc/cool-spices.svg
corked-tube	lorc	CC-BY 3.0	svg,png	https://game-icons.net/1x1/lorc/corked-tube.html	curl -O https://game-icons.net/icons/ffffff/000000/1x1/lorc/corked-tube.svg
corner-explosion	lorc	CC-BY 3.0	svg,png	https://game-icons.net/1x1/lorc/corner-explosion.html	curl -O https://game-icons.net/icons/ffffff/000000/1x1/lorc/corner-explosion.svg
cowled	lorc	CC-BY 3.0	svg,png	https://game-icons.net/1x1/lorc/cowled.html	curl -O https://game-icons.net/icons/ffffff/000000/1x1/lorc/cowled.svg
cpu-shot	lorc	CC-BY 3.0	svg,png	https://game-icons.net/1x1/lorc/cpu-shot.html	curl -O https://game-icons.net/icons/ffffff/000000/1x1/lorc/cpu-shot.svg
crab-claw	lorc	CC-BY 3.0	svg,png	https://game-icons.net/1x1/lorc/crab-claw.html	curl -O https://game-icons.net/icons/ffffff/000000/1x1/lorc/crab-claw.svg
crab	lorc	CC-BY 3.0	svg,png	https://game-icons.net/1x1/lorc/crab.html	curl -O https://game-icons.net/icons/ffffff/000000/1x1/lorc/crab.svg
cracked-alien-skull	lorc	CC-BY 3.0	svg,png	https://game-icons.net/1x1/lorc/cracked-alien-skull.html	curl -O https://game-icons.net/icons/ffffff/000000/1x1/lorc/cracked-alien-skull.svg
cracked-ball-dunk	lorc	CC-BY 3.0	svg,png	https://game-icons.net/1x1/lorc/cracked-ball-dunk.html	curl -O https://game-icons.net/icons/ffffff/000000/1x1/lorc/cracked-ball-dunk.svg
cracked-disc	lorc	CC-BY 3.0	svg,png	https://game-icons.net/1x1/lorc/cracked-disc.html	curl -O https://game-icons.net/icons/ffffff/000000/1x1/lorc/cracked-disc.svg
cracked-glass	lorc	CC-BY 3.0	svg,png	https://game-icons.net/1x1/lorc/cracked-glass.html	curl -O https://game-icons.net/icons/ffffff/000000/1x1/lorc/cracked-glass.svg
cracked-helm	lorc	CC-BY 3.0	svg,png	https://game-icons.net/1x1/lorc/cracked-helm.html	curl -O https://game-icons.net/icons/ffffff/000000/1x1/lorc/cracked-helm.svg
cracked-mask	lorc	CC-BY 3.0	svg,png	https://game-icons.net/1x1/lorc/cracked-mask.html	curl -O https://game-icons.net/icons/ffffff/000000/1x1/lorc/cracked-mask.svg
cracked-saber	lorc	CC-BY 3.0	svg,png	https://game-icons.net/1x1/lorc/cracked-saber.html	curl -O https://game-icons.net/icons/ffffff/000000/1x1/lorc/cracked-saber.svg
cracked-shield	lorc	CC-BY 3.0	svg,png	https://game-icons.net/1x1/lorc/cracked-shield.html	curl -O https://game-icons.net/icons/ffffff/000000/1x1/lorc/cracked-shield.svg
crags	lorc	CC-BY 3.0	svg,png	https://game-icons.net/1x1/lorc/crags.html	curl -O https://game-icons.net/icons/ffffff/000000/1x1/lorc/crags.svg
crenulated-shield	lorc	CC-BY 3.0	svg,png	https://game-icons.net/1x1/lorc/crenulated-shield.html	curl -O https://game-icons.net/icons/ffffff/000000/1x1/lorc/crenulated-shield.svg
crescent-blade	lorc	CC-BY 3.0	svg,png	https://game-icons.net/1x1/lorc/crescent-blade.html	curl -O https://game-icons.net/icons/ffffff/000000/1x1/lorc/crescent-blade.svg
crested-helmet	lorc	CC-BY 3.0	svg,png	https://game-icons.net/1x1/lorc/crested-helmet.html	curl -O https://game-icons.net/icons/ffffff/000000/1x1/lorc/crested-helmet.svg
croc-jaws	lorc	CC-BY 3.0	svg,png	https://game-icons.net/1x1/lorc/croc-jaws.html	curl -O https://game-icons.net/icons/ffffff/000000/1x1/lorc/croc-jaws.svg
croc-sword	lorc	CC-BY 3.0	svg,png	https://game-icons.net/1x1/lorc/croc-sword.html	curl -O https://game-icons.net/icons/ffffff/000000/1x1/lorc/croc-sword.svg
croissants-pupil	lorc	CC-BY 3.0	svg,png	https://game-icons.net/1x1/lorc/croissants-pupil.html	curl -O https://game-icons.net/icons/ffffff/000000/1x1/lorc/croissants-pupil.svg
cross-flare	lorc	CC-BY 3.0	svg,png	https://game-icons.net/1x1/lorc/cross-flare.html	curl -O https://game-icons.net/icons/ffffff/000000/1x1/lorc/cross-flare.svg
cross-mark	lorc	CC-BY 3.0	svg,png	https://game-icons.net/1x1/lorc/cross-mark.html	curl -O https://game-icons.net/icons/ffffff/000000/1x1/lorc/cross-mark.svg
crossed-air-flows	lorc	CC-BY 3.0	svg,png	https://game-icons.net/1x1/lorc/crossed-air-flows.html	curl -O https://game-icons.net/icons/ffffff/000000/1x1/lorc/crossed-air-flows.svg
crossed-axes	lorc	CC-BY 3.0	svg,png	https://game-icons.net/1x1/lorc/crossed-axes.html	curl -O https://game-icons.net/icons/ffffff/000000/1x1/lorc/crossed-axes.svg
crossed-bones	lorc	CC-BY 3.0	svg,png	https://game-icons.net/1x1/lorc/crossed-bones.html	curl -O https://game-icons.net/icons/ffffff/000000/1x1/lorc/crossed-bones.svg
crossed-chains	lorc	CC-BY 3.0	svg,png	https://game-icons.net/1x1/lorc/crossed-chains.html	curl -O https://game-icons.net/icons/ffffff/000000/1x1/lorc/crossed-chains.svg
crossed-claws	lorc	CC-BY 3.0	svg,png	https://game-icons.net/1x1/lorc/crossed-claws.html	curl -O https://game-icons.net/icons/ffffff/000000/1x1/lorc/crossed-claws.svg
crossed-pistols	lorc	CC-BY 3.0	svg,png	https://game-icons.net/1x1/lorc/crossed-pistols.html	curl -O https://game-icons.net/icons/ffffff/000000/1x1/lorc/crossed-pistols.svg
crossed-sabres	lorc	CC-BY 3.0	svg,png	https://game-icons.net/1x1/lorc/crossed-sabres.html	curl -O https://game-icons.net/icons/ffffff/000000/1x1/lorc/crossed-sabres.svg
crossed-slashes	lorc	CC-BY 3.0	svg,png	https://game-icons.net/1x1/lorc/crossed-slashes.html	curl -O https://game-icons.net/icons/ffffff/000000/1x1/lorc/crossed-slashes.svg
crossed-swords	lorc	CC-BY 3.0	svg,png	https://game-icons.net/1x1/lorc/crossed-swords.html	curl -O https://game-icons.net/icons/ffffff/000000/1x1/lorc/crossed-swords.svg
crosshair-arrow	lorc	CC-BY 3.0	svg,png	https://game-icons.net/1x1/lorc/crosshair-arrow.html	curl -O https://game-icons.net/icons/ffffff/000000/1x1/lorc/crosshair-arrow.svg
crow-dive	lorc	CC-BY 3.0	svg,png	https://game-icons.net/1x1/lorc/crow-dive.html	curl -O https://game-icons.net/icons/ffffff/000000/1x1/lorc/crow-dive.svg
crown-coin	lorc	CC-BY 3.0	svg,png	https://game-icons.net/1x1/lorc/crown-coin.html	curl -O https://game-icons.net/icons/ffffff/000000/1x1/lorc/crown-coin.svg
crown-of-thorns	lorc	CC-BY 3.0	svg,png	https://game-icons.net/1x1/lorc/crown-of-thorns.html	curl -O https://game-icons.net/icons/ffffff/000000/1x1/lorc/crown-of-thorns.svg
crown	lorc	CC-BY 3.0	svg,png	https://game-icons.net/1x1/lorc/crown.html	curl -O https://game-icons.net/icons/ffffff/000000/1x1/lorc/crown.svg
crowned-explosion	lorc	CC-BY 3.0	svg,png	https://game-icons.net/1x1/lorc/crowned-explosion.html	curl -O https://game-icons.net/icons/ffffff/000000/1x1/lorc/crowned-explosion.svg
crowned-heart	lorc	CC-BY 3.0	svg,png	https://game-icons.net/1x1/lorc/crowned-heart.html	curl -O https://game-icons.net/icons/ffffff/000000/1x1/lorc/crowned-heart.svg
crowned-skull	lorc	CC-BY 3.0	svg,png	https://game-icons.net/1x1/lorc/crowned-skull.html	curl -O https://game-icons.net/icons/ffffff/000000/1x1/lorc/crowned-skull.svg
crumbling-ball	lorc	CC-BY 3.0	svg,png	https://game-icons.net/1x1/lorc/crumbling-ball.html	curl -O https://game-icons.net/icons/ffffff/000000/1x1/lorc/crumbling-ball.svg
crystal-ball	lorc	CC-BY 3.0	svg,png	https://game-icons.net/1x1/lorc/crystal-ball.html	curl -O https://game-icons.net/icons/ffffff/000000/1x1/lorc/crystal-ball.svg
crystal-bars	lorc	CC-BY 3.0	svg,png	https://game-icons.net/1x1/lorc/crystal-bars.html	curl -O https://game-icons.net/icons/ffffff/000000/1x1/lorc/crystal-bars.svg
crystal-cluster	lorc	CC-BY 3.0	svg,png	https://game-icons.net/1x1/lorc/crystal-cluster.html	curl -O https://game-icons.net/icons/ffffff/000000/1x1/lorc/crystal-cluster.svg
crystal-eye	lorc	CC-BY 3.0	svg,png	https://game-icons.net/1x1/lorc/crystal-eye.html	curl -O https://game-icons.net/icons/ffffff/000000/1x1/lorc/crystal-eye.svg
crystal-growth	lorc	CC-BY 3.0	svg,png	https://game-icons.net/1x1/lorc/crystal-growth.html	curl -O https://game-icons.net/icons/ffffff/000000/1x1/lorc/crystal-growth.svg
crystal-shine	lorc	CC-BY 3.0	svg,png	https://game-icons.net/1x1/lorc/crystal-shine.html	curl -O https://game-icons.net/icons/ffffff/000000/1x1/lorc/crystal-shine.svg
crystal-wand	lorc	CC-BY 3.0	svg,png	https://game-icons.net/1x1/lorc/crystal-wand.html	curl -O https://game-icons.net/icons/ffffff/000000/1x1/lorc/crystal-wand.svg
crystalize	lorc	CC-BY 3.0	svg,png	https://game-icons.net/1x1/lorc/crystalize.html	curl -O https://game-icons.net/icons/ffffff/000000/1x1/lorc/crystalize.svg
cubeforce	lorc	CC-BY 3.0	svg,png	https://game-icons.net/1x1/lorc/cubeforce.html	curl -O https://game-icons.net/icons/ffffff/000000/1x1/lorc/cubeforce.svg
cubes	lorc	CC-BY 3.0	svg,png	https://game-icons.net/1x1/lorc/cubes.html	curl -O https://game-icons.net/icons/ffffff/000000/1x1/lorc/cubes.svg
cultist	lorc	CC-BY 3.0	svg,png	https://game-icons.net/1x1/lorc/cultist.html	curl -O https://game-icons.net/icons/ffffff/000000/1x1/lorc/cultist.svg
cupidon-arrow	lorc	CC-BY 3.0	svg,png	https://game-icons.net/1x1/lorc/cupidon-arrow.html	curl -O https://game-icons.net/icons/ffffff/000000/1x1/lorc/cupidon-arrow.svg
curled-leaf	lorc	CC-BY 3.0	svg,png	https://game-icons.net/1x1/lorc/curled-leaf.html	curl -O https://game-icons.net/icons/ffffff/000000/1x1/lorc/curled-leaf.svg
curled-tentacle	lorc	CC-BY 3.0	svg,png	https://game-icons.net/1x1/lorc/curled-tentacle.html	curl -O https://game-icons.net/icons/ffffff/000000/1x1/lorc/curled-tentacle.svg
curling-vines	lorc	CC-BY 3.0	svg,png	https://game-icons.net/1x1/lorc/curling-vines.html	curl -O https://game-icons.net/icons/ffffff/000000/1x1/lorc/curling-vines.svg
curly-mask	lorc	CC-BY 3.0	svg,png	https://game-icons.net/1x1/lorc/curly-mask.html	curl -O https://game-icons.net/icons/ffffff/000000/1x1/lorc/curly-mask.svg
curly-wing	lorc	CC-BY 3.0	svg,png	https://game-icons.net/1x1/lorc/curly-wing.html	curl -O https://game-icons.net/icons/ffffff/000000/1x1/lorc/curly-wing.svg
cursed-star	lorc	CC-BY 3.0	svg,png	https://game-icons.net/1x1/lorc/cursed-star.html	curl -O https://game-icons.net/icons/ffffff/000000/1x1/lorc/cursed-star.svg
curvy-knife	lorc	CC-BY 3.0	svg,png	https://game-icons.net/1x1/lorc/curvy-knife.html	curl -O https://game-icons.net/icons/ffffff/000000/1x1/lorc/curvy-knife.svg
cut-diamond	lorc	CC-BY 3.0	svg,png	https://game-icons.net/1x1/lorc/cut-diamond.html	curl -O https://game-icons.net/icons/ffffff/000000/1x1/lorc/cut-diamond.svg
cut-palm	lorc	CC-BY 3.0	svg,png	https://game-icons.net/1x1/lorc/cut-palm.html	curl -O https://game-icons.net/icons/ffffff/000000/1x1/lorc/cut-palm.svg
cycle	lorc	CC-BY 3.0	svg,png	https://game-icons.net/1x1/lorc/cycle.html	curl -O https://game-icons.net/icons/ffffff/000000/1x1/lorc/cycle.svg
cyclops	lorc	CC-BY 3.0	svg,png	https://game-icons.net/1x1/lorc/cyclops.html	curl -O https://game-icons.net/icons/ffffff/000000/1x1/lorc/cyclops.svg
daemon-skull	lorc	CC-BY 3.0	svg,png	https://game-icons.net/1x1/lorc/daemon-skull.html	curl -O https://game-icons.net/icons/ffffff/000000/1x1/lorc/daemon-skull.svg
daggers	lorc	CC-BY 3.0	svg,png	https://game-icons.net/1x1/lorc/daggers.html	curl -O https://game-icons.net/icons/ffffff/000000/1x1/lorc/daggers.svg
daisy	lorc	CC-BY 3.0	svg,png	https://game-icons.net/1x1/lorc/daisy.html	curl -O https://game-icons.net/icons/ffffff/000000/1x1/lorc/daisy.svg
dark-squad	lorc	CC-BY 3.0	svg,png	https://game-icons.net/1x1/lorc/dark-squad.html	curl -O https://game-icons.net/icons/ffffff/000000/1x1/lorc/dark-squad.svg
dead-eye	lorc	CC-BY 3.0	svg,png	https://game-icons.net/1x1/lorc/dead-eye.html	curl -O https://game-icons.net/icons/ffffff/000000/1x1/lorc/dead-eye.svg
dead-wood	lorc	CC-BY 3.0	svg,png	https://game-icons.net/1x1/lorc/dead-wood.html	curl -O https://game-icons.net/icons/ffffff/000000/1x1/lorc/dead-wood.svg
deadly-strike	lorc	CC-BY 3.0	svg,png	https://game-icons.net/1x1/lorc/deadly-strike.html	curl -O https://game-icons.net/icons/ffffff/000000/1x1/lorc/deadly-strike.svg
death-note	lorc	CC-BY 3.0	svg,png	https://game-icons.net/1x1/lorc/death-note.html	curl -O https://game-icons.net/icons/ffffff/000000/1x1/lorc/death-note.svg
death-zone	lorc	CC-BY 3.0	svg,png	https://game-icons.net/1x1/lorc/death-zone.html	curl -O https://game-icons.net/icons/ffffff/000000/1x1/lorc/death-zone.svg
deathcab	lorc	CC-BY 3.0	svg,png	https://game-icons.net/1x1/lorc/deathcab.html	curl -O https://game-icons.net/icons/ffffff/000000/1x1/lorc/deathcab.svg
decapitation	lorc	CC-BY 3.0	svg,png	https://game-icons.net/1x1/lorc/decapitation.html	curl -O https://game-icons.net/icons/ffffff/000000/1x1/lorc/decapitation.svg
defibrilate	lorc	CC-BY 3.0	svg,png	https://game-icons.net/1x1/lorc/defibrilate.html	curl -O https://game-icons.net/icons/ffffff/000000/1x1/lorc/defibrilate.svg
delighted	lorc	CC-BY 3.0	svg,png	https://game-icons.net/1x1/lorc/delighted.html	curl -O https://game-icons.net/icons/ffffff/000000/1x1/lorc/delighted.svg
demolish	lorc	CC-BY 3.0	svg,png	https://game-icons.net/1x1/lorc/demolish.html	curl -O https://game-icons.net/icons/ffffff/000000/1x1/lorc/demolish.svg
dervish-swords	lorc	CC-BY 3.0	svg,png	https://game-icons.net/1x1/lorc/dervish-swords.html	curl -O https://game-icons.net/icons/ffffff/000000/1x1/lorc/dervish-swords.svg
desert-skull	lorc	CC-BY 3.0	svg,png	https://game-icons.net/1x1/lorc/desert-skull.html	curl -O https://game-icons.net/icons/ffffff/000000/1x1/lorc/desert-skull.svg
desk-lamp	lorc	CC-BY 3.0	svg,png	https://game-icons.net/1x1/lorc/desk-lamp.html	curl -O https://game-icons.net/icons/ffffff/000000/1x1/lorc/desk-lamp.svg
despair	lorc	CC-BY 3.0	svg,png	https://game-icons.net/1x1/lorc/despair.html	curl -O https://game-icons.net/icons/ffffff/000000/1x1/lorc/despair.svg
dew	lorc	CC-BY 3.0	svg,png	https://game-icons.net/1x1/lorc/dew.html	curl -O https://game-icons.net/icons/ffffff/000000/1x1/lorc/dew.svg
diablo-skull	lorc	CC-BY 3.0	svg,png	https://game-icons.net/1x1/lorc/diablo-skull.html	curl -O https://game-icons.net/icons/ffffff/000000/1x1/lorc/diablo-skull.svg
diamond-hard	lorc	CC-BY 3.0	svg,png	https://game-icons.net/1x1/lorc/diamond-hard.html	curl -O https://game-icons.net/icons/ffffff/000000/1x1/lorc/diamond-hard.svg
diamonds-smile	lorc	CC-BY 3.0	svg,png	https://game-icons.net/1x1/lorc/diamonds-smile.html	curl -O https://game-icons.net/icons/ffffff/000000/1x1/lorc/diamonds-smile.svg
dig-dug	lorc	CC-BY 3.0	svg,png	https://game-icons.net/1x1/lorc/dig-dug.html	curl -O https://game-icons.net/icons/ffffff/000000/1x1/lorc/dig-dug.svg
dinosaur-bones	lorc	CC-BY 3.0	svg,png	https://game-icons.net/1x1/lorc/dinosaur-bones.html	curl -O https://game-icons.net/icons/ffffff/000000/1x1/lorc/dinosaur-bones.svg
dinosaur-egg	lorc	CC-BY 3.0	svg,png	https://game-icons.net/1x1/lorc/dinosaur-egg.html	curl -O https://game-icons.net/icons/ffffff/000000/1x1/lorc/dinosaur-egg.svg
dinosaur-rex	lorc	CC-BY 3.0	svg,png	https://game-icons.net/1x1/lorc/dinosaur-rex.html	curl -O https://game-icons.net/icons/ffffff/000000/1x1/lorc/dinosaur-rex.svg
direwolf	lorc	CC-BY 3.0	svg,png	https://game-icons.net/1x1/lorc/direwolf.html	curl -O https://game-icons.net/icons/ffffff/000000/1x1/lorc/direwolf.svg
disc	lorc	CC-BY 3.0	svg,png	https://game-icons.net/1x1/lorc/disc.html	curl -O https://game-icons.net/icons/ffffff/000000/1x1/lorc/disc.svg
disintegrate	lorc	CC-BY 3.0	svg,png	https://game-icons.net/1x1/lorc/disintegrate.html	curl -O https://game-icons.net/icons/ffffff/000000/1x1/lorc/disintegrate.svg
distraction	lorc	CC-BY 3.0	svg,png	https://game-icons.net/1x1/lorc/distraction.html	curl -O https://game-icons.net/icons/ffffff/000000/1x1/lorc/distraction.svg
divergence	lorc	CC-BY 3.0	svg,png	https://game-icons.net/1x1/lorc/divergence.html	curl -O https://game-icons.net/icons/ffffff/000000/1x1/lorc/divergence.svg
divert	lorc	CC-BY 3.0	svg,png	https://game-icons.net/1x1/lorc/divert.html	curl -O https://game-icons.net/icons/ffffff/000000/1x1/lorc/divert.svg
divided-spiral	lorc	CC-BY 3.0	svg,png	https://game-icons.net/1x1/lorc/divided-spiral.html	curl -O https://game-icons.net/icons/ffffff/000000/1x1/lorc/divided-spiral.svg
diving-dagger	lorc	CC-BY 3.0	svg,png	https://game-icons.net/1x1/lorc/diving-dagger.html	curl -O https://game-icons.net/icons/ffffff/000000/1x1/lorc/diving-dagger.svg
dna1	lorc	CC-BY 3.0	svg,png	https://game-icons.net/1x1/lorc/dna1.html	curl -O https://game-icons.net/icons/ffffff/000000/1x1/lorc/dna1.svg
dna2	lorc	CC-BY 3.0	svg,png	https://game-icons.net/1x1/lorc/dna2.html	curl -O https://game-icons.net/icons/ffffff/000000/1x1/lorc/dna2.svg
doctor-face	lorc	CC-BY 3.0	svg,png	https://game-icons.net/1x1/lorc/doctor-face.html	curl -O https://game-icons.net/icons/ffffff/000000/1x1/lorc/doctor-face.svg
dodging	lorc	CC-BY 3.0	svg,png	https://game-icons.net/1x1/lorc/dodging.html	curl -O https://game-icons.net/icons/ffffff/000000/1x1/lorc/dodging.svg
domino-mask	lorc	CC-BY 3.0	svg,png	https://game-icons.net/1x1/lorc/domino-mask.html	curl -O https://game-icons.net/icons/ffffff/000000/1x1/lorc/domino-mask.svg
doorway	lorc	CC-BY 3.0	svg,png	https://game-icons.net/1x1/lorc/doorway.html	curl -O https://game-icons.net/icons/ffffff/000000/1x1/lorc/doorway.svg
dorsal-scales	lorc	CC-BY 3.0	svg,png	https://game-icons.net/1x1/lorc/dorsal-scales.html	curl -O https://game-icons.net/icons/ffffff/000000/1x1/lorc/dorsal-scales.svg
double-diaphragm	lorc	CC-BY 3.0	svg,png	https://game-icons.net/1x1/lorc/double-diaphragm.html	curl -O https://game-icons.net/icons/ffffff/000000/1x1/lorc/double-diaphragm.svg
double-dragon	lorc	CC-BY 3.0	svg,png	https://game-icons.net/1x1/lorc/double-dragon.html	curl -O https://game-icons.net/icons/ffffff/000000/1x1/lorc/double-dragon.svg
double-face-mask	lorc	CC-BY 3.0	svg,png	https://game-icons.net/1x1/lorc/double-face-mask.html	curl -O https://game-icons.net/icons/ffffff/000000/1x1/lorc/double-face-mask.svg
double-quaver	lorc	CC-BY 3.0	svg,png	https://game-icons.net/1x1/lorc/double-quaver.html	curl -O https://game-icons.net/icons/ffffff/000000/1x1/lorc/double-quaver.svg
double-ringed-orb	lorc	CC-BY 3.0	svg,png	https://game-icons.net/1x1/lorc/double-ringed-orb.html	curl -O https://game-icons.net/icons/ffffff/000000/1x1/lorc/double-ringed-orb.svg
double-shot	lorc	CC-BY 3.0	svg,png	https://game-icons.net/1x1/lorc/double-shot.html	curl -O https://game-icons.net/icons/ffffff/000000/1x1/lorc/double-shot.svg
dove	lorc	CC-BY 3.0	svg,png	https://game-icons.net/1x1/lorc/dove.html	curl -O https://game-icons.net/icons/ffffff/000000/1x1/lorc/dove.svg
dozen	lorc	CC-BY 3.0	svg,png	https://game-icons.net/1x1/lorc/dozen.html	curl -O https://game-icons.net/icons/ffffff/000000/1x1/lorc/dozen.svg
dragon-balls	lorc	CC-BY 3.0	svg,png	https://game-icons.net/1x1/lorc/dragon-balls.html	curl -O https://game-icons.net/icons/ffffff/000000/1x1/lorc/dragon-balls.svg
dragon-breath	lorc	CC-BY 3.0	svg,png	https://game-icons.net/1x1/lorc/dragon-breath.html	curl -O https://game-icons.net/icons/ffffff/000000/1x1/lorc/dragon-breath.svg
dragon-head	lorc	CC-BY 3.0	svg,png	https://game-icons.net/1x1/lorc/dragon-head.html	curl -O https://game-icons.net/icons/ffffff/000000/1x1/lorc/dragon-head.svg
dragon-spiral	lorc	CC-BY 3.0	svg,png	https://game-icons.net/1x1/lorc/dragon-spiral.html	curl -O https://game-icons.net/icons/ffffff/000000/1x1/lorc/dragon-spiral.svg
dragonfly	lorc	CC-BY 3.0	svg,png	https://game-icons.net/1x1/lorc/dragonfly.html	curl -O https://game-icons.net/icons/ffffff/000000/1x1/lorc/dragonfly.svg
drama-masks	lorc	CC-BY 3.0	svg,png	https://game-icons.net/1x1/lorc/drama-masks.html	curl -O https://game-icons.net/icons/ffffff/000000/1x1/lorc/drama-masks.svg
dread-skull	lorc	CC-BY 3.0	svg,png	https://game-icons.net/1x1/lorc/dread-skull.html	curl -O https://game-icons.net/icons/ffffff/000000/1x1/lorc/dread-skull.svg
drill	lorc	CC-BY 3.0	svg,png	https://game-icons.net/1x1/lorc/drill.html	curl -O https://game-icons.net/icons/ffffff/000000/1x1/lorc/drill.svg
drink-me	lorc	CC-BY 3.0	svg,png	https://game-icons.net/1x1/lorc/drink-me.html	curl -O https://game-icons.net/icons/ffffff/000000/1x1/lorc/drink-me.svg
dripping-blade	lorc	CC-BY 3.0	svg,png	https://game-icons.net/1x1/lorc/dripping-blade.html	curl -O https://game-icons.net/icons/ffffff/000000/1x1/lorc/dripping-blade.svg
dripping-goo	lorc	CC-BY 3.0	svg,png	https://game-icons.net/1x1/lorc/dripping-goo.html	curl -O https://game-icons.net/icons/ffffff/000000/1x1/lorc/dripping-goo.svg
dripping-honey	lorc	CC-BY 3.0	svg,png	https://game-icons.net/1x1/lorc/dripping-honey.html	curl -O https://game-icons.net/icons/ffffff/000000/1x1/lorc/dripping-honey.svg
dripping-knife	lorc	CC-BY 3.0	svg,png	https://game-icons.net/1x1/lorc/dripping-knife.html	curl -O https://game-icons.net/icons/ffffff/000000/1x1/lorc/dripping-knife.svg
dripping-star	lorc	CC-BY 3.0	svg,png	https://game-icons.net/1x1/lorc/dripping-star.html	curl -O https://game-icons.net/icons/ffffff/000000/1x1/lorc/dripping-star.svg
dripping-stone	lorc	CC-BY 3.0	svg,png	https://game-icons.net/1x1/lorc/dripping-stone.html	curl -O https://game-icons.net/icons/ffffff/000000/1x1/lorc/dripping-stone.svg
dripping-sword	lorc	CC-BY 3.0	svg,png	https://game-icons.net/1x1/lorc/dripping-sword.html	curl -O https://game-icons.net/icons/ffffff/000000/1x1/lorc/dripping-sword.svg
dripping-tube	lorc	CC-BY 3.0	svg,png	https://game-icons.net/1x1/lorc/dripping-tube.html	curl -O https://game-icons.net/icons/ffffff/000000/1x1/lorc/dripping-tube.svg
drop	lorc	CC-BY 3.0	svg,png	https://game-icons.net/1x1/lorc/drop.html	curl -O https://game-icons.net/icons/ffffff/000000/1x1/lorc/drop.svg
droplet-splash	lorc	CC-BY 3.0	svg,png	https://game-icons.net/1x1/lorc/droplet-splash.html	curl -O https://game-icons.net/icons/ffffff/000000/1x1/lorc/droplet-splash.svg
droplets	lorc	CC-BY 3.0	svg,png	https://game-icons.net/1x1/lorc/droplets.html	curl -O https://game-icons.net/icons/ffffff/000000/1x1/lorc/droplets.svg
drowning	lorc	CC-BY 3.0	svg,png	https://game-icons.net/1x1/lorc/drowning.html	curl -O https://game-icons.net/icons/ffffff/000000/1x1/lorc/drowning.svg
duality-mask	lorc	CC-BY 3.0	svg,png	https://game-icons.net/1x1/lorc/duality-mask.html	curl -O https://game-icons.net/icons/ffffff/000000/1x1/lorc/duality-mask.svg
duality	lorc	CC-BY 3.0	svg,png	https://game-icons.net/1x1/lorc/duality.html	curl -O https://game-icons.net/icons/ffffff/000000/1x1/lorc/duality.svg
dust-cloud	lorc	CC-BY 3.0	svg,png	https://game-icons.net/1x1/lorc/dust-cloud.html	curl -O https://game-icons.net/icons/ffffff/000000/1x1/lorc/dust-cloud.svg
eagle-emblem	lorc	CC-BY 3.0	svg,png	https://game-icons.net/1x1/lorc/eagle-emblem.html	curl -O https://game-icons.net/icons/ffffff/000000/1x1/lorc/eagle-emblem.svg
earth-crack	lorc	CC-BY 3.0	svg,png	https://game-icons.net/1x1/lorc/earth-crack.html	curl -O https://game-icons.net/icons/ffffff/000000/1x1/lorc/earth-crack.svg
earth-spit	lorc	CC-BY 3.0	svg,png	https://game-icons.net/1x1/lorc/earth-spit.html	curl -O https://game-icons.net/icons/ffffff/000000/1x1/lorc/earth-spit.svg
earwig	lorc	CC-BY 3.0	svg,png	https://game-icons.net/1x1/lorc/earwig.html	curl -O https://game-icons.net/icons/ffffff/000000/1x1/lorc/earwig.svg
echo-ripples	lorc	CC-BY 3.0	svg,png	https://game-icons.net/1x1/lorc/echo-ripples.html	curl -O https://game-icons.net/icons/ffffff/000000/1x1/lorc/echo-ripples.svg
eclipse-flare	lorc	CC-BY 3.0	svg,png	https://game-icons.net/1x1/lorc/eclipse-flare.html	curl -O https://game-icons.net/icons/ffffff/000000/1x1/lorc/eclipse-flare.svg
eclipse-saw	lorc	CC-BY 3.0	svg,png	https://game-icons.net/1x1/lorc/eclipse-saw.html	curl -O https://game-icons.net/icons/ffffff/000000/1x1/lorc/eclipse-saw.svg
eclipse	lorc	CC-BY 3.0	svg,png	https://game-icons.net/1x1/lorc/eclipse.html	curl -O https://game-icons.net/icons/ffffff/000000/1x1/lorc/eclipse.svg
edge-crack	lorc	CC-BY 3.0	svg,png	https://game-icons.net/1x1/lorc/edge-crack.html	curl -O https://game-icons.net/icons/ffffff/000000/1x1/lorc/edge-crack.svg
edged-shield	lorc	CC-BY 3.0	svg,png	https://game-icons.net/1x1/lorc/edged-shield.html	curl -O https://game-icons.net/icons/ffffff/000000/1x1/lorc/edged-shield.svg
egg-clutch	lorc	CC-BY 3.0	svg,png	https://game-icons.net/1x1/lorc/egg-clutch.html	curl -O https://game-icons.net/icons/ffffff/000000/1x1/lorc/egg-clutch.svg
egg-defense	lorc	CC-BY 3.0	svg,png	https://game-icons.net/1x1/lorc/egg-defense.html	curl -O https://game-icons.net/icons/ffffff/000000/1x1/lorc/egg-defense.svg
elderberry	lorc	CC-BY 3.0	svg,png	https://game-icons.net/1x1/lorc/elderberry.html	curl -O https://game-icons.net/icons/ffffff/000000/1x1/lorc/elderberry.svg
electric-whip	lorc	CC-BY 3.0	svg,png	https://game-icons.net/1x1/lorc/electric-whip.html	curl -O https://game-icons.net/icons/ffffff/000000/1x1/lorc/electric-whip.svg
electrical-crescent	lorc	CC-BY 3.0	svg,png	https://game-icons.net/1x1/lorc/electrical-crescent.html	curl -O https://game-icons.net/icons/ffffff/000000/1x1/lorc/electrical-crescent.svg
ember-shot	lorc	CC-BY 3.0	svg,png	https://game-icons.net/1x1/lorc/ember-shot.html	curl -O https://game-icons.net/icons/ffffff/000000/1x1/lorc/ember-shot.svg
embrassed-energy	lorc	CC-BY 3.0	svg,png	https://game-icons.net/1x1/lorc/embrassed-energy.html	curl -O https://game-icons.net/icons/ffffff/000000/1x1/lorc/embrassed-energy.svg
embryo	lorc	CC-BY 3.0	svg,png	https://game-icons.net/1x1/lorc/embryo.html	curl -O https://game-icons.net/icons/ffffff/000000/1x1/lorc/embryo.svg
emerald	lorc	CC-BY 3.0	svg,png	https://game-icons.net/1x1/lorc/emerald.html	curl -O https://game-icons.net/icons/ffffff/000000/1x1/lorc/emerald.svg
empty-hourglass	lorc	CC-BY 3.0	svg,png	https://game-icons.net/1x1/lorc/empty-hourglass.html	curl -O https://game-icons.net/icons/ffffff/000000/1x1/lorc/empty-hourglass.svg
energise	lorc	CC-BY 3.0	svg,png	https://game-icons.net/1x1/lorc/energise.html	curl -O https://game-icons.net/icons/ffffff/000000/1x1/lorc/energise.svg
energy-arrow	lorc	CC-BY 3.0	svg,png	https://game-icons.net/1x1/lorc/energy-arrow.html	curl -O https://game-icons.net/icons/ffffff/000000/1x1/lorc/energy-arrow.svg
energy-breath	lorc	CC-BY 3.0	svg,png	https://game-icons.net/1x1/lorc/energy-breath.html	curl -O https://game-icons.net/icons/ffffff/000000/1x1/lorc/energy-breath.svg
energy-shield	lorc	CC-BY 3.0	svg,png	https://game-icons.net/1x1/lorc/energy-shield.html	curl -O https://game-icons.net/icons/ffffff/000000/1x1/lorc/energy-shield.svg
energy-sword	lorc	CC-BY 3.0	svg,png	https://game-icons.net/1x1/lorc/energy-sword.html	curl -O https://game-icons.net/icons/ffffff/000000/1x1/lorc/energy-sword.svg
engagement-ring	lorc	CC-BY 3.0	svg,png	https://game-icons.net/1x1/lorc/engagement-ring.html	curl -O https://game-icons.net/icons/ffffff/000000/1x1/lorc/engagement-ring.svg
enlightenment	lorc	CC-BY 3.0	svg,png	https://game-icons.net/1x1/lorc/enlightenment.html	curl -O https://game-icons.net/icons/ffffff/000000/1x1/lorc/enlightenment.svg
ent-mouth	lorc	CC-BY 3.0	svg,png	https://game-icons.net/1x1/lorc/ent-mouth.html	curl -O https://game-icons.net/icons/ffffff/000000/1x1/lorc/ent-mouth.svg
entangled-typhoon	lorc	CC-BY 3.0	svg,png	https://game-icons.net/1x1/lorc/entangled-typhoon.html	curl -O https://game-icons.net/icons/ffffff/000000/1x1/lorc/entangled-typhoon.svg
envelope	lorc	CC-BY 3.0	svg,png	https://game-icons.net/1x1/lorc/envelope.html	curl -O https://game-icons.net/icons/ffffff/000000/1x1/lorc/envelope.svg
erlenmeyer	lorc	CC-BY 3.0	svg,png	https://game-icons.net/1x1/lorc/erlenmeyer.html	curl -O https://game-icons.net/icons/ffffff/000000/1x1/lorc/erlenmeyer.svg
eruption	lorc	CC-BY 3.0	svg,png	https://game-icons.net/1x1/lorc/eruption.html	curl -O https://game-icons.net/icons/ffffff/000000/1x1/lorc/eruption.svg
evil-bat	lorc	CC-BY 3.0	svg,png	https://game-icons.net/1x1/lorc/evil-bat.html	curl -O https://game-icons.net/icons/ffffff/000000/1x1/lorc/evil-bat.svg
evil-book	lorc	CC-BY 3.0	svg,png	https://game-icons.net/1x1/lorc/evil-book.html	curl -O https://game-icons.net/icons/ffffff/000000/1x1/lorc/evil-book.svg
evil-bud	lorc	CC-BY 3.0	svg,png	https://game-icons.net/1x1/lorc/evil-bud.html	curl -O https://game-icons.net/icons/ffffff/000000/1x1/lorc/evil-bud.svg
evil-comet	lorc	CC-BY 3.0	svg,png	https://game-icons.net/1x1/lorc/evil-comet.html	curl -O https://game-icons.net/icons/ffffff/000000/1x1/lorc/evil-comet.svg
evil-fork	lorc	CC-BY 3.0	svg,png	https://game-icons.net/1x1/lorc/evil-fork.html	curl -O https://game-icons.net/icons/ffffff/000000/1x1/lorc/evil-fork.svg
evil-hand	lorc	CC-BY 3.0	svg,png	https://game-icons.net/1x1/lorc/evil-hand.html	curl -O https://game-icons.net/icons/ffffff/000000/1x1/lorc/evil-hand.svg
evil-minion	lorc	CC-BY 3.0	svg,png	https://game-icons.net/1x1/lorc/evil-minion.html	curl -O https://game-icons.net/icons/ffffff/000000/1x1/lorc/evil-minion.svg
evil-moon	lorc	CC-BY 3.0	svg,png	https://game-icons.net/1x1/lorc/evil-moon.html	curl -O https://game-icons.net/icons/ffffff/000000/1x1/lorc/evil-moon.svg
evil-tree	lorc	CC-BY 3.0	svg,png	https://game-icons.net/1x1/lorc/evil-tree.html	curl -O https://game-icons.net/icons/ffffff/000000/1x1/lorc/evil-tree.svg
expanded-rays	lorc	CC-BY 3.0	svg,png	https://game-icons.net/1x1/lorc/expanded-rays.html	curl -O https://game-icons.net/icons/ffffff/000000/1x1/lorc/expanded-rays.svg
explosion-rays	lorc	CC-BY 3.0	svg,png	https://game-icons.net/1x1/lorc/explosion-rays.html	curl -O https://game-icons.net/icons/ffffff/000000/1x1/lorc/explosion-rays.svg
explosive-materials	lorc	CC-BY 3.0	svg,png	https://game-icons.net/1x1/lorc/explosive-materials.html	curl -O https://game-icons.net/icons/ffffff/000000/1x1/lorc/explosive-materials.svg
explosive-meeting	lorc	CC-BY 3.0	svg,png	https://game-icons.net/1x1/lorc/explosive-meeting.html	curl -O https://game-icons.net/icons/ffffff/000000/1x1/lorc/explosive-meeting.svg
extra-lucid	lorc	CC-BY 3.0	svg,png	https://game-icons.net/1x1/lorc/extra-lucid.html	curl -O https://game-icons.net/icons/ffffff/000000/1x1/lorc/extra-lucid.svg
extraction-orb	lorc	CC-BY 3.0	svg,png	https://game-icons.net/1x1/lorc/extraction-orb.html	curl -O https://game-icons.net/icons/ffffff/000000/1x1/lorc/extraction-orb.svg
eye-shield	lorc	CC-BY 3.0	svg,png	https://game-icons.net/1x1/lorc/eye-shield.html	curl -O https://game-icons.net/icons/ffffff/000000/1x1/lorc/eye-shield.svg
eyeball	lorc	CC-BY 3.0	svg,png	https://game-icons.net/1x1/lorc/eyeball.html	curl -O https://game-icons.net/icons/ffffff/000000/1x1/lorc/eyeball.svg
eyedropper	lorc	CC-BY 3.0	svg,png	https://game-icons.net/1x1/lorc/eyedropper.html	curl -O https://game-icons.net/icons/ffffff/000000/1x1/lorc/eyedropper.svg
eyestalk	lorc	CC-BY 3.0	svg,png	https://game-icons.net/1x1/lorc/eyestalk.html	curl -O https://game-icons.net/icons/ffffff/000000/1x1/lorc/eyestalk.svg
fairy-wand	lorc	CC-BY 3.0	svg,png	https://game-icons.net/1x1/lorc/fairy-wand.html	curl -O https://game-icons.net/icons/ffffff/000000/1x1/lorc/fairy-wand.svg
fairy	lorc	CC-BY 3.0	svg,png	https://game-icons.net/1x1/lorc/fairy.html	curl -O https://game-icons.net/icons/ffffff/000000/1x1/lorc/fairy.svg
falling-blob	lorc	CC-BY 3.0	svg,png	https://game-icons.net/1x1/lorc/falling-blob.html	curl -O https://game-icons.net/icons/ffffff/000000/1x1/lorc/falling-blob.svg
falling-boulder	lorc	CC-BY 3.0	svg,png	https://game-icons.net/1x1/lorc/falling-boulder.html	curl -O https://game-icons.net/icons/ffffff/000000/1x1/lorc/falling-boulder.svg
falling-eye	lorc	CC-BY 3.0	svg,png	https://game-icons.net/1x1/lorc/falling-eye.html	curl -O https://game-icons.net/icons/ffffff/000000/1x1/lorc/falling-eye.svg
falling-leaf	lorc	CC-BY 3.0	svg,png	https://game-icons.net/1x1/lorc/falling-leaf.html	curl -O https://game-icons.net/icons/ffffff/000000/1x1/lorc/falling-leaf.svg
falling-ovoid	lorc	CC-BY 3.0	svg,png	https://game-icons.net/1x1/lorc/falling-ovoid.html	curl -O https://game-icons.net/icons/ffffff/000000/1x1/lorc/falling-ovoid.svg
fanged-skull	lorc	CC-BY 3.0	svg,png	https://game-icons.net/1x1/lorc/fanged-skull.html	curl -O https://game-icons.net/icons/ffffff/000000/1x1/lorc/fanged-skull.svg
fangs-circle	lorc	CC-BY 3.0	svg,png	https://game-icons.net/1x1/lorc/fangs-circle.html	curl -O https://game-icons.net/icons/ffffff/000000/1x1/lorc/fangs-circle.svg
fast-arrow	lorc	CC-BY 3.0	svg,png	https://game-icons.net/1x1/lorc/fast-arrow.html	curl -O https://game-icons.net/icons/ffffff/000000/1x1/lorc/fast-arrow.svg
feather-wound	lorc	CC-BY 3.0	svg,png	https://game-icons.net/1x1/lorc/feather-wound.html	curl -O https://game-icons.net/icons/ffffff/000000/1x1/lorc/feather-wound.svg
feather	lorc	CC-BY 3.0	svg,png	https://game-icons.net/1x1/lorc/feather.html	curl -O https://game-icons.net/icons/ffffff/000000/1x1/lorc/feather.svg
feathered-wing	lorc	CC-BY 3.0	svg,png	https://game-icons.net/1x1/lorc/feathered-wing.html	curl -O https://game-icons.net/icons/ffffff/000000/1x1/lorc/feathered-wing.svg
fedora	lorc	CC-BY 3.0	svg,png	https://game-icons.net/1x1/lorc/fedora.html	curl -O https://game-icons.net/icons/ffffff/000000/1x1/lorc/fedora.svg
field	lorc	CC-BY 3.0	svg,png	https://game-icons.net/1x1/lorc/field.html	curl -O https://game-icons.net/icons/ffffff/000000/1x1/lorc/field.svg
fire-ace	lorc	CC-BY 3.0	svg,png	https://game-icons.net/1x1/lorc/fire-ace.html	curl -O https://game-icons.net/icons/ffffff/000000/1x1/lorc/fire-ace.svg
fire-axe	lorc	CC-BY 3.0	svg,png	https://game-icons.net/1x1/lorc/fire-axe.html	curl -O https://game-icons.net/icons/ffffff/000000/1x1/lorc/fire-axe.svg
fire-bomb	lorc	CC-BY 3.0	svg,png	https://game-icons.net/1x1/lorc/fire-bomb.html	curl -O https://game-icons.net/icons/ffffff/000000/1x1/lorc/fire-bomb.svg
fire-bottle	lorc	CC-BY 3.0	svg,png	https://game-icons.net/1x1/lorc/fire-bottle.html	curl -O https://game-icons.net/icons/ffffff/000000/1x1/lorc/fire-bottle.svg
fire-bowl	lorc	CC-BY 3.0	svg,png	https://game-icons.net/1x1/lorc/fire-bowl.html	curl -O https://game-icons.net/icons/ffffff/000000/1x1/lorc/fire-bowl.svg
fire-breath	lorc	CC-BY 3.0	svg,png	https://game-icons.net/1x1/lorc/fire-breath.html	curl -O https://game-icons.net/icons/ffffff/000000/1x1/lorc/fire-breath.svg
fire-dash	lorc	CC-BY 3.0	svg,png	https://game-icons.net/1x1/lorc/fire-dash.html	curl -O https://game-icons.net/icons/ffffff/000000/1x1/lorc/fire-dash.svg
fire-punch	lorc	CC-BY 3.0	svg,png	https://game-icons.net/1x1/lorc/fire-punch.html	curl -O https://game-icons.net/icons/ffffff/000000/1x1/lorc/fire-punch.svg
fire-ray	lorc	CC-BY 3.0	svg,png	https://game-icons.net/1x1/lorc/fire-ray.html	curl -O https://game-icons.net/icons/ffffff/000000/1x1/lorc/fire-ray.svg
fire-ring	lorc	CC-BY 3.0	svg,png	https://game-icons.net/1x1/lorc/fire-ring.html	curl -O https://game-icons.net/icons/ffffff/000000/1x1/lorc/fire-ring.svg
fire-shield	lorc	CC-BY 3.0	svg,png	https://game-icons.net/1x1/lorc/fire-shield.html	curl -O https://game-icons.net/icons/ffffff/000000/1x1/lorc/fire-shield.svg
fire-silhouette	lorc	CC-BY 3.0	svg,png	https://game-icons.net/1x1/lorc/fire-silhouette.html	curl -O https://game-icons.net/icons/ffffff/000000/1x1/lorc/fire-silhouette.svg
fire-tail	lorc	CC-BY 3.0	svg,png	https://game-icons.net/1x1/lorc/fire-tail.html	curl -O https://game-icons.net/icons/ffffff/000000/1x1/lorc/fire-tail.svg
fire-wave	lorc	CC-BY 3.0	svg,png	https://game-icons.net/1x1/lorc/fire-wave.html	curl -O https://game-icons.net/icons/ffffff/000000/1x1/lorc/fire-wave.svg
fire-zone	lorc	CC-BY 3.0	svg,png	https://game-icons.net/1x1/lorc/fire-zone.html	curl -O https://game-icons.net/icons/ffffff/000000/1x1/lorc/fire-zone.svg
fireball	lorc	CC-BY 3.0	svg,png	https://game-icons.net/1x1/lorc/fireball.html	curl -O https://game-icons.net/icons/ffffff/000000/1x1/lorc/fireball.svg
firework-rocket	lorc	CC-BY 3.0	svg,png	https://game-icons.net/1x1/lorc/firework-rocket.html	curl -O https://game-icons.net/icons/ffffff/000000/1x1/lorc/firework-rocket.svg
fish-corpse	lorc	CC-BY 3.0	svg,png	https://game-icons.net/1x1/lorc/fish-corpse.html	curl -O https://game-icons.net/icons/ffffff/000000/1x1/lorc/fish-corpse.svg
fishbone	lorc	CC-BY 3.0	svg,png	https://game-icons.net/1x1/lorc/fishbone.html	curl -O https://game-icons.net/icons/ffffff/000000/1x1/lorc/fishbone.svg
fishhook-fork	lorc	CC-BY 3.0	svg,png	https://game-icons.net/1x1/lorc/fishhook-fork.html	curl -O https://game-icons.net/icons/ffffff/000000/1x1/lorc/fishhook-fork.svg
fishing-hook	lorc	CC-BY 3.0	svg,png	https://game-icons.net/1x1/lorc/fishing-hook.html	curl -O https://game-icons.net/icons/ffffff/000000/1x1/lorc/fishing-hook.svg
fishing-net	lorc	CC-BY 3.0	svg,png	https://game-icons.net/1x1/lorc/fishing-net.html	curl -O https://game-icons.net/icons/ffffff/000000/1x1/lorc/fishing-net.svg
fission	lorc	CC-BY 3.0	svg,png	https://game-icons.net/1x1/lorc/fission.html	curl -O https://game-icons.net/icons/ffffff/000000/1x1/lorc/fission.svg
fist	lorc	CC-BY 3.0	svg,png	https://game-icons.net/1x1/lorc/fist.html	curl -O https://game-icons.net/icons/ffffff/000000/1x1/lorc/fist.svg
fizzing-flask	lorc	CC-BY 3.0	svg,png	https://game-icons.net/1x1/lorc/fizzing-flask.html	curl -O https://game-icons.net/icons/ffffff/000000/1x1/lorc/fizzing-flask.svg
flame-claws	lorc	CC-BY 3.0	svg,png	https://game-icons.net/1x1/lorc/flame-claws.html	curl -O https://game-icons.net/icons/ffffff/000000/1x1/lorc/flame-claws.svg
flame-spin	lorc	CC-BY 3.0	svg,png	https://game-icons.net/1x1/lorc/flame-spin.html	curl -O https://game-icons.net/icons/ffffff/000000/1x1/lorc/flame-spin.svg
flame-tunnel	lorc	CC-BY 3.0	svg,png	https://game-icons.net/1x1/lorc/flame-tunnel.html	curl -O https://game-icons.net/icons/ffffff/000000/1x1/lorc/flame-tunnel.svg
flamed-leaf	lorc	CC-BY 3.0	svg,png	https://game-icons.net/1x1/lorc/flamed-leaf.html	curl -O https://game-icons.net/icons/ffffff/000000/1x1/lorc/flamed-leaf.svg
flaming-arrow	lorc	CC-BY 3.0	svg,png	https://game-icons.net/1x1/lorc/flaming-arrow.html	curl -O https://game-icons.net/icons/ffffff/000000/1x1/lorc/flaming-arrow.svg
flaming-claw	lorc	CC-BY 3.0	svg,png	https://game-icons.net/1x1/lorc/flaming-claw.html	curl -O https://game-icons.net/icons/ffffff/000000/1x1/lorc/flaming-claw.svg
flaming-sheet	lorc	CC-BY 3.0	svg,png	https://game-icons.net/1x1/lorc/flaming-sheet.html	curl -O https://game-icons.net/icons/ffffff/000000/1x1/lorc/flaming-sheet.svg
flaming-trident	lorc	CC-BY 3.0	svg,png	https://game-icons.net/1x1/lorc/flaming-trident.html	curl -O https://game-icons.net/icons/ffffff/000000/1x1/lorc/flaming-trident.svg
flash-grenade	lorc	CC-BY 3.0	svg,png	https://game-icons.net/1x1/lorc/flash-grenade.html	curl -O https://game-icons.net/icons/ffffff/000000/1x1/lorc/flash-grenade.svg
flat-hammer	lorc	CC-BY 3.0	svg,png	https://game-icons.net/1x1/lorc/flat-hammer.html	curl -O https://game-icons.net/icons/ffffff/000000/1x1/lorc/flat-hammer.svg
flat-paw-print	lorc	CC-BY 3.0	svg,png	https://game-icons.net/1x1/lorc/flat-paw-print.html	curl -O https://game-icons.net/icons/ffffff/000000/1x1/lorc/flat-paw-print.svg
flat-star	lorc	CC-BY 3.0	svg,png	https://game-icons.net/1x1/lorc/flat-star.html	curl -O https://game-icons.net/icons/ffffff/000000/1x1/lorc/flat-star.svg
fleshy-mass	lorc	CC-BY 3.0	svg,png	https://game-icons.net/1x1/lorc/fleshy-mass.html	curl -O https://game-icons.net/icons/ffffff/000000/1x1/lorc/fleshy-mass.svg
flexible-star	lorc	CC-BY 3.0	svg,png	https://game-icons.net/1x1/lorc/flexible-star.html	curl -O https://game-icons.net/icons/ffffff/000000/1x1/lorc/flexible-star.svg
floating-crystal	lorc	CC-BY 3.0	svg,png	https://game-icons.net/1x1/lorc/floating-crystal.html	curl -O https://game-icons.net/icons/ffffff/000000/1x1/lorc/floating-crystal.svg
flower-pot	lorc	CC-BY 3.0	svg,png	https://game-icons.net/1x1/lorc/flower-pot.html	curl -O https://game-icons.net/icons/ffffff/000000/1x1/lorc/flower-pot.svg
flower-twirl	lorc	CC-BY 3.0	svg,png	https://game-icons.net/1x1/lorc/flower-twirl.html	curl -O https://game-icons.net/icons/ffffff/000000/1x1/lorc/flower-twirl.svg
flowers	lorc	CC-BY 3.0	svg,png	https://game-icons.net/1x1/lorc/flowers.html	curl -O https://game-icons.net/icons/ffffff/000000/1x1/lorc/flowers.svg
fluffy-cloud	lorc	CC-BY 3.0	svg,png	https://game-icons.net/1x1/lorc/fluffy-cloud.html	curl -O https://game-icons.net/icons/ffffff/000000/1x1/lorc/fluffy-cloud.svg
fluffy-flame	lorc	CC-BY 3.0	svg,png	https://game-icons.net/1x1/lorc/fluffy-flame.html	curl -O https://game-icons.net/icons/ffffff/000000/1x1/lorc/fluffy-flame.svg
fluffy-swirl	lorc	CC-BY 3.0	svg,png	https://game-icons.net/1x1/lorc/fluffy-swirl.html	curl -O https://game-icons.net/icons/ffffff/000000/1x1/lorc/fluffy-swirl.svg
fluffy-trefoil	lorc	CC-BY 3.0	svg,png	https://game-icons.net/1x1/lorc/fluffy-trefoil.html	curl -O https://game-icons.net/icons/ffffff/000000/1x1/lorc/fluffy-trefoil.svg
fluffy-wing	lorc	CC-BY 3.0	svg,png	https://game-icons.net/1x1/lorc/fluffy-wing.html	curl -O https://game-icons.net/icons/ffffff/000000/1x1/lorc/fluffy-wing.svg
flying-dagger	lorc	CC-BY 3.0	svg,png	https://game-icons.net/1x1/lorc/flying-dagger.html	curl -O https://game-icons.net/icons/ffffff/000000/1x1/lorc/flying-dagger.svg
flying-flag	lorc	CC-BY 3.0	svg,png	https://game-icons.net/1x1/lorc/flying-flag.html	curl -O https://game-icons.net/icons/ffffff/000000/1x1/lorc/flying-flag.svg
foam	lorc	CC-BY 3.0	svg,png	https://game-icons.net/1x1/lorc/foam.html	curl -O https://game-icons.net/icons/ffffff/000000/1x1/lorc/foam.svg
foamy-disc	lorc	CC-BY 3.0	svg,png	https://game-icons.net/1x1/lorc/foamy-disc.html	curl -O https://game-icons.net/icons/ffffff/000000/1x1/lorc/foamy-disc.svg
focused-lightning	lorc	CC-BY 3.0	svg,png	https://game-icons.net/1x1/lorc/focused-lightning.html	curl -O https://game-icons.net/icons/ffffff/000000/1x1/lorc/focused-lightning.svg
folded-paper	lorc	CC-BY 3.0	svg,png	https://game-icons.net/1x1/lorc/folded-paper.html	curl -O https://game-icons.net/icons/ffffff/000000/1x1/lorc/folded-paper.svg
food-chain	lorc	CC-BY 3.0	svg,png	https://game-icons.net/1x1/lorc/food-chain.html	curl -O https://game-icons.net/icons/ffffff/000000/1x1/lorc/food-chain.svg
foot-trip	lorc	CC-BY 3.0	svg,png	https://game-icons.net/1x1/lorc/foot-trip.html	curl -O https://game-icons.net/icons/ffffff/000000/1x1/lorc/foot-trip.svg
footprint	lorc	CC-BY 3.0	svg,png	https://game-icons.net/1x1/lorc/footprint.html	curl -O https://game-icons.net/icons/ffffff/000000/1x1/lorc/footprint.svg
forward-field	lorc	CC-BY 3.0	svg,png	https://game-icons.net/1x1/lorc/forward-field.html	curl -O https://game-icons.net/icons/ffffff/000000/1x1/lorc/forward-field.svg
fossil	lorc	CC-BY 3.0	svg,png	https://game-icons.net/1x1/lorc/fossil.html	curl -O https://game-icons.net/icons/ffffff/000000/1x1/lorc/fossil.svg
fountain-pen	lorc	CC-BY 3.0	svg,png	https://game-icons.net/1x1/lorc/fountain-pen.html	curl -O https://game-icons.net/icons/ffffff/000000/1x1/lorc/fountain-pen.svg
fountain	lorc	CC-BY 3.0	svg,png	https://game-icons.net/1x1/lorc/fountain.html	curl -O https://game-icons.net/icons/ffffff/000000/1x1/lorc/fountain.svg
fox-head	lorc	CC-BY 3.0	svg,png	https://game-icons.net/1x1/lorc/fox-head.html	curl -O https://game-icons.net/icons/ffffff/000000/1x1/lorc/fox-head.svg
fragmented-meteor	lorc	CC-BY 3.0	svg,png	https://game-icons.net/1x1/lorc/fragmented-meteor.html	curl -O https://game-icons.net/icons/ffffff/000000/1x1/lorc/fragmented-meteor.svg
fragmented-sword	lorc	CC-BY 3.0	svg,png	https://game-icons.net/1x1/lorc/fragmented-sword.html	curl -O https://game-icons.net/icons/ffffff/000000/1x1/lorc/fragmented-sword.svg
fragrance	lorc	CC-BY 3.0	svg,png	https://game-icons.net/1x1/lorc/fragrance.html	curl -O https://game-icons.net/icons/ffffff/000000/1x1/lorc/fragrance.svg
frankenstein-creature	lorc	CC-BY 3.0	svg,png	https://game-icons.net/1x1/lorc/frankenstein-creature.html	curl -O https://game-icons.net/icons/ffffff/000000/1x1/lorc/frankenstein-creature.svg
frayed-arrow	lorc	CC-BY 3.0	svg,png	https://game-icons.net/1x1/lorc/frayed-arrow.html	curl -O https://game-icons.net/icons/ffffff/000000/1x1/lorc/frayed-arrow.svg
freedom-dove	lorc	CC-BY 3.0	svg,png	https://game-icons.net/1x1/lorc/freedom-dove.html	curl -O https://game-icons.net/icons/ffffff/000000/1x1/lorc/freedom-dove.svg
frog	lorc	CC-BY 3.0	svg,png	https://game-icons.net/1x1/lorc/frog.html	curl -O https://game-icons.net/icons/ffffff/000000/1x1/lorc/frog.svg
front-teeth	lorc	CC-BY 3.0	svg,png	https://game-icons.net/1x1/lorc/front-teeth.html	curl -O https://game-icons.net/icons/ffffff/000000/1x1/lorc/front-teeth.svg
frontal-lobe	lorc	CC-BY 3.0	svg,png	https://game-icons.net/1x1/lorc/frontal-lobe.html	curl -O https://game-icons.net/icons/ffffff/000000/1x1/lorc/frontal-lobe.svg
frostfire	lorc	CC-BY 3.0	svg,png	https://game-icons.net/1x1/lorc/frostfire.html	curl -O https://game-icons.net/icons/ffffff/000000/1x1/lorc/frostfire.svg
frozen-arrow	lorc	CC-BY 3.0	svg,png	https://game-icons.net/1x1/lorc/frozen-arrow.html	curl -O https://game-icons.net/icons/ffffff/000000/1x1/lorc/frozen-arrow.svg
frozen-block	lorc	CC-BY 3.0	svg,png	https://game-icons.net/1x1/lorc/frozen-block.html	curl -O https://game-icons.net/icons/ffffff/000000/1x1/lorc/frozen-block.svg
frozen-orb	lorc	CC-BY 3.0	svg,png	https://game-icons.net/1x1/lorc/frozen-orb.html	curl -O https://game-icons.net/icons/ffffff/000000/1x1/lorc/frozen-orb.svg
fruiting	lorc	CC-BY 3.0	svg,png	https://game-icons.net/1x1/lorc/fruiting.html	curl -O https://game-icons.net/icons/ffffff/000000/1x1/lorc/fruiting.svg
fulguro-punch	lorc	CC-BY 3.0	svg,png	https://game-icons.net/1x1/lorc/fulguro-punch.html	curl -O https://game-icons.net/icons/ffffff/000000/1x1/lorc/fulguro-punch.svg
galleon	lorc	CC-BY 3.0	svg,png	https://game-icons.net/1x1/lorc/galleon.html	curl -O https://game-icons.net/icons/ffffff/000000/1x1/lorc/galleon.svg
gamepad-cross	lorc	CC-BY 3.0	svg,png	https://game-icons.net/1x1/lorc/gamepad-cross.html	curl -O https://game-icons.net/icons/ffffff/000000/1x1/lorc/gamepad-cross.svg
gas-mask	lorc	CC-BY 3.0	svg,png	https://game-icons.net/1x1/lorc/gas-mask.html	curl -O https://game-icons.net/icons/ffffff/000000/1x1/lorc/gas-mask.svg
gavel	lorc	CC-BY 3.0	svg,png	https://game-icons.net/1x1/lorc/gavel.html	curl -O https://game-icons.net/icons/ffffff/000000/1x1/lorc/gavel.svg
gaze	lorc	CC-BY 3.0	svg,png	https://game-icons.net/1x1/lorc/gaze.html	curl -O https://game-icons.net/icons/ffffff/000000/1x1/lorc/gaze.svg
gear-hammer	lorc	CC-BY 3.0	svg,png	https://game-icons.net/1x1/lorc/gear-hammer.html	curl -O https://game-icons.net/icons/ffffff/000000/1x1/lorc/gear-hammer.svg
gears	lorc	CC-BY 3.0	svg,png	https://game-icons.net/1x1/lorc/gears.html	curl -O https://game-icons.net/icons/ffffff/000000/1x1/lorc/gears.svg
gecko	lorc	CC-BY 3.0	svg,png	https://game-icons.net/1x1/lorc/gecko.html	curl -O https://game-icons.net/icons/ffffff/000000/1x1/lorc/gecko.svg
gem-chain	lorc	CC-BY 3.0	svg,png	https://game-icons.net/1x1/lorc/gem-chain.html	curl -O https://game-icons.net/icons/ffffff/000000/1x1/lorc/gem-chain.svg
gem-necklace	lorc	CC-BY 3.0	svg,png	https://game-icons.net/1x1/lorc/gem-necklace.html	curl -O https://game-icons.net/icons/ffffff/000000/1x1/lorc/gem-necklace.svg
gem-pendant	lorc	CC-BY 3.0	svg,png	https://game-icons.net/1x1/lorc/gem-pendant.html	curl -O https://game-icons.net/icons/ffffff/000000/1x1/lorc/gem-pendant.svg
gems	lorc	CC-BY 3.0	svg,png	https://game-icons.net/1x1/lorc/gems.html	curl -O https://game-icons.net/icons/ffffff/000000/1x1/lorc/gems.svg
ghost-ally	lorc	CC-BY 3.0	svg,png	https://game-icons.net/1x1/lorc/ghost-ally.html	curl -O https://game-icons.net/icons/ffffff/000000/1x1/lorc/ghost-ally.svg
ghost	lorc	CC-BY 3.0	svg,png	https://game-icons.net/1x1/lorc/ghost.html	curl -O https://game-icons.net/icons/ffffff/000000/1x1/lorc/ghost.svg
gibbet	lorc	CC-BY 3.0	svg,png	https://game-icons.net/1x1/lorc/gibbet.html	curl -O https://game-icons.net/icons/ffffff/000000/1x1/lorc/gibbet.svg
gift-of-knowledge	lorc	CC-BY 3.0	svg,png	https://game-icons.net/1x1/lorc/gift-of-knowledge.html	curl -O https://game-icons.net/icons/ffffff/000000/1x1/lorc/gift-of-knowledge.svg
gift-trap	lorc	CC-BY 3.0	svg,png	https://game-icons.net/1x1/lorc/gift-trap.html	curl -O https://game-icons.net/icons/ffffff/000000/1x1/lorc/gift-trap.svg
glass-heart	lorc	CC-BY 3.0	svg,png	https://game-icons.net/1x1/lorc/glass-heart.html	curl -O https://game-icons.net/icons/ffffff/000000/1x1/lorc/glass-heart.svg
glass-shot	lorc	CC-BY 3.0	svg,png	https://game-icons.net/1x1/lorc/glass-shot.html	curl -O https://game-icons.net/icons/ffffff/000000/1x1/lorc/glass-shot.svg
globe	lorc	CC-BY 3.0	svg,png	https://game-icons.net/1x1/lorc/globe.html	curl -O https://game-icons.net/icons/ffffff/000000/1x1/lorc/globe.svg
gloop	lorc	CC-BY 3.0	svg,png	https://game-icons.net/1x1/lorc/gloop.html	curl -O https://game-icons.net/icons/ffffff/000000/1x1/lorc/gloop.svg
glowing-hands	lorc	CC-BY 3.0	svg,png	https://game-icons.net/1x1/lorc/glowing-hands.html	curl -O https://game-icons.net/icons/ffffff/000000/1x1/lorc/glowing-hands.svg
gluttonous-smile	lorc	CC-BY 3.0	svg,png	https://game-icons.net/1x1/lorc/gluttonous-smile.html	curl -O https://game-icons.net/icons/ffffff/000000/1x1/lorc/gluttonous-smile.svg
gluttony	lorc	CC-BY 3.0	svg,png	https://game-icons.net/1x1/lorc/gluttony.html	curl -O https://game-icons.net/icons/ffffff/000000/1x1/lorc/gluttony.svg
gold-scarab	lorc	CC-BY 3.0	svg,png	https://game-icons.net/1x1/lorc/gold-scarab.html	curl -O https://game-icons.net/icons/ffffff/000000/1x1/lorc/gold-scarab.svg
gold-shell	lorc	CC-BY 3.0	svg,png	https://game-icons.net/1x1/lorc/gold-shell.html	curl -O https://game-icons.net/icons/ffffff/000000/1x1/lorc/gold-shell.svg
goo-explosion	lorc	CC-BY 3.0	svg,png	https://game-icons.net/1x1/lorc/goo-explosion.html	curl -O https://game-icons.net/icons/ffffff/000000/1x1/lorc/goo-explosion.svg
goo-skull	lorc	CC-BY 3.0	svg,png	https://game-icons.net/1x1/lorc/goo-skull.html	curl -O https://game-icons.net/icons/ffffff/000000/1x1/lorc/goo-skull.svg
goo-spurt	lorc	CC-BY 3.0	svg,png	https://game-icons.net/1x1/lorc/goo-spurt.html	curl -O https://game-icons.net/icons/ffffff/000000/1x1/lorc/goo-spurt.svg
gooey-daemon	lorc	CC-BY 3.0	svg,png	https://game-icons.net/1x1/lorc/gooey-daemon.html	curl -O https://game-icons.net/icons/ffffff/000000/1x1/lorc/gooey-daemon.svg
gooey-eyed-sun	lorc	CC-BY 3.0	svg,png	https://game-icons.net/1x1/lorc/gooey-eyed-sun.html	curl -O https://game-icons.net/icons/ffffff/000000/1x1/lorc/gooey-eyed-sun.svg
gooey-impact	lorc	CC-BY 3.0	svg,png	https://game-icons.net/1x1/lorc/gooey-impact.html	curl -O https://game-icons.net/icons/ffffff/000000/1x1/lorc/gooey-impact.svg
gooey-molecule	lorc	CC-BY 3.0	svg,png	https://game-icons.net/1x1/lorc/gooey-molecule.html	curl -O https://game-icons.net/icons/ffffff/000000/1x1/lorc/gooey-molecule.svg
gooey-sword	lorc	CC-BY 3.0	svg,png	https://game-icons.net/1x1/lorc/gooey-sword.html	curl -O https://game-icons.net/icons/ffffff/000000/1x1/lorc/gooey-sword.svg
gothic-cross	lorc	CC-BY 3.0	svg,png	https://game-icons.net/1x1/lorc/gothic-cross.html	curl -O https://game-icons.net/icons/ffffff/000000/1x1/lorc/gothic-cross.svg
grab	lorc	CC-BY 3.0	svg,png	https://game-icons.net/1x1/lorc/grab.html	curl -O https://game-icons.net/icons/ffffff/000000/1x1/lorc/grab.svg
grapes	lorc	CC-BY 3.0	svg,png	https://game-icons.net/1x1/lorc/grapes.html	curl -O https://game-icons.net/icons/ffffff/000000/1x1/lorc/grapes.svg
grapple	lorc	CC-BY 3.0	svg,png	https://game-icons.net/1x1/lorc/grapple.html	curl -O https://game-icons.net/icons/ffffff/000000/1x1/lorc/grapple.svg
grasping-claws	lorc	CC-BY 3.0	svg,png	https://game-icons.net/1x1/lorc/grasping-claws.html	curl -O https://game-icons.net/icons/ffffff/000000/1x1/lorc/grasping-claws.svg
grease-trap	lorc	CC-BY 3.0	svg,png	https://game-icons.net/1x1/lorc/grease-trap.html	curl -O https://game-icons.net/icons/ffffff/000000/1x1/lorc/grease-trap.svg
grenade	lorc	CC-BY 3.0	svg,png	https://game-icons.net/1x1/lorc/grenade.html	curl -O https://game-icons.net/icons/ffffff/000000/1x1/lorc/grenade.svg
grim-reaper	lorc	CC-BY 3.0	svg,png	https://game-icons.net/1x1/lorc/grim-reaper.html	curl -O https://game-icons.net/icons/ffffff/000000/1x1/lorc/grim-reaper.svg
ground-sprout	lorc	CC-BY 3.0	svg,png	https://game-icons.net/1x1/lorc/ground-sprout.html	curl -O https://game-icons.net/icons/ffffff/000000/1x1/lorc/ground-sprout.svg
groundbreaker	lorc	CC-BY 3.0	svg,png	https://game-icons.net/1x1/lorc/groundbreaker.html	curl -O https://game-icons.net/icons/ffffff/000000/1x1/lorc/groundbreaker.svg
grouped-drops	lorc	CC-BY 3.0	svg,png	https://game-icons.net/1x1/lorc/grouped-drops.html	curl -O https://game-icons.net/icons/ffffff/000000/1x1/lorc/grouped-drops.svg
guarded-tower	lorc	CC-BY 3.0	svg,png	https://game-icons.net/1x1/lorc/guarded-tower.html	curl -O https://game-icons.net/icons/ffffff/000000/1x1/lorc/guarded-tower.svg
guillotine	lorc	CC-BY 3.0	svg,png	https://game-icons.net/1x1/lorc/guillotine.html	curl -O https://game-icons.net/icons/ffffff/000000/1x1/lorc/guillotine.svg
guitar	lorc	CC-BY 3.0	svg,png	https://game-icons.net/1x1/lorc/guitar.html	curl -O https://game-icons.net/icons/ffffff/000000/1x1/lorc/guitar.svg
gunshot	lorc	CC-BY 3.0	svg,png	https://game-icons.net/1x1/lorc/gunshot.html	curl -O https://game-icons.net/icons/ffffff/000000/1x1/lorc/gunshot.svg
halberd-shuriken	lorc	CC-BY 3.0	svg,png	https://game-icons.net/1x1/lorc/halberd-shuriken.html	curl -O https://game-icons.net/icons/ffffff/000000/1x1/lorc/halberd-shuriken.svg
halberd	lorc	CC-BY 3.0	svg,png	https://game-icons.net/1x1/lorc/halberd.html	curl -O https://game-icons.net/icons/ffffff/000000/1x1/lorc/halberd.svg
half-heart	lorc	CC-BY 3.0	svg,png	https://game-icons.net/1x1/lorc/half-heart.html	curl -O https://game-icons.net/icons/ffffff/000000/1x1/lorc/half-heart.svg
half-tornado	lorc	CC-BY 3.0	svg,png	https://game-icons.net/1x1/lorc/half-tornado.html	curl -O https://game-icons.net/icons/ffffff/000000/1x1/lorc/half-tornado.svg
hammer-drop	lorc	CC-BY 3.0	svg,png	https://game-icons.net/1x1/lorc/hammer-drop.html	curl -O https://game-icons.net/icons/ffffff/000000/1x1/lorc/hammer-drop.svg
hammer-nails	lorc	CC-BY 3.0	svg,png	https://game-icons.net/1x1/lorc/hammer-nails.html	curl -O https://game-icons.net/icons/ffffff/000000/1x1/lorc/hammer-nails.svg
hand	lorc	CC-BY 3.0	svg,png	https://game-icons.net/1x1/lorc/hand.html	curl -O https://game-icons.net/icons/ffffff/000000/1x1/lorc/hand.svg
handcuffs	lorc	CC-BY 3.0	svg,png	https://game-icons.net/1x1/lorc/handcuffs.html	curl -O https://game-icons.net/icons/ffffff/000000/1x1/lorc/handcuffs.svg
hanging-spider	lorc	CC-BY 3.0	svg,png	https://game-icons.net/1x1/lorc/hanging-spider.html	curl -O https://game-icons.net/icons/ffffff/000000/1x1/lorc/hanging-spider.svg
happy-skull	lorc	CC-BY 3.0	svg,png	https://game-icons.net/1x1/lorc/happy-skull.html	curl -O https://game-icons.net/icons/ffffff/000000/1x1/lorc/happy-skull.svg
harpoon-chain	lorc	CC-BY 3.0	svg,png	https://game-icons.net/1x1/lorc/harpoon-chain.html	curl -O https://game-icons.net/icons/ffffff/000000/1x1/lorc/harpoon-chain.svg
harpoon-trident	lorc	CC-BY 3.0	svg,png	https://game-icons.net/1x1/lorc/harpoon-trident.html	curl -O https://game-icons.net/icons/ffffff/000000/1x1/lorc/harpoon-trident.svg
harpy	lorc	CC-BY 3.0	svg,png	https://game-icons.net/1x1/lorc/harpy.html	curl -O https://game-icons.net/icons/ffffff/000000/1x1/lorc/harpy.svg
harry-potter-skull	lorc	CC-BY 3.0	svg,png	https://game-icons.net/1x1/lorc/harry-potter-skull.html	curl -O https://game-icons.net/icons/ffffff/000000/1x1/lorc/harry-potter-skull.svg
hatchets	lorc	CC-BY 3.0	svg,png	https://game-icons.net/1x1/lorc/hatchets.html	curl -O https://game-icons.net/icons/ffffff/000000/1x1/lorc/hatchets.svg
haunting	lorc	CC-BY 3.0	svg,png	https://game-icons.net/1x1/lorc/haunting.html	curl -O https://game-icons.net/icons/ffffff/000000/1x1/lorc/haunting.svg
hawk-emblem	lorc	CC-BY 3.0	svg,png	https://game-icons.net/1x1/lorc/hawk-emblem.html	curl -O https://game-icons.net/icons/ffffff/000000/1x1/lorc/hawk-emblem.svg
hazard-sign	lorc	CC-BY 3.0	svg,png	https://game-icons.net/1x1/lorc/hazard-sign.html	curl -O https://game-icons.net/icons/ffffff/000000/1x1/lorc/hazard-sign.svg
headshot	lorc	CC-BY 3.0	svg,png	https://game-icons.net/1x1/lorc/headshot.html	curl -O https://game-icons.net/icons/ffffff/000000/1x1/lorc/headshot.svg
heart-bottle	lorc	CC-BY 3.0	svg,png	https://game-icons.net/1x1/lorc/heart-bottle.html	curl -O https://game-icons.net/icons/ffffff/000000/1x1/lorc/heart-bottle.svg
heart-drop	lorc	CC-BY 3.0	svg,png	https://game-icons.net/1x1/lorc/heart-drop.html	curl -O https://game-icons.net/icons/ffffff/000000/1x1/lorc/heart-drop.svg
heart-inside	lorc	CC-BY 3.0	svg,png	https://game-icons.net/1x1/lorc/heart-inside.html	curl -O https://game-icons.net/icons/ffffff/000000/1x1/lorc/heart-inside.svg
heart-organ	lorc	CC-BY 3.0	svg,png	https://game-icons.net/1x1/lorc/heart-organ.html	curl -O https://game-icons.net/icons/ffffff/000000/1x1/lorc/heart-organ.svg
heart-tower	lorc	CC-BY 3.0	svg,png	https://game-icons.net/1x1/lorc/heart-tower.html	curl -O https://game-icons.net/icons/ffffff/000000/1x1/lorc/heart-tower.svg
heartburn	lorc	CC-BY 3.0	svg,png	https://game-icons.net/1x1/lorc/heartburn.html	curl -O https://game-icons.net/icons/ffffff/000000/1x1/lorc/heartburn.svg
heat-haze	lorc	CC-BY 3.0	svg,png	https://game-icons.net/1x1/lorc/heat-haze.html	curl -O https://game-icons.net/icons/ffffff/000000/1x1/lorc/heat-haze.svg
heavy-arrow	lorc	CC-BY 3.0	svg,png	https://game-icons.net/1x1/lorc/heavy-arrow.html	curl -O https://game-icons.net/icons/ffffff/000000/1x1/lorc/heavy-arrow.svg
heavy-fall	lorc	CC-BY 3.0	svg,png	https://game-icons.net/1x1/lorc/heavy-fall.html	curl -O https://game-icons.net/icons/ffffff/000000/1x1/lorc/heavy-fall.svg
heavy-helm	lorc	CC-BY 3.0	svg,png	https://game-icons.net/1x1/lorc/heavy-helm.html	curl -O https://game-icons.net/icons/ffffff/000000/1x1/lorc/heavy-helm.svg
heavy-lightning	lorc	CC-BY 3.0	svg,png	https://game-icons.net/1x1/lorc/heavy-lightning.html	curl -O https://game-icons.net/icons/ffffff/000000/1x1/lorc/heavy-lightning.svg
heavy-rain	lorc	CC-BY 3.0	svg,png	https://game-icons.net/1x1/lorc/heavy-rain.html	curl -O https://game-icons.net/icons/ffffff/000000/1x1/lorc/heavy-rain.svg
heavy-thorny-triskelion	lorc	CC-BY 3.0	svg,png	https://game-icons.net/1x1/lorc/heavy-thorny-triskelion.html	curl -O https://game-icons.net/icons/ffffff/000000/1x1/lorc/heavy-thorny-triskelion.svg
heavy-timer	lorc	CC-BY 3.0	svg,png	https://game-icons.net/1x1/lorc/heavy-timer.html	curl -O https://game-icons.net/icons/ffffff/000000/1x1/lorc/heavy-timer.svg
helmet-head-shot	lorc	CC-BY 3.0	svg,png	https://game-icons.net/1x1/lorc/helmet-head-shot.html	curl -O https://game-icons.net/icons/ffffff/000000/1x1/lorc/helmet-head-shot.svg
hidden	lorc	CC-BY 3.0	svg,png	https://game-icons.net/1x1/lorc/hidden.html	curl -O https://game-icons.net/icons/ffffff/000000/1x1/lorc/hidden.svg
high-five	lorc	CC-BY 3.0	svg,png	https://game-icons.net/1x1/lorc/high-five.html	curl -O https://game-icons.net/icons/ffffff/000000/1x1/lorc/high-five.svg
high-shot	lorc	CC-BY 3.0	svg,png	https://game-icons.net/1x1/lorc/high-shot.html	curl -O https://game-icons.net/icons/ffffff/000000/1x1/lorc/high-shot.svg
hollow-cat	lorc	CC-BY 3.0	svg,png	https://game-icons.net/1x1/lorc/hollow-cat.html	curl -O https://game-icons.net/icons/ffffff/000000/1x1/lorc/hollow-cat.svg
holy-grail	lorc	CC-BY 3.0	svg,png	https://game-icons.net/1x1/lorc/holy-grail.html	curl -O https://game-icons.net/icons/ffffff/000000/1x1/lorc/holy-grail.svg
holy-symbol	lorc	CC-BY 3.0	svg,png	https://game-icons.net/1x1/lorc/holy-symbol.html	curl -O https://game-icons.net/icons/ffffff/000000/1x1/lorc/holy-symbol.svg
honeycomb	lorc	CC-BY 3.0	svg,png	https://game-icons.net/1x1/lorc/honeycomb.html	curl -O https://game-icons.net/icons/ffffff/000000/1x1/lorc/honeycomb.svg
honeypot	lorc	CC-BY 3.0	svg,png	https://game-icons.net/1x1/lorc/honeypot.html	curl -O https://game-icons.net/icons/ffffff/000000/1x1/lorc/honeypot.svg
hood	lorc	CC-BY 3.0	svg,png	https://game-icons.net/1x1/lorc/hood.html	curl -O https://game-icons.net/icons/ffffff/000000/1x1/lorc/hood.svg
hoof	lorc	CC-BY 3.0	svg,png	https://game-icons.net/1x1/lorc/hoof.html	curl -O https://game-icons.net/icons/ffffff/000000/1x1/lorc/hoof.svg
horn-internal	lorc	CC-BY 3.0	svg,png	https://game-icons.net/1x1/lorc/horn-internal.html	curl -O https://game-icons.net/icons/ffffff/000000/1x1/lorc/horn-internal.svg
horned-helm	lorc	CC-BY 3.0	svg,png	https://game-icons.net/1x1/lorc/horned-helm.html	curl -O https://game-icons.net/icons/ffffff/000000/1x1/lorc/horned-helm.svg
horned-skull	lorc	CC-BY 3.0	svg,png	https://game-icons.net/1x1/lorc/horned-skull.html	curl -O https://game-icons.net/icons/ffffff/000000/1x1/lorc/horned-skull.svg
horse-head	lorc	CC-BY 3.0	svg,png	https://game-icons.net/1x1/lorc/horse-head.html	curl -O https://game-icons.net/icons/ffffff/000000/1x1/lorc/horse-head.svg
hospital-cross	lorc	CC-BY 3.0	svg,png	https://game-icons.net/1x1/lorc/hospital-cross.html	curl -O https://game-icons.net/icons/ffffff/000000/1x1/lorc/hospital-cross.svg
hot-spices	lorc	CC-BY 3.0	svg,png	https://game-icons.net/1x1/lorc/hot-spices.html	curl -O https://game-icons.net/icons/ffffff/000000/1x1/lorc/hot-spices.svg
hound	lorc	CC-BY 3.0	svg,png	https://game-icons.net/1x1/lorc/hound.html	curl -O https://game-icons.net/icons/ffffff/000000/1x1/lorc/hound.svg
hourglass	lorc	CC-BY 3.0	svg,png	https://game-icons.net/1x1/lorc/hourglass.html	curl -O https://game-icons.net/icons/ffffff/000000/1x1/lorc/hourglass.svg
hunting-horn	lorc	CC-BY 3.0	svg,png	https://game-icons.net/1x1/lorc/hunting-horn.html	curl -O https://game-icons.net/icons/ffffff/000000/1x1/lorc/hunting-horn.svg
hydra-shot	lorc	CC-BY 3.0	svg,png	https://game-icons.net/1x1/lorc/hydra-shot.html	curl -O https://game-icons.net/icons/ffffff/000000/1x1/lorc/hydra-shot.svg
hydra	lorc	CC-BY 3.0	svg,png	https://game-icons.net/1x1/lorc/hydra.html	curl -O https://game-icons.net/icons/ffffff/000000/1x1/lorc/hydra.svg
hypersonic-bolt	lorc	CC-BY 3.0	svg,png	https://game-icons.net/1x1/lorc/hypersonic-bolt.html	curl -O https://game-icons.net/icons/ffffff/000000/1x1/lorc/hypersonic-bolt.svg
hypersonic-melon	lorc	CC-BY 3.0	svg,png	https://game-icons.net/1x1/lorc/hypersonic-melon.html	curl -O https://game-icons.net/icons/ffffff/000000/1x1/lorc/hypersonic-melon.svg
hypodermic-test	lorc	CC-BY 3.0	svg,png	https://game-icons.net/1x1/lorc/hypodermic-test.html	curl -O https://game-icons.net/icons/ffffff/000000/1x1/lorc/hypodermic-test.svg
ice-bolt	lorc	CC-BY 3.0	svg,png	https://game-icons.net/1x1/lorc/ice-bolt.html	curl -O https://game-icons.net/icons/ffffff/000000/1x1/lorc/ice-bolt.svg
ice-bomb	lorc	CC-BY 3.0	svg,png	https://game-icons.net/1x1/lorc/ice-bomb.html	curl -O https://game-icons.net/icons/ffffff/000000/1x1/lorc/ice-bomb.svg
ice-cube	lorc	CC-BY 3.0	svg,png	https://game-icons.net/1x1/lorc/ice-cube.html	curl -O https://game-icons.net/icons/ffffff/000000/1x1/lorc/ice-cube.svg
ice-shield	lorc	CC-BY 3.0	svg,png	https://game-icons.net/1x1/lorc/ice-shield.html	curl -O https://game-icons.net/icons/ffffff/000000/1x1/lorc/ice-shield.svg
ice-spear	lorc	CC-BY 3.0	svg,png	https://game-icons.net/1x1/lorc/ice-spear.html	curl -O https://game-icons.net/icons/ffffff/000000/1x1/lorc/ice-spear.svg
icebergs	lorc	CC-BY 3.0	svg,png	https://game-icons.net/1x1/lorc/icebergs.html	curl -O https://game-icons.net/icons/ffffff/000000/1x1/lorc/icebergs.svg
icicles-aura	lorc	CC-BY 3.0	svg,png	https://game-icons.net/1x1/lorc/icicles-aura.html	curl -O https://game-icons.net/icons/ffffff/000000/1x1/lorc/icicles-aura.svg
icicles-fence	lorc	CC-BY 3.0	svg,png	https://game-icons.net/1x1/lorc/icicles-fence.html	curl -O https://game-icons.net/icons/ffffff/000000/1x1/lorc/icicles-fence.svg
ifrit	lorc	CC-BY 3.0	svg,png	https://game-icons.net/1x1/lorc/ifrit.html	curl -O https://game-icons.net/icons/ffffff/000000/1x1/lorc/ifrit.svg
imbricated-arrows	lorc	CC-BY 3.0	svg,png	https://game-icons.net/1x1/lorc/imbricated-arrows.html	curl -O https://game-icons.net/icons/ffffff/000000/1x1/lorc/imbricated-arrows.svg
imp-laugh	lorc	CC-BY 3.0	svg,png	https://game-icons.net/1x1/lorc/imp-laugh.html	curl -O https://game-icons.net/icons/ffffff/000000/1x1/lorc/imp-laugh.svg
imp	lorc	CC-BY 3.0	svg,png	https://game-icons.net/1x1/lorc/imp.html	curl -O https://game-icons.net/icons/ffffff/000000/1x1/lorc/imp.svg
impact-point	lorc	CC-BY 3.0	svg,png	https://game-icons.net/1x1/lorc/impact-point.html	curl -O https://game-icons.net/icons/ffffff/000000/1x1/lorc/impact-point.svg
implosion	lorc	CC-BY 3.0	svg,png	https://game-icons.net/1x1/lorc/implosion.html	curl -O https://game-icons.net/icons/ffffff/000000/1x1/lorc/implosion.svg
imprisoned	lorc	CC-BY 3.0	svg,png	https://game-icons.net/1x1/lorc/imprisoned.html	curl -O https://game-icons.net/icons/ffffff/000000/1x1/lorc/imprisoned.svg
incense	lorc	CC-BY 3.0	svg,png	https://game-icons.net/1x1/lorc/incense.html	curl -O https://game-icons.net/icons/ffffff/000000/1x1/lorc/incense.svg
incisors	lorc	CC-BY 3.0	svg,png	https://game-icons.net/1x1/lorc/incisors.html	curl -O https://game-icons.net/icons/ffffff/000000/1x1/lorc/incisors.svg
incoming-rocket	lorc	CC-BY 3.0	svg,png	https://game-icons.net/1x1/lorc/incoming-rocket.html	curl -O https://game-icons.net/icons/ffffff/000000/1x1/lorc/incoming-rocket.svg
infested-mass	lorc	CC-BY 3.0	svg,png	https://game-icons.net/1x1/lorc/infested-mass.html	curl -O https://game-icons.net/icons/ffffff/000000/1x1/lorc/infested-mass.svg
ink-swirl	lorc	CC-BY 3.0	svg,png	https://game-icons.net/1x1/lorc/ink-swirl.html	curl -O https://game-icons.net/icons/ffffff/000000/1x1/lorc/ink-swirl.svg
inner-self	lorc	CC-BY 3.0	svg,png	https://game-icons.net/1x1/lorc/inner-self.html	curl -O https://game-icons.net/icons/ffffff/000000/1x1/lorc/inner-self.svg
insect-jaws	lorc	CC-BY 3.0	svg,png	https://game-icons.net/1x1/lorc/insect-jaws.html	curl -O https://game-icons.net/icons/ffffff/000000/1x1/lorc/insect-jaws.svg
interdiction	lorc	CC-BY 3.0	svg,png	https://game-icons.net/1x1/lorc/interdiction.html	curl -O https://game-icons.net/icons/ffffff/000000/1x1/lorc/interdiction.svg
interlaced-tentacles	lorc	CC-BY 3.0	svg,png	https://game-icons.net/1x1/lorc/interlaced-tentacles.html	curl -O https://game-icons.net/icons/ffffff/000000/1x1/lorc/interlaced-tentacles.svg
interleaved-arrows	lorc	CC-BY 3.0	svg,png	https://game-icons.net/1x1/lorc/interleaved-arrows.html	curl -O https://game-icons.net/icons/ffffff/000000/1x1/lorc/interleaved-arrows.svg
interleaved-claws	lorc	CC-BY 3.0	svg,png	https://game-icons.net/1x1/lorc/interleaved-claws.html	curl -O https://game-icons.net/icons/ffffff/000000/1x1/lorc/interleaved-claws.svg
internal-injury	lorc	CC-BY 3.0	svg,png	https://game-icons.net/1x1/lorc/internal-injury.html	curl -O https://game-icons.net/icons/ffffff/000000/1x1/lorc/internal-injury.svg
internal-organ	lorc	CC-BY 3.0	svg,png	https://game-icons.net/1x1/lorc/internal-organ.html	curl -O https://game-icons.net/icons/ffffff/000000/1x1/lorc/internal-organ.svg
interstellar-path	lorc	CC-BY 3.0	svg,png	https://game-icons.net/1x1/lorc/interstellar-path.html	curl -O https://game-icons.net/icons/ffffff/000000/1x1/lorc/interstellar-path.svg
ion-cannon-blast	lorc	CC-BY 3.0	svg,png	https://game-icons.net/1x1/lorc/ion-cannon-blast.html	curl -O https://game-icons.net/icons/ffffff/000000/1x1/lorc/ion-cannon-blast.svg
iron-mask	lorc	CC-BY 3.0	svg,png	https://game-icons.net/1x1/lorc/iron-mask.html	curl -O https://game-icons.net/icons/ffffff/000000/1x1/lorc/iron-mask.svg
james-bond-aperture	lorc	CC-BY 3.0	svg,png	https://game-icons.net/1x1/lorc/james-bond-aperture.html	curl -O https://game-icons.net/icons/ffffff/000000/1x1/lorc/james-bond-aperture.svg
jawbone	lorc	CC-BY 3.0	svg,png	https://game-icons.net/1x1/lorc/jawbone.html	curl -O https://game-icons.net/icons/ffffff/000000/1x1/lorc/jawbone.svg
jellyfish	lorc	CC-BY 3.0	svg,png	https://game-icons.net/1x1/lorc/jellyfish.html	curl -O https://game-icons.net/icons/ffffff/000000/1x1/lorc/jellyfish.svg
jetpack	lorc	CC-BY 3.0	svg,png	https://game-icons.net/1x1/lorc/jetpack.html	curl -O https://game-icons.net/icons/ffffff/000000/1x1/lorc/jetpack.svg
jeweled-chalice	lorc	CC-BY 3.0	svg,png	https://game-icons.net/1x1/lorc/jeweled-chalice.html	curl -O https://game-icons.net/icons/ffffff/000000/1x1/lorc/jeweled-chalice.svg
jigsaw-box	lorc	CC-BY 3.0	svg,png	https://game-icons.net/1x1/lorc/jigsaw-box.html	curl -O https://game-icons.net/icons/ffffff/000000/1x1/lorc/jigsaw-box.svg
jigsaw-piece	lorc	CC-BY 3.0	svg,png	https://game-icons.net/1x1/lorc/jigsaw-piece.html	curl -O https://game-icons.net/icons/ffffff/000000/1x1/lorc/jigsaw-piece.svg
journey	lorc	CC-BY 3.0	svg,png	https://game-icons.net/1x1/lorc/journey.html	curl -O https://game-icons.net/icons/ffffff/000000/1x1/lorc/journey.svg
juggler	lorc	CC-BY 3.0	svg,png	https://game-icons.net/1x1/lorc/juggler.html	curl -O https://game-icons.net/icons/ffffff/000000/1x1/lorc/juggler.svg
justice-star	lorc	CC-BY 3.0	svg,png	https://game-icons.net/1x1/lorc/justice-star.html	curl -O https://game-icons.net/icons/ffffff/000000/1x1/lorc/justice-star.svg
kaleidoscope-pearls	lorc	CC-BY 3.0	svg,png	https://game-icons.net/1x1/lorc/kaleidoscope-pearls.html	curl -O https://game-icons.net/icons/ffffff/000000/1x1/lorc/kaleidoscope-pearls.svg
key	lorc	CC-BY 3.0	svg,png	https://game-icons.net/1x1/lorc/key.html	curl -O https://game-icons.net/icons/ffffff/000000/1x1/lorc/key.svg
kindle	lorc	CC-BY 3.0	svg,png	https://game-icons.net/1x1/lorc/kindle.html	curl -O https://game-icons.net/icons/ffffff/000000/1x1/lorc/kindle.svg
king	lorc	CC-BY 3.0	svg,png	https://game-icons.net/1x1/lorc/king.html	curl -O https://game-icons.net/icons/ffffff/000000/1x1/lorc/king.svg
kitchen-knives	lorc	CC-BY 3.0	svg,png	https://game-icons.net/1x1/lorc/kitchen-knives.html	curl -O https://game-icons.net/icons/ffffff/000000/1x1/lorc/kitchen-knives.svg
knapsack	lorc	CC-BY 3.0	svg,png	https://game-icons.net/1x1/lorc/knapsack.html	curl -O https://game-icons.net/icons/ffffff/000000/1x1/lorc/knapsack.svg
knife-fork	lorc	CC-BY 3.0	svg,png	https://game-icons.net/1x1/lorc/knife-fork.html	curl -O https://game-icons.net/icons/ffffff/000000/1x1/lorc/knife-fork.svg
knife-thrust	lorc	CC-BY 3.0	svg,png	https://game-icons.net/1x1/lorc/knife-thrust.html	curl -O https://game-icons.net/icons/ffffff/000000/1x1/lorc/knife-thrust.svg
lamellar	lorc	CC-BY 3.0	svg,png	https://game-icons.net/1x1/lorc/lamellar.html	curl -O https://game-icons.net/icons/ffffff/000000/1x1/lorc/lamellar.svg
lamprey-mouth	lorc	CC-BY 3.0	svg,png	https://game-icons.net/1x1/lorc/lamprey-mouth.html	curl -O https://game-icons.net/icons/ffffff/000000/1x1/lorc/lamprey-mouth.svg
land-mine	lorc	CC-BY 3.0	svg,png	https://game-icons.net/1x1/lorc/land-mine.html	curl -O https://game-icons.net/icons/ffffff/000000/1x1/lorc/land-mine.svg
lantern-flame	lorc	CC-BY 3.0	svg,png	https://game-icons.net/1x1/lorc/lantern-flame.html	curl -O https://game-icons.net/icons/ffffff/000000/1x1/lorc/lantern-flame.svg
lantern	lorc	CC-BY 3.0	svg,png	https://game-icons.net/1x1/lorc/lantern.html	curl -O https://game-icons.net/icons/ffffff/000000/1x1/lorc/lantern.svg
large-wound	lorc	CC-BY 3.0	svg,png	https://game-icons.net/1x1/lorc/large-wound.html	curl -O https://game-icons.net/icons/ffffff/000000/1x1/lorc/large-wound.svg
laser-blast	lorc	CC-BY 3.0	svg,png	https://game-icons.net/1x1/lorc/laser-blast.html	curl -O https://game-icons.net/icons/ffffff/000000/1x1/lorc/laser-blast.svg
laser-precision	lorc	CC-BY 3.0	svg,png	https://game-icons.net/1x1/lorc/laser-precision.html	curl -O https://game-icons.net/icons/ffffff/000000/1x1/lorc/laser-precision.svg
laser-sparks	lorc	CC-BY 3.0	svg,png	https://game-icons.net/1x1/lorc/laser-sparks.html	curl -O https://game-icons.net/icons/ffffff/000000/1x1/lorc/laser-sparks.svg
laser-warning	lorc	CC-BY 3.0	svg,png	https://game-icons.net/1x1/lorc/laser-warning.html	curl -O https://game-icons.net/icons/ffffff/000000/1x1/lorc/laser-warning.svg
laserburn	lorc	CC-BY 3.0	svg,png	https://game-icons.net/1x1/lorc/laserburn.html	curl -O https://game-icons.net/icons/ffffff/000000/1x1/lorc/laserburn.svg
laurel-crown	lorc	CC-BY 3.0	svg,png	https://game-icons.net/1x1/lorc/laurel-crown.html	curl -O https://game-icons.net/icons/ffffff/000000/1x1/lorc/laurel-crown.svg
laurels	lorc	CC-BY 3.0	svg,png	https://game-icons.net/1x1/lorc/laurels.html	curl -O https://game-icons.net/icons/ffffff/000000/1x1/lorc/laurels.svg
law-star	lorc	CC-BY 3.0	svg,png	https://game-icons.net/1x1/lorc/law-star.html	curl -O https://game-icons.net/icons/ffffff/000000/1x1/lorc/law-star.svg
layered-armor	lorc	CC-BY 3.0	svg,png	https://game-icons.net/1x1/lorc/layered-armor.html	curl -O https://game-icons.net/icons/ffffff/000000/1x1/lorc/layered-armor.svg
leaf-skeleton	lorc	CC-BY 3.0	svg,png	https://game-icons.net/1x1/lorc/leaf-skeleton.html	curl -O https://game-icons.net/icons/ffffff/000000/1x1/lorc/leaf-skeleton.svg
leaf-swirl	lorc	CC-BY 3.0	svg,png	https://game-icons.net/1x1/lorc/leaf-swirl.html	curl -O https://game-icons.net/icons/ffffff/000000/1x1/lorc/leaf-swirl.svg
leaky-skull	lorc	CC-BY 3.0	svg,png	https://game-icons.net/1x1/lorc/leaky-skull.html	curl -O https://game-icons.net/icons/ffffff/000000/1x1/lorc/leaky-skull.svg
leather-boot	lorc	CC-BY 3.0	svg,png	https://game-icons.net/1x1/lorc/leather-boot.html	curl -O https://game-icons.net/icons/ffffff/000000/1x1/lorc/leather-boot.svg
leather-vest	lorc	CC-BY 3.0	svg,png	https://game-icons.net/1x1/lorc/leather-vest.html	curl -O https://game-icons.net/icons/ffffff/000000/1x1/lorc/leather-vest.svg
leeching-worm	lorc	CC-BY 3.0	svg,png	https://game-icons.net/1x1/lorc/leeching-worm.html	curl -O https://game-icons.net/icons/ffffff/000000/1x1/lorc/leeching-worm.svg
letter-bomb	lorc	CC-BY 3.0	svg,png	https://game-icons.net/1x1/lorc/letter-bomb.html	curl -O https://game-icons.net/icons/ffffff/000000/1x1/lorc/letter-bomb.svg
lever	lorc	CC-BY 3.0	svg,png	https://game-icons.net/1x1/lorc/lever.html	curl -O https://game-icons.net/icons/ffffff/000000/1x1/lorc/lever.svg
life-in-the-balance	lorc	CC-BY 3.0	svg,png	https://game-icons.net/1x1/lorc/life-in-the-balance.html	curl -O https://game-icons.net/icons/ffffff/000000/1x1/lorc/life-in-the-balance.svg
life-support	lorc	CC-BY 3.0	svg,png	https://game-icons.net/1x1/lorc/life-support.html	curl -O https://game-icons.net/icons/ffffff/000000/1x1/lorc/life-support.svg
life-tap	lorc	CC-BY 3.0	svg,png	https://game-icons.net/1x1/lorc/life-tap.html	curl -O https://game-icons.net/icons/ffffff/000000/1x1/lorc/life-tap.svg
lift	lorc	CC-BY 3.0	svg,png	https://game-icons.net/1x1/lorc/lift.html	curl -O https://game-icons.net/icons/ffffff/000000/1x1/lorc/lift.svg
light-bulb	lorc	CC-BY 3.0	svg,png	https://game-icons.net/1x1/lorc/light-bulb.html	curl -O https://game-icons.net/icons/ffffff/000000/1x1/lorc/light-bulb.svg
light-thorny-triskelion	lorc	CC-BY 3.0	svg,png	https://game-icons.net/1x1/lorc/light-thorny-triskelion.html	curl -O https://game-icons.net/icons/ffffff/000000/1x1/lorc/light-thorny-triskelion.svg
lightning-arc	lorc	CC-BY 3.0	svg,png	https://game-icons.net/1x1/lorc/lightning-arc.html	curl -O https://game-icons.net/icons/ffffff/000000/1x1/lorc/lightning-arc.svg
lightning-bow	lorc	CC-BY 3.0	svg,png	https://game-icons.net/1x1/lorc/lightning-bow.html	curl -O https://game-icons.net/icons/ffffff/000000/1x1/lorc/lightning-bow.svg
lightning-branches	lorc	CC-BY 3.0	svg,png	https://game-icons.net/1x1/lorc/lightning-branches.html	curl -O https://game-icons.net/icons/ffffff/000000/1x1/lorc/lightning-branches.svg
lightning-dissipation	lorc	CC-BY 3.0	svg,png	https://game-icons.net/1x1/lorc/lightning-dissipation.html	curl -O https://game-icons.net/icons/ffffff/000000/1x1/lorc/lightning-dissipation.svg
lightning-electron	lorc	CC-BY 3.0	svg,png	https://game-icons.net/1x1/lorc/lightning-electron.html	curl -O https://game-icons.net/icons/ffffff/000000/1x1/lorc/lightning-electron.svg
lightning-frequency	lorc	CC-BY 3.0	svg,png	https://game-icons.net/1x1/lorc/lightning-frequency.html	curl -O https://game-icons.net/icons/ffffff/000000/1x1/lorc/lightning-frequency.svg
lightning-helix	lorc	CC-BY 3.0	svg,png	https://game-icons.net/1x1/lorc/lightning-helix.html	curl -O https://game-icons.net/icons/ffffff/000000/1x1/lorc/lightning-helix.svg
lightning-mask	lorc	CC-BY 3.0	svg,png	https://game-icons.net/1x1/lorc/lightning-mask.html	curl -O https://game-icons.net/icons/ffffff/000000/1x1/lorc/lightning-mask.svg
lightning-saber	lorc	CC-BY 3.0	svg,png	https://game-icons.net/1x1/lorc/lightning-saber.html	curl -O https://game-icons.net/icons/ffffff/000000/1x1/lorc/lightning-saber.svg
lightning-shadow	lorc	CC-BY 3.0	svg,png	https://game-icons.net/1x1/lorc/lightning-shadow.html	curl -O https://game-icons.net/icons/ffffff/000000/1x1/lorc/lightning-shadow.svg
lightning-shield	lorc	CC-BY 3.0	svg,png	https://game-icons.net/1x1/lorc/lightning-shield.html	curl -O https://game-icons.net/icons/ffffff/000000/1x1/lorc/lightning-shield.svg
lightning-shout	lorc	CC-BY 3.0	svg,png	https://game-icons.net/1x1/lorc/lightning-shout.html	curl -O https://game-icons.net/icons/ffffff/000000/1x1/lorc/lightning-shout.svg
lightning-slashes	lorc	CC-BY 3.0	svg,png	https://game-icons.net/1x1/lorc/lightning-slashes.html	curl -O https://game-icons.net/icons/ffffff/000000/1x1/lorc/lightning-slashes.svg
lightning-spanner	lorc	CC-BY 3.0	svg,png	https://game-icons.net/1x1/lorc/lightning-spanner.html	curl -O https://game-icons.net/icons/ffffff/000000/1x1/lorc/lightning-spanner.svg
lightning-storm	lorc	CC-BY 3.0	svg,png	https://game-icons.net/1x1/lorc/lightning-storm.html	curl -O https://game-icons.net/icons/ffffff/000000/1x1/lorc/lightning-storm.svg
lightning-tear	lorc	CC-BY 3.0	svg,png	https://game-icons.net/1x1/lorc/lightning-tear.html	curl -O https://game-icons.net/icons/ffffff/000000/1x1/lorc/lightning-tear.svg
lightning-tree	lorc	CC-BY 3.0	svg,png	https://game-icons.net/1x1/lorc/lightning-tree.html	curl -O https://game-icons.net/icons/ffffff/000000/1x1/lorc/lightning-tree.svg
lightning-trio	lorc	CC-BY 3.0	svg,png	https://game-icons.net/1x1/lorc/lightning-trio.html	curl -O https://game-icons.net/icons/ffffff/000000/1x1/lorc/lightning-trio.svg
linden-leaf	lorc	CC-BY 3.0	svg,png	https://game-icons.net/1x1/lorc/linden-leaf.html	curl -O https://game-icons.net/icons/ffffff/000000/1x1/lorc/linden-leaf.svg
linked-rings	lorc	CC-BY 3.0	svg,png	https://game-icons.net/1x1/lorc/linked-rings.html	curl -O https://game-icons.net/icons/ffffff/000000/1x1/lorc/linked-rings.svg
lion	lorc	CC-BY 3.0	svg,png	https://game-icons.net/1x1/lorc/lion.html	curl -O https://game-icons.net/icons/ffffff/000000/1x1/lorc/lion.svg
lips	lorc	CC-BY 3.0	svg,png	https://game-icons.net/1x1/lorc/lips.html	curl -O https://game-icons.net/icons/ffffff/000000/1x1/lorc/lips.svg
lit-candelabra	lorc	CC-BY 3.0	svg,png	https://game-icons.net/1x1/lorc/lit-candelabra.html	curl -O https://game-icons.net/icons/ffffff/000000/1x1/lorc/lit-candelabra.svg
lizard-tongue	lorc	CC-BY 3.0	svg,png	https://game-icons.net/1x1/lorc/lizard-tongue.html	curl -O https://game-icons.net/icons/ffffff/000000/1x1/lorc/lizard-tongue.svg
lizardman	lorc	CC-BY 3.0	svg,png	https://game-icons.net/1x1/lorc/lizardman.html	curl -O https://game-icons.net/icons/ffffff/000000/1x1/lorc/lizardman.svg
lob-arrow	lorc	CC-BY 3.0	svg,png	https://game-icons.net/1x1/lorc/lob-arrow.html	curl -O https://game-icons.net/icons/ffffff/000000/1x1/lorc/lob-arrow.svg
locked-chest	lorc	CC-BY 3.0	svg,png	https://game-icons.net/1x1/lorc/locked-chest.html	curl -O https://game-icons.net/icons/ffffff/000000/1x1/lorc/locked-chest.svg
locked-fortress	lorc	CC-BY 3.0	svg,png	https://game-icons.net/1x1/lorc/locked-fortress.html	curl -O https://game-icons.net/icons/ffffff/000000/1x1/lorc/locked-fortress.svg
long-antennae-bug	lorc	CC-BY 3.0	svg,png	https://game-icons.net/1x1/lorc/long-antennae-bug.html	curl -O https://game-icons.net/icons/ffffff/000000/1x1/lorc/long-antennae-bug.svg
lotus-flower	lorc	CC-BY 3.0	svg,png	https://game-icons.net/1x1/lorc/lotus-flower.html	curl -O https://game-icons.net/icons/ffffff/000000/1x1/lorc/lotus-flower.svg
lotus	lorc	CC-BY 3.0	svg,png	https://game-icons.net/1x1/lorc/lotus.html	curl -O https://game-icons.net/icons/ffffff/000000/1x1/lorc/lotus.svg
love-howl	lorc	CC-BY 3.0	svg,png	https://game-icons.net/1x1/lorc/love-howl.html	curl -O https://game-icons.net/icons/ffffff/000000/1x1/lorc/love-howl.svg
love-injection	lorc	CC-BY 3.0	svg,png	https://game-icons.net/1x1/lorc/love-injection.html	curl -O https://game-icons.net/icons/ffffff/000000/1x1/lorc/love-injection.svg
love-song	lorc	CC-BY 3.0	svg,png	https://game-icons.net/1x1/lorc/love-song.html	curl -O https://game-icons.net/icons/ffffff/000000/1x1/lorc/love-song.svg
lyre	lorc	CC-BY 3.0	svg,png	https://game-icons.net/1x1/lorc/lyre.html	curl -O https://game-icons.net/icons/ffffff/000000/1x1/lorc/lyre.svg
mace-head	lorc	CC-BY 3.0	svg,png	https://game-icons.net/1x1/lorc/mace-head.html	curl -O https://game-icons.net/icons/ffffff/000000/1x1/lorc/mace-head.svg
machete	lorc	CC-BY 3.0	svg,png	https://game-icons.net/1x1/lorc/machete.html	curl -O https://game-icons.net/icons/ffffff/000000/1x1/lorc/machete.svg
mad-scientist	lorc	CC-BY 3.0	svg,png	https://game-icons.net/1x1/lorc/mad-scientist.html	curl -O https://game-icons.net/icons/ffffff/000000/1x1/lorc/mad-scientist.svg
maggot	lorc	CC-BY 3.0	svg,png	https://game-icons.net/1x1/lorc/maggot.html	curl -O https://game-icons.net/icons/ffffff/000000/1x1/lorc/maggot.svg
magic-gate	lorc	CC-BY 3.0	svg,png	https://game-icons.net/1x1/lorc/magic-gate.html	curl -O https://game-icons.net/icons/ffffff/000000/1x1/lorc/magic-gate.svg
magic-lamp	lorc	CC-BY 3.0	svg,png	https://game-icons.net/1x1/lorc/magic-lamp.html	curl -O https://game-icons.net/icons/ffffff/000000/1x1/lorc/magic-lamp.svg
magic-palm	lorc	CC-BY 3.0	svg,png	https://game-icons.net/1x1/lorc/magic-palm.html	curl -O https://game-icons.net/icons/ffffff/000000/1x1/lorc/magic-palm.svg
magic-portal	lorc	CC-BY 3.0	svg,png	https://game-icons.net/1x1/lorc/magic-portal.html	curl -O https://game-icons.net/icons/ffffff/000000/1x1/lorc/magic-portal.svg
magic-shield	lorc	CC-BY 3.0	svg,png	https://game-icons.net/1x1/lorc/magic-shield.html	curl -O https://game-icons.net/icons/ffffff/000000/1x1/lorc/magic-shield.svg
magic-swirl	lorc	CC-BY 3.0	svg,png	https://game-icons.net/1x1/lorc/magic-swirl.html	curl -O https://game-icons.net/icons/ffffff/000000/1x1/lorc/magic-swirl.svg
magnet-blast	lorc	CC-BY 3.0	svg,png	https://game-icons.net/1x1/lorc/magnet-blast.html	curl -O https://game-icons.net/icons/ffffff/000000/1x1/lorc/magnet-blast.svg
magnet	lorc	CC-BY 3.0	svg,png	https://game-icons.net/1x1/lorc/magnet.html	curl -O https://game-icons.net/icons/ffffff/000000/1x1/lorc/magnet.svg
magnifying-glass	lorc	CC-BY 3.0	svg,png	https://game-icons.net/1x1/lorc/magnifying-glass.html	curl -O https://game-icons.net/icons/ffffff/000000/1x1/lorc/magnifying-glass.svg
mail-shirt	lorc	CC-BY 3.0	svg,png	https://game-icons.net/1x1/lorc/mail-shirt.html	curl -O https://game-icons.net/icons/ffffff/000000/1x1/lorc/mail-shirt.svg
mailed-fist	lorc	CC-BY 3.0	svg,png	https://game-icons.net/1x1/lorc/mailed-fist.html	curl -O https://game-icons.net/icons/ffffff/000000/1x1/lorc/mailed-fist.svg
manacles	lorc	CC-BY 3.0	svg,png	https://game-icons.net/1x1/lorc/manacles.html	curl -O https://game-icons.net/icons/ffffff/000000/1x1/lorc/manacles.svg
mantrap	lorc	CC-BY 3.0	svg,png	https://game-icons.net/1x1/lorc/mantrap.html	curl -O https://game-icons.net/icons/ffffff/000000/1x1/lorc/mantrap.svg
maple-leaf	lorc	CC-BY 3.0	svg,png	https://game-icons.net/1x1/lorc/maple-leaf.html	curl -O https://game-icons.net/icons/ffffff/000000/1x1/lorc/maple-leaf.svg
marrow-drain	lorc	CC-BY 3.0	svg,png	https://game-icons.net/1x1/lorc/marrow-drain.html	curl -O https://game-icons.net/icons/ffffff/000000/1x1/lorc/marrow-drain.svg
martini	lorc	CC-BY 3.0	svg,png	https://game-icons.net/1x1/lorc/martini.html	curl -O https://game-icons.net/icons/ffffff/000000/1x1/lorc/martini.svg
masked-spider	lorc	CC-BY 3.0	svg,png	https://game-icons.net/1x1/lorc/masked-spider.html	curl -O https://game-icons.net/icons/ffffff/000000/1x1/lorc/masked-spider.svg
master-of-arms	lorc	CC-BY 3.0	svg,png	https://game-icons.net/1x1/lorc/master-of-arms.html	curl -O https://game-icons.net/icons/ffffff/000000/1x1/lorc/master-of-arms.svg
match-head	lorc	CC-BY 3.0	svg,png	https://game-icons.net/1x1/lorc/match-head.html	curl -O https://game-icons.net/icons/ffffff/000000/1x1/lorc/match-head.svg
match-tip	lorc	CC-BY 3.0	svg,png	https://game-icons.net/1x1/lorc/match-tip.html	curl -O https://game-icons.net/icons/ffffff/000000/1x1/lorc/match-tip.svg
materials-science	lorc	CC-BY 3.0	svg,png	https://game-icons.net/1x1/lorc/materials-science.html	curl -O https://game-icons.net/icons/ffffff/000000/1x1/lorc/materials-science.svg
maze-cornea	lorc	CC-BY 3.0	svg,png	https://game-icons.net/1x1/lorc/maze-cornea.html	curl -O https://game-icons.net/icons/ffffff/000000/1x1/lorc/maze-cornea.svg
maze-saw	lorc	CC-BY 3.0	svg,png	https://game-icons.net/1x1/lorc/maze-saw.html	curl -O https://game-icons.net/icons/ffffff/000000/1x1/lorc/maze-saw.svg
maze	lorc	CC-BY 3.0	svg,png	https://game-icons.net/1x1/lorc/maze.html	curl -O https://game-icons.net/icons/ffffff/000000/1x1/lorc/maze.svg
meat-cleaver	lorc	CC-BY 3.0	svg,png	https://game-icons.net/1x1/lorc/meat-cleaver.html	curl -O https://game-icons.net/icons/ffffff/000000/1x1/lorc/meat-cleaver.svg
meat-hook	lorc	CC-BY 3.0	svg,png	https://game-icons.net/1x1/lorc/meat-hook.html	curl -O https://game-icons.net/icons/ffffff/000000/1x1/lorc/meat-hook.svg
meat	lorc	CC-BY 3.0	svg,png	https://game-icons.net/1x1/lorc/meat.html	curl -O https://game-icons.net/icons/ffffff/000000/1x1/lorc/meat.svg
mechanical-arm	lorc	CC-BY 3.0	svg,png	https://game-icons.net/1x1/lorc/mechanical-arm.html	curl -O https://game-icons.net/icons/ffffff/000000/1x1/lorc/mechanical-arm.svg
medal-skull	lorc	CC-BY 3.0	svg,png	https://game-icons.net/1x1/lorc/medal-skull.html	curl -O https://game-icons.net/icons/ffffff/000000/1x1/lorc/medal-skull.svg
medal	lorc	CC-BY 3.0	svg,png	https://game-icons.net/1x1/lorc/medal.html	curl -O https://game-icons.net/icons/ffffff/000000/1x1/lorc/medal.svg
meditation	lorc	CC-BY 3.0	svg,png	https://game-icons.net/1x1/lorc/meditation.html	curl -O https://game-icons.net/icons/ffffff/000000/1x1/lorc/meditation.svg
megabot	lorc	CC-BY 3.0	svg,png	https://game-icons.net/1x1/lorc/megabot.html	curl -O https://game-icons.net/icons/ffffff/000000/1x1/lorc/megabot.svg
mesh-ball	lorc	CC-BY 3.0	svg,png	https://game-icons.net/1x1/lorc/mesh-ball.html	curl -O https://game-icons.net/icons/ffffff/000000/1x1/lorc/mesh-ball.svg
metal-bar	lorc	CC-BY 3.0	svg,png	https://game-icons.net/1x1/lorc/metal-bar.html	curl -O https://game-icons.net/icons/ffffff/000000/1x1/lorc/metal-bar.svg
metal-disc	lorc	CC-BY 3.0	svg,png	https://game-icons.net/1x1/lorc/metal-disc.html	curl -O https://game-icons.net/icons/ffffff/000000/1x1/lorc/metal-disc.svg
metal-hand	lorc	CC-BY 3.0	svg,png	https://game-icons.net/1x1/lorc/metal-hand.html	curl -O https://game-icons.net/icons/ffffff/000000/1x1/lorc/metal-hand.svg
metal-scales	lorc	CC-BY 3.0	svg,png	https://game-icons.net/1x1/lorc/metal-scales.html	curl -O https://game-icons.net/icons/ffffff/000000/1x1/lorc/metal-scales.svg
meteor-impact	lorc	CC-BY 3.0	svg,png	https://game-icons.net/1x1/lorc/meteor-impact.html	curl -O https://game-icons.net/icons/ffffff/000000/1x1/lorc/meteor-impact.svg
microchip	lorc	CC-BY 3.0	svg,png	https://game-icons.net/1x1/lorc/microchip.html	curl -O https://game-icons.net/icons/ffffff/000000/1x1/lorc/microchip.svg
microscope-lens	lorc	CC-BY 3.0	svg,png	https://game-icons.net/1x1/lorc/microscope-lens.html	curl -O https://game-icons.net/icons/ffffff/000000/1x1/lorc/microscope-lens.svg
middle-arrow	lorc	CC-BY 3.0	svg,png	https://game-icons.net/1x1/lorc/middle-arrow.html	curl -O https://game-icons.net/icons/ffffff/000000/1x1/lorc/middle-arrow.svg
midnight-claw	lorc	CC-BY 3.0	svg,png	https://game-icons.net/1x1/lorc/midnight-claw.html	curl -O https://game-icons.net/icons/ffffff/000000/1x1/lorc/midnight-claw.svg
mighty-spanner	lorc	CC-BY 3.0	svg,png	https://game-icons.net/1x1/lorc/mighty-spanner.html	curl -O https://game-icons.net/icons/ffffff/000000/1x1/lorc/mighty-spanner.svg
mine-explosion	lorc	CC-BY 3.0	svg,png	https://game-icons.net/1x1/lorc/mine-explosion.html	curl -O https://game-icons.net/icons/ffffff/000000/1x1/lorc/mine-explosion.svg
mineral-heart	lorc	CC-BY 3.0	svg,png	https://game-icons.net/1x1/lorc/mineral-heart.html	curl -O https://game-icons.net/icons/ffffff/000000/1x1/lorc/mineral-heart.svg
minigun	lorc	CC-BY 3.0	svg,png	https://game-icons.net/1x1/lorc/minigun.html	curl -O https://game-icons.net/icons/ffffff/000000/1x1/lorc/minigun.svg
mining	lorc	CC-BY 3.0	svg,png	https://game-icons.net/1x1/lorc/mining.html	curl -O https://game-icons.net/icons/ffffff/000000/1x1/lorc/mining.svg
minions	lorc	CC-BY 3.0	svg,png	https://game-icons.net/1x1/lorc/minions.html	curl -O https://game-icons.net/icons/ffffff/000000/1x1/lorc/minions.svg
minotaur	lorc	CC-BY 3.0	svg,png	https://game-icons.net/1x1/lorc/minotaur.html	curl -O https://game-icons.net/icons/ffffff/000000/1x1/lorc/minotaur.svg
miracle-medecine	lorc	CC-BY 3.0	svg,png	https://game-icons.net/1x1/lorc/miracle-medecine.html	curl -O https://game-icons.net/icons/ffffff/000000/1x1/lorc/miracle-medecine.svg
mirror-mirror	lorc	CC-BY 3.0	svg,png	https://game-icons.net/1x1/lorc/mirror-mirror.html	curl -O https://game-icons.net/icons/ffffff/000000/1x1/lorc/mirror-mirror.svg
missile-mech	lorc	CC-BY 3.0	svg,png	https://game-icons.net/1x1/lorc/missile-mech.html	curl -O https://game-icons.net/icons/ffffff/000000/1x1/lorc/missile-mech.svg
missile-pod	lorc	CC-BY 3.0	svg,png	https://game-icons.net/1x1/lorc/missile-pod.html	curl -O https://game-icons.net/icons/ffffff/000000/1x1/lorc/missile-pod.svg
missile-swarm	lorc	CC-BY 3.0	svg,png	https://game-icons.net/1x1/lorc/missile-swarm.html	curl -O https://game-icons.net/icons/ffffff/000000/1x1/lorc/missile-swarm.svg
mite	lorc	CC-BY 3.0	svg,png	https://game-icons.net/1x1/lorc/mite.html	curl -O https://game-icons.net/icons/ffffff/000000/1x1/lorc/mite.svg
moebius-star	lorc	CC-BY 3.0	svg,png	https://game-icons.net/1x1/lorc/moebius-star.html	curl -O https://game-icons.net/icons/ffffff/000000/1x1/lorc/moebius-star.svg
moebius-trefoil	lorc	CC-BY 3.0	svg,png	https://game-icons.net/1x1/lorc/moebius-trefoil.html	curl -O https://game-icons.net/icons/ffffff/000000/1x1/lorc/moebius-trefoil.svg
moebius-triangle	lorc	CC-BY 3.0	svg,png	https://game-icons.net/1x1/lorc/moebius-triangle.html	curl -O https://game-icons.net/icons/ffffff/000000/1x1/lorc/moebius-triangle.svg
molecule	lorc	CC-BY 3.0	svg,png	https://game-icons.net/1x1/lorc/molecule.html	curl -O https://game-icons.net/icons/ffffff/000000/1x1/lorc/molecule.svg
molotov	lorc	CC-BY 3.0	svg,png	https://game-icons.net/1x1/lorc/molotov.html	curl -O https://game-icons.net/icons/ffffff/000000/1x1/lorc/molotov.svg
monkey	lorc	CC-BY 3.0	svg,png	https://game-icons.net/1x1/lorc/monkey.html	curl -O https://game-icons.net/icons/ffffff/000000/1x1/lorc/monkey.svg
monster-grasp	lorc	CC-BY 3.0	svg,png	https://game-icons.net/1x1/lorc/monster-grasp.html	curl -O https://game-icons.net/icons/ffffff/000000/1x1/lorc/monster-grasp.svg
moon-claws	lorc	CC-BY 3.0	svg,png	https://game-icons.net/1x1/lorc/moon-claws.html	curl -O https://game-icons.net/icons/ffffff/000000/1x1/lorc/moon-claws.svg
moon	lorc	CC-BY 3.0	svg,png	https://game-icons.net/1x1/lorc/moon.html	curl -O https://game-icons.net/icons/ffffff/000000/1x1/lorc/moon.svg
morbid-humour	lorc	CC-BY 3.0	svg,png	https://game-icons.net/1x1/lorc/morbid-humour.html	curl -O https://game-icons.net/icons/ffffff/000000/1x1/lorc/morbid-humour.svg
mountains	lorc	CC-BY 3.0	svg,png	https://game-icons.net/1x1/lorc/mountains.html	curl -O https://game-icons.net/icons/ffffff/000000/1x1/lorc/mountains.svg
mountaintop	lorc	CC-BY 3.0	svg,png	https://game-icons.net/1x1/lorc/mountaintop.html	curl -O https://game-icons.net/icons/ffffff/000000/1x1/lorc/mountaintop.svg
mouse	lorc	CC-BY 3.0	svg,png	https://game-icons.net/1x1/lorc/mouse.html	curl -O https://game-icons.net/icons/ffffff/000000/1x1/lorc/mouse.svg
mouth-watering	lorc	CC-BY 3.0	svg,png	https://game-icons.net/1x1/lorc/mouth-watering.html	curl -O https://game-icons.net/icons/ffffff/000000/1x1/lorc/mouth-watering.svg
movement-sensor	lorc	CC-BY 3.0	svg,png	https://game-icons.net/1x1/lorc/movement-sensor.html	curl -O https://game-icons.net/icons/ffffff/000000/1x1/lorc/movement-sensor.svg
mucous-pillar	lorc	CC-BY 3.0	svg,png	https://game-icons.net/1x1/lorc/mucous-pillar.html	curl -O https://game-icons.net/icons/ffffff/000000/1x1/lorc/mucous-pillar.svg
muscle-fat	lorc	CC-BY 3.0	svg,png	https://game-icons.net/1x1/lorc/muscle-fat.html	curl -O https://game-icons.net/icons/ffffff/000000/1x1/lorc/muscle-fat.svg
muscle-up	lorc	CC-BY 3.0	svg,png	https://game-icons.net/1x1/lorc/muscle-up.html	curl -O https://game-icons.net/icons/ffffff/000000/1x1/lorc/muscle-up.svg
mushroom-cloud	lorc	CC-BY 3.0	svg,png	https://game-icons.net/1x1/lorc/mushroom-cloud.html	curl -O https://game-icons.net/icons/ffffff/000000/1x1/lorc/mushroom-cloud.svg
mushroom-gills	lorc	CC-BY 3.0	svg,png	https://game-icons.net/1x1/lorc/mushroom-gills.html	curl -O https://game-icons.net/icons/ffffff/000000/1x1/lorc/mushroom-gills.svg
mushroom	lorc	CC-BY 3.0	svg,png	https://game-icons.net/1x1/lorc/mushroom.html	curl -O https://game-icons.net/icons/ffffff/000000/1x1/lorc/mushroom.svg
music-spell	lorc	CC-BY 3.0	svg,png	https://game-icons.net/1x1/lorc/music-spell.html	curl -O https://game-icons.net/icons/ffffff/000000/1x1/lorc/music-spell.svg
nailed-foot	lorc	CC-BY 3.0	svg,png	https://game-icons.net/1x1/lorc/nailed-foot.html	curl -O https://game-icons.net/icons/ffffff/000000/1x1/lorc/nailed-foot.svg
nailed-head	lorc	CC-BY 3.0	svg,png	https://game-icons.net/1x1/lorc/nailed-head.html	curl -O https://game-icons.net/icons/ffffff/000000/1x1/lorc/nailed-head.svg
nails	lorc	CC-BY 3.0	svg,png	https://game-icons.net/1x1/lorc/nails.html	curl -O https://game-icons.net/icons/ffffff/000000/1x1/lorc/nails.svg
needle-drill	lorc	CC-BY 3.0	svg,png	https://game-icons.net/1x1/lorc/needle-drill.html	curl -O https://game-icons.net/icons/ffffff/000000/1x1/lorc/needle-drill.svg
needle-jaws	lorc	CC-BY 3.0	svg,png	https://game-icons.net/1x1/lorc/needle-jaws.html	curl -O https://game-icons.net/icons/ffffff/000000/1x1/lorc/needle-jaws.svg
nested-eclipses	lorc	CC-BY 3.0	svg,png	https://game-icons.net/1x1/lorc/nested-eclipses.html	curl -O https://game-icons.net/icons/ffffff/000000/1x1/lorc/nested-eclipses.svg
new-shoot	lorc	CC-BY 3.0	svg,png	https://game-icons.net/1x1/lorc/new-shoot.html	curl -O https://game-icons.net/icons/ffffff/000000/1x1/lorc/new-shoot.svg
night-sky	lorc	CC-BY 3.0	svg,png	https://game-icons.net/1x1/lorc/night-sky.html	curl -O https://game-icons.net/icons/ffffff/000000/1x1/lorc/night-sky.svg
ninja-mask	lorc	CC-BY 3.0	svg,png	https://game-icons.net/1x1/lorc/ninja-mask.html	curl -O https://game-icons.net/icons/ffffff/000000/1x1/lorc/ninja-mask.svg
noodle-ball	lorc	CC-BY 3.0	svg,png	https://game-icons.net/1x1/lorc/noodle-ball.html	curl -O https://game-icons.net/icons/ffffff/000000/1x1/lorc/noodle-ball.svg
nothing-to-say	lorc	CC-BY 3.0	svg,png	https://game-icons.net/1x1/lorc/nothing-to-say.html	curl -O https://game-icons.net/icons/ffffff/000000/1x1/lorc/nothing-to-say.svg
oak	lorc	CC-BY 3.0	svg,png	https://game-icons.net/1x1/lorc/oak.html	curl -O https://game-icons.net/icons/ffffff/000000/1x1/lorc/oak.svg
oat	lorc	CC-BY 3.0	svg,png	https://game-icons.net/1x1/lorc/oat.html	curl -O https://game-icons.net/icons/ffffff/000000/1x1/lorc/oat.svg
octogonal-eye	lorc	CC-BY 3.0	svg,png	https://game-icons.net/1x1/lorc/octogonal-eye.html	curl -O https://game-icons.net/icons/ffffff/000000/1x1/lorc/octogonal-eye.svg
octoman	lorc	CC-BY 3.0	svg,png	https://game-icons.net/1x1/lorc/octoman.html	curl -O https://game-icons.net/icons/ffffff/000000/1x1/lorc/octoman.svg
octopus	lorc	CC-BY 3.0	svg,png	https://game-icons.net/1x1/lorc/octopus.html	curl -O https://game-icons.net/icons/ffffff/000000/1x1/lorc/octopus.svg
oily-spiral	lorc	CC-BY 3.0	svg,png	https://game-icons.net/1x1/lorc/oily-spiral.html	curl -O https://game-icons.net/icons/ffffff/000000/1x1/lorc/oily-spiral.svg
omega	lorc	CC-BY 3.0	svg,png	https://game-icons.net/1x1/lorc/omega.html	curl -O https://game-icons.net/icons/ffffff/000000/1x1/lorc/omega.svg
on-target	lorc	CC-BY 3.0	svg,png	https://game-icons.net/1x1/lorc/on-target.html	curl -O https://game-icons.net/icons/ffffff/000000/1x1/lorc/on-target.svg
one-eyed	lorc	CC-BY 3.0	svg,png	https://game-icons.net/1x1/lorc/one-eyed.html	curl -O https://game-icons.net/icons/ffffff/000000/1x1/lorc/one-eyed.svg
open-book	lorc	CC-BY 3.0	svg,png	https://game-icons.net/1x1/lorc/open-book.html	curl -O https://game-icons.net/icons/ffffff/000000/1x1/lorc/open-book.svg
open-wound	lorc	CC-BY 3.0	svg,png	https://game-icons.net/1x1/lorc/open-wound.html	curl -O https://game-icons.net/icons/ffffff/000000/1x1/lorc/open-wound.svg
opening-shell	lorc	CC-BY 3.0	svg,png	https://game-icons.net/1x1/lorc/opening-shell.html	curl -O https://game-icons.net/icons/ffffff/000000/1x1/lorc/opening-shell.svg
oppression	lorc	CC-BY 3.0	svg,png	https://game-icons.net/1x1/lorc/oppression.html	curl -O https://game-icons.net/icons/ffffff/000000/1x1/lorc/oppression.svg
orb-direction	lorc	CC-BY 3.0	svg,png	https://game-icons.net/1x1/lorc/orb-direction.html	curl -O https://game-icons.net/icons/ffffff/000000/1x1/lorc/orb-direction.svg
orbital-rays	lorc	CC-BY 3.0	svg,png	https://game-icons.net/1x1/lorc/orbital-rays.html	curl -O https://game-icons.net/icons/ffffff/000000/1x1/lorc/orbital-rays.svg
orbital	lorc	CC-BY 3.0	svg,png	https://game-icons.net/1x1/lorc/orbital.html	curl -O https://game-icons.net/icons/ffffff/000000/1x1/lorc/orbital.svg
ouroboros	lorc	CC-BY 3.0	svg,png	https://game-icons.net/1x1/lorc/ouroboros.html	curl -O https://game-icons.net/icons/ffffff/000000/1x1/lorc/ouroboros.svg
over-infinity	lorc	CC-BY 3.0	svg,png	https://game-icons.net/1x1/lorc/over-infinity.html	curl -O https://game-icons.net/icons/ffffff/000000/1x1/lorc/over-infinity.svg
overdose	lorc	CC-BY 3.0	svg,png	https://game-icons.net/1x1/lorc/overdose.html	curl -O https://game-icons.net/icons/ffffff/000000/1x1/lorc/overdose.svg
overdrive	lorc	CC-BY 3.0	svg,png	https://game-icons.net/1x1/lorc/overdrive.html	curl -O https://game-icons.net/icons/ffffff/000000/1x1/lorc/overdrive.svg
owl	lorc	CC-BY 3.0	svg,png	https://game-icons.net/1x1/lorc/owl.html	curl -O https://game-icons.net/icons/ffffff/000000/1x1/lorc/owl.svg
padlock	lorc	CC-BY 3.0	svg,png	https://game-icons.net/1x1/lorc/padlock.html	curl -O https://game-icons.net/icons/ffffff/000000/1x1/lorc/padlock.svg
palm	lorc	CC-BY 3.0	svg,png	https://game-icons.net/1x1/lorc/palm.html	curl -O https://game-icons.net/icons/ffffff/000000/1x1/lorc/palm.svg
paper-arrow	lorc	CC-BY 3.0	svg,png	https://game-icons.net/1x1/lorc/paper-arrow.html	curl -O https://game-icons.net/icons/ffffff/000000/1x1/lorc/paper-arrow.svg
paper-bomb	lorc	CC-BY 3.0	svg,png	https://game-icons.net/1x1/lorc/paper-bomb.html	curl -O https://game-icons.net/icons/ffffff/000000/1x1/lorc/paper-bomb.svg
paper-lantern	lorc	CC-BY 3.0	svg,png	https://game-icons.net/1x1/lorc/paper-lantern.html	curl -O https://game-icons.net/icons/ffffff/000000/1x1/lorc/paper-lantern.svg
papers	lorc	CC-BY 3.0	svg,png	https://game-icons.net/1x1/lorc/papers.html	curl -O https://game-icons.net/icons/ffffff/000000/1x1/lorc/papers.svg
parachute	lorc	CC-BY 3.0	svg,png	https://game-icons.net/1x1/lorc/parachute.html	curl -O https://game-icons.net/icons/ffffff/000000/1x1/lorc/parachute.svg
paranoia	lorc	CC-BY 3.0	svg,png	https://game-icons.net/1x1/lorc/paranoia.html	curl -O https://game-icons.net/icons/ffffff/000000/1x1/lorc/paranoia.svg
parmecia	lorc	CC-BY 3.0	svg,png	https://game-icons.net/1x1/lorc/parmecia.html	curl -O https://game-icons.net/icons/ffffff/000000/1x1/lorc/parmecia.svg
parrot-head	lorc	CC-BY 3.0	svg,png	https://game-icons.net/1x1/lorc/parrot-head.html	curl -O https://game-icons.net/icons/ffffff/000000/1x1/lorc/parrot-head.svg
paw-front	lorc	CC-BY 3.0	svg,png	https://game-icons.net/1x1/lorc/paw-front.html	curl -O https://game-icons.net/icons/ffffff/000000/1x1/lorc/paw-front.svg
paw-heart	lorc	CC-BY 3.0	svg,png	https://game-icons.net/1x1/lorc/paw-heart.html	curl -O https://game-icons.net/icons/ffffff/000000/1x1/lorc/paw-heart.svg
paw-print	lorc	CC-BY 3.0	svg,png	https://game-icons.net/1x1/lorc/paw-print.html	curl -O https://game-icons.net/icons/ffffff/000000/1x1/lorc/paw-print.svg
paw	lorc	CC-BY 3.0	svg,png	https://game-icons.net/1x1/lorc/paw.html	curl -O https://game-icons.net/icons/ffffff/000000/1x1/lorc/paw.svg
pawn	lorc	CC-BY 3.0	svg,png	https://game-icons.net/1x1/lorc/pawn.html	curl -O https://game-icons.net/icons/ffffff/000000/1x1/lorc/pawn.svg
peaks	lorc	CC-BY 3.0	svg,png	https://game-icons.net/1x1/lorc/peaks.html	curl -O https://game-icons.net/icons/ffffff/000000/1x1/lorc/peaks.svg
pentagram-rose	lorc	CC-BY 3.0	svg,png	https://game-icons.net/1x1/lorc/pentagram-rose.html	curl -O https://game-icons.net/icons/ffffff/000000/1x1/lorc/pentagram-rose.svg
pentarrows-tornado	lorc	CC-BY 3.0	svg,png	https://game-icons.net/1x1/lorc/pentarrows-tornado.html	curl -O https://game-icons.net/icons/ffffff/000000/1x1/lorc/pentarrows-tornado.svg
perfume-bottle	lorc	CC-BY 3.0	svg,png	https://game-icons.net/1x1/lorc/perfume-bottle.html	curl -O https://game-icons.net/icons/ffffff/000000/1x1/lorc/perfume-bottle.svg
perpendicular-rings	lorc	CC-BY 3.0	svg,png	https://game-icons.net/1x1/lorc/perpendicular-rings.html	curl -O https://game-icons.net/icons/ffffff/000000/1x1/lorc/perpendicular-rings.svg
person-in-blizzard	lorc	CC-BY 3.0	svg,png	https://game-icons.net/1x1/lorc/person-in-blizzard.html	curl -O https://game-icons.net/icons/ffffff/000000/1x1/lorc/person-in-blizzard.svg
pie-slice	lorc	CC-BY 3.0	svg,png	https://game-icons.net/1x1/lorc/pie-slice.html	curl -O https://game-icons.net/icons/ffffff/000000/1x1/lorc/pie-slice.svg
piece-skull	lorc	CC-BY 3.0	svg,png	https://game-icons.net/1x1/lorc/piece-skull.html	curl -O https://game-icons.net/icons/ffffff/000000/1x1/lorc/piece-skull.svg
pierced-body	lorc	CC-BY 3.0	svg,png	https://game-icons.net/1x1/lorc/pierced-body.html	curl -O https://game-icons.net/icons/ffffff/000000/1x1/lorc/pierced-body.svg
pierced-heart	lorc	CC-BY 3.0	svg,png	https://game-icons.net/1x1/lorc/pierced-heart.html	curl -O https://game-icons.net/icons/ffffff/000000/1x1/lorc/pierced-heart.svg
piercing-sword	lorc	CC-BY 3.0	svg,png	https://game-icons.net/1x1/lorc/piercing-sword.html	curl -O https://game-icons.net/icons/ffffff/000000/1x1/lorc/piercing-sword.svg
pig-face	lorc	CC-BY 3.0	svg,png	https://game-icons.net/1x1/lorc/pig-face.html	curl -O https://game-icons.net/icons/ffffff/000000/1x1/lorc/pig-face.svg
pill-drop	lorc	CC-BY 3.0	svg,png	https://game-icons.net/1x1/lorc/pill-drop.html	curl -O https://game-icons.net/icons/ffffff/000000/1x1/lorc/pill-drop.svg
pill	lorc	CC-BY 3.0	svg,png	https://game-icons.net/1x1/lorc/pill.html	curl -O https://game-icons.net/icons/ffffff/000000/1x1/lorc/pill.svg
pincers	lorc	CC-BY 3.0	svg,png	https://game-icons.net/1x1/lorc/pincers.html	curl -O https://game-icons.net/icons/ffffff/000000/1x1/lorc/pincers.svg
pine-tree	lorc	CC-BY 3.0	svg,png	https://game-icons.net/1x1/lorc/pine-tree.html	curl -O https://game-icons.net/icons/ffffff/000000/1x1/lorc/pine-tree.svg
pirate-grave	lorc	CC-BY 3.0	svg,png	https://game-icons.net/1x1/lorc/pirate-grave.html	curl -O https://game-icons.net/icons/ffffff/000000/1x1/lorc/pirate-grave.svg
pirate-skull	lorc	CC-BY 3.0	svg,png	https://game-icons.net/1x1/lorc/pirate-skull.html	curl -O https://game-icons.net/icons/ffffff/000000/1x1/lorc/pirate-skull.svg
pizza-cutter	lorc	CC-BY 3.0	svg,png	https://game-icons.net/1x1/lorc/pizza-cutter.html	curl -O https://game-icons.net/icons/ffffff/000000/1x1/lorc/pizza-cutter.svg
plain-dagger	lorc	CC-BY 3.0	svg,png	https://game-icons.net/1x1/lorc/plain-dagger.html	curl -O https://game-icons.net/icons/ffffff/000000/1x1/lorc/plain-dagger.svg
plasma-bolt	lorc	CC-BY 3.0	svg,png	https://game-icons.net/1x1/lorc/plasma-bolt.html	curl -O https://game-icons.net/icons/ffffff/000000/1x1/lorc/plasma-bolt.svg
plastron	lorc	CC-BY 3.0	svg,png	https://game-icons.net/1x1/lorc/plastron.html	curl -O https://game-icons.net/icons/ffffff/000000/1x1/lorc/plastron.svg
plate-claw	lorc	CC-BY 3.0	svg,png	https://game-icons.net/1x1/lorc/plate-claw.html	curl -O https://game-icons.net/icons/ffffff/000000/1x1/lorc/plate-claw.svg
pocket-bow	lorc	CC-BY 3.0	svg,png	https://game-icons.net/1x1/lorc/pocket-bow.html	curl -O https://game-icons.net/icons/ffffff/000000/1x1/lorc/pocket-bow.svg
pointing	lorc	CC-BY 3.0	svg,png	https://game-icons.net/1x1/lorc/pointing.html	curl -O https://game-icons.net/icons/ffffff/000000/1x1/lorc/pointing.svg
pointy-hat	lorc	CC-BY 3.0	svg,png	https://game-icons.net/1x1/lorc/pointy-hat.html	curl -O https://game-icons.net/icons/ffffff/000000/1x1/lorc/pointy-hat.svg
pointy-sword	lorc	CC-BY 3.0	svg,png	https://game-icons.net/1x1/lorc/pointy-sword.html	curl -O https://game-icons.net/icons/ffffff/000000/1x1/lorc/pointy-sword.svg
poison-bottle	lorc	CC-BY 3.0	svg,png	https://game-icons.net/1x1/lorc/poison-bottle.html	curl -O https://game-icons.net/icons/ffffff/000000/1x1/lorc/poison-bottle.svg
poison-gas	lorc	CC-BY 3.0	svg,png	https://game-icons.net/1x1/lorc/poison-gas.html	curl -O https://game-icons.net/icons/ffffff/000000/1x1/lorc/poison-gas.svg
pokecog	lorc	CC-BY 3.0	svg,png	https://game-icons.net/1x1/lorc/pokecog.html	curl -O https://game-icons.net/icons/ffffff/000000/1x1/lorc/pokecog.svg
poker-hand	lorc	CC-BY 3.0	svg,png	https://game-icons.net/1x1/lorc/poker-hand.html	curl -O https://game-icons.net/icons/ffffff/000000/1x1/lorc/poker-hand.svg
pollen-dust	lorc	CC-BY 3.0	svg,png	https://game-icons.net/1x1/lorc/pollen-dust.html	curl -O https://game-icons.net/icons/ffffff/000000/1x1/lorc/pollen-dust.svg
portal	lorc	CC-BY 3.0	svg,png	https://game-icons.net/1x1/lorc/portal.html	curl -O https://game-icons.net/icons/ffffff/000000/1x1/lorc/portal.svg
portculis	lorc	CC-BY 3.0	svg,png	https://game-icons.net/1x1/lorc/portculis.html	curl -O https://game-icons.net/icons/ffffff/000000/1x1/lorc/portculis.svg
potion-ball	lorc	CC-BY 3.0	svg,png	https://game-icons.net/1x1/lorc/potion-ball.html	curl -O https://game-icons.net/icons/ffffff/000000/1x1/lorc/potion-ball.svg
pouring-chalice	lorc	CC-BY 3.0	svg,png	https://game-icons.net/1x1/lorc/pouring-chalice.html	curl -O https://game-icons.net/icons/ffffff/000000/1x1/lorc/pouring-chalice.svg
powder	lorc	CC-BY 3.0	svg,png	https://game-icons.net/1x1/lorc/powder.html	curl -O https://game-icons.net/icons/ffffff/000000/1x1/lorc/powder.svg
power-lightning	lorc	CC-BY 3.0	svg,png	https://game-icons.net/1x1/lorc/power-lightning.html	curl -O https://game-icons.net/icons/ffffff/000000/1x1/lorc/power-lightning.svg
prayer	lorc	CC-BY 3.0	svg,png	https://game-icons.net/1x1/lorc/prayer.html	curl -O https://game-icons.net/icons/ffffff/000000/1x1/lorc/prayer.svg
pretty-fangs	lorc	CC-BY 3.0	svg,png	https://game-icons.net/1x1/lorc/pretty-fangs.html	curl -O https://game-icons.net/icons/ffffff/000000/1x1/lorc/pretty-fangs.svg
processor	lorc	CC-BY 3.0	svg,png	https://game-icons.net/1x1/lorc/processor.html	curl -O https://game-icons.net/icons/ffffff/000000/1x1/lorc/processor.svg
profit	lorc	CC-BY 3.0	svg,png	https://game-icons.net/1x1/lorc/profit.html	curl -O https://game-icons.net/icons/ffffff/000000/1x1/lorc/profit.svg
psychic-waves	lorc	CC-BY 3.0	svg,png	https://game-icons.net/1x1/lorc/psychic-waves.html	curl -O https://game-icons.net/icons/ffffff/000000/1x1/lorc/psychic-waves.svg
pummeled	lorc	CC-BY 3.0	svg,png	https://game-icons.net/1x1/lorc/pummeled.html	curl -O https://game-icons.net/icons/ffffff/000000/1x1/lorc/pummeled.svg
pumpkin-lantern	lorc	CC-BY 3.0	svg,png	https://game-icons.net/1x1/lorc/pumpkin-lantern.html	curl -O https://game-icons.net/icons/ffffff/000000/1x1/lorc/pumpkin-lantern.svg
pumpkin-mask	lorc	CC-BY 3.0	svg,png	https://game-icons.net/1x1/lorc/pumpkin-mask.html	curl -O https://game-icons.net/icons/ffffff/000000/1x1/lorc/pumpkin-mask.svg
punch-blast	lorc	CC-BY 3.0	svg,png	https://game-icons.net/1x1/lorc/punch-blast.html	curl -O https://game-icons.net/icons/ffffff/000000/1x1/lorc/punch-blast.svg
punch	lorc	CC-BY 3.0	svg,png	https://game-icons.net/1x1/lorc/punch.html	curl -O https://game-icons.net/icons/ffffff/000000/1x1/lorc/punch.svg
puppet	lorc	CC-BY 3.0	svg,png	https://game-icons.net/1x1/lorc/puppet.html	curl -O https://game-icons.net/icons/ffffff/000000/1x1/lorc/puppet.svg
pyromaniac	lorc	CC-BY 3.0	svg,png	https://game-icons.net/1x1/lorc/pyromaniac.html	curl -O https://game-icons.net/icons/ffffff/000000/1x1/lorc/pyromaniac.svg
quake-stomp	lorc	CC-BY 3.0	svg,png	https://game-icons.net/1x1/lorc/quake-stomp.html	curl -O https://game-icons.net/icons/ffffff/000000/1x1/lorc/quake-stomp.svg
queen-crown	lorc	CC-BY 3.0	svg,png	https://game-icons.net/1x1/lorc/queen-crown.html	curl -O https://game-icons.net/icons/ffffff/000000/1x1/lorc/queen-crown.svg
quick-slash	lorc	CC-BY 3.0	svg,png	https://game-icons.net/1x1/lorc/quick-slash.html	curl -O https://game-icons.net/icons/ffffff/000000/1x1/lorc/quick-slash.svg
quicksand	lorc	CC-BY 3.0	svg,png	https://game-icons.net/1x1/lorc/quicksand.html	curl -O https://game-icons.net/icons/ffffff/000000/1x1/lorc/quicksand.svg
quill-ink	lorc	CC-BY 3.0	svg,png	https://game-icons.net/1x1/lorc/quill-ink.html	curl -O https://game-icons.net/icons/ffffff/000000/1x1/lorc/quill-ink.svg
quill	lorc	CC-BY 3.0	svg,png	https://game-icons.net/1x1/lorc/quill.html	curl -O https://game-icons.net/icons/ffffff/000000/1x1/lorc/quill.svg
radar-dish	lorc	CC-BY 3.0	svg,png	https://game-icons.net/1x1/lorc/radar-dish.html	curl -O https://game-icons.net/icons/ffffff/000000/1x1/lorc/radar-dish.svg
radar-sweep	lorc	CC-BY 3.0	svg,png	https://game-icons.net/1x1/lorc/radar-sweep.html	curl -O https://game-icons.net/icons/ffffff/000000/1x1/lorc/radar-sweep.svg
radial-balance	lorc	CC-BY 3.0	svg,png	https://game-icons.net/1x1/lorc/radial-balance.html	curl -O https://game-icons.net/icons/ffffff/000000/1x1/lorc/radial-balance.svg
radioactive	lorc	CC-BY 3.0	svg,png	https://game-icons.net/1x1/lorc/radioactive.html	curl -O https://game-icons.net/icons/ffffff/000000/1x1/lorc/radioactive.svg
ragged-wound	lorc	CC-BY 3.0	svg,png	https://game-icons.net/1x1/lorc/ragged-wound.html	curl -O https://game-icons.net/icons/ffffff/000000/1x1/lorc/ragged-wound.svg
rainbow-star	lorc	CC-BY 3.0	svg,png	https://game-icons.net/1x1/lorc/rainbow-star.html	curl -O https://game-icons.net/icons/ffffff/000000/1x1/lorc/rainbow-star.svg
raining	lorc	CC-BY 3.0	svg,png	https://game-icons.net/1x1/lorc/raining.html	curl -O https://game-icons.net/icons/ffffff/000000/1x1/lorc/raining.svg
rally-the-troops	lorc	CC-BY 3.0	svg,png	https://game-icons.net/1x1/lorc/rally-the-troops.html	curl -O https://game-icons.net/icons/ffffff/000000/1x1/lorc/rally-the-troops.svg
ram	lorc	CC-BY 3.0	svg,png	https://game-icons.net/1x1/lorc/ram.html	curl -O https://game-icons.net/icons/ffffff/000000/1x1/lorc/ram.svg
rapidshare-arrow	lorc	CC-BY 3.0	svg,png	https://game-icons.net/1x1/lorc/rapidshare-arrow.html	curl -O https://game-icons.net/icons/ffffff/000000/1x1/lorc/rapidshare-arrow.svg
raven	lorc	CC-BY 3.0	svg,png	https://game-icons.net/1x1/lorc/raven.html	curl -O https://game-icons.net/icons/ffffff/000000/1x1/lorc/raven.svg
ray-gun	lorc	CC-BY 3.0	svg,png	https://game-icons.net/1x1/lorc/ray-gun.html	curl -O https://game-icons.net/icons/ffffff/000000/1x1/lorc/ray-gun.svg
razor-blade	lorc	CC-BY 3.0	svg,png	https://game-icons.net/1x1/lorc/razor-blade.html	curl -O https://game-icons.net/icons/ffffff/000000/1x1/lorc/razor-blade.svg
reaper-scythe	lorc	CC-BY 3.0	svg,png	https://game-icons.net/1x1/lorc/reaper-scythe.html	curl -O https://game-icons.net/icons/ffffff/000000/1x1/lorc/reaper-scythe.svg
rear-aura	lorc	CC-BY 3.0	svg,png	https://game-icons.net/1x1/lorc/rear-aura.html	curl -O https://game-icons.net/icons/ffffff/000000/1x1/lorc/rear-aura.svg
recycle	lorc	CC-BY 3.0	svg,png	https://game-icons.net/1x1/lorc/recycle.html	curl -O https://game-icons.net/icons/ffffff/000000/1x1/lorc/recycle.svg
relationship-bounds	lorc	CC-BY 3.0	svg,png	https://game-icons.net/1x1/lorc/relationship-bounds.html	curl -O https://game-icons.net/icons/ffffff/000000/1x1/lorc/relationship-bounds.svg
relic-blade	lorc	CC-BY 3.0	svg,png	https://game-icons.net/1x1/lorc/relic-blade.html	curl -O https://game-icons.net/icons/ffffff/000000/1x1/lorc/relic-blade.svg
resonance	lorc	CC-BY 3.0	svg,png	https://game-icons.net/1x1/lorc/resonance.html	curl -O https://game-icons.net/icons/ffffff/000000/1x1/lorc/resonance.svg
reticule	lorc	CC-BY 3.0	svg,png	https://game-icons.net/1x1/lorc/reticule.html	curl -O https://game-icons.net/icons/ffffff/000000/1x1/lorc/reticule.svg
return-arrow	lorc	CC-BY 3.0	svg,png	https://game-icons.net/1x1/lorc/return-arrow.html	curl -O https://game-icons.net/icons/ffffff/000000/1x1/lorc/return-arrow.svg
ribbon	lorc	CC-BY 3.0	svg,png	https://game-icons.net/1x1/lorc/ribbon.html	curl -O https://game-icons.net/icons/ffffff/000000/1x1/lorc/ribbon.svg
ribcage	lorc	CC-BY 3.0	svg,png	https://game-icons.net/1x1/lorc/ribcage.html	curl -O https://game-icons.net/icons/ffffff/000000/1x1/lorc/ribcage.svg
ringed-beam	lorc	CC-BY 3.0	svg,png	https://game-icons.net/1x1/lorc/ringed-beam.html	curl -O https://game-icons.net/icons/ffffff/000000/1x1/lorc/ringed-beam.svg
ringed-planet	lorc	CC-BY 3.0	svg,png	https://game-icons.net/1x1/lorc/ringed-planet.html	curl -O https://game-icons.net/icons/ffffff/000000/1x1/lorc/ringed-planet.svg
ringing-bell	lorc	CC-BY 3.0	svg,png	https://game-icons.net/1x1/lorc/ringing-bell.html	curl -O https://game-icons.net/icons/ffffff/000000/1x1/lorc/ringing-bell.svg
riot-shield	lorc	CC-BY 3.0	svg,png	https://game-icons.net/1x1/lorc/riot-shield.html	curl -O https://game-icons.net/icons/ffffff/000000/1x1/lorc/riot-shield.svg
roast-chicken	lorc	CC-BY 3.0	svg,png	https://game-icons.net/1x1/lorc/roast-chicken.html	curl -O https://game-icons.net/icons/ffffff/000000/1x1/lorc/roast-chicken.svg
robe	lorc	CC-BY 3.0	svg,png	https://game-icons.net/1x1/lorc/robe.html	curl -O https://game-icons.net/icons/ffffff/000000/1x1/lorc/robe.svg
robot-golem	lorc	CC-BY 3.0	svg,png	https://game-icons.net/1x1/lorc/robot-golem.html	curl -O https://game-icons.net/icons/ffffff/000000/1x1/lorc/robot-golem.svg
rock	lorc	CC-BY 3.0	svg,png	https://game-icons.net/1x1/lorc/rock.html	curl -O https://game-icons.net/icons/ffffff/000000/1x1/lorc/rock.svg
rocket-flight	lorc	CC-BY 3.0	svg,png	https://game-icons.net/1x1/lorc/rocket-flight.html	curl -O https://game-icons.net/icons/ffffff/000000/1x1/lorc/rocket-flight.svg
rocket	lorc	CC-BY 3.0	svg,png	https://game-icons.net/1x1/lorc/rocket.html	curl -O https://game-icons.net/icons/ffffff/000000/1x1/lorc/rocket.svg
rogue	lorc	CC-BY 3.0	svg,png	https://game-icons.net/1x1/lorc/rogue.html	curl -O https://game-icons.net/icons/ffffff/000000/1x1/lorc/rogue.svg
rolling-bomb	lorc	CC-BY 3.0	svg,png	https://game-icons.net/1x1/lorc/rolling-bomb.html	curl -O https://game-icons.net/icons/ffffff/000000/1x1/lorc/rolling-bomb.svg
rolling-energy	lorc	CC-BY 3.0	svg,png	https://game-icons.net/1x1/lorc/rolling-energy.html	curl -O https://game-icons.net/icons/ffffff/000000/1x1/lorc/rolling-energy.svg
root-tip	lorc	CC-BY 3.0	svg,png	https://game-icons.net/1x1/lorc/root-tip.html	curl -O https://game-icons.net/icons/ffffff/000000/1x1/lorc/root-tip.svg
rosa-shield	lorc	CC-BY 3.0	svg,png	https://game-icons.net/1x1/lorc/rosa-shield.html	curl -O https://game-icons.net/icons/ffffff/000000/1x1/lorc/rosa-shield.svg
rose	lorc	CC-BY 3.0	svg,png	https://game-icons.net/1x1/lorc/rose.html	curl -O https://game-icons.net/icons/ffffff/000000/1x1/lorc/rose.svg
rough-wound	lorc	CC-BY 3.0	svg,png	https://game-icons.net/1x1/lorc/rough-wound.html	curl -O https://game-icons.net/icons/ffffff/000000/1x1/lorc/rough-wound.svg
round-bottom-flask	lorc	CC-BY 3.0	svg,png	https://game-icons.net/1x1/lorc/round-bottom-flask.html	curl -O https://game-icons.net/icons/ffffff/000000/1x1/lorc/round-bottom-flask.svg
round-struck	lorc	CC-BY 3.0	svg,png	https://game-icons.net/1x1/lorc/round-struck.html	curl -O https://game-icons.net/icons/ffffff/000000/1x1/lorc/round-struck.svg
royal-love	lorc	CC-BY 3.0	svg,png	https://game-icons.net/1x1/lorc/royal-love.html	curl -O https://game-icons.net/icons/ffffff/000000/1x1/lorc/royal-love.svg
rss	lorc	CC-BY 3.0	svg,png	https://game-icons.net/1x1/lorc/rss.html	curl -O https://game-icons.net/icons/ffffff/000000/1x1/lorc/rss.svg
run	lorc	CC-BY 3.0	svg,png	https://game-icons.net/1x1/lorc/run.html	curl -O https://game-icons.net/icons/ffffff/000000/1x1/lorc/run.svg
rune-stone	lorc	CC-BY 3.0	svg,png	https://game-icons.net/1x1/lorc/rune-stone.html	curl -O https://game-icons.net/icons/ffffff/000000/1x1/lorc/rune-stone.svg
rune-sword	lorc	CC-BY 3.0	svg,png	https://game-icons.net/1x1/lorc/rune-sword.html	curl -O https://game-icons.net/icons/ffffff/000000/1x1/lorc/rune-sword.svg
saber-slash	lorc	CC-BY 3.0	svg,png	https://game-icons.net/1x1/lorc/saber-slash.html	curl -O https://game-icons.net/icons/ffffff/000000/1x1/lorc/saber-slash.svg
saber-tooth	lorc	CC-BY 3.0	svg,png	https://game-icons.net/1x1/lorc/saber-tooth.html	curl -O https://game-icons.net/icons/ffffff/000000/1x1/lorc/saber-tooth.svg
sabers-choc	lorc	CC-BY 3.0	svg,png	https://game-icons.net/1x1/lorc/sabers-choc.html	curl -O https://game-icons.net/icons/ffffff/000000/1x1/lorc/sabers-choc.svg
sacrificial-dagger	lorc	CC-BY 3.0	svg,png	https://game-icons.net/1x1/lorc/sacrificial-dagger.html	curl -O https://game-icons.net/icons/ffffff/000000/1x1/lorc/sacrificial-dagger.svg
sad-crab	lorc	CC-BY 3.0	svg,png	https://game-icons.net/1x1/lorc/sad-crab.html	curl -O https://game-icons.net/icons/ffffff/000000/1x1/lorc/sad-crab.svg
salamander	lorc	CC-BY 3.0	svg,png	https://game-icons.net/1x1/lorc/salamander.html	curl -O https://game-icons.net/icons/ffffff/000000/1x1/lorc/salamander.svg
salt-shaker	lorc	CC-BY 3.0	svg,png	https://game-icons.net/1x1/lorc/salt-shaker.html	curl -O https://game-icons.net/icons/ffffff/000000/1x1/lorc/salt-shaker.svg
sands-of-time	lorc	CC-BY 3.0	svg,png	https://game-icons.net/1x1/lorc/sands-of-time.html	curl -O https://game-icons.net/icons/ffffff/000000/1x1/lorc/sands-of-time.svg
saphir	lorc	CC-BY 3.0	svg,png	https://game-icons.net/1x1/lorc/saphir.html	curl -O https://game-icons.net/icons/ffffff/000000/1x1/lorc/saphir.svg
satellite	lorc	CC-BY 3.0	svg,png	https://game-icons.net/1x1/lorc/satellite.html	curl -O https://game-icons.net/icons/ffffff/000000/1x1/lorc/satellite.svg
saw-claw	lorc	CC-BY 3.0	svg,png	https://game-icons.net/1x1/lorc/saw-claw.html	curl -O https://game-icons.net/icons/ffffff/000000/1x1/lorc/saw-claw.svg
scale-mail	lorc	CC-BY 3.0	svg,png	https://game-icons.net/1x1/lorc/scale-mail.html	curl -O https://game-icons.net/icons/ffffff/000000/1x1/lorc/scale-mail.svg
scales	lorc	CC-BY 3.0	svg,png	https://game-icons.net/1x1/lorc/scales.html	curl -O https://game-icons.net/icons/ffffff/000000/1x1/lorc/scales.svg
scallop	lorc	CC-BY 3.0	svg,png	https://game-icons.net/1x1/lorc/scallop.html	curl -O https://game-icons.net/icons/ffffff/000000/1x1/lorc/scallop.svg
scalpel-strike	lorc	CC-BY 3.0	svg,png	https://game-icons.net/1x1/lorc/scalpel-strike.html	curl -O https://game-icons.net/icons/ffffff/000000/1x1/lorc/scalpel-strike.svg
scalpel	lorc	CC-BY 3.0	svg,png	https://game-icons.net/1x1/lorc/scalpel.html	curl -O https://game-icons.net/icons/ffffff/000000/1x1/lorc/scalpel.svg
scar-wound	lorc	CC-BY 3.0	svg,png	https://game-icons.net/1x1/lorc/scar-wound.html	curl -O https://game-icons.net/icons/ffffff/000000/1x1/lorc/scar-wound.svg
scarab-beetle	lorc	CC-BY 3.0	svg,png	https://game-icons.net/1x1/lorc/scarab-beetle.html	curl -O https://game-icons.net/icons/ffffff/000000/1x1/lorc/scarab-beetle.svg
scarecrow	lorc	CC-BY 3.0	svg,png	https://game-icons.net/1x1/lorc/scarecrow.html	curl -O https://game-icons.net/icons/ffffff/000000/1x1/lorc/scarecrow.svg
scissors	lorc	CC-BY 3.0	svg,png	https://game-icons.net/1x1/lorc/scissors.html	curl -O https://game-icons.net/icons/ffffff/000000/1x1/lorc/scissors.svg
scorpion-tail	lorc	CC-BY 3.0	svg,png	https://game-icons.net/1x1/lorc/scorpion-tail.html	curl -O https://game-icons.net/icons/ffffff/000000/1x1/lorc/scorpion-tail.svg
scorpion	lorc	CC-BY 3.0	svg,png	https://game-icons.net/1x1/lorc/scorpion.html	curl -O https://game-icons.net/icons/ffffff/000000/1x1/lorc/scorpion.svg
screaming	lorc	CC-BY 3.0	svg,png	https://game-icons.net/1x1/lorc/screaming.html	curl -O https://game-icons.net/icons/ffffff/000000/1x1/lorc/screaming.svg
screen-impact	lorc	CC-BY 3.0	svg,png	https://game-icons.net/1x1/lorc/screen-impact.html	curl -O https://game-icons.net/icons/ffffff/000000/1x1/lorc/screen-impact.svg
screw	lorc	CC-BY 3.0	svg,png	https://game-icons.net/1x1/lorc/screw.html	curl -O https://game-icons.net/icons/ffffff/000000/1x1/lorc/screw.svg
screwdriver	lorc	CC-BY 3.0	svg,png	https://game-icons.net/1x1/lorc/screwdriver.html	curl -O https://game-icons.net/icons/ffffff/000000/1x1/lorc/screwdriver.svg
scroll-unfurled	lorc	CC-BY 3.0	svg,png	https://game-icons.net/1x1/lorc/scroll-unfurled.html	curl -O https://game-icons.net/icons/ffffff/000000/1x1/lorc/scroll-unfurled.svg
scythe	lorc	CC-BY 3.0	svg,png	https://game-icons.net/1x1/lorc/scythe.html	curl -O https://game-icons.net/icons/ffffff/000000/1x1/lorc/scythe.svg
sea-dragon	lorc	CC-BY 3.0	svg,png	https://game-icons.net/1x1/lorc/sea-dragon.html	curl -O https://game-icons.net/icons/ffffff/000000/1x1/lorc/sea-dragon.svg
sea-serpent	lorc	CC-BY 3.0	svg,png	https://game-icons.net/1x1/lorc/sea-serpent.html	curl -O https://game-icons.net/icons/ffffff/000000/1x1/lorc/sea-serpent.svg
seated-mouse	lorc	CC-BY 3.0	svg,png	https://game-icons.net/1x1/lorc/seated-mouse.html	curl -O https://game-icons.net/icons/ffffff/000000/1x1/lorc/seated-mouse.svg
self-love	lorc	CC-BY 3.0	svg,png	https://game-icons.net/1x1/lorc/self-love.html	curl -O https://game-icons.net/icons/ffffff/000000/1x1/lorc/self-love.svg
semi-closed-eye	lorc	CC-BY 3.0	svg,png	https://game-icons.net/1x1/lorc/semi-closed-eye.html	curl -O https://game-icons.net/icons/ffffff/000000/1x1/lorc/semi-closed-eye.svg
sensuousness	lorc	CC-BY 3.0	svg,png	https://game-icons.net/1x1/lorc/sensuousness.html	curl -O https://game-icons.net/icons/ffffff/000000/1x1/lorc/sensuousness.svg
sentry-gun	lorc	CC-BY 3.0	svg,png	https://game-icons.net/1x1/lorc/sentry-gun.html	curl -O https://game-icons.net/icons/ffffff/000000/1x1/lorc/sentry-gun.svg
serrated-slash	lorc	CC-BY 3.0	svg,png	https://game-icons.net/1x1/lorc/serrated-slash.html	curl -O https://game-icons.net/icons/ffffff/000000/1x1/lorc/serrated-slash.svg
sewed-shell	lorc	CC-BY 3.0	svg,png	https://game-icons.net/1x1/lorc/sewed-shell.html	curl -O https://game-icons.net/icons/ffffff/000000/1x1/lorc/sewed-shell.svg
sewing-needle	lorc	CC-BY 3.0	svg,png	https://game-icons.net/1x1/lorc/sewing-needle.html	curl -O https://game-icons.net/icons/ffffff/000000/1x1/lorc/sewing-needle.svg
shadow-follower	lorc	CC-BY 3.0	svg,png	https://game-icons.net/1x1/lorc/shadow-follower.html	curl -O https://game-icons.net/icons/ffffff/000000/1x1/lorc/shadow-follower.svg
shadow-grasp	lorc	CC-BY 3.0	svg,png	https://game-icons.net/1x1/lorc/shadow-grasp.html	curl -O https://game-icons.net/icons/ffffff/000000/1x1/lorc/shadow-grasp.svg
shard-sword	lorc	CC-BY 3.0	svg,png	https://game-icons.net/1x1/lorc/shard-sword.html	curl -O https://game-icons.net/icons/ffffff/000000/1x1/lorc/shard-sword.svg
shark-jaws	lorc	CC-BY 3.0	svg,png	https://game-icons.net/1x1/lorc/shark-jaws.html	curl -O https://game-icons.net/icons/ffffff/000000/1x1/lorc/shark-jaws.svg
sharp-crown	lorc	CC-BY 3.0	svg,png	https://game-icons.net/1x1/lorc/sharp-crown.html	curl -O https://game-icons.net/icons/ffffff/000000/1x1/lorc/sharp-crown.svg
sharp-lips	lorc	CC-BY 3.0	svg,png	https://game-icons.net/1x1/lorc/sharp-lips.html	curl -O https://game-icons.net/icons/ffffff/000000/1x1/lorc/sharp-lips.svg
sharp-smile	lorc	CC-BY 3.0	svg,png	https://game-icons.net/1x1/lorc/sharp-smile.html	curl -O https://game-icons.net/icons/ffffff/000000/1x1/lorc/sharp-smile.svg
sharped-teeth-skull	lorc	CC-BY 3.0	svg,png	https://game-icons.net/1x1/lorc/sharped-teeth-skull.html	curl -O https://game-icons.net/icons/ffffff/000000/1x1/lorc/sharped-teeth-skull.svg
shatter	lorc	CC-BY 3.0	svg,png	https://game-icons.net/1x1/lorc/shatter.html	curl -O https://game-icons.net/icons/ffffff/000000/1x1/lorc/shatter.svg
shattered-glass	lorc	CC-BY 3.0	svg,png	https://game-icons.net/1x1/lorc/shattered-glass.html	curl -O https://game-icons.net/icons/ffffff/000000/1x1/lorc/shattered-glass.svg
shattered-sword	lorc	CC-BY 3.0	svg,png	https://game-icons.net/1x1/lorc/shattered-sword.html	curl -O https://game-icons.net/icons/ffffff/000000/1x1/lorc/shattered-sword.svg
sheikah-eye	lorc	CC-BY 3.0	svg,png	https://game-icons.net/1x1/lorc/sheikah-eye.html	curl -O https://game-icons.net/icons/ffffff/000000/1x1/lorc/sheikah-eye.svg
shield-bounces	lorc	CC-BY 3.0	svg,png	https://game-icons.net/1x1/lorc/shield-bounces.html	curl -O https://game-icons.net/icons/ffffff/000000/1x1/lorc/shield-bounces.svg
shield-echoes	lorc	CC-BY 3.0	svg,png	https://game-icons.net/1x1/lorc/shield-echoes.html	curl -O https://game-icons.net/icons/ffffff/000000/1x1/lorc/shield-echoes.svg
shield-reflect	lorc	CC-BY 3.0	svg,png	https://game-icons.net/1x1/lorc/shield-reflect.html	curl -O https://game-icons.net/icons/ffffff/000000/1x1/lorc/shield-reflect.svg
shieldcomb	lorc	CC-BY 3.0	svg,png	https://game-icons.net/1x1/lorc/shieldcomb.html	curl -O https://game-icons.net/icons/ffffff/000000/1x1/lorc/shieldcomb.svg
shining-claw	lorc	CC-BY 3.0	svg,png	https://game-icons.net/1x1/lorc/shining-claw.html	curl -O https://game-icons.net/icons/ffffff/000000/1x1/lorc/shining-claw.svg
shining-heart	lorc	CC-BY 3.0	svg,png	https://game-icons.net/1x1/lorc/shining-heart.html	curl -O https://game-icons.net/icons/ffffff/000000/1x1/lorc/shining-heart.svg
shining-sword	lorc	CC-BY 3.0	svg,png	https://game-icons.net/1x1/lorc/shining-sword.html	curl -O https://game-icons.net/icons/ffffff/000000/1x1/lorc/shining-sword.svg
shiny-apple	lorc	CC-BY 3.0	svg,png	https://game-icons.net/1x1/lorc/shiny-apple.html	curl -O https://game-icons.net/icons/ffffff/000000/1x1/lorc/shiny-apple.svg
shiny-entrance	lorc	CC-BY 3.0	svg,png	https://game-icons.net/1x1/lorc/shiny-entrance.html	curl -O https://game-icons.net/icons/ffffff/000000/1x1/lorc/shiny-entrance.svg
shiny-iris	lorc	CC-BY 3.0	svg,png	https://game-icons.net/1x1/lorc/shiny-iris.html	curl -O https://game-icons.net/icons/ffffff/000000/1x1/lorc/shiny-iris.svg
shiny-omega	lorc	CC-BY 3.0	svg,png	https://game-icons.net/1x1/lorc/shiny-omega.html	curl -O https://game-icons.net/icons/ffffff/000000/1x1/lorc/shiny-omega.svg
shiny-purse	lorc	CC-BY 3.0	svg,png	https://game-icons.net/1x1/lorc/shiny-purse.html	curl -O https://game-icons.net/icons/ffffff/000000/1x1/lorc/shiny-purse.svg
shoulder-scales	lorc	CC-BY 3.0	svg,png	https://game-icons.net/1x1/lorc/shoulder-scales.html	curl -O https://game-icons.net/icons/ffffff/000000/1x1/lorc/shoulder-scales.svg
shouting	lorc	CC-BY 3.0	svg,png	https://game-icons.net/1x1/lorc/shouting.html	curl -O https://game-icons.net/icons/ffffff/000000/1x1/lorc/shouting.svg
shuriken-aperture	lorc	CC-BY 3.0	svg,png	https://game-icons.net/1x1/lorc/shuriken-aperture.html	curl -O https://game-icons.net/icons/ffffff/000000/1x1/lorc/shuriken-aperture.svg
shuriken	lorc	CC-BY 3.0	svg,png	https://game-icons.net/1x1/lorc/shuriken.html	curl -O https://game-icons.net/icons/ffffff/000000/1x1/lorc/shuriken.svg
shut-rose	lorc	CC-BY 3.0	svg,png	https://game-icons.net/1x1/lorc/shut-rose.html	curl -O https://game-icons.net/icons/ffffff/000000/1x1/lorc/shut-rose.svg
silence	lorc	CC-BY 3.0	svg,png	https://game-icons.net/1x1/lorc/silence.html	curl -O https://game-icons.net/icons/ffffff/000000/1x1/lorc/silence.svg
sing	lorc	CC-BY 3.0	svg,png	https://game-icons.net/1x1/lorc/sing.html	curl -O https://game-icons.net/icons/ffffff/000000/1x1/lorc/sing.svg
sinking-trap	lorc	CC-BY 3.0	svg,png	https://game-icons.net/1x1/lorc/sinking-trap.html	curl -O https://game-icons.net/icons/ffffff/000000/1x1/lorc/sinking-trap.svg
sinusoidal-beam	lorc	CC-BY 3.0	svg,png	https://game-icons.net/1x1/lorc/sinusoidal-beam.html	curl -O https://game-icons.net/icons/ffffff/000000/1x1/lorc/sinusoidal-beam.svg
six-eyes	lorc	CC-BY 3.0	svg,png	https://game-icons.net/1x1/lorc/six-eyes.html	curl -O https://game-icons.net/icons/ffffff/000000/1x1/lorc/six-eyes.svg
skeleton-inside	lorc	CC-BY 3.0	svg,png	https://game-icons.net/1x1/lorc/skeleton-inside.html	curl -O https://game-icons.net/icons/ffffff/000000/1x1/lorc/skeleton-inside.svg
skeleton-key	lorc	CC-BY 3.0	svg,png	https://game-icons.net/1x1/lorc/skeleton-key.html	curl -O https://game-icons.net/icons/ffffff/000000/1x1/lorc/skeleton-key.svg
skid-mark	lorc	CC-BY 3.0	svg,png	https://game-icons.net/1x1/lorc/skid-mark.html	curl -O https://game-icons.net/icons/ffffff/000000/1x1/lorc/skid-mark.svg
skull-bolt	lorc	CC-BY 3.0	svg,png	https://game-icons.net/1x1/lorc/skull-bolt.html	curl -O https://game-icons.net/icons/ffffff/000000/1x1/lorc/skull-bolt.svg
skull-crack	lorc	CC-BY 3.0	svg,png	https://game-icons.net/1x1/lorc/skull-crack.html	curl -O https://game-icons.net/icons/ffffff/000000/1x1/lorc/skull-crack.svg
skull-crossed-bones	lorc	CC-BY 3.0	svg,png	https://game-icons.net/1x1/lorc/skull-crossed-bones.html	curl -O https://game-icons.net/icons/ffffff/000000/1x1/lorc/skull-crossed-bones.svg
skull-in-jar	lorc	CC-BY 3.0	svg,png	https://game-icons.net/1x1/lorc/skull-in-jar.html	curl -O https://game-icons.net/icons/ffffff/000000/1x1/lorc/skull-in-jar.svg
skull-mask	lorc	CC-BY 3.0	svg,png	https://game-icons.net/1x1/lorc/skull-mask.html	curl -O https://game-icons.net/icons/ffffff/000000/1x1/lorc/skull-mask.svg
skull-ring	lorc	CC-BY 3.0	svg,png	https://game-icons.net/1x1/lorc/skull-ring.html	curl -O https://game-icons.net/icons/ffffff/000000/1x1/lorc/skull-ring.svg
skull-shield	lorc	CC-BY 3.0	svg,png	https://game-icons.net/1x1/lorc/skull-shield.html	curl -O https://game-icons.net/icons/ffffff/000000/1x1/lorc/skull-shield.svg
skull-signet	lorc	CC-BY 3.0	svg,png	https://game-icons.net/1x1/lorc/skull-signet.html	curl -O https://game-icons.net/icons/ffffff/000000/1x1/lorc/skull-signet.svg
skull-slices	lorc	CC-BY 3.0	svg,png	https://game-icons.net/1x1/lorc/skull-slices.html	curl -O https://game-icons.net/icons/ffffff/000000/1x1/lorc/skull-slices.svg
slap	lorc	CC-BY 3.0	svg,png	https://game-icons.net/1x1/lorc/slap.html	curl -O https://game-icons.net/icons/ffffff/000000/1x1/lorc/slap.svg
slashed-shield	lorc	CC-BY 3.0	svg,png	https://game-icons.net/1x1/lorc/slashed-shield.html	curl -O https://game-icons.net/icons/ffffff/000000/1x1/lorc/slashed-shield.svg
slavery-whip	lorc	CC-BY 3.0	svg,png	https://game-icons.net/1x1/lorc/slavery-whip.html	curl -O https://game-icons.net/icons/ffffff/000000/1x1/lorc/slavery-whip.svg
sleepy	lorc	CC-BY 3.0	svg,png	https://game-icons.net/1x1/lorc/sleepy.html	curl -O https://game-icons.net/icons/ffffff/000000/1x1/lorc/sleepy.svg
sliced-bread	lorc	CC-BY 3.0	svg,png	https://game-icons.net/1x1/lorc/sliced-bread.html	curl -O https://game-icons.net/icons/ffffff/000000/1x1/lorc/sliced-bread.svg
slicing-arrow	lorc	CC-BY 3.0	svg,png	https://game-icons.net/1x1/lorc/slicing-arrow.html	curl -O https://game-icons.net/icons/ffffff/000000/1x1/lorc/slicing-arrow.svg
sly	lorc	CC-BY 3.0	svg,png	https://game-icons.net/1x1/lorc/sly.html	curl -O https://game-icons.net/icons/ffffff/000000/1x1/lorc/sly.svg
small-fire	lorc	CC-BY 3.0	svg,png	https://game-icons.net/1x1/lorc/small-fire.html	curl -O https://game-icons.net/icons/ffffff/000000/1x1/lorc/small-fire.svg
smash-arrows	lorc	CC-BY 3.0	svg,png	https://game-icons.net/1x1/lorc/smash-arrows.html	curl -O https://game-icons.net/icons/ffffff/000000/1x1/lorc/smash-arrows.svg
smitten	lorc	CC-BY 3.0	svg,png	https://game-icons.net/1x1/lorc/smitten.html	curl -O https://game-icons.net/icons/ffffff/000000/1x1/lorc/smitten.svg
smoking-finger	lorc	CC-BY 3.0	svg,png	https://game-icons.net/1x1/lorc/smoking-finger.html	curl -O https://game-icons.net/icons/ffffff/000000/1x1/lorc/smoking-finger.svg
smoking-orb	lorc	CC-BY 3.0	svg,png	https://game-icons.net/1x1/lorc/smoking-orb.html	curl -O https://game-icons.net/icons/ffffff/000000/1x1/lorc/smoking-orb.svg
snail	lorc	CC-BY 3.0	svg,png	https://game-icons.net/1x1/lorc/snail.html	curl -O https://game-icons.net/icons/ffffff/000000/1x1/lorc/snail.svg
snake-bite	lorc	CC-BY 3.0	svg,png	https://game-icons.net/1x1/lorc/snake-bite.html	curl -O https://game-icons.net/icons/ffffff/000000/1x1/lorc/snake-bite.svg
snake-totem	lorc	CC-BY 3.0	svg,png	https://game-icons.net/1x1/lorc/snake-totem.html	curl -O https://game-icons.net/icons/ffffff/000000/1x1/lorc/snake-totem.svg
snake	lorc	CC-BY 3.0	svg,png	https://game-icons.net/1x1/lorc/snake.html	curl -O https://game-icons.net/icons/ffffff/000000/1x1/lorc/snake.svg
snatch	lorc	CC-BY 3.0	svg,png	https://game-icons.net/1x1/lorc/snatch.html	curl -O https://game-icons.net/icons/ffffff/000000/1x1/lorc/snatch.svg
snout	lorc	CC-BY 3.0	svg,png	https://game-icons.net/1x1/lorc/snout.html	curl -O https://game-icons.net/icons/ffffff/000000/1x1/lorc/snout.svg
snow-bottle	lorc	CC-BY 3.0	svg,png	https://game-icons.net/1x1/lorc/snow-bottle.html	curl -O https://game-icons.net/icons/ffffff/000000/1x1/lorc/snow-bottle.svg
snowflake-1	lorc	CC-BY 3.0	svg,png	https://game-icons.net/1x1/lorc/snowflake-1.html	curl -O https://game-icons.net/icons/ffffff/000000/1x1/lorc/snowflake-1.svg
snowflake-2	lorc	CC-BY 3.0	svg,png	https://game-icons.net/1x1/lorc/snowflake-2.html	curl -O https://game-icons.net/icons/ffffff/000000/1x1/lorc/snowflake-2.svg
snowing	lorc	CC-BY 3.0	svg,png	https://game-icons.net/1x1/lorc/snowing.html	curl -O https://game-icons.net/icons/ffffff/000000/1x1/lorc/snowing.svg
snowman	lorc	CC-BY 3.0	svg,png	https://game-icons.net/1x1/lorc/snowman.html	curl -O https://game-icons.net/icons/ffffff/000000/1x1/lorc/snowman.svg
soap-experiment	lorc	CC-BY 3.0	svg,png	https://game-icons.net/1x1/lorc/soap-experiment.html	curl -O https://game-icons.net/icons/ffffff/000000/1x1/lorc/soap-experiment.svg
sonic-boom	lorc	CC-BY 3.0	svg,png	https://game-icons.net/1x1/lorc/sonic-boom.html	curl -O https://game-icons.net/icons/ffffff/000000/1x1/lorc/sonic-boom.svg
sonic-lightning	lorc	CC-BY 3.0	svg,png	https://game-icons.net/1x1/lorc/sonic-lightning.html	curl -O https://game-icons.net/icons/ffffff/000000/1x1/lorc/sonic-lightning.svg
sonic-screech	lorc	CC-BY 3.0	svg,png	https://game-icons.net/1x1/lorc/sonic-screech.html	curl -O https://game-icons.net/icons/ffffff/000000/1x1/lorc/sonic-screech.svg
sonic-shout	lorc	CC-BY 3.0	svg,png	https://game-icons.net/1x1/lorc/sonic-shout.html	curl -O https://game-icons.net/icons/ffffff/000000/1x1/lorc/sonic-shout.svg
space-suit	lorc	CC-BY 3.0	svg,png	https://game-icons.net/1x1/lorc/space-suit.html	curl -O https://game-icons.net/icons/ffffff/000000/1x1/lorc/space-suit.svg
spade-skull	lorc	CC-BY 3.0	svg,png	https://game-icons.net/1x1/lorc/spade-skull.html	curl -O https://game-icons.net/icons/ffffff/000000/1x1/lorc/spade-skull.svg
spade	lorc	CC-BY 3.0	svg,png	https://game-icons.net/1x1/lorc/spade.html	curl -O https://game-icons.net/icons/ffffff/000000/1x1/lorc/spade.svg
spanner	lorc	CC-BY 3.0	svg,png	https://game-icons.net/1x1/lorc/spanner.html	curl -O https://game-icons.net/icons/ffffff/000000/1x1/lorc/spanner.svg
spark-spirit	lorc	CC-BY 3.0	svg,png	https://game-icons.net/1x1/lorc/spark-spirit.html	curl -O https://game-icons.net/icons/ffffff/000000/1x1/lorc/spark-spirit.svg
sparkling-sabre	lorc	CC-BY 3.0	svg,png	https://game-icons.net/1x1/lorc/sparkling-sabre.html	curl -O https://game-icons.net/icons/ffffff/000000/1x1/lorc/sparkling-sabre.svg
sparky-bomb	lorc	CC-BY 3.0	svg,png	https://game-icons.net/1x1/lorc/sparky-bomb.html	curl -O https://game-icons.net/icons/ffffff/000000/1x1/lorc/sparky-bomb.svg
sparrow	lorc	CC-BY 3.0	svg,png	https://game-icons.net/1x1/lorc/sparrow.html	curl -O https://game-icons.net/icons/ffffff/000000/1x1/lorc/sparrow.svg
spartan	lorc	CC-BY 3.0	svg,png	https://game-icons.net/1x1/lorc/spartan.html	curl -O https://game-icons.net/icons/ffffff/000000/1x1/lorc/spartan.svg
spatter	lorc	CC-BY 3.0	svg,png	https://game-icons.net/1x1/lorc/spatter.html	curl -O https://game-icons.net/icons/ffffff/000000/1x1/lorc/spatter.svg
spear-hook	lorc	CC-BY 3.0	svg,png	https://game-icons.net/1x1/lorc/spear-hook.html	curl -O https://game-icons.net/icons/ffffff/000000/1x1/lorc/spear-hook.svg
spears	lorc	CC-BY 3.0	svg,png	https://game-icons.net/1x1/lorc/spears.html	curl -O https://game-icons.net/icons/ffffff/000000/1x1/lorc/spears.svg
spectacle-lenses	lorc	CC-BY 3.0	svg,png	https://game-icons.net/1x1/lorc/spectacle-lenses.html	curl -O https://game-icons.net/icons/ffffff/000000/1x1/lorc/spectacle-lenses.svg
spectacles	lorc	CC-BY 3.0	svg,png	https://game-icons.net/1x1/lorc/spectacles.html	curl -O https://game-icons.net/icons/ffffff/000000/1x1/lorc/spectacles.svg
spectre	lorc	CC-BY 3.0	svg,png	https://game-icons.net/1x1/lorc/spectre.html	curl -O https://game-icons.net/icons/ffffff/000000/1x1/lorc/spectre.svg
spider-web	lorc	CC-BY 3.0	svg,png	https://game-icons.net/1x1/lorc/spider-web.html	curl -O https://game-icons.net/icons/ffffff/000000/1x1/lorc/spider-web.svg
spiked-armor	lorc	CC-BY 3.0	svg,png	https://game-icons.net/1x1/lorc/spiked-armor.html	curl -O https://game-icons.net/icons/ffffff/000000/1x1/lorc/spiked-armor.svg
spiked-collar	lorc	CC-BY 3.0	svg,png	https://game-icons.net/1x1/lorc/spiked-collar.html	curl -O https://game-icons.net/icons/ffffff/000000/1x1/lorc/spiked-collar.svg
spiked-fence	lorc	CC-BY 3.0	svg,png	https://game-icons.net/1x1/lorc/spiked-fence.html	curl -O https://game-icons.net/icons/ffffff/000000/1x1/lorc/spiked-fence.svg
spiked-halo	lorc	CC-BY 3.0	svg,png	https://game-icons.net/1x1/lorc/spiked-halo.html	curl -O https://game-icons.net/icons/ffffff/000000/1x1/lorc/spiked-halo.svg
spiked-mace	lorc	CC-BY 3.0	svg,png	https://game-icons.net/1x1/lorc/spiked-mace.html	curl -O https://game-icons.net/icons/ffffff/000000/1x1/lorc/spiked-mace.svg
spiked-shell	lorc	CC-BY 3.0	svg,png	https://game-icons.net/1x1/lorc/spiked-shell.html	curl -O https://game-icons.net/icons/ffffff/000000/1x1/lorc/spiked-shell.svg
spiked-snail	lorc	CC-BY 3.0	svg,png	https://game-icons.net/1x1/lorc/spiked-snail.html	curl -O https://game-icons.net/icons/ffffff/000000/1x1/lorc/spiked-snail.svg
spiked-tail	lorc	CC-BY 3.0	svg,png	https://game-icons.net/1x1/lorc/spiked-tail.html	curl -O https://game-icons.net/icons/ffffff/000000/1x1/lorc/spiked-tail.svg
spiked-tentacle	lorc	CC-BY 3.0	svg,png	https://game-icons.net/1x1/lorc/spiked-tentacle.html	curl -O https://game-icons.net/icons/ffffff/000000/1x1/lorc/spiked-tentacle.svg
spiky-eclipse	lorc	CC-BY 3.0	svg,png	https://game-icons.net/1x1/lorc/spiky-eclipse.html	curl -O https://game-icons.net/icons/ffffff/000000/1x1/lorc/spiky-eclipse.svg
spiky-explosion	lorc	CC-BY 3.0	svg,png	https://game-icons.net/1x1/lorc/spiky-explosion.html	curl -O https://game-icons.net/icons/ffffff/000000/1x1/lorc/spiky-explosion.svg
spiky-field	lorc	CC-BY 3.0	svg,png	https://game-icons.net/1x1/lorc/spiky-field.html	curl -O https://game-icons.net/icons/ffffff/000000/1x1/lorc/spiky-field.svg
spill	lorc	CC-BY 3.0	svg,png	https://game-icons.net/1x1/lorc/spill.html	curl -O https://game-icons.net/icons/ffffff/000000/1x1/lorc/spill.svg
spinal-coil	lorc	CC-BY 3.0	svg,png	https://game-icons.net/1x1/lorc/spinal-coil.html	curl -O https://game-icons.net/icons/ffffff/000000/1x1/lorc/spinal-coil.svg
spine-arrow	lorc	CC-BY 3.0	svg,png	https://game-icons.net/1x1/lorc/spine-arrow.html	curl -O https://game-icons.net/icons/ffffff/000000/1x1/lorc/spine-arrow.svg
spinning-blades	lorc	CC-BY 3.0	svg,png	https://game-icons.net/1x1/lorc/spinning-blades.html	curl -O https://game-icons.net/icons/ffffff/000000/1x1/lorc/spinning-blades.svg
spinning-ribbons	lorc	CC-BY 3.0	svg,png	https://game-icons.net/1x1/lorc/spinning-ribbons.html	curl -O https://game-icons.net/icons/ffffff/000000/1x1/lorc/spinning-ribbons.svg
spinning-sword	lorc	CC-BY 3.0	svg,png	https://game-icons.net/1x1/lorc/spinning-sword.html	curl -O https://game-icons.net/icons/ffffff/000000/1x1/lorc/spinning-sword.svg
spiral-arrow	lorc	CC-BY 3.0	svg,png	https://game-icons.net/1x1/lorc/spiral-arrow.html	curl -O https://game-icons.net/icons/ffffff/000000/1x1/lorc/spiral-arrow.svg
spiral-bloom	lorc	CC-BY 3.0	svg,png	https://game-icons.net/1x1/lorc/spiral-bloom.html	curl -O https://game-icons.net/icons/ffffff/000000/1x1/lorc/spiral-bloom.svg
spiral-bottle	lorc	CC-BY 3.0	svg,png	https://game-icons.net/1x1/lorc/spiral-bottle.html	curl -O https://game-icons.net/icons/ffffff/000000/1x1/lorc/spiral-bottle.svg
spiral-shell	lorc	CC-BY 3.0	svg,png	https://game-icons.net/1x1/lorc/spiral-shell.html	curl -O https://game-icons.net/icons/ffffff/000000/1x1/lorc/spiral-shell.svg
spiral-tentacle	lorc	CC-BY 3.0	svg,png	https://game-icons.net/1x1/lorc/spiral-tentacle.html	curl -O https://game-icons.net/icons/ffffff/000000/1x1/lorc/spiral-tentacle.svg
spiral-thrust	lorc	CC-BY 3.0	svg,png	https://game-icons.net/1x1/lorc/spiral-thrust.html	curl -O https://game-icons.net/icons/ffffff/000000/1x1/lorc/spiral-thrust.svg
splash	lorc	CC-BY 3.0	svg,png	https://game-icons.net/1x1/lorc/splash.html	curl -O https://game-icons.net/icons/ffffff/000000/1x1/lorc/splash.svg
splashy-stream	lorc	CC-BY 3.0	svg,png	https://game-icons.net/1x1/lorc/splashy-stream.html	curl -O https://game-icons.net/icons/ffffff/000000/1x1/lorc/splashy-stream.svg
split-body	lorc	CC-BY 3.0	svg,png	https://game-icons.net/1x1/lorc/split-body.html	curl -O https://game-icons.net/icons/ffffff/000000/1x1/lorc/split-body.svg
split-cross	lorc	CC-BY 3.0	svg,png	https://game-icons.net/1x1/lorc/split-cross.html	curl -O https://game-icons.net/icons/ffffff/000000/1x1/lorc/split-cross.svg
splurt	lorc	CC-BY 3.0	svg,png	https://game-icons.net/1x1/lorc/splurt.html	curl -O https://game-icons.net/icons/ffffff/000000/1x1/lorc/splurt.svg
spoon	lorc	CC-BY 3.0	svg,png	https://game-icons.net/1x1/lorc/spoon.html	curl -O https://game-icons.net/icons/ffffff/000000/1x1/lorc/spoon.svg
spoted-flower	lorc	CC-BY 3.0	svg,png	https://game-icons.net/1x1/lorc/spoted-flower.html	curl -O https://game-icons.net/icons/ffffff/000000/1x1/lorc/spoted-flower.svg
spotted-arrowhead	lorc	CC-BY 3.0	svg,png	https://game-icons.net/1x1/lorc/spotted-arrowhead.html	curl -O https://game-icons.net/icons/ffffff/000000/1x1/lorc/spotted-arrowhead.svg
spotted-mushroom	lorc	CC-BY 3.0	svg,png	https://game-icons.net/1x1/lorc/spotted-mushroom.html	curl -O https://game-icons.net/icons/ffffff/000000/1x1/lorc/spotted-mushroom.svg
spotted-wound	lorc	CC-BY 3.0	svg,png	https://game-icons.net/1x1/lorc/spotted-wound.html	curl -O https://game-icons.net/icons/ffffff/000000/1x1/lorc/spotted-wound.svg
spoutnik	lorc	CC-BY 3.0	svg,png	https://game-icons.net/1x1/lorc/spoutnik.html	curl -O https://game-icons.net/icons/ffffff/000000/1x1/lorc/spoutnik.svg
spray	lorc	CC-BY 3.0	svg,png	https://game-icons.net/1x1/lorc/spray.html	curl -O https://game-icons.net/icons/ffffff/000000/1x1/lorc/spray.svg
sprint	lorc	CC-BY 3.0	svg,png	https://game-icons.net/1x1/lorc/sprint.html	curl -O https://game-icons.net/icons/ffffff/000000/1x1/lorc/sprint.svg
sprout-disc	lorc	CC-BY 3.0	svg,png	https://game-icons.net/1x1/lorc/sprout-disc.html	curl -O https://game-icons.net/icons/ffffff/000000/1x1/lorc/sprout-disc.svg
sprout	lorc	CC-BY 3.0	svg,png	https://game-icons.net/1x1/lorc/sprout.html	curl -O https://game-icons.net/icons/ffffff/000000/1x1/lorc/sprout.svg
spyglass	lorc	CC-BY 3.0	svg,png	https://game-icons.net/1x1/lorc/spyglass.html	curl -O https://game-icons.net/icons/ffffff/000000/1x1/lorc/spyglass.svg
square-bottle	lorc	CC-BY 3.0	svg,png	https://game-icons.net/1x1/lorc/square-bottle.html	curl -O https://game-icons.net/icons/ffffff/000000/1x1/lorc/square-bottle.svg
squib	lorc	CC-BY 3.0	svg,png	https://game-icons.net/1x1/lorc/squib.html	curl -O https://game-icons.net/icons/ffffff/000000/1x1/lorc/squib.svg
squid-head	lorc	CC-BY 3.0	svg,png	https://game-icons.net/1x1/lorc/squid-head.html	curl -O https://game-icons.net/icons/ffffff/000000/1x1/lorc/squid-head.svg
squid	lorc	CC-BY 3.0	svg,png	https://game-icons.net/1x1/lorc/squid.html	curl -O https://game-icons.net/icons/ffffff/000000/1x1/lorc/squid.svg
stag-head	lorc	CC-BY 3.0	svg,png	https://game-icons.net/1x1/lorc/stag-head.html	curl -O https://game-icons.net/icons/ffffff/000000/1x1/lorc/stag-head.svg
stalagtite	lorc	CC-BY 3.0	svg,png	https://game-icons.net/1x1/lorc/stalagtite.html	curl -O https://game-icons.net/icons/ffffff/000000/1x1/lorc/stalagtite.svg
standing-potion	lorc	CC-BY 3.0	svg,png	https://game-icons.net/1x1/lorc/standing-potion.html	curl -O https://game-icons.net/icons/ffffff/000000/1x1/lorc/standing-potion.svg
star-cycle	lorc	CC-BY 3.0	svg,png	https://game-icons.net/1x1/lorc/star-cycle.html	curl -O https://game-icons.net/icons/ffffff/000000/1x1/lorc/star-cycle.svg
star-prominences	lorc	CC-BY 3.0	svg,png	https://game-icons.net/1x1/lorc/star-prominences.html	curl -O https://game-icons.net/icons/ffffff/000000/1x1/lorc/star-prominences.svg
star-pupil	lorc	CC-BY 3.0	svg,png	https://game-icons.net/1x1/lorc/star-pupil.html	curl -O https://game-icons.net/icons/ffffff/000000/1x1/lorc/star-pupil.svg
star-satellites	lorc	CC-BY 3.0	svg,png	https://game-icons.net/1x1/lorc/star-satellites.html	curl -O https://game-icons.net/icons/ffffff/000000/1x1/lorc/star-satellites.svg
star-skull	lorc	CC-BY 3.0	svg,png	https://game-icons.net/1x1/lorc/star-skull.html	curl -O https://game-icons.net/icons/ffffff/000000/1x1/lorc/star-skull.svg
star-swirl	lorc	CC-BY 3.0	svg,png	https://game-icons.net/1x1/lorc/star-swirl.html	curl -O https://game-icons.net/icons/ffffff/000000/1x1/lorc/star-swirl.svg
staryu	lorc	CC-BY 3.0	svg,png	https://game-icons.net/1x1/lorc/staryu.html	curl -O https://game-icons.net/icons/ffffff/000000/1x1/lorc/staryu.svg
static-guard	lorc	CC-BY 3.0	svg,png	https://game-icons.net/1x1/lorc/static-guard.html	curl -O https://game-icons.net/icons/ffffff/000000/1x1/lorc/static-guard.svg
static-waves	lorc	CC-BY 3.0	svg,png	https://game-icons.net/1x1/lorc/static-waves.html	curl -O https://game-icons.net/icons/ffffff/000000/1x1/lorc/static-waves.svg
static	lorc	CC-BY 3.0	svg,png	https://game-icons.net/1x1/lorc/static.html	curl -O https://game-icons.net/icons/ffffff/000000/1x1/lorc/static.svg
steel-claws	lorc	CC-BY 3.0	svg,png	https://game-icons.net/1x1/lorc/steel-claws.html	curl -O https://game-icons.net/icons/ffffff/000000/1x1/lorc/steel-claws.svg
steeltoe-boots	lorc	CC-BY 3.0	svg,png	https://game-icons.net/1x1/lorc/steeltoe-boots.html	curl -O https://game-icons.net/icons/ffffff/000000/1x1/lorc/steeltoe-boots.svg
steelwing-emblem	lorc	CC-BY 3.0	svg,png	https://game-icons.net/1x1/lorc/steelwing-emblem.html	curl -O https://game-icons.net/icons/ffffff/000000/1x1/lorc/steelwing-emblem.svg
stick-splitting	lorc	CC-BY 3.0	svg,png	https://game-icons.net/1x1/lorc/stick-splitting.html	curl -O https://game-icons.net/icons/ffffff/000000/1x1/lorc/stick-splitting.svg
sticking-plaster	lorc	CC-BY 3.0	svg,png	https://game-icons.net/1x1/lorc/sticking-plaster.html	curl -O https://game-icons.net/icons/ffffff/000000/1x1/lorc/sticking-plaster.svg
stigmata	lorc	CC-BY 3.0	svg,png	https://game-icons.net/1x1/lorc/stigmata.html	curl -O https://game-icons.net/icons/ffffff/000000/1x1/lorc/stigmata.svg
stiletto	lorc	CC-BY 3.0	svg,png	https://game-icons.net/1x1/lorc/stiletto.html	curl -O https://game-icons.net/icons/ffffff/000000/1x1/lorc/stiletto.svg
stitched-wound	lorc	CC-BY 3.0	svg,png	https://game-icons.net/1x1/lorc/stitched-wound.html	curl -O https://game-icons.net/icons/ffffff/000000/1x1/lorc/stitched-wound.svg
stomp-tornado	lorc	CC-BY 3.0	svg,png	https://game-icons.net/1x1/lorc/stomp-tornado.html	curl -O https://game-icons.net/icons/ffffff/000000/1x1/lorc/stomp-tornado.svg
stomp	lorc	CC-BY 3.0	svg,png	https://game-icons.net/1x1/lorc/stomp.html	curl -O https://game-icons.net/icons/ffffff/000000/1x1/lorc/stomp.svg
stone-axe	lorc	CC-BY 3.0	svg,png	https://game-icons.net/1x1/lorc/stone-axe.html	curl -O https://game-icons.net/icons/ffffff/000000/1x1/lorc/stone-axe.svg
stone-block	lorc	CC-BY 3.0	svg,png	https://game-icons.net/1x1/lorc/stone-block.html	curl -O https://game-icons.net/icons/ffffff/000000/1x1/lorc/stone-block.svg
stone-crafting	lorc	CC-BY 3.0	svg,png	https://game-icons.net/1x1/lorc/stone-crafting.html	curl -O https://game-icons.net/icons/ffffff/000000/1x1/lorc/stone-crafting.svg
stone-spear	lorc	CC-BY 3.0	svg,png	https://game-icons.net/1x1/lorc/stone-spear.html	curl -O https://game-icons.net/icons/ffffff/000000/1x1/lorc/stone-spear.svg
stone-sphere	lorc	CC-BY 3.0	svg,png	https://game-icons.net/1x1/lorc/stone-sphere.html	curl -O https://game-icons.net/icons/ffffff/000000/1x1/lorc/stone-sphere.svg
stone-tablet	lorc	CC-BY 3.0	svg,png	https://game-icons.net/1x1/lorc/stone-tablet.html	curl -O https://game-icons.net/icons/ffffff/000000/1x1/lorc/stone-tablet.svg
stone-throne	lorc	CC-BY 3.0	svg,png	https://game-icons.net/1x1/lorc/stone-throne.html	curl -O https://game-icons.net/icons/ffffff/000000/1x1/lorc/stone-throne.svg
stone-tower	lorc	CC-BY 3.0	svg,png	https://game-icons.net/1x1/lorc/stone-tower.html	curl -O https://game-icons.net/icons/ffffff/000000/1x1/lorc/stone-tower.svg
stoned-skull	lorc	CC-BY 3.0	svg,png	https://game-icons.net/1x1/lorc/stoned-skull.html	curl -O https://game-icons.net/icons/ffffff/000000/1x1/lorc/stoned-skull.svg
stopwatch	lorc	CC-BY 3.0	svg,png	https://game-icons.net/1x1/lorc/stopwatch.html	curl -O https://game-icons.net/icons/ffffff/000000/1x1/lorc/stopwatch.svg
strafe	lorc	CC-BY 3.0	svg,png	https://game-icons.net/1x1/lorc/strafe.html	curl -O https://game-icons.net/icons/ffffff/000000/1x1/lorc/strafe.svg
striking-arrows	lorc	CC-BY 3.0	svg,png	https://game-icons.net/1x1/lorc/striking-arrows.html	curl -O https://game-icons.net/icons/ffffff/000000/1x1/lorc/striking-arrows.svg
striking-balls	lorc	CC-BY 3.0	svg,png	https://game-icons.net/1x1/lorc/striking-balls.html	curl -O https://game-icons.net/icons/ffffff/000000/1x1/lorc/striking-balls.svg
striking-clamps	lorc	CC-BY 3.0	svg,png	https://game-icons.net/1x1/lorc/striking-clamps.html	curl -O https://game-icons.net/icons/ffffff/000000/1x1/lorc/striking-clamps.svg
striking-diamonds	lorc	CC-BY 3.0	svg,png	https://game-icons.net/1x1/lorc/striking-diamonds.html	curl -O https://game-icons.net/icons/ffffff/000000/1x1/lorc/striking-diamonds.svg
striking-splinter	lorc	CC-BY 3.0	svg,png	https://game-icons.net/1x1/lorc/striking-splinter.html	curl -O https://game-icons.net/icons/ffffff/000000/1x1/lorc/striking-splinter.svg
striped-sword	lorc	CC-BY 3.0	svg,png	https://game-icons.net/1x1/lorc/striped-sword.html	curl -O https://game-icons.net/icons/ffffff/000000/1x1/lorc/striped-sword.svg
strong	lorc	CC-BY 3.0	svg,png	https://game-icons.net/1x1/lorc/strong.html	curl -O https://game-icons.net/icons/ffffff/000000/1x1/lorc/strong.svg
suckered-tentacle	lorc	CC-BY 3.0	svg,png	https://game-icons.net/1x1/lorc/suckered-tentacle.html	curl -O https://game-icons.net/icons/ffffff/000000/1x1/lorc/suckered-tentacle.svg
suits	lorc	CC-BY 3.0	svg,png	https://game-icons.net/1x1/lorc/suits.html	curl -O https://game-icons.net/icons/ffffff/000000/1x1/lorc/suits.svg
sun-radiations	lorc	CC-BY 3.0	svg,png	https://game-icons.net/1x1/lorc/sun-radiations.html	curl -O https://game-icons.net/icons/ffffff/000000/1x1/lorc/sun-radiations.svg
sun	lorc	CC-BY 3.0	svg,png	https://game-icons.net/1x1/lorc/sun.html	curl -O https://game-icons.net/icons/ffffff/000000/1x1/lorc/sun.svg
sunbeams	lorc	CC-BY 3.0	svg,png	https://game-icons.net/1x1/lorc/sunbeams.html	curl -O https://game-icons.net/icons/ffffff/000000/1x1/lorc/sunbeams.svg
sundial	lorc	CC-BY 3.0	svg,png	https://game-icons.net/1x1/lorc/sundial.html	curl -O https://game-icons.net/icons/ffffff/000000/1x1/lorc/sundial.svg
sunken-eye	lorc	CC-BY 3.0	svg,png	https://game-icons.net/1x1/lorc/sunken-eye.html	curl -O https://game-icons.net/icons/ffffff/000000/1x1/lorc/sunken-eye.svg
sunrise	lorc	CC-BY 3.0	svg,png	https://game-icons.net/1x1/lorc/sunrise.html	curl -O https://game-icons.net/icons/ffffff/000000/1x1/lorc/sunrise.svg
super-mushroom	lorc	CC-BY 3.0	svg,png	https://game-icons.net/1x1/lorc/super-mushroom.html	curl -O https://game-icons.net/icons/ffffff/000000/1x1/lorc/super-mushroom.svg
supersonic-arrow	lorc	CC-BY 3.0	svg,png	https://game-icons.net/1x1/lorc/supersonic-arrow.html	curl -O https://game-icons.net/icons/ffffff/000000/1x1/lorc/supersonic-arrow.svg
supersonic-bullet	lorc	CC-BY 3.0	svg,png	https://game-icons.net/1x1/lorc/supersonic-bullet.html	curl -O https://game-icons.net/icons/ffffff/000000/1x1/lorc/supersonic-bullet.svg
surprised-skull	lorc	CC-BY 3.0	svg,png	https://game-icons.net/1x1/lorc/surprised-skull.html	curl -O https://game-icons.net/icons/ffffff/000000/1x1/lorc/surprised-skull.svg
surprised	lorc	CC-BY 3.0	svg,png	https://game-icons.net/1x1/lorc/surprised.html	curl -O https://game-icons.net/icons/ffffff/000000/1x1/lorc/surprised.svg
surrounded-eye	lorc	CC-BY 3.0	svg,png	https://game-icons.net/1x1/lorc/surrounded-eye.html	curl -O https://game-icons.net/icons/ffffff/000000/1x1/lorc/surrounded-eye.svg
surrounded-shield	lorc	CC-BY 3.0	svg,png	https://game-icons.net/1x1/lorc/surrounded-shield.html	curl -O https://game-icons.net/icons/ffffff/000000/1x1/lorc/surrounded-shield.svg
suspicious	lorc	CC-BY 3.0	svg,png	https://game-icons.net/1x1/lorc/suspicious.html	curl -O https://game-icons.net/icons/ffffff/000000/1x1/lorc/suspicious.svg
swallow	lorc	CC-BY 3.0	svg,png	https://game-icons.net/1x1/lorc/swallow.html	curl -O https://game-icons.net/icons/ffffff/000000/1x1/lorc/swallow.svg
swan-breeze	lorc	CC-BY 3.0	svg,png	https://game-icons.net/1x1/lorc/swan-breeze.html	curl -O https://game-icons.net/icons/ffffff/000000/1x1/lorc/swan-breeze.svg
swan	lorc	CC-BY 3.0	svg,png	https://game-icons.net/1x1/lorc/swan.html	curl -O https://game-icons.net/icons/ffffff/000000/1x1/lorc/swan.svg
swap-bag	lorc	CC-BY 3.0	svg,png	https://game-icons.net/1x1/lorc/swap-bag.html	curl -O https://game-icons.net/icons/ffffff/000000/1x1/lorc/swap-bag.svg
swirl-ring	lorc	CC-BY 3.0	svg,png	https://game-icons.net/1x1/lorc/swirl-ring.html	curl -O https://game-icons.net/icons/ffffff/000000/1x1/lorc/swirl-ring.svg
swirl-string	lorc	CC-BY 3.0	svg,png	https://game-icons.net/1x1/lorc/swirl-string.html	curl -O https://game-icons.net/icons/ffffff/000000/1x1/lorc/swirl-string.svg
sword-array	lorc	CC-BY 3.0	svg,png	https://game-icons.net/1x1/lorc/sword-array.html	curl -O https://game-icons.net/icons/ffffff/000000/1x1/lorc/sword-array.svg
sword-break	lorc	CC-BY 3.0	svg,png	https://game-icons.net/1x1/lorc/sword-break.html	curl -O https://game-icons.net/icons/ffffff/000000/1x1/lorc/sword-break.svg
sword-clash	lorc	CC-BY 3.0	svg,png	https://game-icons.net/1x1/lorc/sword-clash.html	curl -O https://game-icons.net/icons/ffffff/000000/1x1/lorc/sword-clash.svg
sword-hilt	lorc	CC-BY 3.0	svg,png	https://game-icons.net/1x1/lorc/sword-hilt.html	curl -O https://game-icons.net/icons/ffffff/000000/1x1/lorc/sword-hilt.svg
sword-in-stone	lorc	CC-BY 3.0	svg,png	https://game-icons.net/1x1/lorc/sword-in-stone.html	curl -O https://game-icons.net/icons/ffffff/000000/1x1/lorc/sword-in-stone.svg
sword-slice	lorc	CC-BY 3.0	svg,png	https://game-icons.net/1x1/lorc/sword-slice.html	curl -O https://game-icons.net/icons/ffffff/000000/1x1/lorc/sword-slice.svg
sword-smithing	lorc	CC-BY 3.0	svg,png	https://game-icons.net/1x1/lorc/sword-smithing.html	curl -O https://game-icons.net/icons/ffffff/000000/1x1/lorc/sword-smithing.svg
sword-spade	lorc	CC-BY 3.0	svg,png	https://game-icons.net/1x1/lorc/sword-spade.html	curl -O https://game-icons.net/icons/ffffff/000000/1x1/lorc/sword-spade.svg
sword-spin	lorc	CC-BY 3.0	svg,png	https://game-icons.net/1x1/lorc/sword-spin.html	curl -O https://game-icons.net/icons/ffffff/000000/1x1/lorc/sword-spin.svg
sword-tie	lorc	CC-BY 3.0	svg,png	https://game-icons.net/1x1/lorc/sword-tie.html	curl -O https://game-icons.net/icons/ffffff/000000/1x1/lorc/sword-tie.svg
sword-wound	lorc	CC-BY 3.0	svg,png	https://game-icons.net/1x1/lorc/sword-wound.html	curl -O https://game-icons.net/icons/ffffff/000000/1x1/lorc/sword-wound.svg
swords-emblem	lorc	CC-BY 3.0	svg,png	https://game-icons.net/1x1/lorc/swords-emblem.html	curl -O https://game-icons.net/icons/ffffff/000000/1x1/lorc/swords-emblem.svg
syringe	lorc	CC-BY 3.0	svg,png	https://game-icons.net/1x1/lorc/syringe.html	curl -O https://game-icons.net/icons/ffffff/000000/1x1/lorc/syringe.svg
tank	lorc	CC-BY 3.0	svg,png	https://game-icons.net/1x1/lorc/tank.html	curl -O https://game-icons.net/icons/ffffff/000000/1x1/lorc/tank.svg
target-arrows	lorc	CC-BY 3.0	svg,png	https://game-icons.net/1x1/lorc/target-arrows.html	curl -O https://game-icons.net/icons/ffffff/000000/1x1/lorc/target-arrows.svg
target-dummy	lorc	CC-BY 3.0	svg,png	https://game-icons.net/1x1/lorc/target-dummy.html	curl -O https://game-icons.net/icons/ffffff/000000/1x1/lorc/target-dummy.svg
target-shot	lorc	CC-BY 3.0	svg,png	https://game-icons.net/1x1/lorc/target-shot.html	curl -O https://game-icons.net/icons/ffffff/000000/1x1/lorc/target-shot.svg
targeting	lorc	CC-BY 3.0	svg,png	https://game-icons.net/1x1/lorc/targeting.html	curl -O https://game-icons.net/icons/ffffff/000000/1x1/lorc/targeting.svg
tattered-banner	lorc	CC-BY 3.0	svg,png	https://game-icons.net/1x1/lorc/tattered-banner.html	curl -O https://game-icons.net/icons/ffffff/000000/1x1/lorc/tattered-banner.svg
teapot	lorc	CC-BY 3.0	svg,png	https://game-icons.net/1x1/lorc/teapot.html	curl -O https://game-icons.net/icons/ffffff/000000/1x1/lorc/teapot.svg
tear-tracks	lorc	CC-BY 3.0	svg,png	https://game-icons.net/1x1/lorc/tear-tracks.html	curl -O https://game-icons.net/icons/ffffff/000000/1x1/lorc/tear-tracks.svg
tearing	lorc	CC-BY 3.0	svg,png	https://game-icons.net/1x1/lorc/tearing.html	curl -O https://game-icons.net/icons/ffffff/000000/1x1/lorc/tearing.svg
techno-heart	lorc	CC-BY 3.0	svg,png	https://game-icons.net/1x1/lorc/techno-heart.html	curl -O https://game-icons.net/icons/ffffff/000000/1x1/lorc/techno-heart.svg
telepathy	lorc	CC-BY 3.0	svg,png	https://game-icons.net/1x1/lorc/telepathy.html	curl -O https://game-icons.net/icons/ffffff/000000/1x1/lorc/telepathy.svg
teleport	lorc	CC-BY 3.0	svg,png	https://game-icons.net/1x1/lorc/teleport.html	curl -O https://game-icons.net/icons/ffffff/000000/1x1/lorc/teleport.svg
templar-eye	lorc	CC-BY 3.0	svg,png	https://game-icons.net/1x1/lorc/templar-eye.html	curl -O https://game-icons.net/icons/ffffff/000000/1x1/lorc/templar-eye.svg
templar-heart	lorc	CC-BY 3.0	svg,png	https://game-icons.net/1x1/lorc/templar-heart.html	curl -O https://game-icons.net/icons/ffffff/000000/1x1/lorc/templar-heart.svg
temptation	lorc	CC-BY 3.0	svg,png	https://game-icons.net/1x1/lorc/temptation.html	curl -O https://game-icons.net/icons/ffffff/000000/1x1/lorc/temptation.svg
tension-snowflake	lorc	CC-BY 3.0	svg,png	https://game-icons.net/1x1/lorc/tension-snowflake.html	curl -O https://game-icons.net/icons/ffffff/000000/1x1/lorc/tension-snowflake.svg
tentacle-heart	lorc	CC-BY 3.0	svg,png	https://game-icons.net/1x1/lorc/tentacle-heart.html	curl -O https://game-icons.net/icons/ffffff/000000/1x1/lorc/tentacle-heart.svg
tentacle-strike	lorc	CC-BY 3.0	svg,png	https://game-icons.net/1x1/lorc/tentacle-strike.html	curl -O https://game-icons.net/icons/ffffff/000000/1x1/lorc/tentacle-strike.svg
tentacles-skull	lorc	CC-BY 3.0	svg,png	https://game-icons.net/1x1/lorc/tentacles-skull.html	curl -O https://game-icons.net/icons/ffffff/000000/1x1/lorc/tentacles-skull.svg
tentacurl	lorc	CC-BY 3.0	svg,png	https://game-icons.net/1x1/lorc/tentacurl.html	curl -O https://game-icons.net/icons/ffffff/000000/1x1/lorc/tentacurl.svg
terror	lorc	CC-BY 3.0	svg,png	https://game-icons.net/1x1/lorc/terror.html	curl -O https://game-icons.net/icons/ffffff/000000/1x1/lorc/terror.svg
tesla-coil	lorc	CC-BY 3.0	svg,png	https://game-icons.net/1x1/lorc/tesla-coil.html	curl -O https://game-icons.net/icons/ffffff/000000/1x1/lorc/tesla-coil.svg
tesla-turret	lorc	CC-BY 3.0	svg,png	https://game-icons.net/1x1/lorc/tesla-turret.html	curl -O https://game-icons.net/icons/ffffff/000000/1x1/lorc/tesla-turret.svg
test-tubes	lorc	CC-BY 3.0	svg,png	https://game-icons.net/1x1/lorc/test-tubes.html	curl -O https://game-icons.net/icons/ffffff/000000/1x1/lorc/test-tubes.svg
thermometer-scale	lorc	CC-BY 3.0	svg,png	https://game-icons.net/1x1/lorc/thermometer-scale.html	curl -O https://game-icons.net/icons/ffffff/000000/1x1/lorc/thermometer-scale.svg
third-eye	lorc	CC-BY 3.0	svg,png	https://game-icons.net/1x1/lorc/third-eye.html	curl -O https://game-icons.net/icons/ffffff/000000/1x1/lorc/third-eye.svg
thor-fist	lorc	CC-BY 3.0	svg,png	https://game-icons.net/1x1/lorc/thor-fist.html	curl -O https://game-icons.net/icons/ffffff/000000/1x1/lorc/thor-fist.svg
thorn-helix	lorc	CC-BY 3.0	svg,png	https://game-icons.net/1x1/lorc/thorn-helix.html	curl -O https://game-icons.net/icons/ffffff/000000/1x1/lorc/thorn-helix.svg
thorned-arrow	lorc	CC-BY 3.0	svg,png	https://game-icons.net/1x1/lorc/thorned-arrow.html	curl -O https://game-icons.net/icons/ffffff/000000/1x1/lorc/thorned-arrow.svg
thorny-tentacle	lorc	CC-BY 3.0	svg,png	https://game-icons.net/1x1/lorc/thorny-tentacle.html	curl -O https://game-icons.net/icons/ffffff/000000/1x1/lorc/thorny-tentacle.svg
thorny-vine	lorc	CC-BY 3.0	svg,png	https://game-icons.net/1x1/lorc/thorny-vine.html	curl -O https://game-icons.net/icons/ffffff/000000/1x1/lorc/thorny-vine.svg
three-burning-balls	lorc	CC-BY 3.0	svg,png	https://game-icons.net/1x1/lorc/three-burning-balls.html	curl -O https://game-icons.net/icons/ffffff/000000/1x1/lorc/three-burning-balls.svg
three-keys	lorc	CC-BY 3.0	svg,png	https://game-icons.net/1x1/lorc/three-keys.html	curl -O https://game-icons.net/icons/ffffff/000000/1x1/lorc/three-keys.svg
three-leaves	lorc	CC-BY 3.0	svg,png	https://game-icons.net/1x1/lorc/three-leaves.html	curl -O https://game-icons.net/icons/ffffff/000000/1x1/lorc/three-leaves.svg
thrown-charcoal	lorc	CC-BY 3.0	svg,png	https://game-icons.net/1x1/lorc/thrown-charcoal.html	curl -O https://game-icons.net/icons/ffffff/000000/1x1/lorc/thrown-charcoal.svg
thrown-daggers	lorc	CC-BY 3.0	svg,png	https://game-icons.net/1x1/lorc/thrown-daggers.html	curl -O https://game-icons.net/icons/ffffff/000000/1x1/lorc/thrown-daggers.svg
thrown-knife	lorc	CC-BY 3.0	svg,png	https://game-icons.net/1x1/lorc/thrown-knife.html	curl -O https://game-icons.net/icons/ffffff/000000/1x1/lorc/thrown-knife.svg
thrown-spear	lorc	CC-BY 3.0	svg,png	https://game-icons.net/1x1/lorc/thrown-spear.html	curl -O https://game-icons.net/icons/ffffff/000000/1x1/lorc/thrown-spear.svg
thunder-blade	lorc	CC-BY 3.0	svg,png	https://game-icons.net/1x1/lorc/thunder-blade.html	curl -O https://game-icons.net/icons/ffffff/000000/1x1/lorc/thunder-blade.svg
thunder-skull	lorc	CC-BY 3.0	svg,png	https://game-icons.net/1x1/lorc/thunder-skull.html	curl -O https://game-icons.net/icons/ffffff/000000/1x1/lorc/thunder-skull.svg
thunder-struck	lorc	CC-BY 3.0	svg,png	https://game-icons.net/1x1/lorc/thunder-struck.html	curl -O https://game-icons.net/icons/ffffff/000000/1x1/lorc/thunder-struck.svg
thunderball	lorc	CC-BY 3.0	svg,png	https://game-icons.net/1x1/lorc/thunderball.html	curl -O https://game-icons.net/icons/ffffff/000000/1x1/lorc/thunderball.svg
tick	lorc	CC-BY 3.0	svg,png	https://game-icons.net/1x1/lorc/tick.html	curl -O https://game-icons.net/icons/ffffff/000000/1x1/lorc/tick.svg
tied-scroll	lorc	CC-BY 3.0	svg,png	https://game-icons.net/1x1/lorc/tied-scroll.html	curl -O https://game-icons.net/icons/ffffff/000000/1x1/lorc/tied-scroll.svg
time-bomb	lorc	CC-BY 3.0	svg,png	https://game-icons.net/1x1/lorc/time-bomb.html	curl -O https://game-icons.net/icons/ffffff/000000/1x1/lorc/time-bomb.svg
time-trap	lorc	CC-BY 3.0	svg,png	https://game-icons.net/1x1/lorc/time-trap.html	curl -O https://game-icons.net/icons/ffffff/000000/1x1/lorc/time-trap.svg
tinker	lorc	CC-BY 3.0	svg,png	https://game-icons.net/1x1/lorc/tinker.html	curl -O https://game-icons.net/icons/ffffff/000000/1x1/lorc/tinker.svg
toad-teeth	lorc	CC-BY 3.0	svg,png	https://game-icons.net/1x1/lorc/toad-teeth.html	curl -O https://game-icons.net/icons/ffffff/000000/1x1/lorc/toad-teeth.svg
tombstone	lorc	CC-BY 3.0	svg,png	https://game-icons.net/1x1/lorc/tombstone.html	curl -O https://game-icons.net/icons/ffffff/000000/1x1/lorc/tombstone.svg
tooth	lorc	CC-BY 3.0	svg,png	https://game-icons.net/1x1/lorc/tooth.html	curl -O https://game-icons.net/icons/ffffff/000000/1x1/lorc/tooth.svg
top-hat	lorc	CC-BY 3.0	svg,png	https://game-icons.net/1x1/lorc/top-hat.html	curl -O https://game-icons.net/icons/ffffff/000000/1x1/lorc/top-hat.svg
top-paw	lorc	CC-BY 3.0	svg,png	https://game-icons.net/1x1/lorc/top-paw.html	curl -O https://game-icons.net/icons/ffffff/000000/1x1/lorc/top-paw.svg
tornado-discs	lorc	CC-BY 3.0	svg,png	https://game-icons.net/1x1/lorc/tornado-discs.html	curl -O https://game-icons.net/icons/ffffff/000000/1x1/lorc/tornado-discs.svg
tornado	lorc	CC-BY 3.0	svg,png	https://game-icons.net/1x1/lorc/tornado.html	curl -O https://game-icons.net/icons/ffffff/000000/1x1/lorc/tornado.svg
totem-head	lorc	CC-BY 3.0	svg,png	https://game-icons.net/1x1/lorc/totem-head.html	curl -O https://game-icons.net/icons/ffffff/000000/1x1/lorc/totem-head.svg
totem-mask	lorc	CC-BY 3.0	svg,png	https://game-icons.net/1x1/lorc/totem-mask.html	curl -O https://game-icons.net/icons/ffffff/000000/1x1/lorc/totem-mask.svg
tower-fall	lorc	CC-BY 3.0	svg,png	https://game-icons.net/1x1/lorc/tower-fall.html	curl -O https://game-icons.net/icons/ffffff/000000/1x1/lorc/tower-fall.svg
trade	lorc	CC-BY 3.0	svg,png	https://game-icons.net/1x1/lorc/trade.html	curl -O https://game-icons.net/icons/ffffff/000000/1x1/lorc/trade.svg
transfuse	lorc	CC-BY 3.0	svg,png	https://game-icons.net/1x1/lorc/transfuse.html	curl -O https://game-icons.net/icons/ffffff/000000/1x1/lorc/transfuse.svg
transparent-tubes	lorc	CC-BY 3.0	svg,png	https://game-icons.net/1x1/lorc/transparent-tubes.html	curl -O https://game-icons.net/icons/ffffff/000000/1x1/lorc/transparent-tubes.svg
transportation-rings	lorc	CC-BY 3.0	svg,png	https://game-icons.net/1x1/lorc/transportation-rings.html	curl -O https://game-icons.net/icons/ffffff/000000/1x1/lorc/transportation-rings.svg
trap-mask	lorc	CC-BY 3.0	svg,png	https://game-icons.net/1x1/lorc/trap-mask.html	curl -O https://game-icons.net/icons/ffffff/000000/1x1/lorc/trap-mask.svg
tread	lorc	CC-BY 3.0	svg,png	https://game-icons.net/1x1/lorc/tread.html	curl -O https://game-icons.net/icons/ffffff/000000/1x1/lorc/tread.svg
treasure-map	lorc	CC-BY 3.0	svg,png	https://game-icons.net/1x1/lorc/treasure-map.html	curl -O https://game-icons.net/icons/ffffff/000000/1x1/lorc/treasure-map.svg
tree-branch	lorc	CC-BY 3.0	svg,png	https://game-icons.net/1x1/lorc/tree-branch.html	curl -O https://game-icons.net/icons/ffffff/000000/1x1/lorc/tree-branch.svg
trefoil-lily	lorc	CC-BY 3.0	svg,png	https://game-icons.net/1x1/lorc/trefoil-lily.html	curl -O https://game-icons.net/icons/ffffff/000000/1x1/lorc/trefoil-lily.svg
trefoil-shuriken	lorc	CC-BY 3.0	svg,png	https://game-icons.net/1x1/lorc/trefoil-shuriken.html	curl -O https://game-icons.net/icons/ffffff/000000/1x1/lorc/trefoil-shuriken.svg
tribal-mask	lorc	CC-BY 3.0	svg,png	https://game-icons.net/1x1/lorc/tribal-mask.html	curl -O https://game-icons.net/icons/ffffff/000000/1x1/lorc/tribal-mask.svg
trident	lorc	CC-BY 3.0	svg,png	https://game-icons.net/1x1/lorc/trident.html	curl -O https://game-icons.net/icons/ffffff/000000/1x1/lorc/trident.svg
trilobite	lorc	CC-BY 3.0	svg,png	https://game-icons.net/1x1/lorc/trilobite.html	curl -O https://game-icons.net/icons/ffffff/000000/1x1/lorc/trilobite.svg
triorb	lorc	CC-BY 3.0	svg,png	https://game-icons.net/1x1/lorc/triorb.html	curl -O https://game-icons.net/icons/ffffff/000000/1x1/lorc/triorb.svg
triple-beak	lorc	CC-BY 3.0	svg,png	https://game-icons.net/1x1/lorc/triple-beak.html	curl -O https://game-icons.net/icons/ffffff/000000/1x1/lorc/triple-beak.svg
triple-claws	lorc	CC-BY 3.0	svg,png	https://game-icons.net/1x1/lorc/triple-claws.html	curl -O https://game-icons.net/icons/ffffff/000000/1x1/lorc/triple-claws.svg
triple-corn	lorc	CC-BY 3.0	svg,png	https://game-icons.net/1x1/lorc/triple-corn.html	curl -O https://game-icons.net/icons/ffffff/000000/1x1/lorc/triple-corn.svg
triple-lock	lorc	CC-BY 3.0	svg,png	https://game-icons.net/1x1/lorc/triple-lock.html	curl -O https://game-icons.net/icons/ffffff/000000/1x1/lorc/triple-lock.svg
triple-needle	lorc	CC-BY 3.0	svg,png	https://game-icons.net/1x1/lorc/triple-needle.html	curl -O https://game-icons.net/icons/ffffff/000000/1x1/lorc/triple-needle.svg
triple-plier	lorc	CC-BY 3.0	svg,png	https://game-icons.net/1x1/lorc/triple-plier.html	curl -O https://game-icons.net/icons/ffffff/000000/1x1/lorc/triple-plier.svg
triple-scratches	lorc	CC-BY 3.0	svg,png	https://game-icons.net/1x1/lorc/triple-scratches.html	curl -O https://game-icons.net/icons/ffffff/000000/1x1/lorc/triple-scratches.svg
triple-shells	lorc	CC-BY 3.0	svg,png	https://game-icons.net/1x1/lorc/triple-shells.html	curl -O https://game-icons.net/icons/ffffff/000000/1x1/lorc/triple-shells.svg
triple-skulls	lorc	CC-BY 3.0	svg,png	https://game-icons.net/1x1/lorc/triple-skulls.html	curl -O https://game-icons.net/icons/ffffff/000000/1x1/lorc/triple-skulls.svg
triple-yin	lorc	CC-BY 3.0	svg,png	https://game-icons.net/1x1/lorc/triple-yin.html	curl -O https://game-icons.net/icons/ffffff/000000/1x1/lorc/triple-yin.svg
tripwire	lorc	CC-BY 3.0	svg,png	https://game-icons.net/1x1/lorc/tripwire.html	curl -O https://game-icons.net/icons/ffffff/000000/1x1/lorc/tripwire.svg
triton-head	lorc	CC-BY 3.0	svg,png	https://game-icons.net/1x1/lorc/triton-head.html	curl -O https://game-icons.net/icons/ffffff/000000/1x1/lorc/triton-head.svg
tron-arrow	lorc	CC-BY 3.0	svg,png	https://game-icons.net/1x1/lorc/tron-arrow.html	curl -O https://game-icons.net/icons/ffffff/000000/1x1/lorc/tron-arrow.svg
trophy	lorc	CC-BY 3.0	svg,png	https://game-icons.net/1x1/lorc/trophy.html	curl -O https://game-icons.net/icons/ffffff/000000/1x1/lorc/trophy.svg
trousers	lorc	CC-BY 3.0	svg,png	https://game-icons.net/1x1/lorc/trousers.html	curl -O https://game-icons.net/icons/ffffff/000000/1x1/lorc/trousers.svg
tumor	lorc	CC-BY 3.0	svg,png	https://game-icons.net/1x1/lorc/tumor.html	curl -O https://game-icons.net/icons/ffffff/000000/1x1/lorc/tumor.svg
tune-pitch	lorc	CC-BY 3.0	svg,png	https://game-icons.net/1x1/lorc/tune-pitch.html	curl -O https://game-icons.net/icons/ffffff/000000/1x1/lorc/tune-pitch.svg
turd	lorc	CC-BY 3.0	svg,png	https://game-icons.net/1x1/lorc/turd.html	curl -O https://game-icons.net/icons/ffffff/000000/1x1/lorc/turd.svg
turtle-shell	lorc	CC-BY 3.0	svg,png	https://game-icons.net/1x1/lorc/turtle-shell.html	curl -O https://game-icons.net/icons/ffffff/000000/1x1/lorc/turtle-shell.svg
turtle	lorc	CC-BY 3.0	svg,png	https://game-icons.net/1x1/lorc/turtle.html	curl -O https://game-icons.net/icons/ffffff/000000/1x1/lorc/turtle.svg
twin-shell	lorc	CC-BY 3.0	svg,png	https://game-icons.net/1x1/lorc/twin-shell.html	curl -O https://game-icons.net/icons/ffffff/000000/1x1/lorc/twin-shell.svg
twirl-center	lorc	CC-BY 3.0	svg,png	https://game-icons.net/1x1/lorc/twirl-center.html	curl -O https://game-icons.net/icons/ffffff/000000/1x1/lorc/twirl-center.svg
twirly-flower	lorc	CC-BY 3.0	svg,png	https://game-icons.net/1x1/lorc/twirly-flower.html	curl -O https://game-icons.net/icons/ffffff/000000/1x1/lorc/twirly-flower.svg
twister	lorc	CC-BY 3.0	svg,png	https://game-icons.net/1x1/lorc/twister.html	curl -O https://game-icons.net/icons/ffffff/000000/1x1/lorc/twister.svg
two-feathers	lorc	CC-BY 3.0	svg,png	https://game-icons.net/1x1/lorc/two-feathers.html	curl -O https://game-icons.net/icons/ffffff/000000/1x1/lorc/two-feathers.svg
two-shadows	lorc	CC-BY 3.0	svg,png	https://game-icons.net/1x1/lorc/two-shadows.html	curl -O https://game-icons.net/icons/ffffff/000000/1x1/lorc/two-shadows.svg
tyre	lorc	CC-BY 3.0	svg,png	https://game-icons.net/1x1/lorc/tyre.html	curl -O https://game-icons.net/icons/ffffff/000000/1x1/lorc/tyre.svg
ubisoft-sun	lorc	CC-BY 3.0	svg,png	https://game-icons.net/1x1/lorc/ubisoft-sun.html	curl -O https://game-icons.net/icons/ffffff/000000/1x1/lorc/ubisoft-sun.svg
ultrasound	lorc	CC-BY 3.0	svg,png	https://game-icons.net/1x1/lorc/ultrasound.html	curl -O https://game-icons.net/icons/ffffff/000000/1x1/lorc/ultrasound.svg
umbrella	lorc	CC-BY 3.0	svg,png	https://game-icons.net/1x1/lorc/umbrella.html	curl -O https://game-icons.net/icons/ffffff/000000/1x1/lorc/umbrella.svg
uncertainty	lorc	CC-BY 3.0	svg,png	https://game-icons.net/1x1/lorc/uncertainty.html	curl -O https://game-icons.net/icons/ffffff/000000/1x1/lorc/uncertainty.svg
unfriendly-fire	lorc	CC-BY 3.0	svg,png	https://game-icons.net/1x1/lorc/unfriendly-fire.html	curl -O https://game-icons.net/icons/ffffff/000000/1x1/lorc/unfriendly-fire.svg
unlit-bomb	lorc	CC-BY 3.0	svg,png	https://game-icons.net/1x1/lorc/unlit-bomb.html	curl -O https://game-icons.net/icons/ffffff/000000/1x1/lorc/unlit-bomb.svg
unlit-candelabra	lorc	CC-BY 3.0	svg,png	https://game-icons.net/1x1/lorc/unlit-candelabra.html	curl -O https://game-icons.net/icons/ffffff/000000/1x1/lorc/unlit-candelabra.svg
unlocking	lorc	CC-BY 3.0	svg,png	https://game-icons.net/1x1/lorc/unlocking.html	curl -O https://game-icons.net/icons/ffffff/000000/1x1/lorc/unlocking.svg
unstable-orb	lorc	CC-BY 3.0	svg,png	https://game-icons.net/1x1/lorc/unstable-orb.html	curl -O https://game-icons.net/icons/ffffff/000000/1x1/lorc/unstable-orb.svg
unstable-projectile	lorc	CC-BY 3.0	svg,png	https://game-icons.net/1x1/lorc/unstable-projectile.html	curl -O https://game-icons.net/icons/ffffff/000000/1x1/lorc/unstable-projectile.svg
valley	lorc	CC-BY 3.0	svg,png	https://game-icons.net/1x1/lorc/valley.html	curl -O https://game-icons.net/icons/ffffff/000000/1x1/lorc/valley.svg
vanilla-flower	lorc	CC-BY 3.0	svg,png	https://game-icons.net/1x1/lorc/vanilla-flower.html	curl -O https://game-icons.net/icons/ffffff/000000/1x1/lorc/vanilla-flower.svg
vibrating-ball	lorc	CC-BY 3.0	svg,png	https://game-icons.net/1x1/lorc/vibrating-ball.html	curl -O https://game-icons.net/icons/ffffff/000000/1x1/lorc/vibrating-ball.svg
vile-fluid	lorc	CC-BY 3.0	svg,png	https://game-icons.net/1x1/lorc/vile-fluid.html	curl -O https://game-icons.net/icons/ffffff/000000/1x1/lorc/vile-fluid.svg
vine-flower	lorc	CC-BY 3.0	svg,png	https://game-icons.net/1x1/lorc/vine-flower.html	curl -O https://game-icons.net/icons/ffffff/000000/1x1/lorc/vine-flower.svg
vine-leaf	lorc	CC-BY 3.0	svg,png	https://game-icons.net/1x1/lorc/vine-leaf.html	curl -O https://game-icons.net/icons/ffffff/000000/1x1/lorc/vine-leaf.svg
vine-whip	lorc	CC-BY 3.0	svg,png	https://game-icons.net/1x1/lorc/vine-whip.html	curl -O https://game-icons.net/icons/ffffff/000000/1x1/lorc/vine-whip.svg
vintage-robot	lorc	CC-BY 3.0	svg,png	https://game-icons.net/1x1/lorc/vintage-robot.html	curl -O https://game-icons.net/icons/ffffff/000000/1x1/lorc/vintage-robot.svg
viola	lorc	CC-BY 3.0	svg,png	https://game-icons.net/1x1/lorc/viola.html	curl -O https://game-icons.net/icons/ffffff/000000/1x1/lorc/viola.svg
virus	lorc	CC-BY 3.0	svg,png	https://game-icons.net/1x1/lorc/virus.html	curl -O https://game-icons.net/icons/ffffff/000000/1x1/lorc/virus.svg
visored-helm	lorc	CC-BY 3.0	svg,png	https://game-icons.net/1x1/lorc/visored-helm.html	curl -O https://game-icons.net/icons/ffffff/000000/1x1/lorc/visored-helm.svg
volcano	lorc	CC-BY 3.0	svg,png	https://game-icons.net/1x1/lorc/volcano.html	curl -O https://game-icons.net/icons/ffffff/000000/1x1/lorc/volcano.svg
vomiting	lorc	CC-BY 3.0	svg,png	https://game-icons.net/1x1/lorc/vomiting.html	curl -O https://game-icons.net/icons/ffffff/000000/1x1/lorc/vomiting.svg
voodoo-doll	lorc	CC-BY 3.0	svg,png	https://game-icons.net/1x1/lorc/voodoo-doll.html	curl -O https://game-icons.net/icons/ffffff/000000/1x1/lorc/voodoo-doll.svg
vortex	lorc	CC-BY 3.0	svg,png	https://game-icons.net/1x1/lorc/vortex.html	curl -O https://game-icons.net/icons/ffffff/000000/1x1/lorc/vortex.svg
vulture	lorc	CC-BY 3.0	svg,png	https://game-icons.net/1x1/lorc/vulture.html	curl -O https://game-icons.net/icons/ffffff/000000/1x1/lorc/vulture.svg
walking-boot	lorc	CC-BY 3.0	svg,png	https://game-icons.net/1x1/lorc/walking-boot.html	curl -O https://game-icons.net/icons/ffffff/000000/1x1/lorc/walking-boot.svg
wasp-sting	lorc	CC-BY 3.0	svg,png	https://game-icons.net/1x1/lorc/wasp-sting.html	curl -O https://game-icons.net/icons/ffffff/000000/1x1/lorc/wasp-sting.svg
water-bolt	lorc	CC-BY 3.0	svg,png	https://game-icons.net/1x1/lorc/water-bolt.html	curl -O https://game-icons.net/icons/ffffff/000000/1x1/lorc/water-bolt.svg
water-splash	lorc	CC-BY 3.0	svg,png	https://game-icons.net/1x1/lorc/water-splash.html	curl -O https://game-icons.net/icons/ffffff/000000/1x1/lorc/water-splash.svg
wave-crest	lorc	CC-BY 3.0	svg,png	https://game-icons.net/1x1/lorc/wave-crest.html	curl -O https://game-icons.net/icons/ffffff/000000/1x1/lorc/wave-crest.svg
wave-strike	lorc	CC-BY 3.0	svg,png	https://game-icons.net/1x1/lorc/wave-strike.html	curl -O https://game-icons.net/icons/ffffff/000000/1x1/lorc/wave-strike.svg
waves	lorc	CC-BY 3.0	svg,png	https://game-icons.net/1x1/lorc/waves.html	curl -O https://game-icons.net/icons/ffffff/000000/1x1/lorc/waves.svg
wavy-chains	lorc	CC-BY 3.0	svg,png	https://game-icons.net/1x1/lorc/wavy-chains.html	curl -O https://game-icons.net/icons/ffffff/000000/1x1/lorc/wavy-chains.svg
wavy-itinerary	lorc	CC-BY 3.0	svg,png	https://game-icons.net/1x1/lorc/wavy-itinerary.html	curl -O https://game-icons.net/icons/ffffff/000000/1x1/lorc/wavy-itinerary.svg
wax-seal	lorc	CC-BY 3.0	svg,png	https://game-icons.net/1x1/lorc/wax-seal.html	curl -O https://game-icons.net/icons/ffffff/000000/1x1/lorc/wax-seal.svg
web-spit	lorc	CC-BY 3.0	svg,png	https://game-icons.net/1x1/lorc/web-spit.html	curl -O https://game-icons.net/icons/ffffff/000000/1x1/lorc/web-spit.svg
werewolf	lorc	CC-BY 3.0	svg,png	https://game-icons.net/1x1/lorc/werewolf.html	curl -O https://game-icons.net/icons/ffffff/000000/1x1/lorc/werewolf.svg
wheat	lorc	CC-BY 3.0	svg,png	https://game-icons.net/1x1/lorc/wheat.html	curl -O https://game-icons.net/icons/ffffff/000000/1x1/lorc/wheat.svg
whip	lorc	CC-BY 3.0	svg,png	https://game-icons.net/1x1/lorc/whip.html	curl -O https://game-icons.net/icons/ffffff/000000/1x1/lorc/whip.svg
whiplash	lorc	CC-BY 3.0	svg,png	https://game-icons.net/1x1/lorc/whiplash.html	curl -O https://game-icons.net/icons/ffffff/000000/1x1/lorc/whiplash.svg
whirlwind	lorc	CC-BY 3.0	svg,png	https://game-icons.net/1x1/lorc/whirlwind.html	curl -O https://game-icons.net/icons/ffffff/000000/1x1/lorc/whirlwind.svg
white-tower	lorc	CC-BY 3.0	svg,png	https://game-icons.net/1x1/lorc/white-tower.html	curl -O https://game-icons.net/icons/ffffff/000000/1x1/lorc/white-tower.svg
wide-arrow-dunk	lorc	CC-BY 3.0	svg,png	https://game-icons.net/1x1/lorc/wide-arrow-dunk.html	curl -O https://game-icons.net/icons/ffffff/000000/1x1/lorc/wide-arrow-dunk.svg
wildfires	lorc	CC-BY 3.0	svg,png	https://game-icons.net/1x1/lorc/wildfires.html	curl -O https://game-icons.net/icons/ffffff/000000/1x1/lorc/wildfires.svg
william-tell-skull	lorc	CC-BY 3.0	svg,png	https://game-icons.net/1x1/lorc/william-tell-skull.html	curl -O https://game-icons.net/icons/ffffff/000000/1x1/lorc/william-tell-skull.svg
william-tell	lorc	CC-BY 3.0	svg,png	https://game-icons.net/1x1/lorc/william-tell.html	curl -O https://game-icons.net/icons/ffffff/000000/1x1/lorc/william-tell.svg
wind-hole	lorc	CC-BY 3.0	svg,png	https://game-icons.net/1x1/lorc/wind-hole.html	curl -O https://game-icons.net/icons/ffffff/000000/1x1/lorc/wind-hole.svg
wind-slap	lorc	CC-BY 3.0	svg,png	https://game-icons.net/1x1/lorc/wind-slap.html	curl -O https://game-icons.net/icons/ffffff/000000/1x1/lorc/wind-slap.svg
windy-stripes	lorc	CC-BY 3.0	svg,png	https://game-icons.net/1x1/lorc/windy-stripes.html	curl -O https://game-icons.net/icons/ffffff/000000/1x1/lorc/windy-stripes.svg
wine-glass	lorc	CC-BY 3.0	svg,png	https://game-icons.net/1x1/lorc/wine-glass.html	curl -O https://game-icons.net/icons/ffffff/000000/1x1/lorc/wine-glass.svg
wing-cloak	lorc	CC-BY 3.0	svg,png	https://game-icons.net/1x1/lorc/wing-cloak.html	curl -O https://game-icons.net/icons/ffffff/000000/1x1/lorc/wing-cloak.svg
winged-arrow	lorc	CC-BY 3.0	svg,png	https://game-icons.net/1x1/lorc/winged-arrow.html	curl -O https://game-icons.net/icons/ffffff/000000/1x1/lorc/winged-arrow.svg
winged-emblem	lorc	CC-BY 3.0	svg,png	https://game-icons.net/1x1/lorc/winged-emblem.html	curl -O https://game-icons.net/icons/ffffff/000000/1x1/lorc/winged-emblem.svg
winged-leg	lorc	CC-BY 3.0	svg,png	https://game-icons.net/1x1/lorc/winged-leg.html	curl -O https://game-icons.net/icons/ffffff/000000/1x1/lorc/winged-leg.svg
winged-shield	lorc	CC-BY 3.0	svg,png	https://game-icons.net/1x1/lorc/winged-shield.html	curl -O https://game-icons.net/icons/ffffff/000000/1x1/lorc/winged-shield.svg
winged-sword	lorc	CC-BY 3.0	svg,png	https://game-icons.net/1x1/lorc/winged-sword.html	curl -O https://game-icons.net/icons/ffffff/000000/1x1/lorc/winged-sword.svg
wingfoot	lorc	CC-BY 3.0	svg,png	https://game-icons.net/1x1/lorc/wingfoot.html	curl -O https://game-icons.net/icons/ffffff/000000/1x1/lorc/wingfoot.svg
witch-flight	lorc	CC-BY 3.0	svg,png	https://game-icons.net/1x1/lorc/witch-flight.html	curl -O https://game-icons.net/icons/ffffff/000000/1x1/lorc/witch-flight.svg
wizard-staff	lorc	CC-BY 3.0	svg,png	https://game-icons.net/1x1/lorc/wizard-staff.html	curl -O https://game-icons.net/icons/ffffff/000000/1x1/lorc/wizard-staff.svg
wolf-head	lorc	CC-BY 3.0	svg,png	https://game-icons.net/1x1/lorc/wolf-head.html	curl -O https://game-icons.net/icons/ffffff/000000/1x1/lorc/wolf-head.svg
wolf-howl	lorc	CC-BY 3.0	svg,png	https://game-icons.net/1x1/lorc/wolf-howl.html	curl -O https://game-icons.net/icons/ffffff/000000/1x1/lorc/wolf-howl.svg
wolf-trap	lorc	CC-BY 3.0	svg,png	https://game-icons.net/1x1/lorc/wolf-trap.html	curl -O https://game-icons.net/icons/ffffff/000000/1x1/lorc/wolf-trap.svg
wolverine-claws	lorc	CC-BY 3.0	svg,png	https://game-icons.net/1x1/lorc/wolverine-claws.html	curl -O https://game-icons.net/icons/ffffff/000000/1x1/lorc/wolverine-claws.svg
wood-axe	lorc	CC-BY 3.0	svg,png	https://game-icons.net/1x1/lorc/wood-axe.html	curl -O https://game-icons.net/icons/ffffff/000000/1x1/lorc/wood-axe.svg
wooden-door	lorc	CC-BY 3.0	svg,png	https://game-icons.net/1x1/lorc/wooden-door.html	curl -O https://game-icons.net/icons/ffffff/000000/1x1/lorc/wooden-door.svg
wooden-fence	lorc	CC-BY 3.0	svg,png	https://game-icons.net/1x1/lorc/wooden-fence.html	curl -O https://game-icons.net/icons/ffffff/000000/1x1/lorc/wooden-fence.svg
wooden-sign	lorc	CC-BY 3.0	svg,png	https://game-icons.net/1x1/lorc/wooden-sign.html	curl -O https://game-icons.net/icons/ffffff/000000/1x1/lorc/wooden-sign.svg
world	lorc	CC-BY 3.0	svg,png	https://game-icons.net/1x1/lorc/world.html	curl -O https://game-icons.net/icons/ffffff/000000/1x1/lorc/world.svg
worm-mouth	lorc	CC-BY 3.0	svg,png	https://game-icons.net/1x1/lorc/worm-mouth.html	curl -O https://game-icons.net/icons/ffffff/000000/1x1/lorc/worm-mouth.svg
worried-eyes	lorc	CC-BY 3.0	svg,png	https://game-icons.net/1x1/lorc/worried-eyes.html	curl -O https://game-icons.net/icons/ffffff/000000/1x1/lorc/worried-eyes.svg
wrapped-heart	lorc	CC-BY 3.0	svg,png	https://game-icons.net/1x1/lorc/wrapped-heart.html	curl -O https://game-icons.net/icons/ffffff/000000/1x1/lorc/wrapped-heart.svg
wrapped-sweet	lorc	CC-BY 3.0	svg,png	https://game-icons.net/1x1/lorc/wrapped-sweet.html	curl -O https://game-icons.net/icons/ffffff/000000/1x1/lorc/wrapped-sweet.svg
wrapping-star	lorc	CC-BY 3.0	svg,png	https://game-icons.net/1x1/lorc/wrapping-star.html	curl -O https://game-icons.net/icons/ffffff/000000/1x1/lorc/wrapping-star.svg
wrecking-ball	lorc	CC-BY 3.0	svg,png	https://game-icons.net/1x1/lorc/wrecking-ball.html	curl -O https://game-icons.net/icons/ffffff/000000/1x1/lorc/wrecking-ball.svg
wyvern	lorc	CC-BY 3.0	svg,png	https://game-icons.net/1x1/lorc/wyvern.html	curl -O https://game-icons.net/icons/ffffff/000000/1x1/lorc/wyvern.svg
zebra-shield	lorc	CC-BY 3.0	svg,png	https://game-icons.net/1x1/lorc/zebra-shield.html	curl -O https://game-icons.net/icons/ffffff/000000/1x1/lorc/zebra-shield.svg
zeus-sword	lorc	CC-BY 3.0	svg,png	https://game-icons.net/1x1/lorc/zeus-sword.html	curl -O https://game-icons.net/icons/ffffff/000000/1x1/lorc/zeus-sword.svg
zig-arrow	lorc	CC-BY 3.0	svg,png	https://game-icons.net/1x1/lorc/zig-arrow.html	curl -O https://game-icons.net/icons/ffffff/000000/1x1/lorc/zig-arrow.svg
zigzag-cage	lorc	CC-BY 3.0	svg,png	https://game-icons.net/1x1/lorc/zigzag-cage.html	curl -O https://game-icons.net/icons/ffffff/000000/1x1/lorc/zigzag-cage.svg
zigzag-leaf	lorc	CC-BY 3.0	svg,png	https://game-icons.net/1x1/lorc/zigzag-leaf.html	curl -O https://game-icons.net/icons/ffffff/000000/1x1/lorc/zigzag-leaf.svg
zigzag-tune	lorc	CC-BY 3.0	svg,png	https://game-icons.net/1x1/lorc/zigzag-tune.html	curl -O https://game-icons.net/icons/ffffff/000000/1x1/lorc/zigzag-tune.svg
achievement	skoll	CC-BY 3.0	svg,png	https://game-icons.net/1x1/skoll/achievement.html	curl -O https://game-icons.net/icons/ffffff/000000/1x1/skoll/achievement.svg
air-force	skoll	CC-BY 3.0	svg,png	https://game-icons.net/1x1/skoll/air-force.html	curl -O https://game-icons.net/icons/ffffff/000000/1x1/skoll/air-force.svg
airplane	skoll	CC-BY 3.0	svg,png	https://game-icons.net/1x1/skoll/airplane.html	curl -O https://game-icons.net/icons/ffffff/000000/1x1/skoll/airplane.svg
ak47	skoll	CC-BY 3.0	svg,png	https://game-icons.net/1x1/skoll/ak47.html	curl -O https://game-icons.net/icons/ffffff/000000/1x1/skoll/ak47.svg
ak47u	skoll	CC-BY 3.0	svg,png	https://game-icons.net/1x1/skoll/ak47u.html	curl -O https://game-icons.net/icons/ffffff/000000/1x1/skoll/ak47u.svg
allied-star	skoll	CC-BY 3.0	svg,png	https://game-icons.net/1x1/skoll/allied-star.html	curl -O https://game-icons.net/icons/ffffff/000000/1x1/skoll/allied-star.svg
amethyst	skoll	CC-BY 3.0	svg,png	https://game-icons.net/1x1/skoll/amethyst.html	curl -O https://game-icons.net/icons/ffffff/000000/1x1/skoll/amethyst.svg
amputation	skoll	CC-BY 3.0	svg,png	https://game-icons.net/1x1/skoll/amputation.html	curl -O https://game-icons.net/icons/ffffff/000000/1x1/skoll/amputation.svg
apc	skoll	CC-BY 3.0	svg,png	https://game-icons.net/1x1/skoll/apc.html	curl -O https://game-icons.net/icons/ffffff/000000/1x1/skoll/apc.svg
atom	skoll	CC-BY 3.0	svg,png	https://game-icons.net/1x1/skoll/atom.html	curl -O https://game-icons.net/icons/ffffff/000000/1x1/skoll/atom.svg
balaclava	skoll	CC-BY 3.0	svg,png	https://game-icons.net/1x1/skoll/balaclava.html	curl -O https://game-icons.net/icons/ffffff/000000/1x1/skoll/balaclava.svg
balkenkreuz	skoll	CC-BY 3.0	svg,png	https://game-icons.net/1x1/skoll/balkenkreuz.html	curl -O https://game-icons.net/icons/ffffff/000000/1x1/skoll/balkenkreuz.svg
ballista	skoll	CC-BY 3.0	svg,png	https://game-icons.net/1x1/skoll/ballista.html	curl -O https://game-icons.net/icons/ffffff/000000/1x1/skoll/ballista.svg
bat	skoll	CC-BY 3.0	svg,png	https://game-icons.net/1x1/skoll/bat.html	curl -O https://game-icons.net/icons/ffffff/000000/1x1/skoll/bat.svg
baton	skoll	CC-BY 3.0	svg,png	https://game-icons.net/1x1/skoll/baton.html	curl -O https://game-icons.net/icons/ffffff/000000/1x1/skoll/baton.svg
bayonet	skoll	CC-BY 3.0	svg,png	https://game-icons.net/1x1/skoll/bayonet.html	curl -O https://game-icons.net/icons/ffffff/000000/1x1/skoll/bayonet.svg
big-diamond-ring	skoll	CC-BY 3.0	svg,png	https://game-icons.net/1x1/skoll/big-diamond-ring.html	curl -O https://game-icons.net/icons/ffffff/000000/1x1/skoll/big-diamond-ring.svg
blood	skoll	CC-BY 3.0	svg,png	https://game-icons.net/1x1/skoll/blood.html	curl -O https://game-icons.net/icons/ffffff/000000/1x1/skoll/blood.svg
bowie-knife	skoll	CC-BY 3.0	svg,png	https://game-icons.net/1x1/skoll/bowie-knife.html	curl -O https://game-icons.net/icons/ffffff/000000/1x1/skoll/bowie-knife.svg
box-trap	skoll	CC-BY 3.0	svg,png	https://game-icons.net/1x1/skoll/box-trap.html	curl -O https://game-icons.net/icons/ffffff/000000/1x1/skoll/box-trap.svg
bracers	skoll	CC-BY 3.0	svg,png	https://game-icons.net/1x1/skoll/bracers.html	curl -O https://game-icons.net/icons/ffffff/000000/1x1/skoll/bracers.svg
breaking-chain	skoll	CC-BY 3.0	svg,png	https://game-icons.net/1x1/skoll/breaking-chain.html	curl -O https://game-icons.net/icons/ffffff/000000/1x1/skoll/breaking-chain.svg
brodie-helmet	skoll	CC-BY 3.0	svg,png	https://game-icons.net/1x1/skoll/brodie-helmet.html	curl -O https://game-icons.net/icons/ffffff/000000/1x1/skoll/brodie-helmet.svg
bullseye	skoll	CC-BY 3.0	svg,png	https://game-icons.net/1x1/skoll/bullseye.html	curl -O https://game-icons.net/icons/ffffff/000000/1x1/skoll/bullseye.svg
bundle-grenade	skoll	CC-BY 3.0	svg,png	https://game-icons.net/1x1/skoll/bundle-grenade.html	curl -O https://game-icons.net/icons/ffffff/000000/1x1/skoll/bundle-grenade.svg
burning-skull	skoll	CC-BY 3.0	svg,png	https://game-icons.net/1x1/skoll/burning-skull.html	curl -O https://game-icons.net/icons/ffffff/000000/1x1/skoll/burning-skull.svg
butterfly-knife	skoll	CC-BY 3.0	svg,png	https://game-icons.net/1x1/skoll/butterfly-knife.html	curl -O https://game-icons.net/icons/ffffff/000000/1x1/skoll/butterfly-knife.svg
c96	skoll	CC-BY 3.0	svg,png	https://game-icons.net/1x1/skoll/c96.html	curl -O https://game-icons.net/icons/ffffff/000000/1x1/skoll/c96.svg
carpet-bombing	skoll	CC-BY 3.0	svg,png	https://game-icons.net/1x1/skoll/carpet-bombing.html	curl -O https://game-icons.net/icons/ffffff/000000/1x1/skoll/carpet-bombing.svg
cement-shoes	skoll	CC-BY 3.0	svg,png	https://game-icons.net/1x1/skoll/cement-shoes.html	curl -O https://game-icons.net/icons/ffffff/000000/1x1/skoll/cement-shoes.svg
chess-bishop	skoll	CC-BY 3.0	svg,png	https://game-icons.net/1x1/skoll/chess-bishop.html	curl -O https://game-icons.net/icons/ffffff/000000/1x1/skoll/chess-bishop.svg
chess-king	skoll	CC-BY 3.0	svg,png	https://game-icons.net/1x1/skoll/chess-king.html	curl -O https://game-icons.net/icons/ffffff/000000/1x1/skoll/chess-king.svg
chess-knight	skoll	CC-BY 3.0	svg,png	https://game-icons.net/1x1/skoll/chess-knight.html	curl -O https://game-icons.net/icons/ffffff/000000/1x1/skoll/chess-knight.svg
chess-pawn	skoll	CC-BY 3.0	svg,png	https://game-icons.net/1x1/skoll/chess-pawn.html	curl -O https://game-icons.net/icons/ffffff/000000/1x1/skoll/chess-pawn.svg
chess-queen	skoll	CC-BY 3.0	svg,png	https://game-icons.net/1x1/skoll/chess-queen.html	curl -O https://game-icons.net/icons/ffffff/000000/1x1/skoll/chess-queen.svg
chess-rook	skoll	CC-BY 3.0	svg,png	https://game-icons.net/1x1/skoll/chess-rook.html	curl -O https://game-icons.net/icons/ffffff/000000/1x1/skoll/chess-rook.svg
click	skoll	CC-BY 3.0	svg,png	https://game-icons.net/1x1/skoll/click.html	curl -O https://game-icons.net/icons/ffffff/000000/1x1/skoll/click.svg
clubs	skoll	CC-BY 3.0	svg,png	https://game-icons.net/1x1/skoll/clubs.html	curl -O https://game-icons.net/icons/ffffff/000000/1x1/skoll/clubs.svg
cobra	skoll	CC-BY 3.0	svg,png	https://game-icons.net/1x1/skoll/cobra.html	curl -O https://game-icons.net/icons/ffffff/000000/1x1/skoll/cobra.svg
colt-m1911	skoll	CC-BY 3.0	svg,png	https://game-icons.net/1x1/skoll/colt-m1911.html	curl -O https://game-icons.net/icons/ffffff/000000/1x1/skoll/colt-m1911.svg
combination-lock	skoll	CC-BY 3.0	svg,png	https://game-icons.net/1x1/skoll/combination-lock.html	curl -O https://game-icons.net/icons/ffffff/000000/1x1/skoll/combination-lock.svg
console-controller	skoll	CC-BY 3.0	svg,png	https://game-icons.net/1x1/skoll/console-controller.html	curl -O https://game-icons.net/icons/ffffff/000000/1x1/skoll/console-controller.svg
crescent-blade	skoll	CC-BY 3.0	svg,png	https://game-icons.net/1x1/skoll/crescent-blade.html	curl -O https://game-icons.net/icons/ffffff/000000/1x1/skoll/crescent-blade.svg
cultist	skoll	CC-BY 3.0	svg,png	https://game-icons.net/1x1/skoll/cultist.html	curl -O https://game-icons.net/icons/ffffff/000000/1x1/skoll/cultist.svg
cz-skorpion	skoll	CC-BY 3.0	svg,png	https://game-icons.net/1x1/skoll/cz-skorpion.html	curl -O https://game-icons.net/icons/ffffff/000000/1x1/skoll/cz-skorpion.svg
d10	skoll	CC-BY 3.0	svg,png	https://game-icons.net/1x1/skoll/d10.html	curl -O https://game-icons.net/icons/ffffff/000000/1x1/skoll/d10.svg
d12	skoll	CC-BY 3.0	svg,png	https://game-icons.net/1x1/skoll/d12.html	curl -O https://game-icons.net/icons/ffffff/000000/1x1/skoll/d12.svg
d4	skoll	CC-BY 3.0	svg,png	https://game-icons.net/1x1/skoll/d4.html	curl -O https://game-icons.net/icons/ffffff/000000/1x1/skoll/d4.svg
desert-eagle	skoll	CC-BY 3.0	svg,png	https://game-icons.net/1x1/skoll/desert-eagle.html	curl -O https://game-icons.net/icons/ffffff/000000/1x1/skoll/desert-eagle.svg
diamonds	skoll	CC-BY 3.0	svg,png	https://game-icons.net/1x1/skoll/diamonds.html	curl -O https://game-icons.net/icons/ffffff/000000/1x1/skoll/diamonds.svg
divided-square	skoll	CC-BY 3.0	svg,png	https://game-icons.net/1x1/skoll/divided-square.html	curl -O https://game-icons.net/icons/ffffff/000000/1x1/skoll/divided-square.svg
donkey	skoll	CC-BY 3.0	svg,png	https://game-icons.net/1x1/skoll/donkey.html	curl -O https://game-icons.net/icons/ffffff/000000/1x1/skoll/donkey.svg
dress	skoll	CC-BY 3.0	svg,png	https://game-icons.net/1x1/skoll/dress.html	curl -O https://game-icons.net/icons/ffffff/000000/1x1/skoll/dress.svg
drop-weapon	skoll	CC-BY 3.0	svg,png	https://game-icons.net/1x1/skoll/drop-weapon.html	curl -O https://game-icons.net/icons/ffffff/000000/1x1/skoll/drop-weapon.svg
evil-eyes	skoll	CC-BY 3.0	svg,png	https://game-icons.net/1x1/skoll/evil-eyes.html	curl -O https://game-icons.net/icons/ffffff/000000/1x1/skoll/evil-eyes.svg
f1-car	skoll	CC-BY 3.0	svg,png	https://game-icons.net/1x1/skoll/f1-car.html	curl -O https://game-icons.net/icons/ffffff/000000/1x1/skoll/f1-car.svg
famas	skoll	CC-BY 3.0	svg,png	https://game-icons.net/1x1/skoll/famas.html	curl -O https://game-icons.net/icons/ffffff/000000/1x1/skoll/famas.svg
fangs	skoll	CC-BY 3.0	svg,png	https://game-icons.net/1x1/skoll/fangs.html	curl -O https://game-icons.net/icons/ffffff/000000/1x1/skoll/fangs.svg
fat	skoll	CC-BY 3.0	svg,png	https://game-icons.net/1x1/skoll/fat.html	curl -O https://game-icons.net/icons/ffffff/000000/1x1/skoll/fat.svg
fetus	skoll	CC-BY 3.0	svg,png	https://game-icons.net/1x1/skoll/fetus.html	curl -O https://game-icons.net/icons/ffffff/000000/1x1/skoll/fetus.svg
fist	skoll	CC-BY 3.0	svg,png	https://game-icons.net/1x1/skoll/fist.html	curl -O https://game-icons.net/icons/ffffff/000000/1x1/skoll/fist.svg
flatbed-covered	skoll	CC-BY 3.0	svg,png	https://game-icons.net/1x1/skoll/flatbed-covered.html	curl -O https://game-icons.net/icons/ffffff/000000/1x1/skoll/flatbed-covered.svg
flatbed	skoll	CC-BY 3.0	svg,png	https://game-icons.net/1x1/skoll/flatbed.html	curl -O https://game-icons.net/icons/ffffff/000000/1x1/skoll/flatbed.svg
fn-fal	skoll	CC-BY 3.0	svg,png	https://game-icons.net/1x1/skoll/fn-fal.html	curl -O https://game-icons.net/icons/ffffff/000000/1x1/skoll/fn-fal.svg
footsteps	skoll	CC-BY 3.0	svg,png	https://game-icons.net/1x1/skoll/footsteps.html	curl -O https://game-icons.net/icons/ffffff/000000/1x1/skoll/footsteps.svg
fruit-bowl	skoll	CC-BY 3.0	svg,png	https://game-icons.net/1x1/skoll/fruit-bowl.html	curl -O https://game-icons.net/icons/ffffff/000000/1x1/skoll/fruit-bowl.svg
gas-mask	skoll	CC-BY 3.0	svg,png	https://game-icons.net/1x1/skoll/gas-mask.html	curl -O https://game-icons.net/icons/ffffff/000000/1x1/skoll/gas-mask.svg
gladius	skoll	CC-BY 3.0	svg,png	https://game-icons.net/1x1/skoll/gladius.html	curl -O https://game-icons.net/icons/ffffff/000000/1x1/skoll/gladius.svg
glider	skoll	CC-BY 3.0	svg,png	https://game-icons.net/1x1/skoll/glider.html	curl -O https://game-icons.net/icons/ffffff/000000/1x1/skoll/glider.svg
glock	skoll	CC-BY 3.0	svg,png	https://game-icons.net/1x1/skoll/glock.html	curl -O https://game-icons.net/icons/ffffff/000000/1x1/skoll/glock.svg
goat	skoll	CC-BY 3.0	svg,png	https://game-icons.net/1x1/skoll/goat.html	curl -O https://game-icons.net/icons/ffffff/000000/1x1/skoll/goat.svg
halt	skoll	CC-BY 3.0	svg,png	https://game-icons.net/1x1/skoll/halt.html	curl -O https://game-icons.net/icons/ffffff/000000/1x1/skoll/halt.svg
ham-shank	skoll	CC-BY 3.0	svg,png	https://game-icons.net/1x1/skoll/ham-shank.html	curl -O https://game-icons.net/icons/ffffff/000000/1x1/skoll/ham-shank.svg
hang-glider	skoll	CC-BY 3.0	svg,png	https://game-icons.net/1x1/skoll/hang-glider.html	curl -O https://game-icons.net/icons/ffffff/000000/1x1/skoll/hang-glider.svg
hasty-grave	skoll	CC-BY 3.0	svg,png	https://game-icons.net/1x1/skoll/hasty-grave.html	curl -O https://game-icons.net/icons/ffffff/000000/1x1/skoll/hasty-grave.svg
headshot	skoll	CC-BY 3.0	svg,png	https://game-icons.net/1x1/skoll/headshot.html	curl -O https://game-icons.net/icons/ffffff/000000/1x1/skoll/headshot.svg
hearing-disabled	skoll	CC-BY 3.0	svg,png	https://game-icons.net/1x1/skoll/hearing-disabled.html	curl -O https://game-icons.net/icons/ffffff/000000/1x1/skoll/hearing-disabled.svg
hearts	skoll	CC-BY 3.0	svg,png	https://game-icons.net/1x1/skoll/hearts.html	curl -O https://game-icons.net/icons/ffffff/000000/1x1/skoll/hearts.svg
hexes	skoll	CC-BY 3.0	svg,png	https://game-icons.net/1x1/skoll/hexes.html	curl -O https://game-icons.net/icons/ffffff/000000/1x1/skoll/hexes.svg
inverted-dice-1	skoll	CC-BY 3.0	svg,png	https://game-icons.net/1x1/skoll/inverted-dice-1.html	curl -O https://game-icons.net/icons/ffffff/000000/1x1/skoll/inverted-dice-1.svg
inverted-dice-2	skoll	CC-BY 3.0	svg,png	https://game-icons.net/1x1/skoll/inverted-dice-2.html	curl -O https://game-icons.net/icons/ffffff/000000/1x1/skoll/inverted-dice-2.svg
inverted-dice-3	skoll	CC-BY 3.0	svg,png	https://game-icons.net/1x1/skoll/inverted-dice-3.html	curl -O https://game-icons.net/icons/ffffff/000000/1x1/skoll/inverted-dice-3.svg
inverted-dice-4	skoll	CC-BY 3.0	svg,png	https://game-icons.net/1x1/skoll/inverted-dice-4.html	curl -O https://game-icons.net/icons/ffffff/000000/1x1/skoll/inverted-dice-4.svg
inverted-dice-5	skoll	CC-BY 3.0	svg,png	https://game-icons.net/1x1/skoll/inverted-dice-5.html	curl -O https://game-icons.net/icons/ffffff/000000/1x1/skoll/inverted-dice-5.svg
inverted-dice-6	skoll	CC-BY 3.0	svg,png	https://game-icons.net/1x1/skoll/inverted-dice-6.html	curl -O https://game-icons.net/icons/ffffff/000000/1x1/skoll/inverted-dice-6.svg
iron-cross	skoll	CC-BY 3.0	svg,png	https://game-icons.net/1x1/skoll/iron-cross.html	curl -O https://game-icons.net/icons/ffffff/000000/1x1/skoll/iron-cross.svg
jeep	skoll	CC-BY 3.0	svg,png	https://game-icons.net/1x1/skoll/jeep.html	curl -O https://game-icons.net/icons/ffffff/000000/1x1/skoll/jeep.svg
joint	skoll	CC-BY 3.0	svg,png	https://game-icons.net/1x1/skoll/joint.html	curl -O https://game-icons.net/icons/ffffff/000000/1x1/skoll/joint.svg
kevlar-vest	skoll	CC-BY 3.0	svg,png	https://game-icons.net/1x1/skoll/kevlar-vest.html	curl -O https://game-icons.net/icons/ffffff/000000/1x1/skoll/kevlar-vest.svg
knockout	skoll	CC-BY 3.0	svg,png	https://game-icons.net/1x1/skoll/knockout.html	curl -O https://game-icons.net/icons/ffffff/000000/1x1/skoll/knockout.svg
laser-burst	skoll	CC-BY 3.0	svg,png	https://game-icons.net/1x1/skoll/laser-burst.html	curl -O https://game-icons.net/icons/ffffff/000000/1x1/skoll/laser-burst.svg
lee-enfield	skoll	CC-BY 3.0	svg,png	https://game-icons.net/1x1/skoll/lee-enfield.html	curl -O https://game-icons.net/icons/ffffff/000000/1x1/skoll/lee-enfield.svg
logging	skoll	CC-BY 3.0	svg,png	https://game-icons.net/1x1/skoll/logging.html	curl -O https://game-icons.net/icons/ffffff/000000/1x1/skoll/logging.svg
long-legged-spider	skoll	CC-BY 3.0	svg,png	https://game-icons.net/1x1/skoll/long-legged-spider.html	curl -O https://game-icons.net/icons/ffffff/000000/1x1/skoll/long-legged-spider.svg
luger	skoll	CC-BY 3.0	svg,png	https://game-icons.net/1x1/skoll/luger.html	curl -O https://game-icons.net/icons/ffffff/000000/1x1/skoll/luger.svg
m3-grease-gun	skoll	CC-BY 3.0	svg,png	https://game-icons.net/1x1/skoll/m3-grease-gun.html	curl -O https://game-icons.net/icons/ffffff/000000/1x1/skoll/m3-grease-gun.svg
mac-10	skoll	CC-BY 3.0	svg,png	https://game-icons.net/1x1/skoll/mac-10.html	curl -O https://game-icons.net/icons/ffffff/000000/1x1/skoll/mac-10.svg
machine-gun	skoll	CC-BY 3.0	svg,png	https://game-icons.net/1x1/skoll/machine-gun.html	curl -O https://game-icons.net/icons/ffffff/000000/1x1/skoll/machine-gun.svg
minefield	skoll	CC-BY 3.0	svg,png	https://game-icons.net/1x1/skoll/minefield.html	curl -O https://game-icons.net/icons/ffffff/000000/1x1/skoll/minefield.svg
molecule	skoll	CC-BY 3.0	svg,png	https://game-icons.net/1x1/skoll/molecule.html	curl -O https://game-icons.net/icons/ffffff/000000/1x1/skoll/molecule.svg
mounted-knight	skoll	CC-BY 3.0	svg,png	https://game-icons.net/1x1/skoll/mounted-knight.html	curl -O https://game-icons.net/icons/ffffff/000000/1x1/skoll/mounted-knight.svg
mp-40	skoll	CC-BY 3.0	svg,png	https://game-icons.net/1x1/skoll/mp-40.html	curl -O https://game-icons.net/icons/ffffff/000000/1x1/skoll/mp-40.svg
mp5	skoll	CC-BY 3.0	svg,png	https://game-icons.net/1x1/skoll/mp5.html	curl -O https://game-icons.net/icons/ffffff/000000/1x1/skoll/mp5.svg
mp5k	skoll	CC-BY 3.0	svg,png	https://game-icons.net/1x1/skoll/mp5k.html	curl -O https://game-icons.net/icons/ffffff/000000/1x1/skoll/mp5k.svg
musket	skoll	CC-BY 3.0	svg,png	https://game-icons.net/1x1/skoll/musket.html	curl -O https://game-icons.net/icons/ffffff/000000/1x1/skoll/musket.svg
nuclear-bomb	skoll	CC-BY 3.0	svg,png	https://game-icons.net/1x1/skoll/nuclear-bomb.html	curl -O https://game-icons.net/icons/ffffff/000000/1x1/skoll/nuclear-bomb.svg
oil-drum	skoll	CC-BY 3.0	svg,png	https://game-icons.net/1x1/skoll/oil-drum.html	curl -O https://game-icons.net/icons/ffffff/000000/1x1/skoll/oil-drum.svg
open-chest	skoll	CC-BY 3.0	svg,png	https://game-icons.net/1x1/skoll/open-chest.html	curl -O https://game-icons.net/icons/ffffff/000000/1x1/skoll/open-chest.svg
open-palm	skoll	CC-BY 3.0	svg,png	https://game-icons.net/1x1/skoll/open-palm.html	curl -O https://game-icons.net/icons/ffffff/000000/1x1/skoll/open-palm.svg
open-treasure-chest	skoll	CC-BY 3.0	svg,png	https://game-icons.net/1x1/skoll/open-treasure-chest.html	curl -O https://game-icons.net/icons/ffffff/000000/1x1/skoll/open-treasure-chest.svg
orbit	skoll	CC-BY 3.0	svg,png	https://game-icons.net/1x1/skoll/orbit.html	curl -O https://game-icons.net/icons/ffffff/000000/1x1/skoll/orbit.svg
p90	skoll	CC-BY 3.0	svg,png	https://game-icons.net/1x1/skoll/p90.html	curl -O https://game-icons.net/icons/ffffff/000000/1x1/skoll/p90.svg
pauldrons	skoll	CC-BY 3.0	svg,png	https://game-icons.net/1x1/skoll/pauldrons.html	curl -O https://game-icons.net/icons/ffffff/000000/1x1/skoll/pauldrons.svg
pc	skoll	CC-BY 3.0	svg,png	https://game-icons.net/1x1/skoll/pc.html	curl -O https://game-icons.net/icons/ffffff/000000/1x1/skoll/pc.svg
pegasus	skoll	CC-BY 3.0	svg,png	https://game-icons.net/1x1/skoll/pegasus.html	curl -O https://game-icons.net/icons/ffffff/000000/1x1/skoll/pegasus.svg
pentacle	skoll	CC-BY 3.0	svg,png	https://game-icons.net/1x1/skoll/pentacle.html	curl -O https://game-icons.net/icons/ffffff/000000/1x1/skoll/pentacle.svg
pestle-mortar	skoll	CC-BY 3.0	svg,png	https://game-icons.net/1x1/skoll/pestle-mortar.html	curl -O https://game-icons.net/icons/ffffff/000000/1x1/skoll/pestle-mortar.svg
pickelhaube	skoll	CC-BY 3.0	svg,png	https://game-icons.net/1x1/skoll/pickelhaube.html	curl -O https://game-icons.net/icons/ffffff/000000/1x1/skoll/pickelhaube.svg
pig	skoll	CC-BY 3.0	svg,png	https://game-icons.net/1x1/skoll/pig.html	curl -O https://game-icons.net/icons/ffffff/000000/1x1/skoll/pig.svg
platform	skoll	CC-BY 3.0	svg,png	https://game-icons.net/1x1/skoll/platform.html	curl -O https://game-icons.net/icons/ffffff/000000/1x1/skoll/platform.svg
pocket-watch	skoll	CC-BY 3.0	svg,png	https://game-icons.net/1x1/skoll/pocket-watch.html	curl -O https://game-icons.net/icons/ffffff/000000/1x1/skoll/pocket-watch.svg
pteruges	skoll	CC-BY 3.0	svg,png	https://game-icons.net/1x1/skoll/pteruges.html	curl -O https://game-icons.net/icons/ffffff/000000/1x1/skoll/pteruges.svg
race-car	skoll	CC-BY 3.0	svg,png	https://game-icons.net/1x1/skoll/race-car.html	curl -O https://game-icons.net/icons/ffffff/000000/1x1/skoll/race-car.svg
raise-skeleton	skoll	CC-BY 3.0	svg,png	https://game-icons.net/1x1/skoll/raise-skeleton.html	curl -O https://game-icons.net/icons/ffffff/000000/1x1/skoll/raise-skeleton.svg
raise-zombie	skoll	CC-BY 3.0	svg,png	https://game-icons.net/1x1/skoll/raise-zombie.html	curl -O https://game-icons.net/icons/ffffff/000000/1x1/skoll/raise-zombie.svg
rank-1	skoll	CC-BY 3.0	svg,png	https://game-icons.net/1x1/skoll/rank-1.html	curl -O https://game-icons.net/icons/ffffff/000000/1x1/skoll/rank-1.svg
rank-2	skoll	CC-BY 3.0	svg,png	https://game-icons.net/1x1/skoll/rank-2.html	curl -O https://game-icons.net/icons/ffffff/000000/1x1/skoll/rank-2.svg
rank-3	skoll	CC-BY 3.0	svg,png	https://game-icons.net/1x1/skoll/rank-3.html	curl -O https://game-icons.net/icons/ffffff/000000/1x1/skoll/rank-3.svg
read	skoll	CC-BY 3.0	svg,png	https://game-icons.net/1x1/skoll/read.html	curl -O https://game-icons.net/icons/ffffff/000000/1x1/skoll/read.svg
retro-controller	skoll	CC-BY 3.0	svg,png	https://game-icons.net/1x1/skoll/retro-controller.html	curl -O https://game-icons.net/icons/ffffff/000000/1x1/skoll/retro-controller.svg
revolver	skoll	CC-BY 3.0	svg,png	https://game-icons.net/1x1/skoll/revolver.html	curl -O https://game-icons.net/icons/ffffff/000000/1x1/skoll/revolver.svg
sea-creature	skoll	CC-BY 3.0	svg,png	https://game-icons.net/1x1/skoll/sea-creature.html	curl -O https://game-icons.net/icons/ffffff/000000/1x1/skoll/sea-creature.svg
shield-disabled	skoll	CC-BY 3.0	svg,png	https://game-icons.net/1x1/skoll/shield-disabled.html	curl -O https://game-icons.net/icons/ffffff/000000/1x1/skoll/shield-disabled.svg
siege-ram	skoll	CC-BY 3.0	svg,png	https://game-icons.net/1x1/skoll/siege-ram.html	curl -O https://game-icons.net/icons/ffffff/000000/1x1/skoll/siege-ram.svg
sight-disabled	skoll	CC-BY 3.0	svg,png	https://game-icons.net/1x1/skoll/sight-disabled.html	curl -O https://game-icons.net/icons/ffffff/000000/1x1/skoll/sight-disabled.svg
siren	skoll	CC-BY 3.0	svg,png	https://game-icons.net/1x1/skoll/siren.html	curl -O https://game-icons.net/icons/ffffff/000000/1x1/skoll/siren.svg
skeleton	skoll	CC-BY 3.0	svg,png	https://game-icons.net/1x1/skoll/skeleton.html	curl -O https://game-icons.net/icons/ffffff/000000/1x1/skoll/skeleton.svg
smartphone	skoll	CC-BY 3.0	svg,png	https://game-icons.net/1x1/skoll/smartphone.html	curl -O https://game-icons.net/icons/ffffff/000000/1x1/skoll/smartphone.svg
solar-power	skoll	CC-BY 3.0	svg,png	https://game-icons.net/1x1/skoll/solar-power.html	curl -O https://game-icons.net/icons/ffffff/000000/1x1/skoll/solar-power.svg
sound-waves	skoll	CC-BY 3.0	svg,png	https://game-icons.net/1x1/skoll/sound-waves.html	curl -O https://game-icons.net/icons/ffffff/000000/1x1/skoll/sound-waves.svg
spades	skoll	CC-BY 3.0	svg,png	https://game-icons.net/1x1/skoll/spades.html	curl -O https://game-icons.net/icons/ffffff/000000/1x1/skoll/spades.svg
spectre-m4	skoll	CC-BY 3.0	svg,png	https://game-icons.net/1x1/skoll/spectre-m4.html	curl -O https://game-icons.net/icons/ffffff/000000/1x1/skoll/spectre-m4.svg
spiked-ball	skoll	CC-BY 3.0	svg,png	https://game-icons.net/1x1/skoll/spiked-ball.html	curl -O https://game-icons.net/icons/ffffff/000000/1x1/skoll/spiked-ball.svg
spiked-bat	skoll	CC-BY 3.0	svg,png	https://game-icons.net/1x1/skoll/spiked-bat.html	curl -O https://game-icons.net/icons/ffffff/000000/1x1/skoll/spiked-bat.svg
spinning-top	skoll	CC-BY 3.0	svg,png	https://game-icons.net/1x1/skoll/spinning-top.html	curl -O https://game-icons.net/icons/ffffff/000000/1x1/skoll/spinning-top.svg
spotted-bug	skoll	CC-BY 3.0	svg,png	https://game-icons.net/1x1/skoll/spotted-bug.html	curl -O https://game-icons.net/icons/ffffff/000000/1x1/skoll/spotted-bug.svg
stahlhelm	skoll	CC-BY 3.0	svg,png	https://game-icons.net/1x1/skoll/stahlhelm.html	curl -O https://game-icons.net/icons/ffffff/000000/1x1/skoll/stahlhelm.svg
steel-claws	skoll	CC-BY 3.0	svg,png	https://game-icons.net/1x1/skoll/steel-claws.html	curl -O https://game-icons.net/icons/ffffff/000000/1x1/skoll/steel-claws.svg
steel-door	skoll	CC-BY 3.0	svg,png	https://game-icons.net/1x1/skoll/steel-door.html	curl -O https://game-icons.net/icons/ffffff/000000/1x1/skoll/steel-door.svg
steyr-aug	skoll	CC-BY 3.0	svg,png	https://game-icons.net/1x1/skoll/steyr-aug.html	curl -O https://game-icons.net/icons/ffffff/000000/1x1/skoll/steyr-aug.svg
stick-grenade	skoll	CC-BY 3.0	svg,png	https://game-icons.net/1x1/skoll/stick-grenade.html	curl -O https://game-icons.net/icons/ffffff/000000/1x1/skoll/stick-grenade.svg
stiletto	skoll	CC-BY 3.0	svg,png	https://game-icons.net/1x1/skoll/stiletto.html	curl -O https://game-icons.net/icons/ffffff/000000/1x1/skoll/stiletto.svg
stopwatch	skoll	CC-BY 3.0	svg,png	https://game-icons.net/1x1/skoll/stopwatch.html	curl -O https://game-icons.net/icons/ffffff/000000/1x1/skoll/stopwatch.svg
swirled-shell	skoll	CC-BY 3.0	svg,png	https://game-icons.net/1x1/skoll/swirled-shell.html	curl -O https://game-icons.net/icons/ffffff/000000/1x1/skoll/swirled-shell.svg
switchblade	skoll	CC-BY 3.0	svg,png	https://game-icons.net/1x1/skoll/switchblade.html	curl -O https://game-icons.net/icons/ffffff/000000/1x1/skoll/switchblade.svg
tablet	skoll	CC-BY 3.0	svg,png	https://game-icons.net/1x1/skoll/tablet.html	curl -O https://game-icons.net/icons/ffffff/000000/1x1/skoll/tablet.svg
talk	skoll	CC-BY 3.0	svg,png	https://game-icons.net/1x1/skoll/talk.html	curl -O https://game-icons.net/icons/ffffff/000000/1x1/skoll/talk.svg
tank-tread	skoll	CC-BY 3.0	svg,png	https://game-icons.net/1x1/skoll/tank-tread.html	curl -O https://game-icons.net/icons/ffffff/000000/1x1/skoll/tank-tread.svg
tec-9	skoll	CC-BY 3.0	svg,png	https://game-icons.net/1x1/skoll/tec-9.html	curl -O https://game-icons.net/icons/ffffff/000000/1x1/skoll/tec-9.svg
telescopic-baton	skoll	CC-BY 3.0	svg,png	https://game-icons.net/1x1/skoll/telescopic-baton.html	curl -O https://game-icons.net/icons/ffffff/000000/1x1/skoll/telescopic-baton.svg
teller-mine	skoll	CC-BY 3.0	svg,png	https://game-icons.net/1x1/skoll/teller-mine.html	curl -O https://game-icons.net/icons/ffffff/000000/1x1/skoll/teller-mine.svg
thompson-m1	skoll	CC-BY 3.0	svg,png	https://game-icons.net/1x1/skoll/thompson-m1.html	curl -O https://game-icons.net/icons/ffffff/000000/1x1/skoll/thompson-m1.svg
thompson-m1928	skoll	CC-BY 3.0	svg,png	https://game-icons.net/1x1/skoll/thompson-m1928.html	curl -O https://game-icons.net/icons/ffffff/000000/1x1/skoll/thompson-m1928.svg
topaz	skoll	CC-BY 3.0	svg,png	https://game-icons.net/1x1/skoll/topaz.html	curl -O https://game-icons.net/icons/ffffff/000000/1x1/skoll/topaz.svg
trench-body-armor	skoll	CC-BY 3.0	svg,png	https://game-icons.net/1x1/skoll/trench-body-armor.html	curl -O https://game-icons.net/icons/ffffff/000000/1x1/skoll/trench-body-armor.svg
trench-knife	skoll	CC-BY 3.0	svg,png	https://game-icons.net/1x1/skoll/trench-knife.html	curl -O https://game-icons.net/icons/ffffff/000000/1x1/skoll/trench-knife.svg
trench-spade	skoll	CC-BY 3.0	svg,png	https://game-icons.net/1x1/skoll/trench-spade.html	curl -O https://game-icons.net/icons/ffffff/000000/1x1/skoll/trench-spade.svg
troll	skoll	CC-BY 3.0	svg,png	https://game-icons.net/1x1/skoll/troll.html	curl -O https://game-icons.net/icons/ffffff/000000/1x1/skoll/troll.svg
walther-ppk	skoll	CC-BY 3.0	svg,png	https://game-icons.net/1x1/skoll/walther-ppk.html	curl -O https://game-icons.net/icons/ffffff/000000/1x1/skoll/walther-ppk.svg
winchester-rifle	skoll	CC-BY 3.0	svg,png	https://game-icons.net/1x1/skoll/winchester-rifle.html	curl -O https://game-icons.net/icons/ffffff/000000/1x1/skoll/winchester-rifle.svg
wooden-helmet	skoll	CC-BY 3.0	svg,png	https://game-icons.net/1x1/skoll/wooden-helmet.html	curl -O https://game-icons.net/icons/ffffff/000000/1x1/skoll/wooden-helmet.svg
zeppelin	skoll	CC-BY 3.0	svg,png	https://game-icons.net/1x1/skoll/zeppelin.html	curl -O https://game-icons.net/icons/ffffff/000000/1x1/skoll/zeppelin.svg
