id	ten	tac_gia	license	loai	nguon	dinh_dang	tu_khoa	ghi_cong	cach_lay
8137ed46-30f0-40c8-b6cd-cd188a01c9f1	PRT Military Order of the Tower and of the Sword - Knight BAR	Portunes, 燃灯	CC-BY 3.0	illustration	wikimedia	svg	sword	"PRT Military Order of the Tower and of the Sword - Knight BAR" by Portunes, 燃灯 is licensed under CC BY 3.0. To view a copy of this license, visit https://creativecommons.org/licenses/by/3.0/.	curl -O "https://upload.wikimedia.org/wikipedia/commons/d/d8/PRT_Military_Order_of_the_Tower_and_of_the_Sword_-_Knight_BAR.svg"
a8be7631-6baa-46ef-adf1-9f74bf7bdc01	Sword battleaxe shield	ryanlerch	CC0	illustration	wikimedia	svg	sword	"Sword battleaxe shield" by ryanlerch is marked with CC0 1.0. To view the terms, visit https://creativecommons.org/publicdomain/zero/1.0/deed.en/.	curl -O "https://upload.wikimedia.org/wikipedia/commons/4/43/Sword_battleaxe_shield.svg"
dd4f6c1e-2655-49fd-a788-431543d7babc	RUS For Merit to the Fatherland Order 4th class with swords ribbon	Toghrul R	CC-BY 4.0	illustration	wikimedia	svg	sword	"RUS For Merit to the Fatherland Order 4th class with swords ribbon" by Toghrul R is licensed under CC BY 4.0. To view a copy of this license, visit https://creativecommons.org/licenses/by/4.0/.	curl -O "https://upload.wikimedia.org/wikipedia/commons/c/cc/RUS_For_Merit_to_the_Fatherland_Order_4th_class_with_swords_ribbon.svg"
dc61b664-acf9-41e7-9cb3-34e9472ee51a	RUS For Merit to the Fatherland Order 3rd class with swords ribbon	Toghrul R	CC-BY 4.0	illustration	wikimedia	svg	sword	"RUS For Merit to the Fatherland Order 3rd class with swords ribbon" by Toghrul R is licensed under CC BY 4.0. To view a copy of this license, visit https://creativecommons.org/licenses/by/4.0/.	curl -O "https://upload.wikimedia.org/wikipedia/commons/b/b0/RUS_For_Merit_to_the_Fatherland_Order_3rd_class_with_swords_ribbon.svg"
f3d090d8-4ecf-4439-a796-b67c390988b8	Distribution of Bronze Swords in Northeast Asia	AsPJT	CC0	illustration	wikimedia	svg	sword	"Distribution of Bronze Swords in Northeast Asia" by AsPJT is marked with CC0 1.0. To view the terms, visit https://creativecommons.org/publicdomain/zero/1.0/deed.en/.	curl -O "https://upload.wikimedia.org/wikipedia/commons/8/84/Distribution_of_Bronze_Swords_in_Northeast_Asia.svg"
930ffb9a-1e91-45bc-9ab0-636c828c0c7b	RUS Saint Andrew the Apostle the First-Called Order with swords ribbon	Toghrul R	CC-BY 4.0	illustration	wikimedia	svg	sword	"RUS Saint Andrew the Apostle the First-Called Order with swords ribbon" by Toghrul R is licensed under CC BY 4.0. To view a copy of this license, visit https://creativecommons.org/licenses/by/4.0/.	curl -O "https://upload.wikimedia.org/wikipedia/commons/9/97/RUS_Saint_Andrew_the_Apostle_the_First-Called_Order_with_swords_ribbon.svg"
5249a9df-8f62-4f66-a237-fe217b84aa16	Sword centers Japan	Provinces_of_Japan-Sagami.svg: Ash_Crow derivative work: bamse (talk)	CC-BY 2.5	illustration	wikimedia	svg	sword	"Sword centers Japan" by Provinces_of_Japan-Sagami.svg: Ash_Crow derivative work: bamse (talk) is licensed under CC BY 2.5. To view a copy of this license, visit https://creativecommons.org/licenses/by/2.5/.	curl -O "https://upload.wikimedia.org/wikipedia/commons/4/49/Sword_centers_Japan.svg"
fc27aeec-72a8-4ce1-9795-2d100d1afd5c	Long sword	nicubunu	CC0	illustration	wikimedia	svg	sword	"Long sword" by nicubunu is marked with CC0 1.0. To view the terms, visit https://creativecommons.org/publicdomain/zero/1.0/deed.en/.	curl -O "https://upload.wikimedia.org/wikipedia/commons/4/44/Long_sword.svg"
969ad3cc-a9f2-4b0d-b584-ddf6dc8125c1	Kingdom of Iran Symbol Lion Sun Crown with Sword (Pahlavi Dynasty)	Kingdom of Iran	CC0	illustration	wikimedia	svg	sword	"Kingdom of Iran Symbol Lion Sun Crown with Sword (Pahlavi Dynasty)" by Kingdom of Iran is marked with CC0 1.0. To view the terms, visit https://creativecommons.org/publicdomain/zero/1.0/deed.en.	curl -O "https://upload.wikimedia.org/wikipedia/commons/8/82/Kingdom_of_Iran_Symbol_Lion_Sun_Crown_with_Sword_%28Pahlavi_Dynasty%29.svg"
4e12c53b-bbb0-4d9e-bb37-d6426a0a23dc	Kingdom of Iran Emblem Lion Sun Crown with Sword (Pahlavi Monarchy)	Fans of Kingdom of Iran	CC0	illustration	wikimedia	svg	sword	"Kingdom of Iran Emblem Lion Sun Crown with Sword (Pahlavi Monarchy)" by Fans of Kingdom of Iran is marked with CC0 1.0. To view the terms, visit https://creativecommons.org/publicdomain/zero/1.0/deed.en/.	curl -O "https://upload.wikimedia.org/wikipedia/commons/7/71/Kingdom_of_Iran_Emblem_Lion_Sun_Crown_with_Sword_%28Pahlavi_Monarchy%29.svg"
d8a90987-a533-4a16-aabd-4e81fef72b93	G'Baya Sword	redrawing after File:G'Baya Sword.jpg – Lothar; Perhelion	CC-BY 3.0	illustration	wikimedia	svg	sword	"G'Baya Sword" by redrawing after File:G'Baya Sword.jpg – Lothar; Perhelion is licensed under CC BY 3.0. To view a copy of this license, visit https://creativecommons.org/licenses/by/3.0/.	curl -O "https://upload.wikimedia.org/wikipedia/commons/6/68/G%27Baya_Sword.svg"
0aa72b56-6499-46ea-aeaf-802172c1b78e	Jeweled Sword	lilking	CC0	illustration	wikimedia	svg	sword	"Jeweled Sword" by lilking is marked with CC0 1.0. To view the terms, visit https://creativecommons.org/publicdomain/zero/1.0/deed.en/.	curl -O "https://upload.wikimedia.org/wikipedia/commons/e/ef/Jeweled_Sword.svg"
4b6c25df-87c2-4f93-93c1-f9bb34c7da1a	Sword parts-ro	This SVG image was created by Medium69. Cette image SVG a été créée par Medium69. Please credit this : William Crochot	CC-BY 3.0	illustration	wikimedia	svg	sword	"Sword parts-ro" by This SVG image was created by Medium69. Cette image SVG a été créée par Medium69. Please credit this : William Crochot is licensed under CC BY 3.0. To view a copy of this license, visit https://creativecommons.org/licenses/by/3.0/.	curl -O "https://upload.wikimedia.org/wikipedia/commons/c/c5/Sword_parts-ro.svg"
84933239-e2f6-48f9-86fa-26b1242a8bf8	Bilbo Sword	algotruneman	CC0	illustration	wikimedia	svg	sword	"Bilbo Sword" by algotruneman is marked with CC0 1.0. To view the terms, visit https://creativecommons.org/publicdomain/zero/1.0/deed.en/.	curl -O "https://upload.wikimedia.org/wikipedia/commons/e/ee/Bilbo_Sword.svg"
2b07fca9-2132-4807-bb2d-9bd7a9d3b076	Zenithia Sword	Anidae	CC0	illustration	wikimedia	svg	sword	"Zenithia Sword" by Anidae is marked with CC0 1.0. To view the terms, visit https://creativecommons.org/publicdomain/zero/1.0/deed.en/.	curl -O "https://upload.wikimedia.org/wikipedia/commons/c/c9/Zenithia_Sword.svg"
a6e79ab9-739f-4e24-a32d-3380b8786814	Sword owl	rones	CC0	illustration	wikimedia	svg	sword	"Sword owl" by rones is marked with CC0 1.0. To view the terms, visit https://creativecommons.org/publicdomain/zero/1.0/deed.en/.	curl -O "https://upload.wikimedia.org/wikipedia/commons/c/ce/Sword_owl.svg"
aadf7656-f56b-4287-92ba-c45a9b4069ab	Sword arm	EugeneZelenko	CC-BY 4.0	illustration	wikimedia	svg	sword	"Sword arm" by EugeneZelenko is licensed under CC BY 4.0. To view a copy of this license, visit https://creativecommons.org/licenses/by/4.0/.	curl -O "https://upload.wikimedia.org/wikipedia/commons/5/58/Sword_arm.svg"
1ea9ab9d-b55b-43fe-a78c-077896c71b9f	Rapier sword drawing, vintage weapon	?	CC0	illustration	rawpixel	eps	sword	"Rapier sword drawing, vintage weapon" is marked with CC0 1.0. To view the terms, visit https://creativecommons.org/publicdomain/zero/1.0/.	curl -O "https://images.rawpixel.com/editor_1024/cHJpdmF0ZS9sci9pbWFnZXMvd2Vic2l0ZS8yMDIyLTA1L2pvYjcxNS0wNTgtdi5qcGc.jpg"
e1586603-05b3-4036-810f-c42795311fbd	Sword png sticker, transparent background	?	CC0	illustration	rawpixel	png	sword	"Sword png sticker, transparent background" is marked with CC0 1.0. To view the terms, visit https://creativecommons.org/publicdomain/zero/1.0/.	curl -O "https://images.rawpixel.com/image_png_1300/cHJpdmF0ZS9sci9pbWFnZXMvd2Vic2l0ZS8yMDIyLTA1L2pvYjcyNy0yODYtcC5wbmc.png"
46abfe9e-f634-4472-b8ef-3f58f7bb2104	Sword clipart, vintage weapon illustration	?	CC0	illustration	rawpixel	eps	sword	"Sword clipart, vintage weapon illustration" is marked with CC0 1.0. To view the terms, visit https://creativecommons.org/publicdomain/zero/1.0/.	curl -O "https://images.rawpixel.com/editor_1024/czNmcy1wcml2YXRlL3Jhd3BpeGVsX2ltYWdlcy93ZWJzaXRlX2NvbnRlbnQvam9iNjcyLTA2OS12LWwxbXY3YzRtLmpwZw.jpg"
1ef2fa3e-c863-469a-8d00-6a761c1bbcec	Sword drawing, vintage weapon illustration	?	CC0	illustration	rawpixel	jpg	sword	"Sword drawing, vintage weapon illustration" is marked with CC0 1.0. To view the terms, visit https://creativecommons.org/publicdomain/zero/1.0/.	curl -O "https://images.rawpixel.com/editor_1024/czNmcy1wcml2YXRlL3Jhd3BpeGVsX2ltYWdlcy93ZWJzaXRlX2NvbnRlbnQvam9iNjcyLTE0MC14LmpwZw.jpg"
00d8a5d9-fe80-4785-b8f1-d91f3f3fe8f4	Sword png sticker, weapon vintage	?	CC0	illustration	rawpixel	png	sword	"Sword png sticker, weapon vintage" is marked with CC0 1.0. To view the terms, visit https://creativecommons.org/publicdomain/zero/1.0/.	curl -O "https://images.rawpixel.com/image_png_1300/czNmcy1wcml2YXRlL3Jhd3BpeGVsX2ltYWdlcy93ZWJzaXRlX2NvbnRlbnQvam9iNjcyLTA2OS1wLWwxbXY3OHpyLnBuZw.png"
4f7eb5ab-4a43-4463-a983-36c4d1d119e0	Sword collage element, cute illustration	?	CC0	illustration	rawpixel	eps	sword	"Sword collage element, cute illustration" is marked with CC0 1.0. To view the terms, visit https://creativecommons.org/publicdomain/zero/1.0/.	curl -O "https://images.rawpixel.com/editor_1024/cHJpdmF0ZS9sci9pbWFnZXMvd2Vic2l0ZS8yMDIyLTA1L2pvYjcyNy0yODYtdi5qcGc.jpg"
15b64d3c-ee11-46f0-8b62-13637b4132be	Sword png sticker, transparent background	?	CC0	illustration	rawpixel	png	sword	"Sword png sticker, transparent background" is marked with CC0 1.0. To view the terms, visit https://creativecommons.org/publicdomain/zero/1.0/.	curl -O "https://images.rawpixel.com/image_png_1300/cHJpdmF0ZS9sci9pbWFnZXMvd2Vic2l0ZS8yMDIyLTA1L2pvYjcyOC0xOTMtcC5wbmc.png"
c7724e2e-07b9-4829-8d52-fd0da10daf3c	Sword png illustration, transparent background	?	CC0	illustration	rawpixel	png	sword	"Sword png illustration, transparent background" is marked with CC0 1.0. To view the terms, visit https://creativecommons.org/publicdomain/zero/1.0/.	curl -O "https://images.rawpixel.com/image_png_1300/cHJpdmF0ZS9sci9pbWFnZXMvd2Vic2l0ZS8yMDIzLTAxL2pvYjk2Mi0wODcucG5n.png"
d750ce86-cfb0-4190-9e39-c82f948d8296	Sword collage element, black and	?	CC0	illustration	rawpixel	eps	sword	"Sword collage element, black and" is marked with CC0 1.0. To view the terms, visit https://creativecommons.org/publicdomain/zero/1.0/.	curl -O "https://images.rawpixel.com/editor_1024/cHJpdmF0ZS9sci9pbWFnZXMvd2Vic2l0ZS8yMDIyLTA1L2pvYjcyNy0wNTMtdi5qcGc.jpg"
235810ff-82db-42f9-805a-237c0268a452	Sabre sword drawing, vintage weapon	?	CC0	illustration	rawpixel	eps	sword	"Sabre sword drawing, vintage weapon" is marked with CC0 1.0. To view the terms, visit https://creativecommons.org/publicdomain/zero/1.0/.	curl -O "https://images.rawpixel.com/editor_1024/cHJpdmF0ZS9sci9pbWFnZXMvd2Vic2l0ZS8yMDIyLTA1L2pvYjcxNS0wNDYtdi5qcGc.jpg"
21d6f047-7196-48f7-872d-5cb22b954534	Rapier sword vintage weapon illustration	?	CC0	illustration	rawpixel	jpg	sword	"Rapier sword vintage weapon illustration" is marked with CC0 1.0. To view the terms, visit https://creativecommons.org/publicdomain/zero/1.0/.	curl -O "https://images.rawpixel.com/editor_1024/cHJpdmF0ZS9sci9pbWFnZXMvd2Vic2l0ZS8yMDIyLTA1L2pvYjcxNS0wNTgteC5qcGc.jpg"
4c87bc8e-a51c-4ddf-9744-5e4ae6f6989c	Sword collage element, cute illustration	?	CC0	illustration	rawpixel	eps	sword	"Sword collage element, cute illustration" is marked with CC0 1.0. To view the terms, visit https://creativecommons.org/publicdomain/zero/1.0/.	curl -O "https://images.rawpixel.com/editor_1024/cHJpdmF0ZS9sci9pbWFnZXMvd2Vic2l0ZS8yMDIyLTA1L2pvYjcyOC0xOTMtdi5qcGc.jpg"
33864881-f91e-4f56-91ed-e0fae2499478	Man holding sword clipart, vintage	?	CC0	illustration	rawpixel	eps	sword	"Man holding sword clipart, vintage" is marked with CC0 1.0. To view the terms, visit https://creativecommons.org/publicdomain/zero/1.0/.	curl -O "https://images.rawpixel.com/editor_1024/cHJpdmF0ZS9sci9pbWFnZXMvd2Vic2l0ZS8yMDIyLTA1L2pvYjcxNi0wNDktdi5qcGc.jpg"
d66ca3d9-09cb-4975-a83b-673ad758ced2	Light sword png clipart illustration	?	CC0	illustration	rawpixel	png	sword	"Light sword png clipart illustration" is marked with CC0 1.0. To view the terms, visit https://creativecommons.org/publicdomain/zero/1.0/.	curl -O "https://images.rawpixel.com/image_png_1300/cHJpdmF0ZS9sci9pbWFnZXMvd2Vic2l0ZS8yMDIyLTEyL2pvYjk1OS1lbGVtZW50LWItMDA2Nl8yLnBuZw.png"
e7812f6a-fe3c-404d-94c8-9df66f8371d0	Png Japanese kendo sword clipart	?	CC0	illustration	rawpixel	png	sword	"Png Japanese kendo sword clipart" is marked with CC0 1.0. To view the terms, visit https://creativecommons.org/publicdomain/zero/1.0/.	curl -O "https://images.rawpixel.com/image_png_1300/cHJpdmF0ZS9sci9pbWFnZXMvd2Vic2l0ZS8yMDIzLTA0L2pvYjk3MC1lbGVtZW50LTEyMC1wLnBuZw.png"
c5313aea-4e50-4f7f-acd0-333e2b9100cb	Sabre sword vintage weapon illustration	?	CC0	illustration	rawpixel	jpg	sword	"Sabre sword vintage weapon illustration" is marked with CC0 1.0. To view the terms, visit https://creativecommons.org/publicdomain/zero/1.0/.	curl -O "https://images.rawpixel.com/editor_1024/cHJpdmF0ZS9sci9pbWFnZXMvd2Vic2l0ZS8yMDIyLTA1L2pvYjcxNS0wNDYteC5qcGc.jpg"
f7196e99-9130-40c5-9fef-763efe6ccb4b	Sword clipart illustration vector	?	CC0	illustration	rawpixel	eps	sword	"Sword clipart illustration vector" is marked with CC0 1.0. To view the terms, visit https://creativecommons.org/publicdomain/zero/1.0/.	curl -O "https://images.rawpixel.com/editor_1024/cHJpdmF0ZS9sci9pbWFnZXMvd2Vic2l0ZS8yMDIzLTAxL2pvYjk2Mi0wODctbGNnMjYwMGQuanBn.jpg"
02469245-7eeb-4b58-99b6-7e5b79f5e0c4	Katana sword clipart, weapon illustration	?	CC0	illustration	rawpixel	jpg	sword	"Katana sword clipart, weapon illustration" is marked with CC0 1.0. To view the terms, visit https://creativecommons.org/publicdomain/zero/1.0/.	curl -O "https://images.rawpixel.com/editor_1024/cHJpdmF0ZS9sci9pbWFnZXMvd2Vic2l0ZS8yMDIyLTA0L2pvYjcyMS0wOTYteC5qcGc.jpg"
0a9705e5-4222-43af-835c-98db29e7b207	Scimitar sword clipart, vintage hand	?	CC0	illustration	rawpixel	eps	sword	"Scimitar sword clipart, vintage hand" is marked with CC0 1.0. To view the terms, visit https://creativecommons.org/publicdomain/zero/1.0/.	curl -O "https://images.rawpixel.com/editor_1024/cHJpdmF0ZS9sci9pbWFnZXMvd2Vic2l0ZS8yMDIyLTA0L2pvYjcxNC0wMzQtdi5qcGc.jpg"
4d01d56c-e73b-4cbe-9c3c-e1b4964dee56	Scimitar sword drawing, vintage illustration	?	CC0	illustration	rawpixel	jpg	sword	"Scimitar sword drawing, vintage illustration" is marked with CC0 1.0. To view the terms, visit https://creativecommons.org/publicdomain/zero/1.0/.	curl -O "https://images.rawpixel.com/editor_1024/cHJpdmF0ZS9sci9pbWFnZXMvd2Vic2l0ZS8yMDIyLTA1L2pvYjcxNC0wMzQteC5qcGc.jpg"
b640d7b4-2821-4129-93fe-20a9a1ecb8ce	Sword illustration	?	CC0	illustration	rawpixel	jpg	sword	"Sword illustration" is marked with CC0 1.0. To view the terms, visit https://creativecommons.org/publicdomain/zero/1.0/.	curl -O "https://images.rawpixel.com/editor_1024/cHJpdmF0ZS9sci9pbWFnZXMvd2Vic2l0ZS8yMDIyLTA1L2pvYjcyNy0wNTMteC5qcGc.jpg"
dd8f1481-482b-41cc-8829-679e135c3226	Knight sword clipart, drawing illustration	?	CC0	illustration	rawpixel	eps	sword	"Knight sword clipart, drawing illustration" is marked with CC0 1.0. To view the terms, visit https://creativecommons.org/publicdomain/zero/1.0/.	curl -O "https://images.rawpixel.com/editor_1024/cHJpdmF0ZS9sci9pbWFnZXMvd2Vic2l0ZS8yMDIyLTA1L2pvYjcxNy0xNjctdl8xLmpwZw.jpg"
f3bcca38-8934-4ded-a098-a22f9f8a51ec	Shard-sword - Lorc - white - game-icons	Lorc	CC-BY 3.0	illustration	wikimedia	svg	sword	"Shard-sword - Lorc - white - game-icons" by Lorc is licensed under CC BY 3.0. To view a copy of this license, visit https://creativecommons.org/licenses/by/3.0/.	curl -O "https://upload.wikimedia.org/wikipedia/commons/c/cc/Shard-sword_-_Lorc_-_white_-_game-icons.svg"
850993fc-7cf4-4be3-b247-b843d4377d09	Croc-sword - Lorc - game-icons	Lorc	CC-BY 3.0	illustration	wikimedia	svg	sword	"Croc-sword - Lorc - game-icons" by Lorc is licensed under CC BY 3.0. To view a copy of this license, visit https://creativecommons.org/licenses/by/3.0/.	curl -O "https://upload.wikimedia.org/wikipedia/commons/1/19/Croc-sword_-_Lorc_-_game-icons.svg"
bac48f2e-40fa-4783-b10c-239b2b34faa8	Rusty-sword - Delapouite - white - game-icons	Delapouite	CC-BY 3.0	illustration	wikimedia	svg	sword	"Rusty-sword - Delapouite - white - game-icons" by Delapouite is licensed under CC BY 3.0. To view a copy of this license, visit https://creativecommons.org/licenses/by/3.0/.	curl -O "https://upload.wikimedia.org/wikipedia/commons/3/32/Rusty-sword_-_Delapouite_-_white_-_game-icons.svg"
9755632d-9bd2-4fbd-ae97-f9d6f6259dc0	Archangel Michael holding scale, sword up, stepping on snake	Original: Дмитро Софій, Gzhegozh Vector: 燃灯	CC0	illustration	wikimedia	svg	sword	"Archangel Michael holding scale, sword up, stepping on snake" by Original: Дмитро Софій, Gzhegozh Vector: 燃灯 is marked with CC0 1.0. To view the terms, visit https://creativecommons.org/publicdomain/zero/1.0/deed.en.	curl -O "https://upload.wikimedia.org/wikipedia/commons/f/f5/Archangel_Michael_holding_scale%2C_sword_up%2C_stepping_on_snake.svg"
fc74b100-4b2e-471a-9fce-3fcef8bb2b79	Spinning-sword - Lorc - white - game-icons	Lorc	CC-BY 3.0	illustration	wikimedia	svg	sword	"Spinning-sword - Lorc - white - game-icons" by Lorc is licensed under CC BY 3.0. To view a copy of this license, visit https://creativecommons.org/licenses/by/3.0/.	curl -O "https://upload.wikimedia.org/wikipedia/commons/2/21/Spinning-sword_-_Lorc_-_white_-_game-icons.svg"
bb25381e-1ef5-4a8c-8ec9-88ad35cae71e	Axe-sword - Delapouite - game-icons	Delapouite	CC-BY 3.0	illustration	wikimedia	svg	sword	"Axe-sword - Delapouite - game-icons" by Delapouite is licensed under CC BY 3.0. To view a copy of this license, visit https://creativecommons.org/licenses/by/3.0/.	curl -O "https://upload.wikimedia.org/wikipedia/commons/b/b4/Axe-sword_-_Delapouite_-_game-icons.svg"
2002e5d0-37e8-4aa0-bc1f-ac430dbbfbdd	Winged-sword - Lorc - white - game-icons	Lorc	CC-BY 3.0	illustration	wikimedia	svg	sword	"Winged-sword - Lorc - white - game-icons" by Lorc is licensed under CC BY 3.0. To view a copy of this license, visit https://creativecommons.org/licenses/by/3.0/.	curl -O "https://upload.wikimedia.org/wikipedia/commons/e/e0/Winged-sword_-_Lorc_-_white_-_game-icons.svg"
ff4cddf9-79a1-408e-8bed-3a5723799c9e	Lion and Sun (crown, no base, no sword, sun face)	ConflictFan	CC0	illustration	wikimedia	svg	sword	"Lion and Sun (crown, no base, no sword, sun face)" by ConflictFan is marked with CC0 1.0. To view the terms, visit https://creativecommons.org/publicdomain/zero/1.0/deed.en/.	curl -O "https://upload.wikimedia.org/wikipedia/commons/b/be/Lion_and_Sun_%28crown%2C_no_base%2C_no_sword%2C_sun_face%29.svg"
e8bd5f38-57d9-4101-9bde-d5547fd74a7d	Two Handed Sword	twoton	CC0	illustration	wikimedia	svg	sword	"Two Handed Sword" by twoton is marked with CC0 1.0. To view the terms, visit https://creativecommons.org/publicdomain/zero/1.0/deed.en/.	curl -O "https://upload.wikimedia.org/wikipedia/commons/1/17/Two_Handed_Sword.svg"
97305c85-88c2-4994-99ea-801d8db4235f	Sword clipart, cute illustration	?	CC0	illustration	rawpixel	jpg	sword	"Sword clipart, cute illustration" is marked with CC0 1.0. To view the terms, visit https://creativecommons.org/publicdomain/zero/1.0/.	curl -O "https://images.rawpixel.com/editor_1024/cHJpdmF0ZS9sci9pbWFnZXMvd2Vic2l0ZS8yMDIyLTA1L2pvYjcyNy0yODYteC5qcGc.jpg"
5ddb3e56-4db1-42bd-a68a-58ff7154fd1e	Ancient-sword - Delapouite - game-icons	Delapouite	CC-BY 3.0	illustration	wikimedia	svg	sword	"Ancient-sword - Delapouite - game-icons" by Delapouite is licensed under CC BY 3.0. To view a copy of this license, visit https://creativecommons.org/licenses/by/3.0/.	curl -O "https://upload.wikimedia.org/wikipedia/commons/4/4e/Ancient-sword_-_Delapouite_-_game-icons.svg"
f7bbd380-cc6a-49db-85d5-cb2b9ecd18a9	Gooey-sword - Lorc - game-icons	Lorc	CC-BY 3.0	illustration	wikimedia	svg	sword	"Gooey-sword - Lorc - game-icons" by Lorc is licensed under CC BY 3.0. To view a copy of this license, visit https://creativecommons.org/licenses/by/3.0/.	curl -O "https://upload.wikimedia.org/wikipedia/commons/c/cd/Gooey-sword_-_Lorc_-_game-icons.svg"
6a134504-ed3a-480e-9631-6fa7190bb020	Sword-altar - Delapouite - game-icons	Delapouite	CC-BY 3.0	illustration	wikimedia	svg	sword	"Sword-altar - Delapouite - game-icons" by Delapouite is licensed under CC BY 3.0. To view a copy of this license, visit https://creativecommons.org/licenses/by/3.0/.	curl -O "https://upload.wikimedia.org/wikipedia/commons/3/3a/Sword-altar_-_Delapouite_-_game-icons.svg"
fa9bcb48-3c37-4e18-aeb3-9e5980dd619f	Gooey-sword - Lorc - white - game-icons	Lorc	CC-BY 3.0	illustration	wikimedia	svg	sword	"Gooey-sword - Lorc - white - game-icons" by Lorc is licensed under CC BY 3.0. To view a copy of this license, visit https://creativecommons.org/licenses/by/3.0/.	curl -O "https://upload.wikimedia.org/wikipedia/commons/e/e1/Gooey-sword_-_Lorc_-_white_-_game-icons.svg"
c7076d0b-d77e-4dd1-90c4-d5476f54ee64	Sword-hilt - game-icons	Lorc	CC-BY 3.0	illustration	wikimedia	svg	sword	"Sword-hilt - game-icons" by Lorc is licensed under CC BY 3.0. To view a copy of this license, visit https://creativecommons.org/licenses/by/3.0/.	curl -O "https://upload.wikimedia.org/wikipedia/commons/8/84/Sword-hilt_-_game-icons.svg"
cecbffef-d120-4e16-969a-333f4f879e40	Fragmented-sword - Lorc - game-icons	Lorc	CC-BY 3.0	illustration	wikimedia	svg	sword	"Fragmented-sword - Lorc - game-icons" by Lorc is licensed under CC BY 3.0. To view a copy of this license, visit https://creativecommons.org/licenses/by/3.0/.	curl -O "https://upload.wikimedia.org/wikipedia/commons/c/c7/Fragmented-sword_-_Lorc_-_game-icons.svg"
35f32d55-cc83-430f-9f89-7794f846dedf	Fragmented-sword - Lorc - white - game-icons	Lorc	CC-BY 3.0	illustration	wikimedia	svg	sword	"Fragmented-sword - Lorc - white - game-icons" by Lorc is licensed under CC BY 3.0. To view a copy of this license, visit https://creativecommons.org/licenses/by/3.0/.	curl -O "https://upload.wikimedia.org/wikipedia/commons/7/75/Fragmented-sword_-_Lorc_-_white_-_game-icons.svg"
6f00c997-eb86-4ba9-98ac-200c5162915b	Shard-sword - Lorc - game-icons	Lorc	CC-BY 3.0	illustration	wikimedia	svg	sword	"Shard-sword - Lorc - game-icons" by Lorc is licensed under CC BY 3.0. To view a copy of this license, visit https://creativecommons.org/licenses/by/3.0/.	curl -O "https://upload.wikimedia.org/wikipedia/commons/1/11/Shard-sword_-_Lorc_-_game-icons.svg"
00f8c51d-8bb4-48df-bf1f-c936479e3ff8	Winged-sword - Lorc - game-icons	Lorc	CC-BY 3.0	illustration	wikimedia	svg	sword	"Winged-sword - Lorc - game-icons" by Lorc is licensed under CC BY 3.0. To view a copy of this license, visit https://creativecommons.org/licenses/by/3.0/.	curl -O "https://upload.wikimedia.org/wikipedia/commons/f/fb/Winged-sword_-_Lorc_-_game-icons.svg"
2446c206-8268-4a9e-8741-3246030bb5fc	Sword-clash - Lorc - white - game-icons	Lorc	CC-BY 3.0	illustration	wikimedia	svg	sword	"Sword-clash - Lorc - white - game-icons" by Lorc is licensed under CC BY 3.0. To view a copy of this license, visit https://creativecommons.org/licenses/by/3.0/.	curl -O "https://upload.wikimedia.org/wikipedia/commons/8/87/Sword-clash_-_Lorc_-_white_-_game-icons.svg"
99a50a01-f0ed-4608-b0ce-6f808f0b6834	Crossed-swords - Lorc - white - game-icons	Lorc	CC-BY 3.0	illustration	wikimedia	svg	sword	"Crossed-swords - Lorc - white - game-icons" by Lorc is licensed under CC BY 3.0. To view a copy of this license, visit https://creativecommons.org/licenses/by/3.0/.	curl -O "https://upload.wikimedia.org/wikipedia/commons/7/70/Crossed-swords_-_Lorc_-_white_-_game-icons.svg"
9c46c558-6ec8-411f-9d33-bf18168370c7	Shield of Imperial College London	Shadowssettle	CC-BY 3.0	illustration	wikimedia	svg	shield	"Shield of Imperial College London" by Shadowssettle is licensed under CC BY 3.0. To view a copy of this license, visit https://creativecommons.org/licenses/by/3.0/.	curl -O "https://upload.wikimedia.org/wikipedia/commons/c/c5/Shield_of_Imperial_College_London.svg"
80312517-540d-4241-b144-15c45d8062ce	Coat of arms of Danish shield (14c)	Samhanin, Nancystodd and 燃灯	CC-BY 3.0	illustration	wikimedia	svg	shield	"Coat of arms of Danish shield (14c)" by Samhanin, Nancystodd and 燃灯 is licensed under CC BY 3.0. To view a copy of this license, visit https://creativecommons.org/licenses/by/3.0/.	curl -O "https://upload.wikimedia.org/wikipedia/commons/d/d9/Coat_of_arms_of_Danish_shield_%2814c%29.svg"
005b9952-f761-407a-827d-09a500f457e1	Shield of Portugal (correct color scheme)	Peterpumpkineater919	CC0	illustration	wikimedia	svg	shield	"Shield of Portugal (correct color scheme)" by Peterpumpkineater919 is marked with CC0 1.0. To view the terms, visit https://creativecommons.org/publicdomain/zero/1.0/deed.en/.	curl -O "https://upload.wikimedia.org/wikipedia/commons/8/86/Portuguese_shield.svg"
ceaf2f9c-c07d-4fe6-88f8-8e6a5fb42e67	Shield Napoleon	CenturionZ 1; improved by Angelus (talk)	CC-BY 3.0	illustration	wikimedia	svg	shield	"Shield Napoleon" by CenturionZ 1; improved by Angelus (talk) is licensed under CC BY 3.0. To view a copy of this license, visit https://creativecommons.org/licenses/by/3.0/.	curl -O "https://upload.wikimedia.org/wikipedia/commons/6/60/Shield_Napoleon.svg"
e3f3c044-ca2c-44e9-b41e-0f412e48521c	Sports flag icons - White shield with red cross	Original by Francesco Sannicandro, vectorized by ReneeWrites	CC-BY 4.0	illustration	wikimedia	svg	shield	"Sports flag icons - White shield with red cross" by Original by Francesco Sannicandro, vectorized by ReneeWrites is licensed under CC BY 4.0. To view a copy of this license, visit https://creativecommons.org/licenses/by/4.0/.	curl -O "https://upload.wikimedia.org/wikipedia/commons/4/4a/Sports_flag_icons_-_White_shield_with_red_cross.svg"
cd9ab6f7-a284-42b1-ae62-50dbf40f6c09	Air Force Materiel Command shield	Original: United States Air Force Vector: Designism	CC0	illustration	wikimedia	svg	shield	"Air Force Materiel Command shield" by Original: United States Air Force Vector: Designism is marked with CC0 1.0. To view the terms, visit https://creativecommons.org/publicdomain/zero/1.0/deed.en/.	curl -O "https://upload.wikimedia.org/wikipedia/commons/d/da/Air_Force_Materiel_Command_shield.svg"
b6155b6a-a144-4f1c-a53c-19f999a6aebc	600px HEX-619EFB White crossed background HEX-D01212 shield with HEX-F9F9F9 cross	Blackcat	CC0	illustration	wikimedia	svg	shield	"600px HEX-619EFB White crossed background HEX-D01212 shield with HEX-F9F9F9 cross" by Blackcat is marked with CC0 1.0. To view the terms, visit https://creativecommons.org/publicdomain/zero/1.0/deed.en/.	curl -O "https://upload.wikimedia.org/wikipedia/commons/6/6d/600px_HEX-619EFB_White_crossed_background_HEX-D01212_shield_with_HEX-F9F9F9_cross.svg"
efa6de69-5e7d-42fa-ba2f-2597155e1783	600px HEX-442178 with Bicolor Shield HEX-B3B3B3 Black	Civitas13	CC0	illustration	wikimedia	svg	shield	"600px HEX-442178 with Bicolor Shield HEX-B3B3B3 Black" by Civitas13 is marked with CC0 1.0. To view the terms, visit https://creativecommons.org/publicdomain/zero/1.0/deed.en/.	curl -O "https://upload.wikimedia.org/wikipedia/commons/8/8b/600px_HEX-442178_with_Bicolor_Shield_HEX-B3B3B3_Black.svg"
e7a7d8dc-813b-4cf1-b342-d1109ea233cd	Lower Hutt CoA shield	?	CC-BY 4.0	illustration	wikimedia	svg	shield	"Lower Hutt CoA shield" is licensed under CC BY 4.0. To view a copy of this license, visit https://creativecommons.org/licenses/by/4.0/.	curl -O "https://upload.wikimedia.org/wikipedia/commons/a/a6/Lower_Hutt_CoA_shield.svg"
f70a11ec-5731-4a99-9ea7-d0564dffcc30	Heraldic Shield Bleu-celeste	https://commons.wikimedia.org/wiki/User:Gerbrant https://commons.wikimedia.org/wiki/User:Fibonacci	CC0	illustration	wikimedia	svg	shield	"Heraldic Shield Bleu-celeste" by https://commons.wikimedia.org/wiki/User:Gerbrant https://commons.wikimedia.org/wiki/User:Fibonacci is marked with CC0 1.0. To view the terms, visit https://creativecommons.org/publicdomain/zero/1.0/deed.en/.	curl -O "https://upload.wikimedia.org/wikipedia/commons/b/b4/Heraldic_Shield_Bleu-celeste.svg"
26bfc049-1f7f-412f-9475-87e8cc81bd17	Compostela Old Shield	Vicente A. Barrios de la Lastra (Ver original aquí) Risantana (Formato Digital SVG/WC3)	CC-BY 4.0	illustration	wikimedia	svg	shield	"Compostela Old Shield" by Vicente A. Barrios de la Lastra (Ver original aquí) Risantana (Formato Digital SVG/WC3) is licensed under CC BY 4.0. To view a copy of this license, visit https://creativecommons.org/licenses/by/4.0/.	curl -O "https://upload.wikimedia.org/wikipedia/commons/2/22/Compostela_Old_Shield.svg?utm_source=commons.wikimedia.org&utm_campaign=imageinfo&utm_content=original"
1dde845e-00e3-424c-a305-d36ba56e65bb	Invercargill CoA (shield only)	?	CC-BY 4.0	illustration	wikimedia	svg	shield	"Invercargill CoA (shield only)" is licensed under CC BY 4.0. To view a copy of this license, visit https://creativecommons.org/licenses/by/4.0/.	curl -O "https://upload.wikimedia.org/wikipedia/commons/b/b1/Invercargill_CoA_%28shield_only%29.svg"
f87649c6-2ba8-45d9-accc-70bf552769b5	Viking shield	Kristrun Hansen	CC0	illustration	wikimedia	svg	shield	"Viking shield" by Kristrun Hansen is marked with CC0 1.0. To view the terms, visit https://creativecommons.org/publicdomain/zero/1.0/deed.en/.	curl -O "https://upload.wikimedia.org/wikipedia/commons/c/c9/Viking_shield.svg"
57ad2665-cb6a-4247-b2ba-058a9c8598b0	Porirua CoA shield+crest	?	CC-BY 4.0	illustration	wikimedia	svg	shield	"Porirua CoA shield+crest" is licensed under CC BY 4.0. To view a copy of this license, visit https://creativecommons.org/licenses/by/4.0/.	curl -O "https://upload.wikimedia.org/wikipedia/commons/4/4f/Porirua_CoA_shield%2Bcrest.svg"
36522d63-f5b8-427c-8c15-6c5ccfad83c9	Shield of the Turks and Caicos Islands	The Radioactive Box	CC0	illustration	wikimedia	svg	shield	"Shield of the Turks and Caicos Islands" by The Radioactive Box is marked with CC0 1.0. To view the terms, visit https://creativecommons.org/publicdomain/zero/1.0/deed.en/.	curl -O "https://upload.wikimedia.org/wikipedia/commons/c/c2/Shield_of_the_Turks_and_Caicos_Islands.svg"
d2ce792a-0caa-4786-a718-5fd9c666df91	Ermine shield	Lexicon	CC0	illustration	wikimedia	svg	shield	"Ermine shield" by Lexicon is marked with CC0 1.0. To view the terms, visit https://creativecommons.org/publicdomain/zero/1.0/deed.en/.	curl -O "https://upload.wikimedia.org/wikipedia/commons/8/81/Ermine_shield.svg"
a7b89093-3cdb-4a80-a9e5-f8d95a46180f	Nelson city coat of arms shield	TheLoyalOrder	CC-BY 4.0	illustration	wikimedia	svg	shield	"Nelson city coat of arms shield" by TheLoyalOrder is licensed under CC BY 4.0. To view a copy of this license, visit https://creativecommons.org/licenses/by/4.0/.	curl -O "https://upload.wikimedia.org/wikipedia/commons/9/99/Nelson_city_coat_of_arms_shield.svg"
e5dfea91-af59-4523-b4f8-dbfda12d6703	Santiago Old Shield	Risantana	CC-BY 4.0	illustration	wikimedia	svg	shield	"Santiago Old Shield" by Risantana is licensed under CC BY 4.0. To view a copy of this license, visit https://creativecommons.org/licenses/by/4.0/.	curl -O "https://upload.wikimedia.org/wikipedia/commons/1/11/Santiago_Old_Shield.svg?utm_source=commons.wikimedia.org&utm_campaign=imageinfo&utm_content=original"
958ccfc3-b0e6-4f5b-a7bc-7c149d8105a9	Fluorine shielding	Effective_Nuclear_Charge.svg: Own work derivative work: NikNaks talk - gallery - wikipedia	CC0	illustration	wikimedia	svg	shield	"Fluorine shielding" by Effective_Nuclear_Charge.svg: Own work derivative work: NikNaks talk - gallery - wikipedia is marked with CC0 1.0. To view the terms, visit https://creativecommons.org/publicdomain/zero/1.0/deed.en/.	curl -O "https://upload.wikimedia.org/wikipedia/commons/6/6f/Fluorine_shielding.svg"
c6a0df3e-f572-4833-977d-7dc3c4a2c847	Puerto Plata Old Shield	Vicente A. Barrios de la Lastra (Ver original aquí) Risantana (Formato Digital SVG/WC3)	CC-BY 4.0	illustration	wikimedia	svg	shield	"Puerto Plata Old Shield" by Vicente A. Barrios de la Lastra (Ver original aquí) Risantana (Formato Digital SVG/WC3) is licensed under CC BY 4.0. To view a copy of this license, visit https://creativecommons.org/licenses/by/4.0/.	curl -O "https://upload.wikimedia.org/wikipedia/commons/e/e5/Puerto_Plata_Old_Shield.svg?utm_source=commons.wikimedia.org&utm_campaign=imageinfo&utm_content=original"
17b95dcf-2da3-45b7-933d-755e48b46d42	Coa Illustration Shield Round base	Madboy74	CC0	illustration	wikimedia	svg	shield	"Coa Illustration Shield Round base" by Madboy74 is marked with CC0 1.0. To view the terms, visit https://creativecommons.org/publicdomain/zero/1.0/deed.en/.	curl -O "https://upload.wikimedia.org/wikipedia/commons/4/47/Coa_Illustration_Shield_Round_base.svg"
3aadffd6-b6bc-4b92-9460-f7b51d363bd5	Rio grande shield remaster	Venus Videla - per source	CC-BY 4.0	illustration	wikimedia	svg	shield	"Rio grande shield remaster" by Venus Videla - per source is licensed under CC BY 4.0. To view a copy of this license, visit https://creativecommons.org/licenses/by/4.0/.	curl -O "https://upload.wikimedia.org/wikipedia/commons/5/54/Rio_grande_shield_remaster.svg"
b6d834a9-c235-401b-b54e-b28b18b6c8b1	Font Awesome 5 solid shield-alt	Font Awesome	CC-BY 4.0	illustration	wikimedia	svg	shield	"Font Awesome 5 solid shield-alt" by Font Awesome is licensed under CC BY 4.0. To view a copy of this license, visit https://creativecommons.org/licenses/by/4.0/.	curl -O "https://upload.wikimedia.org/wikipedia/commons/1/10/Font_Awesome_5_solid_shield-alt.svg"
1123bf03-edc9-4fdc-91ad-3bafe1e21021	Shield of the University of Staffordshire	ET72	CC-BY 4.0	illustration	wikimedia	svg	shield	"Shield of the University of Staffordshire" by ET72 is licensed under CC BY 4.0. To view a copy of this license, visit https://creativecommons.org/licenses/by/4.0/.	curl -O "https://upload.wikimedia.org/wikipedia/commons/2/22/Shield_of_the_University_of_Staffordshire.svg"
23346c7d-6803-4def-a6eb-bc6acce8b93b	Shield of the Americas (orthographic projection)	MapNerd777	CC0	illustration	wikimedia	svg	shield	"Shield of the Americas (orthographic projection)" by MapNerd777 is marked with CC0 1.0. To view the terms, visit https://creativecommons.org/publicdomain/zero/1.0/deed.en/.	curl -O "https://upload.wikimedia.org/wikipedia/commons/b/ba/Shield_of_the_Americas_%28orthographic_projection%29.svg"
9404d7e0-7e6c-4c94-9f3c-e1ce2d37890f	Shield of Nottingham Trent University	ET72	CC-BY 4.0	illustration	wikimedia	svg	shield	"Shield of Nottingham Trent University" by ET72 is licensed under CC BY 4.0. To view a copy of this license, visit https://creativecommons.org/licenses/by/4.0/.	curl -O "https://upload.wikimedia.org/wikipedia/commons/0/09/Shield_of_Nottingham_Trent_University.svg"
602e543f-268e-49a0-8a55-207a383bd4df	Coa Illustration Shield Triangular	Madboy74	CC0	illustration	wikimedia	svg	shield	"Coa Illustration Shield Triangular" by Madboy74 is marked with CC0 1.0. To view the terms, visit https://creativecommons.org/publicdomain/zero/1.0/deed.en/.	curl -O "https://upload.wikimedia.org/wikipedia/commons/5/52/Coa_Illustration_Shield_Triangular.svg"
d4222cc6-5826-419f-8ab2-a94fb5729b27	San Juan Old Shield	Vicente A. Barrios de la Lastra (Ver original aquí) Risantana (Formato Digital SVG/WC3)	CC-BY 4.0	illustration	wikimedia	svg	shield	"San Juan Old Shield" by Vicente A. Barrios de la Lastra (Ver original aquí) Risantana (Formato Digital SVG/WC3) is licensed under CC BY 4.0. To view a copy of this license, visit https://creativecommons.org/licenses/by/4.0/.	curl -O "https://upload.wikimedia.org/wikipedia/commons/5/50/San_Juan_Old_Shield.svg?utm_source=commons.wikimedia.org&utm_campaign=imageinfo&utm_content=original"
fc17e8cf-3f9f-453c-8564-a1cc879bf1f1	Shield of the Americas (countries participating in the 1st summit)	Human Transistor	CC0	illustration	wikimedia	svg	shield	"Shield of the Americas (countries participating in the 1st summit)" by Human Transistor is marked with CC0 1.0. To view the terms, visit https://creativecommons.org/publicdomain/zero/1.0/deed.en/.	curl -O "https://upload.wikimedia.org/wikipedia/commons/9/9b/Shield_of_the_Americas_%28countries_participating_in_the_1st_summit%29.svg"
86897538-b3d1-4d00-91a1-505d0c460e97	Shield-guige	Eyrian at English Wikipedia	CC-BY 2.5	illustration	wikimedia	svg	shield	"Shield-guige" by Eyrian at English Wikipedia is licensed under CC BY 2.5. To view a copy of this license, visit https://creativecommons.org/licenses/by/2.5/.	curl -O "https://upload.wikimedia.org/wikipedia/commons/0/07/Shield-guige.svg"
f7e35836-436c-4038-a197-2b0e73eaf497	Shield of St Mary's University Twickenham	ET72	CC-BY 4.0	illustration	wikimedia	svg	shield	"Shield of St Mary's University Twickenham" by ET72 is licensed under CC BY 4.0. To view a copy of this license, visit https://creativecommons.org/licenses/by/4.0/.	curl -O "https://upload.wikimedia.org/wikipedia/commons/5/5e/Shield_of_St_Mary%27s_University_Twickenham.svg"
2a6575ef-032f-4f09-9dd5-a1100db02f3c	Shield of Sheffield Hallam University	ET72	CC-BY 4.0	illustration	wikimedia	svg	shield	"Shield of Sheffield Hallam University" by ET72 is licensed under CC BY 4.0. To view a copy of this license, visit https://creativecommons.org/licenses/by/4.0/.	curl -O "https://upload.wikimedia.org/wikipedia/commons/2/2e/Shield_of_Sheffield_Hallam_University.svg"
2adefa29-9f20-4f8a-b672-030ef6c15edf	Shield of Kingston University	ET72	CC-BY 4.0	illustration	wikimedia	svg	shield	"Shield of Kingston University" by ET72 is licensed under CC BY 4.0. To view a copy of this license, visit https://creativecommons.org/licenses/by/4.0/.	curl -O "https://upload.wikimedia.org/wikipedia/commons/f/f1/Shield_of_Kingston_University.svg"
b4c60cd6-edaf-4b44-a2f3-4eeb09ea5a17	Basarab Coats of Arms with Shield	Ionutoroian	CC0	illustration	wikimedia	svg	shield	"Basarab Coats of Arms with Shield" by Ionutoroian is marked with CC0 1.0. To view the terms, visit https://creativecommons.org/publicdomain/zero/1.0/deed.en/.	curl -O "https://upload.wikimedia.org/wikipedia/commons/c/c8/Basarab_Coats_of_Arms_with_Shield.svg"
144ebdba-0c16-4367-9d3d-1100e9bd7fcf	Weapon shield	Chrisdesign	CC0	illustration	wikimedia	svg	shield	"Weapon shield" by Chrisdesign is marked with CC0 1.0. To view the terms, visit https://creativecommons.org/publicdomain/zero/1.0/deed.en/.	curl -O "https://upload.wikimedia.org/wikipedia/commons/a/a6/Weapon_shield.svg"
8db5b3c4-f2ee-4333-b53a-d3cb471a128a	Shield of the University of Huddersfield	ET72	CC-BY 4.0	illustration	wikimedia	svg	shield	"Shield of the University of Huddersfield" by ET72 is licensed under CC BY 4.0. To view a copy of this license, visit https://creativecommons.org/licenses/by/4.0/.	curl -O "https://upload.wikimedia.org/wikipedia/commons/f/f0/Shield_of_the_University_of_Huddersfield.svg"
daa6d012-bc7c-4fcd-8b30-33c2413e571b	Shield of the University of Portsmouth	ET72	CC-BY 4.0	illustration	wikimedia	svg	shield	"Shield of the University of Portsmouth" by ET72 is licensed under CC BY 4.0. To view a copy of this license, visit https://creativecommons.org/licenses/by/4.0/.	curl -O "https://upload.wikimedia.org/wikipedia/commons/5/59/Shield_of_the_University_of_Portsmouth.svg"
e70cd3a3-a534-42c3-9e6d-d7dd0635eaa4	Shield of the Trinity with the Four Relations	Geremia	CC0	illustration	wikimedia	svg	shield	"Shield of the Trinity with the Four Relations" by Geremia is marked with CC0 1.0. To view the terms, visit https://creativecommons.org/publicdomain/zero/1.0/deed.en/.	curl -O "https://upload.wikimedia.org/wikipedia/commons/7/7d/Shield_of_the_Trinity_with_the_Four_Relations.svg"
67255f75-3aad-4c00-8ba9-0c6461134c43	Shield-enarmes	Eyrian at English Wikipedia	CC-BY 2.5	illustration	wikimedia	svg	shield	"Shield-enarmes" by Eyrian at English Wikipedia is licensed under CC BY 2.5. To view a copy of this license, visit https://creativecommons.org/licenses/by/2.5/.	curl -O "https://upload.wikimedia.org/wikipedia/commons/a/a6/Shield-enarmes.svg"
04ca216e-783f-497e-82ec-86ada6765b4f	Shield of Hartpury University	ET72	CC-BY 4.0	illustration	wikimedia	svg	shield	"Shield of Hartpury University" by ET72 is licensed under CC BY 4.0. To view a copy of this license, visit https://creativecommons.org/licenses/by/4.0/.	curl -O "https://upload.wikimedia.org/wikipedia/commons/d/d8/Shield_of_Hartpury_University.svg"
1757d443-a0ad-4902-bdea-6a2ea2cb1862	Operation Euphrates Shield	Ecrusized	CC0	illustration	wikimedia	svg	shield	"Operation Euphrates Shield" by Ecrusized is marked with CC0 1.0. To view the terms, visit https://creativecommons.org/publicdomain/zero/1.0/deed.en/.	curl -O "https://upload.wikimedia.org/wikipedia/commons/2/23/Operation_Euphrates_Shield.svg"
9d9a725d-c0fb-4725-830c-30348f8b89b7	Shield of Rangsit Payurasakti	original artist: unknown, tracing svg file: User:Xiengyod~commonswiki	CC-BY 4.0	illustration	wikimedia	svg	shield	"Shield of Rangsit Payurasakti" by original artist: unknown, tracing svg file: User:Xiengyod~commonswiki is licensed under CC BY 4.0. To view a copy of this license, visit https://creativecommons.org/licenses/by/4.0/.	curl -O "https://upload.wikimedia.org/wikipedia/commons/7/7e/Shield_of_Rangsit_Payurasakti.svg"
60fededd-e8f7-4cff-98ee-d65466bfb8da	Coa Illustration Shield Renaissance	Madboy74	CC0	illustration	wikimedia	svg	shield	"Coa Illustration Shield Renaissance" by Madboy74 is marked with CC0 1.0. To view the terms, visit https://creativecommons.org/publicdomain/zero/1.0/deed.en/.	curl -O "https://upload.wikimedia.org/wikipedia/commons/e/e7/Coa_Illustration_Shield_Renaissance.svg"
f62417e8-2340-4090-aeb1-0ae9ac17dd42	Shield of London South Bank University	ET72	CC-BY 4.0	illustration	wikimedia	svg	shield	"Shield of London South Bank University" by ET72 is licensed under CC BY 4.0. To view a copy of this license, visit https://creativecommons.org/licenses/by/4.0/.	curl -O "https://upload.wikimedia.org/wikipedia/commons/f/fb/Shield_of_London_South_Bank_University.svg"
fe72f24d-a661-4e73-8bbc-deb0c2cb876e	Kentucky Turnpike shield	Obivan Kenobi	CC0	illustration	wikimedia	svg	shield	"Kentucky Turnpike shield" by Obivan Kenobi is marked with CC0 1.0. To view the terms, visit https://creativecommons.org/publicdomain/zero/1.0/deed.en/.	curl -O "https://upload.wikimedia.org/wikipedia/commons/0/0c/Kentucky_Turnpike_shield.svg"
229fd8e4-4796-41d0-ba07-cda1c3852353	Shield of Solent University	ET72	CC-BY 4.0	illustration	wikimedia	svg	shield	"Shield of Solent University" by ET72 is licensed under CC BY 4.0. To view a copy of this license, visit https://creativecommons.org/licenses/by/4.0/.	curl -O "https://upload.wikimedia.org/wikipedia/commons/0/03/Shield_of_Solent_University.svg"
5b4816c1-a07f-4bdb-af28-8e593d0fd056	Shield of Birmingham City University	ET72	CC-BY 4.0	illustration	wikimedia	svg	shield	"Shield of Birmingham City University" by ET72 is licensed under CC BY 4.0. To view a copy of this license, visit https://creativecommons.org/licenses/by/4.0/.	curl -O "https://upload.wikimedia.org/wikipedia/commons/6/64/Shield_of_Birmingham_City_University.svg"
f71a64f8-8fba-4162-94df-88fe4f9b391f	'Imeria' student's corporation shield	Vladusty	CC0	illustration	wikimedia	svg	shield	"'Imeria' student's corporation shield" by Vladusty is marked with CC0 1.0. To view the terms, visit https://creativecommons.org/publicdomain/zero/1.0/deed.en/.	curl -O "https://upload.wikimedia.org/wikipedia/commons/5/54/%22Imeria%22_student%27s_corporation_shield.svg"
6001cccf-b28e-4588-a73a-14b8864b60b4	Shield of Newman University Birmingham	ET72	CC-BY 4.0	illustration	wikimedia	svg	shield	"Shield of Newman University Birmingham" by ET72 is licensed under CC BY 4.0. To view a copy of this license, visit https://creativecommons.org/licenses/by/4.0/.	curl -O "https://upload.wikimedia.org/wikipedia/commons/9/9d/Shield_of_Newman_University_Birmingham.svg"
ffc47156-a34a-4f81-a1fe-9a36a8aede59	'Sororitas Tatiana' student's shield	Vladusty	CC0	illustration	wikimedia	svg	shield	"'Sororitas Tatiana' student's shield" by Vladusty is marked with CC0 1.0. To view the terms, visit https://creativecommons.org/publicdomain/zero/1.0/deed.en/.	curl -O "https://upload.wikimedia.org/wikipedia/commons/0/04/%22Sororitas_Tatiana%22_student%27s_shield.svg"
9ab24530-df7a-4133-bcc0-1a7f1c4643e7	Episcopal Shield	Pattleboats	CC0	illustration	wikimedia	svg	shield	"Episcopal Shield" by Pattleboats is marked with CC0 1.0. To view the terms, visit https://creativecommons.org/publicdomain/zero/1.0/deed.en/.	curl -O "https://upload.wikimedia.org/wikipedia/commons/6/6d/Episcopal_Shield.svg"
6e3a7f06-573d-4d5f-8ab9-84e75fd662c5	Shield of the University of South Wales	ET72	CC-BY 4.0	illustration	wikimedia	svg	shield	"Shield of the University of South Wales" by ET72 is licensed under CC BY 4.0. To view a copy of this license, visit https://creativecommons.org/licenses/by/4.0/.	curl -O "https://upload.wikimedia.org/wikipedia/commons/f/f8/Shield_of_the_University_of_South_Wales.svg"
7aad2e9a-9283-48e9-af1f-e2215b1c7ba0	Shield of the University of Cumbria	ET72	CC-BY 4.0	illustration	wikimedia	svg	shield	"Shield of the University of Cumbria" by ET72 is licensed under CC BY 4.0. To view a copy of this license, visit https://creativecommons.org/licenses/by/4.0/.	curl -O "https://upload.wikimedia.org/wikipedia/commons/9/96/Shield_of_the_University_of_Cumbria.svg"
3366ab01-6830-41be-a220-15f4bbb45705	Shield of London Metropolitan University	ET72	CC-BY 4.0	illustration	wikimedia	svg	shield	"Shield of London Metropolitan University" by ET72 is licensed under CC BY 4.0. To view a copy of this license, visit https://creativecommons.org/licenses/by/4.0/.	curl -O "https://upload.wikimedia.org/wikipedia/commons/4/46/Shield_of_London_Metropolitan_University.svg"
47c9a9f8-5d20-4e32-95a0-63218f6ccabf	Shield of Manchester Metropolitan University	ET72	CC-BY 4.0	illustration	wikimedia	svg	shield	"Shield of Manchester Metropolitan University" by ET72 is licensed under CC BY 4.0. To view a copy of this license, visit https://creativecommons.org/licenses/by/4.0/.	curl -O "https://upload.wikimedia.org/wikipedia/commons/4/4e/Shield_of_Manchester_Metropolitan_University.svg"
2479c381-31eb-43c2-a7df-3ec429191f7e	Shield of Yugala Dighambara (variant 2)	Unknown authorUnknown author	CC-BY 4.0	illustration	wikimedia	svg	shield	"Shield of Yugala Dighambara (variant 2)" by Unknown authorUnknown author is licensed under CC BY 4.0. To view a copy of this license, visit https://creativecommons.org/licenses/by/4.0/.	curl -O "https://upload.wikimedia.org/wikipedia/commons/2/2f/Shield_of_Yugala_Dighambara_%28variant_2%29.svg"
a0d82ca8-6ad9-4662-8c9f-a71950efb310	Shield of Purachatra Jayakorn	Xiengyod~commonswiki	CC-BY 4.0	illustration	wikimedia	svg	shield	"Shield of Purachatra Jayakorn" by Xiengyod~commonswiki is licensed under CC BY 4.0. To view a copy of this license, visit https://creativecommons.org/licenses/by/4.0/.	curl -O "https://upload.wikimedia.org/wikipedia/commons/4/45/Shield_of_Purachatra_Jayakorn.svg"
15936ddf-a427-4c48-bd06-80e5ef2df092	Harvard Divinity School Shield	Hstoops	CC0	illustration	wikimedia	svg	shield	"Harvard Divinity School Shield" by Hstoops is marked with CC0 1.0. To view the terms, visit https://creativecommons.org/publicdomain/zero/1.0/deed.en/.	curl -O "https://upload.wikimedia.org/wikipedia/commons/2/29/Harvard_Divinity_School_Shield.svg"
bc6b9c60-b296-4a26-ac03-7ba0d76ff4db	Coa Illustration Shield Horsehead	Madboy74	CC0	illustration	wikimedia	svg	shield	"Coa Illustration Shield Horsehead" by Madboy74 is marked with CC0 1.0. To view the terms, visit https://creativecommons.org/publicdomain/zero/1.0/deed.en/.	curl -O "https://upload.wikimedia.org/wikipedia/commons/3/38/Coa_Illustration_Shield_Horsehead.svg"
7a278579-d84f-4779-b1f7-5d63c12f4408	Battle axe medieval	StefanvonHalenbach	CC0	illustration	wikimedia	svg	axe	"Battle axe medieval" by StefanvonHalenbach is marked with CC0 1.0. To view the terms, visit https://creativecommons.org/publicdomain/zero/1.0/deed.en/.	curl -O "https://upload.wikimedia.org/wikipedia/commons/4/42/Battle_axe_medieval.svg"
cbfb695e-6063-4477-9e7e-dc8048d76d38	Intercept b of linear function ax+b	すじにくシチュー	CC0	illustration	wikimedia	svg	axe	"Intercept b of linear function ax+b" by すじにくシチュー is marked with CC0 1.0. To view the terms, visit https://creativecommons.org/publicdomain/zero/1.0/deed.en.	curl -O "https://upload.wikimedia.org/wikipedia/commons/b/bb/Intercept_b_of_linear_function_ax%2Bb.svg"
d954777c-176a-4fbc-b686-2a511d90814c	Davenport theorem axes	Lionel Brits	CC-BY 1.0	illustration	wikimedia	svg	axe	"Davenport theorem axes" by Lionel Brits is licensed under CC BY 1.0. To view a copy of this license, visit https://creativecommons.org/licenses/by/1.0/.	curl -O "https://upload.wikimedia.org/wikipedia/commons/9/94/Davenport_theorem_axes.svg"
b2bde875-2407-45a6-b941-570eb7c9bef6	Pyramid axes arity, depth, valency	WatchduckYou can name the author as 'T. Piesk', 'Tilman Piesk' or 'Watchduck'.	CC-BY 4.0	illustration	wikimedia	svg	axe	"Pyramid axes arity, depth, valency" by WatchduckYou can name the author as 'T. Piesk', 'Tilman Piesk' or 'Watchduck'. is licensed under CC BY 4.0. To view a copy of this license, visit https://creativecommons.org/licenses/by/4.0/.	curl -O "https://upload.wikimedia.org/wikipedia/commons/6/64/Pyramid_axes_arity%2C_depth%2C_valency.svg"
6699ccc2-cfbf-48ed-97a1-aab723660215	Regular pentagon with axes of symmetry el	Dimitris131	CC0	illustration	wikimedia	svg	axe	"Regular pentagon with axes of symmetry el" by Dimitris131 is marked with CC0 1.0. To view the terms, visit https://creativecommons.org/publicdomain/zero/1.0/deed.en/.	curl -O "https://upload.wikimedia.org/wikipedia/commons/3/39/Regular_pentagon_with_axes_of_symmetry_el.svg"
215919d6-75af-46f6-8ced-8cc8e67dfad2	Equilateral triangle with axes of symmetry el	Dimitris131	CC0	illustration	wikimedia	svg	axe	"Equilateral triangle with axes of symmetry el" by Dimitris131 is marked with CC0 1.0. To view the terms, visit https://creativecommons.org/publicdomain/zero/1.0/deed.en/.	curl -O "https://upload.wikimedia.org/wikipedia/commons/6/6d/Equilateral_triangle_with_axes_of_symmetry_el.svg"
3862c8e0-b065-4a1b-96e8-d8f12fce9814	Eye axe-3D	chris 論	CC-BY 3.0	illustration	wikimedia	svg	axe	"Eye axe-3D" by chris 論 is licensed under CC BY 3.0. To view a copy of this license, visit https://creativecommons.org/licenses/by/3.0/.	curl -O "https://upload.wikimedia.org/wikipedia/commons/2/2f/Eye_axe-3D.svg"
07aeaebd-c062-496e-ae02-25393e06acdb	Pyramid axes adicity, depth, gravity	WatchduckYou can name the author as 'T. Piesk', 'Tilman Piesk' or 'Watchduck'.	CC-BY 4.0	illustration	wikimedia	svg	axe	"Pyramid axes adicity, depth, gravity" by WatchduckYou can name the author as 'T. Piesk', 'Tilman Piesk' or 'Watchduck'. is licensed under CC BY 4.0. To view a copy of this license, visit https://creativecommons.org/licenses/by/4.0/.	curl -O "https://upload.wikimedia.org/wikipedia/commons/a/a5/Pyramid_axes_adicity%2C_depth%2C_gravity.svg"
3827f3af-4ac6-40bb-9eb6-ac64bd6778ec	Pyramid axes arity, depth, gravity	WatchduckYou can name the author as 'T. Piesk', 'Tilman Piesk' or 'Watchduck'.	CC-BY 4.0	illustration	wikimedia	svg	axe	"Pyramid axes arity, depth, gravity" by WatchduckYou can name the author as 'T. Piesk', 'Tilman Piesk' or 'Watchduck'. is licensed under CC BY 4.0. To view a copy of this license, visit https://creativecommons.org/licenses/by/4.0/.	curl -O "https://upload.wikimedia.org/wikipedia/commons/e/e6/Pyramid_axes_arity%2C_depth%2C_gravity.svg"
074441b8-19b8-486c-ac6c-e24c9d49347c	Wii Remote accelerometer axes	User:Михајло Анђелковић	CC-BY 3.0	illustration	wikimedia	svg	axe	"Wii Remote accelerometer axes" by User:Михајло Анђелковић is licensed under CC BY 3.0. To view a copy of this license, visit https://creativecommons.org/licenses/by/3.0/.	curl -O "https://upload.wikimedia.org/wikipedia/commons/4/49/Wii_Remote_accelerometer_axes.svg"
78743974-1d74-45cd-bbd5-7889fb983276	Pyramid axes adicity, depth, valency	WatchduckYou can name the author as 'T. Piesk', 'Tilman Piesk' or 'Watchduck'.	CC-BY 4.0	illustration	wikimedia	svg	axe	"Pyramid axes adicity, depth, valency" by WatchduckYou can name the author as 'T. Piesk', 'Tilman Piesk' or 'Watchduck'. is licensed under CC BY 4.0. To view a copy of this license, visit https://creativecommons.org/licenses/by/4.0/.	curl -O "https://upload.wikimedia.org/wikipedia/commons/4/46/Pyramid_axes_adicity%2C_depth%2C_valency.svg"
8b7d08c4-e23d-4d21-a10a-2bbe9697f0f6	Ellipse with axes and center of symmetry	Dimitris131	CC0	illustration	wikimedia	svg	axe	"Ellipse with axes and center of symmetry" by Dimitris131 is marked with CC0 1.0. To view the terms, visit https://creativecommons.org/publicdomain/zero/1.0/deed.en/.	curl -O "https://upload.wikimedia.org/wikipedia/commons/c/c9/Ellipse_with_axes_and_center_of_symmetry.svg"
6d5f2dcc-b56f-496e-b7b4-9bf73415a977	Hyperpyramid axes ADVG; by depth and adicity	WatchduckYou can name the author as 'T. Piesk', 'Tilman Piesk' or 'Watchduck'.	CC-BY 4.0	illustration	wikimedia	svg	axe	"Hyperpyramid axes ADVG; by depth and adicity" by WatchduckYou can name the author as 'T. Piesk', 'Tilman Piesk' or 'Watchduck'. is licensed under CC BY 4.0. To view a copy of this license, visit https://creativecommons.org/licenses/by/4.0/.	curl -O "https://upload.wikimedia.org/wikipedia/commons/6/6a/Hyperpyramid_axes_ADVG%3B_by_depth_and_adicity.svg"
61f51bcd-5e26-4fa5-ae3f-765efa59e1c0	Regular pentadecagon with axes of symmetry el	Dimitris131	CC0	illustration	wikimedia	svg	axe	"Regular pentadecagon with axes of symmetry el" by Dimitris131 is marked with CC0 1.0. To view the terms, visit https://creativecommons.org/publicdomain/zero/1.0/deed.en/.	curl -O "https://upload.wikimedia.org/wikipedia/commons/c/ca/Regular_pentadecagon_with_axes_of_symmetry_el.svg"
b442af71-f267-4111-b890-13288528238d	Regular icosagon with axes el	Dimitris131	CC0	illustration	wikimedia	svg	axe	"Regular icosagon with axes el" by Dimitris131 is marked with CC0 1.0. To view the terms, visit https://creativecommons.org/publicdomain/zero/1.0/deed.en/.	curl -O "https://upload.wikimedia.org/wikipedia/commons/6/64/Regular_icosagon_with_axes_el.svg"
a5ce94e9-3c32-4188-a0e1-9fdd44dc81bc	Axe good	Tom dl	CC0	illustration	wikimedia	svg	axe	"Axe good" by Tom dl is marked with CC0 1.0. To view the terms, visit https://creativecommons.org/publicdomain/zero/1.0/deed.en/.	curl -O "https://upload.wikimedia.org/wikipedia/commons/6/6f/Axe_good.svg"
8af48542-3b68-44c4-baf3-54596c1c9b26	Hyperpyramid axes ADVG; by arity and valency	WatchduckYou can name the author as 'T. Piesk', 'Tilman Piesk' or 'Watchduck'.	CC-BY 4.0	illustration	wikimedia	svg	axe	"Hyperpyramid axes ADVG; by arity and valency" by WatchduckYou can name the author as 'T. Piesk', 'Tilman Piesk' or 'Watchduck'. is licensed under CC BY 4.0. To view a copy of this license, visit https://creativecommons.org/licenses/by/4.0/.	curl -O "https://upload.wikimedia.org/wikipedia/commons/5/58/Hyperpyramid_axes_ADVG%3B_by_arity_and_valency.svg"
15dd07eb-c24d-4e41-80d0-81ce8d75c83d	Regular decagon with axes el	Dimitris131	CC0	illustration	wikimedia	svg	axe	"Regular decagon with axes el" by Dimitris131 is marked with CC0 1.0. To view the terms, visit https://creativecommons.org/publicdomain/zero/1.0/deed.en/.	curl -O "https://upload.wikimedia.org/wikipedia/commons/d/d1/Regular_decagon_with_axes_el.svg"
9670cb5b-ed3f-4ae2-866a-e246471d3106	Hyperpyramid axes ADVG; by arity and depth	WatchduckYou can name the author as 'T. Piesk', 'Tilman Piesk' or 'Watchduck'.	CC-BY 4.0	illustration	wikimedia	svg	axe	"Hyperpyramid axes ADVG; by arity and depth" by WatchduckYou can name the author as 'T. Piesk', 'Tilman Piesk' or 'Watchduck'. is licensed under CC BY 4.0. To view a copy of this license, visit https://creativecommons.org/licenses/by/4.0/.	curl -O "https://upload.wikimedia.org/wikipedia/commons/8/8e/Hyperpyramid_axes_ADVG%3B_by_arity_and_depth.svg"
bee6abe4-74bd-4f58-92c2-ac27eac3bb56	Hyperpyramid axes ADVG; by depth and arity	WatchduckYou can name the author as 'T. Piesk', 'Tilman Piesk' or 'Watchduck'.	CC-BY 4.0	illustration	wikimedia	svg	axe	"Hyperpyramid axes ADVG; by depth and arity" by WatchduckYou can name the author as 'T. Piesk', 'Tilman Piesk' or 'Watchduck'. is licensed under CC BY 4.0. To view a copy of this license, visit https://creativecommons.org/licenses/by/4.0/.	curl -O "https://upload.wikimedia.org/wikipedia/commons/3/38/Hyperpyramid_axes_ADVG%3B_by_depth_and_arity.svg"
adbbba9f-ff32-4ac4-bf3d-101bc0c41ef3	Regular heptagon with axes of symmetry el	Dimitris131	CC0	illustration	wikimedia	svg	axe	"Regular heptagon with axes of symmetry el" by Dimitris131 is marked with CC0 1.0. To view the terms, visit https://creativecommons.org/publicdomain/zero/1.0/deed.en/.	curl -O "https://upload.wikimedia.org/wikipedia/commons/d/d6/Regular_heptagon_with_axes_of_symmetry_el.svg"
a5c54c25-a8b0-466a-8dec-1002363352c7	Regular hexagon with axes el	Dimitris131	CC0	illustration	wikimedia	svg	axe	"Regular hexagon with axes el" by Dimitris131 is marked with CC0 1.0. To view the terms, visit https://creativecommons.org/publicdomain/zero/1.0/deed.en/.	curl -O "https://upload.wikimedia.org/wikipedia/commons/c/cd/Regular_hexagon_with_axes_el.svg"
a7977c35-1498-45c4-939c-37d617914661	Regular octagon with axes el	Dimitris131	CC0	illustration	wikimedia	svg	axe	"Regular octagon with axes el" by Dimitris131 is marked with CC0 1.0. To view the terms, visit https://creativecommons.org/publicdomain/zero/1.0/deed.en/.	curl -O "https://upload.wikimedia.org/wikipedia/commons/3/3d/Regular_octagon_with_axes_el.svg"
cda755c8-9a42-4039-babc-9efef853fdb0	Hyperpyramid axes ADVG; by adicity and depth	WatchduckYou can name the author as 'T. Piesk', 'Tilman Piesk' or 'Watchduck'.	CC-BY 4.0	illustration	wikimedia	svg	axe	"Hyperpyramid axes ADVG; by adicity and depth" by WatchduckYou can name the author as 'T. Piesk', 'Tilman Piesk' or 'Watchduck'. is licensed under CC BY 4.0. To view a copy of this license, visit https://creativecommons.org/licenses/by/4.0/.	curl -O "https://upload.wikimedia.org/wikipedia/commons/a/ad/Hyperpyramid_axes_ADVG%3B_by_adicity_and_depth.svg"
4fbe7157-da56-4ca7-9bad-7c10098c4ae9	Regular enneagon with axes of symmetry el	Dimitris131	CC0	illustration	wikimedia	svg	axe	"Regular enneagon with axes of symmetry el" by Dimitris131 is marked with CC0 1.0. To view the terms, visit https://creativecommons.org/publicdomain/zero/1.0/deed.en/.	curl -O "https://upload.wikimedia.org/wikipedia/commons/e/eb/Regular_enneagon_with_axes_of_symmetry_el.svg"
2992afd3-eccf-4f35-a843-d12ac5283e75	Regular hendecagon with axes of symmetry el	Dimitris131	CC0	illustration	wikimedia	svg	axe	"Regular hendecagon with axes of symmetry el" by Dimitris131 is marked with CC0 1.0. To view the terms, visit https://creativecommons.org/publicdomain/zero/1.0/deed.en/.	curl -O "https://upload.wikimedia.org/wikipedia/commons/f/fd/Regular_hendecagon_with_axes_of_symmetry_el.svg"
572f9ca5-35ee-4511-85c4-26b24c2ef4a7	Hyperpyramid axes ADVG; by adicity and valency	WatchduckYou can name the author as 'T. Piesk', 'Tilman Piesk' or 'Watchduck'.	CC-BY 4.0	illustration	wikimedia	svg	axe	"Hyperpyramid axes ADVG; by adicity and valency" by WatchduckYou can name the author as 'T. Piesk', 'Tilman Piesk' or 'Watchduck'. is licensed under CC BY 4.0. To view a copy of this license, visit https://creativecommons.org/licenses/by/4.0/.	curl -O "https://upload.wikimedia.org/wikipedia/commons/0/05/Hyperpyramid_axes_ADVG%3B_by_adicity_and_valency.svg"
94f74cb3-9355-4cb7-856d-8f40ac7fe5fb	Regular dodecagon with axes el	Dimitris131	CC0	illustration	wikimedia	svg	axe	"Regular dodecagon with axes el" by Dimitris131 is marked with CC0 1.0. To view the terms, visit https://creativecommons.org/publicdomain/zero/1.0/deed.en/.	curl -O "https://upload.wikimedia.org/wikipedia/commons/3/39/Regular_dodecagon_with_axes_el.svg"
569778f7-f632-4644-9949-33c2d253c3cd	Regular octadecagon with axes el	Dimitris131	CC0	illustration	wikimedia	svg	axe	"Regular octadecagon with axes el" by Dimitris131 is marked with CC0 1.0. To view the terms, visit https://creativecommons.org/publicdomain/zero/1.0/deed.en/.	curl -O "https://upload.wikimedia.org/wikipedia/commons/0/04/Regular_octadecagon_with_axes_el.svg"
33853f29-4eab-49de-8500-314767a525f4	Regular hexadecagon with axes el	Dimitris131	CC0	illustration	wikimedia	svg	axe	"Regular hexadecagon with axes el" by Dimitris131 is marked with CC0 1.0. To view the terms, visit https://creativecommons.org/publicdomain/zero/1.0/deed.en/.	curl -O "https://upload.wikimedia.org/wikipedia/commons/2/23/Regular_hexadecagon_with_axes_el.svg"
13fe2a67-4ce8-474a-8d4a-bc8a21277ae7	Regular heptadecagon with axes of symmetry el	Dimitris131	CC0	illustration	wikimedia	svg	axe	"Regular heptadecagon with axes of symmetry el" by Dimitris131 is marked with CC0 1.0. To view the terms, visit https://creativecommons.org/publicdomain/zero/1.0/deed.en/.	curl -O "https://upload.wikimedia.org/wikipedia/commons/e/e5/Regular_heptadecagon_with_axes_of_symmetry_el.svg"
1f4317f8-4c7f-4fb9-b356-1fe96a4436fe	Regular triskaidecagon with axes of symmetry el	Dimitris131	CC0	illustration	wikimedia	svg	axe	"Regular triskaidecagon with axes of symmetry el" by Dimitris131 is marked with CC0 1.0. To view the terms, visit https://creativecommons.org/publicdomain/zero/1.0/deed.en/.	curl -O "https://upload.wikimedia.org/wikipedia/commons/c/c4/Regular_triskaidecagon_with_axes_of_symmetry_el.svg"
e65e7a4f-a0b3-4435-958d-b128cad14b7a	Regular tetradecagon with axes el	Dimitris131	CC0	illustration	wikimedia	svg	axe	"Regular tetradecagon with axes el" by Dimitris131 is marked with CC0 1.0. To view the terms, visit https://creativecommons.org/publicdomain/zero/1.0/deed.en/.	curl -O "https://upload.wikimedia.org/wikipedia/commons/a/ab/Regular_tetradecagon_with_axes_el.svg"
2afce677-8f48-4f11-991f-68eed4ef99a5	Axe Russia	Unknown authorUnknown author	CC-BY 4.0	illustration	wikimedia	svg	axe	"Axe Russia" by Unknown authorUnknown author is licensed under CC BY 4.0. To view a copy of this license, visit https://creativecommons.org/licenses/by/4.0/.	curl -O "https://upload.wikimedia.org/wikipedia/commons/5/55/Axe_Russia.svg"
3a4ba74e-a28f-4160-9376-a0ff835706e5	Pyramid axes valency, depth, gravity	WatchduckYou can name the author as 'T. Piesk', 'Tilman Piesk' or 'Watchduck'.	CC-BY 4.0	illustration	wikimedia	svg	axe	"Pyramid axes valency, depth, gravity" by WatchduckYou can name the author as 'T. Piesk', 'Tilman Piesk' or 'Watchduck'. is licensed under CC BY 4.0. To view a copy of this license, visit https://creativecommons.org/licenses/by/4.0/.	curl -O "https://upload.wikimedia.org/wikipedia/commons/d/dd/Pyramid_axes_valency%2C_depth%2C_gravity.svg"
0a3afc9e-30ca-4d2a-84ab-cdbc6e2c91f5	Line with axes el	Dimitris131	CC0	illustration	wikimedia	svg	axe	"Line with axes el" by Dimitris131 is marked with CC0 1.0. To view the terms, visit https://creativecommons.org/publicdomain/zero/1.0/deed.en/.	curl -O "https://upload.wikimedia.org/wikipedia/commons/4/4d/Line_with_axes_el.svg"
ef85a07d-dae9-4345-9157-e890fadcf129	Sinc-ax	https://commons.wikimedia.org/wiki/User:Geek3	CC-BY 3.0	illustration	wikimedia	svg	axe	"Sinc-ax" by https://commons.wikimedia.org/wiki/User:Geek3 is licensed under CC BY 3.0. To view a copy of this license, visit https://creativecommons.org/licenses/by/3.0/.	curl -O "https://upload.wikimedia.org/wikipedia/commons/7/73/Sinc-ax.svg"
4047607a-4e49-4c9b-b713-d7355187dc81	Line with axes slope and intercept el	Dimitris131	CC0	illustration	wikimedia	svg	axe	"Line with axes slope and intercept el" by Dimitris131 is marked with CC0 1.0. To view the terms, visit https://creativecommons.org/publicdomain/zero/1.0/deed.en/.	curl -O "https://upload.wikimedia.org/wikipedia/commons/6/6f/Line_with_axes_slope_and_intercept_el.svg"
9f77be8f-01c6-4dc7-a674-6dbcb4496e8e	Regular enneakaidecagon with axes of symmetry el	Dimitris131	CC0	illustration	wikimedia	svg	axe	"Regular enneakaidecagon with axes of symmetry el" by Dimitris131 is marked with CC0 1.0. To view the terms, visit https://creativecommons.org/publicdomain/zero/1.0/deed.en/.	curl -O "https://upload.wikimedia.org/wikipedia/commons/d/dc/Regular_enneakaidecagon_with_axes_of_symmetry_el.svg"
a855d0b5-5f7b-41ce-b9a0-3725839c49a3	ax	?	CC0	illustration	svgsilh	?	axe	"ax" is marked with CC0 1.0. To view the terms, visit https://creativecommons.org/publicdomain/zero/1.0/.	curl -O "https://svgsilh.com/png/2908795-3f51b5.png"
db7adfd4-2fc6-42af-863e-d64ee184140a	ax	?	CC0	illustration	svgsilh	?	axe	"ax" is marked with CC0 1.0. To view the terms, visit https://creativecommons.org/publicdomain/zero/1.0/.	curl -O "https://svgsilh.com/png/2458242-3f51b5.png"
eeba276d-04e9-4911-95a6-5e8366b4a5d8	ax	?	CC0	illustration	svgsilh	?	axe	"ax" is marked with CC0 1.0. To view the terms, visit https://creativecommons.org/publicdomain/zero/1.0/.	curl -O "https://svgsilh.com/png/2715519-3f51b5.png"
9932b8b2-a576-4bc9-8c14-cf299460a11d	PNG Axe, clipart, transparent background	Miiruuku	CC0	illustration	rawpixel	png	axe	"PNG Axe, clipart, transparent background" by Miiruuku is marked with CC0 1.0. To view the terms, visit https://creativecommons.org/publicdomain/zero/1.0/.	curl -O "https://images.rawpixel.com/image_png_1300/cHJpdmF0ZS9sci9pbWFnZXMvd2Vic2l0ZS8yMDIzLTA1L2pvYjk2NS1lbGVtZW50LTIwM2UtcF8xLnBuZw.png"
619bd15b-010c-4f7c-abe6-5d360e5b4adf	ax	?	CC0	illustration	svgsilh	?	axe	"ax" is marked with CC0 1.0. To view the terms, visit https://creativecommons.org/publicdomain/zero/1.0/.	curl -O "https://svgsilh.com/png/297185-3f51b5.png"
046f9154-1d81-4e14-9edb-d3256c2a0370	Axe clipart, vintage farming tool	?	CC0	illustration	rawpixel	eps	axe	"Axe clipart, vintage farming tool" is marked with CC0 1.0. To view the terms, visit https://creativecommons.org/publicdomain/zero/1.0/.	curl -O "https://images.rawpixel.com/editor_1024/czNmcy1wcml2YXRlL3Jhd3BpeGVsX2ltYWdlcy93ZWJzaXRlX2NvbnRlbnQvam9iNjcyLTEwMy12LWwxbXY3enRnLmpwZw.jpg"
087f0f1a-4e81-45be-ac1f-27f693cdf944	Axe png sticker weapon illustration	?	CC0	illustration	rawpixel	png	axe	"Axe png sticker weapon illustration" is marked with CC0 1.0. To view the terms, visit https://creativecommons.org/publicdomain/zero/1.0/.	curl -O "https://images.rawpixel.com/image_png_1300/cHJpdmF0ZS9sci9pbWFnZXMvd2Vic2l0ZS8yMDIyLTA1L2pvYjcyNi0xOTAtcC5wbmc.png"
605d0d47-cc1e-4ca8-b5a7-97b597a7f941	ax	?	CC0	illustration	svgsilh	?	axe	"ax" is marked with CC0 1.0. To view the terms, visit https://creativecommons.org/publicdomain/zero/1.0/.	curl -O "https://svgsilh.com/png/148474-3f51b5.png"
376ed278-4c41-4d00-b3a0-02484ad134a0	axe	?	CC0	illustration	svgsilh	?	axe	"axe" is marked with CC0 1.0. To view the terms, visit https://creativecommons.org/publicdomain/zero/1.0/.	curl -O "https://svgsilh.com/png/884347-3f51b5.png"
481080e4-8cae-4b02-b508-f5f383f00355	ax	?	CC0	illustration	svgsilh	?	axe	"ax" is marked with CC0 1.0. To view the terms, visit https://creativecommons.org/publicdomain/zero/1.0/.	curl -O "https://svgsilh.com/png/2865926-3f51b5.png"
80564042-fbad-4448-83c6-886994f051c5	axe	?	CC0	illustration	svgsilh	?	axe	"axe" is marked with CC0 1.0. To view the terms, visit https://creativecommons.org/publicdomain/zero/1.0/.	curl -O "https://svgsilh.com/png/161519-3f51b5.png"
f9fdcd04-315a-4ff7-a726-9d4a50f580d5	axe	?	CC0	illustration	svgsilh	?	axe	"axe" is marked with CC0 1.0. To view the terms, visit https://creativecommons.org/publicdomain/zero/1.0/.	curl -O "https://svgsilh.com/png/2883896-3f51b5.png"
d4c665be-8155-42b7-8a0c-fe3cf76bde56	ax	?	CC0	illustration	svgsilh	?	axe	"ax" is marked with CC0 1.0. To view the terms, visit https://creativecommons.org/publicdomain/zero/1.0/.	curl -O "https://svgsilh.com/png/2865925-3f51b5.png"
c53a2db7-b147-46da-a682-0d2581e9f8e4	ax	?	CC0	illustration	svgsilh	?	axe	"ax" is marked with CC0 1.0. To view the terms, visit https://creativecommons.org/publicdomain/zero/1.0/.	curl -O "https://svgsilh.com/png/2865991-3f51b5.png"
164037b2-fc3d-4f8c-b13d-7d0c44d5647e	Soldier axe clipart, vintage hand	?	CC0	illustration	rawpixel	eps	axe	"Soldier axe clipart, vintage hand" is marked with CC0 1.0. To view the terms, visit https://creativecommons.org/publicdomain/zero/1.0/.	curl -O "https://images.rawpixel.com/editor_1024/cHJpdmF0ZS9sci9pbWFnZXMvd2Vic2l0ZS8yMDIyLTA1L2pvYjcxNi0xNDItdl8xLmpwZw.jpg"
5bbf7e54-a99f-41ae-9b29-fa7db159c304	axe	?	CC0	illustration	svgsilh	?	axe	"axe" is marked with CC0 1.0. To view the terms, visit https://creativecommons.org/publicdomain/zero/1.0/.	curl -O "https://svgsilh.com/png/146326-3f51b5.png"
6bc4b779-6c16-4c52-b587-f500d8e21be8	Axe log vintage illustration	?	CC0	illustration	rawpixel	jpg	axe	"Axe log vintage illustration" is marked with CC0 1.0. To view the terms, visit https://creativecommons.org/publicdomain/zero/1.0/.	curl -O "https://images.rawpixel.com/editor_1024/cHJpdmF0ZS9sci9pbWFnZXMvd2Vic2l0ZS8yMDIyLTA1L2pvYjcxNi0wNjkteC5qcGc.jpg"
56abc7b4-88f2-46d5-82e0-ca70eec9b1eb	axe	?	CC0	illustration	svgsilh	?	axe	"axe" is marked with CC0 1.0. To view the terms, visit https://creativecommons.org/publicdomain/zero/1.0/.	curl -O "https://svgsilh.com/png/3325766-3f51b5.png"
05dc63ef-ba2a-4dfd-955e-415f632871ad	axe	?	CC0	illustration	svgsilh	?	axe	"axe" is marked with CC0 1.0. To view the terms, visit https://creativecommons.org/publicdomain/zero/1.0/.	curl -O "https://svgsilh.com/png/146325-3f51b5.png"
00845af1-f327-4cb7-860f-61f97825b079	Axe head png sticker illustration	?	CC0	illustration	rawpixel	png	axe	"Axe head png sticker illustration" is marked with CC0 1.0. To view the terms, visit https://creativecommons.org/publicdomain/zero/1.0/.	curl -O "https://images.rawpixel.com/image_png_1300/cHJpdmF0ZS9sci9pbWFnZXMvd2Vic2l0ZS8yMDIyLTA1L2pvYjcxNi0wMzctcC5wbmc.png"
65f0baf5-6520-460f-9b5f-69aba53b94d0	Axe head clipart, vintage hand	?	CC0	illustration	rawpixel	eps	axe	"Axe head clipart, vintage hand" is marked with CC0 1.0. To view the terms, visit https://creativecommons.org/publicdomain/zero/1.0/.	curl -O "https://images.rawpixel.com/editor_1024/cHJpdmF0ZS9sci9pbWFnZXMvd2Vic2l0ZS8yMDIyLTA1L2pvYjcxNi0wMzctdi4uanBn.jpg"
ccd5b738-d313-4dfd-92de-614e86c3cfdd	Bow Drill with annotations	self (User:Hirsutism), derived from File:Bow_Drill_with_annotations.jpg created by User:JonRichfield, derived from File:Bow_Drill.png created by User:Reddi	CC-BY 3.0	illustration	wikimedia	svg	bow	"Bow Drill with annotations" by self (User:Hirsutism), derived from File:Bow_Drill_with_annotations.jpg created by User:JonRichfield, derived from File:Bow_Drill.png created by User:Reddi is licensed under CC BY 3.0. To view a copy of this license, visit https://creativecommons.org/licenses/by/3.0/.	curl -O "https://upload.wikimedia.org/wikipedia/commons/f/f4/Bow_Drill_with_annotations.svg"
424f124d-87b6-450d-9e0a-2f4371964d15	Carbon County Wyoming incorporated and unincorporated areas Medicine Bow highlighted	Rcsprinter123	CC-BY 3.0	illustration	wikimedia	svg	bow	"Carbon County Wyoming incorporated and unincorporated areas Medicine Bow highlighted" by Rcsprinter123 is licensed under CC BY 3.0. To view a copy of this license, visit https://creativecommons.org/licenses/by/3.0/.	curl -O "https://upload.wikimedia.org/wikipedia/commons/0/02/Carbon_County_Wyoming_incorporated_and_unincorporated_areas_Medicine_Bow_highlighted.svg"
7368ac11-7a20-4749-b689-01394826d2aa	OCR bow tie	Amit6	CC0	illustration	wikimedia	svg	bow	"OCR bow tie" by Amit6 is marked with CC0 1.0. To view the terms, visit https://creativecommons.org/publicdomain/zero/1.0/deed.en.	curl -O "https://upload.wikimedia.org/wikipedia/commons/a/a4/OCR_bow_tie.svg"
7b276269-817e-48bd-b28e-cacf942211b9	Cable bow	Egmason	CC-BY 3.0	illustration	wikimedia	svg	bow	"Cable bow" by Egmason is licensed under CC BY 3.0. To view a copy of this license, visit https://creativecommons.org/licenses/by/3.0/.	curl -O "https://upload.wikimedia.org/wikipedia/commons/d/da/Cable_bow.svg"
5e1755dd-fe3d-48af-a1fc-cb2c2330f692	MapOfAinuLanguage-Bow	AsPJT	CC0	illustration	wikimedia	svg	bow	"MapOfAinuLanguage-Bow" by AsPJT is marked with CC0 1.0. To view the terms, visit https://creativecommons.org/publicdomain/zero/1.0/deed.en/.	curl -O "https://upload.wikimedia.org/wikipedia/commons/d/d3/MapOfAinuLanguage-Bow.svg"
bd805fb4-c47f-469a-9270-94bc7e3538d8	Bow River (Canadian electoral district) (2022 redistribution)	Twotwofourtysix	CC-BY 4.0	illustration	wikimedia	svg	bow	"Bow River (Canadian electoral district) (2022 redistribution)" by Twotwofourtysix is licensed under CC BY 4.0. To view a copy of this license, visit https://creativecommons.org/licenses/by/4.0/.	curl -O "https://upload.wikimedia.org/wikipedia/commons/5/56/Bow_River_%28Canadian_electoral_district%29_%282022_redistribution%29.svg"
7dcc7868-d6da-4d8e-adb6-ce06c62dc681	Calgary Provincial Riding - Calgary Bow	TastyCakes on English Wikipedia	CC-BY 3.0	illustration	wikimedia	svg	bow	"Calgary Provincial Riding - Calgary Bow" by TastyCakes on English Wikipedia is licensed under CC BY 3.0. To view a copy of this license, visit https://creativecommons.org/licenses/by/3.0/.	curl -O "https://upload.wikimedia.org/wikipedia/commons/d/d5/Calgary_Provincial_Riding_-_Calgary_Bow.svg"
308c7084-2d2d-4227-96b5-9413b380ba71	Red bow clipart, illustration vector	?	CC0	illustration	rawpixel	eps	bow	"Red bow clipart, illustration vector" is marked with CC0 1.0. To view the terms, visit https://creativecommons.org/publicdomain/zero/1.0/.	curl -O "https://images.rawpixel.com/editor_1024/cHJpdmF0ZS9sci9pbWFnZXMvd2Vic2l0ZS8yMDIyLTA2L2pvYjk0Ny0yNDktbDQzdzhwbjIuanBn.jpg"
05fa757e-9f6b-487c-8789-96138c21a047	Green bow png sticker, transparent	?	CC0	illustration	rawpixel	png	bow	"Green bow png sticker, transparent" is marked with CC0 1.0. To view the terms, visit https://creativecommons.org/publicdomain/zero/1.0/.	curl -O "https://images.rawpixel.com/image_png_1300/cHJpdmF0ZS9sci9pbWFnZXMvd2Vic2l0ZS8yMDIyLTA2L2pvYjk0Ny0wNTItcC5wbmc.png"
dd6aa63e-e187-44c5-b344-28fd2bf90126	Bow clipart, illustration vector	?	CC0	illustration	rawpixel	eps	bow	"Bow clipart, illustration vector" is marked with CC0 1.0. To view the terms, visit https://creativecommons.org/publicdomain/zero/1.0/.	curl -O "https://images.rawpixel.com/editor_1024/cHJpdmF0ZS9sci9pbWFnZXMvd2Vic2l0ZS8yMDIyLTA1L2pvYjcyMy0xNzItdi5qcGc.jpg"
a9aeee0c-9eb3-4bfe-a892-fc06b214806b	Bow png sticker illustration, transparent	?	CC0	illustration	rawpixel	png	bow	"Bow png sticker illustration, transparent" is marked with CC0 1.0. To view the terms, visit https://creativecommons.org/publicdomain/zero/1.0/.	curl -O "https://images.rawpixel.com/image_png_1300/cHJpdmF0ZS9sci9pbWFnZXMvd2Vic2l0ZS8yMDIyLTA1L2pvYjcyMy0xNzItcC5wbmc.png"
e8a438da-87e4-45cf-8ef5-6639541f2468	Violin bow png sticker, musical	?	CC0	illustration	rawpixel	png	bow	"Violin bow png sticker, musical" is marked with CC0 1.0. To view the terms, visit https://creativecommons.org/publicdomain/zero/1.0/.	curl -O "https://images.rawpixel.com/image_png_1300/cHJpdmF0ZS9sci9pbWFnZXMvd2Vic2l0ZS8yMDIyLTA0L2pvYjcyMS0wMTUtcC5wbmc.png"
199bf79f-84f0-4932-9674-5d39878c85ad	Arrow, bow clipart, vintage archery	?	CC0	illustration	rawpixel	eps	bow	"Arrow, bow clipart, vintage archery" is marked with CC0 1.0. To view the terms, visit https://creativecommons.org/publicdomain/zero/1.0/.	curl -O "https://images.rawpixel.com/editor_1024/cHJpdmF0ZS9sci9pbWFnZXMvd2Vic2l0ZS8yMDIyLTA0L2pvYjY3My0xNDItdi5qcGc.jpg"
8dd934b3-66f6-4532-8ebc-fa59619b8dd6	Bow arrow clipart, illustration	?	CC0	illustration	rawpixel	jpg	bow	"Bow arrow clipart, illustration" is marked with CC0 1.0. To view the terms, visit https://creativecommons.org/publicdomain/zero/1.0/.	curl -O "https://images.rawpixel.com/editor_1024/cHJpdmF0ZS9sci9pbWFnZXMvd2Vic2l0ZS8yMDIyLTExL2pvYjk1Ni0xNjYteF8xLmpwZw.jpg"
cb083d2c-06f3-4e78-ac5e-0ce58ddfb641	Red bow png sticker, transparent	?	CC0	illustration	rawpixel	png	bow	"Red bow png sticker, transparent" is marked with CC0 1.0. To view the terms, visit https://creativecommons.org/publicdomain/zero/1.0/.	curl -O "https://images.rawpixel.com/image_png_1300/cHJpdmF0ZS9sci9pbWFnZXMvd2Vic2l0ZS8yMDIyLTA2L2pvYjk0Ny0yNDkucG5n.png"
2bab2a2d-a1c9-440d-b3c3-0961d9163ba2	Red bow clipart, illustration	?	CC0	illustration	rawpixel	jpg	bow	"Red bow clipart, illustration" is marked with CC0 1.0. To view the terms, visit https://creativecommons.org/publicdomain/zero/1.0/.	curl -O "https://images.rawpixel.com/editor_1024/cHJpdmF0ZS9sci9pbWFnZXMvd2Vic2l0ZS8yMDIyLTA2L2pvYjk0Ny0yNDkteC5qcGc.jpg"
2d8bd172-708c-4360-ba0e-56afed46420b	bows	?	CC0	illustration	svgsilh	?	bow	"bows" is marked with CC0 1.0. To view the terms, visit https://creativecommons.org/publicdomain/zero/1.0/.	curl -O "https://svgsilh.com/png/307327-3f51b5.png"
fa151f76-2707-48e8-89da-9e3cab026660	Green bow clipart, illustration	?	CC0	illustration	rawpixel	jpg	bow	"Green bow clipart, illustration" is marked with CC0 1.0. To view the terms, visit https://creativecommons.org/publicdomain/zero/1.0/.	curl -O "https://images.rawpixel.com/editor_1024/cHJpdmF0ZS9sci9pbWFnZXMvd2Vic2l0ZS8yMDIyLTA2L2pvYjk0Ny0wNTIteC5qcGc.jpg"
78ec9089-e923-4342-b1b1-35be79403777	hanging bows floral decoration	?	CC0	illustration	svgsilh	?	bow	"hanging bows floral decoration" is marked with CC0 1.0. To view the terms, visit https://creativecommons.org/publicdomain/zero/1.0/.	curl -O "https://svgsilh.com/png/3289304-e91e63.png"
52be7a4c-e1d1-47b9-bb96-007587a9f489	bows	?	CC0	illustration	svgsilh	?	bow	"bows" is marked with CC0 1.0. To view the terms, visit https://creativecommons.org/publicdomain/zero/1.0/.	curl -O "https://svgsilh.com/png/2460924-3f51b5.png"
8f8d8f3c-08f0-4a42-81bb-20a1552c5c89	bows	?	CC0	illustration	svgsilh	?	bow	"bows" is marked with CC0 1.0. To view the terms, visit https://creativecommons.org/publicdomain/zero/1.0/.	curl -O "https://svgsilh.com/png/3289304-3f51b5.png"
cad72dd7-5a75-4590-8640-5a366d29553f	hanging bows floral decoration	?	CC0	illustration	svgsilh	?	bow	"hanging bows floral decoration" is marked with CC0 1.0. To view the terms, visit https://creativecommons.org/publicdomain/zero/1.0/.	curl -O "https://svgsilh.com/png/2460924-e91e63.png"
936b63ee-6f53-4e32-a324-efc1109212e5	bow	?	CC0	illustration	svgsilh	?	bow	"bow" is marked with CC0 1.0. To view the terms, visit https://creativecommons.org/publicdomain/zero/1.0/.	curl -O "https://svgsilh.com/png/3120516-ffc107.png"
95572af8-78ff-4fe7-a027-35a4a36e8fac	bow	?	CC0	illustration	svgsilh	?	bow	"bow" is marked with CC0 1.0. To view the terms, visit https://creativecommons.org/publicdomain/zero/1.0/.	curl -O "https://svgsilh.com/png/3120516.png"
a8ca9926-20f4-44c6-98e8-34aad5bc0a4a	Violin bow clipart, vintage music	?	CC0	illustration	rawpixel	eps	bow	"Violin bow clipart, vintage music" is marked with CC0 1.0. To view the terms, visit https://creativecommons.org/publicdomain/zero/1.0/.	curl -O "https://images.rawpixel.com/editor_1024/cHJpdmF0ZS9sci9pbWFnZXMvd2Vic2l0ZS8yMDIyLTA0L2pvYjcxMS0wMjctdi5qcGc.jpg"
d55e87c0-48de-4078-bcb0-be2b094c88e2	Violin bow clipart, musical instrument	?	CC0	illustration	rawpixel	eps	bow	"Violin bow clipart, musical instrument" is marked with CC0 1.0. To view the terms, visit https://creativecommons.org/publicdomain/zero/1.0/.	curl -O "https://images.rawpixel.com/editor_1024/cHJpdmF0ZS9sci9pbWFnZXMvd2Vic2l0ZS8yMDIyLTA0L2pvYjcyMS0wMTUtdi5qcGc.jpg"
7c734c8f-9c4d-4a97-9871-88531780b455	Bow arrow clipart, illustration vector	?	CC0	illustration	rawpixel	eps	bow	"Bow arrow clipart, illustration vector" is marked with CC0 1.0. To view the terms, visit https://creativecommons.org/publicdomain/zero/1.0/.	curl -O "https://images.rawpixel.com/editor_1024/cHJpdmF0ZS9sci9pbWFnZXMvd2Vic2l0ZS8yMDIyLTExL2pvYjk1Ni0xNjYtdi5qcGc.jpg"
48914d5f-9fae-4db8-8a0c-336f667e9181	bow	?	CC0	illustration	svgsilh	?	bow	"bow" is marked with CC0 1.0. To view the terms, visit https://creativecommons.org/publicdomain/zero/1.0/.	curl -O "https://svgsilh.com/png/2029255.png"
bcddf1f4-0917-4a82-b84c-9745e06cf683	Violin bow clipart, musical instrument	?	CC0	illustration	rawpixel	jpg	bow	"Violin bow clipart, musical instrument" is marked with CC0 1.0. To view the terms, visit https://creativecommons.org/publicdomain/zero/1.0/.	curl -O "https://images.rawpixel.com/editor_1024/cHJpdmF0ZS9sci9pbWFnZXMvd2Vic2l0ZS8yMDIyLTA0L2pvYjcyMS0wMTUteC5qcGc.jpg"
6eccc630-1970-425d-9afd-e69b2782f90d	Violin bow drawing, vintage music	?	CC0	illustration	rawpixel	jpg	bow	"Violin bow drawing, vintage music" is marked with CC0 1.0. To view the terms, visit https://creativecommons.org/publicdomain/zero/1.0/.	curl -O "https://images.rawpixel.com/editor_1024/cHJpdmF0ZS9sci9pbWFnZXMvd2Vic2l0ZS8yMDIyLTA0L2pvYjcxMS0wMjcteC5qcGc.jpg"
c73cb2aa-eae4-48df-8d60-172ed8ac82a4	bow	?	CC0	illustration	svgsilh	?	bow	"bow" is marked with CC0 1.0. To view the terms, visit https://creativecommons.org/publicdomain/zero/1.0/.	curl -O "https://svgsilh.com/png/1300048-ffc107.png"
9622ab37-a93a-4a14-a245-918130bb86c9	bow	?	CC0	illustration	svgsilh	?	bow	"bow" is marked with CC0 1.0. To view the terms, visit https://creativecommons.org/publicdomain/zero/1.0/.	curl -O "https://svgsilh.com/png/1289524-ffc107.png"
55756e0c-3751-4857-9efb-f04fc01efdfb	bows	?	CC0	illustration	svgsilh	?	bow	"bows" is marked with CC0 1.0. To view the terms, visit https://creativecommons.org/publicdomain/zero/1.0/.	curl -O "https://svgsilh.com/png/33285-3f51b5.png"
0bf8e875-5eaa-4c92-855f-412bbc031405	Violin bow png sticker, vintage	?	CC0	illustration	rawpixel	png	bow	"Violin bow png sticker, vintage" is marked with CC0 1.0. To view the terms, visit https://creativecommons.org/publicdomain/zero/1.0/.	curl -O "https://images.rawpixel.com/image_png_1300/cHJpdmF0ZS9sci9pbWFnZXMvd2Vic2l0ZS8yMDIyLTA0L2pvYjcxMS0wMjctcC5wbmc.png"
77a7eaab-6ac0-4e70-aba4-55a51e116c54	Bow-tie-ribbon - Delapouite - white - game-icons	Delapouite	CC-BY 3.0	illustration	wikimedia	svg	bow	"Bow-tie-ribbon - Delapouite - white - game-icons" by Delapouite is licensed under CC BY 3.0. To view a copy of this license, visit https://creativecommons.org/licenses/by/3.0/.	curl -O "https://upload.wikimedia.org/wikipedia/commons/b/b5/Bow-tie-ribbon_-_Delapouite_-_white_-_game-icons.svg"
ce252835-eb74-41cf-a69b-7026c21d8e42	Bow-arrow - Delapouite - white - game-icons	Delapouite	CC-BY 3.0	illustration	wikimedia	svg	bow	"Bow-arrow - Delapouite - white - game-icons" by Delapouite is licensed under CC BY 3.0. To view a copy of this license, visit https://creativecommons.org/licenses/by/3.0/.	curl -O "https://upload.wikimedia.org/wikipedia/commons/4/4d/Bow-arrow_-_Delapouite_-_white_-_game-icons.svg"
79e3a91c-0691-4dba-b25b-e3bee8ac85af	Ship-bow - Delapouite - game-icons	Delapouite	CC-BY 3.0	illustration	wikimedia	svg	bow	"Ship-bow - Delapouite - game-icons" by Delapouite is licensed under CC BY 3.0. To view a copy of this license, visit https://creativecommons.org/licenses/by/3.0/.	curl -O "https://upload.wikimedia.org/wikipedia/commons/8/82/Ship-bow_-_Delapouite_-_game-icons.svg"
2b8ef003-8edc-4329-9868-374959e6d584	Bow-string - Delapouite - white - game-icons	Delapouite	CC-BY 3.0	illustration	wikimedia	svg	bow	"Bow-string - Delapouite - white - game-icons" by Delapouite is licensed under CC BY 3.0. To view a copy of this license, visit https://creativecommons.org/licenses/by/3.0/.	curl -O "https://upload.wikimedia.org/wikipedia/commons/c/cd/Bow-string_-_Delapouite_-_white_-_game-icons.svg"
9b089d86-6f78-4c01-80d6-ea46d8e079e6	Green frog bowing clipart, animal	?	CC0	illustration	rawpixel	jpg	bow	"Green frog bowing clipart, animal" is marked with CC0 1.0. To view the terms, visit https://creativecommons.org/publicdomain/zero/1.0/.	curl -O "https://images.rawpixel.com/editor_1024/czNmcy1wcml2YXRlL3Jhd3BpeGVsX2ltYWdlcy93ZWJzaXRlX2NvbnRlbnQvam9iNjc4LTIxOS14LmpwZw.jpg"
4ff54272-88c5-40ff-82bd-081d2b010b6e	Person aiming archery bow Pinhead icon	NPS contributors	CC0	illustration	wikimedia	svg	bow	"Person aiming archery bow Pinhead icon" by NPS contributors is marked with CC0 1.0. To view the terms, visit https://creativecommons.org/publicdomain/zero/1.0/deed.en/.	curl -O "https://upload.wikimedia.org/wikipedia/commons/6/6d/Person_aiming_archery_bow_Pinhead_icon.svg"
6e4237ad-9d6f-4d0c-b634-c0d824fd9fbd	Lightning-bow - Lorc - game-icons	Lorc	CC-BY 3.0	illustration	wikimedia	svg	bow	"Lightning-bow - Lorc - game-icons" by Lorc is licensed under CC BY 3.0. To view a copy of this license, visit https://creativecommons.org/licenses/by/3.0/.	curl -O "https://upload.wikimedia.org/wikipedia/commons/e/ea/Lightning-bow_-_Lorc_-_game-icons.svg"
8a2b024a-5759-44ce-b8b2-680f4b6b1ec1	Bow knot illustration	?	CC0	illustration	rawpixel	jpg	bow	"Bow knot illustration" is marked with CC0 1.0. To view the terms, visit https://creativecommons.org/publicdomain/zero/1.0/.	curl -O "https://images.rawpixel.com/editor_1024/cHJpdmF0ZS9sci9pbWFnZXMvd2Vic2l0ZS8yMDIyLTA3L2pvYjk1NC0wODQteC5qcGc.jpg"
cf688151-a77a-4e28-804c-7107e9b0724e	Saami king with bow and arrow	Premeditated	CC0	illustration	wikimedia	svg	bow	"Saami king with bow and arrow" by Premeditated is marked with CC0 1.0. To view the terms, visit https://creativecommons.org/publicdomain/zero/1.0/deed.en/.	curl -O "https://upload.wikimedia.org/wikipedia/commons/6/6f/Saami_king_with_bow_and_arrow.svg"
9d09778e-39e5-4a4e-a0a6-c69ca4aada30	Archery bow Pinhead icon	Quincy Morgan	CC0	illustration	wikimedia	svg	bow	"Archery bow Pinhead icon" by Quincy Morgan is marked with CC0 1.0. To view the terms, visit https://creativecommons.org/publicdomain/zero/1.0/deed.en/.	curl -O "https://upload.wikimedia.org/wikipedia/commons/e/e9/Archery_bow_Pinhead_icon.svg"
021621e4-47f7-437b-bc6f-a038765386b7	Bowing green frog clipart, animal	?	CC0	illustration	rawpixel	eps	bow	"Bowing green frog clipart, animal" is marked with CC0 1.0. To view the terms, visit https://creativecommons.org/publicdomain/zero/1.0/.	curl -O "https://images.rawpixel.com/editor_1024/czNmcy1wcml2YXRlL3Jhd3BpeGVsX2ltYWdlcy93ZWJzaXRlX2NvbnRlbnQvam9iNjc4LTIxOS12LWwxNjRyZDhqLmpwZw.jpg"
7e31a5ca-9f4e-480a-88c6-b660d2d656a9	Archery bow and archery arrow Pinhead icon	Quincy Morgan, Temaki contributors	CC0	illustration	wikimedia	svg	bow	"Archery bow and archery arrow Pinhead icon" by Quincy Morgan, Temaki contributors is marked with CC0 1.0. To view the terms, visit https://creativecommons.org/publicdomain/zero/1.0/deed.en/.	curl -O "https://upload.wikimedia.org/wikipedia/commons/e/ef/Archery_bow_and_archery_arrow_Pinhead_icon.svg"
7f9434bc-19af-4e68-96da-df804b11124b	Bow-tie - Delapouite - white - game-icons	Delapouite	CC-BY 3.0	illustration	wikimedia	svg	bow	"Bow-tie - Delapouite - white - game-icons" by Delapouite is licensed under CC BY 3.0. To view a copy of this license, visit https://creativecommons.org/licenses/by/3.0/.	curl -O "https://upload.wikimedia.org/wikipedia/commons/4/43/Bow-tie_-_Delapouite_-_white_-_game-icons.svg"
fe6e342e-8d28-4c95-bfc7-24b7e6930834	Bow-tie-ribbon - Delapouite - game-icons	Delapouite	CC-BY 3.0	illustration	wikimedia	svg	bow	"Bow-tie-ribbon - Delapouite - game-icons" by Delapouite is licensed under CC BY 3.0. To view a copy of this license, visit https://creativecommons.org/licenses/by/3.0/.	curl -O "https://upload.wikimedia.org/wikipedia/commons/5/5f/Bow-tie-ribbon_-_Delapouite_-_game-icons.svg"
7dabbd10-dd30-4c48-acaa-f835278de841	Flag of Medicine Bow, Wyoming	Joseerik0110	CC0	illustration	wikimedia	svg	bow	"Flag of Medicine Bow, Wyoming" by Joseerik0110 is marked with CC0 1.0. To view the terms, visit https://creativecommons.org/publicdomain/zero/1.0/deed.en/.	curl -O "https://upload.wikimedia.org/wikipedia/commons/8/85/Flag_of_Medicine_Bow%2C_Wyoming.svg"
ba7a4d07-7607-4583-958c-e17d8f0162b7	Bow-arrow - Delapouite - game-icons	Delapouite	CC-BY 3.0	illustration	wikimedia	svg	bow	"Bow-arrow - Delapouite - game-icons" by Delapouite is licensed under CC BY 3.0. To view a copy of this license, visit https://creativecommons.org/licenses/by/3.0/.	curl -O "https://upload.wikimedia.org/wikipedia/commons/8/83/Bow-arrow_-_Delapouite_-_game-icons.svg"
ee13edcb-710f-406c-bdd5-28e80d343cde	Pocket-bow - Lorc - game-icons	Lorc	CC-BY 3.0	illustration	wikimedia	svg	bow	"Pocket-bow - Lorc - game-icons" by Lorc is licensed under CC BY 3.0. To view a copy of this license, visit https://creativecommons.org/licenses/by/3.0/.	curl -O "https://upload.wikimedia.org/wikipedia/commons/3/37/Pocket-bow_-_Lorc_-_game-icons.svg"
52be2003-f97b-4e64-85b0-6cec22551496	Bow-string - Delapouite - game-icons	Delapouite	CC-BY 3.0	illustration	wikimedia	svg	bow	"Bow-string - Delapouite - game-icons" by Delapouite is licensed under CC BY 3.0. To view a copy of this license, visit https://creativecommons.org/licenses/by/3.0/.	curl -O "https://upload.wikimedia.org/wikipedia/commons/f/f1/Bow-string_-_Delapouite_-_game-icons.svg"
1e2da40e-3839-4d54-aca3-1313edab5df4	Dame's Heraldic Bow of the Royal Order of Francis I	Alvoradaking	CC0	illustration	wikimedia	svg	bow	"Dame's Heraldic Bow of the Royal Order of Francis I" by Alvoradaking is marked with CC0 1.0. To view the terms, visit https://creativecommons.org/publicdomain/zero/1.0/deed.en/.	curl -O "https://upload.wikimedia.org/wikipedia/commons/8/84/Dame%27s_Heraldic_Bow_of_the_Royal_Order_of_Francis_I.svg"
8aa77415-4ecb-48b5-81b7-b1e626c4d6ca	Ship-bow - Delapouite - white - game-icons	Delapouite	CC-BY 3.0	illustration	wikimedia	svg	bow	"Ship-bow - Delapouite - white - game-icons" by Delapouite is licensed under CC BY 3.0. To view a copy of this license, visit https://creativecommons.org/licenses/by/3.0/.	curl -O "https://upload.wikimedia.org/wikipedia/commons/b/b1/Ship-bow_-_Delapouite_-_white_-_game-icons.svg"
dfd20756-d246-42dd-bded-4b372dcf043e	Dame Commander's Bow of the Royal Order of Francis I	Alvoradaking	CC0	illustration	wikimedia	svg	bow	"Dame Commander's Bow of the Royal Order of Francis I" by Alvoradaking is marked with CC0 1.0. To view the terms, visit https://creativecommons.org/publicdomain/zero/1.0/deed.en/.	curl -O "https://upload.wikimedia.org/wikipedia/commons/d/d8/Dame_Commander%27s_Bow_of_the_Royal_Order_of_Francis_I.svg"
9065738b-6b51-4bed-94ed-4cb86cd0e0e5	Pesäpallo Outfield-Empty field (Bow)	Weisself	CC0	illustration	wikimedia	svg	bow	"Pesäpallo Outfield-Empty field (Bow)" by Weisself is marked with CC0 1.0. To view the terms, visit https://creativecommons.org/publicdomain/zero/1.0/deed.en/.	curl -O "https://upload.wikimedia.org/wikipedia/commons/a/a7/Pes%C3%A4pallo_Outfield-Empty_field_%28Bow%29.svg"
37bf3df7-9d7b-4870-a01c-8c2701f07771	Bow knot clipart vector	?	CC0	illustration	rawpixel	eps	bow	"Bow knot clipart vector" is marked with CC0 1.0. To view the terms, visit https://creativecommons.org/publicdomain/zero/1.0/.	curl -O "https://images.rawpixel.com/editor_1024/cHJpdmF0ZS9sci9pbWFnZXMvd2Vic2l0ZS8yMDIyLTA3L2pvYjk1NC0wODQtdi5qcGc.jpg"
0e875839-9a37-41db-8608-7a304c2806a9	Bow-tie - Delapouite - game-icons	Delapouite	CC-BY 3.0	illustration	wikimedia	svg	bow	"Bow-tie - Delapouite - game-icons" by Delapouite is licensed under CC BY 3.0. To view a copy of this license, visit https://creativecommons.org/licenses/by/3.0/.	curl -O "https://upload.wikimedia.org/wikipedia/commons/7/75/Bow-tie_-_Delapouite_-_game-icons.svg"
7fd26431-3a71-4bbd-83bc-9580dcf26f2b	Witch hat with red bow	Kajsa Sjögren (@Lixaxy)	CC0	illustration	wikimedia	svg	bow	"Witch hat with red bow" by Kajsa Sjögren (@Lixaxy) is marked with CC0 1.0. To view the terms, visit https://creativecommons.org/publicdomain/zero/1.0/deed.en/.	curl -O "https://upload.wikimedia.org/wikipedia/commons/9/90/Witch_hat_with_red_bow.svg"
e1219934-3ce9-4172-aa6b-79c5fe9df713	Pesäpallo Outfield-Runner on Third (Bow)	Weisself	CC0	illustration	wikimedia	svg	bow	"Pesäpallo Outfield-Runner on Third (Bow)" by Weisself is marked with CC0 1.0. To view the terms, visit https://creativecommons.org/publicdomain/zero/1.0/deed.en/.	curl -O "https://upload.wikimedia.org/wikipedia/commons/6/6a/Pes%C3%A4pallo_Outfield-Runner_on_Third_%28Bow%29.svg"
c001e92c-8527-489d-b760-b8e1ccdc593c	WP20Symbols arrow	Illustrated by Jasmina El Bouamraoui and Karabo Poppy Moletsane	CC0	illustration	wikimedia	svg	arrow	"WP20Symbols arrow" by Illustrated by Jasmina El Bouamraoui and Karabo Poppy Moletsane is marked with CC0 1.0. To view the terms, visit https://creativecommons.org/publicdomain/zero/1.0/deed.en/.	curl -O "https://upload.wikimedia.org/wikipedia/commons/1/13/WP20Symbols_arrow.svg"
831d138e-4478-46ee-8815-e6b0940a35cc	Left Arrow - The Noun Project	The Noun Project	CC0	illustration	wikimedia	svg	arrow	"Left Arrow - The Noun Project" by The Noun Project is marked with CC0 1.0. To view the terms, visit https://creativecommons.org/publicdomain/zero/1.0/deed.en/.	curl -O "https://upload.wikimedia.org/wikipedia/commons/1/17/Left_Arrow_-_The_Noun_Project.svg"
5d526fbc-af4b-4843-bc59-582769ef47c9	Arrow left solid white	Cosmo Skerry	CC0	illustration	wikimedia	svg	arrow	"Arrow left solid white" by Cosmo Skerry is marked with CC0 1.0. To view the terms, visit https://creativecommons.org/publicdomain/zero/1.0/deed.en/.	curl -O "https://upload.wikimedia.org/wikipedia/commons/c/cb/Arrow_left_solid_white.svg"
d7db0020-e1d5-4380-ade2-344c782ac3f1	Split-arrow	Dvorapa	CC0	illustration	wikimedia	svg	arrow	"Split-arrow" by Dvorapa is marked with CC0 1.0. To view the terms, visit https://creativecommons.org/publicdomain/zero/1.0/deed.en/.	curl -O "https://upload.wikimedia.org/wikipedia/commons/6/6a/Split-arrow.svg"
39144d04-185b-4aff-b034-05dcb5779f9b	UAWiki24 blue arrow	RajatonRakkaus	CC0	illustration	wikimedia	svg	arrow	"UAWiki24 blue arrow" by RajatonRakkaus is marked with CC0 1.0. To view the terms, visit https://creativecommons.org/publicdomain/zero/1.0/deed.en/.	curl -O "https://upload.wikimedia.org/wikipedia/commons/8/8e/UAWiki24_blue_arrow.svg"
aa81a2b5-d586-494c-98f5-2e0140da897f	Diverging arrows	Д.Ильин: vectorization	CC0	illustration	wikimedia	svg	arrow	"Diverging arrows" by Д.Ильин: vectorization is marked with CC0 1.0. To view the terms, visit https://creativecommons.org/publicdomain/zero/1.0/deed.en/.	curl -O "https://upload.wikimedia.org/wikipedia/commons/6/63/Diverging_arrows.svg"
e91aa21f-a505-4804-af7f-0adc3beec68b	Right Arrow - The Noun Project	The Noun Project	CC0	illustration	wikimedia	svg	arrow	"Right Arrow - The Noun Project" by The Noun Project is marked with CC0 1.0. To view the terms, visit https://creativecommons.org/publicdomain/zero/1.0/deed.en/.	curl -O "https://upload.wikimedia.org/wikipedia/commons/a/a1/Right_Arrow_-_The_Noun_Project.svg"
89e29da2-1460-41f2-b7bf-19e00209d8af	Symbol redirect arrow blue	Jheald, adapting file by Chris McKenna (Thryduulf)	CC-BY 3.0	illustration	wikimedia	svg	arrow	"Symbol redirect arrow blue" by Jheald, adapting file by Chris McKenna (Thryduulf) is licensed under CC BY 3.0. To view a copy of this license, visit https://creativecommons.org/licenses/by/3.0/.	curl -O "https://upload.wikimedia.org/wikipedia/commons/8/8d/Symbol_redirect_arrow_blue.svg"
ec99566b-51f9-4669-b2f8-0d85a519e0d8	Magnify-clip (sans arrow)	Fred the Oyster	CC0	illustration	wikimedia	svg	arrow	"Magnify-clip (sans arrow)" by Fred the Oyster is marked with CC0 1.0. To view the terms, visit https://creativecommons.org/publicdomain/zero/1.0/deed.en/.	curl -O "https://upload.wikimedia.org/wikipedia/commons/f/fd/Magnify-clip_%28sans_arrow%29.svg"
68ebfeb1-0bd9-44b7-9209-65c4226629e3	Font Awesome 5 solid long-arrow-alt-right	Font Awesome	CC-BY 4.0	illustration	wikimedia	svg	arrow	"Font Awesome 5 solid long-arrow-alt-right" by Font Awesome is licensed under CC BY 4.0. To view a copy of this license, visit https://creativecommons.org/licenses/by/4.0/.	curl -O "https://upload.wikimedia.org/wikipedia/commons/a/a5/Font_Awesome_5_solid_long-arrow-alt-right.svg"
f763de97-5351-4ca6-9849-fcbf3c6e18bb	OOjs UI-like arrow empty-ltr progressive	M0tty	CC0	illustration	wikimedia	svg	arrow	"OOjs UI-like arrow empty-ltr progressive" by M0tty is marked with CC0 1.0. To view the terms, visit https://creativecommons.org/publicdomain/zero/1.0/deed.en/.	curl -O "https://upload.wikimedia.org/wikipedia/commons/d/d5/OOjs_UI-like_arrow_empty-ltr_progressive.svg"
f4ed316b-2159-4fad-bb3e-af0a00c7e122	Font Awesome 5 solid arrow-up	Font Awesome	CC-BY 4.0	illustration	wikimedia	svg	arrow	"Font Awesome 5 solid arrow-up" by Font Awesome is licensed under CC BY 4.0. To view a copy of this license, visit https://creativecommons.org/licenses/by/4.0/.	curl -O "https://upload.wikimedia.org/wikipedia/commons/b/b2/Font_Awesome_5_solid_arrow-up.svg"
3483f3e7-29f7-40c7-8be5-bae89aa58876	Three disambiguation arrows icon in rounded blue square	This vector image includes elements that have been taken or adapted from this file:	CC-BY 4.0	illustration	wikimedia	svg	arrow	"Three disambiguation arrows icon in rounded blue square" by This vector image includes elements that have been taken or adapted from this file: is licensed under CC BY 4.0. To view a copy of this license, visit https://creativecommons.org/licenses/by/4.0/.	curl -O "https://upload.wikimedia.org/wikipedia/commons/c/c7/Three_disambiguation_arrows_icon_in_rounded_blue_square.svg"
fe100623-72a6-4b59-a0ab-bf66c80e715a	Biochem reaction arrow forward NNNN horiz med	Amit6	CC-BY 3.0	illustration	wikimedia	svg	arrow	"Biochem reaction arrow forward NNNN horiz med" by Amit6 is licensed under CC BY 3.0. To view a copy of this license, visit https://creativecommons.org/licenses/by/3.0/.	curl -O "https://upload.wikimedia.org/wikipedia/commons/0/0e/Biochem_reaction_arrow_forward_NNNN_horiz_med.svg"
3a2b1679-d5dd-4682-bc33-a3c2a89ad474	Arrow facing right - Red	Wenflou	CC0	illustration	wikimedia	svg	arrow	"Arrow facing right - Red" by Wenflou is marked with CC0 1.0. To view the terms, visit https://creativecommons.org/publicdomain/zero/1.0/deed.en/.	curl -O "https://upload.wikimedia.org/wikipedia/commons/3/35/Arrow_facing_right_-_Red.svg"
b63155f8-1fcd-49ed-a700-3658c74b0b06	Emblem of the Arrow Cross Party	Thommy	CC0	illustration	wikimedia	svg	arrow	"Emblem of the Arrow Cross Party" by Thommy is marked with CC0 1.0. To view the terms, visit https://creativecommons.org/publicdomain/zero/1.0/deed.en/.	curl -O "https://upload.wikimedia.org/wikipedia/commons/a/a9/Emblem_of_the_Arrow_Cross_Party.svg"
cbc41303-c69b-451d-b8a9-e11ec133d576	Euglena scheme no arrows	Alexei Kouprianov	CC-BY 2.5	illustration	wikimedia	svg	arrow	"Euglena scheme no arrows" by Alexei Kouprianov is licensed under CC BY 2.5. To view a copy of this license, visit https://creativecommons.org/licenses/by/2.5/.	curl -O "https://upload.wikimedia.org/wikipedia/commons/0/0e/Euglena_scheme_no_arrows.svg"
21e76b11-3c4d-435e-8e7e-e3eb964aaa84	Flag of the Arrow Cross Party 1942 to 1945	Thommy	CC0	illustration	wikimedia	svg	arrow	"Flag of the Arrow Cross Party 1942 to 1945" by Thommy is marked with CC0 1.0. To view the terms, visit https://creativecommons.org/publicdomain/zero/1.0/deed.en.	curl -O "https://upload.wikimedia.org/wikipedia/commons/1/12/Flag_of_the_Arrow_Cross_Party_1942_to_1945.svg"
7ae415a0-f807-473e-8c59-a433c4dd8c24	Red Arrow Left	Droll	CC0	illustration	wikimedia	svg	arrow	"Red Arrow Left" by Droll is marked with CC0 1.0. To view the terms, visit https://creativecommons.org/publicdomain/zero/1.0/deed.en/.	curl -O "https://upload.wikimedia.org/wikipedia/commons/0/0d/Red_Arrow_Left.svg"
e645675e-3c14-4fe9-be9e-29be0a490aa4	Circular arrows icon	ridhobadal	CC-BY 3.0	illustration	wikimedia	svg	arrow	"Circular arrows icon" by ridhobadal is licensed under CC BY 3.0. To view a copy of this license, visit https://creativecommons.org/licenses/by/3.0/.	curl -O "https://upload.wikimedia.org/wikipedia/commons/6/69/Circular_arrows_icon.svg"
0f349233-2e10-44ba-b9c6-b97b5d4469c5	Font Awesome 5 solid long-arrow-alt-left	Font Awesome	CC-BY 4.0	illustration	wikimedia	svg	arrow	"Font Awesome 5 solid long-arrow-alt-left" by Font Awesome is licensed under CC BY 4.0. To view a copy of this license, visit https://creativecommons.org/licenses/by/4.0/.	curl -O "https://upload.wikimedia.org/wikipedia/commons/7/79/Font_Awesome_5_solid_long-arrow-alt-left.svg"
436d30f4-c944-4c96-ade4-0a89630add03	Flag of Ainu Arrow with outline	Bikki Sunazawa	CC0	illustration	wikimedia	svg	arrow	"Flag of Ainu Arrow with outline" by Bikki Sunazawa is marked with CC0 1.0. To view the terms, visit https://creativecommons.org/publicdomain/zero/1.0/deed.en/.	curl -O "https://upload.wikimedia.org/wikipedia/commons/9/96/Flag_of_Ainu_Arrow_with_outline.svg"
8f88d6c5-17e8-4e42-86b9-8bcf5d7aa2a3	Monopoly Go Arrow	Jbarta, Ukulelevillain	CC0	illustration	wikimedia	svg	arrow	"Monopoly Go Arrow" by Jbarta, Ukulelevillain is marked with CC0 1.0. To view the terms, visit https://creativecommons.org/publicdomain/zero/1.0/deed.en/.	curl -O "https://upload.wikimedia.org/wikipedia/commons/7/79/Monopoly_Go_Arrow.svg"
85a986cf-dd89-464b-8da8-d1189ce4f0c6	Obregonia map with arrow	Obregonia_map.svg: Succu derivative work: Succu (talk)	CC-BY 3.0	illustration	wikimedia	svg	arrow	"Obregonia map with arrow" by Obregonia_map.svg: Succu derivative work: Succu (talk) is licensed under CC BY 3.0. To view a copy of this license, visit https://creativecommons.org/licenses/by/3.0/.	curl -O "https://upload.wikimedia.org/wikipedia/commons/9/9d/Obregonia_map_with_arrow.svg"
fceea594-68b5-470c-87ea-10cd7e28505a	White right arrow	Sage Ross	CC0	illustration	wikimedia	svg	arrow	"White right arrow" by Sage Ross is marked with CC0 1.0. To view the terms, visit https://creativecommons.org/publicdomain/zero/1.0/deed.en/.	curl -O "https://upload.wikimedia.org/wikipedia/commons/b/b2/White_right_arrow.svg"
a7bef619-e695-4462-a805-092e75fdf5b3	Broad Arrow (simplified) 2013-07-08	Asanagi	CC0	illustration	wikimedia	svg	arrow	"Broad Arrow (simplified) 2013-07-08" by Asanagi is marked with CC0 1.0. To view the terms, visit https://creativecommons.org/publicdomain/zero/1.0/deed.en/.	curl -O "https://upload.wikimedia.org/wikipedia/commons/c/ce/Broad_Arrow_%28simplified%29_2013-07-08.svg"
189cf899-ee01-4a97-92ef-397606df00f3	Arrow slim up	Wenflou	CC0	illustration	wikimedia	svg	arrow	"Arrow slim up" by Wenflou is marked with CC0 1.0. To view the terms, visit https://creativecommons.org/publicdomain/zero/1.0/deed.en/.	curl -O "https://upload.wikimedia.org/wikipedia/commons/a/aa/Arrow_slim_up.svg"
8af54eb4-e3d7-4dc3-8ded-79c02971c091	Font Awesome 5 solid arrow-down	Font Awesome	CC-BY 4.0	illustration	wikimedia	svg	arrow	"Font Awesome 5 solid arrow-down" by Font Awesome is licensed under CC BY 4.0. To view a copy of this license, visit https://creativecommons.org/licenses/by/4.0/.	curl -O "https://upload.wikimedia.org/wikipedia/commons/1/1e/Font_Awesome_5_solid_arrow-down.svg"
671e729d-9275-4163-82c0-e42dd9f0dd76	Pictogram voting arrow	Pyfisch	CC0	illustration	wikimedia	svg	arrow	"Pictogram voting arrow" by Pyfisch is marked with CC0 1.0. To view the terms, visit https://creativecommons.org/publicdomain/zero/1.0/deed.en/.	curl -O "https://upload.wikimedia.org/wikipedia/commons/d/d0/Pictogram_voting_arrow.svg"
e9bb2e8c-8c58-43cc-afa0-12a012d9a075	Font Awesome 5 solid arrow-right	Font Awesome	CC-BY 4.0	illustration	wikimedia	svg	arrow	"Font Awesome 5 solid arrow-right" by Font Awesome is licensed under CC BY 4.0. To view a copy of this license, visit https://creativecommons.org/licenses/by/4.0/.	curl -O "https://upload.wikimedia.org/wikipedia/commons/5/58/Font_Awesome_5_solid_arrow-right.svg"
04c4f7b1-696f-4270-87e6-5588ea4ca8ac	Up arrow green	Afaber012	CC0	illustration	wikimedia	svg	arrow	"Up arrow green" by Afaber012 is marked with CC0 1.0. To view the terms, visit https://creativecommons.org/publicdomain/zero/1.0/deed.en.	curl -O "https://upload.wikimedia.org/wikipedia/commons/8/87/Up_arrow_green.svg"
d5edcada-92d7-4b14-9769-726cc68832c8	Emblem of the Arrow Cross Party alternative	RootOfAllLight	CC0	illustration	wikimedia	svg	arrow	"Emblem of the Arrow Cross Party alternative" by RootOfAllLight is marked with CC0 1.0. To view the terms, visit https://creativecommons.org/publicdomain/zero/1.0/deed.en/.	curl -O "https://upload.wikimedia.org/wikipedia/commons/a/a9/Emblem_of_the_Arrow_Cross_Party_alternative.svg"
aef0d817-2629-4a13-976a-5abcccec0246	Down arrow red	Afaber012	CC0	illustration	wikimedia	svg	arrow	"Down arrow red" by Afaber012 is marked with CC0 1.0. To view the terms, visit https://creativecommons.org/publicdomain/zero/1.0/deed.en.	curl -O "https://upload.wikimedia.org/wikipedia/commons/3/31/Down_arrow_red.svg"
19faa75a-152d-446d-a745-cf0ffc05ce89	Qcircuit measure-arrow	Geek3	CC-BY 3.0	illustration	wikimedia	svg	arrow	"Qcircuit measure-arrow" by Geek3 is licensed under CC BY 3.0. To view a copy of this license, visit https://creativecommons.org/licenses/by/3.0/.	curl -O "https://upload.wikimedia.org/wikipedia/commons/2/2b/Qcircuit_measure-arrow.svg"
f6b0a756-24e7-4caf-9201-046742db611f	Sideways double arrow yellow	Afaber012	CC0	illustration	wikimedia	svg	arrow	"Sideways double arrow yellow" by Afaber012 is marked with CC0 1.0. To view the terms, visit https://creativecommons.org/publicdomain/zero/1.0/deed.en.	curl -O "https://upload.wikimedia.org/wikipedia/commons/f/f2/Sideways_double_arrow_yellow.svg"
cd765f9a-595b-4247-8421-c1e7badf00a2	Pictogram voting left right arrow	Pyfisch	CC0	illustration	wikimedia	svg	arrow	"Pictogram voting left right arrow" by Pyfisch is marked with CC0 1.0. To view the terms, visit https://creativecommons.org/publicdomain/zero/1.0/deed.en/.	curl -O "https://upload.wikimedia.org/wikipedia/commons/7/74/Pictogram_voting_left_right_arrow.svg"
67c8e802-fcdf-4ce8-90a5-8622fa0bf99c	NE Arrow - The Noun Project	The Noun Project	CC0	illustration	wikimedia	svg	arrow	"NE Arrow - The Noun Project" by The Noun Project is marked with CC0 1.0. To view the terms, visit https://creativecommons.org/publicdomain/zero/1.0/deed.en/.	curl -O "https://upload.wikimedia.org/wikipedia/commons/5/56/NE_Arrow_-_The_Noun_Project.svg"
581fe585-9bae-43bb-8a97-f396547816dc	Opposite arrows	Swarabakti	CC0	illustration	wikimedia	svg	arrow	"Opposite arrows" by Swarabakti is marked with CC0 1.0. To view the terms, visit https://creativecommons.org/publicdomain/zero/1.0/deed.en/.	curl -O "https://upload.wikimedia.org/wikipedia/commons/0/0c/Opposite_arrows.svg"
3ba7c3a0-7460-4297-ac87-83deabe3990b	Arrow slim right	Wenflou	CC0	illustration	wikimedia	svg	arrow	"Arrow slim right" by Wenflou is marked with CC0 1.0. To view the terms, visit https://creativecommons.org/publicdomain/zero/1.0/deed.en/.	curl -O "https://upload.wikimedia.org/wikipedia/commons/7/72/Arrow_slim_right.svg"
0bd6fb71-5800-4f59-80bf-590ccb8d9f29	Cycle with 3 arrows in accessible colors	User:WhatamIdoing with conversion to SVG and color changes by User:Amousey on 2022-12-19	CC0	illustration	wikimedia	svg	arrow	"Cycle with 3 arrows in accessible colors" by User:WhatamIdoing with conversion to SVG and color changes by User:Amousey on 2022-12-19 is marked with CC0 1.0. To view the terms, visit https://creativecommons.org/publicdomain/zero/1.0/deed.en/.	curl -O "https://upload.wikimedia.org/wikipedia/commons/e/ea/Cycle_with_3_arrows_in_accessible_colors.svg"
652a3bfa-b8ac-4582-a630-c306bac3320e	SA road sign - Detour arrow (Temporary sign)	มองโกเลีย๔๔	CC0	illustration	wikimedia	svg	arrow	"SA road sign - Detour arrow (Temporary sign)" by มองโกเลีย๔๔ is marked with CC0 1.0. To view the terms, visit https://creativecommons.org/publicdomain/zero/1.0/deed.en/.	curl -O "https://upload.wikimedia.org/wikipedia/commons/b/b8/SA_road_sign_-_Detour_arrow_%28Temporary_sign%29.svg"
ecb0cce1-7fc6-4048-9532-76fbc39f4b55	UAWiki24 purple arrow	RajatonRakkaus	CC0	illustration	wikimedia	svg	arrow	"UAWiki24 purple arrow" by RajatonRakkaus is marked with CC0 1.0. To view the terms, visit https://creativecommons.org/publicdomain/zero/1.0/deed.en/.	curl -O "https://upload.wikimedia.org/wikipedia/commons/9/98/UAWiki24_purple_arrow.svg"
efdd5da9-b8cc-45af-850e-a6f7ce55fcad	Dornier Arrow	charner1963	CC0	illustration	wikimedia	svg	arrow	"Dornier Arrow" by charner1963 is marked with CC0 1.0. To view the terms, visit https://creativecommons.org/publicdomain/zero/1.0/deed.en/.	curl -O "https://upload.wikimedia.org/wikipedia/commons/7/71/Dornier_Arrow.svg"
c0259d49-6ef3-426d-adb0-c7ff442484fe	Font Awesome 5 solid long-arrow-alt-down	Font Awesome	CC-BY 4.0	illustration	wikimedia	svg	arrow	"Font Awesome 5 solid long-arrow-alt-down" by Font Awesome is licensed under CC BY 4.0. To view a copy of this license, visit https://creativecommons.org/licenses/by/4.0/.	curl -O "https://upload.wikimedia.org/wikipedia/commons/b/ba/Font_Awesome_5_solid_long-arrow-alt-down.svg"
ce711d85-a15b-4418-ace1-ea3cf4daea09	MapOfAinuLanguage-Arrow	AsPJT	CC0	illustration	wikimedia	svg	arrow	"MapOfAinuLanguage-Arrow" by AsPJT is marked with CC0 1.0. To view the terms, visit https://creativecommons.org/publicdomain/zero/1.0/deed.en/.	curl -O "https://upload.wikimedia.org/wikipedia/commons/9/91/MapOfAinuLanguage-Arrow.svg"
bb327992-46df-4a9a-9c12-8ccb4ff5bd48	Rule Segment - Arrow Right - 12px	Yodin	CC0	illustration	wikimedia	svg	arrow	"Rule Segment - Arrow Right - 12px" by Yodin is marked with CC0 1.0. To view the terms, visit https://creativecommons.org/publicdomain/zero/1.0/deed.en/.	curl -O "https://upload.wikimedia.org/wikipedia/commons/a/a4/Rule_Segment_-_Arrow_Right_-_12px.svg"
000f7114-5683-41d2-b9fe-1298dd2b9c1e	Poincare-sphere arrows	Geek3	CC-BY 3.0	illustration	wikimedia	svg	arrow	"Poincare-sphere arrows" by Geek3 is licensed under CC BY 3.0. To view a copy of this license, visit https://creativecommons.org/licenses/by/3.0/.	curl -O "https://upload.wikimedia.org/wikipedia/commons/d/de/Poincare-sphere_arrows.svg"
3fdf8141-e873-48c3-a2db-dc97d6d52b8d	Rule Segment - Arrow Left - 12px	Yodin	CC0	illustration	wikimedia	svg	arrow	"Rule Segment - Arrow Left - 12px" by Yodin is marked with CC0 1.0. To view the terms, visit https://creativecommons.org/publicdomain/zero/1.0/deed.en/.	curl -O "https://upload.wikimedia.org/wikipedia/commons/6/6e/Rule_Segment_-_Arrow_Left_-_12px.svg"
1f8f4f51-debc-46b7-afb1-3be470e0ab7f	Arrow with equal excircle el	Dimitris131	CC0	illustration	wikimedia	svg	arrow	"Arrow with equal excircle el" by Dimitris131 is marked with CC0 1.0. To view the terms, visit https://creativecommons.org/publicdomain/zero/1.0/deed.en/.	curl -O "https://upload.wikimedia.org/wikipedia/commons/1/14/Arrow_with_equal_excircle_el.svg"
a53b1dcf-6ab3-4dfd-8861-6173b474945a	Left Down Arrow (61410) - The Noun Project	Icons8	CC0	illustration	wikimedia	svg	arrow	"Left Down Arrow (61410) - The Noun Project" by Icons8 is marked with CC0 1.0. To view the terms, visit https://creativecommons.org/publicdomain/zero/1.0/deed.en/.	curl -O "https://upload.wikimedia.org/wikipedia/commons/8/8f/Left_Down_Arrow_%2861410%29_-_The_Noun_Project.svg"
af48efc5-e03f-414b-a057-1bb0a944ebe2	Proposed flag of Milwaukee (2016) - Golden Arrow	Swiãtopôłk	CC0	illustration	wikimedia	svg	arrow	"Proposed flag of Milwaukee (2016) - Golden Arrow" by Swiãtopôłk is marked with CC0 1.0. To view the terms, visit https://creativecommons.org/publicdomain/zero/1.0/deed.en/.	curl -O "https://upload.wikimedia.org/wikipedia/commons/d/d0/Proposed_flag_of_Milwaukee_%282016%29_-_Golden_Arrow.svg"
8ed6f05a-2ed0-4c18-9306-971ff2539860	SN1 reaction arrow-pushing	Pillsmarch	CC-BY 4.0	illustration	wikimedia	svg	arrow	"SN1 reaction arrow-pushing" by Pillsmarch is licensed under CC BY 4.0. To view a copy of this license, visit https://creativecommons.org/licenses/by/4.0/.	curl -O "https://upload.wikimedia.org/wikipedia/commons/1/1b/SN1_reaction_arrow-pushing.svg"
120ba9e5-788a-4098-bb94-2b178274e62d	Fletching-Arrow-Correct-Side-Upwards	Simon A. Eugster	CC-BY 3.0	illustration	wikimedia	svg	arrow	"Fletching-Arrow-Correct-Side-Upwards" by Simon A. Eugster is licensed under CC BY 3.0. To view a copy of this license, visit https://creativecommons.org/licenses/by/3.0/.	curl -O "https://upload.wikimedia.org/wikipedia/commons/6/67/Fletching-Arrow-Correct-Side-Upwards.svg"
c4cebb39-7f89-4d7e-8114-71857eb6e37a	2% 2C3-dimethylbutane with arrow pointing down C2-C3 bond	Jim Clark, Steven Farmer, Dietmar Kennepohl, Krista Cunningham, Tim Soderberg, & William Reusch	CC-BY 4.0	illustration	wikimedia	svg	arrow	"2% 2C3-dimethylbutane with arrow pointing down C2-C3 bond" by Jim Clark, Steven Farmer, Dietmar Kennepohl, Krista Cunningham, Tim Soderberg, & William Reusch is licensed under CC BY 4.0. To view a copy of this license, visit https://creativecommons.org/licenses/by/4.0/.	curl -O "https://upload.wikimedia.org/wikipedia/commons/4/4a/2%25_2C3-dimethylbutane_with_arrow_pointing_down_C2-C3_bond.svg"
d4ca95d7-b1e3-41c6-b45d-be07c4dd69ea	Ferdinan Crown F and Arrows	Hstoops	CC0	illustration	wikimedia	svg	arrow	"Ferdinan Crown F and Arrows" by Hstoops is marked with CC0 1.0. To view the terms, visit https://creativecommons.org/publicdomain/zero/1.0/deed.en/.	curl -O "https://upload.wikimedia.org/wikipedia/commons/9/95/Ferdinan_Crown_F_and_Arrows.svg"
c37c40ef-825f-4649-9e1d-097eb9ec8a1d	Arrow (chemical symbol) V.1	Jü	CC0	illustration	wikimedia	svg	arrow	"Arrow (chemical symbol) V.1" by Jü is marked with CC0 1.0. To view the terms, visit https://creativecommons.org/publicdomain/zero/1.0/deed.en/.	curl -O "https://upload.wikimedia.org/wikipedia/commons/d/da/Arrow_%28chemical_symbol%29_V.1.svg"
9e700f02-a5e7-4e4b-baa2-42fa3c0a4191	Arrow full left	Picol.org	CC-BY 3.0	illustration	wikimedia	svg	arrow	"Arrow full left" by Picol.org is licensed under CC BY 3.0. To view a copy of this license, visit https://creativecommons.org/licenses/by/3.0/.	curl -O "https://upload.wikimedia.org/wikipedia/commons/9/97/Arrow_full_left.svg"
952ed059-3437-43ad-812d-fdd0e85fb2ca	CAN SK One Arrow 95 Locator	awmcphee	CC0	illustration	wikimedia	svg	arrow	"CAN SK One Arrow 95 Locator" by awmcphee is marked with CC0 1.0. To view the terms, visit https://creativecommons.org/publicdomain/zero/1.0/deed.en/.	curl -O "https://upload.wikimedia.org/wikipedia/commons/b/b6/CAN_SK_One_Arrow_95_Locator.svg"
49af6166-b9fe-42fe-aaa7-449a0eaa853f	Raise arrow	すじにくシチュー	CC0	illustration	wikimedia	svg	arrow	"Raise arrow" by すじにくシチュー is marked with CC0 1.0. To view the terms, visit https://creativecommons.org/publicdomain/zero/1.0/deed.en/.	curl -O "https://upload.wikimedia.org/wikipedia/commons/4/45/Raise_arrow.svg"
a126e75c-949d-4b44-af7d-f6a8c06a3729	Arrow full right	Picol.org	CC-BY 3.0	illustration	wikimedia	svg	arrow	"Arrow full right" by Picol.org is licensed under CC BY 3.0. To view a copy of this license, visit https://creativecommons.org/licenses/by/3.0/.	curl -O "https://upload.wikimedia.org/wikipedia/commons/e/ea/Arrow_full_right.svg"
4e91d0da-44d7-423d-8536-af3f42da8c3f	WWI style ship armor	Maxrossomachin	CC0	illustration	wikimedia	svg	armor	"WWI style ship armor" by Maxrossomachin is marked with CC0 1.0. To view the terms, visit https://creativecommons.org/publicdomain/zero/1.0/deed.en/.	curl -O "https://upload.wikimedia.org/wikipedia/commons/0/08/WWI_style_ship_armor.svg"
f6f59065-7221-4a1c-a27b-eb2b338b2429	Blason de la ville de Lamballe-Armor (Côtes-d'Armor)	?	CC0	illustration	wikimedia	svg	armor	"Blason de la ville de Lamballe-Armor (Côtes-d'Armor)" is marked with CC0 1.0. To view the terms, visit https://creativecommons.org/publicdomain/zero/1.0/deed.en/.	curl -O "https://upload.wikimedia.org/wikipedia/commons/1/14/Blason_de_la_ville_de_Lamballe-Armor_%28C%C3%B4tes-d%27Armor%29.svg"
556d8017-2ffc-4a79-a2dd-5eda7a33a70b	3rd US Armored Division (Gulf War)	Nickel nitride	CC0	illustration	wikimedia	svg	armor	"3rd US Armored Division (Gulf War)" by Nickel nitride is marked with CC0 1.0. To view the terms, visit https://creativecommons.org/publicdomain/zero/1.0/deed.en/.	curl -O "https://upload.wikimedia.org/wikipedia/commons/d/d9/3rd_US_Armored_Division_%28Gulf_War%29.svg"
b4664311-abab-46ad-bd3a-1019b83ded4a	Hammurabi RGFC Armored Division	Mkr8683	CC-BY 4.0	illustration	wikimedia	svg	armor	"Hammurabi RGFC Armored Division" by Mkr8683 is licensed under CC BY 4.0. To view a copy of this license, visit https://creativecommons.org/licenses/by/4.0/.	curl -O "https://upload.wikimedia.org/wikipedia/commons/b/bb/Hammurabi_RGFC_Armored_Division.svg"
1c7901e2-f5cc-41f5-a1dd-095978a5d3cf	Conseillers communautaires CA Saint-Brieuc Armor Agglomération	Ddesco75	CC-BY 4.0	illustration	wikimedia	svg	armor	"Conseillers communautaires CA Saint-Brieuc Armor Agglomération" by Ddesco75 is licensed under CC BY 4.0. To view a copy of this license, visit https://creativecommons.org/licenses/by/4.0/.	curl -O "https://upload.wikimedia.org/wikipedia/commons/3/35/Conseillers_communautaires_CA_Saint-Brieuc_Armor_Agglom%C3%A9ration.svg"
492a59be-75eb-4a7c-afbc-7da167b70089	Badge of cannoneers mechanicals armorers category of the Italian Navy	F l a n k e r	CC-BY 3.0	illustration	wikimedia	svg	armor	"Badge of cannoneers mechanicals armorers category of the Italian Navy" by F l a n k e r is licensed under CC BY 3.0. To view a copy of this license, visit https://creativecommons.org/licenses/by/3.0/.	curl -O "https://upload.wikimedia.org/wikipedia/commons/0/04/Badge_of_cannoneers_mechanicals_armorers_category_of_the_Italian_Navy.svg"
e18d852b-a4e3-494a-8ec2-0df8af368676	Malaysia Army No1 Ceremonial (Armor-OR)	Quickbar	CC-BY 4.0	illustration	wikimedia	svg	armor	"Malaysia Army No1 Ceremonial (Armor-OR)" by Quickbar is licensed under CC BY 4.0. To view a copy of this license, visit https://creativecommons.org/licenses/by/4.0/.	curl -O "https://upload.wikimedia.org/wikipedia/commons/e/e3/Malaysia_Army_No1_Ceremonial_%28Armor-OR%29.svg"
71009333-9d13-455c-b71c-78f29eb166ac	Kyiv Armored Plant	Caiptony	CC0	illustration	wikimedia	svg	armor	"Kyiv Armored Plant" by Caiptony is marked with CC0 1.0. To view the terms, visit https://creativecommons.org/publicdomain/zero/1.0/deed.en/.	curl -O "https://upload.wikimedia.org/wikipedia/commons/8/84/Kyiv_Armored_Plant.svg"
1afae938-697d-4eca-8ee9-8687e539f6bb	Malaysia Army No1 Ceremonial (Armor-Officer)	Quickbar	CC-BY 4.0	illustration	wikimedia	svg	armor	"Malaysia Army No1 Ceremonial (Armor-Officer)" by Quickbar is licensed under CC BY 4.0. To view a copy of this license, visit https://creativecommons.org/licenses/by/4.0/.	curl -O "https://upload.wikimedia.org/wikipedia/commons/2/24/Malaysia_Army_No1_Ceremonial_%28Armor-Officer%29.svg"
0e1600fb-5cb9-45e9-928c-15b9c4d1535f	Armor png sticker illustration, transparent	?	CC0	illustration	rawpixel	png	armor	"Armor png sticker illustration, transparent" is marked with CC0 1.0. To view the terms, visit https://creativecommons.org/publicdomain/zero/1.0/.	curl -O "https://images.rawpixel.com/image_png_1300/cHJpdmF0ZS9sci9pbWFnZXMvd2Vic2l0ZS8yMDIyLTA1L2pvYjcxNC0xMzAtcC5wbmc.png"
8d30b5ac-65e2-43bf-8659-61146eb0c415	Armored tank clipart, illustration vector	?	CC0	illustration	rawpixel	eps	armor	"Armored tank clipart, illustration vector" is marked with CC0 1.0. To view the terms, visit https://creativecommons.org/publicdomain/zero/1.0/.	curl -O "https://images.rawpixel.com/editor_1024/cHJpdmF0ZS9sci9pbWFnZXMvd2Vic2l0ZS8yMDIyLTA3L2pvYjk1NS0yMTYuanBn.jpg"
53efbc49-e81f-407e-b469-3aad7164ce85	Armored tank clipart, illustration	?	CC0	illustration	rawpixel	jpg	armor	"Armored tank clipart, illustration" is marked with CC0 1.0. To view the terms, visit https://creativecommons.org/publicdomain/zero/1.0/.	curl -O "https://images.rawpixel.com/editor_1024/cHJpdmF0ZS9sci9pbWFnZXMvd2Vic2l0ZS8yMDIyLTA3L2pvYjk1NS0yMTYteC5qcGc.jpg"
3162dc5a-8048-4a26-ac91-bd3311e53a24	Armor drawing, vintage illustration	?	CC0	illustration	rawpixel	jpg	armor	"Armor drawing, vintage illustration" is marked with CC0 1.0. To view the terms, visit https://creativecommons.org/publicdomain/zero/1.0/.	curl -O "https://images.rawpixel.com/editor_1024/cHJpdmF0ZS9sci9pbWFnZXMvd2Vic2l0ZS8yMDIyLTA1L2pvYjcxNC0wMjEteC5qcGc.jpg"
a9fca240-d27d-4313-9410-2ce7c3e2a034	Armor clipart, knight illustration	?	CC0	illustration	rawpixel	jpg	armor	"Armor clipart, knight illustration" is marked with CC0 1.0. To view the terms, visit https://creativecommons.org/publicdomain/zero/1.0/.	curl -O "https://images.rawpixel.com/editor_1024/cHJpdmF0ZS9sci9pbWFnZXMvd2Vic2l0ZS8yMDIyLTA1L2pvYjcyNy0yOTgteC5qcGc.jpg"
9fd34ee1-63ea-4480-bf10-cc5b4fa7255c	armor	?	CC0	illustration	svgsilh	?	armor	"armor" is marked with CC0 1.0. To view the terms, visit https://creativecommons.org/publicdomain/zero/1.0/.	curl -O "https://svgsilh.com/png/1967073.png"
ee80d19b-51f9-4ce7-b04e-d53a7fd546e4	armor	?	CC0	illustration	svgsilh	?	armor	"armor" is marked with CC0 1.0. To view the terms, visit https://creativecommons.org/publicdomain/zero/1.0/.	curl -O "https://svgsilh.com/png/1967073-3f51b5.png"
0962987a-b237-4d36-9a5f-1cda5cf05e1f	Armor drawing, vintage illustration	?	CC0	illustration	rawpixel	jpg	armor	"Armor drawing, vintage illustration" is marked with CC0 1.0. To view the terms, visit https://creativecommons.org/publicdomain/zero/1.0/.	curl -O "https://images.rawpixel.com/editor_1024/cHJpdmF0ZS9sci9pbWFnZXMvd2Vic2l0ZS8yMDIyLTA1L2pvYjcxNC0xMzAteC5qcGc.jpg"
2e46cfbe-3a9b-4aa2-82a7-7f0f76762776	Armored knight collage element, historic	?	CC0	illustration	rawpixel	eps	armor	"Armored knight collage element, historic" is marked with CC0 1.0. To view the terms, visit https://creativecommons.org/publicdomain/zero/1.0/.	curl -O "https://images.rawpixel.com/editor_1024/cHJpdmF0ZS9sci9pbWFnZXMvd2Vic2l0ZS8yMDIyLTA0L2pvYjcxMi0xNTAtdi5qcGc.jpg"
3204d70d-f431-443d-89ba-00c9651b3e26	Armor collage element, knight illustration	?	CC0	illustration	rawpixel	eps	armor	"Armor collage element, knight illustration" is marked with CC0 1.0. To view the terms, visit https://creativecommons.org/publicdomain/zero/1.0/.	curl -O "https://images.rawpixel.com/editor_1024/cHJpdmF0ZS9sci9pbWFnZXMvd2Vic2l0ZS8yMDIyLTA1L2pvYjcyNy0yOTgtdi1sMzQ3dTN3bC5qcGc.jpg"
357677b0-91e0-4a1d-8a99-fb5cf732d743	Armored knight, historic people illustration	?	CC0	illustration	rawpixel	jpg	armor	"Armored knight, historic people illustration" is marked with CC0 1.0. To view the terms, visit https://creativecommons.org/publicdomain/zero/1.0/.	curl -O "https://images.rawpixel.com/editor_1024/cHJpdmF0ZS9sci9pbWFnZXMvd2Vic2l0ZS8yMDIyLTA0L2pvYjcxMi0xNTAteC5qcGc.jpg"
4616caaa-8c61-4294-89a4-ed4ebd53936f	Armor png sticker, transparent background	?	CC0	illustration	rawpixel	png	armor	"Armor png sticker, transparent background" is marked with CC0 1.0. To view the terms, visit https://creativecommons.org/publicdomain/zero/1.0/.	curl -O "https://images.rawpixel.com/image_png_1300/cHJpdmF0ZS9sci9pbWFnZXMvd2Vic2l0ZS8yMDIyLTA1L2pvYjcyNy0yOTgtcC5wbmc.png"
0c771274-7036-49a8-ba57-7d668bc4c1a1	Rhinoceros armor clipart, vintage hand	?	CC0	illustration	rawpixel	eps	armor	"Rhinoceros armor clipart, vintage hand" is marked with CC0 1.0. To view the terms, visit https://creativecommons.org/publicdomain/zero/1.0/.	curl -O "https://images.rawpixel.com/editor_1024/cHJpdmF0ZS9sci9pbWFnZXMvd2Vic2l0ZS8yMDIyLTA1L2pvYjcxOC0wNTgtdi5qcGc.jpg"
ea6446af-7aed-4b60-8efe-205d14a1b572	Shoulder-armor - Delapouite - white - game-icons	Delapouite	CC-BY 3.0	illustration	wikimedia	svg	armor	"Shoulder-armor - Delapouite - white - game-icons" by Delapouite is licensed under CC BY 3.0. To view a copy of this license, visit https://creativecommons.org/licenses/by/3.0/.	curl -O "https://upload.wikimedia.org/wikipedia/commons/5/55/Shoulder-armor_-_Delapouite_-_white_-_game-icons.svg"
f9a58d54-d4c4-4960-a290-8db47aa57b16	Trench-body-armor - Skoll - white - game-icons	Skoll	CC-BY 3.0	illustration	wikimedia	svg	armor	"Trench-body-armor - Skoll - white - game-icons" by Skoll is licensed under CC BY 3.0. To view a copy of this license, visit https://creativecommons.org/licenses/by/3.0/.	curl -O "https://upload.wikimedia.org/wikipedia/commons/9/95/Trench-body-armor_-_Skoll_-_white_-_game-icons.svg"
9e09dc33-d3b5-4069-96a4-08a62ead5f99	Saint Michael with blue armor	HansenBCN	CC0	illustration	wikimedia	svg	armor	"Saint Michael with blue armor" by HansenBCN is marked with CC0 1.0. To view the terms, visit https://creativecommons.org/publicdomain/zero/1.0/deed.en/.	curl -O "https://upload.wikimedia.org/wikipedia/commons/1/16/Saint_Michael_with_blue_armor.svg"
44de34b3-8eb5-4961-97ea-0f8f4ff28352	Armor rhinoceros clipart vector	?	CC0	illustration	rawpixel	eps	armor	"Armor rhinoceros clipart vector" is marked with CC0 1.0. To view the terms, visit https://creativecommons.org/publicdomain/zero/1.0/.	curl -O "https://images.rawpixel.com/editor_1024/cHJpdmF0ZS9sci9pbWFnZXMvd2Vic2l0ZS8yMDIyLTA3L2pvYjk1NC0xNTguanBn.jpg"
8e78061b-8290-4f11-852b-1adae263e2c2	Heart-armor - Delapouite - game-icons	Delapouite	CC-BY 3.0	illustration	wikimedia	svg	armor	"Heart-armor - Delapouite - game-icons" by Delapouite is licensed under CC BY 3.0. To view a copy of this license, visit https://creativecommons.org/licenses/by/3.0/.	curl -O "https://upload.wikimedia.org/wikipedia/commons/3/3a/Heart-armor_-_Delapouite_-_game-icons.svg"
f3d0c0aa-3411-448d-992e-3420d0563f2e	Armor-vest - Lorc - white - game-icons	Lorc	CC-BY 3.0	illustration	wikimedia	svg	armor	"Armor-vest - Lorc - white - game-icons" by Lorc is licensed under CC BY 3.0. To view a copy of this license, visit https://creativecommons.org/licenses/by/3.0/.	curl -O "https://upload.wikimedia.org/wikipedia/commons/e/e4/Armor-vest_-_Lorc_-_white_-_game-icons.svg"
1fdc3723-95e5-4086-8183-5da06373aa6c	Spiked-shoulder-armor - Delapouite - game-icons	Delapouite	CC-BY 3.0	illustration	wikimedia	svg	armor	"Spiked-shoulder-armor - Delapouite - game-icons" by Delapouite is licensed under CC BY 3.0. To view a copy of this license, visit https://creativecommons.org/licenses/by/3.0/.	curl -O "https://upload.wikimedia.org/wikipedia/commons/d/d1/Spiked-shoulder-armor_-_Delapouite_-_game-icons.svg"
7b6bc819-f2a3-45c6-bf3e-1ae18351c70a	Shoulder-armor - Delapouite - game-icons	Delapouite	CC-BY 3.0	illustration	wikimedia	svg	armor	"Shoulder-armor - Delapouite - game-icons" by Delapouite is licensed under CC BY 3.0. To view a copy of this license, visit https://creativecommons.org/licenses/by/3.0/.	curl -O "https://upload.wikimedia.org/wikipedia/commons/b/bf/Shoulder-armor_-_Delapouite_-_game-icons.svg"
eb81c1c2-6d20-4657-a7b4-9d697bbb83e8	Ninja-armor - Delapouite - white - game-icons	Delapouite	CC-BY 3.0	illustration	wikimedia	svg	armor	"Ninja-armor - Delapouite - white - game-icons" by Delapouite is licensed under CC BY 3.0. To view a copy of this license, visit https://creativecommons.org/licenses/by/3.0/.	curl -O "https://upload.wikimedia.org/wikipedia/commons/a/a1/Ninja-armor_-_Delapouite_-_white_-_game-icons.svg"
af33e214-65f0-43ed-92b0-f8004c1c921c	Abdominal-armor - Delapouite - game-icons	Delapouite	CC-BY 3.0	illustration	wikimedia	svg	armor	"Abdominal-armor - Delapouite - game-icons" by Delapouite is licensed under CC BY 3.0. To view a copy of this license, visit https://creativecommons.org/licenses/by/3.0/.	curl -O "https://upload.wikimedia.org/wikipedia/commons/9/99/Abdominal-armor_-_Delapouite_-_game-icons.svg"
8e49e374-c650-4b7d-b9de-2672fab6edc7	Belt-armor - Delapouite - white - game-icons	Delapouite	CC-BY 3.0	illustration	wikimedia	svg	armor	"Belt-armor - Delapouite - white - game-icons" by Delapouite is licensed under CC BY 3.0. To view a copy of this license, visit https://creativecommons.org/licenses/by/3.0/.	curl -O "https://upload.wikimedia.org/wikipedia/commons/a/a6/Belt-armor_-_Delapouite_-_white_-_game-icons.svg"
7b87adee-8175-42b7-b793-fb1a7c7cc67a	Abdominal-armor - Delapouite - white - game-icons	Delapouite	CC-BY 3.0	illustration	wikimedia	svg	armor	"Abdominal-armor - Delapouite - white - game-icons" by Delapouite is licensed under CC BY 3.0. To view a copy of this license, visit https://creativecommons.org/licenses/by/3.0/.	curl -O "https://upload.wikimedia.org/wikipedia/commons/4/4d/Abdominal-armor_-_Delapouite_-_white_-_game-icons.svg"
6526d3b9-77ca-40f0-bd08-a3d7b489d6ef	Armor-upgrade - Delapouite - white - game-icons	Delapouite	CC-BY 3.0	illustration	wikimedia	svg	armor	"Armor-upgrade - Delapouite - white - game-icons" by Delapouite is licensed under CC BY 3.0. To view a copy of this license, visit https://creativecommons.org/licenses/by/3.0/.	curl -O "https://upload.wikimedia.org/wikipedia/commons/f/f0/Armor-upgrade_-_Delapouite_-_white_-_game-icons.svg"
84d3936d-18b2-49e2-844c-1ea6dfb7d1f3	Armor rhinoceros png sticker, transparent	?	CC0	illustration	rawpixel	png	armor	"Armor rhinoceros png sticker, transparent" is marked with CC0 1.0. To view the terms, visit https://creativecommons.org/publicdomain/zero/1.0/.	curl -O "https://images.rawpixel.com/image_png_1300/cHJpdmF0ZS9sci9pbWFnZXMvd2Vic2l0ZS8yMDIyLTA3L2pvYjk1NC0xNTgucG5n.png"
88b4b04a-7e32-4518-b903-240811063913	Armored knight png sticker historic	?	CC0	illustration	rawpixel	png	armor	"Armored knight png sticker historic" is marked with CC0 1.0. To view the terms, visit https://creativecommons.org/publicdomain/zero/1.0/.	curl -O "https://images.rawpixel.com/image_png_1300/cHJpdmF0ZS9sci9pbWFnZXMvd2Vic2l0ZS8yMDIyLTA0L2pvYjcxMi0xNTAtcC5wbmc.png"
4d2794be-1d0f-4d34-b25a-d38b389f2044	Armor-vest - Lorc - game-icons	Lorc	CC-BY 3.0	illustration	wikimedia	svg	armor	"Armor-vest - Lorc - game-icons" by Lorc is licensed under CC BY 3.0. To view a copy of this license, visit https://creativecommons.org/licenses/by/3.0/.	curl -O "https://upload.wikimedia.org/wikipedia/commons/6/6c/Armor-vest_-_Lorc_-_game-icons.svg"
ba0de888-25d8-40b1-9105-ea493fc00da0	Leg-armor - Delapouite - game-icons	Delapouite	CC-BY 3.0	illustration	wikimedia	svg	armor	"Leg-armor - Delapouite - game-icons" by Delapouite is licensed under CC BY 3.0. To view a copy of this license, visit https://creativecommons.org/licenses/by/3.0/.	curl -O "https://upload.wikimedia.org/wikipedia/commons/9/97/Leg-armor_-_Delapouite_-_game-icons.svg"
d6d350ed-1475-4ab4-9c1d-04c99b19a1c1	Armored-pants - Irongamer - game-icons	Irongamer	CC-BY 3.0	illustration	wikimedia	svg	armor	"Armored-pants - Irongamer - game-icons" by Irongamer is licensed under CC BY 3.0. To view a copy of this license, visit https://creativecommons.org/licenses/by/3.0/.	curl -O "https://upload.wikimedia.org/wikipedia/commons/0/0f/Armored-pants_-_Irongamer_-_game-icons.svg"
56c1876d-e3a4-4e17-9143-abb9bc285821	Armor-punch - Delapouite - white - game-icons	Delapouite	CC-BY 3.0	illustration	wikimedia	svg	armor	"Armor-punch - Delapouite - white - game-icons" by Delapouite is licensed under CC BY 3.0. To view a copy of this license, visit https://creativecommons.org/licenses/by/3.0/.	curl -O "https://upload.wikimedia.org/wikipedia/commons/f/fe/Armor-punch_-_Delapouite_-_white_-_game-icons.svg"
4f4ec9cc-8c77-4b44-9358-0b477c231c34	Flag of the 2nd Company, 4th Battalion of the Armored Brigade	Ejército Popular de la RepúblicaMartufellon (vector)	CC0	illustration	wikimedia	svg	armor	"Flag of the 2nd Company, 4th Battalion of the Armored Brigade" by Ejército Popular de la RepúblicaMartufellon (vector) is marked with CC0 1.0. To view the terms, visit https://creativecommons.org/publicdomain/zero/1.0/deed.en/.	curl -O "https://upload.wikimedia.org/wikipedia/commons/b/b2/Flag_of_the_2nd_Company%2C_4th_Battalion_of_the_Armored_Brigade.svg"
f1f10275-ce68-465a-9554-7331d8eac202	NATO APP-6A Friendly Armor	LockerPicker	CC0	illustration	wikimedia	svg	armor	"NATO APP-6A Friendly Armor" by LockerPicker is marked with CC0 1.0. To view the terms, visit https://creativecommons.org/publicdomain/zero/1.0/deed.en/.	curl -O "https://upload.wikimedia.org/wikipedia/commons/d/da/NATO_APP-6A_Friendly_Armor.svg"
6ef35ff7-ac0d-4cbd-97c3-287521911644	Armor-upgrade - Delapouite - game-icons	Delapouite	CC-BY 3.0	illustration	wikimedia	svg	armor	"Armor-upgrade - Delapouite - game-icons" by Delapouite is licensed under CC BY 3.0. To view a copy of this license, visit https://creativecommons.org/licenses/by/3.0/.	curl -O "https://upload.wikimedia.org/wikipedia/commons/3/3e/Armor-upgrade_-_Delapouite_-_game-icons.svg"
7ff32574-3d76-4ef9-af44-de4a96d5379e	Armor rhinoceros illustration	?	CC0	illustration	rawpixel	jpg	armor	"Armor rhinoceros illustration" is marked with CC0 1.0. To view the terms, visit https://creativecommons.org/publicdomain/zero/1.0/.	curl -O "https://images.rawpixel.com/editor_1024/cHJpdmF0ZS9sci9pbWFnZXMvd2Vic2l0ZS8yMDIyLTA3L2pvYjk1NC0xNTgteC5qcGc.jpg"
eac0236a-b4e2-40d2-bfc9-19b4deac5f26	Armored-pants - Irongamer - white - game-icons	Irongamer	CC-BY 3.0	illustration	wikimedia	svg	armor	"Armored-pants - Irongamer - white - game-icons" by Irongamer is licensed under CC BY 3.0. To view a copy of this license, visit https://creativecommons.org/licenses/by/3.0/.	curl -O "https://upload.wikimedia.org/wikipedia/commons/9/92/Armored-pants_-_Irongamer_-_white_-_game-icons.svg"
d9f7f729-3bf0-40a4-a80f-d99f79b9f96f	Armored-boomerang - Delapouite - game-icons	Delapouite	CC-BY 3.0	illustration	wikimedia	svg	armor	"Armored-boomerang - Delapouite - game-icons" by Delapouite is licensed under CC BY 3.0. To view a copy of this license, visit https://creativecommons.org/licenses/by/3.0/.	curl -O "https://upload.wikimedia.org/wikipedia/commons/e/e2/Armored-boomerang_-_Delapouite_-_game-icons.svg"
d7146891-7c3d-47fb-a74e-b2a6d2c0fb6c	Armor-downgrade - Delapouite - white - game-icons	Delapouite	CC-BY 3.0	illustration	wikimedia	svg	armor	"Armor-downgrade - Delapouite - white - game-icons" by Delapouite is licensed under CC BY 3.0. To view a copy of this license, visit https://creativecommons.org/licenses/by/3.0/.	curl -O "https://upload.wikimedia.org/wikipedia/commons/5/5b/Armor-downgrade_-_Delapouite_-_white_-_game-icons.svg"
0b720a84-ffeb-4ab1-b909-44cf76a25ad5	CoA element - Armored arm with sword	Ssolbergj	CC-BY 4.0	illustration	wikimedia	svg	armor	"CoA element - Armored arm with sword" by Ssolbergj is licensed under CC BY 4.0. To view a copy of this license, visit https://creativecommons.org/licenses/by/4.0/.	curl -O "https://upload.wikimedia.org/wikipedia/commons/e/ec/CoA_element_-_Armored_arm_with_sword.svg"
35623bb4-7e94-46bd-8e8b-aff73bf3583a	Armor-downgrade - Delapouite - game-icons	Delapouite	CC-BY 3.0	illustration	wikimedia	svg	armor	"Armor-downgrade - Delapouite - game-icons" by Delapouite is licensed under CC BY 3.0. To view a copy of this license, visit https://creativecommons.org/licenses/by/3.0/.	curl -O "https://upload.wikimedia.org/wikipedia/commons/5/54/Armor-downgrade_-_Delapouite_-_game-icons.svg"
7ebbea56-ad44-4e5a-a49e-f19fd071b84c	Spiked-shoulder-armor - Delapouite - white - game-icons	Delapouite	CC-BY 3.0	illustration	wikimedia	svg	armor	"Spiked-shoulder-armor - Delapouite - white - game-icons" by Delapouite is licensed under CC BY 3.0. To view a copy of this license, visit https://creativecommons.org/licenses/by/3.0/.	curl -O "https://upload.wikimedia.org/wikipedia/commons/e/ee/Spiked-shoulder-armor_-_Delapouite_-_white_-_game-icons.svg"
55213130-d59e-442b-938b-ecfbc05bdee7	Layered-armor - Lorc - white - game-icons	Lorc	CC-BY 3.0	illustration	wikimedia	svg	armor	"Layered-armor - Lorc - white - game-icons" by Lorc is licensed under CC BY 3.0. To view a copy of this license, visit https://creativecommons.org/licenses/by/3.0/.	curl -O "https://upload.wikimedia.org/wikipedia/commons/7/7d/Layered-armor_-_Lorc_-_white_-_game-icons.svg"
eb5b1dfb-803a-444e-a539-20eea7b1c447	Chest-armor - Delapouite - white - game-icons	Delapouite	CC-BY 3.0	illustration	wikimedia	svg	armor	"Chest-armor - Delapouite - white - game-icons" by Delapouite is licensed under CC BY 3.0. To view a copy of this license, visit https://creativecommons.org/licenses/by/3.0/.	curl -O "https://upload.wikimedia.org/wikipedia/commons/7/77/Chest-armor_-_Delapouite_-_white_-_game-icons.svg"
f3d7f4d2-1b5f-47ca-9053-df32c89a3289	Heart-armor - Delapouite - white - game-icons	Delapouite	CC-BY 3.0	illustration	wikimedia	svg	armor	"Heart-armor - Delapouite - white - game-icons" by Delapouite is licensed under CC BY 3.0. To view a copy of this license, visit https://creativecommons.org/licenses/by/3.0/.	curl -O "https://upload.wikimedia.org/wikipedia/commons/1/15/Heart-armor_-_Delapouite_-_white_-_game-icons.svg"
3d65440c-7d7d-40d5-9953-4df8a84499af	Cape-armor - Delapouite - white - game-icons	Delapouite	CC-BY 3.0	illustration	wikimedia	svg	armor	"Cape-armor - Delapouite - white - game-icons" by Delapouite is licensed under CC BY 3.0. To view a copy of this license, visit https://creativecommons.org/licenses/by/3.0/.	curl -O "https://upload.wikimedia.org/wikipedia/commons/b/b3/Cape-armor_-_Delapouite_-_white_-_game-icons.svg"
5be93b56-c6a9-4a69-b8bd-01669510006b	Cape-armor - Delapouite - game-icons	Delapouite	CC-BY 3.0	illustration	wikimedia	svg	armor	"Cape-armor - Delapouite - game-icons" by Delapouite is licensed under CC BY 3.0. To view a copy of this license, visit https://creativecommons.org/licenses/by/3.0/.	curl -O "https://upload.wikimedia.org/wikipedia/commons/b/b3/Cape-armor_-_Delapouite_-_game-icons.svg"
782a995c-15e3-4ff6-a35a-982ba4abd781	Leg-armor - Delapouite - white - game-icons	Delapouite	CC-BY 3.0	illustration	wikimedia	svg	armor	"Leg-armor - Delapouite - white - game-icons" by Delapouite is licensed under CC BY 3.0. To view a copy of this license, visit https://creativecommons.org/licenses/by/3.0/.	curl -O "https://upload.wikimedia.org/wikipedia/commons/b/bf/Leg-armor_-_Delapouite_-_white_-_game-icons.svg"
d3b15ce0-e483-4fd8-9071-b42736a12db5	Armor-punch - Delapouite - game-icons	Delapouite	CC-BY 3.0	illustration	wikimedia	svg	armor	"Armor-punch - Delapouite - game-icons" by Delapouite is licensed under CC BY 3.0. To view a copy of this license, visit https://creativecommons.org/licenses/by/3.0/.	curl -O "https://upload.wikimedia.org/wikipedia/commons/1/19/Armor-punch_-_Delapouite_-_game-icons.svg"
b933efb6-045d-43e8-91a8-eb3540ca239f	Chest-armor - Delapouite - game-icons	Delapouite	CC-BY 3.0	illustration	wikimedia	svg	armor	"Chest-armor - Delapouite - game-icons" by Delapouite is licensed under CC BY 3.0. To view a copy of this license, visit https://creativecommons.org/licenses/by/3.0/.	curl -O "https://upload.wikimedia.org/wikipedia/commons/7/7c/Chest-armor_-_Delapouite_-_game-icons.svg"
19a01f32-d163-48bc-ba0d-18f5add27e6d	Armored-boomerang - Delapouite - white - game-icons	Delapouite	CC-BY 3.0	illustration	wikimedia	svg	armor	"Armored-boomerang - Delapouite - white - game-icons" by Delapouite is licensed under CC BY 3.0. To view a copy of this license, visit https://creativecommons.org/licenses/by/3.0/.	curl -O "https://upload.wikimedia.org/wikipedia/commons/2/27/Armored-boomerang_-_Delapouite_-_white_-_game-icons.svg"
a6110f46-6795-4e15-8e04-2308d790c06a	MY-TER Order of Sultan Mizan Zainal Abidin of Terengganu - Knight Grand Companion ribbon	Oritsu.me	CC0	illustration	wikimedia	svg	knight	"MY-TER Order of Sultan Mizan Zainal Abidin of Terengganu - Knight Grand Companion ribbon" by Oritsu.me is marked with CC0 1.0. To view the terms, visit https://creativecommons.org/publicdomain/zero/1.0/deed.en/.	curl -O "https://upload.wikimedia.org/wikipedia/commons/7/78/MY-TER_Order_of_Sultan_Mizan_Zainal_Abidin_of_Terengganu_-_Knight_Grand_Companion_ribbon.svg"
46aea638-c988-4481-8063-3dd9314cb41e	200px ribbon bar of the Knight Bachelor medal (UK)	Blackcat	CC0	illustration	wikimedia	svg	knight	"200px ribbon bar of the Knight Bachelor medal (UK)" by Blackcat is marked with CC0 1.0. To view the terms, visit https://creativecommons.org/publicdomain/zero/1.0/deed.en/.	curl -O "https://upload.wikimedia.org/wikipedia/commons/a/ad/200px_ribbon_bar_of_the_Knight_Bachelor_medal_%28UK%29.svg"
f2bd0111-5547-413c-adce-28786e70ae41	Ribbon of Knight's Cross of the Iron Cross	Original: KolesnikovEO Vector: Houdinipeter	CC-BY 4.0	illustration	wikimedia	svg	knight	"Ribbon of Knight's Cross of the Iron Cross" by Original: KolesnikovEO Vector: Houdinipeter is licensed under CC BY 4.0. To view a copy of this license, visit https://creativecommons.org/licenses/by/4.0/.	curl -O "https://upload.wikimedia.org/wikipedia/commons/3/35/Ribbon_of_Knight%27s_Cross_of_the_Iron_Cross.svg"
22641338-4ed0-4e96-9c34-6ca7b8547f64	Knight Bachelor ribbon	Boroduntalk	CC-BY 3.0	illustration	wikimedia	svg	knight	"Knight Bachelor ribbon" by Boroduntalk is licensed under CC BY 3.0. To view a copy of this license, visit https://creativecommons.org/licenses/by/3.0/.	curl -O "https://upload.wikimedia.org/wikipedia/commons/e/e3/Knight_Bachelor_ribbon.svg"
5412bfc5-fb9d-459a-92fa-1ab1458d83d7	Order of Franz Joseph - Ribbon bar (Knight)	Portunes	CC-BY 3.0	illustration	wikimedia	svg	knight	"Order of Franz Joseph - Ribbon bar (Knight)" by Portunes is licensed under CC BY 3.0. To view a copy of this license, visit https://creativecommons.org/licenses/by/3.0/.	curl -O "https://upload.wikimedia.org/wikipedia/commons/4/4f/Order_of_Franz_Joseph_-_Ribbon_bar_%28Knight%29.svg"
3834cd1f-169b-451a-8422-4bcfff7db83b	MCO Order of Saint-Charles - Knight BAR	Portunes	CC-BY 3.0	illustration	wikimedia	svg	knight	"MCO Order of Saint-Charles - Knight BAR" by Portunes is licensed under CC BY 3.0. To view a copy of this license, visit https://creativecommons.org/licenses/by/3.0/.	curl -O "https://upload.wikimedia.org/wikipedia/commons/2/27/MCO_Order_of_Saint-Charles_-_Knight_BAR.svg"
eb105c68-0db7-4085-96de-202479eceaa2	BEL Order of Leopold II - Knight BAR	Oritsu.me	CC0	illustration	wikimedia	svg	knight	"BEL Order of Leopold II - Knight BAR" by Oritsu.me is marked with CC0 1.0. To view the terms, visit https://creativecommons.org/publicdomain/zero/1.0/deed.en/.	curl -O "https://upload.wikimedia.org/wikipedia/commons/1/1c/BEL_Order_of_Leopold_II_-_Knight_BAR.svg"
3d043711-91f0-48b2-aa26-ab6bf9a1a3ef	MY-TER Order of Sultan Mizan Zainal Abidin of Terengganu - Knight Companion ribbon	Oritsu.me	CC0	illustration	wikimedia	svg	knight	"MY-TER Order of Sultan Mizan Zainal Abidin of Terengganu - Knight Companion ribbon" by Oritsu.me is marked with CC0 1.0. To view the terms, visit https://creativecommons.org/publicdomain/zero/1.0/deed.en/.	curl -O "https://upload.wikimedia.org/wikipedia/commons/1/1d/MY-TER_Order_of_Sultan_Mizan_Zainal_Abidin_of_Terengganu_-_Knight_Companion_ribbon.svg"
df979fac-0eee-49ae-a5f8-5daddc9934cd	KHM Royal Order of Sahametrei - Knight	มองโกเลีย๔๔	CC0	illustration	wikimedia	svg	knight	"KHM Royal Order of Sahametrei - Knight" by มองโกเลีย๔๔ is marked with CC0 1.0. To view the terms, visit https://creativecommons.org/publicdomain/zero/1.0/deed.en/.	curl -O "https://upload.wikimedia.org/wikipedia/commons/2/2a/KHM_Royal_Order_of_Sahametrei_-_Knight.svg"
3e18df90-4e44-404e-ba54-271582178020	KHM Royal Order Of Sowathara - Knight rib	มองโกเลีย๔๔	CC0	illustration	wikimedia	svg	knight	"KHM Royal Order Of Sowathara - Knight rib" by มองโกเลีย๔๔ is marked with CC0 1.0. To view the terms, visit https://creativecommons.org/publicdomain/zero/1.0/deed.en/.	curl -O "https://upload.wikimedia.org/wikipedia/commons/8/8d/KHM_Royal_Order_Of_Sowathara_-_Knight_rib.svg"
079a478f-f0cc-479c-a0f7-3e5cfdb8637e	MY-PAH Order of Al-Sultan Abdullah of Pahang - Knight Grand Companion - SAAS	Oritsu.me	CC-BY 4.0	illustration	wikimedia	svg	knight	"MY-PAH Order of Al-Sultan Abdullah of Pahang - Knight Grand Companion - SAAS" by Oritsu.me is licensed under CC BY 4.0. To view a copy of this license, visit https://creativecommons.org/licenses/by/4.0/.	curl -O "https://upload.wikimedia.org/wikipedia/commons/1/1d/MY-PAH_Order_of_Al-Sultan_Abdullah_of_Pahang_-_Knight_Grand_Companion_-_SAAS.svg"
f2056b5a-7a06-4cc5-808c-c1f56537238a	MY-NEG Order of Loyalty to Negeri Sembilan - Knight Commander ribbon BAR	Oritsu.me	CC0	illustration	wikimedia	svg	knight	"MY-NEG Order of Loyalty to Negeri Sembilan - Knight Commander ribbon BAR" by Oritsu.me is marked with CC0 1.0. To view the terms, visit https://creativecommons.org/publicdomain/zero/1.0/deed.en/.	curl -O "https://upload.wikimedia.org/wikipedia/commons/4/46/MY-NEG_Order_of_Loyalty_to_Negeri_Sembilan_-_Knight_Commander_ribbon_BAR.svg"
4528d4d5-e328-4bc7-a5f1-a8895c39e8e2	Knights Templar Logo (Freemasonry)	Brandon Mullins	CC0	illustration	wikimedia	svg	knight	"Knights Templar Logo (Freemasonry)" by Brandon Mullins is marked with CC0 1.0. To view the terms, visit https://creativecommons.org/publicdomain/zero/1.0/deed.en/.	curl -O "https://upload.wikimedia.org/wikipedia/commons/5/5b/Knights_Templar_Logo_%28Freemasonry%29.svg"
68e93226-0e4f-4fbe-97e8-a50856a3cbd3	New Zealand - Poor Knights Islands location map	Michal Klajban	CC-BY 4.0	illustration	wikimedia	svg	knight	"New Zealand - Poor Knights Islands location map" by Michal Klajban is licensed under CC BY 4.0. To view a copy of this license, visit https://creativecommons.org/licenses/by/4.0/.	curl -O "https://upload.wikimedia.org/wikipedia/commons/3/3f/New_Zealand_-_Poor_Knights_Islands_location_map.svg"
bdc477f9-2498-480a-bb0d-01de2cf6f6ea	Russian Knights insignia	Russian Air Force	CC-BY 2.5	illustration	wikimedia	svg	knight	"Russian Knights insignia" by Russian Air Force is licensed under CC BY 2.5. To view a copy of this license, visit https://creativecommons.org/licenses/by/2.5/.	curl -O "https://upload.wikimedia.org/wikipedia/commons/c/c9/Russian_Knights_insignia.svg"
4e7726c7-ff39-4929-9086-9358bcbcf534	MY-NEG Order of Loyalty to Negeri Sembilan - Knight Grand Companion ribbon BAR	Oritsu.me	CC0	illustration	wikimedia	svg	knight	"MY-NEG Order of Loyalty to Negeri Sembilan - Knight Grand Companion ribbon BAR" by Oritsu.me is marked with CC0 1.0. To view the terms, visit https://creativecommons.org/publicdomain/zero/1.0/deed.en/.	curl -O "https://upload.wikimedia.org/wikipedia/commons/3/3f/MY-NEG_Order_of_Loyalty_to_Negeri_Sembilan_-_Knight_Grand_Companion_ribbon_BAR.svg"
7917d169-8727-4bad-974d-32550c210350	Iron County Wisconsin incorporated and unincorporated areas Knight highlighted	Rcsprinter123	CC-BY 3.0	illustration	wikimedia	svg	knight	"Iron County Wisconsin incorporated and unincorporated areas Knight highlighted" by Rcsprinter123 is licensed under CC BY 3.0. To view a copy of this license, visit https://creativecommons.org/licenses/by/3.0/.	curl -O "https://upload.wikimedia.org/wikipedia/commons/f/fd/Iron_County_Wisconsin_incorporated_and_unincorporated_areas_Knight_highlighted.svg"
47e78866-d305-415b-b292-eaa30af63586	Moon Knight Logo	Josephzbazin	CC0	illustration	wikimedia	svg	knight	"Moon Knight Logo" by Josephzbazin is marked with CC0 1.0. To view the terms, visit https://creativecommons.org/publicdomain/zero/1.0/deed.en/.	curl -O "https://upload.wikimedia.org/wikipedia/commons/b/b8/Moon_Knight_Logo.svg"
8549341b-618d-4d6d-bf3b-077cedb61888	MY-PEN Order of the Defender of State - Knight Grand Commander ribbon BAR	Oritsu.me	CC0	illustration	wikimedia	svg	knight	"MY-PEN Order of the Defender of State - Knight Grand Commander ribbon BAR" by Oritsu.me is marked with CC0 1.0. To view the terms, visit https://creativecommons.org/publicdomain/zero/1.0/deed.en/.	curl -O "https://upload.wikimedia.org/wikipedia/commons/0/01/MY-PEN_Order_of_the_Defender_of_State_-_Knight_Grand_Commander_ribbon_BAR.svg"
355fe561-2c35-4839-89de-d93c6fffc50e	COL Order of Boyaca - Knight BAR	Oritsu.me	CC0	illustration	wikimedia	svg	knight	"COL Order of Boyaca - Knight BAR" by Oritsu.me is marked with CC0 1.0. To view the terms, visit https://creativecommons.org/publicdomain/zero/1.0/deed.en/.	curl -O "https://upload.wikimedia.org/wikipedia/commons/0/07/COL_Order_of_Boyaca_-_Knight_BAR.svg"
9e988417-86ac-4f73-933c-67c7c05003e6	Coat of arms of the Knights of the Cross with the Red Star	L'Oblat	CC0	illustration	wikimedia	svg	knight	"Coat of arms of the Knights of the Cross with the Red Star" by L'Oblat is marked with CC0 1.0. To view the terms, visit https://creativecommons.org/publicdomain/zero/1.0/deed.en/.	curl -O "https://upload.wikimedia.org/wikipedia/commons/c/c7/Coat_of_arms_of_the_Knights_of_the_Cross_with_the_Red_Star.svg"
8ac59fad-8c27-4da8-bb4d-c34bb652fecd	KHM Order of Queen Kossomak - Knight	มองโกเลีย๔๔	CC0	illustration	wikimedia	svg	knight	"KHM Order of Queen Kossomak - Knight" by มองโกเลีย๔๔ is marked with CC0 1.0. To view the terms, visit https://creativecommons.org/publicdomain/zero/1.0/deed.en/.	curl -O "https://upload.wikimedia.org/wikipedia/commons/c/c8/KHM_Order_of_Queen_Kossomak_-_Knight.svg"
6298fe55-c1e1-4ef7-b0a1-594a8f2796f8	Knights-templar-letters-horizontal	Toebes	CC0	illustration	wikimedia	svg	knight	"Knights-templar-letters-horizontal" by Toebes is marked with CC0 1.0. To view the terms, visit https://creativecommons.org/publicdomain/zero/1.0/deed.en/.	curl -O "https://upload.wikimedia.org/wikipedia/commons/3/31/Knights-templar-letters-horizontal.svg"
64b5f822-5ca8-415b-9ae0-5f515ce34ad3	Font Awesome 5 solid chess-knight	Font Awesome	CC-BY 4.0	illustration	wikimedia	svg	knight	"Font Awesome 5 solid chess-knight" by Font Awesome is licensed under CC BY 4.0. To view a copy of this license, visit https://creativecommons.org/licenses/by/4.0/.	curl -O "https://upload.wikimedia.org/wikipedia/commons/a/ac/Font_Awesome_5_solid_chess-knight.svg"
7fcf0a00-e75a-4b7f-88c9-6995575b33f8	Star Wars Jedi Knight II Jedi Outcast Logo	Maximator2000	CC0	illustration	wikimedia	svg	knight	"Star Wars Jedi Knight II Jedi Outcast Logo" by Maximator2000 is marked with CC0 1.0. To view the terms, visit https://creativecommons.org/publicdomain/zero/1.0/deed.en/.	curl -O "https://upload.wikimedia.org/wikipedia/commons/c/cc/Star_Wars_Jedi_Knight_II_Jedi_Outcast_Logo.svg"
1ec2d461-e6c5-4112-8027-7103e30d2f49	70px ribbon bar of the Star of Italy - Knight	Blackcat	CC0	illustration	wikimedia	svg	knight	"70px ribbon bar of the Star of Italy - Knight" by Blackcat is marked with CC0 1.0. To view the terms, visit https://creativecommons.org/publicdomain/zero/1.0/deed.en/.	curl -O "https://upload.wikimedia.org/wikipedia/commons/5/59/70px_ribbon_bar_of_the_Star_of_Italy_-_Knight.svg"
0f3e194c-4f23-4174-bb6d-6ae3829722de	Rushmoor Knights 2025	Msstarsman	CC0	illustration	wikimedia	svg	knight	"Rushmoor Knights 2025" by Msstarsman is marked with CC0 1.0. To view the terms, visit https://creativecommons.org/publicdomain/zero/1.0/deed.en/.	curl -O "https://upload.wikimedia.org/wikipedia/commons/e/e4/Rushmoor_Knights_2025.svg"
86844cf3-fa76-4675-abb5-67ae4a868a26	Knight armour clipart, vintage illustration	?	CC0	illustration	rawpixel	eps	knight	"Knight armour clipart, vintage illustration" is marked with CC0 1.0. To view the terms, visit https://creativecommons.org/publicdomain/zero/1.0/.	curl -O "https://images.rawpixel.com/editor_1024/cHJpdmF0ZS9sci9pbWFnZXMvd2Vic2l0ZS8yMDIyLTA0L2pvYjcxMS0wMzEtdi5qcGc.jpg"
70ce24cb-583d-4b1f-8e8b-130f4de7c6f1	Knight clipart, medieval cartoon illustration	?	CC0	illustration	rawpixel	eps	knight	"Knight clipart, medieval cartoon illustration" is marked with CC0 1.0. To view the terms, visit https://creativecommons.org/publicdomain/zero/1.0/.	curl -O "https://images.rawpixel.com/editor_1024/czNmcy1wcml2YXRlL3Jhd3BpeGVsX2ltYWdlcy93ZWJzaXRlX2NvbnRlbnQvbHIvam9iNjg0LTI2OS12LmpwZw.jpg"
83bb560d-0e79-4800-aa38-9c8ee5c7aa36	Knight png illustration, transparent background	?	CC0	illustration	rawpixel	png	knight	"Knight png illustration, transparent background" is marked with CC0 1.0. To view the terms, visit https://creativecommons.org/publicdomain/zero/1.0/.	curl -O "https://images.rawpixel.com/image_png_1300/cHJpdmF0ZS9sci9pbWFnZXMvd2Vic2l0ZS8yMDIyLTA4L2pvYjk2MS0wMTM1LnBuZw.png"
4be59d2a-0db3-47da-b4a8-294765cd8137	Knight armour png sticker, vintage	?	CC0	illustration	rawpixel	png	knight	"Knight armour png sticker, vintage" is marked with CC0 1.0. To view the terms, visit https://creativecommons.org/publicdomain/zero/1.0/.	curl -O "https://images.rawpixel.com/image_png_1300/cHJpdmF0ZS9sci9pbWFnZXMvd2Vic2l0ZS8yMDIyLTA0L2pvYjcxMS0wMzEtcC5wbmc.png"
ba73cc78-18b3-4a13-92ef-e4da680127c2	Knight png illustration, transparent background	?	CC0	illustration	rawpixel	png	knight	"Knight png illustration, transparent background" is marked with CC0 1.0. To view the terms, visit https://creativecommons.org/publicdomain/zero/1.0/.	curl -O "https://images.rawpixel.com/image_png_1300/cHJpdmF0ZS9sci9pbWFnZXMvd2Vic2l0ZS8yMDIyLTA4L2pvYjk1My0wNTkucG5n.png"
45b206fb-a11d-44d7-896b-1d839b526cda	Knight sticker, medieval cartoon illustration	?	CC0	illustration	rawpixel	psd	knight	"Knight sticker, medieval cartoon illustration" is marked with CC0 1.0. To view the terms, visit https://creativecommons.org/publicdomain/zero/1.0/.	curl -O "https://images.rawpixel.com/editor_1024/cHJpdmF0ZS9sci9pbWFnZXMvd2Vic2l0ZS8yMDIyLTA0L2pvYjY4NC0yNjkuanBn.jpg"
fbd4ce36-efe1-45da-91d3-27d92417c8e8	Knight armour drawing, vintage illustration	?	CC0	illustration	rawpixel	psd	knight	"Knight armour drawing, vintage illustration" is marked with CC0 1.0. To view the terms, visit https://creativecommons.org/publicdomain/zero/1.0/.	curl -O "https://images.rawpixel.com/editor_1024/cHJpdmF0ZS9sci9pbWFnZXMvd2Vic2l0ZS8yMDIyLTA0L2pvYjcxMS0wMzEuanBn.jpg"
121cca66-6491-4e40-b5db-a8f0f659c3da	Knight png sticker illustration, transparent	?	CC0	illustration	rawpixel	png	knight	"Knight png sticker illustration, transparent" is marked with CC0 1.0. To view the terms, visit https://creativecommons.org/publicdomain/zero/1.0/.	curl -O "https://images.rawpixel.com/image_png_1300/cHJpdmF0ZS9sci9pbWFnZXMvd2Vic2l0ZS8yMDIyLTA1L2pvYjcxOS0yMTUtcC5wbmc.png"
590a20e7-a5ec-40b7-b11e-2daa6d77994e	Knight drawing, antique illustration vector	?	CC0	illustration	rawpixel	eps	knight	"Knight drawing, antique illustration vector" is marked with CC0 1.0. To view the terms, visit https://creativecommons.org/publicdomain/zero/1.0/.	curl -O "https://images.rawpixel.com/editor_1024/cHJpdmF0ZS9sci9pbWFnZXMvd2Vic2l0ZS8yMDIyLTA0L2pvYjcxMi0wNTYtdi5qcGc.jpg"
b4f44b25-1481-4fee-9605-add94c286776	Knight helmet png illustration, transparent	?	CC0	illustration	rawpixel	png	knight	"Knight helmet png illustration, transparent" is marked with CC0 1.0. To view the terms, visit https://creativecommons.org/publicdomain/zero/1.0/.	curl -O "https://images.rawpixel.com/image_png_1300/cHJpdmF0ZS9sci9pbWFnZXMvd2Vic2l0ZS8yMDIyLTA4L2pvYjk1My0wOTYucG5n.png"
d102ec40-7591-43cd-8371-e43cb63416d3	Knight riding horse clipart, medieval	?	CC0	illustration	rawpixel	eps	knight	"Knight riding horse clipart, medieval" is marked with CC0 1.0. To view the terms, visit https://creativecommons.org/publicdomain/zero/1.0/.	curl -O "https://images.rawpixel.com/editor_1024/cHJpdmF0ZS9sci9pbWFnZXMvd2Vic2l0ZS8yMDIyLTA0L2pvYjcxMS0yMDItdi5qcGc.jpg"
0a142c53-a992-4ec9-afb8-c3af10d7140b	Knight illustration clipart vector	?	CC0	illustration	rawpixel	eps	knight	"Knight illustration clipart vector" is marked with CC0 1.0. To view the terms, visit https://creativecommons.org/publicdomain/zero/1.0/.	curl -O "https://images.rawpixel.com/editor_1024/cHJpdmF0ZS9sci9pbWFnZXMvd2Vic2l0ZS8yMDIyLTA0L2pvYjcxMy0wMzAtdi5qcGc.jpg"
8e814117-c103-4f3f-86a1-a9c616e669ea	Knight armour drawing, vintage illustration	?	CC0	illustration	rawpixel	jpg	knight	"Knight armour drawing, vintage illustration" is marked with CC0 1.0. To view the terms, visit https://creativecommons.org/publicdomain/zero/1.0/.	curl -O "https://images.rawpixel.com/editor_1024/cHJpdmF0ZS9sci9pbWFnZXMvd2Vic2l0ZS8yMDIyLTA0L2pvYjcxMS0wMzEteC5qcGc.jpg"
623914a5-6071-4f0e-8a82-e955d240f398	Knight armour drawing, medieval vintage	?	CC0	illustration	rawpixel	jpg	knight	"Knight armour drawing, medieval vintage" is marked with CC0 1.0. To view the terms, visit https://creativecommons.org/publicdomain/zero/1.0/.	curl -O "https://images.rawpixel.com/editor_1024/cHJpdmF0ZS9sci9pbWFnZXMvd2Vic2l0ZS8yMDIyLTA0L2pvYjY3Ni0xNzIteC5qcGc.jpg"
8cbe9856-cadd-4ccd-9a52-05f32fdeefd3	Medieval knight clipart, illustration vector	?	CC0	illustration	rawpixel	eps	knight	"Medieval knight clipart, illustration vector" is marked with CC0 1.0. To view the terms, visit https://creativecommons.org/publicdomain/zero/1.0/.	curl -O "https://images.rawpixel.com/editor_1024/cHJpdmF0ZS9sci9pbWFnZXMvd2Vic2l0ZS8yMDIyLTA2L2pvYjk0Ny0xMTMtbDN4eXhzNjkuanBn.jpg"
9a3f215f-79d2-44a4-a1b9-f3e83828d204	Standing knight png sticker illustration	?	CC0	illustration	rawpixel	png	knight	"Standing knight png sticker illustration" is marked with CC0 1.0. To view the terms, visit https://creativecommons.org/publicdomain/zero/1.0/.	curl -O "https://images.rawpixel.com/image_png_1300/cHJpdmF0ZS9sci9pbWFnZXMvd2Vic2l0ZS8yMDIyLTA0L2pvYjcxMy0xNDAtcC5wbmc.png"
181eb69d-f8ab-467d-9fc1-e102293440b9	Knight black and white illustration	?	CC0	illustration	rawpixel	jpg	knight	"Knight black and white illustration" is marked with CC0 1.0. To view the terms, visit https://creativecommons.org/publicdomain/zero/1.0/.	curl -O "https://images.rawpixel.com/editor_1024/cHJpdmF0ZS9sci9pbWFnZXMvd2Vic2l0ZS8yMDIyLTA0L2pvYjcxMy0wNjQteF8xLmpwZw.jpg"
1372075e-490c-4d29-8a85-b240773a8589	Longbowman knight clipart, vintage illustration	?	CC0	illustration	rawpixel	eps	knight	"Longbowman knight clipart, vintage illustration" is marked with CC0 1.0. To view the terms, visit https://creativecommons.org/publicdomain/zero/1.0/.	curl -O "https://images.rawpixel.com/editor_1024/czNmcy1wcml2YXRlL3Jhd3BpeGVsX2ltYWdlcy93ZWJzaXRlX2NvbnRlbnQvam9iNjcyLTExMS12LWwxbXY4ZG16LmpwZw.jpg"
d3eb19ed-2c03-43be-b618-a27f20d17576	Medieval knight drawing, vintage illustration	?	CC0	illustration	rawpixel	jpg	knight	"Medieval knight drawing, vintage illustration" is marked with CC0 1.0. To view the terms, visit https://creativecommons.org/publicdomain/zero/1.0/.	curl -O "https://images.rawpixel.com/editor_1024/cHJpdmF0ZS9sci9pbWFnZXMvd2Vic2l0ZS8yMDIyLTA2L2pvYjk0Ny0wNTkteC5qcGc.jpg"
d1f9356c-637c-4969-ad3b-c1cac5eec451	Knight archer drawing, medieval illustration	?	CC0	illustration	rawpixel	eps	knight	"Knight archer drawing, medieval illustration" is marked with CC0 1.0. To view the terms, visit https://creativecommons.org/publicdomain/zero/1.0/.	curl -O "https://images.rawpixel.com/editor_1024/cHJpdmF0ZS9sci9pbWFnZXMvd2Vic2l0ZS8yMDIyLTA0L2pvYjY3NC0wMzUtbDF1NGZhZmEuanBn.jpg"
b781d56f-2e7b-4abd-987a-847692870976	Knight png illustration, transparent background	?	CC0	illustration	rawpixel	png	knight	"Knight png illustration, transparent background" is marked with CC0 1.0. To view the terms, visit https://creativecommons.org/publicdomain/zero/1.0/.	curl -O "https://images.rawpixel.com/image_png_1300/cHJpdmF0ZS9sci9pbWFnZXMvd2Vic2l0ZS8yMDIyLTA3L2pvYjk1NS0wODAucG5n.png"
e67adf0c-dab1-4b69-8f19-a8a116daa639	Knight png illustration, transparent background	?	CC0	illustration	rawpixel	png	knight	"Knight png illustration, transparent background" is marked with CC0 1.0. To view the terms, visit https://creativecommons.org/publicdomain/zero/1.0/.	curl -O "https://images.rawpixel.com/image_png_1300/cHJpdmF0ZS9sci9pbWFnZXMvd2Vic2l0ZS8yMDIyLTA4L2pvYjk1My0yMjAtcC5wbmc.png"
ed36a0a2-64cf-4e5b-bc7d-9df3307ceb56	Knight's helmet png illustration, transparent	?	CC0	illustration	rawpixel	png	knight	"Knight's helmet png illustration, transparent" is marked with CC0 1.0. To view the terms, visit https://creativecommons.org/publicdomain/zero/1.0/.	curl -O "https://images.rawpixel.com/image_png_1300/cHJpdmF0ZS9sci9pbWFnZXMvd2Vic2l0ZS8yMDIyLTA4L2pvYjk1My0wNjUucG5n.png"
26b4a85b-ac00-45b6-8eaa-92ae7b671ea4	Knight horseback clipart, medieval illustration	?	CC0	illustration	rawpixel	eps	knight	"Knight horseback clipart, medieval illustration" is marked with CC0 1.0. To view the terms, visit https://creativecommons.org/publicdomain/zero/1.0/.	curl -O "https://images.rawpixel.com/editor_1024/czNmcy1wcml2YXRlL3Jhd3BpeGVsX2ltYWdlcy93ZWJzaXRlX2NvbnRlbnQvam9iNjcyLTA5MS12LWwxbXY5MmpqLmpwZw.jpg"
de931d94-f4dc-41ea-825a-7c755ca8895d	Knight collage element, drawing illustration	?	CC0	illustration	rawpixel	eps	knight	"Knight collage element, drawing illustration" is marked with CC0 1.0. To view the terms, visit https://creativecommons.org/publicdomain/zero/1.0/.	curl -O "https://images.rawpixel.com/editor_1024/cHJpdmF0ZS9sci9pbWFnZXMvd2Vic2l0ZS8yMDIyLTA1L2pvYjcxOS0yMTYtdi5qcGc.jpg"
be5c1281-9f4d-4056-b2fb-74c5766824f9	Knight horse clipart, vintage hand	?	CC0	illustration	rawpixel	eps	knight	"Knight horse clipart, vintage hand" is marked with CC0 1.0. To view the terms, visit https://creativecommons.org/publicdomain/zero/1.0/.	curl -O "https://images.rawpixel.com/editor_1024/cHJpdmF0ZS9sci9pbWFnZXMvd2Vic2l0ZS8yMDIyLTA1L2pvYjcxNi0wMzMtdi5qcGc.jpg"
2ef37b75-c75b-4e2a-afd4-6d5fc0110f18	Png knight chess silhouette sticker	?	CC0	illustration	rawpixel	png	knight	"Png knight chess silhouette sticker" is marked with CC0 1.0. To view the terms, visit https://creativecommons.org/publicdomain/zero/1.0/.	curl -O "https://images.rawpixel.com/image_png_1300/cHJpdmF0ZS9sci9pbWFnZXMvd2Vic2l0ZS8yMDIyLTA1L2pvYjcyNy0wMzAtcF8xLnBuZw.png"
b1e47c5c-deec-4a42-b31f-bb9a564ab505	Knight illustration clipart vector	?	CC0	illustration	rawpixel	eps	knight	"Knight illustration clipart vector" is marked with CC0 1.0. To view the terms, visit https://creativecommons.org/publicdomain/zero/1.0/.	curl -O "https://images.rawpixel.com/editor_1024/cHJpdmF0ZS9sci9pbWFnZXMvd2Vic2l0ZS8yMDIyLTA0L2pvYjcxMy0wNjQtdi5qcGc.jpg"
4817ae8a-723f-465f-aab4-643d9e6fbae0	AJ Crawling Soldier	AJ	CC0	illustration	wikimedia	svg	soldier	"AJ Crawling Soldier" by AJ is marked with CC0 1.0. To view the terms, visit https://creativecommons.org/publicdomain/zero/1.0/deed.en.	curl -O "https://upload.wikimedia.org/wikipedia/commons/7/7e/AJ_Crawling_Soldier.svg"
3c7e3c4e-994e-49a2-b3b9-5f06281527bc	DPRK ribbon bar - Order of Soldier's Honor 2nd Class	Koreller	CC0	illustration	wikimedia	svg	soldier	"DPRK ribbon bar - Order of Soldier's Honor 2nd Class" by Koreller is marked with CC0 1.0. To view the terms, visit https://creativecommons.org/publicdomain/zero/1.0/deed.en/.	curl -O "https://upload.wikimedia.org/wikipedia/commons/8/85/DPRK_ribbon_bar_-_Order_of_Soldier%27s_Honor_2nd_Class.svg"
bdd32636-4856-4d51-a4b5-6c27060a2f4c	DPRK ribbon bar - Order of Soldier's Honor 1st Class	Koreller	CC0	illustration	wikimedia	svg	soldier	"DPRK ribbon bar - Order of Soldier's Honor 1st Class" by Koreller is marked with CC0 1.0. To view the terms, visit https://creativecommons.org/publicdomain/zero/1.0/deed.en/.	curl -O "https://upload.wikimedia.org/wikipedia/commons/9/90/DPRK_ribbon_bar_-_Order_of_Soldier%27s_Honor_1st_Class.svg"
63e10d59-0138-4c41-bec2-a644154b0aa3	Foot Soldier (Chu Hieroglyph)	Yevrowl	CC0	illustration	wikimedia	svg	soldier	"Foot Soldier (Chu Hieroglyph)" by Yevrowl is marked with CC0 1.0. To view the terms, visit https://creativecommons.org/publicdomain/zero/1.0/deed.en.	curl -O "https://upload.wikimedia.org/wikipedia/commons/a/a7/Foot_Soldier_%28Chu_Hieroglyph%29.svg"
62544568-74f6-45a0-bcaf-992153c709c3	Foot Soldier (Chu Hieroglyph)-opposite	Yevrowl	CC0	illustration	wikimedia	svg	soldier	"Foot Soldier (Chu Hieroglyph)-opposite" by Yevrowl is marked with CC0 1.0. To view the terms, visit https://creativecommons.org/publicdomain/zero/1.0/deed.en.	curl -O "https://upload.wikimedia.org/wikipedia/commons/f/f5/Foot_Soldier_%28Chu_Hieroglyph%29-opposite.svg"
8218b899-8b56-4558-86f2-9da8602f15dd	Three-white-soldiers	Protious	CC0	illustration	wikimedia	svg	soldier	"Three-white-soldiers" by Protious is marked with CC0 1.0. To view the terms, visit https://creativecommons.org/publicdomain/zero/1.0/deed.en/.	curl -O "https://upload.wikimedia.org/wikipedia/commons/4/4f/Three-white-soldiers.svg"
cbc16734-0a3e-4376-bb7c-fa1c92e2525e	450px ribbon bar of the Cross for Parents of German Soldiers dead in the Spanish Civil War	Blackcat	CC0	illustration	wikimedia	svg	soldier	"450px ribbon bar of the Cross for Parents of German Soldiers dead in the Spanish Civil War" by Blackcat is marked with CC0 1.0. To view the terms, visit https://creativecommons.org/publicdomain/zero/1.0/deed.en/.	curl -O "https://upload.wikimedia.org/wikipedia/commons/5/5d/450px_ribbon_bar_of_the_Cross_for_Parents_of_German_Soldiers_dead_in_the_Spanish_Civil_War.svg"
2f74a386-1f56-4923-88a5-cc948c8cd0b4	Noun Project soldier	OCHA Visual Information Unit	CC0	illustration	wikimedia	svg	soldier	"Noun Project soldier" by OCHA Visual Information Unit is marked with CC0 1.0. To view the terms, visit https://creativecommons.org/publicdomain/zero/1.0/deed.en/.	curl -O "https://upload.wikimedia.org/wikipedia/commons/6/69/Noun_Project_soldier.svg"
7f4216eb-b125-49c5-bb24-c43067d92578	Massachusetts Soldiers' Home Police Patch	MWFwiki	CC0	illustration	wikimedia	svg	soldier	"Massachusetts Soldiers' Home Police Patch" by MWFwiki is marked with CC0 1.0. To view the terms, visit https://creativecommons.org/publicdomain/zero/1.0/deed.en/.	curl -O "https://upload.wikimedia.org/wikipedia/commons/2/20/Massachusetts_Soldiers%27_Home_Police_Patch.svg"
4a12d3fb-e2a5-41b1-adf6-3558e24910b4	202204 Black soldier fly	DataBase Center for Life Science (DBCLS)	CC-BY 4.0	illustration	wikimedia	svg	soldier	"202204 Black soldier fly" by DataBase Center for Life Science (DBCLS) is licensed under CC BY 4.0. To view a copy of this license, visit https://creativecommons.org/licenses/by/4.0/.	curl -O "https://upload.wikimedia.org/wikipedia/commons/9/9f/202204_Black_soldier_fly.svg"
7024e1d3-9d87-4de9-a631-c799766db5e9	202205 Japanese subterranean termite soldier	DataBase Center for Life Science (DBCLS)	CC-BY 4.0	illustration	wikimedia	svg	soldier	"202205 Japanese subterranean termite soldier" by DataBase Center for Life Science (DBCLS) is licensed under CC BY 4.0. To view a copy of this license, visit https://creativecommons.org/licenses/by/4.0/.	curl -O "https://upload.wikimedia.org/wikipedia/commons/b/b4/202205_Japanese_subterranean_termite_soldier.svg"
b666635a-15f2-41c3-9089-1b9f7fd5ac42	Kenney.nl platformer characters - soldier vector (cropped)	?	CC0	illustration	wikimedia	svg	soldier	"Kenney.nl platformer characters - soldier vector (cropped)" is marked with CC0 1.0. To view the terms, visit https://creativecommons.org/publicdomain/zero/1.0/deed.en/.	curl -O "https://upload.wikimedia.org/wikipedia/commons/9/92/Kenney.nl_platformer_characters_-_soldier_vector_%28cropped%29.svg"
c7a1ca4d-a9f1-41a5-87e0-c96caf6a3f6f	Xiangqi soldier movement	Sammy2012	CC0	illustration	wikimedia	svg	soldier	"Xiangqi soldier movement" by Sammy2012 is marked with CC0 1.0. To view the terms, visit https://creativecommons.org/publicdomain/zero/1.0/deed.en/.	curl -O "https://upload.wikimedia.org/wikipedia/commons/6/6e/Xiangqi_soldier_movement.svg?utm_source=commons.wikimedia.org&utm_campaign=imageinfo&utm_content=original"
fe075748-4de8-4a23-9220-50391991dfa0	Toy soldier clipart, green figure	?	CC0	illustration	rawpixel	eps	soldier	"Toy soldier clipart, green figure" is marked with CC0 1.0. To view the terms, visit https://creativecommons.org/publicdomain/zero/1.0/.	curl -O "https://images.rawpixel.com/editor_1024/czNmcy1wcml2YXRlL3Jhd3BpeGVsX2ltYWdlcy93ZWJzaXRlX2NvbnRlbnQvam9iNjc4LTAyMy1sMTJ1cmR0YS5qcGc.jpg"
4b6cef2f-6e68-4e89-bd57-5864f8d7597e	Soldiers war drawing, battle illustration	?	CC0	illustration	rawpixel	eps	soldier	"Soldiers war drawing, battle illustration" is marked with CC0 1.0. To view the terms, visit https://creativecommons.org/publicdomain/zero/1.0/.	curl -O "https://images.rawpixel.com/editor_1024/cHJpdmF0ZS9sci9pbWFnZXMvd2Vic2l0ZS8yMDIyLTA0L2pvYjcxMi0xOTYtdi5qcGc.jpg"
ddff06b9-2af8-4098-8962-2cb028d29abb	Vintage soldier png sticker character	?	CC0	illustration	rawpixel	png	soldier	"Vintage soldier png sticker character" is marked with CC0 1.0. To view the terms, visit https://creativecommons.org/publicdomain/zero/1.0/.	curl -O "https://images.rawpixel.com/image_png_1300/czNmcy1wcml2YXRlL3Jhd3BpeGVsX2ltYWdlcy93ZWJzaXRlX2NvbnRlbnQvam9iNjgxLTAxODAtbDFsZ2Z2MXgucG5n.png"
c8c2500d-e5c0-46ae-9513-5f3f460f316e	Soldier clipart, vintage hand drawn	?	CC0	illustration	rawpixel	eps	soldier	"Soldier clipart, vintage hand drawn" is marked with CC0 1.0. To view the terms, visit https://creativecommons.org/publicdomain/zero/1.0/.	curl -O "https://images.rawpixel.com/editor_1024/cHJpdmF0ZS9sci9pbWFnZXMvd2Vic2l0ZS8yMDIyLTA1L2pvYjcxNi0yMDctdi5qcGc.jpg"
1464b2e9-a081-44bd-995b-37c67cb8a3f4	Soldier png sticker illustration, transparent	?	CC0	illustration	rawpixel	png	soldier	"Soldier png sticker illustration, transparent" is marked with CC0 1.0. To view the terms, visit https://creativecommons.org/publicdomain/zero/1.0/.	curl -O "https://images.rawpixel.com/image_png_1300/cHJpdmF0ZS9sci9pbWFnZXMvd2Vic2l0ZS8yMDIyLTA3L2pvYjk0OS0wOTFfMi5wbmc.png"
ef188802-5924-4d04-8570-0d656433a39c	Toy soldier png sticker, green	?	CC0	illustration	rawpixel	png	soldier	"Toy soldier png sticker, green" is marked with CC0 1.0. To view the terms, visit https://creativecommons.org/publicdomain/zero/1.0/.	curl -O "https://images.rawpixel.com/image_png_1300/czNmcy1wcml2YXRlL3Jhd3BpeGVsX2ltYWdlcy93ZWJzaXRlX2NvbnRlbnQvam9iNjc4LTAyMy1wLWwxNjRwamcxLnBuZw.png"
b3869728-fa5c-4540-b8ae-fd0d9498c79c	Soldier helmet clipart, illustration vector	?	CC0	illustration	rawpixel	eps	soldier	"Soldier helmet clipart, illustration vector" is marked with CC0 1.0. To view the terms, visit https://creativecommons.org/publicdomain/zero/1.0/.	curl -O "https://images.rawpixel.com/editor_1024/cHJpdmF0ZS9sci9pbWFnZXMvd2Vic2l0ZS8yMDIyLTA2L2pvYjk0Ny0xNzAtbDN5OGZxaDcuanBn.jpg"
50dcdcda-1afb-48da-b2c7-16b565df3d20	soldiers	?	CC0	illustration	svgsilh	?	soldier	"soldiers" is marked with CC0 1.0. To view the terms, visit https://creativecommons.org/publicdomain/zero/1.0/.	curl -O "https://svgsilh.com/png/30153.png"
03a9816b-8723-4a8a-a074-51952bd2ca4e	soldiers	?	CC0	illustration	svgsilh	?	soldier	"soldiers" is marked with CC0 1.0. To view the terms, visit https://creativecommons.org/publicdomain/zero/1.0/.	curl -O "https://svgsilh.com/png/146364.png"
9a380f06-04da-419a-a3c2-44378fc908b3	soldiers	?	CC0	illustration	svgsilh	?	soldier	"soldiers" is marked with CC0 1.0. To view the terms, visit https://creativecommons.org/publicdomain/zero/1.0/.	curl -O "https://svgsilh.com/png/2417450.png"
b1488dcb-f40d-434b-a26c-6cba22969f56	Marching soldiers drawing, vintage job	?	CC0	illustration	rawpixel	jpg	soldier	"Marching soldiers drawing, vintage job" is marked with CC0 1.0. To view the terms, visit https://creativecommons.org/publicdomain/zero/1.0/.	curl -O "https://images.rawpixel.com/editor_1024/czNmcy1wcml2YXRlL3Jhd3BpeGVsX2ltYWdlcy93ZWJzaXRlX2NvbnRlbnQvam9iNjcyLTA5Ni14LmpwZw.jpg"
eef9fa7c-74d5-489b-a485-54ef7fd8e22c	Soldier collage element, drawing illustration	?	CC0	illustration	rawpixel	eps	soldier	"Soldier collage element, drawing illustration" is marked with CC0 1.0. To view the terms, visit https://creativecommons.org/publicdomain/zero/1.0/.	curl -O "https://images.rawpixel.com/editor_1024/cHJpdmF0ZS9sci9pbWFnZXMvd2Vic2l0ZS8yMDIyLTA4L2pvYjk0OS0wOTFfMS5qcGc.jpg"
8d9386ef-38fb-4c93-997c-47aaaf646c84	Marching soldier drawing, vintage job	?	CC0	illustration	rawpixel	jpg	soldier	"Marching soldier drawing, vintage job" is marked with CC0 1.0. To view the terms, visit https://creativecommons.org/publicdomain/zero/1.0/.	curl -O "https://images.rawpixel.com/editor_1024/czNmcy1wcml2YXRlL3Jhd3BpeGVsX2ltYWdlcy93ZWJzaXRlX2NvbnRlbnQvam9iNjcyLTA5NmEteC5qcGc.jpg"
b00abca5-0488-42be-9f89-d8b94dfd21ba	soldiers	?	CC0	illustration	svgsilh	?	soldier	"soldiers" is marked with CC0 1.0. To view the terms, visit https://creativecommons.org/publicdomain/zero/1.0/.	curl -O "https://svgsilh.com/png/2026340.png"
66d36750-907f-4e7a-adb7-d0c38039a758	soldiers	?	CC0	illustration	svgsilh	?	soldier	"soldiers" is marked with CC0 1.0. To view the terms, visit https://creativecommons.org/publicdomain/zero/1.0/.	curl -O "https://svgsilh.com/png/2762705.png"
fd63f1cb-5ec3-4fa6-91f0-cd43df894c44	Soldier collage element illustration vector	?	CC0	illustration	rawpixel	eps	soldier	"Soldier collage element illustration vector" is marked with CC0 1.0. To view the terms, visit https://creativecommons.org/publicdomain/zero/1.0/.	curl -O "https://images.rawpixel.com/editor_1024/cHJpdmF0ZS9sci9pbWFnZXMvd2Vic2l0ZS8yMDIyLTA4L2pvYjk0OS0xMjdfMS5qcGc.jpg"
069568ca-0070-4b70-ad2a-5f6d7574efd6	Soldiers rifles mission, vintage illustration	?	CC0	illustration	rawpixel	jpg	soldier	"Soldiers rifles mission, vintage illustration" is marked with CC0 1.0. To view the terms, visit https://creativecommons.org/publicdomain/zero/1.0/.	curl -O "https://images.rawpixel.com/editor_1024/cHJpdmF0ZS9sci9pbWFnZXMvd2Vic2l0ZS8yMDIyLTA0L2pvYjY3Ni0xMjYteC5qcGc.jpg"
685435fb-ba8b-4e10-910c-1e7247a2381f	soldiers	?	CC0	illustration	svgsilh	?	soldier	"soldiers" is marked with CC0 1.0. To view the terms, visit https://creativecommons.org/publicdomain/zero/1.0/.	curl -O "https://svgsilh.com/png/311925.png"
1afe2cbf-425d-4078-b6f8-98b6a1d47622	Cannon soldiers clipart, vintage hand	?	CC0	illustration	rawpixel	eps	soldier	"Cannon soldiers clipart, vintage hand" is marked with CC0 1.0. To view the terms, visit https://creativecommons.org/publicdomain/zero/1.0/.	curl -O "https://images.rawpixel.com/editor_1024/cHJpdmF0ZS9sci9pbWFnZXMvd2Vic2l0ZS8yMDIyLTA0L2pvYjcxNC0xOTQtdi5qcGc.jpg"
284b931e-76b7-4b85-b6aa-7ded2ea1fc10	Marching soldier clipart, vintage job	?	CC0	illustration	rawpixel	eps	soldier	"Marching soldier clipart, vintage job" is marked with CC0 1.0. To view the terms, visit https://creativecommons.org/publicdomain/zero/1.0/.	curl -O "https://images.rawpixel.com/editor_1024/czNmcy1wcml2YXRlL3Jhd3BpeGVsX2ltYWdlcy93ZWJzaXRlX2NvbnRlbnQvam9iNjcyLTA5NmEtdi1sMW12YWJiNC5qcGc.jpg"
7d0aa8d4-f2dc-4c2d-9edf-1ad3bc739ea8	soldiers	?	CC0	illustration	svgsilh	?	soldier	"soldiers" is marked with CC0 1.0. To view the terms, visit https://creativecommons.org/publicdomain/zero/1.0/.	curl -O "https://svgsilh.com/png/1226408.png"
8d4afbdc-3bcd-4115-a2d7-049982543376	Soldier silhouette png illustration, transparent	?	CC0	illustration	rawpixel	png	soldier	"Soldier silhouette png illustration, transparent" is marked with CC0 1.0. To view the terms, visit https://creativecommons.org/publicdomain/zero/1.0/.	curl -O "https://images.rawpixel.com/image_png_1300/cHJpdmF0ZS9sci9pbWFnZXMvd2Vic2l0ZS8yMDIyLTA4L2pvYjk1Mi0wOTEtcC5wbmc.png"
18a2253e-3b56-4a32-a748-e404f561ca6a	Norman soldier clipart, vintage hand	?	CC0	illustration	rawpixel	eps	soldier	"Norman soldier clipart, vintage hand" is marked with CC0 1.0. To view the terms, visit https://creativecommons.org/publicdomain/zero/1.0/.	curl -O "https://images.rawpixel.com/editor_1024/cHJpdmF0ZS9sci9pbWFnZXMvd2Vic2l0ZS8yMDIyLTA1L2pvYjcxNC0wODQtdl8xLmpwZw.jpg"
a9941983-2e84-44e1-8190-d50b5485d742	Soldier png sticker illustration, transparent	?	CC0	illustration	rawpixel	png	soldier	"Soldier png sticker illustration, transparent" is marked with CC0 1.0. To view the terms, visit https://creativecommons.org/publicdomain/zero/1.0/.	curl -O "https://images.rawpixel.com/image_png_1300/cHJpdmF0ZS9sci9pbWFnZXMvd2Vic2l0ZS8yMDIyLTA3L2pvYjk0OS0xMjcucG5n.png"
6e9268f5-014e-480e-8284-b03c15710ef8	Soldier gas mask illustration clipart	?	CC0	illustration	rawpixel	eps	soldier	"Soldier gas mask illustration clipart" is marked with CC0 1.0. To view the terms, visit https://creativecommons.org/publicdomain/zero/1.0/.	curl -O "https://images.rawpixel.com/editor_1024/cHJpdmF0ZS9sci9pbWFnZXMvd2Vic2l0ZS8yMDIyLTA0L2pvYjcxMy0xNjYtdi5qcGc.jpg"
1c552f7a-32f5-4d45-988e-f0248dee0a62	Soldier helmet png sticker, transparent	?	CC0	illustration	rawpixel	png	soldier	"Soldier helmet png sticker, transparent" is marked with CC0 1.0. To view the terms, visit https://creativecommons.org/publicdomain/zero/1.0/.	curl -O "https://images.rawpixel.com/image_png_1300/cHJpdmF0ZS9sci9pbWFnZXMvd2Vic2l0ZS8yMDIyLTA2L2pvYjk0Ny0xNzAucG5n.png"
86401019-49f8-4cd4-bd09-8d5f45f7c749	soldiers	?	CC0	illustration	svgsilh	?	soldier	"soldiers" is marked with CC0 1.0. To view the terms, visit https://creativecommons.org/publicdomain/zero/1.0/.	curl -O "https://svgsilh.com/png/1296174.png"
504768bb-e3ed-4d21-95a7-92c7493a4c32	soldiers	?	CC0	illustration	svgsilh	?	soldier	"soldiers" is marked with CC0 1.0. To view the terms, visit https://creativecommons.org/publicdomain/zero/1.0/.	curl -O "https://svgsilh.com/png/303473.png"
67ed95f9-c635-4682-82f7-1b93e2abc1f3	soldiers	?	CC0	illustration	svgsilh	?	soldier	"soldiers" is marked with CC0 1.0. To view the terms, visit https://creativecommons.org/publicdomain/zero/1.0/.	curl -O "https://svgsilh.com/png/36414.png"
b80a285a-409a-418b-b1d9-47d113436229	soldiers	?	CC0	illustration	svgsilh	?	soldier	"soldiers" is marked with CC0 1.0. To view the terms, visit https://creativecommons.org/publicdomain/zero/1.0/.	curl -O "https://svgsilh.com/png/1203393.png"
1f22ce97-a5ce-45f7-baac-fe66c4ef9500	Toy soldier clipart, green figure	?	CC0	illustration	rawpixel	jpg	soldier	"Toy soldier clipart, green figure" is marked with CC0 1.0. To view the terms, visit https://creativecommons.org/publicdomain/zero/1.0/.	curl -O "https://images.rawpixel.com/editor_1024/czNmcy1wcml2YXRlL3Jhd3BpeGVsX2ltYWdlcy93ZWJzaXRlX2NvbnRlbnQvam9iNjc4LTAyMy14LmpwZw.jpg"
467032d0-0bd4-4f2b-ae0d-3c69896c900a	Medieval soldier illustration	?	CC0	illustration	rawpixel	jpg	soldier	"Medieval soldier illustration" is marked with CC0 1.0. To view the terms, visit https://creativecommons.org/publicdomain/zero/1.0/.	curl -O "https://images.rawpixel.com/editor_1024/cHJpdmF0ZS9sci9pbWFnZXMvd2Vic2l0ZS8yMDIzLTA0L2pvYjk2OS1lbGVtZW50LTE5Mi14LmpwZw.jpg"
415d7267-6f36-4f5f-bac7-a88e168a761a	Vintage soldier clipart, character illustration	?	CC0	illustration	rawpixel	eps	soldier	"Vintage soldier clipart, character illustration" is marked with CC0 1.0. To view the terms, visit https://creativecommons.org/publicdomain/zero/1.0/.	curl -O "https://images.rawpixel.com/editor_1024/czNmcy1wcml2YXRlL3Jhd3BpeGVsX2ltYWdlcy93ZWJzaXRlX2NvbnRlbnQvam9iNjgxLTAxODAtdi1sMWxnZnRjby5qcGc.jpg"
e6d3bd36-04e3-40a4-9b4a-082055286a09	Cannon soldiers drawing, vintage illustration	?	CC0	illustration	rawpixel	jpg	soldier	"Cannon soldiers drawing, vintage illustration" is marked with CC0 1.0. To view the terms, visit https://creativecommons.org/publicdomain/zero/1.0/.	curl -O "https://images.rawpixel.com/editor_1024/cHJpdmF0ZS9sci9pbWFnZXMvd2Vic2l0ZS8yMDIyLTA1L2pvYjcxNC0xOTQteC5qcGc.jpg"
be185df3-6a7d-43fa-a133-8c8c2f717768	Marching soldiers silhouette clipart, vintage	?	CC0	illustration	rawpixel	eps	soldier	"Marching soldiers silhouette clipart, vintage" is marked with CC0 1.0. To view the terms, visit https://creativecommons.org/publicdomain/zero/1.0/.	curl -O "https://images.rawpixel.com/editor_1024/cHJpdmF0ZS9zdGF0aWMvaW1hZ2Uvd2Vic2l0ZS8yMDIyLTA0L2xyL2pvYjY3MS0wODMtdi1sMWRhODV4cy5qcGc.jpg"
6661f919-0849-4678-8937-6301e6e1fd5a	Roman soldier drawing clip art	?	CC0	illustration	rawpixel	eps	soldier	"Roman soldier drawing clip art" is marked with CC0 1.0. To view the terms, visit https://creativecommons.org/publicdomain/zero/1.0/.	curl -O "https://images.rawpixel.com/editor_1024/cHJpdmF0ZS9sci9pbWFnZXMvd2Vic2l0ZS8yMDIyLTA4L2pvYjk1OC0xMzFfMS5qcGc.jpg"
fcf9c2a8-6ea3-4522-8cd6-41f73cca6113	Medieval soldier, war illustration	?	CC0	illustration	rawpixel	jpg	soldier	"Medieval soldier, war illustration" is marked with CC0 1.0. To view the terms, visit https://creativecommons.org/publicdomain/zero/1.0/.	curl -O "https://images.rawpixel.com/editor_1024/cHJpdmF0ZS9sci9pbWFnZXMvd2Vic2l0ZS8yMDIyLTA0L2pvYjcxMi0xMDMteC5qcGc.jpg"
98a7997d-2292-4436-b06f-724adf8eb157	Cannon soldiers clipart, vintage hand	?	CC0	illustration	rawpixel	eps	soldier	"Cannon soldiers clipart, vintage hand" is marked with CC0 1.0. To view the terms, visit https://creativecommons.org/publicdomain/zero/1.0/.	curl -O "https://images.rawpixel.com/editor_1024/cHJpdmF0ZS9sci9pbWFnZXMvd2Vic2l0ZS8yMDIyLTA0L2pvYjcxNC0xOTMtdi5qcGc.jpg"
b721e1be-41cd-4fe2-864f-b044a8f32dce	Soldier axe, drawing illustration	?	CC0	illustration	rawpixel	jpg	soldier	"Soldier axe, drawing illustration" is marked with CC0 1.0. To view the terms, visit https://creativecommons.org/publicdomain/zero/1.0/.	curl -O "https://images.rawpixel.com/editor_1024/cHJpdmF0ZS9sci9pbWFnZXMvd2Vic2l0ZS8yMDIyLTA1L2pvYjcxNy0xNjgteC5qcGc.jpg"
ee19481b-7f9b-4aa3-8e1a-6bd0e6948ccb	War horn drawing, medieval soldier	?	CC0	illustration	rawpixel	eps	soldier	"War horn drawing, medieval soldier" is marked with CC0 1.0. To view the terms, visit https://creativecommons.org/publicdomain/zero/1.0/.	curl -O "https://images.rawpixel.com/editor_1024/cHJpdmF0ZS9sci9pbWFnZXMvd2Vic2l0ZS8yMDIyLTA0L2pvYjcxMi0xMDEtdi5qcGc.jpg"
3362cfc7-a3ea-4cd0-8843-62b3b1561fb8	soldiers	?	CC0	illustration	svgsilh	?	soldier	"soldiers" is marked with CC0 1.0. To view the terms, visit https://creativecommons.org/publicdomain/zero/1.0/.	curl -O "https://svgsilh.com/png/156978.png"
ed33a838-959e-4dfd-8d20-418bbb73719e	British Royal soldier clipart, vintage	?	CC0	illustration	rawpixel	eps	soldier	"British Royal soldier clipart, vintage" is marked with CC0 1.0. To view the terms, visit https://creativecommons.org/publicdomain/zero/1.0/.	curl -O "https://images.rawpixel.com/editor_1024/czNmcy1wcml2YXRlL3Jhd3BpeGVsX2ltYWdlcy93ZWJzaXRlX2NvbnRlbnQvam9iNjcyLTE3My12LWwxbXY5MTJ3LmpwZw.jpg"
31817722-7b63-4cd5-aac1-7c4786d37f74	Soldiers rifles mission, vintage illustration	?	CC0	illustration	rawpixel	eps	soldier	"Soldiers rifles mission, vintage illustration" is marked with CC0 1.0. To view the terms, visit https://creativecommons.org/publicdomain/zero/1.0/.	curl -O "https://images.rawpixel.com/editor_1024/cHJpdmF0ZS9sci9pbWFnZXMvd2Vic2l0ZS8yMDIyLTA0L2pvYjY3Ni0xMjYtdi5qcGc.jpg"
435998f2-e6a5-4d17-9c04-65c77e52d4e5	War soldier clipart, illustration vector	?	CC0	illustration	rawpixel	eps	soldier	"War soldier clipart, illustration vector" is marked with CC0 1.0. To view the terms, visit https://creativecommons.org/publicdomain/zero/1.0/.	curl -O "https://images.rawpixel.com/editor_1024/cHJpdmF0ZS9sci9pbWFnZXMvd2Vic2l0ZS8yMDIyLTA3L2pvYjk1NS0xOTkuanBn.jpg"
709b9fcd-18c9-440b-9d09-c4d2d28006c0	Ancient soldier png sticker war	?	CC0	illustration	rawpixel	png	soldier	"Ancient soldier png sticker war" is marked with CC0 1.0. To view the terms, visit https://creativecommons.org/publicdomain/zero/1.0/.	curl -O "https://images.rawpixel.com/image_png_1300/cHJpdmF0ZS9sci9pbWFnZXMvd2Vic2l0ZS8yMDIyLTA0L2pvYjcxMi0xMDItcC5wbmc.png"
79f341c4-0b2f-44c1-9345-23fe53fc0909	War soldier clipart, illustration vector	?	CC0	illustration	rawpixel	eps	soldier	"War soldier clipart, illustration vector" is marked with CC0 1.0. To view the terms, visit https://creativecommons.org/publicdomain/zero/1.0/.	curl -O "https://images.rawpixel.com/editor_1024/cHJpdmF0ZS9sci9pbWFnZXMvd2Vic2l0ZS8yMDIyLTA3L2pvYjk1NS0xOTcuanBn.jpg"
c1945a37-8d7c-4e50-9c66-c9ae82277a71	War soldier clipart, illustration	?	CC0	illustration	rawpixel	jpg	soldier	"War soldier clipart, illustration" is marked with CC0 1.0. To view the terms, visit https://creativecommons.org/publicdomain/zero/1.0/.	curl -O "https://images.rawpixel.com/editor_1024/cHJpdmF0ZS9sci9pbWFnZXMvd2Vic2l0ZS8yMDIyLTA3L2pvYjk1NS0xOTkteC5qcGc.jpg"
ee0314a8-081b-417b-b586-fba5f3f022b4	Archer Fortescue Duguid Proposal Flag of Canada (1964)	Shorepine	CC-BY 4.0	illustration	wikimedia	svg	archer	"Archer Fortescue Duguid Proposal Flag of Canada (1964)" by Shorepine is licensed under CC BY 4.0. To view a copy of this license, visit https://creativecommons.org/licenses/by/4.0/.	curl -O "https://upload.wikimedia.org/wikipedia/commons/8/81/Archer_Fortescue_Duguid_Proposal_Flag_of_Canada_%281964%29.svg"
f26fda06-ce7c-4d84-9d36-161bff31da6f	Archers-paradox	Eyrian at English Wikipedia	CC-BY 2.5	illustration	wikimedia	svg	archer	"Archers-paradox" by Eyrian at English Wikipedia is licensed under CC BY 2.5. To view a copy of this license, visit https://creativecommons.org/licenses/by/2.5/.	curl -O "https://upload.wikimedia.org/wikipedia/commons/2/2d/Archers-paradox.svg"
6b4a9512-a8a2-468f-88a3-5410a6c0b19c	Proposed Flag of Canada by Archer Fortescue Duguid (1946)	Shorepine	CC0	illustration	wikimedia	svg	archer	"Proposed Flag of Canada by Archer Fortescue Duguid (1946)" by Shorepine is marked with CC0 1.0. To view the terms, visit https://creativecommons.org/publicdomain/zero/1.0/deed.en/.	curl -O "https://upload.wikimedia.org/wikipedia/commons/2/23/Proposed_Flag_of_Canada_by_Archer_Fortescue_Duguid_%281946%29.svg"
bdef7e69-e706-44b1-9082-145cdaa21e0f	Archer coat-of-arms	A.-K. D.	CC0	illustration	wikimedia	svg	archer	"Archer coat-of-arms" by A.-K. D. is marked with CC0 1.0. To view the terms, visit https://creativecommons.org/publicdomain/zero/1.0/deed.en.	curl -O "https://upload.wikimedia.org/wikipedia/commons/4/45/Archer_coat-of-arms.svg"
8d207cba-2e23-45e1-8d51-d50b5ff0b9e8	Woman archer illustration	?	CC0	illustration	rawpixel	jpg	archer	"Woman archer illustration" is marked with CC0 1.0. To view the terms, visit https://creativecommons.org/publicdomain/zero/1.0/.	curl -O "https://images.rawpixel.com/editor_1024/cHJpdmF0ZS9sci9pbWFnZXMvd2Vic2l0ZS8yMDIyLTA1L2pvYjcyMy0wMzMteC5qcGc.jpg"
5f42d636-0fed-44b3-98cd-3074bd3c03ed	Woman archer clipart vector	?	CC0	illustration	rawpixel	eps	archer	"Woman archer clipart vector" is marked with CC0 1.0. To view the terms, visit https://creativecommons.org/publicdomain/zero/1.0/.	curl -O "https://images.rawpixel.com/editor_1024/cHJpdmF0ZS9sci9pbWFnZXMvd2Vic2l0ZS8yMDIyLTA1L2pvYjcyMy0wMzMtdi5qcGc.jpg"
de4ff095-c9ed-4701-8305-7ae7dd615d77	Male archer aiming png sticker	?	CC0	illustration	rawpixel	png	archer	"Male archer aiming png sticker" is marked with CC0 1.0. To view the terms, visit https://creativecommons.org/publicdomain/zero/1.0/.	curl -O "https://images.rawpixel.com/image_png_1300/czNmcy1wcml2YXRlL3Jhd3BpeGVsX2ltYWdlcy93ZWJzaXRlX2NvbnRlbnQvam9iNjcyLTEwMi1wLWwxbXY4bXNwLnBuZw.png"
6fa94ea3-7806-4ced-8f5a-f9bad544ab58	Male archer aiming clipart, vintage	?	CC0	illustration	rawpixel	eps	archer	"Male archer aiming clipart, vintage" is marked with CC0 1.0. To view the terms, visit https://creativecommons.org/publicdomain/zero/1.0/.	curl -O "https://images.rawpixel.com/editor_1024/czNmcy1wcml2YXRlL3Jhd3BpeGVsX2ltYWdlcy93ZWJzaXRlX2NvbnRlbnQvam9iNjcyLTEwMC12LWwxbXY4YXB4LmpwZw.jpg"
066411f2-0497-41a2-82ab-26e417d727ac	Male archer aiming drawing, vintage	?	CC0	illustration	rawpixel	jpg	archer	"Male archer aiming drawing, vintage" is marked with CC0 1.0. To view the terms, visit https://creativecommons.org/publicdomain/zero/1.0/.	curl -O "https://images.rawpixel.com/editor_1024/czNmcy1wcml2YXRlL3Jhd3BpeGVsX2ltYWdlcy93ZWJzaXRlX2NvbnRlbnQvam9iNjcyLTEwMi14LmpwZw.jpg"
3a5f74a9-55fb-4cb3-a244-bb7f603cfb9a	Archer drawing, vintage illustration	?	CC0	illustration	rawpixel	jpg	archer	"Archer drawing, vintage illustration" is marked with CC0 1.0. To view the terms, visit https://creativecommons.org/publicdomain/zero/1.0/.	curl -O "https://images.rawpixel.com/editor_1024/cHJpdmF0ZS9sci9pbWFnZXMvd2Vic2l0ZS8yMDIyLTA1L2pvYjcxNC0xMDUteC5qcGc.jpg"
984f99e4-3c67-424a-bae1-4f9011550229	Male archer aiming clipart, vintage	?	CC0	illustration	rawpixel	eps	archer	"Male archer aiming clipart, vintage" is marked with CC0 1.0. To view the terms, visit https://creativecommons.org/publicdomain/zero/1.0/.	curl -O "https://images.rawpixel.com/editor_1024/czNmcy1wcml2YXRlL3Jhd3BpeGVsX2ltYWdlcy93ZWJzaXRlX2NvbnRlbnQvam9iNjcyLTEwMi12LWwxbXY3ZW9mLmpwZw.jpg"
3c5d7096-2672-4abc-83a5-3af65dda3c2f	Archer clipart, vintage hand drawn	?	CC0	illustration	rawpixel	eps	archer	"Archer clipart, vintage hand drawn" is marked with CC0 1.0. To view the terms, visit https://creativecommons.org/publicdomain/zero/1.0/.	curl -O "https://images.rawpixel.com/editor_1024/cHJpdmF0ZS9sci9pbWFnZXMvd2Vic2l0ZS8yMDIyLTA0L2pvYjcxNC0xMDUtdi5qcGc.jpg"
b881da05-16cd-463b-9cdd-edeb92964665	Native American, Indian archer illustration	?	CC0	illustration	rawpixel	jpg	archer	"Native American, Indian archer illustration" is marked with CC0 1.0. To view the terms, visit https://creativecommons.org/publicdomain/zero/1.0/.	curl -O "https://images.rawpixel.com/editor_1024/cHJpdmF0ZS9sci9pbWFnZXMvd2Vic2l0ZS8yMDIyLTA0L2pvYjcxMi0xNDYteC5qcGc.jpg"
77cbdf83-b8f1-45d0-8e91-e3850d592d7e	Female archer clipart, vintage sport	?	CC0	illustration	rawpixel	eps	archer	"Female archer clipart, vintage sport" is marked with CC0 1.0. To view the terms, visit https://creativecommons.org/publicdomain/zero/1.0/.	curl -O "https://images.rawpixel.com/editor_1024/cHJpdmF0ZS9zdGF0aWMvaW1hZ2Uvd2Vic2l0ZS8yMDIyLTA0L2xyL2pvYjY3MS0xMzYtdi1sMWRhOTdjcy5qcGc.jpg"
a27ef9b7-58fc-4a46-bb9b-0db7614be045	Greek archer statue clipart, gold	?	CC0	illustration	rawpixel	jpg	archer	"Greek archer statue clipart, gold" is marked with CC0 1.0. To view the terms, visit https://creativecommons.org/publicdomain/zero/1.0/.	curl -O "https://images.rawpixel.com/editor_1024/czNmcy1wcml2YXRlL3Jhd3BpeGVsX2ltYWdlcy93ZWJzaXRlX2NvbnRlbnQvbHIvam9iNjgzLTAwODIteC5qcGc.jpg"
0c8535fc-1fdb-4a47-91ec-eb7ac07b890f	Meuble héraldique Archer	Jean-Paul GIBERT Image created for the Blazon Project of the French Wikipedia.	CC0	illustration	wikimedia	svg	archer	"Meuble héraldique Archer" by Jean-Paul GIBERT Image created for the Blazon Project of the French Wikipedia. is marked with CC0 1.0. To view the terms, visit https://creativecommons.org/publicdomain/zero/1.0/deed.en/.	curl -O "https://upload.wikimedia.org/wikipedia/commons/6/68/Meuble_h%C3%A9raldique_Archer.svg"
cd4f4239-5eee-4dcd-814c-c1b96b7c41da	Archer - Delapouite - white - game-icons	Delapouite	CC-BY 3.0	illustration	wikimedia	svg	archer	"Archer - Delapouite - white - game-icons" by Delapouite is licensed under CC BY 3.0. To view a copy of this license, visit https://creativecommons.org/licenses/by/3.0/.	curl -O "https://upload.wikimedia.org/wikipedia/commons/3/3b/Archer_-_Delapouite_-_white_-_game-icons.svg"
6623d785-f4a2-47c4-bf68-b4bfe24a85be	Greek archer statue png sticker	?	CC0	illustration	rawpixel	png	archer	"Greek archer statue png sticker" is marked with CC0 1.0. To view the terms, visit https://creativecommons.org/publicdomain/zero/1.0/.	curl -O "https://images.rawpixel.com/image_png_1300/czNmcy1wcml2YXRlL3Jhd3BpeGVsX2ltYWdlcy93ZWJzaXRlX2NvbnRlbnQvbHIvam9iNjgzLTAwODIucG5n.png"
5cc3d780-1b70-42db-b1d5-ead2bc236d5d	Greek archer statue clipart, gold	?	CC0	illustration	rawpixel	eps	archer	"Greek archer statue clipart, gold" is marked with CC0 1.0. To view the terms, visit https://creativecommons.org/publicdomain/zero/1.0/.	curl -O "https://images.rawpixel.com/editor_1024/cHJpdmF0ZS9sci9pbWFnZXMvd2Vic2l0ZS8yMDIyLTA0L2pvYjY4My0wMDgyLWwxeWdmMjVoLmpwZw.jpg"
ba945010-16b0-49bb-9ff6-e15fe9f5eea2	Archer - Delapouite - game-icons	Delapouite	CC-BY 3.0	illustration	wikimedia	svg	archer	"Archer - Delapouite - game-icons" by Delapouite is licensed under CC BY 3.0. To view a copy of this license, visit https://creativecommons.org/licenses/by/3.0/.	curl -O "https://upload.wikimedia.org/wikipedia/commons/6/69/Archer_-_Delapouite_-_game-icons.svg"
e2bb401e-b194-43de-87b1-ce971e6b449c	american archer indian native	?	CC0	illustration	svgsilh	?	archer	"american archer indian native" is marked with CC0 1.0. To view the terms, visit https://creativecommons.org/publicdomain/zero/1.0/.	curl -O "https://svgsilh.com/png/1299676.png"
525b977c-9abc-46c5-94cb-f3ca6e0cd42d	Maranhao Municip GovernadorArcher	Raphael Lorenzeto de Abreu	CC-BY 2.5	illustration	wikimedia	svg	archer	"Maranhao Municip GovernadorArcher" by Raphael Lorenzeto de Abreu is licensed under CC BY 2.5. To view a copy of this license, visit https://creativecommons.org/licenses/by/2.5/.	curl -O "https://upload.wikimedia.org/wikipedia/commons/d/de/Maranhao_Municip_GovernadorArcher.svg"
ed589734-6a6a-419e-8580-9723b2801c2b	Battle of Hunayn (630 CE) - Schematic Map	SPQR10	CC0	illustration	wikimedia	svg	archer	"Battle of Hunayn (630 CE) - Schematic Map" by SPQR10 is marked with CC0 1.0. To view the terms, visit https://creativecommons.org/publicdomain/zero/1.0/deed.en/.	curl -O "https://upload.wikimedia.org/wikipedia/commons/d/d2/Battle_of_Hunayn_%28630_CE%29_-_Schematic_Map.svg"
64158508-d8c2-4c4e-a18e-a168cc749587	CoorSysGalactic	AstroOgier	CC0	illustration	wikimedia	svg	archer	"CoorSysGalactic" by AstroOgier is marked with CC0 1.0. To view the terms, visit https://creativecommons.org/publicdomain/zero/1.0/deed.en/.	curl -O "https://upload.wikimedia.org/wikipedia/commons/8/80/CoorSysGalactic.svg"
5f7094d4-e58b-481d-8038-568b51f0a314	pemanah	?	CC0	illustration	svgsilh	?	archer	"pemanah" is marked with CC0 1.0. To view the terms, visit https://creativecommons.org/publicdomain/zero/1.0/.	curl -O "https://svgsilh.com/png/160389-3f51b5.png"
61ff33d0-a9fe-4910-bd54-c920ca87658d	archery girl elf wood	?	CC0	illustration	svgsilh	?	archer	"archery girl elf wood" is marked with CC0 1.0. To view the terms, visit https://creativecommons.org/publicdomain/zero/1.0/.	curl -O "https://svgsilh.com/png/152772-3f51b5.png"
b8401ef4-a226-4989-aa0f-709975f47ffa	pemanah	?	CC0	illustration	svgsilh	?	archer	"pemanah" is marked with CC0 1.0. To view the terms, visit https://creativecommons.org/publicdomain/zero/1.0/.	curl -O "https://svgsilh.com/png/3114538-3f51b5.png"
a7f14b54-0d2a-4012-8ed6-62997df741cb	pemanah	?	CC0	illustration	svgsilh	?	archer	"pemanah" is marked with CC0 1.0. To view the terms, visit https://creativecommons.org/publicdomain/zero/1.0/.	curl -O "https://svgsilh.com/png/2926695-3f51b5.png"
7d5e323e-b9cb-4dcf-a7e2-198717048bb7	busur	?	CC0	illustration	svgsilh	?	archer	"busur" is marked with CC0 1.0. To view the terms, visit https://creativecommons.org/publicdomain/zero/1.0/.	curl -O "https://svgsilh.com/png/3120516-9e9e9e.png"
3cd5d956-7119-4df5-a07f-9179f16eeec7	pemanah	?	CC0	illustration	svgsilh	?	archer	"pemanah" is marked with CC0 1.0. To view the terms, visit https://creativecommons.org/publicdomain/zero/1.0/.	curl -O "https://svgsilh.com/png/2926695-009688.png"
269d468e-ed93-4d70-afde-43db2d9d486c	busur	?	CC0	illustration	svgsilh	?	archer	"busur" is marked with CC0 1.0. To view the terms, visit https://creativecommons.org/publicdomain/zero/1.0/.	curl -O "https://svgsilh.com/png/3120516-f44336.png"
03234869-49ef-49f8-b2a4-dd4d6bdc3fd2	pemanah	?	CC0	illustration	svgsilh	?	archer	"pemanah" is marked with CC0 1.0. To view the terms, visit https://creativecommons.org/publicdomain/zero/1.0/.	curl -O "https://svgsilh.com/png/3120516-3f51b5.png"
3fcd79b4-dde4-4ce0-8f60-46e7e29a1668	designs	?	CC0	illustration	svgsilh	?	archer	"designs" is marked with CC0 1.0. To view the terms, visit https://creativecommons.org/publicdomain/zero/1.0/.	curl -O "https://svgsilh.com/png/2704466-e91e63.png"
6cb6a328-a52c-4629-b66c-55c6ce3a6de3	pemanah	?	CC0	illustration	svgsilh	?	archer	"pemanah" is marked with CC0 1.0. To view the terms, visit https://creativecommons.org/publicdomain/zero/1.0/.	curl -O "https://svgsilh.com/png/2704466-3f51b5.png"
420308b6-bbb6-4e48-a504-7bfe9246f042	characters	?	CC0	illustration	svgsilh	?	archer	"characters" is marked with CC0 1.0. To view the terms, visit https://creativecommons.org/publicdomain/zero/1.0/.	curl -O "https://svgsilh.com/png/2023962.png"
b787d257-453d-4ead-ae1f-9e0a6d57acf9	Longbowman knight png sticker, vintage	?	CC0	illustration	rawpixel	png	archer	"Longbowman knight png sticker, vintage" is marked with CC0 1.0. To view the terms, visit https://creativecommons.org/publicdomain/zero/1.0/.	curl -O "https://images.rawpixel.com/image_png_1300/czNmcy1wcml2YXRlL3Jhd3BpeGVsX2ltYWdlcy93ZWJzaXRlX2NvbnRlbnQvam9iNjcyLTExMS1wLWwxbXY3eWQ3LnBuZw.png"
96e4caaf-6608-4da4-abc3-0730a2d7e663	archery girl elf wood	?	CC0	illustration	svgsilh	?	archer	"archery girl elf wood" is marked with CC0 1.0. To view the terms, visit https://creativecommons.org/publicdomain/zero/1.0/.	curl -O "https://svgsilh.com/png/2023962-3f51b5.png"
32b6a356-612f-4186-96e0-1c4eedf1bb80	asli	?	CC0	illustration	svgsilh	?	archer	"asli" is marked with CC0 1.0. To view the terms, visit https://creativecommons.org/publicdomain/zero/1.0/.	curl -O "https://svgsilh.com/png/1298751.png"
999acb4e-8b69-40d4-b10a-28d63ffec8f5	Longbowman knight drawing, vintage illustration	?	CC0	illustration	rawpixel	jpg	archer	"Longbowman knight drawing, vintage illustration" is marked with CC0 1.0. To view the terms, visit https://creativecommons.org/publicdomain/zero/1.0/.	curl -O "https://images.rawpixel.com/editor_1024/czNmcy1wcml2YXRlL3Jhd3BpeGVsX2ltYWdlcy93ZWJzaXRlX2NvbnRlbnQvam9iNjcyLTExMS14LmpwZw.jpg"
ebf0059f-d906-4f66-b455-2d289786cf0e	Centaur clipart, vintage illustration vector	?	CC0	illustration	rawpixel	eps	archer	"Centaur clipart, vintage illustration vector" is marked with CC0 1.0. To view the terms, visit https://creativecommons.org/publicdomain/zero/1.0/.	curl -O "https://images.rawpixel.com/editor_1024/cHJpdmF0ZS9sci9pbWFnZXMvd2Vic2l0ZS8yMDIyLTA1L2pvYjcyMC0wMDgtdi5qcGc.jpg"
ec85c17e-7391-4ef3-bc22-c9b29d6e31ac	pemanah	?	CC0	illustration	svgsilh	?	archer	"pemanah" is marked with CC0 1.0. To view the terms, visit https://creativecommons.org/publicdomain/zero/1.0/.	curl -O "https://svgsilh.com/png/2027015-3f51b5.png"
4148fd76-081b-4a11-835b-b40006d05d2e	shooting	?	CC0	illustration	svgsilh	?	archer	"shooting" is marked with CC0 1.0. To view the terms, visit https://creativecommons.org/publicdomain/zero/1.0/.	curl -O "https://svgsilh.com/png/2027015-e91e63.png"
8cc7de93-a20a-4a6e-a381-e5729ba7911a	busur	?	CC0	illustration	svgsilh	?	archer	"busur" is marked with CC0 1.0. To view the terms, visit https://creativecommons.org/publicdomain/zero/1.0/.	curl -O "https://svgsilh.com/png/2027015-9e9e9e.png"
98e89d9a-6ab9-478f-b679-a08eb5309146	busur	?	CC0	illustration	svgsilh	?	archer	"busur" is marked with CC0 1.0. To view the terms, visit https://creativecommons.org/publicdomain/zero/1.0/.	curl -O "https://svgsilh.com/png/2027015-009688.png"
d8dff92c-deff-4913-8c7f-b841e850ac34	memanah	?	CC0	illustration	svgsilh	?	archer	"memanah" is marked with CC0 1.0. To view the terms, visit https://creativecommons.org/publicdomain/zero/1.0/.	curl -O "https://svgsilh.com/png/2027015-ffc107.png"
e1905702-af1a-4cde-8c52-306fca039c57	archery girl elf wood	?	CC0	illustration	svgsilh	?	archer	"archery girl elf wood" is marked with CC0 1.0. To view the terms, visit https://creativecommons.org/publicdomain/zero/1.0/.	curl -O "https://svgsilh.com/png/2023882-3f51b5.png"
810d4606-197b-4a5d-b056-8229cb27700b	characters	?	CC0	illustration	svgsilh	?	archer	"characters" is marked with CC0 1.0. To view the terms, visit https://creativecommons.org/publicdomain/zero/1.0/.	curl -O "https://svgsilh.com/png/2023882.png"
2e7bc279-26d8-4cb7-be24-bee944d5ca92	busur	?	CC0	illustration	svgsilh	?	archer	"busur" is marked with CC0 1.0. To view the terms, visit https://creativecommons.org/publicdomain/zero/1.0/.	curl -O "https://svgsilh.com/png/159536-9e9e9e.png"
e1e28e59-326f-4c20-89f9-0bf6c87b5a04	menembak	?	CC0	illustration	svgsilh	?	archer	"menembak" is marked with CC0 1.0. To view the terms, visit https://creativecommons.org/publicdomain/zero/1.0/.	curl -O "https://svgsilh.com/png/159536-e91e63.png"
c8d78285-a67f-4bea-90a1-f3ec8e665f73	pemanah	?	CC0	illustration	svgsilh	?	archer	"pemanah" is marked with CC0 1.0. To view the terms, visit https://creativecommons.org/publicdomain/zero/1.0/.	curl -O "https://svgsilh.com/png/159536-3f51b5.png"
c157a6f0-0417-4280-9e81-30f7fea3f746	busur	?	CC0	illustration	svgsilh	?	archer	"busur" is marked with CC0 1.0. To view the terms, visit https://creativecommons.org/publicdomain/zero/1.0/.	curl -O "https://svgsilh.com/png/159536-009688.png"
172eedea-7f52-44eb-91ec-58146b07ce4f	jubin	?	CC0	illustration	svgsilh	?	archer	"jubin" is marked with CC0 1.0. To view the terms, visit https://creativecommons.org/publicdomain/zero/1.0/.	curl -O "https://svgsilh.com/png/146355.png"
f4402b04-9450-4e8c-ab68-e04771e4369c	characters	?	CC0	illustration	svgsilh	?	archer	"characters" is marked with CC0 1.0. To view the terms, visit https://creativecommons.org/publicdomain/zero/1.0/.	curl -O "https://svgsilh.com/png/2025697.png"
1a5d868d-4876-41a6-a9d7-b5725c1ede96	kayu	?	CC0	illustration	svgsilh	?	archer	"kayu" is marked with CC0 1.0. To view the terms, visit https://creativecommons.org/publicdomain/zero/1.0/.	curl -O "https://svgsilh.com/png/2025697-e91e63.png"
225a9a96-03b5-46c8-8283-bd24ce05217d	kayu	?	CC0	illustration	svgsilh	?	archer	"kayu" is marked with CC0 1.0. To view the terms, visit https://creativecommons.org/publicdomain/zero/1.0/.	curl -O "https://svgsilh.com/png/2025697-9e9e9e.png"
9911eb3c-0e1d-4144-9d3d-2b4f9cb2dfd8	hunt	?	CC0	illustration	svgsilh	?	archer	"hunt" is marked with CC0 1.0. To view the terms, visit https://creativecommons.org/publicdomain/zero/1.0/.	curl -O "https://svgsilh.com/png/1299045-3f51b5.png"
e1a1be6a-426e-4f24-b8ff-a79d2617c340	hunt	?	CC0	illustration	svgsilh	?	archer	"hunt" is marked with CC0 1.0. To view the terms, visit https://creativecommons.org/publicdomain/zero/1.0/.	curl -O "https://svgsilh.com/png/2023171-3f51b5.png"
2cda0615-ed6e-49a9-9d01-a265f59a0b77	Castle (color)	mystica	CC0	illustration	wikimedia	svg	castle	"Castle (color)" by mystica is marked with CC0 1.0. To view the terms, visit https://creativecommons.org/publicdomain/zero/1.0/deed.en/.	curl -O "https://upload.wikimedia.org/wikipedia/commons/6/64/Castle_%28color%29.svg"
f17603f2-dd81-4d22-a221-1fcb3f3ae6db	Maki7-castle	Mapbox, https://github.com/mapbox/maki/graphs/contributors	CC0	illustration	wikimedia	svg	castle	"Maki7-castle" by Mapbox, https://github.com/mapbox/maki/graphs/contributors is marked with CC0 1.0. To view the terms, visit https://creativecommons.org/publicdomain/zero/1.0/deed.en/.	curl -O "https://upload.wikimedia.org/wikipedia/commons/d/da/Maki7-castle.svg"
941fd8d9-5f24-4db8-a546-2bd75dce2e11	Oneida County New York incorporated and unincorporated areas Oneida Castle highlighted	Rcsprinter123	CC-BY 3.0	illustration	wikimedia	svg	castle	"Oneida County New York incorporated and unincorporated areas Oneida Castle highlighted" by Rcsprinter123 is licensed under CC BY 3.0. To view a copy of this license, visit https://creativecommons.org/licenses/by/3.0/.	curl -O "https://upload.wikimedia.org/wikipedia/commons/0/06/Oneida_County_New_York_incorporated_and_unincorporated_areas_Oneida_Castle_highlighted.svg"
0f54c81a-15a1-44e9-870f-130c02c51443	Map of Puilaurens castle	Guillaume Paumier	CC-BY 2.5	illustration	wikimedia	svg	castle	"Map of Puilaurens castle" by Guillaume Paumier is licensed under CC BY 2.5. To view a copy of this license, visit https://creativecommons.org/licenses/by/2.5/.	curl -O "https://upload.wikimedia.org/wikipedia/commons/c/c9/Map_of_Puilaurens_castle.svg"
0aeb443e-8ecb-4e3f-b8c1-f5b73186054d	New Hanover County North Carolina incorporated and unincorporated areas Castle Hayne highlighted	Rcsprinter123	CC-BY 3.0	illustration	wikimedia	svg	castle	"New Hanover County North Carolina incorporated and unincorporated areas Castle Hayne highlighted" by Rcsprinter123 is licensed under CC BY 3.0. To view a copy of this license, visit https://creativecommons.org/licenses/by/3.0/.	curl -O "https://upload.wikimedia.org/wikipedia/commons/9/9a/New_Hanover_County_North_Carolina_incorporated_and_unincorporated_areas_Castle_Hayne_highlighted.svg"
4fc6d9bb-546e-4c15-87e5-42b125b3bad5	Flag of New Castle County, Delaware	Flagvisioner	CC0	illustration	wikimedia	svg	castle	"Flag of New Castle County, Delaware" by Flagvisioner is marked with CC0 1.0. To view the terms, visit https://creativecommons.org/publicdomain/zero/1.0/deed.en/.	curl -O "https://upload.wikimedia.org/wikipedia/commons/9/97/Flag_of_New_Castle_County%2C_Delaware.svg"
02baec56-ce4c-4729-8db8-ecf5cae0e4db	Coa Scotland Brim-DeForest of Balvaird Castle, Baron of Balvaird big	?	CC0	illustration	wikimedia	svg	castle	"Coa Scotland Brim-DeForest of Balvaird Castle, Baron of Balvaird big" is marked with CC0 1.0. To view the terms, visit https://creativecommons.org/publicdomain/zero/1.0/deed.en/.	curl -O "https://upload.wikimedia.org/wikipedia/commons/5/52/Coa_Scotland_Brim-DeForest_of_Balvaird_Castle%2C_Baron_of_Balvaird_big.svg"
965fcce5-bf53-4126-9b44-e0a22f46dc65	Floor plans of Buda Castle hu	Goran_tek-en	CC0	illustration	wikimedia	svg	castle	"Floor plans of Buda Castle hu" by Goran_tek-en is marked with CC0 1.0. To view the terms, visit https://creativecommons.org/publicdomain/zero/1.0/deed.en.	curl -O "https://upload.wikimedia.org/wikipedia/commons/c/c9/Floor_plans_of_Buda_Castle_hu.svg"
d32022c6-25b0-42b3-8426-fd579b0a06ed	Castle Point UK ward map 2024	Into oblivion	CC0	illustration	wikimedia	svg	castle	"Castle Point UK ward map 2024" by Into oblivion is marked with CC0 1.0. To view the terms, visit https://creativecommons.org/publicdomain/zero/1.0/deed.en/.	curl -O "https://upload.wikimedia.org/wikipedia/commons/e/ee/Castle_Point_UK_ward_map_2024.svg"
2e0d3a01-96a2-4e38-9d5d-b9674f44656a	Wales Powys Community Castle Caereinion map	DankJae	CC-BY 4.0	illustration	wikimedia	svg	castle	"Wales Powys Community Castle Caereinion map" by DankJae is licensed under CC BY 4.0. To view a copy of this license, visit https://creativecommons.org/licenses/by/4.0/.	curl -O "https://upload.wikimedia.org/wikipedia/commons/4/4a/Wales_Powys_Community_Castle_Caereinion_map.svg"
4879be56-1c31-466b-9396-641dcf4eb954	NSW Electoral District 2023 - Castle Hill	Twotwofourtysix	CC-BY 4.0	illustration	wikimedia	svg	castle	"NSW Electoral District 2023 - Castle Hill" by Twotwofourtysix is licensed under CC BY 4.0. To view a copy of this license, visit https://creativecommons.org/licenses/by/4.0/.	curl -O "https://upload.wikimedia.org/wikipedia/commons/0/0c/NSW_Electoral_District_2023_-_Castle_Hill.svg"
9e837035-1f46-4fd4-9961-da44058c8271	Castle Point UK local election 2015 map	Alextheconservative	CC0	illustration	wikimedia	svg	castle	"Castle Point UK local election 2015 map" by Alextheconservative is marked with CC0 1.0. To view the terms, visit https://creativecommons.org/publicdomain/zero/1.0/deed.en/.	curl -O "https://upload.wikimedia.org/wikipedia/commons/4/40/Castle_Point_UK_local_election_2015_map.svg"
22063475-c628-4a3c-b219-438e901af82d	Dominoes-Takeshi's Castle	DaniDF1995	CC-BY 3.0	illustration	wikimedia	svg	castle	"Dominoes-Takeshi's Castle" by DaniDF1995 is licensed under CC BY 3.0. To view a copy of this license, visit https://creativecommons.org/licenses/by/3.0/.	curl -O "https://upload.wikimedia.org/wikipedia/commons/6/6f/Dominoes-Takeshi%27s_Castle.svg"
8b948edb-901b-460e-99d5-0e0ed77250f3	Skittles-Takeshi's Castle	DaniDF1995	CC-BY 3.0	illustration	wikimedia	svg	castle	"Skittles-Takeshi's Castle" by DaniDF1995 is licensed under CC BY 3.0. To view a copy of this license, visit https://creativecommons.org/licenses/by/3.0/.	curl -O "https://upload.wikimedia.org/wikipedia/commons/6/6a/Skittles-Takeshi%27s_Castle.svg"
6015e970-d09b-4668-b924-4140b9887832	Neuschwanstein Castle 1	gurica	CC0	illustration	wikimedia	svg	castle	"Neuschwanstein Castle 1" by gurica is marked with CC0 1.0. To view the terms, visit https://creativecommons.org/publicdomain/zero/1.0/deed.en/.	curl -O "https://upload.wikimedia.org/wikipedia/commons/f/fc/Neuschwanstein_Castle_1.svg"
28f9f1be-1c6a-4418-96e8-3d83453e6e3f	Rope-Takeshi's Castle	DaniDF1995	CC-BY 3.0	illustration	wikimedia	svg	castle	"Rope-Takeshi's Castle" by DaniDF1995 is licensed under CC BY 3.0. To view a copy of this license, visit https://creativecommons.org/licenses/by/3.0/.	curl -O "https://upload.wikimedia.org/wikipedia/commons/8/85/Rope-Takeshi%27s_Castle.svg"
dd2a6839-d9b7-4b0a-beaf-14f71af27412	Floor plans of Buda Castle en	Goran_tek-en	CC0	illustration	wikimedia	svg	castle	"Floor plans of Buda Castle en" by Goran_tek-en is marked with CC0 1.0. To view the terms, visit https://creativecommons.org/publicdomain/zero/1.0/deed.en.	curl -O "https://upload.wikimedia.org/wikipedia/commons/6/61/Floor_plans_of_Buda_Castle_en.svg"
3fcd7eae-1c9f-44c6-b567-9aa26f684e54	2024 Wales Pembrokeshire Community Walwyn's Castle map	DankJae	CC-BY 4.0	illustration	wikimedia	svg	castle	"2024 Wales Pembrokeshire Community Walwyn's Castle map" by DankJae is licensed under CC BY 4.0. To view a copy of this license, visit https://creativecommons.org/licenses/by/4.0/.	curl -O "https://upload.wikimedia.org/wikipedia/commons/f/ff/2024_Wales_Pembrokeshire_Community_Walwyn%27s_Castle_map.svg"
840228fa-b9c7-45d0-9029-efa837e43965	Coa Scotland Brim-DeForest of Balvaird Castle, Baron of Balvaird	?	CC0	illustration	wikimedia	svg	castle	"Coa Scotland Brim-DeForest of Balvaird Castle, Baron of Balvaird" is marked with CC0 1.0. To view the terms, visit https://creativecommons.org/publicdomain/zero/1.0/deed.en/.	curl -O "https://upload.wikimedia.org/wikipedia/commons/d/d6/Coa_Scotland_Brim-DeForest_of_Balvaird_Castle%2C_Baron_of_Balvaird.svg"
e1baf518-c5c7-47c9-bb88-d941da43c3ad	2024 Wales Cardiff Community Castle map	DankJae	CC-BY 4.0	illustration	wikimedia	svg	castle	"2024 Wales Cardiff Community Castle map" by DankJae is licensed under CC BY 4.0. To view a copy of this license, visit https://creativecommons.org/licenses/by/4.0/.	curl -O "https://upload.wikimedia.org/wikipedia/commons/d/da/2024_Wales_Cardiff_Community_Castle_map.svg"
1ab88f43-7deb-42b4-804b-61f64eca0390	United Kingdom Castle Point Borough Council 2024	RandomEditsForWhenIRemember	CC0	illustration	wikimedia	svg	castle	"United Kingdom Castle Point Borough Council 2024" by RandomEditsForWhenIRemember is marked with CC0 1.0. To view the terms, visit https://creativecommons.org/publicdomain/zero/1.0/deed.en/.	curl -O "https://upload.wikimedia.org/wikipedia/commons/7/7d/United_Kingdom_Castle_Point_Borough_Council_2024.svg"
8ba8aa60-1bf8-4e85-b4d4-7ce87c204efe	Coa Scotland Brim-DeForest of Balvaird Castle, Baron of Balvaird big with motto and crie de geurre	Colombo7274	CC0	illustration	wikimedia	svg	castle	"Coa Scotland Brim-DeForest of Balvaird Castle, Baron of Balvaird big with motto and crie de geurre" by Colombo7274 is marked with CC0 1.0. To view the terms, visit https://creativecommons.org/publicdomain/zero/1.0/deed.en/.	curl -O "https://upload.wikimedia.org/wikipedia/commons/c/c3/Coa_Scotland_Brim-DeForest_of_Balvaird_Castle%2C_Baron_of_Balvaird_big_with_motto_and_crie_de_geurre.svg"
4bb7c513-bcc8-49d2-a37b-f438b873dec7	Mid and East Antrim Carrick Castle highlight	Alextheconservative	CC0	illustration	wikimedia	svg	castle	"Mid and East Antrim Carrick Castle highlight" by Alextheconservative is marked with CC0 1.0. To view the terms, visit https://creativecommons.org/publicdomain/zero/1.0/deed.en/.	curl -O "https://upload.wikimedia.org/wikipedia/commons/8/80/Mid_and_East_Antrim_Carrick_Castle_highlight.svg"
bf5b1d7d-789b-455a-9617-8b1ebd63f6e2	Castle Point UK local election 2018 map	Alextheconservative	CC0	illustration	wikimedia	svg	castle	"Castle Point UK local election 2018 map" by Alextheconservative is marked with CC0 1.0. To view the terms, visit https://creativecommons.org/publicdomain/zero/1.0/deed.en/.	curl -O "https://upload.wikimedia.org/wikipedia/commons/4/4d/Castle_Point_UK_local_election_2018_map.svg"
6d1feab8-cbf8-4a75-8fc6-22f274e4aef0	Castle Morpeth UK ward map 2003	Alextheconservative	CC0	illustration	wikimedia	svg	castle	"Castle Morpeth UK ward map 2003" by Alextheconservative is marked with CC0 1.0. To view the terms, visit https://creativecommons.org/publicdomain/zero/1.0/deed.en/.	curl -O "https://upload.wikimedia.org/wikipedia/commons/a/a3/Castle_Morpeth_UK_ward_map_2003.svg"
4c3e2747-b73d-44e3-b758-361053cabf28	Castle Point UK local election 2019 map	Alextheconservative	CC0	illustration	wikimedia	svg	castle	"Castle Point UK local election 2019 map" by Alextheconservative is marked with CC0 1.0. To view the terms, visit https://creativecommons.org/publicdomain/zero/1.0/deed.en/.	curl -O "https://upload.wikimedia.org/wikipedia/commons/e/e0/Castle_Point_UK_local_election_2019_map.svg"
e852cba4-c0bf-4c33-b876-88115231f31a	Carrickfergus 1993 Carrick Castle highlight	Alextheconservative	CC0	illustration	wikimedia	svg	castle	"Carrickfergus 1993 Carrick Castle highlight" by Alextheconservative is marked with CC0 1.0. To view the terms, visit https://creativecommons.org/publicdomain/zero/1.0/deed.en/.	curl -O "https://upload.wikimedia.org/wikipedia/commons/f/fd/Carrickfergus_1993_Carrick_Castle_highlight.svg"
a371b99a-fdc0-451f-875b-d42164031ec6	Castle Point UK local election 2016 map	Alextheconservative	CC0	illustration	wikimedia	svg	castle	"Castle Point UK local election 2016 map" by Alextheconservative is marked with CC0 1.0. To view the terms, visit https://creativecommons.org/publicdomain/zero/1.0/deed.en/.	curl -O "https://upload.wikimedia.org/wikipedia/commons/0/02/Castle_Point_UK_local_election_2016_map.svg"
333eb708-9440-44ee-821e-1850372cd553	Belfast 1993 Castle highlight	Alextheconservative	CC0	illustration	wikimedia	svg	castle	"Belfast 1993 Castle highlight" by Alextheconservative is marked with CC0 1.0. To view the terms, visit https://creativecommons.org/publicdomain/zero/1.0/deed.en/.	curl -O "https://upload.wikimedia.org/wikipedia/commons/a/a6/Belfast_1993_Castle_highlight.svg"
aa6da5b5-6dbb-44e3-8656-41bbe3962360	Floor plans of Buda Castle he	Ori~	CC0	illustration	wikimedia	svg	castle	"Floor plans of Buda Castle he" by Ori~ is marked with CC0 1.0. To view the terms, visit https://creativecommons.org/publicdomain/zero/1.0/deed.en/.	curl -O "https://upload.wikimedia.org/wikipedia/commons/2/28/Floor_plans_of_Buda_Castle_he.svg"
3e219327-cb13-45c4-9b69-62ecdc6e36e4	Portuguese castle	Peterpumpkineater919	CC0	illustration	wikimedia	svg	castle	"Portuguese castle" by Peterpumpkineater919 is marked with CC0 1.0. To view the terms, visit https://creativecommons.org/publicdomain/zero/1.0/deed.en/.	curl -O "https://upload.wikimedia.org/wikipedia/commons/e/ed/Portuguese_castle.svg"
12376847-465b-47c2-86c6-e4a8d3d28360	Castle Morpeth UK ward map 2007	Alextheconservative	CC0	illustration	wikimedia	svg	castle	"Castle Morpeth UK ward map 2007" by Alextheconservative is marked with CC0 1.0. To view the terms, visit https://creativecommons.org/publicdomain/zero/1.0/deed.en/.	curl -O "https://upload.wikimedia.org/wikipedia/commons/3/39/Castle_Morpeth_UK_ward_map_2007.svg"
8c1a0a43-04b8-4850-974f-3b93055d48f4	Map of Puilaurens castle without description	Guillaume Paumier	CC-BY 2.5	illustration	wikimedia	svg	castle	"Map of Puilaurens castle without description" by Guillaume Paumier is licensed under CC BY 2.5. To view a copy of this license, visit https://creativecommons.org/licenses/by/2.5/.	curl -O "https://upload.wikimedia.org/wikipedia/commons/f/fc/Map_of_Puilaurens_castle_without_description.svg"
5b340225-0fcb-47c6-83d6-71cbd30cae66	Newcastle upon Tyne UK ward map highlighting Castle	Rcsprinter123	CC-BY 3.0	illustration	wikimedia	svg	castle	"Newcastle upon Tyne UK ward map highlighting Castle" by Rcsprinter123 is licensed under CC BY 3.0. To view a copy of this license, visit https://creativecommons.org/licenses/by/3.0/.	curl -O "https://upload.wikimedia.org/wikipedia/commons/0/0b/Newcastle_upon_Tyne_UK_ward_map_highlighting_Castle.svg"
e6b4b9a8-9cc3-408c-b45f-b8598acbba35	Tower castle collage element, drawing	?	CC0	illustration	rawpixel	eps	castle	"Tower castle collage element, drawing" is marked with CC0 1.0. To view the terms, visit https://creativecommons.org/publicdomain/zero/1.0/.	curl -O "https://images.rawpixel.com/editor_1024/cHJpdmF0ZS9sci9pbWFnZXMvd2Vic2l0ZS8yMDIyLTA1L2pvYjcxOS0yMTctdi5qcGc.jpg"
61e6e17c-fe44-4234-955d-155f036de141	Castle clipart, vintage hand drawn	?	CC0	illustration	rawpixel	eps	castle	"Castle clipart, vintage hand drawn" is marked with CC0 1.0. To view the terms, visit https://creativecommons.org/publicdomain/zero/1.0/.	curl -O "https://images.rawpixel.com/editor_1024/cHJpdmF0ZS9sci9pbWFnZXMvd2Vic2l0ZS8yMDIyLTA0L2pvYjcxNC0wMTgtdi5qcGc.jpg"
49ce492a-be9a-4386-ab91-c15fc502ac09	Castle png sticker, architecture illustration	?	CC0	illustration	rawpixel	png	castle	"Castle png sticker, architecture illustration" is marked with CC0 1.0. To view the terms, visit https://creativecommons.org/publicdomain/zero/1.0/.	curl -O "https://images.rawpixel.com/image_png_1300/cHJpdmF0ZS9sci9pbWFnZXMvd2Vic2l0ZS8yMDIyLTA1L2pvYjcyMy0yNDEtcC5wbmc.png"
4ef5a10c-d175-407a-bba0-5e0e7e7c657f	Castle png sticker fortified building	?	CC0	illustration	rawpixel	png	castle	"Castle png sticker fortified building" is marked with CC0 1.0. To view the terms, visit https://creativecommons.org/publicdomain/zero/1.0/.	curl -O "https://images.rawpixel.com/image_png_1300/cHJpdmF0ZS9sci9pbWFnZXMvd2Vic2l0ZS8yMDIyLTA0L2pvYjcxMi0xMDktcC5wbmc.png"
ae81ea1f-89e0-4604-a10b-b1cced27db1a	Castle png sticker, architecture illustration	?	CC0	illustration	rawpixel	png	castle	"Castle png sticker, architecture illustration" is marked with CC0 1.0. To view the terms, visit https://creativecommons.org/publicdomain/zero/1.0/.	curl -O "https://images.rawpixel.com/image_png_1300/cHJpdmF0ZS9sci9pbWFnZXMvd2Vic2l0ZS8yMDIyLTA1L2pvYjcyNS0wNTUtcC5wbmc.png"
2458babc-45f7-4fe6-87b6-2c7352211142	Castle png sticker, architecture illustration	?	CC0	illustration	rawpixel	png	castle	"Castle png sticker, architecture illustration" is marked with CC0 1.0. To view the terms, visit https://creativecommons.org/publicdomain/zero/1.0/.	curl -O "https://images.rawpixel.com/image_png_1300/cHJpdmF0ZS9sci9pbWFnZXMvd2Vic2l0ZS8yMDIyLTA0L2pvYjcyMi0wNTMtcC5wbmc.png"
210d30a8-2335-448a-b46a-18676f7d0503	Bouncy castle png sticker, playground	?	CC0	illustration	rawpixel	png	castle	"Bouncy castle png sticker, playground" is marked with CC0 1.0. To view the terms, visit https://creativecommons.org/publicdomain/zero/1.0/.	curl -O "https://images.rawpixel.com/image_png_1300/czNmcy1wcml2YXRlL3Jhd3BpeGVsX2ltYWdlcy93ZWJzaXRlX2NvbnRlbnQvbHIvam9iNjgyLTI0OS1wLnBuZw.png"
bc21d8c3-dec8-4745-aff0-2dae5be71650	Castle clipart, architecture illustration vector	?	CC0	illustration	rawpixel	eps	castle	"Castle clipart, architecture illustration vector" is marked with CC0 1.0. To view the terms, visit https://creativecommons.org/publicdomain/zero/1.0/.	curl -O "https://images.rawpixel.com/editor_1024/cHJpdmF0ZS9sci9pbWFnZXMvd2Vic2l0ZS8yMDIyLTA0L2pvYjcyMi0wNTMtdi5qcGc.jpg"
ba00bfa0-3e80-4038-95bb-df4860275270	Medieval castle drawing, vintage architecture	?	CC0	illustration	rawpixel	eps	castle	"Medieval castle drawing, vintage architecture" is marked with CC0 1.0. To view the terms, visit https://creativecommons.org/publicdomain/zero/1.0/.	curl -O "https://images.rawpixel.com/editor_1024/cHJpdmF0ZS9sci9pbWFnZXMvd2Vic2l0ZS8yMDIyLTA0L2pvYjY3NC0wNTEuanBn.jpg"
5ad946d4-44c5-4e0e-96d3-27ea601951d6	Castle, drawing illustration	?	CC0	illustration	rawpixel	jpg	castle	"Castle, drawing illustration" is marked with CC0 1.0. To view the terms, visit https://creativecommons.org/publicdomain/zero/1.0/.	curl -O "https://images.rawpixel.com/editor_1024/cHJpdmF0ZS9sci9pbWFnZXMvd2Vic2l0ZS8yMDIyLTA1L2pvYjcxNy0yMzAteC5qcGc.jpg"
f0b36acd-3c08-4a8c-ba70-298ff7e84a20	castle	?	CC0	illustration	svgsilh	?	castle	"castle" is marked with CC0 1.0. To view the terms, visit https://creativecommons.org/publicdomain/zero/1.0/.	curl -O "https://svgsilh.com/png/3346064.png"
a1df702a-e82b-4579-86a7-83d50af6de9e	Castle drawing, vintage illustration	?	CC0	illustration	rawpixel	jpg	castle	"Castle drawing, vintage illustration" is marked with CC0 1.0. To view the terms, visit https://creativecommons.org/publicdomain/zero/1.0/.	curl -O "https://images.rawpixel.com/editor_1024/cHJpdmF0ZS9sci9pbWFnZXMvd2Vic2l0ZS8yMDIyLTA1L2pvYjcxNC0wMTgteC5qcGc.jpg"
523a11c5-4cdc-4190-8011-ac989b21fcb4	Castle, architecture illustration	?	CC0	illustration	rawpixel	jpg	castle	"Castle, architecture illustration" is marked with CC0 1.0. To view the terms, visit https://creativecommons.org/publicdomain/zero/1.0/.	curl -O "https://images.rawpixel.com/editor_1024/cHJpdmF0ZS9sci9pbWFnZXMvd2Vic2l0ZS8yMDIyLTA0L2pvYjcyMi0wNTMteC5qcGc.jpg"
a849ce04-ec0c-4929-9455-84984c80b125	castle	?	CC0	illustration	svgsilh	?	castle	"castle" is marked with CC0 1.0. To view the terms, visit https://creativecommons.org/publicdomain/zero/1.0/.	curl -O "https://svgsilh.com/png/2838290.png"
6ee07fda-e808-4c6a-9d8a-8558f942707c	castle	?	CC0	illustration	svgsilh	?	castle	"castle" is marked with CC0 1.0. To view the terms, visit https://creativecommons.org/publicdomain/zero/1.0/.	curl -O "https://svgsilh.com/png/3062305.png"
2f27d47a-8a35-4a24-a169-2c1ea47e04eb	castle	?	CC0	illustration	svgsilh	?	castle	"castle" is marked with CC0 1.0. To view the terms, visit https://creativecommons.org/publicdomain/zero/1.0/.	curl -O "https://svgsilh.com/png/3147119.png"
d2709cd8-b45f-4391-b835-71efbbd1fe3f	Castle png illustration, transparent background	?	CC0	illustration	rawpixel	png	castle	"Castle png illustration, transparent background" is marked with CC0 1.0. To view the terms, visit https://creativecommons.org/publicdomain/zero/1.0/.	curl -O "https://images.rawpixel.com/image_png_1300/cHJpdmF0ZS9sci9pbWFnZXMvd2Vic2l0ZS8yMDIzLTAxL2pvYjk2Mi0wODQucG5n.png"
4186dc6d-b155-45aa-a837-d54bc6342fbf	deco castle stylized nature	?	CC0	illustration	svgsilh	?	castle	"deco castle stylized nature" is marked with CC0 1.0. To view the terms, visit https://creativecommons.org/publicdomain/zero/1.0/.	curl -O "https://svgsilh.com/png/2022489.png"
b97d9fb5-8988-47ed-a259-02f4712139e0	Bouncy castle sticker, playground equipment	?	CC0	illustration	rawpixel	eps	castle	"Bouncy castle sticker, playground equipment" is marked with CC0 1.0. To view the terms, visit https://creativecommons.org/publicdomain/zero/1.0/.	curl -O "https://images.rawpixel.com/editor_1024/cHJpdmF0ZS9sci9pbWFnZXMvd2Vic2l0ZS8yMDIyLTA0L2pvYjY4Mi0yNDkuanBn.jpg"
451db9fb-7f6d-4563-8340-e36b30e352a0	castle	?	CC0	illustration	svgsilh	?	castle	"castle" is marked with CC0 1.0. To view the terms, visit https://creativecommons.org/publicdomain/zero/1.0/.	curl -O "https://svgsilh.com/png/2672317.png"
a30a811e-7b8b-4d29-892d-8703cbffba25	Medieval castle png sticker, transparent	?	CC0	illustration	rawpixel	png	castle	"Medieval castle png sticker, transparent" is marked with CC0 1.0. To view the terms, visit https://creativecommons.org/publicdomain/zero/1.0/.	curl -O "https://images.rawpixel.com/image_png_1300/cHJpdmF0ZS9sci9pbWFnZXMvd2Vic2l0ZS8yMDIyLTA2L2pvYjk0Ny0wMzYucG5n.png"
51a6d4c0-83da-4a84-92d9-16256f37430a	deco castle stylized nature	?	CC0	illustration	svgsilh	?	castle	"deco castle stylized nature" is marked with CC0 1.0. To view the terms, visit https://creativecommons.org/publicdomain/zero/1.0/.	curl -O "https://svgsilh.com/png/1300293.png"
6b77b485-b90c-4775-81ed-332b7af84b99	Medieval castle clipart, illustration vector	?	CC0	illustration	rawpixel	eps	castle	"Medieval castle clipart, illustration vector" is marked with CC0 1.0. To view the terms, visit https://creativecommons.org/publicdomain/zero/1.0/.	curl -O "https://images.rawpixel.com/editor_1024/cHJpdmF0ZS9sci9pbWFnZXMvd2Vic2l0ZS8yMDIyLTA2L2pvYjk0Ny0wMzMuanBn.jpg"
50d2befa-1d09-47da-983b-4fc780a6f9d5	Medieval castle clipart, illustration	?	CC0	illustration	rawpixel	jpg	castle	"Medieval castle clipart, illustration" is marked with CC0 1.0. To view the terms, visit https://creativecommons.org/publicdomain/zero/1.0/.	curl -O "https://images.rawpixel.com/editor_1024/cHJpdmF0ZS9sci9pbWFnZXMvd2Vic2l0ZS8yMDIyLTA2L2pvYjk0Ny0wMzMteC5qcGc.jpg"
6d43ef47-0bdb-4b80-92bd-210fbe2eabdf	Castle fort illustration clipart vector	?	CC0	illustration	rawpixel	eps	castle	"Castle fort illustration clipart vector" is marked with CC0 1.0. To view the terms, visit https://creativecommons.org/publicdomain/zero/1.0/.	curl -O "https://images.rawpixel.com/editor_1024/cHJpdmF0ZS9sci9pbWFnZXMvd2Vic2l0ZS8yMDIyLTA0L2pvYjcxMy0wNTAtdi5qcGc.jpg"
6274141d-0af6-4cef-b49f-5a3a05571805	Medieval castle clipart, illustration	?	CC0	illustration	rawpixel	jpg	castle	"Medieval castle clipart, illustration" is marked with CC0 1.0. To view the terms, visit https://creativecommons.org/publicdomain/zero/1.0/.	curl -O "https://images.rawpixel.com/editor_1024/cHJpdmF0ZS9sci9pbWFnZXMvd2Vic2l0ZS8yMDIyLTA2L2pvYjk0Ny0wMzYteC5qcGc.jpg"
1ab047a9-ebb9-4bfa-9be5-9d81ff74e509	Eiffel-Tower mark	Outstandy	CC0	illustration	wikimedia	svg	tower	"Eiffel-Tower mark" by Outstandy is marked with CC0 1.0. To view the terms, visit https://creativecommons.org/publicdomain/zero/1.0/deed.en/.	curl -O "https://upload.wikimedia.org/wikipedia/commons/7/7c/Eiffel-Tower_mark.svg"
fc6dde6e-41df-4eb2-b21e-37380989c9f2	Sports flag icons - Blue with white outlined tower	Original by Fidia 82, vectorized by ReneeWrites	CC-BY 4.0	illustration	wikimedia	svg	tower	"Sports flag icons - Blue with white outlined tower" by Original by Fidia 82, vectorized by ReneeWrites is licensed under CC BY 4.0. To view a copy of this license, visit https://creativecommons.org/licenses/by/4.0/.	curl -O "https://upload.wikimedia.org/wikipedia/commons/d/db/Sports_flag_icons_-_Blue_with_white_outlined_tower.svg"
11b044cf-5ebe-4a94-8a58-446661c05e2f	Font Awesome 5 solid broadcast-tower	Font Awesome	CC-BY 4.0	illustration	wikimedia	svg	tower	"Font Awesome 5 solid broadcast-tower" by Font Awesome is licensed under CC BY 4.0. To view a copy of this license, visit https://creativecommons.org/licenses/by/4.0/.	curl -O "https://upload.wikimedia.org/wikipedia/commons/d/d3/Font_Awesome_5_solid_broadcast-tower.svg"
0ab29ab0-8dae-4b85-a350-f282e01969c2	Qanat wind tower	Samuel Bailey (confuciou@gmail.com)	CC-BY 3.0	illustration	wikimedia	svg	tower	"Qanat wind tower" by Samuel Bailey (confuciou@gmail.com) is licensed under CC BY 3.0. To view a copy of this license, visit https://creativecommons.org/licenses/by/3.0/.	curl -O "https://upload.wikimedia.org/wikipedia/commons/5/52/Qanat_wind_tower.svg"
b0234d85-9acd-404a-8ebe-8eea50912080	London Tower Bridge Silhouette	SelfishSeahorse	CC-BY 3.0	illustration	wikimedia	svg	tower	"London Tower Bridge Silhouette" by SelfishSeahorse is licensed under CC BY 3.0. To view a copy of this license, visit https://creativecommons.org/licenses/by/3.0/.	curl -O "https://upload.wikimedia.org/wikipedia/commons/5/59/London_Tower_Bridge_Silhouette.svg"
0fad5aa7-5a9a-40b2-9bf8-35dcc9aa0de4	Tower of Hanoi-3	Nonenmac	CC-BY 3.0	illustration	wikimedia	svg	tower	"Tower of Hanoi-3" by Nonenmac is licensed under CC BY 3.0. To view a copy of this license, visit https://creativecommons.org/licenses/by/3.0/.	curl -O "https://upload.wikimedia.org/wikipedia/commons/e/e0/Tower_of_Hanoi-3.svg"
4fc02f07-40f8-45a5-8b51-6fa6db947681	Tower Island, Palmer Archipelago, BAT	Hogweard	CC-BY 1.0	illustration	wikimedia	svg	tower	"Tower Island, Palmer Archipelago, BAT" by Hogweard is licensed under CC BY 1.0. To view a copy of this license, visit https://creativecommons.org/licenses/by/1.0/.	curl -O "https://upload.wikimedia.org/wikipedia/commons/a/a5/Tower_Island%2C_Palmer_Archipelago%2C_BAT.svg"
23319f80-d12d-481d-835e-a0428d6a5b8f	Diagram of deodorization tower (Causes of Yusho disease) 01	Σ64	CC-BY 4.0	illustration	wikimedia	svg	tower	"Diagram of deodorization tower (Causes of Yusho disease) 01" by Σ64 is licensed under CC BY 4.0. To view a copy of this license, visit https://creativecommons.org/licenses/by/4.0/.	curl -O "https://upload.wikimedia.org/wikipedia/commons/7/7d/Diagram_of_deodorization_tower_%28Causes_of_Yusho_disease%29_01.svg"
9f756f1f-03da-4a1b-985d-1c616a675c41	Tower of Hanoi-4 Longest Cycle	derivative work: Brhaspati (talk) Tower_of_Hanoi-3_Longest_Path.svg: Original uploader was Nonenmac at en.wikipedia	CC-BY 3.0	illustration	wikimedia	svg	tower	"Tower of Hanoi-4 Longest Cycle" by derivative work: Brhaspati (talk) Tower_of_Hanoi-3_Longest_Path.svg: Original uploader was Nonenmac at en.wikipedia is licensed under CC BY 3.0. To view a copy of this license, visit https://creativecommons.org/licenses/by/3.0/.	curl -O "https://upload.wikimedia.org/wikipedia/commons/e/e8/Tower_of_Hanoi-4_Longest_Cycle.svg"
b5392c41-f3be-4e0d-86d1-fa50fbd48da0	Stork Tower in Tang dynasty 2023-11-12	Asanagi	CC0	illustration	wikimedia	svg	tower	"Stork Tower in Tang dynasty 2023-11-12" by Asanagi is marked with CC0 1.0. To view the terms, visit https://creativecommons.org/publicdomain/zero/1.0/deed.en/.	curl -O "https://upload.wikimedia.org/wikipedia/commons/4/44/Stork_Tower_in_Tang_dynasty_2023-11-12.svg"
fdfa49a9-8f2c-4713-95bf-ac23b30a98a3	Tower hanoi 3 sol step 6el	Dimitris131	CC0	illustration	wikimedia	svg	tower	"Tower hanoi 3 sol step 6el" by Dimitris131 is marked with CC0 1.0. To view the terms, visit https://creativecommons.org/publicdomain/zero/1.0/deed.en/.	curl -O "https://upload.wikimedia.org/wikipedia/commons/4/44/Tower_hanoi_3_sol_step_6el.svg"
d34cf19e-842b-466c-a35c-74fe365269e8	Tower hanoi 3 sol step 5el	Dimitris131	CC0	illustration	wikimedia	svg	tower	"Tower hanoi 3 sol step 5el" by Dimitris131 is marked with CC0 1.0. To view the terms, visit https://creativecommons.org/publicdomain/zero/1.0/deed.en/.	curl -O "https://upload.wikimedia.org/wikipedia/commons/6/66/Tower_hanoi_3_sol_step_5el.svg"
264a8213-5e25-4b8e-93e2-cd48173e5539	Tower hanoi 3 sol step 0el	Dimitris131	CC0	illustration	wikimedia	svg	tower	"Tower hanoi 3 sol step 0el" by Dimitris131 is marked with CC0 1.0. To view the terms, visit https://creativecommons.org/publicdomain/zero/1.0/deed.en/.	curl -O "https://upload.wikimedia.org/wikipedia/commons/6/6a/Tower_hanoi_3_sol_step_0el.svg"
7451268c-d92b-423e-b22b-60e18c416b4e	Tower hanoi 3 sol step 7el	Dimitris131	CC0	illustration	wikimedia	svg	tower	"Tower hanoi 3 sol step 7el" by Dimitris131 is marked with CC0 1.0. To view the terms, visit https://creativecommons.org/publicdomain/zero/1.0/deed.en/.	curl -O "https://upload.wikimedia.org/wikipedia/commons/7/7d/Tower_hanoi_3_sol_step_7el.svg"
3bb2e8b7-fa64-46c9-874c-6bc3e0b9201d	Tower hanoi 3 sol step 3el	Dimitris131	CC0	illustration	wikimedia	svg	tower	"Tower hanoi 3 sol step 3el" by Dimitris131 is marked with CC0 1.0. To view the terms, visit https://creativecommons.org/publicdomain/zero/1.0/deed.en/.	curl -O "https://upload.wikimedia.org/wikipedia/commons/3/36/Tower_hanoi_3_sol_step_3el.svg"
c20e3fed-37d3-46e0-99cc-0bab5853626a	Tower hanoi 3 sol step 4el	Dimitris131	CC0	illustration	wikimedia	svg	tower	"Tower hanoi 3 sol step 4el" by Dimitris131 is marked with CC0 1.0. To view the terms, visit https://creativecommons.org/publicdomain/zero/1.0/deed.en/.	curl -O "https://upload.wikimedia.org/wikipedia/commons/9/9f/Tower_hanoi_3_sol_step_4el.svg"
e938a259-8626-45c8-8f75-a5ce5b4d926d	Tower hanoi 3 sol step 2el	Dimitris131	CC0	illustration	wikimedia	svg	tower	"Tower hanoi 3 sol step 2el" by Dimitris131 is marked with CC0 1.0. To view the terms, visit https://creativecommons.org/publicdomain/zero/1.0/deed.en/.	curl -O "https://upload.wikimedia.org/wikipedia/commons/5/51/Tower_hanoi_3_sol_step_2el.svg"
f3bdaf9a-5914-40c5-98d9-f90fda41bbbe	Tower hanoi 3 sol step 1el	Dimitris131	CC0	illustration	wikimedia	svg	tower	"Tower hanoi 3 sol step 1el" by Dimitris131 is marked with CC0 1.0. To view the terms, visit https://creativecommons.org/publicdomain/zero/1.0/deed.en/.	curl -O "https://upload.wikimedia.org/wikipedia/commons/d/d0/Tower_hanoi_3_sol_step_1el.svg"
b97a23e4-ed51-434a-be2e-39483ec5769a	Location of Yellow Crane Tower in Wuhan 2023-11-05	Asanagi	CC0	illustration	wikimedia	svg	tower	"Location of Yellow Crane Tower in Wuhan 2023-11-05" by Asanagi is marked with CC0 1.0. To view the terms, visit https://creativecommons.org/publicdomain/zero/1.0/deed.en/.	curl -O "https://upload.wikimedia.org/wikipedia/commons/5/5a/Location_of_Yellow_Crane_Tower_in_Wuhan_2023-11-05.svg"
556459b2-9a16-47b8-961f-955e97b33d83	Diagram of deodorization tower (Causes of Yusho disease) 01-ja	Σ64	CC-BY 4.0	illustration	wikimedia	svg	tower	"Diagram of deodorization tower (Causes of Yusho disease) 01-ja" by Σ64 is licensed under CC BY 4.0. To view a copy of this license, visit https://creativecommons.org/licenses/by/4.0/.	curl -O "https://upload.wikimedia.org/wikipedia/commons/4/43/Diagram_of_deodorization_tower_%28Causes_of_Yusho_disease%29_01-ja.svg"
6ba1b1e5-f49c-4060-b5f6-4c1df731f481	Tower height trigonometry	Klaus-Dieter Keller	CC0	illustration	wikimedia	svg	tower	"Tower height trigonometry" by Klaus-Dieter Keller is marked with CC0 1.0. To view the terms, visit https://creativecommons.org/publicdomain/zero/1.0/deed.en/.	curl -O "https://upload.wikimedia.org/wikipedia/commons/c/ca/Tower_height_trigonometry.svg"
2176178c-a2fc-4583-b623-670493b9c885	Tower height isosceles triangle	Klaus-Dieter Keller	CC0	illustration	wikimedia	svg	tower	"Tower height isosceles triangle" by Klaus-Dieter Keller is marked with CC0 1.0. To view the terms, visit https://creativecommons.org/publicdomain/zero/1.0/deed.en/.	curl -O "https://upload.wikimedia.org/wikipedia/commons/0/05/Tower_height_isosceles_triangle.svg"
0a7c7b0b-c58f-4aa5-8234-9c4ad0dfe37d	Tower height intercept theorem	Klaus-Dieter Keller	CC0	illustration	wikimedia	svg	tower	"Tower height intercept theorem" by Klaus-Dieter Keller is marked with CC0 1.0. To view the terms, visit https://creativecommons.org/publicdomain/zero/1.0/deed.en/.	curl -O "https://upload.wikimedia.org/wikipedia/commons/0/02/Tower_height_intercept_theorem.svg"
05c4ed34-9ffb-4fac-8d49-ce578de76582	Tower hanoi 4 sol step 13el	Dimitris131	CC0	illustration	wikimedia	svg	tower	"Tower hanoi 4 sol step 13el" by Dimitris131 is marked with CC0 1.0. To view the terms, visit https://creativecommons.org/publicdomain/zero/1.0/deed.en/.	curl -O "https://upload.wikimedia.org/wikipedia/commons/0/06/Tower_hanoi_4_sol_step_13el.svg"
8aeed767-14e8-483f-b921-9a8cecb02949	Tower hanoi 4 sol step 8el	Dimitris131	CC0	illustration	wikimedia	svg	tower	"Tower hanoi 4 sol step 8el" by Dimitris131 is marked with CC0 1.0. To view the terms, visit https://creativecommons.org/publicdomain/zero/1.0/deed.en/.	curl -O "https://upload.wikimedia.org/wikipedia/commons/4/40/Tower_hanoi_4_sol_step_8el.svg"
e80d4c4f-c67d-4ad9-8954-14d7773fc9b5	Tower hanoi 4 sol step 12el	Dimitris131	CC0	illustration	wikimedia	svg	tower	"Tower hanoi 4 sol step 12el" by Dimitris131 is marked with CC0 1.0. To view the terms, visit https://creativecommons.org/publicdomain/zero/1.0/deed.en/.	curl -O "https://upload.wikimedia.org/wikipedia/commons/1/1a/Tower_hanoi_4_sol_step_12el.svg"
dce459a0-006a-4340-b8e2-4fff639a0932	Maki7-communications-tower	Mapbox, https://github.com/mapbox/maki/graphs/contributors	CC0	illustration	wikimedia	svg	tower	"Maki7-communications-tower" by Mapbox, https://github.com/mapbox/maki/graphs/contributors is marked with CC0 1.0. To view the terms, visit https://creativecommons.org/publicdomain/zero/1.0/deed.en/.	curl -O "https://upload.wikimedia.org/wikipedia/commons/0/02/Maki7-communications-tower.svg"
a7451db7-99f9-40d8-84a9-5b5661192ce2	Tower hanoi 4 sol step 14el	Dimitris131	CC0	illustration	wikimedia	svg	tower	"Tower hanoi 4 sol step 14el" by Dimitris131 is marked with CC0 1.0. To view the terms, visit https://creativecommons.org/publicdomain/zero/1.0/deed.en/.	curl -O "https://upload.wikimedia.org/wikipedia/commons/5/5e/Tower_hanoi_4_sol_step_14el.svg"
84e9c236-1276-45c5-8679-3a57929e5583	Tower hanoi 4 sol step 2el	Dimitris131	CC0	illustration	wikimedia	svg	tower	"Tower hanoi 4 sol step 2el" by Dimitris131 is marked with CC0 1.0. To view the terms, visit https://creativecommons.org/publicdomain/zero/1.0/deed.en/.	curl -O "https://upload.wikimedia.org/wikipedia/commons/2/26/Tower_hanoi_4_sol_step_2el.svg"
7ef1b914-1160-4d2c-97a0-a58b5783840a	Tower hanoi 4 sol step 9el	Dimitris131	CC0	illustration	wikimedia	svg	tower	"Tower hanoi 4 sol step 9el" by Dimitris131 is marked with CC0 1.0. To view the terms, visit https://creativecommons.org/publicdomain/zero/1.0/deed.en/.	curl -O "https://upload.wikimedia.org/wikipedia/commons/b/b5/Tower_hanoi_4_sol_step_9el.svg"
70b55bbe-b5e8-46cc-aa72-626a8698cc7a	Tower hanoi 4 sol step 0el	Dimitris131	CC0	illustration	wikimedia	svg	tower	"Tower hanoi 4 sol step 0el" by Dimitris131 is marked with CC0 1.0. To view the terms, visit https://creativecommons.org/publicdomain/zero/1.0/deed.en/.	curl -O "https://upload.wikimedia.org/wikipedia/commons/9/93/Tower_hanoi_4_sol_step_0el.svg"
e59a0e2c-1624-4b62-9766-d569f88d089f	Tower hanoi 4 sol step 7el	Dimitris131	CC0	illustration	wikimedia	svg	tower	"Tower hanoi 4 sol step 7el" by Dimitris131 is marked with CC0 1.0. To view the terms, visit https://creativecommons.org/publicdomain/zero/1.0/deed.en/.	curl -O "https://upload.wikimedia.org/wikipedia/commons/c/c0/Tower_hanoi_4_sol_step_7el.svg"
eec4666f-fa1d-44e7-85a5-a0d087e1e888	Tower hanoi 4 sol step 10el	Dimitris131	CC0	illustration	wikimedia	svg	tower	"Tower hanoi 4 sol step 10el" by Dimitris131 is marked with CC0 1.0. To view the terms, visit https://creativecommons.org/publicdomain/zero/1.0/deed.en/.	curl -O "https://upload.wikimedia.org/wikipedia/commons/d/d6/Tower_hanoi_4_sol_step_10el.svg"
0af22d0b-3454-4b7c-a4f7-2de43f374ec6	Tower hanoi 4 sol step 1el	Dimitris131	CC0	illustration	wikimedia	svg	tower	"Tower hanoi 4 sol step 1el" by Dimitris131 is marked with CC0 1.0. To view the terms, visit https://creativecommons.org/publicdomain/zero/1.0/deed.en/.	curl -O "https://upload.wikimedia.org/wikipedia/commons/3/33/Tower_hanoi_4_sol_step_1el.svg"
3f893909-11b5-4639-b4e7-9264cf315b78	Tower hanoi 4 sol step 11el	Dimitris131	CC0	illustration	wikimedia	svg	tower	"Tower hanoi 4 sol step 11el" by Dimitris131 is marked with CC0 1.0. To view the terms, visit https://creativecommons.org/publicdomain/zero/1.0/deed.en/.	curl -O "https://upload.wikimedia.org/wikipedia/commons/0/0d/Tower_hanoi_4_sol_step_11el.svg"
3cf7d117-f65a-492a-9480-affee702c823	Tower hanoi 4 sol step 4el	Dimitris131	CC0	illustration	wikimedia	svg	tower	"Tower hanoi 4 sol step 4el" by Dimitris131 is marked with CC0 1.0. To view the terms, visit https://creativecommons.org/publicdomain/zero/1.0/deed.en/.	curl -O "https://upload.wikimedia.org/wikipedia/commons/a/a8/Tower_hanoi_4_sol_step_4el.svg"
79184786-319b-47ed-9e35-98cffdf219f2	Tower hanoi 4 sol step 3el	Dimitris131	CC0	illustration	wikimedia	svg	tower	"Tower hanoi 4 sol step 3el" by Dimitris131 is marked with CC0 1.0. To view the terms, visit https://creativecommons.org/publicdomain/zero/1.0/deed.en/.	curl -O "https://upload.wikimedia.org/wikipedia/commons/2/2b/Tower_hanoi_4_sol_step_3el.svg"
c40dff67-f024-4e0b-9f59-5651ab2033f9	Tower hanoi 4 sol step 15el	Dimitris131	CC0	illustration	wikimedia	svg	tower	"Tower hanoi 4 sol step 15el" by Dimitris131 is marked with CC0 1.0. To view the terms, visit https://creativecommons.org/publicdomain/zero/1.0/deed.en/.	curl -O "https://upload.wikimedia.org/wikipedia/commons/2/2b/Tower_hanoi_4_sol_step_15el.svg"
4c90fe3e-8a13-40d4-8309-30bf42d5d646	Tower hanoi 4 sol step 6el	Dimitris131	CC0	illustration	wikimedia	svg	tower	"Tower hanoi 4 sol step 6el" by Dimitris131 is marked with CC0 1.0. To view the terms, visit https://creativecommons.org/publicdomain/zero/1.0/deed.en/.	curl -O "https://upload.wikimedia.org/wikipedia/commons/b/ba/Tower_hanoi_4_sol_step_6el.svg"
57b67b38-3b17-45b9-977f-194cb23e5b7e	Tower hanoi 4 sol step 5el	Dimitris131	CC0	illustration	wikimedia	svg	tower	"Tower hanoi 4 sol step 5el" by Dimitris131 is marked with CC0 1.0. To view the terms, visit https://creativecommons.org/publicdomain/zero/1.0/deed.en/.	curl -O "https://upload.wikimedia.org/wikipedia/commons/4/4a/Tower_hanoi_4_sol_step_5el.svg"
f85a298c-6df5-413e-8ee2-297cb72b70b8	Maki7-observation-tower	Mapbox, https://github.com/mapbox/maki/graphs/contributors	CC0	illustration	wikimedia	svg	tower	"Maki7-observation-tower" by Mapbox, https://github.com/mapbox/maki/graphs/contributors is marked with CC0 1.0. To view the terms, visit https://creativecommons.org/publicdomain/zero/1.0/deed.en/.	curl -O "https://upload.wikimedia.org/wikipedia/commons/6/6b/Maki7-observation-tower.svg"
3272c78b-2989-4d0b-ab86-26e198d84f63	Paris Eiffel Tower clipart, architecture	?	CC0	illustration	rawpixel	eps	tower	"Paris Eiffel Tower clipart, architecture" is marked with CC0 1.0. To view the terms, visit https://creativecommons.org/publicdomain/zero/1.0/.	curl -O "https://images.rawpixel.com/editor_1024/cHJpdmF0ZS9sci9pbWFnZXMvd2Vic2l0ZS8yMDIyLTA1L2pvYjcyMy0xNTYtdi5qcGc.jpg"
d8863368-e24a-4ffe-8634-d81215d0ef32	Communication tower drawing, satellite illustration	?	CC0	illustration	rawpixel	eps	tower	"Communication tower drawing, satellite illustration" is marked with CC0 1.0. To view the terms, visit https://creativecommons.org/publicdomain/zero/1.0/.	curl -O "https://images.rawpixel.com/editor_1024/czNmcy1wcml2YXRlL3Jhd3BpeGVsX2ltYWdlcy93ZWJzaXRlX2NvbnRlbnQvbHIvam9iNjg2LTA3NC12LmpwZw.jpg"
caa4d1ac-b907-48e9-b104-3180612b832a	Communication tower drawing, satellite illustration	?	CC0	illustration	rawpixel	jpg	tower	"Communication tower drawing, satellite illustration" is marked with CC0 1.0. To view the terms, visit https://creativecommons.org/publicdomain/zero/1.0/.	curl -O "https://images.rawpixel.com/editor_1024/czNmcy1wcml2YXRlL3Jhd3BpeGVsX2ltYWdlcy93ZWJzaXRlX2NvbnRlbnQvbHIvam9iNjg2LTA3NS14LmpwZw.jpg"
f6f8db54-3e56-4a31-916d-b6af3718ccd6	Eiffel Tower png sticker, transparent	?	CC0	illustration	rawpixel	png	tower	"Eiffel Tower png sticker, transparent" is marked with CC0 1.0. To view the terms, visit https://creativecommons.org/publicdomain/zero/1.0/.	curl -O "https://images.rawpixel.com/image_png_1300/cHJpdmF0ZS9sci9pbWFnZXMvd2Vic2l0ZS8yMDIyLTA2L2pvYjk0OC0yNDItcF8xLnBuZw.png"
53a20ef1-2596-40e8-97c2-15cd65816991	Eiffel tower clipart, landmark illustration	?	CC0	illustration	rawpixel	eps	tower	"Eiffel tower clipart, landmark illustration" is marked with CC0 1.0. To view the terms, visit https://creativecommons.org/publicdomain/zero/1.0/.	curl -O "https://images.rawpixel.com/editor_1024/czNmcy1wcml2YXRlL3Jhd3BpeGVsX2ltYWdlcy93ZWJzaXRlX2NvbnRlbnQvbHIvam9iNjg0LTE1Ni12LmpwZw.jpg"
75daf529-8e44-4515-8c18-ab7838e6e0e7	Eiffel tower clipart illustration vector	?	CC0	illustration	rawpixel	eps	tower	"Eiffel tower clipart illustration vector" is marked with CC0 1.0. To view the terms, visit https://creativecommons.org/publicdomain/zero/1.0/.	curl -O "https://images.rawpixel.com/editor_1024/cHJpdmF0ZS9sci9pbWFnZXMvd2Vic2l0ZS8yMDIzLTA1L2pvYjk2My1hLTAwMi12XzYuanBn.jpg"
a6002e71-a5c1-4a2f-b30c-5b68a433f3d2	towers	?	CC0	illustration	svgsilh	?	tower	"towers" is marked with CC0 1.0. To view the terms, visit https://creativecommons.org/publicdomain/zero/1.0/.	curl -O "https://svgsilh.com/png/148050.png"
e8601bb6-c0a5-41a6-afa9-e1aa7a9717f7	Eiffel Tower clipart, French landmark	?	CC0	illustration	rawpixel	eps	tower	"Eiffel Tower clipart, French landmark" is marked with CC0 1.0. To view the terms, visit https://creativecommons.org/publicdomain/zero/1.0/.	curl -O "https://images.rawpixel.com/editor_1024/czNmcy1wcml2YXRlL3Jhd3BpeGVsX2ltYWdlcy93ZWJzaXRlX2NvbnRlbnQvam9iNjc4LTEzOS1sMTJ3ZGE3ZC5qcGc.jpg"
73c0e91d-6df4-43c1-9231-c69b7602f942	Fort tower black and white	?	CC0	illustration	rawpixel	jpg	tower	"Fort tower black and white" is marked with CC0 1.0. To view the terms, visit https://creativecommons.org/publicdomain/zero/1.0/.	curl -O "https://images.rawpixel.com/editor_1024/cHJpdmF0ZS9sci9pbWFnZXMvd2Vic2l0ZS8yMDIyLTA0L2pvYjcxMy0xODIteF8xLmpwZw.jpg"
c3d574e5-302a-4a4b-b659-e992f3e463b2	Eiffel tower png illustration, transparent	?	CC0	illustration	rawpixel	png	tower	"Eiffel tower png illustration, transparent" is marked with CC0 1.0. To view the terms, visit https://creativecommons.org/publicdomain/zero/1.0/.	curl -O "https://images.rawpixel.com/image_png_1300/cHJpdmF0ZS9sci9pbWFnZXMvd2Vic2l0ZS8yMDIyLTA3L2pvYjk1NC0wMDctcC5wbmc.png"
b62ee2e8-ef51-41fb-ba4b-de89a4429f55	Eiffel tower clipart, landmark illustration	?	CC0	illustration	rawpixel	jpg	tower	"Eiffel tower clipart, landmark illustration" is marked with CC0 1.0. To view the terms, visit https://creativecommons.org/publicdomain/zero/1.0/.	curl -O "https://images.rawpixel.com/editor_1024/czNmcy1wcml2YXRlL3Jhd3BpeGVsX2ltYWdlcy93ZWJzaXRlX2NvbnRlbnQvbHIvam9iNjgzLTAwNzcteC5qcGc.jpg"
e8badfe7-850e-4d04-b690-11c1da498fe6	towers	?	CC0	illustration	svgsilh	?	tower	"towers" is marked with CC0 1.0. To view the terms, visit https://creativecommons.org/publicdomain/zero/1.0/.	curl -O "https://svgsilh.com/png/152993.png"
e5112092-6822-4c01-865b-1e936273d61a	Communication tower drawing, satellite illustration	?	CC0	illustration	rawpixel	jpg	tower	"Communication tower drawing, satellite illustration" is marked with CC0 1.0. To view the terms, visit https://creativecommons.org/publicdomain/zero/1.0/.	curl -O "https://images.rawpixel.com/editor_1024/czNmcy1wcml2YXRlL3Jhd3BpeGVsX2ltYWdlcy93ZWJzaXRlX2NvbnRlbnQvbHIvam9iNjg2LTA3NC14LmpwZw.jpg"
3b6e10f5-49b7-41d9-b4c0-5b650cc02c1a	Eiffel tower clipart, illustration vector	?	CC0	illustration	rawpixel	eps	tower	"Eiffel tower clipart, illustration vector" is marked with CC0 1.0. To view the terms, visit https://creativecommons.org/publicdomain/zero/1.0/.	curl -O "https://images.rawpixel.com/editor_1024/cHJpdmF0ZS9sci9pbWFnZXMvd2Vic2l0ZS8yMDIyLTA4L2pvYjk1Mi0xMzItbDZuNGd6NjAuanBn.jpg"
4fe04b9a-b60a-46cf-9857-3c25695a7450	Tower drawing, vintage architecture illustration	?	CC0	illustration	rawpixel	eps	tower	"Tower drawing, vintage architecture illustration" is marked with CC0 1.0. To view the terms, visit https://creativecommons.org/publicdomain/zero/1.0/.	curl -O "https://images.rawpixel.com/editor_1024/cHJpdmF0ZS9sci9pbWFnZXMvd2Vic2l0ZS8yMDIyLTA0L2pvYjcxMi0xNjktdi5qcGc.jpg"
8fde7ffd-38fb-4175-bef4-b63e56949d66	Taipei 101 tower png sticker	?	CC0	illustration	rawpixel	png	tower	"Taipei 101 tower png sticker" is marked with CC0 1.0. To view the terms, visit https://creativecommons.org/publicdomain/zero/1.0/.	curl -O "https://images.rawpixel.com/image_png_1300/czNmcy1wcml2YXRlL3Jhd3BpeGVsX2ltYWdlcy93ZWJzaXRlX2NvbnRlbnQvam9iNjc5LTA1OS1wLWwxNjd6ZnM0LnBuZw.png"
c6d2cd5e-9ee3-4975-9729-2c3fd02df922	Radio tower clipart, illustration vector	?	CC0	illustration	rawpixel	eps	tower	"Radio tower clipart, illustration vector" is marked with CC0 1.0. To view the terms, visit https://creativecommons.org/publicdomain/zero/1.0/.	curl -O "https://images.rawpixel.com/editor_1024/cHJpdmF0ZS9sci9pbWFnZXMvd2Vic2l0ZS8yMDIyLTExL2pvYjk1Ni0xODgtdi5qcGc.jpg"
12395c49-0622-43e4-a49f-303a5b5c2033	Radio tower clipart, illustration	?	CC0	illustration	rawpixel	jpg	tower	"Radio tower clipart, illustration" is marked with CC0 1.0. To view the terms, visit https://creativecommons.org/publicdomain/zero/1.0/.	curl -O "https://images.rawpixel.com/editor_1024/cHJpdmF0ZS9sci9pbWFnZXMvd2Vic2l0ZS8yMDIyLTExL2pvYjk1Ni0xODgteC5qcGc.jpg"
24cedc32-3fe4-400d-870e-3fd0ee3d5a01	GER West Wall Medal (1939) ribbon	Boroduntalk	CC-BY 4.0	illustration	wikimedia	svg	wall	"GER West Wall Medal (1939) ribbon" by Boroduntalk is licensed under CC BY 4.0. To view a copy of this license, visit https://creativecommons.org/licenses/by/4.0/.	curl -O "https://upload.wikimedia.org/wikipedia/commons/e/ef/GER_West_Wall_Medal_%281939%29_ribbon.svg"
47ff65a9-3385-41ba-aeda-8c93efb99f2f	Wall	Egmason	CC-BY 3.0	illustration	wikimedia	svg	wall	"Wall" by Egmason is licensed under CC BY 3.0. To view a copy of this license, visit https://creativecommons.org/licenses/by/3.0/.	curl -O "https://upload.wikimedia.org/wikipedia/commons/f/fb/Wall.svg"
85b2cbff-4e3c-4544-8f4f-33a50e031d7a	Plant cell wall diagram gl	SuccDeh.svg: LadyofHats derivative work:Miguelferig	CC0	illustration	wikimedia	svg	wall	"Plant cell wall diagram gl" by SuccDeh.svg: LadyofHats derivative work:Miguelferig is marked with CC0 1.0. To view the terms, visit https://creativecommons.org/publicdomain/zero/1.0/deed.en.	curl -O "https://upload.wikimedia.org/wikipedia/commons/b/ba/Plant_cell_wall_diagram_gl.svg"
a6244fe1-57ba-4fe3-aded-1d45614f0ccf	Elymian-Punic-Walls-Route	Kned Wiki	CC0	illustration	wikimedia	svg	wall	"Elymian-Punic-Walls-Route" by Kned Wiki is marked with CC0 1.0. To view the terms, visit https://creativecommons.org/publicdomain/zero/1.0/deed.en/.	curl -O "https://upload.wikimedia.org/wikipedia/commons/2/29/Elymian-Punic-Walls-Route.svg"
95585c78-8a92-4eb1-ba2a-e35ce08771e3	Bronchial wall thickness (T) and diameter (D)	Mikael Häggström	CC0	illustration	wikimedia	svg	wall	"Bronchial wall thickness (T) and diameter (D)" by Mikael Häggström is marked with CC0 1.0. To view the terms, visit https://creativecommons.org/publicdomain/zero/1.0/deed.en/.	curl -O "https://upload.wikimedia.org/wikipedia/commons/e/ea/Bronchial_wall_thickness_%28T%29_and_diameter_%28D%29.svg"
d3956d85-5c72-40bc-a4e8-90467ce90715	Walls of Teodosio II scheme tr	Turkish translation by Hedda Gabler	CC-BY 4.0	illustration	wikimedia	svg	wall	"Walls of Teodosio II scheme tr" by Turkish translation by Hedda Gabler is licensed under CC BY 4.0. To view a copy of this license, visit https://creativecommons.org/licenses/by/4.0/.	curl -O "https://upload.wikimedia.org/wikipedia/commons/7/78/Walls_of_Teodosio_II_scheme_tr.svg"
01cb6bf0-c0c5-48cc-8f9e-a2e8b0218581	Bacteria cell wall	Franciscosp2	CC-BY 3.0	illustration	wikimedia	svg	wall	"Bacteria cell wall" by Franciscosp2 is licensed under CC BY 3.0. To view a copy of this license, visit https://creativecommons.org/licenses/by/3.0/.	curl -O "https://upload.wikimedia.org/wikipedia/commons/5/56/Bacteria_cell_wall.svg"
6c95e4fb-3ff4-4c8f-88d6-0617bdd6c83c	Red Wall states	User:Chessrat, User:MaGioZal	CC0	illustration	wikimedia	svg	wall	"Red Wall states" by User:Chessrat, User:MaGioZal is marked with CC0 1.0. To view the terms, visit https://creativecommons.org/publicdomain/zero/1.0/deed.en/.	curl -O "https://upload.wikimedia.org/wikipedia/commons/7/70/Red_Wall_states.svg"
1592c3b2-bbd5-4162-92aa-d1253fda77b2	Gravity wall	Krdan_Ielalir	CC-BY 2.5	illustration	wikimedia	svg	wall	"Gravity wall" by Krdan_Ielalir is licensed under CC BY 2.5. To view a copy of this license, visit https://creativecommons.org/licenses/by/2.5/it/deed.en/.	curl -O "https://upload.wikimedia.org/wikipedia/commons/6/63/Gravity_wall.svg"
c10017b6-9703-43b7-8c26-843d7b6c07e0	1929 wall street crash graph-fr	Tubezlob	CC0	illustration	wikimedia	svg	wall	"1929 wall street crash graph-fr" by Tubezlob is marked with CC0 1.0. To view the terms, visit https://creativecommons.org/publicdomain/zero/1.0/deed.en/.	curl -O "https://upload.wikimedia.org/wikipedia/commons/e/e7/1929_wall_street_crash_graph-fr.svg"
68b735a2-7a17-4a0d-87ed-048834cf1a91	Iliopectineal line, ilioischial line, tear drop, acetabular fossa, and anterior and posterior wall of the acetabulumi	Source image from article by following authors: Ruiz Santiago, Fernando; Santiago Chinchilla, Alicia; Ansari, Afshin; Guzmán Álvarez, Luis; Castellano García, Maria del Mar; Martínez Martínez, Alberto; Tercedor Sánchez, Juan Annotations by Mikael Häggström, M.D. Author info - Reusing images- Conflicts of interest: NoneMikael Häggström, M.D.	CC-BY 4.0	illustration	wikimedia	svg	wall	"Iliopectineal line, ilioischial line, tear drop, acetabular fossa, and anterior and posterior wall of the acetabulumi" by Source image from article by following authors: Ruiz Santiago, Fernando; Santiago Chinchilla, Alicia; Ansari, Afshin; Guzmán Álvarez, Luis; Castellano García, Maria del Mar; Martínez Martínez, Alberto; Tercedor Sánchez, Juan Annotations by Mikael Häggström, M.D. Author info - Reusing images- Conflicts of interest: NoneMikael Häggström, M.D. is licensed under CC BY 4.0. To view a copy of this license, visit https://creativecommons.org/licenses/by/4.0/.	curl -O "https://upload.wikimedia.org/wikipedia/commons/4/41/Iliopectineal_line%2C_ilioischial_line%2C_tear_drop%2C_acetabular_fossa%2C_and_anterior_and_posterior_wall_of_the_acetabulumi.svg"
b5640d88-cee6-4b46-8dba-e9c341c99d4f	Tornado Formation of it's wall cloud from a Mesocyclone	CCChrisy	CC0	illustration	wikimedia	svg	wall	"Tornado Formation of it's wall cloud from a Mesocyclone" by CCChrisy is marked with CC0 1.0. To view the terms, visit https://creativecommons.org/publicdomain/zero/1.0/deed.en/.	curl -O "https://upload.wikimedia.org/wikipedia/commons/0/0c/Tornado_Formation_of_it%27s_wall_cloud_from_a_Mesocyclone.svg"
620622f3-1609-4a4a-ba7e-0d14de551326	Brick wall png sticker, transparent	?	CC0	illustration	rawpixel	png	wall	"Brick wall png sticker, transparent" is marked with CC0 1.0. To view the terms, visit https://creativecommons.org/publicdomain/zero/1.0/.	curl -O "https://images.rawpixel.com/image_png_1300/cHJpdmF0ZS9sci9pbWFnZXMvd2Vic2l0ZS8yMDIyLTA2L2pvYjk0OC0yMzQtcF8xLnBuZw.png"
dde58316-85af-465a-b0a4-4d75676d6799	Brick wall clipart, illustration vector	?	CC0	illustration	rawpixel	eps	wall	"Brick wall clipart, illustration vector" is marked with CC0 1.0. To view the terms, visit https://creativecommons.org/publicdomain/zero/1.0/.	curl -O "https://images.rawpixel.com/editor_1024/cHJpdmF0ZS9sci9pbWFnZXMvd2Vic2l0ZS8yMDIyLTA1L2pvYjcyNS0xMTUtdi5qcGc.jpg"
b6fcc5e2-19bd-475e-bd7c-2caacd7fb375	wall	?	CC0	illustration	svgsilh	?	wall	"wall" is marked with CC0 1.0. To view the terms, visit https://creativecommons.org/publicdomain/zero/1.0/.	curl -O "https://svgsilh.com/png/147533-e91e63.png"
8f597873-4b58-4ece-a92c-f154f9f721b1	Brick wall illustration	?	CC0	illustration	rawpixel	jpg	wall	"Brick wall illustration" is marked with CC0 1.0. To view the terms, visit https://creativecommons.org/publicdomain/zero/1.0/.	curl -O "https://images.rawpixel.com/editor_1024/cHJpdmF0ZS9sci9pbWFnZXMvd2Vic2l0ZS8yMDIyLTA1L2pvYjcyNS0xMTUteC5qcGc.jpg"
68408076-80d6-4203-89f4-d994b1c3c3c8	wall	?	CC0	illustration	svgsilh	?	wall	"wall" is marked with CC0 1.0. To view the terms, visit https://creativecommons.org/publicdomain/zero/1.0/.	curl -O "https://svgsilh.com/png/157484-e91e63.png"
80cd011f-7280-47d7-9ce1-a19a381484f2	Red brick wall illustration	?	CC0	illustration	rawpixel	jpg	wall	"Red brick wall illustration" is marked with CC0 1.0. To view the terms, visit https://creativecommons.org/publicdomain/zero/1.0/.	curl -O "https://images.rawpixel.com/editor_1024/cHJpdmF0ZS9sci9pbWFnZXMvd2Vic2l0ZS8yMDIyLTA0L2pvYjY4Mi0xMDkteC5qcGc.jpg"
bdafbcb2-76d6-4e09-96c0-a5c22511f85e	Brick wall clipart, illustration vector	?	CC0	illustration	rawpixel	eps	wall	"Brick wall clipart, illustration vector" is marked with CC0 1.0. To view the terms, visit https://creativecommons.org/publicdomain/zero/1.0/.	curl -O "https://images.rawpixel.com/editor_1024/cHJpdmF0ZS9sci9pbWFnZXMvd2Vic2l0ZS8yMDIyLTA2L2pvYjk0OC0yMzQtdi1sNDdyOWo3ci5qcGc.jpg"
16b6621b-f15a-4a80-b061-dd8a41cdb86b	Brick wall sticker, red illustration	?	CC0	illustration	rawpixel	eps	wall	"Brick wall sticker, red illustration" is marked with CC0 1.0. To view the terms, visit https://creativecommons.org/publicdomain/zero/1.0/.	curl -O "https://images.rawpixel.com/editor_1024/cHJpdmF0ZS9sci9pbWFnZXMvd2Vic2l0ZS8yMDIyLTA0L2pvYjY4Mi0xMDktbDF1OGN6NDQuanBn.jpg"
b27e30dc-096b-48dd-ae06-d200c6b56d2b	Brick wall clipart, illustration	?	CC0	illustration	rawpixel	jpg	wall	"Brick wall clipart, illustration" is marked with CC0 1.0. To view the terms, visit https://creativecommons.org/publicdomain/zero/1.0/.	curl -O "https://images.rawpixel.com/editor_1024/cHJpdmF0ZS9sci9pbWFnZXMvd2Vic2l0ZS8yMDIyLTA2L2pvYjk0OC0yMzQteF8xLmpwZw.jpg"
9d6593c8-1fb8-429c-b3d2-92c691df0df1	Wall lamp clipart, illustration	?	CC0	illustration	rawpixel	jpg	wall	"Wall lamp clipart, illustration" is marked with CC0 1.0. To view the terms, visit https://creativecommons.org/publicdomain/zero/1.0/.	curl -O "https://images.rawpixel.com/editor_1024/cHJpdmF0ZS9sci9pbWFnZXMvd2Vic2l0ZS8yMDIyLTA4L2pvYjk1MS0xMDYteF8xLmpwZw.jpg"
d140f15c-537a-4ad3-b837-aeda14d0fd18	Wall clock collage element vector	?	CC0	illustration	rawpixel	eps	wall	"Wall clock collage element vector" is marked with CC0 1.0. To view the terms, visit https://creativecommons.org/publicdomain/zero/1.0/.	curl -O "https://images.rawpixel.com/editor_1024/cHJpdmF0ZS9sci9pbWFnZXMvd2Vic2l0ZS8yMDIzLTAxL2pvYjk2OC1lbGVtZW50LTAyNy12LmpwZw.jpg"
100633ec-1e71-4840-95ea-c870d0ccac5c	Man painting wall collage element	?	CC0	illustration	rawpixel	eps	wall	"Man painting wall collage element" is marked with CC0 1.0. To view the terms, visit https://creativecommons.org/publicdomain/zero/1.0/.	curl -O "https://images.rawpixel.com/editor_1024/cHJpdmF0ZS9sci9pbWFnZXMvd2Vic2l0ZS8yMDIyLTA1L2pvYjcyNC0xODktdi5qcGc.jpg"
6dca047b-c037-4d91-9952-42ee1d999068	Wall clock collage element, drawing	?	CC0	illustration	rawpixel	eps	wall	"Wall clock collage element, drawing" is marked with CC0 1.0. To view the terms, visit https://creativecommons.org/publicdomain/zero/1.0/.	curl -O "https://images.rawpixel.com/editor_1024/cHJpdmF0ZS9sci9pbWFnZXMvd2Vic2l0ZS8yMDIyLTA1L2pvYjcxOS0xNjEtdl8yLmpwZw.jpg"
47fbcd79-8aaf-4bac-8417-da0fbe90bbfc	Wall clock png clipart, transparent	?	CC0	illustration	rawpixel	png	wall	"Wall clock png clipart, transparent" is marked with CC0 1.0. To view the terms, visit https://creativecommons.org/publicdomain/zero/1.0/.	curl -O "https://images.rawpixel.com/image_png_1300/cHJpdmF0ZS9sci9pbWFnZXMvd2Vic2l0ZS8yMDIzLTA0L2pvYjk2NC0wNjYtcC5wbmc.png"
7498059f-ca34-4eec-8607-06f6c9e87306	Walls of Thessaloniki map overlay	Trashpanda	CC0	illustration	wikimedia	svg	wall	"Walls of Thessaloniki map overlay" by Trashpanda is marked with CC0 1.0. To view the terms, visit https://creativecommons.org/publicdomain/zero/1.0/deed.en/.	curl -O "https://upload.wikimedia.org/wikipedia/commons/5/58/Walls_of_Thessaloniki_map_overlay.svg"
89718f4f-d55b-4933-a1e2-f52d7d5f5ac6	Wall lamp clipart, illustration vector	?	CC0	illustration	rawpixel	eps	wall	"Wall lamp clipart, illustration vector" is marked with CC0 1.0. To view the terms, visit https://creativecommons.org/publicdomain/zero/1.0/.	curl -O "https://images.rawpixel.com/editor_1024/cHJpdmF0ZS9sci9pbWFnZXMvd2Vic2l0ZS8yMDIyLTA4L2pvYjk1MS0xMDZfMS5qcGc.jpg"
6dab1d34-c3ad-4609-bec9-ee0fa85204bc	Spiked-wall - Delapouite - white - game-icons	Delapouite	CC-BY 3.0	illustration	wikimedia	svg	wall	"Spiked-wall - Delapouite - white - game-icons" by Delapouite is licensed under CC BY 3.0. To view a copy of this license, visit https://creativecommons.org/licenses/by/3.0/.	curl -O "https://upload.wikimedia.org/wikipedia/commons/6/68/Spiked-wall_-_Delapouite_-_white_-_game-icons.svg"
cbe79f67-5247-4783-b4b4-fc56248c40d3	Humpty Dumpty sitting wall vintage	?	CC0	illustration	rawpixel	jpg	wall	"Humpty Dumpty sitting wall vintage" is marked with CC0 1.0. To view the terms, visit https://creativecommons.org/publicdomain/zero/1.0/.	curl -O "https://images.rawpixel.com/editor_1024/cHJpdmF0ZS9sci9pbWFnZXMvd2Vic2l0ZS8yMDIyLTA1L2pvYjcxNS0xNzcteC5qcGc.jpg"
36dc93e2-1a4e-4ffc-a6c5-24064e4a7ab3	Wall clock, vintage drawing illustration	?	CC0	illustration	rawpixel	jpg	wall	"Wall clock, vintage drawing illustration" is marked with CC0 1.0. To view the terms, visit https://creativecommons.org/publicdomain/zero/1.0/.	curl -O "https://images.rawpixel.com/editor_1024/cHJpdmF0ZS9sci9pbWFnZXMvd2Vic2l0ZS8yMDIyLTA1L2pvYjcxOS0xNjEteF8xLmpwZw.jpg"
d215dc33-bb76-4a76-88dc-cd0db4d6003f	Wall clock illustration	?	CC0	illustration	rawpixel	jpg	wall	"Wall clock illustration" is marked with CC0 1.0. To view the terms, visit https://creativecommons.org/publicdomain/zero/1.0/.	curl -O "https://images.rawpixel.com/editor_1024/cHJpdmF0ZS9sci9pbWFnZXMvd2Vic2l0ZS8yMDIzLTAxL2pvYjk2OC1lbGVtZW50LTAyNy14LmpwZw.jpg"
5fdea6bf-42b3-4723-9fd9-9ae8c6da2938	Brick-wall - Delapouite - game-icons	Delapouite	CC-BY 3.0	illustration	wikimedia	svg	wall	"Brick-wall - Delapouite - game-icons" by Delapouite is licensed under CC BY 3.0. To view a copy of this license, visit https://creativecommons.org/licenses/by/3.0/.	curl -O "https://upload.wikimedia.org/wikipedia/commons/e/ed/Brick-wall_-_Delapouite_-_game-icons.svg"
53637171-6c62-44d2-9e3f-375285c1d95a	Burro on bathroom wall by LA David	Stefan from San Antonio, USA	CC-BY 2.0	illustration	wikimedia	svg	wall	"Burro on bathroom wall by LA David" by Stefan from San Antonio, USA is licensed under CC BY 2.0. To view a copy of this license, visit https://creativecommons.org/licenses/by/2.0/.	curl -O "https://upload.wikimedia.org/wikipedia/commons/a/ad/Burro_on_bathroom_wall_by_LA_David.svg"
5e9df413-6045-460e-91e5-b22161de8f9e	Percentage of households with wooden outer walls (Antigua)	CROIX	CC0	illustration	wikimedia	svg	wall	"Percentage of households with wooden outer walls (Antigua)" by CROIX is marked with CC0 1.0. To view the terms, visit https://creativecommons.org/publicdomain/zero/1.0/deed.en/.	curl -O "https://upload.wikimedia.org/wikipedia/commons/2/26/Percentage_of_households_with_wooden_outer_walls_%28Antigua%29.svg"
84d5324e-777e-40b8-9037-5b005a45fba5	Walling Ward	DrewPwein	CC0	illustration	wikimedia	svg	wall	"Walling Ward" by DrewPwein is marked with CC0 1.0. To view the terms, visit https://creativecommons.org/publicdomain/zero/1.0/deed.en/.	curl -O "https://upload.wikimedia.org/wikipedia/commons/c/c0/Walling_Ward.svg"
e15ba50d-abb3-456c-8731-7290a65ac60f	Brick-wall - Delapouite - white - game-icons	Delapouite	CC-BY 3.0	illustration	wikimedia	svg	wall	"Brick-wall - Delapouite - white - game-icons" by Delapouite is licensed under CC BY 3.0. To view a copy of this license, visit https://creativecommons.org/licenses/by/3.0/.	curl -O "https://upload.wikimedia.org/wikipedia/commons/5/5f/Brick-wall_-_Delapouite_-_white_-_game-icons.svg"
89d526cd-ef7d-4d41-9fb4-c2d4d934c54e	Broken-wall - Delapouite - game-icons	Delapouite	CC-BY 3.0	illustration	wikimedia	svg	wall	"Broken-wall - Delapouite - game-icons" by Delapouite is licensed under CC BY 3.0. To view a copy of this license, visit https://creativecommons.org/licenses/by/3.0/.	curl -O "https://upload.wikimedia.org/wikipedia/commons/f/fc/Broken-wall_-_Delapouite_-_game-icons.svg"
a8928edb-83f6-4198-a582-612acde04e3a	Wall clock png sticker, transparent	?	CC0	illustration	rawpixel	png	wall	"Wall clock png sticker, transparent" is marked with CC0 1.0. To view the terms, visit https://creativecommons.org/publicdomain/zero/1.0/.	curl -O "https://images.rawpixel.com/image_png_1300/cHJpdmF0ZS9sci9pbWFnZXMvd2Vic2l0ZS8yMDIzLTAxL2pvYjk2OC1lbGVtZW50LTAyNy1wLnBuZw.png"
531e5141-e8ef-4e99-b80c-6e5ab161ec98	Wall clock clipart vector	?	CC0	illustration	rawpixel	eps	wall	"Wall clock clipart vector" is marked with CC0 1.0. To view the terms, visit https://creativecommons.org/publicdomain/zero/1.0/.	curl -O "https://images.rawpixel.com/editor_1024/cHJpdmF0ZS9sci9pbWFnZXMvd2Vic2l0ZS8yMDIzLTA0L2pvYjk2OS0xMjAtbGc0eHZ6aWouanBn.jpg"
858fb32e-284c-44da-b6e3-b029b65307c8	Wall clock png illustration, transparent	?	CC0	illustration	rawpixel	png	wall	"Wall clock png illustration, transparent" is marked with CC0 1.0. To view the terms, visit https://creativecommons.org/publicdomain/zero/1.0/.	curl -O "https://images.rawpixel.com/image_png_1300/cHJpdmF0ZS9sci9pbWFnZXMvd2Vic2l0ZS8yMDIzLTA0L2pvYjk2OS0xMTgtcF8zLnBuZw.png"
61856736-e168-4dc7-9504-d9f0f21f6111	Wall hanging with mountains and sun Pinhead icon	Maki contributors	CC0	illustration	wikimedia	svg	wall	"Wall hanging with mountains and sun Pinhead icon" by Maki contributors is marked with CC0 1.0. To view the terms, visit https://creativecommons.org/publicdomain/zero/1.0/deed.en/.	curl -O "https://upload.wikimedia.org/wikipedia/commons/7/7a/Wall_hanging_with_mountains_and_sun_Pinhead_icon.svg"
2160e542-9d57-43bf-af57-80200722f577	Broken-wall - Delapouite - white - game-icons	Delapouite	CC-BY 3.0	illustration	wikimedia	svg	wall	"Broken-wall - Delapouite - white - game-icons" by Delapouite is licensed under CC BY 3.0. To view a copy of this license, visit https://creativecommons.org/licenses/by/3.0/.	curl -O "https://upload.wikimedia.org/wikipedia/commons/e/e5/Broken-wall_-_Delapouite_-_white_-_game-icons.svg"
827ad102-f231-4423-b1c9-b03f8e76fa3a	Uterine wall layers de	Bahnsen	CC0	illustration	wikimedia	svg	wall	"Uterine wall layers de" by Bahnsen is marked with CC0 1.0. To view the terms, visit https://creativecommons.org/publicdomain/zero/1.0/deed.en/.	curl -O "https://upload.wikimedia.org/wikipedia/commons/a/a8/Uterine_wall_layers_de.svg"
16ed6988-7c5b-4dad-80c7-f316e6b6c63b	Stone-wall - Delapouite - white - game-icons	Delapouite	CC-BY 3.0	illustration	wikimedia	svg	wall	"Stone-wall - Delapouite - white - game-icons" by Delapouite is licensed under CC BY 3.0. To view a copy of this license, visit https://creativecommons.org/licenses/by/3.0/.	curl -O "https://upload.wikimedia.org/wikipedia/commons/a/a8/Stone-wall_-_Delapouite_-_white_-_game-icons.svg"
5cd10738-68b7-46d8-9ba6-42509b672697	Humpty Dumpty sitting wall drawing	?	CC0	illustration	rawpixel	eps	wall	"Humpty Dumpty sitting wall drawing" is marked with CC0 1.0. To view the terms, visit https://creativecommons.org/publicdomain/zero/1.0/.	curl -O "https://images.rawpixel.com/editor_1024/cHJpdmF0ZS9sci9pbWFnZXMvd2Vic2l0ZS8yMDIyLTA1L2pvYjcxNS0xNzctdi5qcGc.jpg"
18ad6628-3360-43e4-ac2b-66da799063a4	Medieval walled town drawing, vintage	?	CC0	illustration	rawpixel	jpg	wall	"Medieval walled town drawing, vintage" is marked with CC0 1.0. To view the terms, visit https://creativecommons.org/publicdomain/zero/1.0/.	curl -O "https://images.rawpixel.com/editor_1024/czNmcy1wcml2YXRlL3Jhd3BpeGVsX2ltYWdlcy93ZWJzaXRlX2NvbnRlbnQvam9iNjcwLTAxODcteC5qcGc.jpg"
fa42a063-8169-435b-9e93-ed7d8a2877bd	Old Québec Snow-covered wall sign	Davidbt2000	CC0	illustration	wikimedia	svg	wall	"Old Québec Snow-covered wall sign" by Davidbt2000 is marked with CC0 1.0. To view the terms, visit https://creativecommons.org/publicdomain/zero/1.0/deed.en/.	curl -O "https://upload.wikimedia.org/wikipedia/commons/b/b4/Old_Qu%C3%A9bec_Snow-covered_wall_sign.svg"
7fd9ad3f-4a6c-4a44-b662-8da16bbde1bf	Spiked-wall - Delapouite - game-icons	Delapouite	CC-BY 3.0	illustration	wikimedia	svg	wall	"Spiked-wall - Delapouite - game-icons" by Delapouite is licensed under CC BY 3.0. To view a copy of this license, visit https://creativecommons.org/licenses/by/3.0/.	curl -O "https://upload.wikimedia.org/wikipedia/commons/3/3d/Spiked-wall_-_Delapouite_-_game-icons.svg"
da8bb982-4caf-49c9-8178-03d731a9f081	Wall-light - Delapouite - game-icons	Delapouite	CC-BY 3.0	illustration	wikimedia	svg	wall	"Wall-light - Delapouite - game-icons" by Delapouite is licensed under CC BY 3.0. To view a copy of this license, visit https://creativecommons.org/licenses/by/3.0/.	curl -O "https://upload.wikimedia.org/wikipedia/commons/f/f1/Wall-light_-_Delapouite_-_game-icons.svg"
61150535-5b6b-4e87-bb63-da1618516dbd	Aquarium tank with straight walls	Olivier Cleynen	CC0	illustration	wikimedia	svg	wall	"Aquarium tank with straight walls" by Olivier Cleynen is marked with CC0 1.0. To view the terms, visit https://creativecommons.org/publicdomain/zero/1.0/deed.en.	curl -O "https://upload.wikimedia.org/wikipedia/commons/2/20/Aquarium_tank_with_straight_walls.svg"
ddf140e4-ef88-4dbb-96d5-1a1671f56f2d	Duct Exterior Wall Support Detail	IanVG	CC0	illustration	wikimedia	svg	wall	"Duct Exterior Wall Support Detail" by IanVG is marked with CC0 1.0. To view the terms, visit https://creativecommons.org/publicdomain/zero/1.0/deed.en/.	curl -O "https://upload.wikimedia.org/wikipedia/commons/0/05/Duct_Exterior_Wall_Support_Detail.svg"
0c612964-7ca3-4d94-837f-1c053b5248e3	Aquarium tank with inclined walls	Olivier Cleynen	CC0	illustration	wikimedia	svg	wall	"Aquarium tank with inclined walls" by Olivier Cleynen is marked with CC0 1.0. To view the terms, visit https://creativecommons.org/publicdomain/zero/1.0/deed.en.	curl -O "https://upload.wikimedia.org/wikipedia/commons/b/bc/Aquarium_tank_with_inclined_walls.svg"
e6e2d358-8b8f-40ec-9c83-c59bed52e3c1	Guarded Border Wall	EssensStrassen	CC0	illustration	wikimedia	svg	wall	"Guarded Border Wall" by EssensStrassen is marked with CC0 1.0. To view the terms, visit https://creativecommons.org/publicdomain/zero/1.0/deed.en/.	curl -O "https://upload.wikimedia.org/wikipedia/commons/f/f6/Guarded_Border_Wall.svg"
577e8811-f858-483e-a5e1-4d7153329aa8	Stone-wall - Delapouite - game-icons	Delapouite	CC-BY 3.0	illustration	wikimedia	svg	wall	"Stone-wall - Delapouite - game-icons" by Delapouite is licensed under CC BY 3.0. To view a copy of this license, visit https://creativecommons.org/licenses/by/3.0/.	curl -O "https://upload.wikimedia.org/wikipedia/commons/8/8c/Stone-wall_-_Delapouite_-_game-icons.svg"
f866c569-9a5b-4222-99d0-640c1f6f5b71	House Classification By Form - Statistical analysis by external wall ratio	Arbeck	CC0	illustration	wikimedia	svg	wall	"House Classification By Form - Statistical analysis by external wall ratio" by Arbeck is marked with CC0 1.0. To view the terms, visit https://creativecommons.org/publicdomain/zero/1.0/deed.en.	curl -O "https://upload.wikimedia.org/wikipedia/commons/0/04/House_Classification_By_Form_-_Statistical_analysis_by_external_wall_ratio.svg"
00ef9aa3-3390-42a4-b554-57e8cf02a146	Wall tent Pinhead icon	Quincy Morgan	CC0	illustration	wikimedia	svg	wall	"Wall tent Pinhead icon" by Quincy Morgan is marked with CC0 1.0. To view the terms, visit https://creativecommons.org/publicdomain/zero/1.0/deed.en/.	curl -O "https://upload.wikimedia.org/wikipedia/commons/a/a7/Wall_tent_Pinhead_icon.svg"
c809e28f-e9fe-437a-866c-14d497ce86c2	Wall-light - Delapouite - white - game-icons	Delapouite	CC-BY 3.0	illustration	wikimedia	svg	wall	"Wall-light - Delapouite - white - game-icons" by Delapouite is licensed under CC BY 3.0. To view a copy of this license, visit https://creativecommons.org/licenses/by/3.0/.	curl -O "https://upload.wikimedia.org/wikipedia/commons/f/f6/Wall-light_-_Delapouite_-_white_-_game-icons.svg"
e20e3759-71ae-49b4-9fd9-dd3606bd5d9f	Wall clock clip art vector	?	CC0	illustration	rawpixel	eps	wall	"Wall clock clip art vector" is marked with CC0 1.0. To view the terms, visit https://creativecommons.org/publicdomain/zero/1.0/.	curl -O "https://images.rawpixel.com/editor_1024/cHJpdmF0ZS9sci9pbWFnZXMvd2Vic2l0ZS8yMDIzLTA0L2pvYjk2NC0wNjYtdi5qcGc.jpg"
8e4c91e6-8c6b-42bb-a821-8fbcdcf77769	Van der Wall wapen	Arch	CC0	illustration	wikimedia	svg	wall	"Van der Wall wapen" by Arch is marked with CC0 1.0. To view the terms, visit https://creativecommons.org/publicdomain/zero/1.0/deed.en/.	curl -O "https://upload.wikimedia.org/wikipedia/commons/9/9c/Van_der_Wall_wapen.svg"
84d6e824-d38f-478c-af39-c3a1861a8ce8	Brandenburg-Gate wordmark	Outstandy	CC0	illustration	wikimedia	svg	gate	"Brandenburg-Gate wordmark" by Outstandy is marked with CC0 1.0. To view the terms, visit https://creativecommons.org/publicdomain/zero/1.0/deed.en/.	curl -O "https://upload.wikimedia.org/wikipedia/commons/f/f2/Brandenburg-Gate_wordmark.svg"
4e883515-4c70-4f6c-8379-c3fad8140043	Brandenburg-Gate mark	Outstandy	CC0	illustration	wikimedia	svg	gate	"Brandenburg-Gate mark" by Outstandy is marked with CC0 1.0. To view the terms, visit https://creativecommons.org/publicdomain/zero/1.0/deed.en/.	curl -O "https://upload.wikimedia.org/wikipedia/commons/d/d5/Brandenburg-Gate_mark.svg"
e8694810-aa5f-4a37-908b-6b3672060d45	Gate control no A	self	CC-BY 3.0	illustration	wikimedia	svg	gate	"Gate control no A" by self is licensed under CC BY 3.0. To view a copy of this license, visit https://creativecommons.org/licenses/by/3.0/.	curl -O "https://upload.wikimedia.org/wikipedia/commons/1/18/Gate_control_no_A.svg"
023c7d4e-26fd-405f-bc0d-f47011d77060	Monroe County New York incorporated and unincorporated areas Gates highlighted	Rcsprinter123	CC-BY 3.0	illustration	wikimedia	svg	gate	"Monroe County New York incorporated and unincorporated areas Gates highlighted" by Rcsprinter123 is licensed under CC BY 3.0. To view a copy of this license, visit https://creativecommons.org/licenses/by/3.0/.	curl -O "https://upload.wikimedia.org/wikipedia/commons/d/d3/Monroe_County_New_York_incorporated_and_unincorporated_areas_Gates_highlighted.svg"
44588701-6316-4e86-b0fd-661dc2e36d9b	Beaver County Oklahoma incorporated and unincorporated areas Gate highlighted	Rcsprinter123	CC-BY 3.0	illustration	wikimedia	svg	gate	"Beaver County Oklahoma incorporated and unincorporated areas Gate highlighted" by Rcsprinter123 is licensed under CC BY 3.0. To view a copy of this license, visit https://creativecommons.org/licenses/by/3.0/.	curl -O "https://upload.wikimedia.org/wikipedia/commons/b/b8/Beaver_County_Oklahoma_incorporated_and_unincorporated_areas_Gate_highlighted.svg"
72483794-0bf3-4a89-a29b-39568a07936b	Lauderdale County Tennessee incorporated and unincorporated areas Gates highlighted	Rcsprinter123	CC-BY 3.0	illustration	wikimedia	svg	gate	"Lauderdale County Tennessee incorporated and unincorporated areas Gates highlighted" by Rcsprinter123 is licensed under CC BY 3.0. To view a copy of this license, visit https://creativecommons.org/licenses/by/3.0/.	curl -O "https://upload.wikimedia.org/wikipedia/commons/3/30/Lauderdale_County_Tennessee_incorporated_and_unincorporated_areas_Gates_highlighted.svg"
63c46686-1e00-4ab5-be9a-129221af65fa	Orange County New York incorporated and unincorporated areas Vails Gate highlighted	Rcsprinter123	CC-BY 3.0	illustration	wikimedia	svg	gate	"Orange County New York incorporated and unincorporated areas Vails Gate highlighted" by Rcsprinter123 is licensed under CC BY 3.0. To view a copy of this license, visit https://creativecommons.org/licenses/by/3.0/.	curl -O "https://upload.wikimedia.org/wikipedia/commons/c/cd/Orange_County_New_York_incorporated_and_unincorporated_areas_Vails_Gate_highlighted.svg"
cc849629-b97d-4dcb-877b-79f6ecf666be	Optical-NOT-gate-int	Д.Ильин: vectorization, description	CC0	illustration	wikimedia	svg	gate	"Optical-NOT-gate-int" by Д.Ильин: vectorization, description is marked with CC0 1.0. To view the terms, visit https://creativecommons.org/publicdomain/zero/1.0/deed.en/.	curl -O "https://upload.wikimedia.org/wikipedia/commons/3/31/Optical-NOT-gate-int.svg"
c2c16755-c777-4036-b169-2ae46577e1ab	York County Pennsylvania incorporated and unincorporated areas Queens Gate highlighted	Rcsprinter123	CC-BY 3.0	illustration	wikimedia	svg	gate	"York County Pennsylvania incorporated and unincorporated areas Queens Gate highlighted" by Rcsprinter123 is licensed under CC BY 3.0. To view a copy of this license, visit https://creativecommons.org/licenses/by/3.0/.	curl -O "https://upload.wikimedia.org/wikipedia/commons/c/c8/York_County_Pennsylvania_incorporated_and_unincorporated_areas_Queens_Gate_highlighted.svg"
8098ec0d-d1b5-4af0-9c93-9f88f62de4d1	12-input OR gate via NOR and NAND gates	Trex4321	CC0	illustration	wikimedia	svg	gate	"12-input OR gate via NOR and NAND gates" by Trex4321 is marked with CC0 1.0. To view the terms, visit https://creativecommons.org/publicdomain/zero/1.0/deed.en/.	curl -O "https://upload.wikimedia.org/wikipedia/commons/0/02/12-input_OR_gate_via_NOR_and_NAND_gates.svg"
a60610de-3c26-4781-be89-86f16fe76644	Gate Pā Māori Flag	Germenfer	CC0	illustration	wikimedia	svg	gate	"Gate Pā Māori Flag" by Germenfer is marked with CC0 1.0. To view the terms, visit https://creativecommons.org/publicdomain/zero/1.0/deed.en.	curl -O "https://upload.wikimedia.org/wikipedia/commons/8/86/Gate_P%C4%81_M%C4%81ori_Flag.svg"
1ca76206-51d3-4d7a-b61f-2dc84583d2e9	AND gate diode	Roshan220195 at English Wikipedia	CC0	illustration	wikimedia	svg	gate	"AND gate diode" by Roshan220195 at English Wikipedia is marked with CC0 1.0. To view the terms, visit https://creativecommons.org/publicdomain/zero/1.0/deed.en/.	curl -O "https://upload.wikimedia.org/wikipedia/commons/a/ae/AND_gate_diode.svg"
bdee517b-845d-4380-bd9d-5ed3aca17252	AOI21 complex vs standard gates	Trex4321	CC0	illustration	wikimedia	svg	gate	"AOI21 complex vs standard gates" by Trex4321 is marked with CC0 1.0. To view the terms, visit https://creativecommons.org/publicdomain/zero/1.0/deed.en/.	curl -O "https://upload.wikimedia.org/wikipedia/commons/5/52/AOI21_complex_vs_standard_gates.svg"
b5ed12a3-f9a7-49d1-86d7-b8109e8724fd	12-input AND gate from NAND and NOR	Trex4321	CC0	illustration	wikimedia	svg	gate	"12-input AND gate from NAND and NOR" by Trex4321 is marked with CC0 1.0. To view the terms, visit https://creativecommons.org/publicdomain/zero/1.0/deed.en/.	curl -O "https://upload.wikimedia.org/wikipedia/commons/b/b8/12-input_AND_gate_from_NAND_and_NOR.svg"
ed163564-1859-4122-b2d4-2e3409a80a2e	Full Adder using NOR gates	Trex4321	CC0	illustration	wikimedia	svg	gate	"Full Adder using NOR gates" by Trex4321 is marked with CC0 1.0. To view the terms, visit https://creativecommons.org/publicdomain/zero/1.0/deed.en/.	curl -O "https://upload.wikimedia.org/wikipedia/commons/a/ad/Full_Adder_using_NOR_gates.svg"
61d00b81-497d-4c1c-9fad-eea67cb23a60	J-VIS gate E	Brionies	CC-BY 3.0	illustration	wikimedia	svg	gate	"J-VIS gate E" by Brionies is licensed under CC BY 3.0. To view a copy of this license, visit https://creativecommons.org/licenses/by/3.0/.	curl -O "https://upload.wikimedia.org/wikipedia/commons/4/46/J-VIS_gate_E.svg"
a7320810-4e33-42e0-9ad4-511e877e9522	Full Adder using NAND gates	Trex4321	CC0	illustration	wikimedia	svg	gate	"Full Adder using NAND gates" by Trex4321 is marked with CC0 1.0. To view the terms, visit https://creativecommons.org/publicdomain/zero/1.0/deed.en/.	curl -O "https://upload.wikimedia.org/wikipedia/commons/6/69/Full_Adder_using_NAND_gates.svg"
f242ae91-fd40-415f-bfd4-9af3fcfd7c08	12 input AND gate via cascade of AND gates	Trex4321	CC0	illustration	wikimedia	svg	gate	"12 input AND gate via cascade of AND gates" by Trex4321 is marked with CC0 1.0. To view the terms, visit https://creativecommons.org/publicdomain/zero/1.0/deed.en/.	curl -O "https://upload.wikimedia.org/wikipedia/commons/3/37/12_input_AND_gate_via_cascade_of_AND_gates.svg"
8d72e16a-7fb5-44a0-911e-835b0d311a22	XOR gate based on 2-2 AOI gate	Trex4321	CC0	illustration	wikimedia	svg	gate	"XOR gate based on 2-2 AOI gate" by Trex4321 is marked with CC0 1.0. To view the terms, visit https://creativecommons.org/publicdomain/zero/1.0/deed.en/.	curl -O "https://upload.wikimedia.org/wikipedia/commons/d/d0/XOR_gate_based_on_2-2_AOI_gate.svg"
fbadca65-cc2a-4647-97b2-c5ebad5a35e8	XNOR AOI inverted inputs gates	Trex4321	CC0	illustration	wikimedia	svg	gate	"XNOR AOI inverted inputs gates" by Trex4321 is marked with CC0 1.0. To view the terms, visit https://creativecommons.org/publicdomain/zero/1.0/deed.en/.	curl -O "https://upload.wikimedia.org/wikipedia/commons/9/9b/XNOR_AOI_inverted_inputs_gates.svg"
97192598-d123-4a6c-bd9a-847989c488ae	Logic-gate-TS	Д.Ильин	CC0	illustration	wikimedia	svg	gate	"Logic-gate-TS" by Д.Ильин is marked with CC0 1.0. To view the terms, visit https://creativecommons.org/publicdomain/zero/1.0/deed.en/.	curl -O "https://upload.wikimedia.org/wikipedia/commons/9/9f/Logic-gate-TS.svg"
17430d7a-2270-4323-9111-0866273a295a	12-input OR gate via cascade of OR gates	Trex4321	CC0	illustration	wikimedia	svg	gate	"12-input OR gate via cascade of OR gates" by Trex4321 is marked with CC0 1.0. To view the terms, visit https://creativecommons.org/publicdomain/zero/1.0/deed.en/.	curl -O "https://upload.wikimedia.org/wikipedia/commons/9/9c/12-input_OR_gate_via_cascade_of_OR_gates.svg"
e944f6c9-eec7-4bc2-97c4-69a18b811abf	XOR AOI logic gates	Trex4321	CC0	illustration	wikimedia	svg	gate	"XOR AOI logic gates" by Trex4321 is marked with CC0 1.0. To view the terms, visit https://creativecommons.org/publicdomain/zero/1.0/deed.en/.	curl -O "https://upload.wikimedia.org/wikipedia/commons/d/db/XOR_AOI_logic_gates.svg"
5be8b6f0-9f8d-4bb1-b64c-1a27224caf1b	AOAI gate with colorboxes	Trex4321	CC0	illustration	wikimedia	svg	gate	"AOAI gate with colorboxes" by Trex4321 is marked with CC0 1.0. To view the terms, visit https://creativecommons.org/publicdomain/zero/1.0/deed.en/.	curl -O "https://upload.wikimedia.org/wikipedia/commons/6/6b/AOAI_gate_with_colorboxes.svg"
b10d612b-2e4c-44a3-a81d-a60843c94820	XNOR OAI gates	Trex4321	CC0	illustration	wikimedia	svg	gate	"XNOR OAI gates" by Trex4321 is marked with CC0 1.0. To view the terms, visit https://creativecommons.org/publicdomain/zero/1.0/deed.en/.	curl -O "https://upload.wikimedia.org/wikipedia/commons/8/83/XNOR_OAI_gates.svg"
919985bd-0b4d-4571-a558-af4c556468bd	Dual Gate N Channel IGFET	Aflafla1	CC0	illustration	wikimedia	svg	gate	"Dual Gate N Channel IGFET" by Aflafla1 is marked with CC0 1.0. To view the terms, visit https://creativecommons.org/publicdomain/zero/1.0/deed.en/.	curl -O "https://upload.wikimedia.org/wikipedia/commons/a/af/Dual_Gate_N_Channel_IGFET.svg"
a9ac2e45-fbf3-43e0-ad21-53936a4feca4	OR gate diode	Roshan220195	CC0	illustration	wikimedia	svg	gate	"OR gate diode" by Roshan220195 is marked with CC0 1.0. To view the terms, visit https://creativecommons.org/publicdomain/zero/1.0/deed.en/.	curl -O "https://upload.wikimedia.org/wikipedia/commons/e/e1/OR_gate_diode.svg"
7892a0e4-1dcd-4b11-9479-a2a1a064a460	Simplified NAND gate circuit using 2 transistors	Pradana Aumars (talk · contribs)	CC0	illustration	wikimedia	svg	gate	"Simplified NAND gate circuit using 2 transistors" by Pradana Aumars (talk · contribs) is marked with CC0 1.0. To view the terms, visit https://creativecommons.org/publicdomain/zero/1.0/deed.en/.	curl -O "https://upload.wikimedia.org/wikipedia/commons/f/f8/Simplified_NAND_gate_circuit_using_2_transistors.svg"
eef0f5c2-3e34-4ab9-a0e9-6c9b74757d2d	Simplified NOR gate circuit using 2 transistors	Pradana Aumars (talk · contribs)	CC0	illustration	wikimedia	svg	gate	"Simplified NOR gate circuit using 2 transistors" by Pradana Aumars (talk · contribs) is marked with CC0 1.0. To view the terms, visit https://creativecommons.org/publicdomain/zero/1.0/deed.en/.	curl -O "https://upload.wikimedia.org/wikipedia/commons/5/51/Simplified_NOR_gate_circuit_using_2_transistors.svg"
919ca95f-0676-46e1-9ee6-67b28c3f9879	Circuit of gated SR latch with asynchronous inputs	Dizquierdol	CC0	illustration	wikimedia	svg	gate	"Circuit of gated SR latch with asynchronous inputs" by Dizquierdol is marked with CC0 1.0. To view the terms, visit https://creativecommons.org/publicdomain/zero/1.0/deed.en/.	curl -O "https://upload.wikimedia.org/wikipedia/commons/5/55/Circuit_of_gated_SR_latch_with_asynchronous_inputs.svg"
acb3dfa8-ce8f-4e76-88c5-e70df5923fee	AND gate from NAND gate and inverter	Trex4321	CC0	illustration	wikimedia	svg	gate	"AND gate from NAND gate and inverter" by Trex4321 is marked with CC0 1.0. To view the terms, visit https://creativecommons.org/publicdomain/zero/1.0/deed.en/.	curl -O "https://upload.wikimedia.org/wikipedia/commons/0/0d/AND_gate_from_NAND_gate_and_inverter.svg"
c1f6d4f7-409f-4a2a-8fb6-a20ae2c8b2e7	D flip flop from nand gates	Jcubic	CC0	illustration	wikimedia	svg	gate	"D flip flop from nand gates" by Jcubic is marked with CC0 1.0. To view the terms, visit https://creativecommons.org/publicdomain/zero/1.0/deed.en/.	curl -O "https://upload.wikimedia.org/wikipedia/commons/d/dc/D_flip_flop_from_nand_gates.svg"
2f432c25-fd99-46a6-b3d1-66470320aedc	World farm-gate greenhouse gas emissions by activity	http://www.fao.org Food and Agriculture Organization of the United Nations	CC-BY 4.0	illustration	wikimedia	svg	gate	"World farm-gate greenhouse gas emissions by activity" by http://www.fao.org Food and Agriculture Organization of the United Nations is licensed under CC BY 4.0. To view a copy of this license, visit https://creativecommons.org/licenses/by/4.0/.	curl -O "https://upload.wikimedia.org/wikipedia/commons/1/17/World_farm-gate_greenhouse_gas_emissions_by_activity.svg"
7623641b-d278-47fc-9be1-1e92d59e2539	Simplified OR gate circuit using diodes	Pradana Aumars (talk · contribs)	CC0	illustration	wikimedia	svg	gate	"Simplified OR gate circuit using diodes" by Pradana Aumars (talk · contribs) is marked with CC0 1.0. To view the terms, visit https://creativecommons.org/publicdomain/zero/1.0/deed.en/.	curl -O "https://upload.wikimedia.org/wikipedia/commons/c/c6/Simplified_OR_gate_circuit_using_diodes.svg"
d01cf968-2db3-42c1-9d89-fb669b38ed8e	Symbol of gated SR latch with asynchronous inputs	Dizquierdol	CC0	illustration	wikimedia	svg	gate	"Symbol of gated SR latch with asynchronous inputs" by Dizquierdol is marked with CC0 1.0. To view the terms, visit https://creativecommons.org/publicdomain/zero/1.0/deed.en/.	curl -O "https://upload.wikimedia.org/wikipedia/commons/6/6c/Symbol_of_gated_SR_latch_with_asynchronous_inputs.svg"
e20888a6-92ef-47ef-98dc-12ee0f53fe58	CMOS NOR gate with two inputs	Trex4321	CC0	illustration	wikimedia	svg	gate	"CMOS NOR gate with two inputs" by Trex4321 is marked with CC0 1.0. To view the terms, visit https://creativecommons.org/publicdomain/zero/1.0/deed.en/.	curl -O "https://upload.wikimedia.org/wikipedia/commons/b/b8/CMOS_NOR_gate_with_two_inputs.svg"
fb1a8d4d-d7a5-4d48-b5f7-bd051eb24629	Noise Gate Hysteresis	Iainf	CC-BY 3.0	illustration	wikimedia	svg	gate	"Noise Gate Hysteresis" by Iainf is licensed under CC BY 3.0. To view a copy of this license, visit https://creativecommons.org/licenses/by/3.0/.	curl -O "https://upload.wikimedia.org/wikipedia/commons/5/5c/Noise_Gate_Hysteresis.svg"
7286cf22-f476-40d8-aa7c-8902de44f4cf	Simplified NOT gate circuit using transistor	Pradana Aumars (talk · contribs)	CC0	illustration	wikimedia	svg	gate	"Simplified NOT gate circuit using transistor" by Pradana Aumars (talk · contribs) is marked with CC0 1.0. To view the terms, visit https://creativecommons.org/publicdomain/zero/1.0/deed.en/.	curl -O "https://upload.wikimedia.org/wikipedia/commons/a/a0/Simplified_NOT_gate_circuit_using_transistor.svg"
a8425fa9-1bb3-4eaa-a7a7-5950e5f399de	Diagram of the Cirac-Zoller CNOT gate	QuarksAndElectrons	CC0	illustration	wikimedia	svg	gate	"Diagram of the Cirac-Zoller CNOT gate" by QuarksAndElectrons is marked with CC0 1.0. To view the terms, visit https://creativecommons.org/publicdomain/zero/1.0/deed.en/.	curl -O "https://upload.wikimedia.org/wikipedia/commons/3/31/Diagram_of_the_Cirac-Zoller_CNOT_gate.svg"
08f3a01b-e921-479a-9378-c6c36629616d	Simplified AND gate circuit using diodes	Pradana Aumars (talk · contribs)	CC0	illustration	wikimedia	svg	gate	"Simplified AND gate circuit using diodes" by Pradana Aumars (talk · contribs) is marked with CC0 1.0. To view the terms, visit https://creativecommons.org/publicdomain/zero/1.0/deed.en/.	curl -O "https://upload.wikimedia.org/wikipedia/commons/4/40/Simplified_AND_gate_circuit_using_diodes.svg"
71a9f9ed-a198-443f-b224-062615ed61f8	J-VIS gate J	Brionies	CC-BY 3.0	illustration	wikimedia	svg	gate	"J-VIS gate J" by Brionies is licensed under CC BY 3.0. To view a copy of this license, visit https://creativecommons.org/licenses/by/3.0/.	curl -O "https://upload.wikimedia.org/wikipedia/commons/b/b6/J-VIS_gate_J.svg"
bfe323df-d0f9-4f83-b47f-37bf4324afb1	Leeds UK ward map highlighting Cross Gates and Whinmoor	Rcsprinter123	CC-BY 3.0	illustration	wikimedia	svg	gate	"Leeds UK ward map highlighting Cross Gates and Whinmoor" by Rcsprinter123 is licensed under CC BY 3.0. To view a copy of this license, visit https://creativecommons.org/licenses/by/3.0/.	curl -O "https://upload.wikimedia.org/wikipedia/commons/4/4e/Leeds_UK_ward_map_highlighting_Cross_Gates_and_Whinmoor.svg"
f7a039ea-35ea-4df1-9f44-7c92c3f1b44f	CAN AB 94 DEVIL'S GATE INDIAN RESERVE -220	awmcphee	CC0	illustration	wikimedia	svg	gate	"CAN AB 94 DEVIL'S GATE INDIAN RESERVE -220" by awmcphee is marked with CC0 1.0. To view the terms, visit https://creativecommons.org/publicdomain/zero/1.0/deed.en/.	curl -O "https://upload.wikimedia.org/wikipedia/commons/b/ba/CAN_AB_94_DEVIL%27S_GATE_INDIAN_RESERVE_-220.svg"
439bc02b-bc45-454e-b531-4b0df0834231	Monroe County New York incorporated and unincorporated areas North Gates highlighted	Rcsprinter123	CC-BY 3.0	illustration	wikimedia	svg	gate	"Monroe County New York incorporated and unincorporated areas North Gates highlighted" by Rcsprinter123 is licensed under CC BY 3.0. To view a copy of this license, visit https://creativecommons.org/licenses/by/3.0/.	curl -O "https://upload.wikimedia.org/wikipedia/commons/3/39/Monroe_County_New_York_incorporated_and_unincorporated_areas_North_Gates_highlighted.svg"
144f7309-5f50-4363-90f3-f1ba7aa71163	Monroe County New York incorporated and unincorporated areas Gates (CDP) highlighted	Rcsprinter123	CC-BY 3.0	illustration	wikimedia	svg	gate	"Monroe County New York incorporated and unincorporated areas Gates (CDP) highlighted" by Rcsprinter123 is licensed under CC BY 3.0. To view a copy of this license, visit https://creativecommons.org/licenses/by/3.0/.	curl -O "https://upload.wikimedia.org/wikipedia/commons/8/84/Monroe_County_New_York_incorporated_and_unincorporated_areas_Gates_%28CDP%29_highlighted.svg"
3cd6fa32-2c4d-4761-ba3e-3d99ffbabbc7	Gate control A firing rus	Original picture by Delldot. Russian translation by Ctac	CC-BY 3.0	illustration	wikimedia	svg	gate	"Gate control A firing rus" by Original picture by Delldot. Russian translation by Ctac is licensed under CC BY 3.0. To view a copy of this license, visit https://creativecommons.org/licenses/by/3.0/.	curl -O "https://upload.wikimedia.org/wikipedia/commons/d/d1/Gate_control_A_firing_rus.svg"
7084421b-2998-45a0-97ef-5092818432fe	Voltage-gated ion channel simplified structure	Tama5240	CC0	illustration	wikimedia	svg	gate	"Voltage-gated ion channel simplified structure" by Tama5240 is marked with CC0 1.0. To view the terms, visit https://creativecommons.org/publicdomain/zero/1.0/deed.en/.	curl -O "https://upload.wikimedia.org/wikipedia/commons/c/c5/Voltage-gated_ion_channel_simplified_structure.svg"
b6e85107-1e11-4686-86e2-2a7292e3c480	Gate control no A rus	Original picture by Delldot. Russian translation by Ctac	CC-BY 3.0	illustration	wikimedia	svg	gate	"Gate control no A rus" by Original picture by Delldot. Russian translation by Ctac is licensed under CC BY 3.0. To view a copy of this license, visit https://creativecommons.org/licenses/by/3.0/.	curl -O "https://upload.wikimedia.org/wikipedia/commons/9/9e/Gate_control_no_A_rus.svg"
be7fd083-feb7-460f-9fd7-f135583a70bb	Elegant gate, vintage drawing illustration	?	CC0	illustration	rawpixel	jpg	gate	"Elegant gate, vintage drawing illustration" is marked with CC0 1.0. To view the terms, visit https://creativecommons.org/publicdomain/zero/1.0/.	curl -O "https://images.rawpixel.com/editor_1024/cHJpdmF0ZS9sci9pbWFnZXMvd2Vic2l0ZS8yMDIyLTA1L2pvYjcxOS0wMjcteC5qcGc.jpg"
311e5200-7e3e-4bb8-a84e-bf4a544b9e14	Elegant gate collage element, drawing	?	CC0	illustration	rawpixel	eps	gate	"Elegant gate collage element, drawing" is marked with CC0 1.0. To view the terms, visit https://creativecommons.org/publicdomain/zero/1.0/.	curl -O "https://images.rawpixel.com/editor_1024/cHJpdmF0ZS9sci9pbWFnZXMvd2Vic2l0ZS8yMDIyLTA1L2pvYjcxOS0wMjctdi5qcGc.jpg"
16867dfa-d887-48f3-8453-fa788c5bc3ce	Elegant gate clipart, drawing illustration	?	CC0	illustration	rawpixel	eps	gate	"Elegant gate clipart, drawing illustration" is marked with CC0 1.0. To view the terms, visit https://creativecommons.org/publicdomain/zero/1.0/.	curl -O "https://images.rawpixel.com/editor_1024/cHJpdmF0ZS9sci9pbWFnZXMvd2Vic2l0ZS8yMDIyLTA1L2pvYjcxNy0yMzgtdi5qcGc.jpg"
6f9e70b3-8f16-4f49-b1e1-ae260d96766c	Elegant gate clipart, drawing illustration	?	CC0	illustration	rawpixel	eps	gate	"Elegant gate clipart, drawing illustration" is marked with CC0 1.0. To view the terms, visit https://creativecommons.org/publicdomain/zero/1.0/.	curl -O "https://images.rawpixel.com/editor_1024/cHJpdmF0ZS9sci9pbWFnZXMvd2Vic2l0ZS8yMDIyLTA1L2pvYjcxNy0yMzktdi5qcGc.jpg"
3eb51304-459c-4487-9788-2e32f50f3f5d	Antique gate collage element, drawing	?	CC0	illustration	rawpixel	eps	gate	"Antique gate collage element, drawing" is marked with CC0 1.0. To view the terms, visit https://creativecommons.org/publicdomain/zero/1.0/.	curl -O "https://images.rawpixel.com/editor_1024/cHJpdmF0ZS9sci9pbWFnZXMvd2Vic2l0ZS8yMDIyLTA1L2pvYjcxOS0xMzEtdi5qcGc.jpg"
f05bffd0-d415-455f-b4b4-c9d2fe983bed	Golden gate bridge png sticker	?	CC0	illustration	rawpixel	png	gate	"Golden gate bridge png sticker" is marked with CC0 1.0. To view the terms, visit https://creativecommons.org/publicdomain/zero/1.0/.	curl -O "https://images.rawpixel.com/image_png_1300/cHJpdmF0ZS9sci9pbWFnZXMvd2Vic2l0ZS8yMDIyLTA1L2pvYjcyOS0yNDQtcC5wbmc.png"
01895106-74ec-4d9a-8b7d-2b3cc09a4455	Chinatown gate vintage illustration	?	CC0	illustration	rawpixel	jpg	gate	"Chinatown gate vintage illustration" is marked with CC0 1.0. To view the terms, visit https://creativecommons.org/publicdomain/zero/1.0/.	curl -O "https://images.rawpixel.com/editor_1024/cHJpdmF0ZS9sci9pbWFnZXMvd2Vic2l0ZS8yMDIyLTA1L2pvYjcxNS0xNzIteC5qcGc.jpg"
6b911c5f-ab71-479b-b314-0eedb43461e7	Golden gate bridge clipart, USA	?	CC0	illustration	rawpixel	eps	gate	"Golden gate bridge clipart, USA" is marked with CC0 1.0. To view the terms, visit https://creativecommons.org/publicdomain/zero/1.0/.	curl -O "https://images.rawpixel.com/editor_1024/cHJpdmF0ZS9sci9pbWFnZXMvd2Vic2l0ZS8yMDIyLTA1L2pvYjcyOS0yNDQtdi5qcGc.jpg"
9ad1ce29-4c81-4f58-aa8a-239b61d2cef2	Castle gate vintage illustration	?	CC0	illustration	rawpixel	jpg	gate	"Castle gate vintage illustration" is marked with CC0 1.0. To view the terms, visit https://creativecommons.org/publicdomain/zero/1.0/.	curl -O "https://images.rawpixel.com/editor_1024/cHJpdmF0ZS9sci9pbWFnZXMvd2Vic2l0ZS8yMDIyLTA1L2pvYjcxNS0wNTQteC5qcGc.jpg"
a4ed9bac-d348-4c9a-a80b-0efe5cde3fb3	Golden gate bridge, USA famous	?	CC0	illustration	rawpixel	jpg	gate	"Golden gate bridge, USA famous" is marked with CC0 1.0. To view the terms, visit https://creativecommons.org/publicdomain/zero/1.0/.	curl -O "https://images.rawpixel.com/editor_1024/cHJpdmF0ZS9sci9pbWFnZXMvd2Vic2l0ZS8yMDIyLTA1L2pvYjcyOS0yNDQteC5qcGc.jpg"
47dd448b-36bb-4d56-8013-0bb3c9a66784	Torii gate sticker, Japanese architecture	?	CC0	illustration	rawpixel	eps	gate	"Torii gate sticker, Japanese architecture" is marked with CC0 1.0. To view the terms, visit https://creativecommons.org/publicdomain/zero/1.0/.	curl -O "https://images.rawpixel.com/editor_1024/cHJpdmF0ZS9sci9pbWFnZXMvd2Vic2l0ZS8yMDIyLTA0L2pvYjY4NS0yMzYtdi5qcGc.jpg"
eabf5ebb-4c40-4b44-af08-545013a6c3cd	Torii gate png sticker, Japanese	?	CC0	illustration	rawpixel	png	gate	"Torii gate png sticker, Japanese" is marked with CC0 1.0. To view the terms, visit https://creativecommons.org/publicdomain/zero/1.0/.	curl -O "https://images.rawpixel.com/image_png_1300/cHJpdmF0ZS9sci9pbWFnZXMvd2Vic2l0ZS8yMDIyLTA0L2pvYjY4NS0yMzYtcC5wbmc.png"
d5c82fb2-eae0-4cf8-92be-a22f4026e824	Seal of the House of Representatives of Nigeria	Thommy	CC0	illustration	wikimedia	svg	house	"Seal of the House of Representatives of Nigeria" by Thommy is marked with CC0 1.0. To view the terms, visit https://creativecommons.org/publicdomain/zero/1.0/deed.en/.	curl -O "https://upload.wikimedia.org/wikipedia/commons/4/4f/Seal_of_the_House_of_Representatives_of_Nigeria.svg"
e7f8f775-6633-4cf1-9e8c-dbb2e46a0e9c	1000px Ribbon of the House Order of the Wendish Crown	Blackcat	CC0	illustration	wikimedia	svg	house	"1000px Ribbon of the House Order of the Wendish Crown" by Blackcat is marked with CC0 1.0. To view the terms, visit https://creativecommons.org/publicdomain/zero/1.0/deed.en.	curl -O "https://upload.wikimedia.org/wikipedia/commons/f/f1/1000px_Ribbon_of_the_House_Order_of_the_Wendish_Crown.svg"
1fbd94d8-11b5-4e0b-8279-9ccf5cd509e2	586-house-with-garden	https://twitter.com/webalys	CC-BY 4.0	illustration	wikimedia	svg	house	"586-house-with-garden" by https://twitter.com/webalys is licensed under CC BY 4.0. To view a copy of this license, visit https://creativecommons.org/licenses/by/4.0/.	curl -O "https://upload.wikimedia.org/wikipedia/commons/4/45/586-house-with-garden.svg"
d2d0b814-55fa-4782-8586-13c261cfecb8	House Order Fidelitas of Baden ribbon bar	Portunes	CC0	illustration	wikimedia	svg	house	"House Order Fidelitas of Baden ribbon bar" by Portunes is marked with CC0 1.0. To view the terms, visit https://creativecommons.org/publicdomain/zero/1.0/deed.en/.	curl -O "https://upload.wikimedia.org/wikipedia/commons/0/04/House_Order_Fidelitas_of_Baden_ribbon_bar.svg"
8dcb4fda-c53d-43dd-b7b7-d5b616ac2707	Coat of arms of the House of Braganza	Cantabrucu	CC0	illustration	wikimedia	svg	house	"Coat of arms of the House of Braganza" by Cantabrucu is marked with CC0 1.0. To view the terms, visit https://creativecommons.org/publicdomain/zero/1.0/deed.en/.	curl -O "https://upload.wikimedia.org/wikipedia/commons/3/39/Coat_of_arms_of_the_House_of_Braganza.svg"
3095afe3-167b-4910-a047-4d71d1426ce6	House flag of the Cunard Line	TilmannR	CC0	illustration	wikimedia	svg	house	"House flag of the Cunard Line" by TilmannR is marked with CC0 1.0. To view the terms, visit https://creativecommons.org/publicdomain/zero/1.0/deed.en/.	curl -O "https://upload.wikimedia.org/wikipedia/commons/7/74/House_flag_of_the_Cunard_Line.svg"
ca771e2f-bb08-4df5-9cfd-25395f3c1118	Coa Germany Family Berthold I - Grand Ducal House of Baden (Zahringen)	Madboy74	CC0	illustration	wikimedia	svg	house	"Coa Germany Family Berthold I - Grand Ducal House of Baden (Zahringen)" by Madboy74 is marked with CC0 1.0. To view the terms, visit https://creativecommons.org/publicdomain/zero/1.0/deed.en/.	curl -O "https://upload.wikimedia.org/wikipedia/commons/4/4c/Coa_Germany_Family_Berthold_I_-_Grand_Ducal_House_of_Baden_%28Zahringen%29.svg"
25aa0794-6214-4a68-aa34-c43be69cace3	US House 2024	Coolxsearcher1414	CC0	illustration	wikimedia	svg	house	"US House 2024" by Coolxsearcher1414 is marked with CC0 1.0. To view the terms, visit https://creativecommons.org/publicdomain/zero/1.0/deed.en/.	curl -O "https://upload.wikimedia.org/wikipedia/commons/9/94/US_House_2024.svg"
0f1b82c2-ac40-4706-bbd7-29bafe3349a1	House of Basarab quote of arms2	Ionutoroian	CC0	illustration	wikimedia	svg	house	"House of Basarab quote of arms2" by Ionutoroian is marked with CC0 1.0. To view the terms, visit https://creativecommons.org/publicdomain/zero/1.0/deed.en/.	curl -O "https://upload.wikimedia.org/wikipedia/commons/5/53/House_of_Basarab_quote_of_arms2.svg"
0a736ce8-dd91-401e-a38e-23361dce0968	Japan House of Councillors 2025	Watata123	CC0	illustration	wikimedia	svg	house	"Japan House of Councillors 2025" by Watata123 is marked with CC0 1.0. To view the terms, visit https://creativecommons.org/publicdomain/zero/1.0/deed.en/.	curl -O "https://upload.wikimedia.org/wikipedia/commons/c/c8/Japan_House_of_Councillors_2025.svg"
c2c529fa-ef4c-481f-8663-fb604473b7f1	Armenian regions-expansion of the House of Mamikonian-pt	Armenica.org	CC-BY 3.0	illustration	wikimedia	svg	house	"Armenian regions-expansion of the House of Mamikonian-pt" by Armenica.org is licensed under CC BY 3.0. To view a copy of this license, visit https://creativecommons.org/licenses/by/3.0/.	curl -O "https://upload.wikimedia.org/wikipedia/commons/4/46/Armenian_regions-expansion_of_the_House_of_Mamikonian-pt.svg"
dead568b-a7b9-44aa-a2ca-11a994ac7d3e	House of Representatives Japan 2024	Watata123	CC0	illustration	wikimedia	svg	house	"House of Representatives Japan 2024" by Watata123 is marked with CC0 1.0. To view the terms, visit https://creativecommons.org/publicdomain/zero/1.0/deed.en/.	curl -O "https://upload.wikimedia.org/wikipedia/commons/2/22/House_of_Representatives_Japan_2024.svg"
7b126376-f87e-4dd2-8eab-3d2f1099c8a4	2026 United States House of Representatives elections retirements or losses of renomination map	Coolxsearcher1414	CC0	illustration	wikimedia	svg	house	"2026 United States House of Representatives elections retirements or losses of renomination map" by Coolxsearcher1414 is marked with CC0 1.0. To view the terms, visit https://creativecommons.org/publicdomain/zero/1.0/deed.en/.	curl -O "https://upload.wikimedia.org/wikipedia/commons/7/70/2026_United_States_House_of_Representatives_elections_retirements_or_losses_of_renomination_map.svg?utm_source=commons.wikimedia.org&utm_campaign=imageinfo&utm_content=original"
b3c9a802-64e9-49e3-b57b-84e6dcdafbbe	مخطوطة عائلة آل سعود - The House of Al Saud	ARABCREATOR7	CC0	illustration	wikimedia	svg	house	"مخطوطة عائلة آل سعود - The House of Al Saud" by ARABCREATOR7 is marked with CC0 1.0. To view the terms, visit https://creativecommons.org/publicdomain/zero/1.0/deed.en/.	curl -O "https://upload.wikimedia.org/wikipedia/commons/5/5f/%D9%85%D8%AE%D8%B7%D9%88%D8%B7%D8%A9_%D8%B9%D8%A7%D8%A6%D9%84%D8%A9_%D8%A2%D9%84_%D8%B3%D8%B9%D9%88%D8%AF_-_The_House_of_Al_Saud.svg"
555d1041-4859-47f0-ab08-1a1c6872958e	St Lucia House of Assembly (2025)	Jalapeño	CC-BY 4.0	illustration	wikimedia	svg	house	"St Lucia House of Assembly (2025)" by Jalapeño is licensed under CC BY 4.0. To view a copy of this license, visit https://creativecommons.org/licenses/by/4.0/.	curl -O "https://upload.wikimedia.org/wikipedia/commons/f/fd/St_Lucia_House_of_Assembly_%282025%29.svg"
a56e2c0b-971e-46f1-9262-351d831ff214	Tasmanian House of Assembly - Composition of Members (effective 24th August 2024)	Princess Pandora	CC0	illustration	wikimedia	svg	house	"Tasmanian House of Assembly - Composition of Members (effective 24th August 2024)" by Princess Pandora is marked with CC0 1.0. To view the terms, visit https://creativecommons.org/publicdomain/zero/1.0/deed.en/.	curl -O "https://upload.wikimedia.org/wikipedia/commons/b/b9/Tasmanian_House_of_Assembly_-_Composition_of_Members_%28effective_24th_August_2024%29.svg"
17af7312-5aea-4c05-8830-de5a6fa927c0	House flag of the First-Danube-Steamboat-Shipping Company (DDSG)	Germenfer	CC0	illustration	wikimedia	svg	house	"House flag of the First-Danube-Steamboat-Shipping Company (DDSG)" by Germenfer is marked with CC0 1.0. To view the terms, visit https://creativecommons.org/publicdomain/zero/1.0/deed.en/.	curl -O "https://upload.wikimedia.org/wikipedia/commons/8/87/House_flag_of_the_First-Danube-Steamboat-Shipping_Company_%28DDSG%29.svg"
3a42e677-7056-47b0-9727-f95430bbf900	Coat of Arms of the House of Donà della Trezze	MostEpic	CC0	illustration	wikimedia	svg	house	"Coat of Arms of the House of Donà della Trezze" by MostEpic is marked with CC0 1.0. To view the terms, visit https://creativecommons.org/publicdomain/zero/1.0/deed.en/.	curl -O "https://upload.wikimedia.org/wikipedia/commons/c/c3/Coat_of_Arms_of_the_House_of_Don%C3%A0_della_Trezze.svg"
8b2b2124-117f-4458-b9e3-1756861cbacc	Japan House of Councillors Composition - Feb 2026	Basil the Bat Lord	CC0	illustration	wikimedia	svg	house	"Japan House of Councillors Composition - Feb 2026" by Basil the Bat Lord is marked with CC0 1.0. To view the terms, visit https://creativecommons.org/publicdomain/zero/1.0/deed.en/.	curl -O "https://upload.wikimedia.org/wikipedia/commons/f/f0/Japan_House_of_Councillors_Composition_-_Feb_2026.svg"
103f4252-3a2c-425e-9c58-86b455cb8a43	Dutch House of Representatives, January 2026	Ætoms	CC0	illustration	wikimedia	svg	house	"Dutch House of Representatives, January 2026" by Ætoms is marked with CC0 1.0. To view the terms, visit https://creativecommons.org/publicdomain/zero/1.0/deed.en/.	curl -O "https://upload.wikimedia.org/wikipedia/commons/a/a7/Dutch_House_of_Representatives%2C_January_2026.svg"
63d616c8-385d-4a12-9f9d-8cc9107bec2c	Members of the 119th United States House of Representatives	Wollers14	CC0	illustration	wikimedia	svg	house	"Members of the 119th United States House of Representatives" by Wollers14 is marked with CC0 1.0. To view the terms, visit https://creativecommons.org/publicdomain/zero/1.0/deed.en/.	curl -O "https://upload.wikimedia.org/wikipedia/commons/9/97/Members_of_the_119th_United_States_House_of_Representatives.svg?utm_source=commons.wikimedia.org&utm_campaign=imageinfo&utm_content=original"
8ab9c9d5-b1d6-44c4-930d-b2700de48c61	House flag of Finnlines	Edera1970	CC-BY 4.0	illustration	wikimedia	svg	house	"House flag of Finnlines" by Edera1970 is licensed under CC BY 4.0. To view a copy of this license, visit https://creativecommons.org/licenses/by/4.0/.	curl -O "https://upload.wikimedia.org/wikipedia/commons/4/4c/House_flag_of_Finnlines.svg"
8656cd16-1bd7-4ccf-881f-26dffb573dfb	House Flag of the Blue Funnel Line	Germenfer	CC0	illustration	wikimedia	svg	house	"House Flag of the Blue Funnel Line" by Germenfer is marked with CC0 1.0. To view the terms, visit https://creativecommons.org/publicdomain/zero/1.0/deed.en/.	curl -O "https://upload.wikimedia.org/wikipedia/commons/d/dd/House_Flag_of_the_Blue_Funnel_Line.svg"
460b4ab0-4c22-48f7-93c9-06793854d521	Arms of the House of Sanneck	SirFranzPaul	CC0	illustration	wikimedia	svg	house	"Arms of the House of Sanneck" by SirFranzPaul is marked with CC0 1.0. To view the terms, visit https://creativecommons.org/publicdomain/zero/1.0/deed.en/.	curl -O "https://upload.wikimedia.org/wikipedia/commons/e/e6/Arms_of_the_House_of_Sanneck.svg"
f4c9643d-56b2-4ff6-9579-d9175b4cdb3f	South African House of Assembly 1948	Kingofthedead	CC0	illustration	wikimedia	svg	house	"South African House of Assembly 1948" by Kingofthedead is marked with CC0 1.0. To view the terms, visit https://creativecommons.org/publicdomain/zero/1.0/deed.en/.	curl -O "https://upload.wikimedia.org/wikipedia/commons/f/fb/South_African_House_of_Assembly_1948.svg"
ddb729c3-f474-4f8c-8333-bb6c00b2b556	House Flag of Virgin Voyages	Germenfer	CC0	illustration	wikimedia	svg	house	"House Flag of Virgin Voyages" by Germenfer is marked with CC0 1.0. To view the terms, visit https://creativecommons.org/publicdomain/zero/1.0/deed.en/.	curl -O "https://upload.wikimedia.org/wikipedia/commons/f/f5/House_Flag_of_Virgin_Voyages.svg"
e6384d3c-bee2-4dc1-933d-2aec4d54c7d4	Saint Vincent and the Grenadines House of Assembly 2025	Vittoriochichia	CC0	illustration	wikimedia	svg	house	"Saint Vincent and the Grenadines House of Assembly 2025" by Vittoriochichia is marked with CC0 1.0. To view the terms, visit https://creativecommons.org/publicdomain/zero/1.0/deed.en/.	curl -O "https://upload.wikimedia.org/wikipedia/commons/c/c6/Saint_Vincent_and_the_Grenadines_House_of_Assembly_2025.svg"
6264e73f-dcfc-4c15-9b3f-1d13817e7fdb	Coat of Arms of the House of Pindemonte	MostEpic	CC-BY 4.0	illustration	wikimedia	svg	house	"Coat of Arms of the House of Pindemonte" by MostEpic is licensed under CC BY 4.0. To view a copy of this license, visit https://creativecommons.org/licenses/by/4.0/.	curl -O "https://upload.wikimedia.org/wikipedia/commons/d/d4/Coat_of_Arms_of_the_House_of_Pindemonte.svg"
9fc3259a-ae73-4549-a7fe-76a7ec1a3754	12th Republican House of Representaitves of Trinidad and Tobago (2020)	Logan Clarke	CC-BY 4.0	illustration	wikimedia	svg	house	"12th Republican House of Representaitves of Trinidad and Tobago (2020)" by Logan Clarke is licensed under CC BY 4.0. To view a copy of this license, visit https://creativecommons.org/licenses/by/4.0/.	curl -O "https://upload.wikimedia.org/wikipedia/commons/b/b6/12th_Republican_House_of_Representaitves_of_Trinidad_and_Tobago_%282020%29.svg"
600c46b4-d579-4c1c-85b3-70ca29d43556	Japanese House of Councillors election, 2007 en	Monaneko	CC-BY 3.0	illustration	wikimedia	svg	house	"Japanese House of Councillors election, 2007 en" by Monaneko is licensed under CC BY 3.0. To view a copy of this license, visit https://creativecommons.org/licenses/by/3.0/.	curl -O "https://upload.wikimedia.org/wikipedia/commons/b/b3/Japanese_House_of_Councillors_election%2C_2007_en.svg"
c25e233e-82d1-462d-a702-3ef56844e13e	2021-22 Pennsylvania State House of Representatives Partisan Composition	Matt18224	CC0	illustration	wikimedia	svg	house	"2021-22 Pennsylvania State House of Representatives Partisan Composition" by Matt18224 is marked with CC0 1.0. To view the terms, visit https://creativecommons.org/publicdomain/zero/1.0/deed.en/.	curl -O "https://upload.wikimedia.org/wikipedia/commons/3/38/2021-22_Pennsylvania_State_House_of_Representatives_Partisan_Composition.svg"
84e9fa40-2c3e-4373-ac3a-e3431144fdd5	South Australian House of Assembly chart 2026	?	CC0	illustration	wikimedia	svg	house	"South Australian House of Assembly chart 2026" is marked with CC0 1.0. To view the terms, visit https://creativecommons.org/publicdomain/zero/1.0/deed.en/.	curl -O "https://upload.wikimedia.org/wikipedia/commons/0/07/South_Australian_House_of_Assembly_chart_2026.svg?utm_source=commons.wikimedia.org&utm_campaign=imageinfo&utm_content=original"
167e5577-a646-45e6-983b-3aad0ac56a2b	Dutch House of Representatives, 2025-2029	Kaartje	CC0	illustration	wikimedia	svg	house	"Dutch House of Representatives, 2025-2029" by Kaartje is marked with CC0 1.0. To view the terms, visit https://creativecommons.org/publicdomain/zero/1.0/deed.en/.	curl -O "https://upload.wikimedia.org/wikipedia/commons/7/73/Dutch_House_of_Representatives%2C_2025-2029.svg?utm_source=commons.wikimedia.org&utm_campaign=imageinfo&utm_content=original"
5be251f1-34b1-4472-a14f-9ad98120610c	Terms of office of lower houses	Original: Howard the Duck Vector: Korakys	CC0	illustration	wikimedia	svg	house	"Terms of office of lower houses" by Original: Howard the Duck Vector: Korakys is marked with CC0 1.0. To view the terms, visit https://creativecommons.org/publicdomain/zero/1.0/deed.en.	curl -O "https://upload.wikimedia.org/wikipedia/commons/1/1a/Terms_of_office_of_lower_houses.svg"
d5719340-642e-4003-bc07-a9ef915d61fb	NZ House of Representatives	Nathan Jones	CC0	illustration	wikimedia	svg	house	"NZ House of Representatives" by Nathan Jones is marked with CC0 1.0. To view the terms, visit https://creativecommons.org/publicdomain/zero/1.0/deed.en.	curl -O "https://upload.wikimedia.org/wikipedia/commons/6/6e/NZ_House_of_Representatives.svg"
4d614b93-c6f0-4358-bca6-862012c4225d	Members of the 118th United States House of Representatives	Wollers14	CC0	illustration	wikimedia	svg	house	"Members of the 118th United States House of Representatives" by Wollers14 is marked with CC0 1.0. To view the terms, visit https://creativecommons.org/publicdomain/zero/1.0/deed.en/.	curl -O "https://upload.wikimedia.org/wikipedia/commons/9/9c/Members_of_the_118th_United_States_House_of_Representatives.svg"
45d99215-bd7d-43d7-8de3-79bc08137271	House flag of Nedlloyd	Germenfer	CC0	illustration	wikimedia	svg	house	"House flag of Nedlloyd" by Germenfer is marked with CC0 1.0. To view the terms, visit https://creativecommons.org/publicdomain/zero/1.0/deed.en/.	curl -O "https://upload.wikimedia.org/wikipedia/commons/0/07/House_flag_of_Nedlloyd.svg"
62b92a61-2dbe-4637-949e-43f75fcc6306	Flag of House Marne	Mrmw	CC0	illustration	wikimedia	svg	house	"Flag of House Marne" by Mrmw is marked with CC0 1.0. To view the terms, visit https://creativecommons.org/publicdomain/zero/1.0/deed.en/.	curl -O "https://upload.wikimedia.org/wikipedia/commons/9/93/Flag_of_House_Marne.svg"
4fadcd1b-beaf-4517-9651-740a42391d7d	House Flag of Maersk	Germenfer	CC0	illustration	wikimedia	svg	house	"House Flag of Maersk" by Germenfer is marked with CC0 1.0. To view the terms, visit https://creativecommons.org/publicdomain/zero/1.0/deed.en/.	curl -O "https://upload.wikimedia.org/wikipedia/commons/3/3a/House_Flag_of_Maersk.svg"
8275c3b9-0ac1-4594-adfb-c521d5bf375d	Japanese House of Councillors election, 1989 ja	Monaneko	CC-BY 3.0	illustration	wikimedia	svg	house	"Japanese House of Councillors election, 1989 ja" by Monaneko is licensed under CC BY 3.0. To view a copy of this license, visit https://creativecommons.org/licenses/by/3.0/.	curl -O "https://upload.wikimedia.org/wikipedia/commons/4/48/Japanese_House_of_Councillors_election%2C_1989_ja.svg"
546c0778-331e-446c-995b-0351ab2da1a8	Japan House of Representatives Political Groups - November 2024	Basil the Bat Lord	CC0	illustration	wikimedia	svg	house	"Japan House of Representatives Political Groups - November 2024" by Basil the Bat Lord is marked with CC0 1.0. To view the terms, visit https://creativecommons.org/publicdomain/zero/1.0/deed.en/.	curl -O "https://upload.wikimedia.org/wikipedia/commons/e/e2/Japan_House_of_Representatives_Political_Groups_-_November_2024.svg"
dd5a4762-b762-498e-925e-1842981b0434	Flag of House Sarand	Mrmw	CC0	illustration	wikimedia	svg	house	"Flag of House Sarand" by Mrmw is marked with CC0 1.0. To view the terms, visit https://creativecommons.org/publicdomain/zero/1.0/deed.en/.	curl -O "https://upload.wikimedia.org/wikipedia/commons/b/b6/Flag_of_House_Sarand.svg"
61a37147-62d6-4da5-a29c-b685eba0af90	US House special elections 2023	Mad Mismagius	CC0	illustration	wikimedia	svg	house	"US House special elections 2023" by Mad Mismagius is marked with CC0 1.0. To view the terms, visit https://creativecommons.org/publicdomain/zero/1.0/deed.en/.	curl -O "https://upload.wikimedia.org/wikipedia/commons/b/b7/US_House_special_elections_2023.svg"
4627c6ed-f25a-4f85-972b-96e19234a5d5	House Flag of Czechoslovak Ocean Shipping	Germenfer	CC0	illustration	wikimedia	svg	house	"House Flag of Czechoslovak Ocean Shipping" by Germenfer is marked with CC0 1.0. To view the terms, visit https://creativecommons.org/publicdomain/zero/1.0/deed.en/.	curl -O "https://upload.wikimedia.org/wikipedia/commons/c/c7/House_Flag_of_Czechoslovak_Ocean_Shipping.svg"
00ab657a-b7f8-4f58-a5fe-3dcd639b8409	Flag of House Mantear	Mrmw	CC0	illustration	wikimedia	svg	house	"Flag of House Mantear" by Mrmw is marked with CC0 1.0. To view the terms, visit https://creativecommons.org/publicdomain/zero/1.0/deed.en/.	curl -O "https://upload.wikimedia.org/wikipedia/commons/2/28/Flag_of_House_Mantear.svg"
4156e5d4-ec1a-47ff-b27a-256d8c3880b3	2022 Philippine House of Representatives elections results	Howard the Duck	CC0	illustration	wikimedia	svg	house	"2022 Philippine House of Representatives elections results" by Howard the Duck is marked with CC0 1.0. To view the terms, visit https://creativecommons.org/publicdomain/zero/1.0/deed.en/.	curl -O "https://upload.wikimedia.org/wikipedia/commons/9/94/2022_Philippine_House_of_Representatives_elections_results.svg"
2475f68a-6c1f-4243-867d-daac3cc5007a	House Silhouette	unknown: simple wide-spread figure	CC0	illustration	wikimedia	svg	house	"House Silhouette" by unknown: simple wide-spread figure is marked with CC0 1.0. To view the terms, visit https://creativecommons.org/publicdomain/zero/1.0/deed.en/.	curl -O "https://upload.wikimedia.org/wikipedia/commons/7/7e/House_Silhouette.svg"
fd9660a0-fa79-40fa-9997-7c708ca2f5d6	House flag of the Compagnie Générale Transatlantique	Germenfer	CC0	illustration	wikimedia	svg	house	"House flag of the Compagnie Générale Transatlantique" by Germenfer is marked with CC0 1.0. To view the terms, visit https://creativecommons.org/publicdomain/zero/1.0/deed.en/.	curl -O "https://upload.wikimedia.org/wikipedia/commons/d/dc/House_flag_of_the_Compagnie_G%C3%A9n%C3%A9rale_Transatlantique.svg"
a1188888-09e8-49e7-adac-6e06f7510294	Arms of the House of Cesi	Matteo29Q	CC-BY 4.0	illustration	wikimedia	svg	house	"Arms of the House of Cesi" by Matteo29Q is licensed under CC BY 4.0. To view a copy of this license, visit https://creativecommons.org/licenses/by/4.0/.	curl -O "https://upload.wikimedia.org/wikipedia/commons/8/89/Arms_of_the_House_of_Cesi.svg"
cc114fb8-3b74-4c92-adb9-0da4082b5def	Japanese House of Councillors election, 1995 ja	Monaneko	CC-BY 3.0	illustration	wikimedia	svg	house	"Japanese House of Councillors election, 1995 ja" by Monaneko is licensed under CC BY 3.0. To view a copy of this license, visit https://creativecommons.org/licenses/by/3.0/.	curl -O "https://upload.wikimedia.org/wikipedia/commons/b/b4/Japanese_House_of_Councillors_election%2C_1995_ja.svg"
8fcf66a8-b04a-483a-b9fe-bc875a8fd76b	Flag of House Arawn	Mrmw	CC0	illustration	wikimedia	svg	house	"Flag of House Arawn" by Mrmw is marked with CC0 1.0. To view the terms, visit https://creativecommons.org/publicdomain/zero/1.0/deed.en/.	curl -O "https://upload.wikimedia.org/wikipedia/commons/b/b8/Flag_of_House_Arawn.svg"
4346f6ad-57f9-4da2-8e73-df4a55eaf5ea	South African House of Assembly 1943	Kingofthedead	CC0	illustration	wikimedia	svg	house	"South African House of Assembly 1943" by Kingofthedead is marked with CC0 1.0. To view the terms, visit https://creativecommons.org/publicdomain/zero/1.0/deed.en/.	curl -O "https://upload.wikimedia.org/wikipedia/commons/e/e4/South_African_House_of_Assembly_1943.svg"
440a6339-a3cc-4aba-a1c5-0b7c1a703cb8	Electoral systems map for upper houses	See image page.	CC0	illustration	wikimedia	svg	house	"Electoral systems map for upper houses" by See image page. is marked with CC0 1.0. To view the terms, visit https://creativecommons.org/publicdomain/zero/1.0/deed.en/.	curl -O "https://upload.wikimedia.org/wikipedia/commons/3/3b/Electoral_systems_map_for_upper_houses.svg"
607c758f-d112-4b3e-8dc3-81bc8a00b577	House flag of the Canadian Australasian Line	Germenfer	CC0	illustration	wikimedia	svg	house	"House flag of the Canadian Australasian Line" by Germenfer is marked with CC0 1.0. To view the terms, visit https://creativecommons.org/publicdomain/zero/1.0/deed.en/.	curl -O "https://upload.wikimedia.org/wikipedia/commons/a/a8/House_flag_of_the_Canadian_Australasian_Line.svg"
ca4f30ca-f448-40aa-b52d-a003881543ac	2022 Alaska gubernatorial general election results map by State House district	Twotwofourtysix	CC-BY 4.0	illustration	wikimedia	svg	house	"2022 Alaska gubernatorial general election results map by State House district" by Twotwofourtysix is licensed under CC BY 4.0. To view a copy of this license, visit https://creativecommons.org/licenses/by/4.0/.	curl -O "https://upload.wikimedia.org/wikipedia/commons/8/84/2022_Alaska_gubernatorial_general_election_results_map_by_State_House_district.svg"
30ea66af-e062-44f3-afc6-33c540538dc5	House flag of the American Line	Germenfer	CC0	illustration	wikimedia	svg	house	"House flag of the American Line" by Germenfer is marked with CC0 1.0. To view the terms, visit https://creativecommons.org/publicdomain/zero/1.0/deed.en/.	curl -O "https://upload.wikimedia.org/wikipedia/commons/a/a1/House_flag_of_the_American_Line.svg"
64b1238c-ca0c-4f34-9711-732bc95b7d92	2022 United States House of Representatives election in Wyoming results map by county	Elli	CC0	illustration	wikimedia	svg	house	"2022 United States House of Representatives election in Wyoming results map by county" by Elli is marked with CC0 1.0. To view the terms, visit https://creativecommons.org/publicdomain/zero/1.0/deed.en/.	curl -O "https://upload.wikimedia.org/wikipedia/commons/4/41/2022_United_States_House_of_Representatives_election_in_Wyoming_results_map_by_county.svg"
4b2b4ee8-3a70-4422-84a2-b3b926481a2d	Japanese House of Councillors election, 2010 ja	Monaneko	CC-BY 3.0	illustration	wikimedia	svg	house	"Japanese House of Councillors election, 2010 ja" by Monaneko is licensed under CC BY 3.0. To view a copy of this license, visit https://creativecommons.org/licenses/by/3.0/.	curl -O "https://upload.wikimedia.org/wikipedia/commons/e/e1/Japanese_House_of_Councillors_election%2C_2010_ja.svg"
bdca9148-2eef-4f42-971f-537badd1ad5b	House Flag of the Australasian United Steam Navigation Company	Germenfer	CC0	illustration	wikimedia	svg	house	"House Flag of the Australasian United Steam Navigation Company" by Germenfer is marked with CC0 1.0. To view the terms, visit https://creativecommons.org/publicdomain/zero/1.0/deed.en/.	curl -O "https://upload.wikimedia.org/wikipedia/commons/8/8e/House_Flag_of_the_Australasian_United_Steam_Navigation_Company.svg"
fbfc69d2-3ffe-4dbf-8c13-5c898c583cb2	Tropical house gecko (Hemidactylus mabouia) IUCN range 2019	Maqdisi	CC-BY 4.0	illustration	wikimedia	svg	house	"Tropical house gecko (Hemidactylus mabouia) IUCN range 2019" by Maqdisi is licensed under CC BY 4.0. To view a copy of this license, visit https://creativecommons.org/licenses/by/4.0/.	curl -O "https://upload.wikimedia.org/wikipedia/commons/6/6d/Tropical_house_gecko_%28Hemidactylus_mabouia%29_IUCN_range_2019.svg"
bda2e148-356d-4478-aa8f-7cce6b0df36c	Western Canada Map Assets Village	awmcphee	CC0	illustration	wikimedia	svg	village	"Western Canada Map Assets Village" by awmcphee is marked with CC0 1.0. To view the terms, visit https://creativecommons.org/publicdomain/zero/1.0/deed.en/.	curl -O "https://upload.wikimedia.org/wikipedia/commons/a/a6/Western_Canada_Map_Assets_Village.svg"
3dfd0639-4c9c-4a38-8086-3130680f3210	Suffolk County, NY, towns and villages Town of Huntigton highlighted	MB-one	CC0	illustration	wikimedia	svg	village	"Suffolk County, NY, towns and villages Town of Huntigton highlighted" by MB-one is marked with CC0 1.0. To view the terms, visit https://creativecommons.org/publicdomain/zero/1.0/deed.en/.	curl -O "https://upload.wikimedia.org/wikipedia/commons/8/86/Suffolk_County%2C_NY%2C_towns_and_villages_Town_of_Huntigton_highlighted.svg"
b9d33c0a-6429-436d-bdb8-38e55957eeb9	Cook County Illinois incorporated and unincorporated areas Elk Grove Village highlighted	Rcsprinter123	CC-BY 3.0	illustration	wikimedia	svg	village	"Cook County Illinois incorporated and unincorporated areas Elk Grove Village highlighted" by Rcsprinter123 is licensed under CC BY 3.0. To view a copy of this license, visit https://creativecommons.org/licenses/by/3.0/.	curl -O "https://upload.wikimedia.org/wikipedia/commons/9/94/Cook_County_Illinois_incorporated_and_unincorporated_areas_Elk_Grove_Village_highlighted.svg"
74e81f3a-b121-42ad-87e6-2f2d3a69dc4d	Rensselaer County New York incorporated and unincorporated areas Schaghticoke (village) highlighted	Rcsprinter123	CC-BY 3.0	illustration	wikimedia	svg	village	"Rensselaer County New York incorporated and unincorporated areas Schaghticoke (village) highlighted" by Rcsprinter123 is licensed under CC BY 3.0. To view a copy of this license, visit https://creativecommons.org/licenses/by/3.0/.	curl -O "https://upload.wikimedia.org/wikipedia/commons/a/aa/Rensselaer_County_New_York_incorporated_and_unincorporated_areas_Schaghticoke_%28village%29_highlighted.svg"
63c18193-da40-456f-ae3c-e562dfcc9032	Suffolk County, NY, towns and villages Town of East Hampton highlighted	MB-one	CC0	illustration	wikimedia	svg	village	"Suffolk County, NY, towns and villages Town of East Hampton highlighted" by MB-one is marked with CC0 1.0. To view the terms, visit https://creativecommons.org/publicdomain/zero/1.0/deed.en/.	curl -O "https://upload.wikimedia.org/wikipedia/commons/a/a0/Suffolk_County%2C_NY%2C_towns_and_villages_Town_of_East_Hampton_highlighted.svg"
12bb4ae7-1fe6-40f4-9776-569ee13ca899	Harris County Texas incorporated and unincorporated areas Hedwig Village highlighted	Rcsprinter123	CC-BY 3.0	illustration	wikimedia	svg	village	"Harris County Texas incorporated and unincorporated areas Hedwig Village highlighted" by Rcsprinter123 is licensed under CC BY 3.0. To view a copy of this license, visit https://creativecommons.org/licenses/by/3.0/.	curl -O "https://upload.wikimedia.org/wikipedia/commons/9/94/Harris_County_Texas_incorporated_and_unincorporated_areas_Hedwig_Village_highlighted.svg"
48f489f9-7628-40f4-9b90-45258b402ff7	Harris County Texas incorporated and unincorporated areas Taylor Lake Village highlighted	Rcsprinter123	CC-BY 3.0	illustration	wikimedia	svg	village	"Harris County Texas incorporated and unincorporated areas Taylor Lake Village highlighted" by Rcsprinter123 is licensed under CC BY 3.0. To view a copy of this license, visit https://creativecommons.org/licenses/by/3.0/.	curl -O "https://upload.wikimedia.org/wikipedia/commons/5/50/Harris_County_Texas_incorporated_and_unincorporated_areas_Taylor_Lake_Village_highlighted.svg"
b926f827-aec6-45db-8f6c-ee2227c26c88	Harris County Texas incorporated and unincorporated areas Hilshire Village highlighted	Rcsprinter123	CC-BY 3.0	illustration	wikimedia	svg	village	"Harris County Texas incorporated and unincorporated areas Hilshire Village highlighted" by Rcsprinter123 is licensed under CC BY 3.0. To view a copy of this license, visit https://creativecommons.org/licenses/by/3.0/.	curl -O "https://upload.wikimedia.org/wikipedia/commons/b/b5/Harris_County_Texas_incorporated_and_unincorporated_areas_Hilshire_Village_highlighted.svg"
83e08e2e-8472-43be-a010-af9b0294e4bb	Suffolk County, NY, towns and villages Westhampton Beach highlighted	MB-one	CC0	illustration	wikimedia	svg	village	"Suffolk County, NY, towns and villages Westhampton Beach highlighted" by MB-one is marked with CC0 1.0. To view the terms, visit https://creativecommons.org/publicdomain/zero/1.0/deed.en/.	curl -O "https://upload.wikimedia.org/wikipedia/commons/d/d2/Suffolk_County%2C_NY%2C_towns_and_villages_Westhampton_Beach_highlighted.svg"
f8f4cd16-2f88-4ef0-8e43-905083490890	Onondaga County New York incorporated and unincorporated areas Village Green highlighted	Rcsprinter123	CC-BY 3.0	illustration	wikimedia	svg	village	"Onondaga County New York incorporated and unincorporated areas Village Green highlighted" by Rcsprinter123 is licensed under CC BY 3.0. To view a copy of this license, visit https://creativecommons.org/licenses/by/3.0/.	curl -O "https://upload.wikimedia.org/wikipedia/commons/9/9d/Onondaga_County_New_York_incorporated_and_unincorporated_areas_Village_Green_highlighted.svg"
8f103de5-f476-40f0-a4bb-341567eb7f77	Orleans County New York incorporated and unincorporated areas Albion (village) highlighted	Rcsprinter123	CC-BY 3.0	illustration	wikimedia	svg	village	"Orleans County New York incorporated and unincorporated areas Albion (village) highlighted" by Rcsprinter123 is licensed under CC BY 3.0. To view a copy of this license, visit https://creativecommons.org/licenses/by/3.0/.	curl -O "https://upload.wikimedia.org/wikipedia/commons/7/75/Orleans_County_New_York_incorporated_and_unincorporated_areas_Albion_%28village%29_highlighted.svg"
be668391-bad3-4e7d-bdb8-859f9d8197df	Harris County Texas incorporated and unincorporated areas Piney Point Village highlighted	Rcsprinter123	CC-BY 3.0	illustration	wikimedia	svg	village	"Harris County Texas incorporated and unincorporated areas Piney Point Village highlighted" by Rcsprinter123 is licensed under CC BY 3.0. To view a copy of this license, visit https://creativecommons.org/licenses/by/3.0/.	curl -O "https://upload.wikimedia.org/wikipedia/commons/6/6a/Harris_County_Texas_incorporated_and_unincorporated_areas_Piney_Point_Village_highlighted.svg"
d269f85c-c7ab-42f4-b39b-452ec19af2e9	Harris County Texas incorporated and unincorporated areas Hunters Creek Village highlighted	Rcsprinter123	CC-BY 3.0	illustration	wikimedia	svg	village	"Harris County Texas incorporated and unincorporated areas Hunters Creek Village highlighted" by Rcsprinter123 is licensed under CC BY 3.0. To view a copy of this license, visit https://creativecommons.org/licenses/by/3.0/.	curl -O "https://upload.wikimedia.org/wikipedia/commons/8/8e/Harris_County_Texas_incorporated_and_unincorporated_areas_Hunters_Creek_Village_highlighted.svg"
358a3f3c-9286-4067-8a82-bed565f0c6d8	Suffolk County, NY, towns and villages Village of the Branch highlighted	MB-one	CC0	illustration	wikimedia	svg	village	"Suffolk County, NY, towns and villages Village of the Branch highlighted" by MB-one is marked with CC0 1.0. To view the terms, visit https://creativecommons.org/publicdomain/zero/1.0/deed.en/.	curl -O "https://upload.wikimedia.org/wikipedia/commons/e/ea/Suffolk_County%2C_NY%2C_towns_and_villages_Village_of_the_Branch_highlighted.svg"
44fac5d8-f3ec-4638-ad2c-0cc08e0af834	Menominee County Wisconsin incorporated and unincorporated areas Middle Village highlighted	Rcsprinter123	CC-BY 3.0	illustration	wikimedia	svg	village	"Menominee County Wisconsin incorporated and unincorporated areas Middle Village highlighted" by Rcsprinter123 is licensed under CC BY 3.0. To view a copy of this license, visit https://creativecommons.org/licenses/by/3.0/.	curl -O "https://upload.wikimedia.org/wikipedia/commons/e/e6/Menominee_County_Wisconsin_incorporated_and_unincorporated_areas_Middle_Village_highlighted.svg"
d3a1df63-6893-47e3-9949-616af3fd9a78	Monroe County New York incorporated and unincorporated areas Pittsford (village) highlighted	Rcsprinter123	CC-BY 3.0	illustration	wikimedia	svg	village	"Monroe County New York incorporated and unincorporated areas Pittsford (village) highlighted" by Rcsprinter123 is licensed under CC BY 3.0. To view a copy of this license, visit https://creativecommons.org/licenses/by/3.0/.	curl -O "https://upload.wikimedia.org/wikipedia/commons/9/96/Monroe_County_New_York_incorporated_and_unincorporated_areas_Pittsford_%28village%29_highlighted.svg"
b2403815-899a-400a-a61b-0822ec3a67b6	Orange County New York incorporated and unincorporated areas Goshen (village) highlighted	Rcsprinter123	CC-BY 3.0	illustration	wikimedia	svg	village	"Orange County New York incorporated and unincorporated areas Goshen (village) highlighted" by Rcsprinter123 is licensed under CC BY 3.0. To view a copy of this license, visit https://creativecommons.org/licenses/by/3.0/.	curl -O "https://upload.wikimedia.org/wikipedia/commons/2/2c/Orange_County_New_York_incorporated_and_unincorporated_areas_Goshen_%28village%29_highlighted.svg"
9ad2ab8b-eae4-4ee3-9067-50bbb4774807	Monroe County New York incorporated and unincorporated areas Webster (village) highlighted	Rcsprinter123	CC-BY 3.0	illustration	wikimedia	svg	village	"Monroe County New York incorporated and unincorporated areas Webster (village) highlighted" by Rcsprinter123 is licensed under CC BY 3.0. To view a copy of this license, visit https://creativecommons.org/licenses/by/3.0/.	curl -O "https://upload.wikimedia.org/wikipedia/commons/d/de/Monroe_County_New_York_incorporated_and_unincorporated_areas_Webster_%28village%29_highlighted.svg"
b7cba1e5-1f1e-49e9-9d36-82d067e34bd9	Nassau County New York incorporated and unincorporated areas Hempstead (village) highlighted	Rcsprinter123	CC-BY 3.0	illustration	wikimedia	svg	village	"Nassau County New York incorporated and unincorporated areas Hempstead (village) highlighted" by Rcsprinter123 is licensed under CC BY 3.0. To view a copy of this license, visit https://creativecommons.org/licenses/by/3.0/.	curl -O "https://upload.wikimedia.org/wikipedia/commons/8/82/Nassau_County_New_York_incorporated_and_unincorporated_areas_Hempstead_%28village%29_highlighted.svg"
029a3cc2-6515-41e2-be04-6295b0d4a73e	Erie County New York incorporated and unincorporated areas Grandlyle Village highlighted	Rcsprinter123	CC-BY 3.0	illustration	wikimedia	svg	village	"Erie County New York incorporated and unincorporated areas Grandlyle Village highlighted" by Rcsprinter123 is licensed under CC BY 3.0. To view a copy of this license, visit https://creativecommons.org/licenses/by/3.0/.	curl -O "https://upload.wikimedia.org/wikipedia/commons/0/05/Erie_County_New_York_incorporated_and_unincorporated_areas_Grandlyle_Village_highlighted.svg"
25ac2f78-5f22-4d4d-ac70-52f0ab485571	Orange County New York incorporated and unincorporated areas Montgomery (village) highlighted	Rcsprinter123	CC-BY 3.0	illustration	wikimedia	svg	village	"Orange County New York incorporated and unincorporated areas Montgomery (village) highlighted" by Rcsprinter123 is licensed under CC BY 3.0. To view a copy of this license, visit https://creativecommons.org/licenses/by/3.0/.	curl -O "https://upload.wikimedia.org/wikipedia/commons/c/c3/Orange_County_New_York_incorporated_and_unincorporated_areas_Montgomery_%28village%29_highlighted.svg"
7a709f04-f8d4-4656-a224-731abedd32bf	Erie County New York incorporated and unincorporated areas Alden (village) highlighted	Rcsprinter123	CC-BY 3.0	illustration	wikimedia	svg	village	"Erie County New York incorporated and unincorporated areas Alden (village) highlighted" by Rcsprinter123 is licensed under CC BY 3.0. To view a copy of this license, visit https://creativecommons.org/licenses/by/3.0/.	curl -O "https://upload.wikimedia.org/wikipedia/commons/2/2e/Erie_County_New_York_incorporated_and_unincorporated_areas_Alden_%28village%29_highlighted.svg"
1d41014d-d3d5-4f4c-a710-9dbf6b2134d0	Onondaga County New York incorporated and unincorporated areas Manlius (village) highlighted	Rcsprinter123	CC-BY 3.0	illustration	wikimedia	svg	village	"Onondaga County New York incorporated and unincorporated areas Manlius (village) highlighted" by Rcsprinter123 is licensed under CC BY 3.0. To view a copy of this license, visit https://creativecommons.org/licenses/by/3.0/.	curl -O "https://upload.wikimedia.org/wikipedia/commons/6/6c/Onondaga_County_New_York_incorporated_and_unincorporated_areas_Manlius_%28village%29_highlighted.svg"
ecacc1cf-2e98-4b64-804d-e2f168257d8a	Erie County New York incorporated and unincorporated areas Lancaster (village) highlighted	Rcsprinter123	CC-BY 3.0	illustration	wikimedia	svg	village	"Erie County New York incorporated and unincorporated areas Lancaster (village) highlighted" by Rcsprinter123 is licensed under CC BY 3.0. To view a copy of this license, visit https://creativecommons.org/licenses/by/3.0/.	curl -O "https://upload.wikimedia.org/wikipedia/commons/b/b8/Erie_County_New_York_incorporated_and_unincorporated_areas_Lancaster_%28village%29_highlighted.svg"
18986174-d8f2-4363-8a13-0f5ca600d841	Onondaga County New York incorporated and unincorporated areas Fabius (village) highlighted	Rcsprinter123	CC-BY 3.0	illustration	wikimedia	svg	village	"Onondaga County New York incorporated and unincorporated areas Fabius (village) highlighted" by Rcsprinter123 is licensed under CC BY 3.0. To view a copy of this license, visit https://creativecommons.org/licenses/by/3.0/.	curl -O "https://upload.wikimedia.org/wikipedia/commons/2/26/Onondaga_County_New_York_incorporated_and_unincorporated_areas_Fabius_%28village%29_highlighted.svg"
3ed96ff7-eb33-44ab-880a-74cc989b919b	Orange County New York incorporated and unincorporated areas Monroe (village) highlighted	Rcsprinter123	CC-BY 3.0	illustration	wikimedia	svg	village	"Orange County New York incorporated and unincorporated areas Monroe (village) highlighted" by Rcsprinter123 is licensed under CC BY 3.0. To view a copy of this license, visit https://creativecommons.org/licenses/by/3.0/.	curl -O "https://upload.wikimedia.org/wikipedia/commons/c/ce/Orange_County_New_York_incorporated_and_unincorporated_areas_Monroe_%28village%29_highlighted.svg"
83c46472-bad4-4337-b71f-e718432f8d81	Orange County New York incorporated and unincorporated areas Chester (village) highlighted	Rcsprinter123	CC-BY 3.0	illustration	wikimedia	svg	village	"Orange County New York incorporated and unincorporated areas Chester (village) highlighted" by Rcsprinter123 is licensed under CC BY 3.0. To view a copy of this license, visit https://creativecommons.org/licenses/by/3.0/.	curl -O "https://upload.wikimedia.org/wikipedia/commons/8/85/Orange_County_New_York_incorporated_and_unincorporated_areas_Chester_%28village%29_highlighted.svg"
0f1adbeb-4ba0-4488-92c9-416d321a2a25	Rockland County New York incorporated and unincorporated areas Haverstraw (village) highlighted	Rcsprinter123	CC-BY 3.0	illustration	wikimedia	svg	village	"Rockland County New York incorporated and unincorporated areas Haverstraw (village) highlighted" by Rcsprinter123 is licensed under CC BY 3.0. To view a copy of this license, visit https://creativecommons.org/licenses/by/3.0/.	curl -O "https://upload.wikimedia.org/wikipedia/commons/0/04/Rockland_County_New_York_incorporated_and_unincorporated_areas_Haverstraw_%28village%29_highlighted.svg"
424121bf-c47c-4ceb-ac3d-5fa9a920e305	Albany County New York incorporated and unincorporated areas Colonie (village) highlighted	Rcsprinter123	CC-BY 3.0	illustration	wikimedia	svg	village	"Albany County New York incorporated and unincorporated areas Colonie (village) highlighted" by Rcsprinter123 is licensed under CC BY 3.0. To view a copy of this license, visit https://creativecommons.org/licenses/by/3.0/.	curl -O "https://upload.wikimedia.org/wikipedia/commons/a/ad/Albany_County_New_York_incorporated_and_unincorporated_areas_Colonie_%28village%29_highlighted.svg"
7e656755-45fb-4553-afcd-7250b501eb67	Rensselaer County New York incorporated and unincorporated areas Nassau (village) highlighted	Rcsprinter123	CC-BY 3.0	illustration	wikimedia	svg	village	"Rensselaer County New York incorporated and unincorporated areas Nassau (village) highlighted" by Rcsprinter123 is licensed under CC BY 3.0. To view a copy of this license, visit https://creativecommons.org/licenses/by/3.0/.	curl -O "https://upload.wikimedia.org/wikipedia/commons/d/dd/Rensselaer_County_New_York_incorporated_and_unincorporated_areas_Nassau_%28village%29_highlighted.svg"
003233fb-948a-45a2-8e72-c8e93585820d	Onondaga County New York incorporated and unincorporated areas Tully (village) highlighted	Rcsprinter123	CC-BY 3.0	illustration	wikimedia	svg	village	"Onondaga County New York incorporated and unincorporated areas Tully (village) highlighted" by Rcsprinter123 is licensed under CC BY 3.0. To view a copy of this license, visit https://creativecommons.org/licenses/by/3.0/.	curl -O "https://upload.wikimedia.org/wikipedia/commons/5/55/Onondaga_County_New_York_incorporated_and_unincorporated_areas_Tully_%28village%29_highlighted.svg"
4b857e44-9d6d-4758-be8d-1b776866e7fe	Oswego County New York incorporated and unincorporated areas Sandy Creek (village) highlighted	Rcsprinter123	CC-BY 3.0	illustration	wikimedia	svg	village	"Oswego County New York incorporated and unincorporated areas Sandy Creek (village) highlighted" by Rcsprinter123 is licensed under CC BY 3.0. To view a copy of this license, visit https://creativecommons.org/licenses/by/3.0/.	curl -O "https://upload.wikimedia.org/wikipedia/commons/e/e8/Oswego_County_New_York_incorporated_and_unincorporated_areas_Sandy_Creek_%28village%29_highlighted.svg"
f6ecf7bd-1ff6-42c5-94a2-b240bc385df2	Onondaga County New York incorporated and unincorporated areas Camillus (village) highlighted	Rcsprinter123	CC-BY 3.0	illustration	wikimedia	svg	village	"Onondaga County New York incorporated and unincorporated areas Camillus (village) highlighted" by Rcsprinter123 is licensed under CC BY 3.0. To view a copy of this license, visit https://creativecommons.org/licenses/by/3.0/.	curl -O "https://upload.wikimedia.org/wikipedia/commons/5/59/Onondaga_County_New_York_incorporated_and_unincorporated_areas_Camillus_%28village%29_highlighted.svg"
29646547-ae58-4d37-91f9-9260cfc38fea	Erie County New York incorporated and unincorporated areas North Collins (village) highlighted	Rcsprinter123	CC-BY 3.0	illustration	wikimedia	svg	village	"Erie County New York incorporated and unincorporated areas North Collins (village) highlighted" by Rcsprinter123 is licensed under CC BY 3.0. To view a copy of this license, visit https://creativecommons.org/licenses/by/3.0/.	curl -O "https://upload.wikimedia.org/wikipedia/commons/6/65/Erie_County_New_York_incorporated_and_unincorporated_areas_North_Collins_%28village%29_highlighted.svg"
ebb5b7aa-a19b-45ce-9cda-af536b3d774d	Orange County New York incorporated and unincorporated areas Warwick (village) highlighted	Rcsprinter123	CC-BY 3.0	illustration	wikimedia	svg	village	"Orange County New York incorporated and unincorporated areas Warwick (village) highlighted" by Rcsprinter123 is licensed under CC BY 3.0. To view a copy of this license, visit https://creativecommons.org/licenses/by/3.0/.	curl -O "https://upload.wikimedia.org/wikipedia/commons/d/df/Orange_County_New_York_incorporated_and_unincorporated_areas_Warwick_%28village%29_highlighted.svg"
61313fad-8060-43f3-907b-b8ad5596715f	Erie County New York incorporated and unincorporated areas Orchard Park (village) highlighted	Rcsprinter123	CC-BY 3.0	illustration	wikimedia	svg	village	"Erie County New York incorporated and unincorporated areas Orchard Park (village) highlighted" by Rcsprinter123 is licensed under CC BY 3.0. To view a copy of this license, visit https://creativecommons.org/licenses/by/3.0/.	curl -O "https://upload.wikimedia.org/wikipedia/commons/a/aa/Erie_County_New_York_incorporated_and_unincorporated_areas_Orchard_Park_%28village%29_highlighted.svg"
4665ff17-116b-4cc7-b6f2-29cc9f3a694a	0005 Village Alix, Alberta Locator	awmcphee	CC0	illustration	wikimedia	svg	village	"0005 Village Alix, Alberta Locator" by awmcphee is marked with CC0 1.0. To view the terms, visit https://creativecommons.org/publicdomain/zero/1.0/deed.en/.	curl -O "https://upload.wikimedia.org/wikipedia/commons/f/f7/0005_Village_Alix%2C_Alberta_Locator.svg"
58e2cb61-a70c-498a-be5f-4a9296aea431	Suffolk County, NY, towns and villages Town of Brookhaven highlighted	MB-one	CC0	illustration	wikimedia	svg	village	"Suffolk County, NY, towns and villages Town of Brookhaven highlighted" by MB-one is marked with CC0 1.0. To view the terms, visit https://creativecommons.org/publicdomain/zero/1.0/deed.en/.	curl -O "https://upload.wikimedia.org/wikipedia/commons/c/c1/Suffolk_County%2C_NY%2C_towns_and_villages_Town_of_Brookhaven_highlighted.svg"
22f2add9-2c20-400b-bf3f-71ad500ebaf4	0076 Village Coutts, Alberta Locator	awmcphee	CC0	illustration	wikimedia	svg	village	"0076 Village Coutts, Alberta Locator" by awmcphee is marked with CC0 1.0. To view the terms, visit https://creativecommons.org/publicdomain/zero/1.0/deed.en.	curl -O "https://upload.wikimedia.org/wikipedia/commons/4/44/0076_Village_Coutts%2C_Alberta_Locator.svg"
1d8ddfc3-8232-40f1-9160-725ff6a9ff09	Suffolk County, NY, towns and villages East Hampton highlighted	MB-one	CC0	illustration	wikimedia	svg	village	"Suffolk County, NY, towns and villages East Hampton highlighted" by MB-one is marked with CC0 1.0. To view the terms, visit https://creativecommons.org/publicdomain/zero/1.0/deed.en/.	curl -O "https://upload.wikimedia.org/wikipedia/commons/c/ca/Suffolk_County%2C_NY%2C_towns_and_villages_East_Hampton_highlighted.svg"
50ac9f3c-f695-4cb1-8787-649a0f2a09af	Suffolk County, NY, towns and villages Southampton highlighted	MB-one	CC0	illustration	wikimedia	svg	village	"Suffolk County, NY, towns and villages Southampton highlighted" by MB-one is marked with CC0 1.0. To view the terms, visit https://creativecommons.org/publicdomain/zero/1.0/deed.en/.	curl -O "https://upload.wikimedia.org/wikipedia/commons/3/3e/Suffolk_County%2C_NY%2C_towns_and_villages_Southampton_highlighted.svg"
b5011bff-6430-4713-93a6-f132dd5e5574	Onondaga County New York incorporated and unincorporated areas Skaneateles (village) highlighted	Rcsprinter123	CC-BY 3.0	illustration	wikimedia	svg	village	"Onondaga County New York incorporated and unincorporated areas Skaneateles (village) highlighted" by Rcsprinter123 is licensed under CC BY 3.0. To view a copy of this license, visit https://creativecommons.org/licenses/by/3.0/.	curl -O "https://upload.wikimedia.org/wikipedia/commons/4/45/Onondaga_County_New_York_incorporated_and_unincorporated_areas_Skaneateles_%28village%29_highlighted.svg"
29b49455-a2ef-46c4-9c87-454cd7253a96	Windsor County Vermont incorporated and unincorporated areas Ludlow (village) highlighted	Rcsprinter123	CC-BY 3.0	illustration	wikimedia	svg	village	"Windsor County Vermont incorporated and unincorporated areas Ludlow (village) highlighted" by Rcsprinter123 is licensed under CC BY 3.0. To view a copy of this license, visit https://creativecommons.org/licenses/by/3.0/.	curl -O "https://upload.wikimedia.org/wikipedia/commons/5/5d/Windsor_County_Vermont_incorporated_and_unincorporated_areas_Ludlow_%28village%29_highlighted.svg"
e7161a24-a10f-41c0-8171-36cb2995fc2a	Onondaga County New York incorporated and unincorporated areas Marcellus (village) highlighted	Rcsprinter123	CC-BY 3.0	illustration	wikimedia	svg	village	"Onondaga County New York incorporated and unincorporated areas Marcellus (village) highlighted" by Rcsprinter123 is licensed under CC BY 3.0. To view a copy of this license, visit https://creativecommons.org/licenses/by/3.0/.	curl -O "https://upload.wikimedia.org/wikipedia/commons/8/80/Onondaga_County_New_York_incorporated_and_unincorporated_areas_Marcellus_%28village%29_highlighted.svg"
41b397ae-e128-4d3f-a843-8dd0cf57e1cb	Suffolk County, NY, towns and villages Town of Riverhead highlighted	MB-one	CC0	illustration	wikimedia	svg	village	"Suffolk County, NY, towns and villages Town of Riverhead highlighted" by MB-one is marked with CC0 1.0. To view the terms, visit https://creativecommons.org/publicdomain/zero/1.0/deed.en/.	curl -O "https://upload.wikimedia.org/wikipedia/commons/c/c9/Suffolk_County%2C_NY%2C_towns_and_villages_Town_of_Riverhead_highlighted.svg"
a3105b74-f7ae-4fea-bfbb-042f97ee7138	Suffolk County, NY, towns and villages Town of Smithtown highlighted	MB-one	CC0	illustration	wikimedia	svg	village	"Suffolk County, NY, towns and villages Town of Smithtown highlighted" by MB-one is marked with CC0 1.0. To view the terms, visit https://creativecommons.org/publicdomain/zero/1.0/deed.en/.	curl -O "https://upload.wikimedia.org/wikipedia/commons/d/db/Suffolk_County%2C_NY%2C_towns_and_villages_Town_of_Smithtown_highlighted.svg"
81d737c2-903c-4c71-be39-1ff7a2ff609e	Suffolk County, NY, towns and villages Town of Southold highlighted	MB-one	CC0	illustration	wikimedia	svg	village	"Suffolk County, NY, towns and villages Town of Southold highlighted" by MB-one is marked with CC0 1.0. To view the terms, visit https://creativecommons.org/publicdomain/zero/1.0/deed.en/.	curl -O "https://upload.wikimedia.org/wikipedia/commons/b/ba/Suffolk_County%2C_NY%2C_towns_and_villages_Town_of_Southold_highlighted.svg"
89168663-3c76-47ce-8588-dc4dc6d92a54	Suffolk County, NY, towns and villages Town of Shelter Island highlighted	MB-one	CC0	illustration	wikimedia	svg	village	"Suffolk County, NY, towns and villages Town of Shelter Island highlighted" by MB-one is marked with CC0 1.0. To view the terms, visit https://creativecommons.org/publicdomain/zero/1.0/deed.en/.	curl -O "https://upload.wikimedia.org/wikipedia/commons/e/e1/Suffolk_County%2C_NY%2C_towns_and_villages_Town_of_Shelter_Island_highlighted.svg"
636d9e48-57dd-4bbc-b57e-56c2c09d3d72	Suffolk County, NY, towns and villages Town of Southampton highlighted	MB-one	CC0	illustration	wikimedia	svg	village	"Suffolk County, NY, towns and villages Town of Southampton highlighted" by MB-one is marked with CC0 1.0. To view the terms, visit https://creativecommons.org/publicdomain/zero/1.0/deed.en/.	curl -O "https://upload.wikimedia.org/wikipedia/commons/5/50/Suffolk_County%2C_NY%2C_towns_and_villages_Town_of_Southampton_highlighted.svg"
507812d5-5df9-4e4a-9e97-5adb5d89353f	0560T Celilo Village Locator Map	awmcphee	CC0	illustration	wikimedia	svg	village	"0560T Celilo Village Locator Map" by awmcphee is marked with CC0 1.0. To view the terms, visit https://creativecommons.org/publicdomain/zero/1.0/deed.en.	curl -O "https://upload.wikimedia.org/wikipedia/commons/a/a1/0560T_Celilo_Village_Locator_Map.svg"
660158aa-f412-4e67-85dc-4557324e277f	DC Neighborhoods - Colonial Village	James Hare	CC-BY 3.0	illustration	wikimedia	svg	village	"DC Neighborhoods - Colonial Village" by James Hare is licensed under CC BY 3.0. To view a copy of this license, visit https://creativecommons.org/licenses/by/3.0/.	curl -O "https://upload.wikimedia.org/wikipedia/commons/2/20/DC_Neighborhoods_-_Colonial_Village.svg"
d5b120a0-1315-480f-9b4c-9e67a5591d99	Chittenden County Vermont incorporated and unincorporated areas Jericho (village) highlighted	Rcsprinter123	CC-BY 3.0	illustration	wikimedia	svg	village	"Chittenden County Vermont incorporated and unincorporated areas Jericho (village) highlighted" by Rcsprinter123 is licensed under CC BY 3.0. To view a copy of this license, visit https://creativecommons.org/licenses/by/3.0/.	curl -O "https://upload.wikimedia.org/wikipedia/commons/4/47/Chittenden_County_Vermont_incorporated_and_unincorporated_areas_Jericho_%28village%29_highlighted.svg"
11a6aac1-4da6-4975-862a-818a82113e73	Windsor County Vermont incorporated and unincorporated areas Woodstock (village) highlighted	Rcsprinter123	CC-BY 3.0	illustration	wikimedia	svg	village	"Windsor County Vermont incorporated and unincorporated areas Woodstock (village) highlighted" by Rcsprinter123 is licensed under CC BY 3.0. To view a copy of this license, visit https://creativecommons.org/licenses/by/3.0/.	curl -O "https://upload.wikimedia.org/wikipedia/commons/1/1d/Windsor_County_Vermont_incorporated_and_unincorporated_areas_Woodstock_%28village%29_highlighted.svg"
db3e2969-658a-4901-ad22-4255e5189e7d	Blason village be Baisy Thy	?	CC0	illustration	wikimedia	svg	village	"Blason village be Baisy Thy" is marked with CC0 1.0. To view the terms, visit https://creativecommons.org/publicdomain/zero/1.0/deed.en/.	curl -O "https://upload.wikimedia.org/wikipedia/commons/c/c0/Blason_village_be_Baisy_Thy.svg"
3e074a04-9f97-47b8-949d-9f848fef7304	Blason village be Sint Kruis	?	CC0	illustration	wikimedia	svg	village	"Blason village be Sint Kruis" is marked with CC0 1.0. To view the terms, visit https://creativecommons.org/publicdomain/zero/1.0/deed.en/.	curl -O "https://upload.wikimedia.org/wikipedia/commons/b/b2/Blason_village_be_Sint_Kruis.svg"
bdfcc63b-572a-49bb-9b91-e579bcacfea8	Suffolk County, NY, towns and villages Town of Babylon highlighted	MB-one	CC0	illustration	wikimedia	svg	village	"Suffolk County, NY, towns and villages Town of Babylon highlighted" by MB-one is marked with CC0 1.0. To view the terms, visit https://creativecommons.org/publicdomain/zero/1.0/deed.en/.	curl -O "https://upload.wikimedia.org/wikipedia/commons/e/e4/Suffolk_County%2C_NY%2C_towns_and_villages_Town_of_Babylon_highlighted.svg"
eac97157-7668-4718-89a4-9d6503fd8697	Harris County Texas incorporated and unincorporated areas Jersey Village highlighted	Rcsprinter123	CC-BY 3.0	illustration	wikimedia	svg	village	"Harris County Texas incorporated and unincorporated areas Jersey Village highlighted" by Rcsprinter123 is licensed under CC BY 3.0. To view a copy of this license, visit https://creativecommons.org/licenses/by/3.0/.	curl -O "https://upload.wikimedia.org/wikipedia/commons/d/dd/Harris_County_Texas_incorporated_and_unincorporated_areas_Jersey_Village_highlighted.svg"
01e06489-45f0-465e-bfa9-f2e7ed798f5c	Blason village be Argenteau	?	CC0	illustration	wikimedia	svg	village	"Blason village be Argenteau" is marked with CC0 1.0. To view the terms, visit https://creativecommons.org/publicdomain/zero/1.0/deed.en/.	curl -O "https://upload.wikimedia.org/wikipedia/commons/9/93/Blason_village_be_Argenteau.svg"
201ec9ab-c296-432b-b008-b7b272874372	MapOfAinuLanguage-Village	AsPJT	CC0	illustration	wikimedia	svg	village	"MapOfAinuLanguage-Village" by AsPJT is marked with CC0 1.0. To view the terms, visit https://creativecommons.org/publicdomain/zero/1.0/deed.en/.	curl -O "https://upload.wikimedia.org/wikipedia/commons/f/f6/MapOfAinuLanguage-Village.svg"
2ddab45a-8e6a-4c11-bbee-b3b35cb6ad63	Suffolk County, NY, towns and villages Amityville highlighted	MB-one	CC0	illustration	wikimedia	svg	village	"Suffolk County, NY, towns and villages Amityville highlighted" by MB-one is marked with CC0 1.0. To view the terms, visit https://creativecommons.org/publicdomain/zero/1.0/deed.en/.	curl -O "https://upload.wikimedia.org/wikipedia/commons/9/97/Suffolk_County%2C_NY%2C_towns_and_villages_Amityville_highlighted.svg"
b717c78f-0c28-4bd9-82c0-e856d8a03d45	Flag of the Animal Farm	Positiv	CC-BY 2.5	illustration	wikimedia	svg	farm	"Flag of the Animal Farm" by Positiv is licensed under CC BY 2.5. To view a copy of this license, visit https://creativecommons.org/licenses/by/2.5/.	curl -O "https://upload.wikimedia.org/wikipedia/commons/4/44/Flag_of_the_Animal_Farm.svg"
6e067a59-0ac2-4e37-8849-e81d38c0bf5a	Owner Carrot Farm	Ocdp	CC0	illustration	wikimedia	svg	farm	"Owner Carrot Farm" by Ocdp is marked with CC0 1.0. To view the terms, visit https://creativecommons.org/publicdomain/zero/1.0/deed.en/.	curl -O "https://upload.wikimedia.org/wikipedia/commons/d/da/Owner_Carrot_Farm.svg"
6afb3131-c0e1-4b98-9bc6-9b2b2726f202	Pike County Pennsylvania incorporated and unincorporated areas Hemlock Farms highlighted	Rcsprinter123	CC-BY 3.0	illustration	wikimedia	svg	farm	"Pike County Pennsylvania incorporated and unincorporated areas Hemlock Farms highlighted" by Rcsprinter123 is licensed under CC BY 3.0. To view a copy of this license, visit https://creativecommons.org/licenses/by/3.0/.	curl -O "https://upload.wikimedia.org/wikipedia/commons/5/5b/Pike_County_Pennsylvania_incorporated_and_unincorporated_areas_Hemlock_Farms_highlighted.svg"
6076de16-6606-41da-967e-4c49c434d7f4	Global share of farms and area operated by farm size	http://www.fao.org Food and Agriculture Organization	CC-BY 4.0	illustration	wikimedia	svg	farm	"Global share of farms and area operated by farm size" by http://www.fao.org Food and Agriculture Organization is licensed under CC BY 4.0. To view a copy of this license, visit https://creativecommons.org/licenses/by/4.0/.	curl -O "https://upload.wikimedia.org/wikipedia/commons/1/13/Global_share_of_farms_and_area_operated_by_farm_size.svg"
0581d65f-2a5d-4b8b-b03d-4a693ad44cea	Distribution of 571 million farms by region, 2025	http://www.fao.org Food and Agriculture Organization	CC-BY 4.0	illustration	wikimedia	svg	farm	"Distribution of 571 million farms by region, 2025" by http://www.fao.org Food and Agriculture Organization is licensed under CC BY 4.0. To view a copy of this license, visit https://creativecommons.org/licenses/by/4.0/.	curl -O "https://upload.wikimedia.org/wikipedia/commons/8/89/Distribution_of_571_million_farms_by_region%2C_2025.svg"
3c7cc471-cc75-425f-8a56-aaf16f89f010	Contribution of different farm sizes to global dietary energy production by crop group	http://www.fao.org Food and Agriculture Organization	CC-BY 4.0	illustration	wikimedia	svg	farm	"Contribution of different farm sizes to global dietary energy production by crop group" by http://www.fao.org Food and Agriculture Organization is licensed under CC BY 4.0. To view a copy of this license, visit https://creativecommons.org/licenses/by/4.0/.	curl -O "https://upload.wikimedia.org/wikipedia/commons/c/ce/Contribution_of_different_farm_sizes_to_global_dietary_energy_production_by_crop_group.svg"
e79cdce5-dbd5-4f4e-b428-91ac8bed4bbc	Mean and median farm sizes by country income group	http://www.fao.org Food and Agriculture Organization	CC-BY 4.0	illustration	wikimedia	svg	farm	"Mean and median farm sizes by country income group" by http://www.fao.org Food and Agriculture Organization is licensed under CC BY 4.0. To view a copy of this license, visit https://creativecommons.org/licenses/by/4.0/.	curl -O "https://upload.wikimedia.org/wikipedia/commons/b/ba/Mean_and_median_farm_sizes_by_country_income_group.svg"
413bcd7e-8994-4386-81d1-f8811e7c478e	Owner Green Farm	Ocdp	CC0	illustration	wikimedia	svg	farm	"Owner Green Farm" by Ocdp is marked with CC0 1.0. To view the terms, visit https://creativecommons.org/publicdomain/zero/1.0/deed.en/.	curl -O "https://upload.wikimedia.org/wikipedia/commons/e/ec/Owner_Green_Farm.svg"
b6bea792-f92a-4744-b6c7-b164152b1de8	Owner Taiki Farm	Ocdp	CC0	illustration	wikimedia	svg	farm	"Owner Taiki Farm" by Ocdp is marked with CC0 1.0. To view the terms, visit https://creativecommons.org/publicdomain/zero/1.0/deed.en/.	curl -O "https://upload.wikimedia.org/wikipedia/commons/0/03/Owner_Taiki_Farm.svg"
80888e0d-0a0b-4257-aa3d-0ac411e089d1	Wind Farm (2075) - The Noun Project	Iconathon	CC0	illustration	wikimedia	svg	farm	"Wind Farm (2075) - The Noun Project" by Iconathon is marked with CC0 1.0. To view the terms, visit https://creativecommons.org/publicdomain/zero/1.0/deed.en/.	curl -O "https://upload.wikimedia.org/wikipedia/commons/4/4c/Wind_Farm_%282075%29_-_The_Noun_Project.svg"
a3b41a43-91d9-40bb-845b-6cb2ad98a7b7	Current Foster Farms logo	Foster Farms, Inc.	CC-BY 4.0	illustration	wikimedia	svg	farm	"Current Foster Farms logo" by Foster Farms, Inc. is licensed under CC BY 4.0. To view a copy of this license, visit https://creativecommons.org/licenses/by/4.0/.	curl -O "https://upload.wikimedia.org/wikipedia/commons/b/be/Current_Foster_Farms_logo.svg"
61663e42-110c-48d2-b4d5-0d59492911aa	Owner Mishima Farm	印度孔雀	CC0	illustration	wikimedia	svg	farm	"Owner Mishima Farm" by 印度孔雀 is marked with CC0 1.0. To view the terms, visit https://creativecommons.org/publicdomain/zero/1.0/deed.en/.	curl -O "https://upload.wikimedia.org/wikipedia/commons/6/6b/Owner_Mishima_Farm.svg"
b938d627-20bb-411f-9686-f2779137d8e6	Owner Nisshin Farm	Ocdp	CC0	illustration	wikimedia	svg	farm	"Owner Nisshin Farm" by Ocdp is marked with CC0 1.0. To view the terms, visit https://creativecommons.org/publicdomain/zero/1.0/deed.en/.	curl -O "https://upload.wikimedia.org/wikipedia/commons/5/5b/Owner_Nisshin_Farm.svg"
c6a61de4-8171-4806-b2a5-85e839033d28	Owner Taiyo Farm	Ocdp	CC0	illustration	wikimedia	svg	farm	"Owner Taiyo Farm" by Ocdp is marked with CC0 1.0. To view the terms, visit https://creativecommons.org/publicdomain/zero/1.0/deed.en/.	curl -O "https://upload.wikimedia.org/wikipedia/commons/9/9d/Owner_Taiyo_Farm.svg"
652f7826-2a08-4c58-b76b-92d797b299e2	Owner Tanigawa Farm	印度孔雀	CC0	illustration	wikimedia	svg	farm	"Owner Tanigawa Farm" by 印度孔雀 is marked with CC0 1.0. To view the terms, visit https://creativecommons.org/publicdomain/zero/1.0/deed.en/.	curl -O "https://upload.wikimedia.org/wikipedia/commons/c/c2/Owner_Tanigawa_Farm.svg"
02dca75b-079f-4a4d-9905-a0632645ab25	Owner Bando Farm	Ocdp	CC0	illustration	wikimedia	svg	farm	"Owner Bando Farm" by Ocdp is marked with CC0 1.0. To view the terms, visit https://creativecommons.org/publicdomain/zero/1.0/deed.en/.	curl -O "https://upload.wikimedia.org/wikipedia/commons/b/b6/Owner_Bando_Farm.svg"
e50dc124-cc44-46a3-9ede-6a90956f4a86	Owner Onward Farm	印度孔雀	CC0	illustration	wikimedia	svg	farm	"Owner Onward Farm" by 印度孔雀 is marked with CC0 1.0. To view the terms, visit https://creativecommons.org/publicdomain/zero/1.0/deed.en/.	curl -O "https://upload.wikimedia.org/wikipedia/commons/4/41/Owner_Onward_Farm.svg"
185f79b0-2862-427e-88a1-799227c1f52c	Owner Nishikioka Farm	Ocdp	CC0	illustration	wikimedia	svg	farm	"Owner Nishikioka Farm" by Ocdp is marked with CC0 1.0. To view the terms, visit https://creativecommons.org/publicdomain/zero/1.0/deed.en/.	curl -O "https://upload.wikimedia.org/wikipedia/commons/1/1e/Owner_Nishikioka_Farm.svg"
ed7c4533-15ac-48f1-adc0-49885e0ea615	Aquaculture farmed fish production, World, 2023 (cropped)	Our World In Data	CC-BY 4.0	illustration	wikimedia	svg	farm	"Aquaculture farmed fish production, World, 2023 (cropped)" by Our World In Data is licensed under CC BY 4.0. To view a copy of this license, visit https://creativecommons.org/licenses/by/4.0/.	curl -O "https://upload.wikimedia.org/wikipedia/commons/3/32/Aquaculture_farmed_fish_production%2C_World%2C_2023_%28cropped%29.svg?utm_source=commons.wikimedia.org&utm_campaign=imageinfo&utm_content=original"
52c6cce9-50d4-468e-b4fc-45ca2a1423a5	Owner Fujiwara Farm	印度孔雀	CC0	illustration	wikimedia	svg	farm	"Owner Fujiwara Farm" by 印度孔雀 is marked with CC0 1.0. To view the terms, visit https://creativecommons.org/publicdomain/zero/1.0/deed.en/.	curl -O "https://upload.wikimedia.org/wikipedia/commons/1/12/Owner_Fujiwara_Farm.svg"
04a6eacc-3386-487c-87fd-ac829b3cea8f	Owner Tobino Farm	Ocdp	CC0	illustration	wikimedia	svg	farm	"Owner Tobino Farm" by Ocdp is marked with CC0 1.0. To view the terms, visit https://creativecommons.org/publicdomain/zero/1.0/deed.en/.	curl -O "https://upload.wikimedia.org/wikipedia/commons/7/72/Owner_Tobino_Farm.svg"
0a010f68-682c-4e25-8fa7-3b52305c112f	Owner Makimoto Farm	Ocdp	CC0	illustration	wikimedia	svg	farm	"Owner Makimoto Farm" by Ocdp is marked with CC0 1.0. To view the terms, visit https://creativecommons.org/publicdomain/zero/1.0/deed.en/.	curl -O "https://upload.wikimedia.org/wikipedia/commons/5/50/Owner_Makimoto_Farm.svg"
8794eb5c-35f4-42db-a4c0-4a724ae78ef9	Owner Bamboo Farm	Ocdp	CC0	illustration	wikimedia	svg	farm	"Owner Bamboo Farm" by Ocdp is marked with CC0 1.0. To view the terms, visit https://creativecommons.org/publicdomain/zero/1.0/deed.en/.	curl -O "https://upload.wikimedia.org/wikipedia/commons/d/d9/Owner_Bamboo_Farm.svg"
93f0dfea-1640-4946-9c4f-303cddf90fd8	Owner Kyowa Farm	Ocdp	CC0	illustration	wikimedia	svg	farm	"Owner Kyowa Farm" by Ocdp is marked with CC0 1.0. To view the terms, visit https://creativecommons.org/publicdomain/zero/1.0/deed.en/.	curl -O "https://upload.wikimedia.org/wikipedia/commons/a/aa/Owner_Kyowa_Farm.svg"
893c02f1-92e0-444f-bdea-a4fe0d3574da	Owner Belmont Farm	Ocdp	CC0	illustration	wikimedia	svg	farm	"Owner Belmont Farm" by Ocdp is marked with CC0 1.0. To view the terms, visit https://creativecommons.org/publicdomain/zero/1.0/deed.en/.	curl -O "https://upload.wikimedia.org/wikipedia/commons/a/a4/Owner_Belmont_Farm.svg"
8a6798a2-8c8a-4d52-abdd-cdcd5ee4dadf	Owner Tsuji Farm	印度孔雀	CC0	illustration	wikimedia	svg	farm	"Owner Tsuji Farm" by 印度孔雀 is marked with CC0 1.0. To view the terms, visit https://creativecommons.org/publicdomain/zero/1.0/deed.en/.	curl -O "https://upload.wikimedia.org/wikipedia/commons/1/15/Owner_Tsuji_Farm.svg"
4a85a463-2cb9-42c7-af44-b8f670fd4f37	Owner Symboli Farm	Ocdp	CC0	illustration	wikimedia	svg	farm	"Owner Symboli Farm" by Ocdp is marked with CC0 1.0. To view the terms, visit https://creativecommons.org/publicdomain/zero/1.0/deed.en/.	curl -O "https://upload.wikimedia.org/wikipedia/commons/0/03/Owner_Symboli_Farm.svg"
57576875-fa21-4b51-9f1e-127d87c5e209	Owner Chigira Farm	Ocdp	CC0	illustration	wikimedia	svg	farm	"Owner Chigira Farm" by Ocdp is marked with CC0 1.0. To view the terms, visit https://creativecommons.org/publicdomain/zero/1.0/deed.en/.	curl -O "https://upload.wikimedia.org/wikipedia/commons/7/78/Owner_Chigira_Farm.svg"
3365dce0-d9f7-4611-ac14-486e3a50dfa5	Owner Mill Farm	印度孔雀	CC0	illustration	wikimedia	svg	farm	"Owner Mill Farm" by 印度孔雀 is marked with CC0 1.0. To view the terms, visit https://creativecommons.org/publicdomain/zero/1.0/deed.en/.	curl -O "https://upload.wikimedia.org/wikipedia/commons/e/ed/Owner_Mill_Farm.svg"
9bb7e5f5-4b76-4620-838f-3564fd49400b	Owner Taihoku Farm	印度孔雀	CC0	illustration	wikimedia	svg	farm	"Owner Taihoku Farm" by 印度孔雀 is marked with CC0 1.0. To view the terms, visit https://creativecommons.org/publicdomain/zero/1.0/deed.en/.	curl -O "https://upload.wikimedia.org/wikipedia/commons/a/a9/Owner_Taihoku_Farm.svg"
4b980c0d-bba1-49db-bb46-a68fc2fcc8d7	Owner blue stars farm	Ocdp	CC0	illustration	wikimedia	svg	farm	"Owner blue stars farm" by Ocdp is marked with CC0 1.0. To view the terms, visit https://creativecommons.org/publicdomain/zero/1.0/deed.en/.	curl -O "https://upload.wikimedia.org/wikipedia/commons/5/53/Owner_blue_stars_farm.svg"
bfc46951-0620-498d-b51f-a0fe1d394ca0	Sea View Farm in Antigua	CROIX	CC-BY 4.0	illustration	wikimedia	svg	farm	"Sea View Farm in Antigua" by CROIX is licensed under CC BY 4.0. To view a copy of this license, visit https://creativecommons.org/licenses/by/4.0/.	curl -O "https://upload.wikimedia.org/wikipedia/commons/9/91/Sea_View_Farm_in_Antigua.svg"
b91376b6-1739-4aac-a973-cd6c69ba81d9	Owner Yanagawa Farm	Ocdp	CC0	illustration	wikimedia	svg	farm	"Owner Yanagawa Farm" by Ocdp is marked with CC0 1.0. To view the terms, visit https://creativecommons.org/publicdomain/zero/1.0/deed.en/.	curl -O "https://upload.wikimedia.org/wikipedia/commons/d/d2/Owner_Yanagawa_Farm.svg"
0767c9f3-a72a-4d8f-8e93-f96d5aacad57	Farm clipart, agriculture illustration vector	?	CC0	illustration	rawpixel	eps	farm	"Farm clipart, agriculture illustration vector" is marked with CC0 1.0. To view the terms, visit https://creativecommons.org/publicdomain/zero/1.0/.	curl -O "https://images.rawpixel.com/editor_1024/cHJpdmF0ZS9sci9pbWFnZXMvd2Vic2l0ZS8yMDIyLTA1L2pvYjczMC0wMjMtdi5qcGc.jpg"
40b92ff6-666e-4c0e-829d-39c2ae8f574e	farm	?	CC0	illustration	svgsilh	?	farm	"farm" is marked with CC0 1.0. To view the terms, visit https://creativecommons.org/publicdomain/zero/1.0/.	curl -O "https://svgsilh.com/png/159802-ffc107.png"
db42348d-6b0f-4df6-945b-b85d67982f5e	Pink pig clipart, farm animal	?	CC0	illustration	rawpixel	jpg	farm	"Pink pig clipart, farm animal" is marked with CC0 1.0. To view the terms, visit https://creativecommons.org/publicdomain/zero/1.0/.	curl -O "https://images.rawpixel.com/editor_1024/czNmcy1wcml2YXRlL3Jhd3BpeGVsX2ltYWdlcy93ZWJzaXRlX2NvbnRlbnQvam9iNjY4LTE2Ni14XzEtbDE0YW9xdjkuanBn.jpg"
ebf16070-c01a-4741-8186-8e1070e99535	Draft horse png sticker, farm	?	CC0	illustration	rawpixel	png	farm	"Draft horse png sticker, farm" is marked with CC0 1.0. To view the terms, visit https://creativecommons.org/publicdomain/zero/1.0/.	curl -O "https://images.rawpixel.com/image_png_1300/czNmcy1wcml2YXRlL3Jhd3BpeGVsX2ltYWdlcy93ZWJzaXRlX2NvbnRlbnQvam9iNjY5LTEzOS1wLWwxYWR1Nm9nLnBuZw.png"
28c42307-e1f8-4817-b7d3-e07dee9972c0	Goat png sticker farm animal	?	CC0	illustration	rawpixel	png	farm	"Goat png sticker farm animal" is marked with CC0 1.0. To view the terms, visit https://creativecommons.org/publicdomain/zero/1.0/.	curl -O "https://images.rawpixel.com/image_png_1300/cHJpdmF0ZS9sci9pbWFnZXMvd2Vic2l0ZS8yMDIyLTA0L2pvYjcxMi0wMjgtcC5wbmc.png"
af08f5fc-473b-44c7-aaf5-be8ea134b51e	Wheelbarrow drawing, farming equipment vintage	?	CC0	illustration	rawpixel	jpg	farm	"Wheelbarrow drawing, farming equipment vintage" is marked with CC0 1.0. To view the terms, visit https://creativecommons.org/publicdomain/zero/1.0/.	curl -O "https://images.rawpixel.com/editor_1024/czNmcy1wcml2YXRlL3Jhd3BpeGVsX2ltYWdlcy93ZWJzaXRlX2NvbnRlbnQvam9iNjcwLTAxODYteC5qcGc.jpg"
5059e86e-a07c-4003-89ad-9719f4db0b8c	Farming tractor png sticker, transparent	?	CC0	illustration	rawpixel	png	farm	"Farming tractor png sticker, transparent" is marked with CC0 1.0. To view the terms, visit https://creativecommons.org/publicdomain/zero/1.0/.	curl -O "https://images.rawpixel.com/image_png_1300/cHJpdmF0ZS9sci9pbWFnZXMvd2Vic2l0ZS8yMDIyLTA2L2pvYjk0OC0xOTEtcF8xLnBuZw.png"
9081029e-16f1-4f1e-b4bc-41b85f03df3f	Alpaca drawing, farm animal vintage	?	CC0	illustration	rawpixel	jpg	farm	"Alpaca drawing, farm animal vintage" is marked with CC0 1.0. To view the terms, visit https://creativecommons.org/publicdomain/zero/1.0/.	curl -O "https://images.rawpixel.com/editor_1024/czNmcy1wcml2YXRlL3Jhd3BpeGVsX2ltYWdlcy93ZWJzaXRlX2NvbnRlbnQvam9iNjcxLTAyNS14LmpwZw.jpg"
c9c61c11-a119-4989-9d15-2062f0212f9b	Chicken png sticker, farm animal	?	CC0	illustration	rawpixel	png	farm	"Chicken png sticker, farm animal" is marked with CC0 1.0. To view the terms, visit https://creativecommons.org/publicdomain/zero/1.0/.	curl -O "https://images.rawpixel.com/image_png_1300/cHJpdmF0ZS9sci9pbWFnZXMvd2Vic2l0ZS8yMDIyLTA0L2pvYjY4Ni0zNTUtcC5wbmc.png"
ce446839-ca62-4752-8d4c-0827d99e7c74	farm	?	CC0	illustration	svgsilh	?	farm	"farm" is marked with CC0 1.0. To view the terms, visit https://creativecommons.org/publicdomain/zero/1.0/.	curl -O "https://svgsilh.com/png/3322229-009688.png"
38321492-62eb-420a-af2d-b244cb0659d4	Donkey drawing, vintage farm animal	?	CC0	illustration	rawpixel	jpg	farm	"Donkey drawing, vintage farm animal" is marked with CC0 1.0. To view the terms, visit https://creativecommons.org/publicdomain/zero/1.0/.	curl -O "https://images.rawpixel.com/editor_1024/czNmcy1wcml2YXRlL3Jhd3BpeGVsX2ltYWdlcy93ZWJzaXRlX2NvbnRlbnQvam9iNjcyLTA0Mi14LmpwZw.jpg"
226e9fa3-8848-4fe3-86af-3cb63eff574a	Cow, bull drawing, farm animal	?	CC0	illustration	rawpixel	jpg	farm	"Cow, bull drawing, farm animal" is marked with CC0 1.0. To view the terms, visit https://creativecommons.org/publicdomain/zero/1.0/.	curl -O "https://images.rawpixel.com/editor_1024/cHJpdmF0ZS9sci9pbWFnZXMvd2Vic2l0ZS8yMDIyLTA0L2pvYjY3Ni0wNzgteC5qcGc.jpg"
420c7cb1-b60b-42e4-be5f-8023c4203af0	Goat clipart, farm animal illustration	?	CC0	illustration	rawpixel	jpg	farm	"Goat clipart, farm animal illustration" is marked with CC0 1.0. To view the terms, visit https://creativecommons.org/publicdomain/zero/1.0/.	curl -O "https://images.rawpixel.com/editor_1024/cHJpdmF0ZS9sci9pbWFnZXMvd2Vic2l0ZS8yMDIyLTA0L2pvYjY4Ni0yMzAteC5qcGc.jpg"
caf31db8-14ac-4f7d-b793-e6250c75d44d	Chicken drawing, vintage farm animal	?	CC0	illustration	rawpixel	jpg	farm	"Chicken drawing, vintage farm animal" is marked with CC0 1.0. To view the terms, visit https://creativecommons.org/publicdomain/zero/1.0/.	curl -O "https://images.rawpixel.com/editor_1024/cHJpdmF0ZS9sci9pbWFnZXMvd2Vic2l0ZS8yMDIyLTA0L2pvYjY3NC0wMDEteC5qcGc.jpg"
3f38eabe-0910-44d7-b728-bdc7631badc1	Farm tractor png sticker illustration	?	CC0	illustration	rawpixel	png	farm	"Farm tractor png sticker illustration" is marked with CC0 1.0. To view the terms, visit https://creativecommons.org/publicdomain/zero/1.0/.	curl -O "https://images.rawpixel.com/image_png_1300/cHJpdmF0ZS9sci9pbWFnZXMvd2Vic2l0ZS8yMDIyLTA3L2pvYjk0OS0yMjkucG5n.png"
55616849-aef6-47c4-a969-c87526585a97	Red barn png sticker, farming	?	CC0	illustration	rawpixel	png	farm	"Red barn png sticker, farming" is marked with CC0 1.0. To view the terms, visit https://creativecommons.org/publicdomain/zero/1.0/.	curl -O "https://images.rawpixel.com/image_png_1300/cHJpdmF0ZS9sci9pbWFnZXMvd2Vic2l0ZS8yMDIyLTA0L2pvYjY4NC0wMDUtcF8xLnBuZw.png"
3bf242be-43a3-49c2-ac5e-29917fcd752b	Cow, bull clipart, farm animal	?	CC0	illustration	rawpixel	eps	farm	"Cow, bull clipart, farm animal" is marked with CC0 1.0. To view the terms, visit https://creativecommons.org/publicdomain/zero/1.0/.	curl -O "https://images.rawpixel.com/editor_1024/cHJpdmF0ZS9sci9pbWFnZXMvd2Vic2l0ZS8yMDIyLTA0L2pvYjY3Ni0wMDMtdi5qcGc.jpg"
b9a9a167-c6a5-4308-8c9e-e807dd632027	Farm, black & white illustration	?	CC0	illustration	rawpixel	jpg	farm	"Farm, black & white illustration" is marked with CC0 1.0. To view the terms, visit https://creativecommons.org/publicdomain/zero/1.0/.	curl -O "https://images.rawpixel.com/editor_1024/cHJpdmF0ZS9sci9pbWFnZXMvd2Vic2l0ZS8yMDIyLTA1L2pvYjcyMC0wMzAteC5qcGc.jpg"
d661e600-8e0b-42c2-aac3-8dc2359d1d63	Goat clipart, farm animal illustration	?	CC0	illustration	rawpixel	eps	farm	"Goat clipart, farm animal illustration" is marked with CC0 1.0. To view the terms, visit https://creativecommons.org/publicdomain/zero/1.0/.	curl -O "https://images.rawpixel.com/editor_1024/cHJpdmF0ZS9sci9pbWFnZXMvd2Vic2l0ZS8yMDIyLTA0L2pvYjcxMi0wMjgtdi5qcGc.jpg"
5aaa8b3d-cff6-4132-ac92-96f643e446d9	Cow, bull drawing, farm animal	?	CC0	illustration	rawpixel	jpg	farm	"Cow, bull drawing, farm animal" is marked with CC0 1.0. To view the terms, visit https://creativecommons.org/publicdomain/zero/1.0/.	curl -O "https://images.rawpixel.com/editor_1024/cHJpdmF0ZS9sci9pbWFnZXMvd2Vic2l0ZS8yMDIyLTA0L2pvYjY3Ni0wMDMteC5qcGc.jpg"
8d813812-87a4-4880-ba98-3ae8a0b840d2	Farm clipart, vintage illustration vector	?	CC0	illustration	rawpixel	eps	farm	"Farm clipart, vintage illustration vector" is marked with CC0 1.0. To view the terms, visit https://creativecommons.org/publicdomain/zero/1.0/.	curl -O "https://images.rawpixel.com/editor_1024/cHJpdmF0ZS9sci9pbWFnZXMvd2Vic2l0ZS8yMDIyLTA1L2pvYjcyMC0wMzAtdi5qcGc.jpg"
62117fc2-a2d5-4db1-a44e-025c056d4064	Farm tractor png sticker illustration	?	CC0	illustration	rawpixel	png	farm	"Farm tractor png sticker illustration" is marked with CC0 1.0. To view the terms, visit https://creativecommons.org/publicdomain/zero/1.0/.	curl -O "https://images.rawpixel.com/image_png_1300/cHJpdmF0ZS9sci9pbWFnZXMvd2Vic2l0ZS8yMDIyLTA3L2pvYjk0OS0yMTgtcC5wbmc.png"
08e325ce-a985-4f47-af1c-ed399430e6ed	Farm, barn clipart, vintage architecture	?	CC0	illustration	rawpixel	eps	farm	"Farm, barn clipart, vintage architecture" is marked with CC0 1.0. To view the terms, visit https://creativecommons.org/publicdomain/zero/1.0/.	curl -O "https://images.rawpixel.com/editor_1024/cHJpdmF0ZS9sci9pbWFnZXMvd2Vic2l0ZS8yMDIyLTA0L2pvYjcxMS0xNzEtdi5qcGc.jpg"
dd5f70ea-91e4-4b7a-b383-3b4c03d428cc	Leicester sheep clipart, vintage farm	?	CC0	illustration	rawpixel	eps	farm	"Leicester sheep clipart, vintage farm" is marked with CC0 1.0. To view the terms, visit https://creativecommons.org/publicdomain/zero/1.0/.	curl -O "https://images.rawpixel.com/editor_1024/czNmcy1wcml2YXRlL3Jhd3BpeGVsX2ltYWdlcy93ZWJzaXRlX2NvbnRlbnQvam9iNjcyLTAzOS12LWwxbXY2djkxLmpwZw.jpg"
ef46a392-106e-4ddf-bcca-26ed874b2d68	Farm clipart, vintage illustration vector	?	CC0	illustration	rawpixel	eps	farm	"Farm clipart, vintage illustration vector" is marked with CC0 1.0. To view the terms, visit https://creativecommons.org/publicdomain/zero/1.0/.	curl -O "https://images.rawpixel.com/editor_1024/cHJpdmF0ZS9sci9pbWFnZXMvd2Vic2l0ZS8yMDIyLTA1L2pvYjcyMC0wMDYtdi5qcGc.jpg"
b354bb61-4d98-4f82-9233-f0666378e1a8	Farm fence png clipart illustration	?	CC0	illustration	rawpixel	png	farm	"Farm fence png clipart illustration" is marked with CC0 1.0. To view the terms, visit https://creativecommons.org/publicdomain/zero/1.0/.	curl -O "https://images.rawpixel.com/image_png_1300/cHJpdmF0ZS9sci9pbWFnZXMvd2Vic2l0ZS8yMDIzLTAyL2pvYjk2OC1lbGVtZW50LTI2NS1wLnBuZw.png"
8fb2ab5a-c2e0-4fa9-a674-2f2388635c3d	Windmill clipart, vintage environment illustration	?	CC0	illustration	rawpixel	eps	windmill	"Windmill clipart, vintage environment illustration" is marked with CC0 1.0. To view the terms, visit https://creativecommons.org/publicdomain/zero/1.0/.	curl -O "https://images.rawpixel.com/editor_1024/cHJpdmF0ZS9sci9pbWFnZXMvd2Vic2l0ZS8yMDIyLTA0L2pvYjY3My0xMTMtdi5qcGc.jpg"
761d82a2-1fb9-4298-bf2d-0010d1f9999a	Windmill png sticker, vintage architecture	?	CC0	illustration	rawpixel	png	windmill	"Windmill png sticker, vintage architecture" is marked with CC0 1.0. To view the terms, visit https://creativecommons.org/publicdomain/zero/1.0/.	curl -O "https://images.rawpixel.com/image_png_1300/cHJpdmF0ZS9sci9pbWFnZXMvd2Vic2l0ZS8yMDIyLTA0L2pvYjcxMS0wMzktcC5wbmc.png"
3973936f-c2e4-4868-8d51-ffa0c35af2b1	Hand windmill png clipart illustration	?	CC0	illustration	rawpixel	png	windmill	"Hand windmill png clipart illustration" is marked with CC0 1.0. To view the terms, visit https://creativecommons.org/publicdomain/zero/1.0/.	curl -O "https://images.rawpixel.com/image_png_1300/cHJpdmF0ZS9sci9pbWFnZXMvd2Vic2l0ZS8yMDIyLTA5L2pvYjk2MC0yMDQtcC5wbmc.png"
90b22bb8-a57f-4c6f-a760-ed133ac99782	Windmill png sticker, vintage architecture	?	CC0	illustration	rawpixel	png	windmill	"Windmill png sticker, vintage architecture" is marked with CC0 1.0. To view the terms, visit https://creativecommons.org/publicdomain/zero/1.0/.	curl -O "https://images.rawpixel.com/image_png_1300/cHJpdmF0ZS9sci9pbWFnZXMvd2Vic2l0ZS8yMDIyLTA0L2pvYjY3NC0wNTItcC5wbmc.png"
eaf62f41-b01d-42a2-8f85-5a06c9818a78	Vintage windmill png sticker, environment	?	CC0	illustration	rawpixel	png	windmill	"Vintage windmill png sticker, environment" is marked with CC0 1.0. To view the terms, visit https://creativecommons.org/publicdomain/zero/1.0/.	curl -O "https://images.rawpixel.com/image_png_1300/czNmcy1wcml2YXRlL3Jhd3BpeGVsX2ltYWdlcy93ZWJzaXRlX2NvbnRlbnQvbHIvam9iNjgyLTI1M2EtcF8xLnBuZw.png"
b85ffdc2-9566-43c4-a6a2-1768c55b37b8	Windmill png sticker, environment illustration	?	CC0	illustration	rawpixel	png	windmill	"Windmill png sticker, environment illustration" is marked with CC0 1.0. To view the terms, visit https://creativecommons.org/publicdomain/zero/1.0/.	curl -O "https://images.rawpixel.com/image_png_1300/cHJpdmF0ZS9sci9pbWFnZXMvd2Vic2l0ZS8yMDIyLTA0L2pvYjY4Ni0zNTAtcC5wbmc.png"
b4814b81-fb70-444a-9f75-111dbd169352	Vintage windmill clipart, environment illustration	?	CC0	illustration	rawpixel	eps	windmill	"Vintage windmill clipart, environment illustration" is marked with CC0 1.0. To view the terms, visit https://creativecommons.org/publicdomain/zero/1.0/.	curl -O "https://images.rawpixel.com/editor_1024/cHJpdmF0ZS9sci9pbWFnZXMvd2Vic2l0ZS8yMDIyLTA0L2pvYjcyMS0wMzUtdi5qcGc.jpg"
6a94cc19-8052-43c0-853a-112198394136	Windmill png sticker, transparent background	?	CC0	illustration	rawpixel	png	windmill	"Windmill png sticker, transparent background" is marked with CC0 1.0. To view the terms, visit https://creativecommons.org/publicdomain/zero/1.0/.	curl -O "https://images.rawpixel.com/image_png_1300/cHJpdmF0ZS9sci9pbWFnZXMvd2Vic2l0ZS8yMDIyLTA2L2pvYjk0OC0yNTQtcF8xLnBuZw.png"
10940951-8417-47eb-b80b-d734351e1e90	Windmill png clipart illustration, transparent	?	CC0	illustration	rawpixel	png	windmill	"Windmill png clipart illustration, transparent" is marked with CC0 1.0. To view the terms, visit https://creativecommons.org/publicdomain/zero/1.0/.	curl -O "https://images.rawpixel.com/image_png_1300/cHJpdmF0ZS9sci9pbWFnZXMvd2Vic2l0ZS8yMDIzLTAyL2pvYjk2OC1lbGVtZW50LTI1NS5wbmc.png"
9c815a2c-7f8f-47f1-8144-647d06a81e4a	Windmill clipart, illustration vector	?	CC0	illustration	rawpixel	eps	windmill	"Windmill clipart, illustration vector" is marked with CC0 1.0. To view the terms, visit https://creativecommons.org/publicdomain/zero/1.0/.	curl -O "https://images.rawpixel.com/editor_1024/cHJpdmF0ZS9sci9pbWFnZXMvd2Vic2l0ZS8yMDIyLTA2L2pvYjk0OC0yNTQtdi1sNDdyM2R2Ny5qcGc.jpg"
3689b8ab-1d9a-4fe1-b5a9-702e71a2aa86	Windmill drawing, vintage architecture illustration	?	CC0	illustration	rawpixel	jpg	windmill	"Windmill drawing, vintage architecture illustration" is marked with CC0 1.0. To view the terms, visit https://creativecommons.org/publicdomain/zero/1.0/.	curl -O "https://images.rawpixel.com/editor_1024/cHJpdmF0ZS9sci9pbWFnZXMvd2Vic2l0ZS8yMDIyLTA0L2pvYjY3NC0wNTIteC5qcGc.jpg"
94882dc6-58f6-4dea-8c56-3110dca63874	Windmill clipart, environment illustration	?	CC0	illustration	rawpixel	jpg	windmill	"Windmill clipart, environment illustration" is marked with CC0 1.0. To view the terms, visit https://creativecommons.org/publicdomain/zero/1.0/.	curl -O "https://images.rawpixel.com/editor_1024/cHJpdmF0ZS9sci9pbWFnZXMvd2Vic2l0ZS8yMDIyLTA0L2pvYjY4Ni0zNTAteC5qcGc.jpg"
58bb3cfb-a4a2-4d3a-b240-f1e7f1f2e163	Windmill clipart, environment illustration vector	?	CC0	illustration	rawpixel	eps	windmill	"Windmill clipart, environment illustration vector" is marked with CC0 1.0. To view the terms, visit https://creativecommons.org/publicdomain/zero/1.0/.	curl -O "https://images.rawpixel.com/editor_1024/cHJpdmF0ZS9sci9pbWFnZXMvd2Vic2l0ZS8yMDIyLTA0L2pvYjY4Ni0zNTAtdl8xLmpwZw.jpg"
6b886bed-f378-402c-8fe0-59be36e8275d	Hand windmill clipart illustration vector	?	CC0	illustration	rawpixel	eps	windmill	"Hand windmill clipart illustration vector" is marked with CC0 1.0. To view the terms, visit https://creativecommons.org/publicdomain/zero/1.0/.	curl -O "https://images.rawpixel.com/editor_1024/cHJpdmF0ZS9sci9pbWFnZXMvd2Vic2l0ZS8yMDIyLTA5L2pvYjk2MC0yMDQtdi5qcGc.jpg"
e818414e-c319-484f-88bf-fe0c6515ef1c	Windmill farm silhouette border, environment	?	CC0	illustration	rawpixel	jpg	windmill	"Windmill farm silhouette border, environment" is marked with CC0 1.0. To view the terms, visit https://creativecommons.org/publicdomain/zero/1.0/.	curl -O "https://images.rawpixel.com/editor_1024/czNmcy1wcml2YXRlL3Jhd3BpeGVsX2ltYWdlcy93ZWJzaXRlX2NvbnRlbnQvam9iNjc3LTE2Ni14LmpwZw.jpg"
fdfc3d15-fc51-49ac-a996-0369bd0d2a39	Windmill drawing, vintage environment illustration	?	CC0	illustration	rawpixel	jpg	windmill	"Windmill drawing, vintage environment illustration" is marked with CC0 1.0. To view the terms, visit https://creativecommons.org/publicdomain/zero/1.0/.	curl -O "https://images.rawpixel.com/editor_1024/czNmcy1wcml2YXRlL3Jhd3BpeGVsX2ltYWdlcy93ZWJzaXRlX2NvbnRlbnQvbHIvam9iNjczLTExMy14LmpwZw.jpg"
8a43bb87-e3b1-4a6b-8aa6-f490bce67117	Vintage windmill png sticker, environment	?	CC0	illustration	rawpixel	png	windmill	"Vintage windmill png sticker, environment" is marked with CC0 1.0. To view the terms, visit https://creativecommons.org/publicdomain/zero/1.0/.	curl -O "https://images.rawpixel.com/image_png_1300/cHJpdmF0ZS9sci9pbWFnZXMvd2Vic2l0ZS8yMDIyLTA0L2pvYjcyMS0wMzUtcC5wbmc.png"
5c256359-5350-4b34-a885-96dab63cea19	Windmill stamp illustration vector	?	CC0	illustration	rawpixel	eps	windmill	"Windmill stamp illustration vector" is marked with CC0 1.0. To view the terms, visit https://creativecommons.org/publicdomain/zero/1.0/.	curl -O "https://images.rawpixel.com/editor_1024/cHJpdmF0ZS9sci9pbWFnZXMvd2Vic2l0ZS8yMDIzLTAxL2pvYjk1OS1lbGVtZW50LWQtMDAyOV8xLmpwZw.jpg"
b8f12dbe-f595-475b-8f94-97248e33305d	Paper-windmill - Delapouite - game-icons	Delapouite	CC-BY 3.0	illustration	wikimedia	svg	windmill	"Paper-windmill - Delapouite - game-icons" by Delapouite is licensed under CC BY 3.0. To view a copy of this license, visit https://creativecommons.org/licenses/by/3.0/.	curl -O "https://upload.wikimedia.org/wikipedia/commons/4/40/Paper-windmill_-_Delapouite_-_game-icons.svg"
d1d8639c-9532-40ea-9c8c-a20667d2259b	Person swinging golf club beside windmill Pinhead icon	OSM Carto contributors	CC0	illustration	wikimedia	svg	windmill	"Person swinging golf club beside windmill Pinhead icon" by OSM Carto contributors is marked with CC0 1.0. To view the terms, visit https://creativecommons.org/publicdomain/zero/1.0/deed.en/.	curl -O "https://upload.wikimedia.org/wikipedia/commons/9/92/Person_swinging_golf_club_beside_windmill_Pinhead_icon.svg"
2ae51110-655e-4cb7-b226-b13f3942592d	Angla Windmills Wordmark	Toomasb	CC0	illustration	wikimedia	svg	windmill	"Angla Windmills Wordmark" by Toomasb is marked with CC0 1.0. To view the terms, visit https://creativecommons.org/publicdomain/zero/1.0/deed.en/.	curl -O "https://upload.wikimedia.org/wikipedia/commons/3/34/Angla_Windmills_Wordmark.svg"
328219c7-79dc-4acd-9a8f-e7e47da2d80b	Windmill - Delapouite - white - game-icons	Delapouite	CC-BY 3.0	illustration	wikimedia	svg	windmill	"Windmill - Delapouite - white - game-icons" by Delapouite is licensed under CC BY 3.0. To view a copy of this license, visit https://creativecommons.org/licenses/by/3.0/.	curl -O "https://upload.wikimedia.org/wikipedia/commons/a/a1/Windmill_-_Delapouite_-_white_-_game-icons.svg"
a1658d00-cad9-4402-aabc-fc7ead390705	Windmill silhouette clipart, illustration	?	CC0	illustration	rawpixel	jpg	windmill	"Windmill silhouette clipart, illustration" is marked with CC0 1.0. To view the terms, visit https://creativecommons.org/publicdomain/zero/1.0/.	curl -O "https://images.rawpixel.com/editor_1024/cHJpdmF0ZS9sci9pbWFnZXMvd2Vic2l0ZS8yMDIyLTExL2pvYjk1Ni0xMjgteC5qcGc.jpg"
24777a09-8ca6-40ea-b4eb-3df551fb504b	Vintage windmill png sticker, transparent	?	CC0	illustration	rawpixel	png	windmill	"Vintage windmill png sticker, transparent" is marked with CC0 1.0. To view the terms, visit https://creativecommons.org/publicdomain/zero/1.0/.	curl -O "https://images.rawpixel.com/image_png_1300/cHJpdmF0ZS9sci9pbWFnZXMvd2Vic2l0ZS8yMDIyLTA2L2pvYjk0Ny0wMzkucG5n.png"
a06c87a1-9fbe-4f25-bc95-0cbc465b2e8a	Windmill park Netherland png illustration	?	CC0	illustration	rawpixel	png	windmill	"Windmill park Netherland png illustration" is marked with CC0 1.0. To view the terms, visit https://creativecommons.org/publicdomain/zero/1.0/.	curl -O "https://images.rawpixel.com/image_png_1300/cHJpdmF0ZS9sci9pbWFnZXMvd2Vic2l0ZS8yMDIyLTA4L2pvYjk2MS0wMDUzLnBuZw.png"
a41a440e-8984-41d6-b372-0fab9dcc56d9	Paper-windmill - Delapouite - white - game-icons	Delapouite	CC-BY 3.0	illustration	wikimedia	svg	windmill	"Paper-windmill - Delapouite - white - game-icons" by Delapouite is licensed under CC BY 3.0. To view a copy of this license, visit https://creativecommons.org/licenses/by/3.0/.	curl -O "https://upload.wikimedia.org/wikipedia/commons/f/f0/Paper-windmill_-_Delapouite_-_white_-_game-icons.svg"
b19d9354-f477-48ea-a1ae-8f2d548fe099	Angla Windmills	Toomasb	CC0	illustration	wikimedia	svg	windmill	"Angla Windmills" by Toomasb is marked with CC0 1.0. To view the terms, visit https://creativecommons.org/publicdomain/zero/1.0/deed.en/.	curl -O "https://upload.wikimedia.org/wikipedia/commons/0/06/Angla_Windmills.svg"
305cc694-5783-484f-9d33-4eeb8a26d95d	Windmill clipart illustration vector	?	CC0	illustration	rawpixel	eps	windmill	"Windmill clipart illustration vector" is marked with CC0 1.0. To view the terms, visit https://creativecommons.org/publicdomain/zero/1.0/.	curl -O "https://images.rawpixel.com/editor_1024/cHJpdmF0ZS9sci9pbWFnZXMvd2Vic2l0ZS8yMDIzLTAyL2pvYjk2OC1lbGVtZW50LTI1NS1sZTluZjE3Mi5qcGc.jpg"
12bd2e4d-d5c8-44d3-9e99-2e4819999523	Hand windmill illustration	?	CC0	illustration	rawpixel	jpg	windmill	"Hand windmill illustration" is marked with CC0 1.0. To view the terms, visit https://creativecommons.org/publicdomain/zero/1.0/.	curl -O "https://images.rawpixel.com/editor_1024/cHJpdmF0ZS9sci9pbWFnZXMvd2Vic2l0ZS8yMDIyLTA5L2pvYjk2MC0yMDQteC5qcGc.jpg"
0713f528-1887-4f3d-8105-973fa0972fac	Windmill clipart, vintage architecture illustration	?	CC0	illustration	rawpixel	eps	windmill	"Windmill clipart, vintage architecture illustration" is marked with CC0 1.0. To view the terms, visit https://creativecommons.org/publicdomain/zero/1.0/.	curl -O "https://images.rawpixel.com/editor_1024/cHJpdmF0ZS9sci9pbWFnZXMvd2Vic2l0ZS8yMDIyLTA0L2pvYjcxMS0wMzktdi5qcGc.jpg"
f96e1bc8-53a1-444f-96ee-6e7bfee80cd0	Vintage windmill clipart, environment illustration	?	CC0	illustration	rawpixel	jpg	windmill	"Vintage windmill clipart, environment illustration" is marked with CC0 1.0. To view the terms, visit https://creativecommons.org/publicdomain/zero/1.0/.	curl -O "https://images.rawpixel.com/editor_1024/cHJpdmF0ZS9sci9pbWFnZXMvd2Vic2l0ZS8yMDIyLTA0L2pvYjcyMS0wMzUteC5qcGc.jpg"
6a18bf6f-df98-4cf5-8082-d45add1cf367	Windmill clipart, illustration	?	CC0	illustration	rawpixel	jpg	windmill	"Windmill clipart, illustration" is marked with CC0 1.0. To view the terms, visit https://creativecommons.org/publicdomain/zero/1.0/.	curl -O "https://images.rawpixel.com/editor_1024/cHJpdmF0ZS9sci9pbWFnZXMvd2Vic2l0ZS8yMDIyLTA2L2pvYjk0OC0yNTQteF8xLmpwZw.jpg"
7a850ca9-23cf-49cf-be32-6040a64341ce	Windmill Pinhead icon	Maki contributors	CC0	illustration	wikimedia	svg	windmill	"Windmill Pinhead icon" by Maki contributors is marked with CC0 1.0. To view the terms, visit https://creativecommons.org/publicdomain/zero/1.0/deed.en/.	curl -O "https://upload.wikimedia.org/wikipedia/commons/f/f6/Windmill_Pinhead_icon.svg"
ce3c34da-f68d-4328-a413-328f9eba8ae0	Windmill stamp png illustration, transparent	?	CC0	illustration	rawpixel	png	windmill	"Windmill stamp png illustration, transparent" is marked with CC0 1.0. To view the terms, visit https://creativecommons.org/publicdomain/zero/1.0/.	curl -O "https://images.rawpixel.com/image_png_1300/cHJpdmF0ZS9sci9pbWFnZXMvd2Vic2l0ZS8yMDIzLTAxL2pvYjk1OS1lbGVtZW50LWQtMDAyOS1wLnBuZw.png"
8e15b000-beee-4270-9900-55bf9288173a	Windmill - Delapouite - game-icons	Delapouite	CC-BY 3.0	illustration	wikimedia	svg	windmill	"Windmill - Delapouite - game-icons" by Delapouite is licensed under CC BY 3.0. To view a copy of this license, visit https://creativecommons.org/licenses/by/3.0/.	curl -O "https://upload.wikimedia.org/wikipedia/commons/8/81/Windmill_-_Delapouite_-_game-icons.svg"
74b756e2-d78c-48a7-bb2c-7edf0aa7d94e	Maki7-windmill	Mapbox, https://github.com/mapbox/maki/graphs/contributors	CC0	illustration	wikimedia	svg	windmill	"Maki7-windmill" by Mapbox, https://github.com/mapbox/maki/graphs/contributors is marked with CC0 1.0. To view the terms, visit https://creativecommons.org/publicdomain/zero/1.0/deed.en/.	curl -O "https://upload.wikimedia.org/wikipedia/commons/9/9a/Maki7-windmill.svg"
557860cd-db91-4334-98c2-4e1facae4403	Maki7-windmill-white	Mapbox, https://github.com/mapbox/maki/graphs/contributors	CC0	illustration	wikimedia	svg	windmill	"Maki7-windmill-white" by Mapbox, https://github.com/mapbox/maki/graphs/contributors is marked with CC0 1.0. To view the terms, visit https://creativecommons.org/publicdomain/zero/1.0/deed.en/.	curl -O "https://upload.wikimedia.org/wikipedia/commons/2/23/Maki7-windmill-white.svg"
325c1fe8-16ac-4b14-a77e-9539d5498c55	Blason ville de Nalliers (Vendée)	Melvin Alvery	CC-BY 2.5	illustration	wikimedia	svg	windmill	"Blason ville de Nalliers (Vendée)" by Melvin Alvery is licensed under CC BY 2.5. To view a copy of this license, visit https://creativecommons.org/licenses/by/2.5/.	curl -O "https://upload.wikimedia.org/wikipedia/commons/b/b0/Blason_ville_de_Nalliers_%28Vend%C3%A9e%29.svg"
9075129e-293b-46ae-b3f8-d8dcf8697c4f	Water-bomb-base	This vector image was created with Adobe Illustrator.	CC0	illustration	wikimedia	svg	windmill	"Water-bomb-base" by This vector image was created with Adobe Illustrator. is marked with CC0 1.0. To view the terms, visit https://creativecommons.org/publicdomain/zero/1.0/deed.en/.	curl -O "https://upload.wikimedia.org/wikipedia/commons/f/f1/Water-bomb-base.svg"
5dcf105d-0e86-4719-a6d2-5e436eb284e2	turbine	?	CC0	illustration	svgsilh	?	windmill	"turbine" is marked with CC0 1.0. To view the terms, visit https://creativecommons.org/publicdomain/zero/1.0/.	curl -O "https://svgsilh.com/png/310511-3f51b5.png"
fb22e564-0390-4eaa-8c9f-cb6663b9d6ef	Wind turbine png sticker, renewable	?	CC0	illustration	rawpixel	png	windmill	"Wind turbine png sticker, renewable" is marked with CC0 1.0. To view the terms, visit https://creativecommons.org/publicdomain/zero/1.0/.	curl -O "https://images.rawpixel.com/image_png_1300/czNmcy1wcml2YXRlL3Jhd3BpeGVsX2ltYWdlcy93ZWJzaXRlX2NvbnRlbnQvam9iNjc4LTA5OC1wLWwxNjRyOGFvLnBuZw.png"
347604dd-41d4-4003-af36-126bed630e7b	mesra	?	CC0	illustration	svgsilh	?	windmill	"mesra" is marked with CC0 1.0. To view the terms, visit https://creativecommons.org/publicdomain/zero/1.0/.	curl -O "https://svgsilh.com/png/148246-ffeb3b.png"
3097c0d9-8823-4cf9-be73-68ab29ed7f06	mesra	?	CC0	illustration	svgsilh	?	windmill	"mesra" is marked with CC0 1.0. To view the terms, visit https://creativecommons.org/publicdomain/zero/1.0/.	curl -O "https://svgsilh.com/png/148246-9e9e9e.png"
8fa87469-7cd6-43d9-b416-dbd40d219ebd	angin	?	CC0	illustration	svgsilh	?	windmill	"angin" is marked with CC0 1.0. To view the terms, visit https://creativecommons.org/publicdomain/zero/1.0/.	curl -O "https://svgsilh.com/png/148246-3f51b5.png"
b034770b-fa73-4af0-be02-eeb2cd95e535	tenaga	?	CC0	illustration	svgsilh	?	windmill	"tenaga" is marked with CC0 1.0. To view the terms, visit https://creativecommons.org/publicdomain/zero/1.0/.	curl -O "https://svgsilh.com/png/148246.png"
b0814a47-59bc-4ad6-ba0e-f192609c311c	boleh diperbaharui	?	CC0	illustration	svgsilh	?	windmill	"boleh diperbaharui" is marked with CC0 1.0. To view the terms, visit https://creativecommons.org/publicdomain/zero/1.0/.	curl -O "https://svgsilh.com/png/308521.png"
cded091b-ad51-47e6-ab5a-ccaae53c751c	alam sekitar	?	CC0	illustration	svgsilh	?	windmill	"alam sekitar" is marked with CC0 1.0. To view the terms, visit https://creativecommons.org/publicdomain/zero/1.0/.	curl -O "https://svgsilh.com/png/2029621-ffc107.png"
b3dd5b02-227b-4bfa-a7af-bcb4c32083b0	boleh diperbaharui	?	CC0	illustration	svgsilh	?	windmill	"boleh diperbaharui" is marked with CC0 1.0. To view the terms, visit https://creativecommons.org/publicdomain/zero/1.0/.	curl -O "https://svgsilh.com/png/2029621.png"
efd1ee4a-fc4e-4dfc-9431-2db98e10ca2d	boleh diperbaharui	?	CC0	illustration	svgsilh	?	windmill	"boleh diperbaharui" is marked with CC0 1.0. To view the terms, visit https://creativecommons.org/publicdomain/zero/1.0/.	curl -O "https://svgsilh.com/png/2029621-3f51b5.png"
0a85abb4-aaf5-4396-aeef-baa1ed7178cb	boleh diperbaharui	?	CC0	illustration	svgsilh	?	windmill	"boleh diperbaharui" is marked with CC0 1.0. To view the terms, visit https://creativecommons.org/publicdomain/zero/1.0/.	curl -O "https://svgsilh.com/png/308521-3f51b5.png"
816d226f-d99b-437c-a7cb-8e9a4e81e2cd	boleh diperbaharui	?	CC0	illustration	svgsilh	?	windmill	"boleh diperbaharui" is marked with CC0 1.0. To view the terms, visit https://creativecommons.org/publicdomain/zero/1.0/.	curl -O "https://svgsilh.com/png/1293775.png"
428a4922-5acb-4ffc-8aa1-1708e6ad4566	boleh diperbaharui	?	CC0	illustration	svgsilh	?	windmill	"boleh diperbaharui" is marked with CC0 1.0. To view the terms, visit https://creativecommons.org/publicdomain/zero/1.0/.	curl -O "https://svgsilh.com/png/41005.png"
c954642c-bd79-48b0-9eac-f3ec16442740	alam sekitar	?	CC0	illustration	svgsilh	?	windmill	"alam sekitar" is marked with CC0 1.0. To view the terms, visit https://creativecommons.org/publicdomain/zero/1.0/.	curl -O "https://svgsilh.com/png/1293775-ffc107.png"
80889086-09f3-4991-9340-6518f77e33c1	generasi	?	CC0	illustration	svgsilh	?	windmill	"generasi" is marked with CC0 1.0. To view the terms, visit https://creativecommons.org/publicdomain/zero/1.0/.	curl -O "https://svgsilh.com/png/1293775-3f51b5.png"
a517e8b2-8dd9-48a7-a721-8de6244dbc0f	generasi	?	CC0	illustration	svgsilh	?	windmill	"generasi" is marked with CC0 1.0. To view the terms, visit https://creativecommons.org/publicdomain/zero/1.0/.	curl -O "https://svgsilh.com/png/41005-3f51b5.png"
bd3b3fec-c1f4-456b-900e-063a24d32068	eco	?	CC0	illustration	svgsilh	?	windmill	"eco" is marked with CC0 1.0. To view the terms, visit https://creativecommons.org/publicdomain/zero/1.0/.	curl -O "https://svgsilh.com/png/303289-ffc107.png"
d98b3c1b-6085-4cd8-8fee-bdd471954de7	Wind power plant clipart, renewable	?	CC0	illustration	rawpixel	jpg	windmill	"Wind power plant clipart, renewable" is marked with CC0 1.0. To view the terms, visit https://creativecommons.org/publicdomain/zero/1.0/.	curl -O "https://images.rawpixel.com/editor_1024/czNmcy1wcml2YXRlL3Jhd3BpeGVsX2ltYWdlcy93ZWJzaXRlX2NvbnRlbnQvam9iNjc4LTA5Ni14LmpwZw.jpg"
d132855f-cafc-41dd-94f0-1e7db8e5aee7	generasi	?	CC0	illustration	svgsilh	?	windmill	"generasi" is marked with CC0 1.0. To view the terms, visit https://creativecommons.org/publicdomain/zero/1.0/.	curl -O "https://svgsilh.com/png/303289-3f51b5.png"
f332b24f-c2e5-422e-85ae-37ea52430441	putaran	?	CC0	illustration	svgsilh	?	windmill	"putaran" is marked with CC0 1.0. To view the terms, visit https://creativecommons.org/publicdomain/zero/1.0/.	curl -O "https://svgsilh.com/png/304201-3f51b5.png"
ed28d919-683d-458e-9429-b6b93fd41852	boleh diperbaharui	?	CC0	illustration	svgsilh	?	windmill	"boleh diperbaharui" is marked with CC0 1.0. To view the terms, visit https://creativecommons.org/publicdomain/zero/1.0/.	curl -O "https://svgsilh.com/png/304201.png"
21d65c3e-05ba-4087-9579-4f583e1bdf80	Barnes Hill in Saint George	CROIX	CC0	illustration	wikimedia	svg	barn	"Barnes Hill in Saint George" by CROIX is marked with CC0 1.0. To view the terms, visit https://creativecommons.org/publicdomain/zero/1.0/deed.en/.	curl -O "https://upload.wikimedia.org/wikipedia/commons/8/86/Barnes_Hill_in_Saint_George.svg"
c3179ecb-e156-43c3-83c6-6fd58a968f80	2010 Oklahoma court of appeals justice Barnes retention election results map by county	ZackCarns	CC0	illustration	wikimedia	svg	barn	"2010 Oklahoma court of appeals justice Barnes retention election results map by county" by ZackCarns is marked with CC0 1.0. To view the terms, visit https://creativecommons.org/publicdomain/zero/1.0/deed.en/.	curl -O "https://upload.wikimedia.org/wikipedia/commons/0/0f/2010_Oklahoma_court_of_appeals_justice_Barnes_retention_election_results_map_by_county.svg"
79438bfe-20ba-4021-902e-1e8d32a96790	Barn png sticker agriculture illustration	?	CC0	illustration	rawpixel	png	barn	"Barn png sticker agriculture illustration" is marked with CC0 1.0. To view the terms, visit https://creativecommons.org/publicdomain/zero/1.0/.	curl -O "https://images.rawpixel.com/image_png_1300/cHJpdmF0ZS9sci9pbWFnZXMvd2Vic2l0ZS8yMDIyLTA1L2pvYjczMC0wODItcC5wbmc.png"
9f02bf4c-df7c-4bbe-adf6-cf84d6299fe3	Barn collage element vector	?	CC0	illustration	rawpixel	eps	barn	"Barn collage element vector" is marked with CC0 1.0. To view the terms, visit https://creativecommons.org/publicdomain/zero/1.0/.	curl -O "https://images.rawpixel.com/editor_1024/cHJpdmF0ZS9sci9pbWFnZXMvd2Vic2l0ZS8yMDIyLTA1L2pvYjcyNC0wMTctdi5qcGc.jpg"
dc56dd34-42e4-4a31-8f26-360dd27ad530	Red barn png sticker, transparent	?	CC0	illustration	rawpixel	png	barn	"Red barn png sticker, transparent" is marked with CC0 1.0. To view the terms, visit https://creativecommons.org/publicdomain/zero/1.0/.	curl -O "https://images.rawpixel.com/image_png_1300/cHJpdmF0ZS9sci9pbWFnZXMvd2Vic2l0ZS8yMDIyLTA2L2pvYjk0OC0yMzUtcF8xLnBuZw.png"
2ad25e8c-fab0-4df1-8893-ad7fdf455f0f	animal home barn house	?	CC0	illustration	svgsilh	?	barn	"animal home barn house" is marked with CC0 1.0. To view the terms, visit https://creativecommons.org/publicdomain/zero/1.0/.	curl -O "https://svgsilh.com/png/47812.png"
4eb58481-bfe4-4cfc-a5b7-3a0db91bf3bd	animal home barn house	?	CC0	illustration	svgsilh	?	barn	"animal home barn house" is marked with CC0 1.0. To view the terms, visit https://creativecommons.org/publicdomain/zero/1.0/.	curl -O "https://svgsilh.com/png/47806.png"
653e17b4-7e10-4bfd-b034-4c1e893fd2d4	animal home barn house	?	CC0	illustration	svgsilh	?	barn	"animal home barn house" is marked with CC0 1.0. To view the terms, visit https://creativecommons.org/publicdomain/zero/1.0/.	curl -O "https://svgsilh.com/png/47807.png"
6bf82ded-0cc1-4544-bd43-f23664d2fd03	Barn clipart, agriculture illustration vector	?	CC0	illustration	rawpixel	eps	barn	"Barn clipart, agriculture illustration vector" is marked with CC0 1.0. To view the terms, visit https://creativecommons.org/publicdomain/zero/1.0/.	curl -O "https://images.rawpixel.com/editor_1024/cHJpdmF0ZS9sci9pbWFnZXMvd2Vic2l0ZS8yMDIyLTA1L2pvYjczMC0wODItdi5qcGc.jpg"
a02281ff-be6a-4fa6-a6a5-04fc0e037566	animal home barn house	?	CC0	illustration	svgsilh	?	barn	"animal home barn house" is marked with CC0 1.0. To view the terms, visit https://creativecommons.org/publicdomain/zero/1.0/.	curl -O "https://svgsilh.com/png/157054.png"
5b11dcbf-24ef-4d69-8201-a42895f3d0d3	animal home barn house	?	CC0	illustration	svgsilh	?	barn	"animal home barn house" is marked with CC0 1.0. To view the terms, visit https://creativecommons.org/publicdomain/zero/1.0/.	curl -O "https://svgsilh.com/png/48766.png"
f805b75e-fade-4098-9738-4fb9445264db	barn	?	CC0	illustration	svgsilh	?	barn	"barn" is marked with CC0 1.0. To view the terms, visit https://creativecommons.org/publicdomain/zero/1.0/.	curl -O "https://svgsilh.com/png/2553613.png"
7f2fd63e-9bc5-432a-95c8-d943e9110d7c	Barn clip art, vintage illustration	?	CC0	illustration	rawpixel	jpg	barn	"Barn clip art, vintage illustration" is marked with CC0 1.0. To view the terms, visit https://creativecommons.org/publicdomain/zero/1.0/.	curl -O "https://images.rawpixel.com/editor_1024/cHJpdmF0ZS9sci9pbWFnZXMvd2Vic2l0ZS8yMDIyLTA1L2pvYjcyNC0wMTcteC5qcGc.jpg"
dbe5bc9f-e84b-49c9-a459-be3b714a6691	barn	?	CC0	illustration	svgsilh	?	barn	"barn" is marked with CC0 1.0. To view the terms, visit https://creativecommons.org/publicdomain/zero/1.0/.	curl -O "https://svgsilh.com/png/1300363.png"
4e3b90a1-9672-4363-b935-60017ecad981	animal home barn house	?	CC0	illustration	svgsilh	?	barn	"animal home barn house" is marked with CC0 1.0. To view the terms, visit https://creativecommons.org/publicdomain/zero/1.0/.	curl -O "https://svgsilh.com/png/44649.png"
aeef8a3f-de42-4364-b68d-534e937b6a7f	animal home barn house	?	CC0	illustration	svgsilh	?	barn	"animal home barn house" is marked with CC0 1.0. To view the terms, visit https://creativecommons.org/publicdomain/zero/1.0/.	curl -O "https://svgsilh.com/png/44651.png"
1c8de5d5-8055-43f7-95ae-3466b9540def	barn	?	CC0	illustration	svgsilh	?	barn	"barn" is marked with CC0 1.0. To view the terms, visit https://creativecommons.org/publicdomain/zero/1.0/.	curl -O "https://svgsilh.com/png/48793.png"
41900a7d-1822-4b56-b32e-d338b65f125a	Farm, barn vintage illustration	?	CC0	illustration	rawpixel	jpg	barn	"Farm, barn vintage illustration" is marked with CC0 1.0. To view the terms, visit https://creativecommons.org/publicdomain/zero/1.0/.	curl -O "https://images.rawpixel.com/editor_1024/cHJpdmF0ZS9sci9pbWFnZXMvd2Vic2l0ZS8yMDIyLTA1L2pvYjcxNS0wMjMteC5qcGc.jpg"
48ca5e0d-2c8b-4ab2-a1b7-cf3e532a02b5	barn	?	CC0	illustration	svgsilh	?	barn	"barn" is marked with CC0 1.0. To view the terms, visit https://creativecommons.org/publicdomain/zero/1.0/.	curl -O "https://svgsilh.com/png/48368.png"
59f58ee5-843f-414b-ac0d-6c3e8fe116d9	barn	?	CC0	illustration	svgsilh	?	barn	"barn" is marked with CC0 1.0. To view the terms, visit https://creativecommons.org/publicdomain/zero/1.0/.	curl -O "https://svgsilh.com/png/48385.png"
90977f24-b160-43eb-b37e-efc9a29aa4c4	barn	?	CC0	illustration	svgsilh	?	barn	"barn" is marked with CC0 1.0. To view the terms, visit https://creativecommons.org/publicdomain/zero/1.0/.	curl -O "https://svgsilh.com/png/306741.png"
4b7ed461-339b-4d61-aaad-97fc25e8338f	barn	?	CC0	illustration	svgsilh	?	barn	"barn" is marked with CC0 1.0. To view the terms, visit https://creativecommons.org/publicdomain/zero/1.0/.	curl -O "https://svgsilh.com/png/48357.png"
9f3eedb9-97a5-4b93-a2b9-627773926d60	Red barn clipart, farm illustration	?	CC0	illustration	rawpixel	jpg	barn	"Red barn clipart, farm illustration" is marked with CC0 1.0. To view the terms, visit https://creativecommons.org/publicdomain/zero/1.0/.	curl -O "https://images.rawpixel.com/editor_1024/cHJpdmF0ZS9sci9pbWFnZXMvd2Vic2l0ZS8yMDIyLTA0L2pvYjY4Ni0yODgteC5qcGc.jpg"
b5f95b3d-58bd-4151-8afc-6fe429b6c7cc	Red barn clipart, illustration vector	?	CC0	illustration	rawpixel	eps	barn	"Red barn clipart, illustration vector" is marked with CC0 1.0. To view the terms, visit https://creativecommons.org/publicdomain/zero/1.0/.	curl -O "https://images.rawpixel.com/editor_1024/cHJpdmF0ZS9sci9pbWFnZXMvd2Vic2l0ZS8yMDIyLTA2L2pvYjk0OC0yMzUtdi1sNDdyZW1zZS5qcGc.jpg"
f41209c7-c5a7-4c59-bec8-dd4ee84e88cc	Farm, barn drawing, vintage architecture	?	CC0	illustration	rawpixel	jpg	barn	"Farm, barn drawing, vintage architecture" is marked with CC0 1.0. To view the terms, visit https://creativecommons.org/publicdomain/zero/1.0/.	curl -O "https://images.rawpixel.com/editor_1024/cHJpdmF0ZS9sci9pbWFnZXMvd2Vic2l0ZS8yMDIyLTA0L2pvYjcxMS0xNzEteC5qcGc.jpg"
ba8449f0-99f5-4c7c-b794-56eda4401cd8	barn	?	CC0	illustration	svgsilh	?	barn	"barn" is marked with CC0 1.0. To view the terms, visit https://creativecommons.org/publicdomain/zero/1.0/.	curl -O "https://svgsilh.com/png/158330.png"
68015006-e584-4075-8f5a-7594cfd79ee0	barn	?	CC0	illustration	svgsilh	?	barn	"barn" is marked with CC0 1.0. To view the terms, visit https://creativecommons.org/publicdomain/zero/1.0/.	curl -O "https://svgsilh.com/png/1524200.png"
17f4b7f7-dc2e-4cdc-9d6b-79f85f167dc8	barn	?	CC0	illustration	svgsilh	?	barn	"barn" is marked with CC0 1.0. To view the terms, visit https://creativecommons.org/publicdomain/zero/1.0/.	curl -O "https://svgsilh.com/png/44571.png"
9c2c4fc4-5762-4970-89f0-a15fbc694548	Farm barn png clipart illustration	?	CC0	illustration	rawpixel	png	barn	"Farm barn png clipart illustration" is marked with CC0 1.0. To view the terms, visit https://creativecommons.org/publicdomain/zero/1.0/.	curl -O "https://images.rawpixel.com/image_png_1300/cHJpdmF0ZS9sci9pbWFnZXMvd2Vic2l0ZS8yMDIzLTAyL2pvYjk2OC1lbGVtZW50LTI1NC5wbmc.png"
082ceb5a-79df-403d-af56-786b943f8025	Farm barn clipart illustration vector	?	CC0	illustration	rawpixel	eps	barn	"Farm barn clipart illustration vector" is marked with CC0 1.0. To view the terms, visit https://creativecommons.org/publicdomain/zero/1.0/.	curl -O "https://images.rawpixel.com/editor_1024/cHJpdmF0ZS9sci9pbWFnZXMvd2Vic2l0ZS8yMDIzLTAyL2pvYjk2OC1lbGVtZW50LTI1NC5qcGc.jpg"
a264ba37-b436-4e62-be25-91d5c98017bf	Winter barn clip art vector	?	CC0	illustration	rawpixel	eps	barn	"Winter barn clip art vector" is marked with CC0 1.0. To view the terms, visit https://creativecommons.org/publicdomain/zero/1.0/.	curl -O "https://images.rawpixel.com/editor_1024/cHJpdmF0ZS9sci9pbWFnZXMvd2Vic2l0ZS8yMDIyLTA4L2pvYjk1OC02M18xLmpwZw.jpg"
91e2c99b-1d1b-47f7-98e7-dbb10f9c90d2	Barn and silo-Utah State Fair	Clker-Free-Vector-Images on Pixabay	CC0	illustration	wikimedia	svg	barn	"Barn and silo-Utah State Fair" by Clker-Free-Vector-Images on Pixabay is marked with CC0 1.0. To view the terms, visit https://creativecommons.org/publicdomain/zero/1.0/deed.en/.	curl -O "https://upload.wikimedia.org/wikipedia/commons/f/f5/Barn_and_silo-Utah_State_Fair.svg"
e263b8fe-17e0-4da3-9041-00bf2b4df733	Barn-owl - Caro Asercion - game-icons	Caro Asercion	CC-BY 3.0	illustration	wikimedia	svg	barn	"Barn-owl - Caro Asercion - game-icons" by Caro Asercion is licensed under CC BY 3.0. To view a copy of this license, visit https://creativecommons.org/licenses/by/3.0/.	curl -O "https://upload.wikimedia.org/wikipedia/commons/5/59/Barn-owl_-_Caro_Asercion_-_game-icons.svg"
37930a0a-bb65-4e22-95ff-f02a68742aae	Barn-owl - Caro Asercion - white - game-icons	Caro Asercion	CC-BY 3.0	illustration	wikimedia	svg	barn	"Barn-owl - Caro Asercion - white - game-icons" by Caro Asercion is licensed under CC BY 3.0. To view a copy of this license, visit https://creativecommons.org/licenses/by/3.0/.	curl -O "https://upload.wikimedia.org/wikipedia/commons/2/2e/Barn-owl_-_Caro_Asercion_-_white_-_game-icons.svg"
e60252f7-1086-4f00-b577-e4d42f3f41c0	Arlo James Barnes signature	Arlo James Barnes	CC0	illustration	wikimedia	svg	barn	"Arlo James Barnes signature" by Arlo James Barnes is marked with CC0 1.0. To view the terms, visit https://creativecommons.org/publicdomain/zero/1.0/deed.en.	curl -O "https://upload.wikimedia.org/wikipedia/commons/1/1c/Arlo_James_Barnes_signature.svg"
151fbb09-259f-4cfd-8575-4e94424e4cf2	Red barn clipart, farming illustration	?	CC0	illustration	rawpixel	jpg	barn	"Red barn clipart, farming illustration" is marked with CC0 1.0. To view the terms, visit https://creativecommons.org/publicdomain/zero/1.0/.	curl -O "https://images.rawpixel.com/editor_1024/czNmcy1wcml2YXRlL3Jhd3BpeGVsX2ltYWdlcy93ZWJzaXRlX2NvbnRlbnQvbHIvam9iNjg0LTAwNS14LmpwZw.jpg"
e0703c93-a013-41a1-819a-29c459121cba	Barn - Delapouite - white - game-icons	Delapouite	CC-BY 3.0	illustration	wikimedia	svg	barn	"Barn - Delapouite - white - game-icons" by Delapouite is licensed under CC BY 3.0. To view a copy of this license, visit https://creativecommons.org/licenses/by/3.0/.	curl -O "https://upload.wikimedia.org/wikipedia/commons/b/ba/Barn_-_Delapouite_-_white_-_game-icons.svg"
51875efa-faac-49e8-9300-f607f142aaa3	Barn and silo Pinhead icon	Maki contributors	CC0	illustration	wikimedia	svg	barn	"Barn and silo Pinhead icon" by Maki contributors is marked with CC0 1.0. To view the terms, visit https://creativecommons.org/publicdomain/zero/1.0/deed.en/.	curl -O "https://upload.wikimedia.org/wikipedia/commons/f/f5/Barn_and_silo_Pinhead_icon.svg"
ca42ced1-c519-471d-a604-aba14644e70d	Red barn clipart, farming illustration	?	CC0	illustration	rawpixel	eps	barn	"Red barn clipart, farming illustration" is marked with CC0 1.0. To view the terms, visit https://creativecommons.org/publicdomain/zero/1.0/.	curl -O "https://images.rawpixel.com/editor_1024/czNmcy1wcml2YXRlL3Jhd3BpeGVsX2ltYWdlcy93ZWJzaXRlX2NvbnRlbnQvbHIvam9iNjg0LTAwNS12LmpwZw.jpg"
0026a765-2efe-4404-a62c-a5be83ef4dbd	Red barn sticker, farming illustration	?	CC0	illustration	rawpixel	psd	barn	"Red barn sticker, farming illustration" is marked with CC0 1.0. To view the terms, visit https://creativecommons.org/publicdomain/zero/1.0/.	curl -O "https://images.rawpixel.com/editor_1024/cHJpdmF0ZS9sci9pbWFnZXMvd2Vic2l0ZS8yMDIyLTA0L2pvYjY4NC0wMDUuanBn.jpg"
b19e4ec8-29cf-4449-ac6a-8bb409521f54	Barn Pinhead icon	Quincy Morgan, Temaki contributors	CC0	illustration	wikimedia	svg	barn	"Barn Pinhead icon" by Quincy Morgan, Temaki contributors is marked with CC0 1.0. To view the terms, visit https://creativecommons.org/publicdomain/zero/1.0/deed.en/.	curl -O "https://upload.wikimedia.org/wikipedia/commons/9/9b/Barn_Pinhead_icon.svg"
9a7c98e1-a06e-4e00-a913-c1b311887d6e	Barn - Delapouite - game-icons	Delapouite	CC-BY 3.0	illustration	wikimedia	svg	barn	"Barn - Delapouite - game-icons" by Delapouite is licensed under CC BY 3.0. To view a copy of this license, visit https://creativecommons.org/licenses/by/3.0/.	curl -O "https://upload.wikimedia.org/wikipedia/commons/6/6b/Barn_-_Delapouite_-_game-icons.svg"
eeae72a4-f87e-4421-946a-3ed8c7420ff5	Araba	Theklan	CC0	illustration	wikimedia	svg	barn	"Araba" by Theklan is marked with CC0 1.0. To view the terms, visit https://creativecommons.org/publicdomain/zero/1.0/deed.en/.	curl -O "https://upload.wikimedia.org/wikipedia/commons/b/b2/Araba.svg"
83d1620c-91d1-46f3-9cd9-caaca5ee8b53	Chilantaisaurus Skeletal	Slate Weasel	CC-BY 4.0	illustration	wikimedia	svg	barn	"Chilantaisaurus Skeletal" by Slate Weasel is licensed under CC BY 4.0. To view a copy of this license, visit https://creativecommons.org/licenses/by/4.0/.	curl -O "https://upload.wikimedia.org/wikipedia/commons/d/dd/Chilantaisaurus_Skeletal.svg"
9a87a6b5-f226-4434-a0e6-aa46de927676	Coat of arms of James Mark Beckman, Bishop of Knoxville	Linestamp	CC0	illustration	wikimedia	svg	barn	"Coat of arms of James Mark Beckman, Bishop of Knoxville" by Linestamp is marked with CC0 1.0. To view the terms, visit https://creativecommons.org/publicdomain/zero/1.0/deed.en/.	curl -O "https://upload.wikimedia.org/wikipedia/commons/d/dc/Coat_of_arms_of_James_Mark_Beckman%2C_Bishop_of_Knoxville.svg"
0f447f08-1a75-4101-92c0-a306f30c2fa7	2010 Georgia gubernatorial election results map by county	File:Georgia Republican Presidential Primary Election Results by County, 2012.svg: User:Gage This file: Magog the Ogre (talk) (contribs)	CC0	illustration	wikimedia	svg	barn	"2010 Georgia gubernatorial election results map by county" by File:Georgia Republican Presidential Primary Election Results by County, 2012.svg: User:Gage This file: Magog the Ogre (talk) (contribs) is marked with CC0 1.0. To view the terms, visit https://creativecommons.org/publicdomain/zero/1.0/deed.en/.	curl -O "https://upload.wikimedia.org/wikipedia/commons/9/9a/2010_Georgia_gubernatorial_election_results_map_by_county.svg"
aeadbefb-0919-4143-a528-50e80db2fb5f	hut	?	CC0	illustration	svgsilh	?	barn	"hut" is marked with CC0 1.0. To view the terms, visit https://creativecommons.org/publicdomain/zero/1.0/.	curl -O "https://svgsilh.com/png/305378.png"
526f6824-1da8-433a-ab6b-7095d08393c7	cabin	?	CC0	illustration	svgsilh	?	barn	"cabin" is marked with CC0 1.0. To view the terms, visit https://creativecommons.org/publicdomain/zero/1.0/.	curl -O "https://svgsilh.com/png/158263.png"
6c094dce-ed2c-49c1-becd-3394472e372a	countryside	?	CC0	illustration	svgsilh	?	barn	"countryside" is marked with CC0 1.0. To view the terms, visit https://creativecommons.org/publicdomain/zero/1.0/.	curl -O "https://svgsilh.com/png/306534-3f51b5.png"
d99c2946-d7c3-4f5f-b0bf-6762c054082c	rumah	?	CC0	illustration	svgsilh	?	barn	"rumah" is marked with CC0 1.0. To view the terms, visit https://creativecommons.org/publicdomain/zero/1.0/.	curl -O "https://svgsilh.com/png/48797-ffc107.png"
57c24837-f784-4d1e-b96b-dfdb6d066af3	Bauernhof	?	CC0	illustration	svgsilh	?	barn	"Bauernhof" is marked with CC0 1.0. To view the terms, visit https://creativecommons.org/publicdomain/zero/1.0/.	curl -O "https://svgsilh.com/png/48797-e91e63.png"
5ad85585-a968-4159-8f80-567a5db70aa9	rumah	?	CC0	illustration	svgsilh	?	barn	"rumah" is marked with CC0 1.0. To view the terms, visit https://creativecommons.org/publicdomain/zero/1.0/.	curl -O "https://svgsilh.com/png/48797.png"
e81af36d-d070-41f2-a09d-0c4bbfc1058a	rumah	?	CC0	illustration	svgsilh	?	barn	"rumah" is marked with CC0 1.0. To view the terms, visit https://creativecommons.org/publicdomain/zero/1.0/.	curl -O "https://svgsilh.com/png/48797-3f51b5.png"
8b9e05cb-844f-44ca-897c-e97d40eb813f	countryside	?	CC0	illustration	svgsilh	?	barn	"countryside" is marked with CC0 1.0. To view the terms, visit https://creativecommons.org/publicdomain/zero/1.0/.	curl -O "https://svgsilh.com/png/306741-3f51b5.png"
2a2b388e-dab2-468b-bc78-1afeaeeccca0	sheep	?	CC0	illustration	svgsilh	?	barn	"sheep" is marked with CC0 1.0. To view the terms, visit https://creativecommons.org/publicdomain/zero/1.0/.	curl -O "https://svgsilh.com/png/47483-3f51b5.png"
08b46f4b-f844-43f3-b706-cae51aba58ee	Châteauneuf-Grasse Conseil municipal 2026	Baptiste44bzh	CC0	illustration	wikimedia	svg	grass	"Châteauneuf-Grasse Conseil municipal 2026" by Baptiste44bzh is marked with CC0 1.0. To view the terms, visit https://creativecommons.org/publicdomain/zero/1.0/deed.en/.	curl -O "https://upload.wikimedia.org/wikipedia/commons/6/66/Ch%C3%A2teauneuf-Grasse_Conseil_municipal_2026.svg"
7c102756-d80d-47b9-9a03-916f95c8b465	Grass bush png border sticker	?	CC0	illustration	rawpixel	png	grass	"Grass bush png border sticker" is marked with CC0 1.0. To view the terms, visit https://creativecommons.org/publicdomain/zero/1.0/.	curl -O "https://images.rawpixel.com/image_png_1300/czNmcy1wcml2YXRlL3Jhd3BpeGVsX2ltYWdlcy93ZWJzaXRlX2NvbnRlbnQvam9iNjc4LTE3NC1wLWwxNjRweWs5LnBuZw.png"
d9197118-9cb9-47ab-a9f2-382ecc4d5b35	Grass bush png sticker illustration	?	CC0	illustration	rawpixel	png	grass	"Grass bush png sticker illustration" is marked with CC0 1.0. To view the terms, visit https://creativecommons.org/publicdomain/zero/1.0/.	curl -O "https://images.rawpixel.com/image_png_1300/cHJpdmF0ZS9sci9pbWFnZXMvd2Vic2l0ZS8yMDIyLTA1L2pvYjcyNS0wOTctcC5wbmc.png"
ae4e9d5e-2f8a-472f-aad6-86633a439f44	Long grass png sticker illustration	?	CC0	illustration	rawpixel	png	grass	"Long grass png sticker illustration" is marked with CC0 1.0. To view the terms, visit https://creativecommons.org/publicdomain/zero/1.0/.	curl -O "https://images.rawpixel.com/image_png_1300/cHJpdmF0ZS9sci9pbWFnZXMvd2Vic2l0ZS8yMDIyLTA3L2pvYjk0OS0xNzUtcC5wbmc.png"
c09f9393-b85e-4fc1-a045-da0a42f15b0a	Grass bush border clipart, nature	?	CC0	illustration	rawpixel	eps	grass	"Grass bush border clipart, nature" is marked with CC0 1.0. To view the terms, visit https://creativecommons.org/publicdomain/zero/1.0/.	curl -O "https://images.rawpixel.com/editor_1024/czNmcy1wcml2YXRlL3Jhd3BpeGVsX2ltYWdlcy93ZWJzaXRlX2NvbnRlbnQvam9iNjc4LTE3NC12LWwxNjRzYnAwLmpwZw.jpg"
ec453f60-2cdf-483c-ac3e-fc506dc622c4	Green grass border clipart, nature	?	CC0	illustration	rawpixel	eps	grass	"Green grass border clipart, nature" is marked with CC0 1.0. To view the terms, visit https://creativecommons.org/publicdomain/zero/1.0/.	curl -O "https://images.rawpixel.com/editor_1024/czNmcy1wcml2YXRlL3Jhd3BpeGVsX2ltYWdlcy93ZWJzaXRlX2NvbnRlbnQvam9iNjgxLTAxODItdi1sMWxnZ2xqeS5qcGc.jpg"
be52a892-55c6-4cd0-a60a-8906b1194f0d	Long grass png sticker illustration	?	CC0	illustration	rawpixel	png	grass	"Long grass png sticker illustration" is marked with CC0 1.0. To view the terms, visit https://creativecommons.org/publicdomain/zero/1.0/.	curl -O "https://images.rawpixel.com/image_png_1300/cHJpdmF0ZS9sci9pbWFnZXMvd2Vic2l0ZS8yMDIyLTA3L2pvYjk0OS0xNzQucG5n.png"
642081de-779e-4269-9e23-b17c9cd62995	Grass bush border clipart, nature	?	CC0	illustration	rawpixel	jpg	grass	"Grass bush border clipart, nature" is marked with CC0 1.0. To view the terms, visit https://creativecommons.org/publicdomain/zero/1.0/.	curl -O "https://images.rawpixel.com/editor_1024/czNmcy1wcml2YXRlL3Jhd3BpeGVsX2ltYWdlcy93ZWJzaXRlX2NvbnRlbnQvam9iNjc4LTE3My14LmpwZw.jpg"
c8633b4a-2a6e-4317-91d1-82c2bf60cb0d	Long grass collage element illustration	?	CC0	illustration	rawpixel	eps	grass	"Long grass collage element illustration" is marked with CC0 1.0. To view the terms, visit https://creativecommons.org/publicdomain/zero/1.0/.	curl -O "https://images.rawpixel.com/editor_1024/cHJpdmF0ZS9sci9pbWFnZXMvd2Vic2l0ZS8yMDIyLTA3L2pvYjk0OS0xNzUtdi5qcGc.jpg"
e40bf650-94af-4f29-a0dc-6a91b705a3c1	Grass bush clipart, illustration vector	?	CC0	illustration	rawpixel	eps	grass	"Grass bush clipart, illustration vector" is marked with CC0 1.0. To view the terms, visit https://creativecommons.org/publicdomain/zero/1.0/.	curl -O "https://images.rawpixel.com/editor_1024/cHJpdmF0ZS9sci9pbWFnZXMvd2Vic2l0ZS8yMDIyLTA1L2pvYjcyNS0wOTctdi5qcGc.jpg"
e93cc0d2-21a8-4224-afd2-914dd925cb97	Grass png sticker, Glitch game	?	CC0	illustration	rawpixel	png	grass	"Grass png sticker, Glitch game" is marked with CC0 1.0. To view the terms, visit https://creativecommons.org/publicdomain/zero/1.0/.	curl -O "https://images.rawpixel.com/image_png_1300/cHJpdmF0ZS9sci9pbWFnZXMvd2Vic2l0ZS8yMDIyLTA2L2pvYjEwMjEtZWxlbWVudC0yMC5wbmc.png"
19829fc8-794b-4838-b9dd-c46c596e5e89	Grass png sticker, Glitch game	?	CC0	illustration	rawpixel	png	grass	"Grass png sticker, Glitch game" is marked with CC0 1.0. To view the terms, visit https://creativecommons.org/publicdomain/zero/1.0/.	curl -O "https://images.rawpixel.com/image_png_1300/cHJpdmF0ZS9sci9pbWFnZXMvd2Vic2l0ZS8yMDIyLTA2L2pvYjEwMjEtZWxlbWVudC00MS5wbmc.png"
078046b3-4a30-4cbb-aa07-2fb00445240e	Long grass collage element illustration	?	CC0	illustration	rawpixel	eps	grass	"Long grass collage element illustration" is marked with CC0 1.0. To view the terms, visit https://creativecommons.org/publicdomain/zero/1.0/.	curl -O "https://images.rawpixel.com/editor_1024/cHJpdmF0ZS9sci9pbWFnZXMvd2Vic2l0ZS8yMDIyLTA3L2pvYjk0OS0xNzQuanBn.jpg"
e7a02a9b-28d7-45d8-9094-d1f089576b8e	Green grass illustration	?	CC0	illustration	rawpixel	jpg	grass	"Green grass illustration" is marked with CC0 1.0. To view the terms, visit https://creativecommons.org/publicdomain/zero/1.0/.	curl -O "https://images.rawpixel.com/editor_1024/czNmcy1wcml2YXRlL3Jhd3BpeGVsX2ltYWdlcy93ZWJzaXRlX2NvbnRlbnQvam9iNjgxLTAxODIteC5qcGc.jpg"
de40e343-d945-4e41-9356-95e0b8e0c6f3	easter springtime growing grass	?	CC0	illustration	svgsilh	?	grass	"easter springtime growing grass" is marked with CC0 1.0. To view the terms, visit https://creativecommons.org/publicdomain/zero/1.0/.	curl -O "https://svgsilh.com/png/309733.png"
0dd2d4df-ade8-4281-95b9-8d05b2bdfc66	easter springtime growing grass	?	CC0	illustration	svgsilh	?	grass	"easter springtime growing grass" is marked with CC0 1.0. To view the terms, visit https://creativecommons.org/publicdomain/zero/1.0/.	curl -O "https://svgsilh.com/png/147659.png"
275f87cd-3333-4d94-9f04-f7a96a62f84e	easter springtime growing grass	?	CC0	illustration	svgsilh	?	grass	"easter springtime growing grass" is marked with CC0 1.0. To view the terms, visit https://creativecommons.org/publicdomain/zero/1.0/.	curl -O "https://svgsilh.com/png/159804.png"
ec3e1a77-7a92-46fb-a251-5b4f35a8c4d9	easter springtime growing grass	?	CC0	illustration	svgsilh	?	grass	"easter springtime growing grass" is marked with CC0 1.0. To view the terms, visit https://creativecommons.org/publicdomain/zero/1.0/.	curl -O "https://svgsilh.com/png/157043.png"
2ea64f09-5569-48c0-bba1-7f1ff0f5c3c6	Grass bush border clipart, nature	?	CC0	illustration	rawpixel	jpg	grass	"Grass bush border clipart, nature" is marked with CC0 1.0. To view the terms, visit https://creativecommons.org/publicdomain/zero/1.0/.	curl -O "https://images.rawpixel.com/editor_1024/czNmcy1wcml2YXRlL3Jhd3BpeGVsX2ltYWdlcy93ZWJzaXRlX2NvbnRlbnQvam9iNjc4LTE3NC14LmpwZw.jpg"
e3271722-e6a1-46e1-9d01-5bc9e73f86c3	grass	?	CC0	illustration	svgsilh	?	grass	"grass" is marked with CC0 1.0. To view the terms, visit https://creativecommons.org/publicdomain/zero/1.0/.	curl -O "https://svgsilh.com/png/297283.png"
11ad969f-9945-4304-b27f-1e6e7a668285	Grass clipart, Glitch game illustration	?	CC0	illustration	rawpixel	eps	grass	"Grass clipart, Glitch game illustration" is marked with CC0 1.0. To view the terms, visit https://creativecommons.org/publicdomain/zero/1.0/.	curl -O "https://images.rawpixel.com/editor_1024/cHJpdmF0ZS9sci9pbWFnZXMvd2Vic2l0ZS8yMDIyLTA2L2pvYjEwMjEtZWxlbWVudC00MS1sNHo5N2Nxby5qcGc.jpg"
88448c7d-df87-48e5-9f3c-b66e40f75d66	Grass clipart, Glitch game illustration	?	CC0	illustration	rawpixel	eps	grass	"Grass clipart, Glitch game illustration" is marked with CC0 1.0. To view the terms, visit https://creativecommons.org/publicdomain/zero/1.0/.	curl -O "https://images.rawpixel.com/editor_1024/cHJpdmF0ZS9sci9pbWFnZXMvd2Vic2l0ZS8yMDIyLTA2L2pvYjEwMjEtZWxlbWVudC0yMC1sNHo5OTBuaS5qcGc.jpg"
98e520b9-7036-4341-9315-55b5c52cbcc7	grass	?	CC0	illustration	svgsilh	?	grass	"grass" is marked with CC0 1.0. To view the terms, visit https://creativecommons.org/publicdomain/zero/1.0/.	curl -O "https://svgsilh.com/png/159950-3f51b5.png"
ada00d56-6aca-4248-8eb0-147084dbc191	easter springtime growing grass	?	CC0	illustration	svgsilh	?	grass	"easter springtime growing grass" is marked with CC0 1.0. To view the terms, visit https://creativecommons.org/publicdomain/zero/1.0/.	curl -O "https://svgsilh.com/png/2073071.png"
636d6bd6-18a6-402d-b710-283103e7c657	Goat feeding grass clipart, vintage	?	CC0	illustration	rawpixel	eps	grass	"Goat feeding grass clipart, vintage" is marked with CC0 1.0. To view the terms, visit https://creativecommons.org/publicdomain/zero/1.0/.	curl -O "https://images.rawpixel.com/editor_1024/cHJpdmF0ZS9sci9pbWFnZXMvd2Vic2l0ZS8yMDIyLTA0L2pvYjcxMS0wMTEtdi5qcGc.jpg"
db0d8da0-d754-4b41-86b8-15c8cb9fa126	PNG Grass sprite, clipart, transparent	Miiruuku	CC0	illustration	rawpixel	png	grass	"PNG Grass sprite, clipart, transparent" by Miiruuku is marked with CC0 1.0. To view the terms, visit https://creativecommons.org/publicdomain/zero/1.0/.	curl -O "https://images.rawpixel.com/image_png_1300/cHJpdmF0ZS9sci9pbWFnZXMvd2Vic2l0ZS8yMDIzLTA1L2pvYjk2NS1lbGVtZW50LTcxLXBfMS5wbmc.png"
ad7b6e39-7656-4bea-86dc-2ef92b24fda5	grass	?	CC0	illustration	svgsilh	?	grass	"grass" is marked with CC0 1.0. To view the terms, visit https://creativecommons.org/publicdomain/zero/1.0/.	curl -O "https://svgsilh.com/png/303714-ffc107.png"
a72ea661-3ebf-4578-a139-a53b47932409	Grass sprite image element	Miiruuku	CC0	illustration	rawpixel	jpg	grass	"Grass sprite image element" by Miiruuku is marked with CC0 1.0. To view the terms, visit https://creativecommons.org/publicdomain/zero/1.0/.	curl -O "https://images.rawpixel.com/editor_1024/cHJpdmF0ZS9sci9pbWFnZXMvd2Vic2l0ZS8yMDIzLTA1L2pvYjk2NS1lbGVtZW50LTcxLXhfMS5qcGc.jpg"
af88fc58-4e76-42f1-9cf2-2652f4e3974a	Grass sprite collage element vector	Miiruuku	CC0	illustration	rawpixel	eps	grass	"Grass sprite collage element vector" by Miiruuku is marked with CC0 1.0. To view the terms, visit https://creativecommons.org/publicdomain/zero/1.0/.	curl -O "https://images.rawpixel.com/editor_1024/cHJpdmF0ZS9sci9pbWFnZXMvd2Vic2l0ZS8yMDIzLTA1L2pvYjk2NS1lbGVtZW50LTcxLXYuanBn.jpg"
149f0c91-744e-4e40-b62a-e4f6dc015147	Grass roller drawing, gardening equipment	?	CC0	illustration	rawpixel	jpg	grass	"Grass roller drawing, gardening equipment" is marked with CC0 1.0. To view the terms, visit https://creativecommons.org/publicdomain/zero/1.0/.	curl -O "https://images.rawpixel.com/editor_1024/czNmcy1wcml2YXRlL3Jhd3BpeGVsX2ltYWdlcy93ZWJzaXRlX2NvbnRlbnQvbHIvam9iNjczLTA5NS14LmpwZw.jpg"
8a09269a-579f-4ce2-a0ee-64ed5dc12193	Grass in water Pinhead icon	Quincy Morgan, Maki contributors	CC0	illustration	wikimedia	svg	grass	"Grass in water Pinhead icon" by Quincy Morgan, Maki contributors is marked with CC0 1.0. To view the terms, visit https://creativecommons.org/publicdomain/zero/1.0/deed.en/.	curl -O "https://upload.wikimedia.org/wikipedia/commons/b/bc/Grass_in_water_Pinhead_icon.svg?utm_source=commons.wikimedia.org&utm_campaign=imageinfo&utm_content=original"
126b71ab-0cff-4627-b0be-455a77cfa70f	Grass - Delapouite - game-icons	Delapouite	CC-BY 3.0	illustration	wikimedia	svg	grass	"Grass - Delapouite - game-icons" by Delapouite is licensed under CC BY 3.0. To view a copy of this license, visit https://creativecommons.org/licenses/by/3.0/.	curl -O "https://upload.wikimedia.org/wikipedia/commons/5/52/Grass_-_Delapouite_-_game-icons.svg"
3e13a014-3e69-40c4-9f92-061c35c7eb53	Eulalia grass drawing, vintage plant	?	CC0	illustration	rawpixel	eps	grass	"Eulalia grass drawing, vintage plant" is marked with CC0 1.0. To view the terms, visit https://creativecommons.org/publicdomain/zero/1.0/.	curl -O "https://images.rawpixel.com/editor_1024/cHJpdmF0ZS9sci9pbWFnZXMvd2Vic2l0ZS8yMDIyLTA1L2pvYjcxNS0wNjItdi5qcGc.jpg"
0adb134c-6b8e-48a8-9c3b-9506cc74929c	Grass - Delapouite - white - game-icons	Delapouite	CC-BY 3.0	illustration	wikimedia	svg	grass	"Grass - Delapouite - white - game-icons" by Delapouite is licensed under CC BY 3.0. To view a copy of this license, visit https://creativecommons.org/licenses/by/3.0/.	curl -O "https://upload.wikimedia.org/wikipedia/commons/9/98/Grass_-_Delapouite_-_white_-_game-icons.svg"
15c86f6c-a575-4edc-a304-e4aab2b63272	Grass field silhouette border, nature	?	CC0	illustration	rawpixel	jpg	grass	"Grass field silhouette border, nature" is marked with CC0 1.0. To view the terms, visit https://creativecommons.org/publicdomain/zero/1.0/.	curl -O "https://images.rawpixel.com/editor_1024/czNmcy1wcml2YXRlL3Jhd3BpeGVsX2ltYWdlcy93ZWJzaXRlX2NvbnRlbnQvam9iNjc3LTM5LXguanBn.jpg"
77307841-2de7-4ccf-a313-615cf54191c4	<div class='fn'> A fern frond, leaves and grasses framing a rectangular space</div>	?	CC-BY 4.0	illustration	wikimedia	svg	grass	"<div class='fn'> A fern frond, leaves and grasses framing a rectangular space</div>" is licensed under CC BY 4.0. To view a copy of this license, visit https://creativecommons.org/licenses/by/4.0/.	curl -O "https://upload.wikimedia.org/wikipedia/commons/3/3c/A_fern_frond%2C_leaves_and_grasses_framing_a_rectangular_space.svg"
7580a38d-4e02-44e8-96df-e624c7427c48	Long grass illustration	?	CC0	illustration	rawpixel	jpg	grass	"Long grass illustration" is marked with CC0 1.0. To view the terms, visit https://creativecommons.org/publicdomain/zero/1.0/.	curl -O "https://images.rawpixel.com/editor_1024/cHJpdmF0ZS9sci9pbWFnZXMvd2Vic2l0ZS8yMDIyLTA3L2pvYjk0OS0xNzQteC5qcGc.jpg"
62896fbe-158d-4d5b-aeaf-3d65088af1b2	Grass-mushroom - Delapouite - game-icons	Delapouite	CC-BY 3.0	illustration	wikimedia	svg	grass	"Grass-mushroom - Delapouite - game-icons" by Delapouite is licensed under CC BY 3.0. To view a copy of this license, visit https://creativecommons.org/licenses/by/3.0/.	curl -O "https://upload.wikimedia.org/wikipedia/commons/0/04/Grass-mushroom_-_Delapouite_-_game-icons.svg"
adbf7cc1-487c-43d1-9d65-ea30b3cf0071	High-grass - Delapouite - white - game-icons	Delapouite	CC-BY 3.0	illustration	wikimedia	svg	grass	"High-grass - Delapouite - white - game-icons" by Delapouite is licensed under CC BY 3.0. To view a copy of this license, visit https://creativecommons.org/licenses/by/3.0/.	curl -O "https://upload.wikimedia.org/wikipedia/commons/d/de/High-grass_-_Delapouite_-_white_-_game-icons.svg"
27af0ea5-884f-4a87-96e7-dadea5b35371	High-grass - Delapouite - game-icons	Delapouite	CC-BY 3.0	illustration	wikimedia	svg	grass	"High-grass - Delapouite - game-icons" by Delapouite is licensed under CC BY 3.0. To view a copy of this license, visit https://creativecommons.org/licenses/by/3.0/.	curl -O "https://upload.wikimedia.org/wikipedia/commons/f/fe/High-grass_-_Delapouite_-_game-icons.svg"
e49f017a-95a5-4a01-8726-755c094ca8f5	Grass roller clipart, gardening equipment	?	CC0	illustration	rawpixel	eps	grass	"Grass roller clipart, gardening equipment" is marked with CC0 1.0. To view the terms, visit https://creativecommons.org/publicdomain/zero/1.0/.	curl -O "https://images.rawpixel.com/editor_1024/cHJpdmF0ZS9sci9pbWFnZXMvd2Vic2l0ZS8yMDIyLTA0L2pvYjY3My0wOTUtdi5qcGc.jpg"
4b969105-9a1f-4fe0-99de-4ed3e2ababe0	Grass roller png sticker, gardening	?	CC0	illustration	rawpixel	png	grass	"Grass roller png sticker, gardening" is marked with CC0 1.0. To view the terms, visit https://creativecommons.org/publicdomain/zero/1.0/.	curl -O "https://images.rawpixel.com/image_png_1300/czNmcy1wcml2YXRlL3Jhd3BpeGVsX2ltYWdlcy93ZWJzaXRlX2NvbnRlbnQvbHIvam9iNjczLTA5NS1wLnBuZw.png"
b9fd1da5-a17d-41c4-a541-70976aa40d56	Gadson snake on grass	BrazilianInBattleofVerdun	CC0	illustration	wikimedia	svg	grass	"Gadson snake on grass" by BrazilianInBattleofVerdun is marked with CC0 1.0. To view the terms, visit https://creativecommons.org/publicdomain/zero/1.0/deed.en/.	curl -O "https://upload.wikimedia.org/wikipedia/commons/d/df/Gadson_snake_on_grass.svg"
ec67853c-3fd8-43a7-91fe-046f7e4a9bf7	Goat feeding grass png sticker	?	CC0	illustration	rawpixel	png	grass	"Goat feeding grass png sticker" is marked with CC0 1.0. To view the terms, visit https://creativecommons.org/publicdomain/zero/1.0/.	curl -O "https://images.rawpixel.com/image_png_1300/cHJpdmF0ZS9sci9pbWFnZXMvd2Vic2l0ZS8yMDIyLTA0L2pvYjcxMS0wMTEtcC5wbmc.png"
81dbddb7-96b6-4126-9141-aaf92c58acfb	Manicured grass Pinhead icon	Quincy Morgan, Temaki contributors	CC0	illustration	wikimedia	svg	grass	"Manicured grass Pinhead icon" by Quincy Morgan, Temaki contributors is marked with CC0 1.0. To view the terms, visit https://creativecommons.org/publicdomain/zero/1.0/deed.en/.	curl -O "https://upload.wikimedia.org/wikipedia/commons/b/b9/Manicured_grass_Pinhead_icon.svg"
f2d48838-8538-460c-8f4b-05adc0650f97	Grass-mushroom - Delapouite - white - game-icons	Delapouite	CC-BY 3.0	illustration	wikimedia	svg	grass	"Grass-mushroom - Delapouite - white - game-icons" by Delapouite is licensed under CC BY 3.0. To view a copy of this license, visit https://creativecommons.org/licenses/by/3.0/.	curl -O "https://upload.wikimedia.org/wikipedia/commons/3/32/Grass-mushroom_-_Delapouite_-_white_-_game-icons.svg"
ec62643d-0da9-4f8f-af41-94d546d36ec3	Tussock grass	Melisse06	CC0	illustration	wikimedia	svg	grass	"Tussock grass" by Melisse06 is marked with CC0 1.0. To view the terms, visit https://creativecommons.org/publicdomain/zero/1.0/deed.en/.	curl -O "https://upload.wikimedia.org/wikipedia/commons/9/92/Tussock_grass.svg"
89b9d257-46a6-49da-817a-5bbb20e4f901	Grass Pinhead icon	Quincy Morgan, Temaki contributors	CC0	illustration	wikimedia	svg	grass	"Grass Pinhead icon" by Quincy Morgan, Temaki contributors is marked with CC0 1.0. To view the terms, visit https://creativecommons.org/publicdomain/zero/1.0/deed.en/.	curl -O "https://upload.wikimedia.org/wikipedia/commons/6/6d/Grass_Pinhead_icon.svg"
0e66f653-e108-42a0-8839-0cfda11c9e12	Sunshade on Grass	unknown: simple wide-spread figure	CC0	illustration	wikimedia	svg	grass	"Sunshade on Grass" by unknown: simple wide-spread figure is marked with CC0 1.0. To view the terms, visit https://creativecommons.org/publicdomain/zero/1.0/deed.en/.	curl -O "https://upload.wikimedia.org/wikipedia/commons/0/01/Sunshade_on_Grass.svg"
f672d0c9-f662-4569-be49-1ed2b5676eca	angel scenic mythical grass	?	CC0	illustration	svgsilh	?	grass	"angel scenic mythical grass" is marked with CC0 1.0. To view the terms, visit https://creativecommons.org/publicdomain/zero/1.0/.	curl -O "https://svgsilh.com/png/303386.png"
426d10b0-9c2a-4a9e-86f1-331eda304748	Tall grass and hedgehog	Graineahumus	CC-BY 4.0	illustration	wikimedia	svg	grass	"Tall grass and hedgehog" by Graineahumus is licensed under CC BY 4.0. To view a copy of this license, visit https://creativecommons.org/licenses/by/4.0/.	curl -O "https://upload.wikimedia.org/wikipedia/commons/e/e8/Tall_grass_and_hedgehog.svg?utm_source=commons.wikimedia.org&utm_campaign=imageinfo&utm_content=original"
9448a102-8647-4bd1-a96d-74df03596f88	MapOfNivkhLanguage-Grass	AsPJT	CC0	illustration	wikimedia	svg	grass	"MapOfNivkhLanguage-Grass" by AsPJT is marked with CC0 1.0. To view the terms, visit https://creativecommons.org/publicdomain/zero/1.0/deed.en/.	curl -O "https://upload.wikimedia.org/wikipedia/commons/6/6a/MapOfNivkhLanguage-Grass.svg"
30674fc6-25df-428e-9fa8-8dc2933a4dfa	angel scenic mythical grass	?	CC0	illustration	svgsilh	?	grass	"angel scenic mythical grass" is marked with CC0 1.0. To view the terms, visit https://creativecommons.org/publicdomain/zero/1.0/.	curl -O "https://svgsilh.com/png/3124003.png"
c37c9c24-bf6f-43d7-9c7d-6b2e60ed0508	angel scenic mythical grass	?	CC0	illustration	svgsilh	?	grass	"angel scenic mythical grass" is marked with CC0 1.0. To view the terms, visit https://creativecommons.org/publicdomain/zero/1.0/.	curl -O "https://svgsilh.com/png/3128688.png"
c0ed00bb-575f-4653-a186-78d9de322176	easter springtime growing grass	?	CC0	illustration	svgsilh	?	grass	"easter springtime growing grass" is marked with CC0 1.0. To view the terms, visit https://creativecommons.org/publicdomain/zero/1.0/.	curl -O "https://svgsilh.com/png/2443039.png"
a70d91b2-884a-4717-ad16-8cc32ebaccf2	angel scenic mythical grass	?	CC0	illustration	svgsilh	?	grass	"angel scenic mythical grass" is marked with CC0 1.0. To view the terms, visit https://creativecommons.org/publicdomain/zero/1.0/.	curl -O "https://svgsilh.com/png/2144655.png"
53ad214e-ff7c-4c70-9ecc-29a2c9d8b8a2	Trans-Saharan routes early	Aa77zz	CC0	illustration	wikimedia	svg	grass	"Trans-Saharan routes early" by Aa77zz is marked with CC0 1.0. To view the terms, visit https://creativecommons.org/publicdomain/zero/1.0/deed.en/.	curl -O "https://upload.wikimedia.org/wikipedia/commons/f/ff/Trans-Saharan_routes_early.svg"
d93f17ff-320c-493d-b779-aded05afa5a2	Blason chateauneuf	Ludovic Thébault	CC0	illustration	wikimedia	svg	grass	"Blason chateauneuf" by Ludovic Thébault is marked with CC0 1.0. To view the terms, visit https://creativecommons.org/publicdomain/zero/1.0/deed.en/.	curl -O "https://upload.wikimedia.org/wikipedia/commons/1/13/Blason_chateauneuf.svg"
e1f5481f-6fb4-498f-a151-aa83dbb7a404	Flag of South Carolina (1910–1940)	BlinxTheKitty	CC0	illustration	wikimedia	svg	grass	"Flag of South Carolina (1910–1940)" by BlinxTheKitty is marked with CC0 1.0. To view the terms, visit https://creativecommons.org/publicdomain/zero/1.0/deed.en/.	curl -O "https://upload.wikimedia.org/wikipedia/commons/e/ea/Flag_of_South_Carolina_%281910%E2%80%931940%29.svg"
5b2ca614-3a93-4972-88e0-7a528eb43421	Father Louis Courme Arms	Traducteurwiki	CC0	illustration	wikimedia	svg	grass	"Father Louis Courme Arms" by Traducteurwiki is marked with CC0 1.0. To view the terms, visit https://creativecommons.org/publicdomain/zero/1.0/deed.en/.	curl -O "https://upload.wikimedia.org/wikipedia/commons/8/84/Father_Louis_Courme_Arms.svg"
12154e58-9aa1-4f60-bd6b-4de2ce439b3e	Cook County Illinois incorporated and unincorporated areas Stone Park highlighted	Rcsprinter123	CC-BY 3.0	illustration	wikimedia	svg	stone	"Cook County Illinois incorporated and unincorporated areas Stone Park highlighted" by Rcsprinter123 is licensed under CC BY 3.0. To view a copy of this license, visit https://creativecommons.org/licenses/by/3.0/.	curl -O "https://upload.wikimedia.org/wikipedia/commons/0/00/Cook_County_Illinois_incorporated_and_unincorporated_areas_Stone_Park_highlighted.svg"
319da920-79ec-46c4-a2c8-40898e69373a	Rosetta Stone	kinetoons	CC0	illustration	wikimedia	svg	stone	"Rosetta Stone" by kinetoons is marked with CC0 1.0. To view the terms, visit https://creativecommons.org/publicdomain/zero/1.0/deed.en/.	curl -O "https://upload.wikimedia.org/wikipedia/commons/8/86/Rosetta_Stone.svg"
b140c482-9079-4d89-aa25-3c969338385f	Koutsuki River five stone bridges map	Sakoppi	CC-BY 3.0	illustration	wikimedia	svg	stone	"Koutsuki River five stone bridges map" by Sakoppi is licensed under CC BY 3.0. To view a copy of this license, visit https://creativecommons.org/licenses/by/3.0/.	curl -O "https://upload.wikimedia.org/wikipedia/commons/8/88/Koutsuki_River_five_stone_bridges_map.svg"
0002b9ac-853d-4add-8969-8f1c17769c31	ND Bottineau County Stone Creek Township	Dcmacnut	CC-BY 2.5	illustration	wikimedia	svg	stone	"ND Bottineau County Stone Creek Township" by Dcmacnut is licensed under CC BY 2.5. To view a copy of this license, visit https://creativecommons.org/licenses/by/2.5/.	curl -O "https://upload.wikimedia.org/wikipedia/commons/b/bb/ND_Bottineau_County_Stone_Creek_Township.svg"
57804cf5-c54a-4d43-a3bb-9d13b67b1f57	MapOfAinuLanguage-Stone	AsPJT	CC0	illustration	wikimedia	svg	stone	"MapOfAinuLanguage-Stone" by AsPJT is marked with CC0 1.0. To view the terms, visit https://creativecommons.org/publicdomain/zero/1.0/deed.en/.	curl -O "https://upload.wikimedia.org/wikipedia/commons/b/b9/MapOfAinuLanguage-Stone.svg"
f146c97c-045e-4a62-8fb5-20bee5f5d78a	Openstreetmap Carto stone	Unknown authorUnknown author	CC0	illustration	wikimedia	svg	stone	"Openstreetmap Carto stone" by Unknown authorUnknown author is marked with CC0 1.0. To view the terms, visit https://creativecommons.org/publicdomain/zero/1.0/deed.en/.	curl -O "https://upload.wikimedia.org/wikipedia/commons/9/99/Openstreetmap_Carto_stone.svg"
b3c0317a-3977-4517-8b07-719efa3dbd78	Malia altar stone	Fargoh	CC0	illustration	wikimedia	svg	stone	"Malia altar stone" by Fargoh is marked with CC0 1.0. To view the terms, visit https://creativecommons.org/publicdomain/zero/1.0/deed.en/.	curl -O "https://upload.wikimedia.org/wikipedia/commons/9/91/Malia_altar_stone.svg"
bb0535fa-5c66-4f24-a717-454b84977931	Map highlighting Stone Church Precinct, Hardin County, Illinois	Straughn	CC0	illustration	wikimedia	svg	stone	"Map highlighting Stone Church Precinct, Hardin County, Illinois" by Straughn is marked with CC0 1.0. To view the terms, visit https://creativecommons.org/publicdomain/zero/1.0/deed.en/.	curl -O "https://upload.wikimedia.org/wikipedia/commons/0/01/Map_highlighting_Stone_Church_Precinct%2C_Hardin_County%2C_Illinois.svg"
7bca610e-ffa5-468d-bc11-28617863561f	Stone	Arking	CC0	illustration	wikimedia	svg	stone	"Stone" by Arking is marked with CC0 1.0. To view the terms, visit https://creativecommons.org/publicdomain/zero/1.0/deed.en/.	curl -O "https://upload.wikimedia.org/wikipedia/commons/7/73/Stone.svg"
aba8cf3b-99e1-487e-9244-7871b9e99738	Stone, Great Wyrley and Penkridge Constituency 2023	Offa29	CC-BY 4.0	illustration	wikimedia	svg	stone	"Stone, Great Wyrley and Penkridge Constituency 2023" by Offa29 is licensed under CC BY 4.0. To view a copy of this license, visit https://creativecommons.org/licenses/by/4.0/.	curl -O "https://upload.wikimedia.org/wikipedia/commons/e/e2/Stone%2C_Great_Wyrley_and_Penkridge_Constituency_2023.svg"
aa078060-9244-439b-b5b6-8a3440b776bf	MapOfNivkhLanguage-Stone	AsPJT	CC0	illustration	wikimedia	svg	stone	"MapOfNivkhLanguage-Stone" by AsPJT is marked with CC0 1.0. To view the terms, visit https://creativecommons.org/publicdomain/zero/1.0/deed.en/.	curl -O "https://upload.wikimedia.org/wikipedia/commons/6/62/MapOfNivkhLanguage-Stone.svg"
5d16ed55-34af-47ef-8df9-e26e70f4d3d2	Malia altar stone — petroglyphs	Fargoh	CC0	illustration	wikimedia	svg	stone	"Malia altar stone — petroglyphs" by Fargoh is marked with CC0 1.0. To view the terms, visit https://creativecommons.org/publicdomain/zero/1.0/deed.en/.	curl -O "https://upload.wikimedia.org/wikipedia/commons/5/54/Malia_altar_stone_%E2%80%94_petroglyphs.svg"
319133dc-932a-4100-bedb-3508df6db556	Stone png sticker, transparent background	?	CC0	illustration	rawpixel	png	stone	"Stone png sticker, transparent background" is marked with CC0 1.0. To view the terms, visit https://creativecommons.org/publicdomain/zero/1.0/.	curl -O "https://images.rawpixel.com/image_png_1300/cHJpdmF0ZS9sci9pbWFnZXMvd2Vic2l0ZS8yMDIyLTA1L2pvYjcyNy0yNDgtcC5wbmc.png"
a1555e32-1077-4021-8b3a-76eab9220d84	Stone png sticker, transparent background	?	CC0	illustration	rawpixel	png	stone	"Stone png sticker, transparent background" is marked with CC0 1.0. To view the terms, visit https://creativecommons.org/publicdomain/zero/1.0/.	curl -O "https://images.rawpixel.com/image_png_1300/cHJpdmF0ZS9sci9pbWFnZXMvd2Vic2l0ZS8yMDIyLTA1L2pvYjcyNy0yNTAtcC5wbmc.png"
91f2d5f2-dd2f-4bbc-8403-61e20c59beee	Stone png sticker, transparent background	?	CC0	illustration	rawpixel	png	stone	"Stone png sticker, transparent background" is marked with CC0 1.0. To view the terms, visit https://creativecommons.org/publicdomain/zero/1.0/.	curl -O "https://images.rawpixel.com/image_png_1300/cHJpdmF0ZS9sci9pbWFnZXMvd2Vic2l0ZS8yMDIyLTA1L2pvYjcyNy0yNDktcC5wbmc.png"
ab4fc57f-c0d6-4245-bb65-349c27549579	Stone column illustration clipart vector	?	CC0	illustration	rawpixel	eps	stone	"Stone column illustration clipart vector" is marked with CC0 1.0. To view the terms, visit https://creativecommons.org/publicdomain/zero/1.0/.	curl -O "https://images.rawpixel.com/editor_1024/cHJpdmF0ZS9sci9pbWFnZXMvd2Vic2l0ZS8yMDIyLTA0L2pvYjcxMy0wMzctdi5qcGc.jpg"
1e5afb32-0ee5-4f0f-aaff-9489db32ebfc	Rock collage element, stone illustration	?	CC0	illustration	rawpixel	eps	stone	"Rock collage element, stone illustration" is marked with CC0 1.0. To view the terms, visit https://creativecommons.org/publicdomain/zero/1.0/.	curl -O "https://images.rawpixel.com/editor_1024/cHJpdmF0ZS9sci9pbWFnZXMvd2Vic2l0ZS8yMDIyLTA1L2pvYjcyNy0yNDctdi5qcGc.jpg"
0b480557-7e7d-405e-9345-a35ca881d310	Stone png sticker, transparent background	?	CC0	illustration	rawpixel	png	stone	"Stone png sticker, transparent background" is marked with CC0 1.0. To view the terms, visit https://creativecommons.org/publicdomain/zero/1.0/.	curl -O "https://images.rawpixel.com/image_png_1300/cHJpdmF0ZS9sci9pbWFnZXMvd2Vic2l0ZS8yMDIyLTA1L2pvYjcyNy0yNTEtcC5wbmc.png"
d6a8795f-c8f5-4b4b-aa3b-843074d214cf	Stone clipart, rock illustration	?	CC0	illustration	rawpixel	jpg	stone	"Stone clipart, rock illustration" is marked with CC0 1.0. To view the terms, visit https://creativecommons.org/publicdomain/zero/1.0/.	curl -O "https://images.rawpixel.com/editor_1024/cHJpdmF0ZS9sci9pbWFnZXMvd2Vic2l0ZS8yMDIyLTA1L2pvYjcyNy0yNTAteC5qcGc.jpg"
23efc10b-5b56-41ff-b42d-0b90253950bc	Curling stone png illustration, transparent	?	CC0	illustration	rawpixel	png	stone	"Curling stone png illustration, transparent" is marked with CC0 1.0. To view the terms, visit https://creativecommons.org/publicdomain/zero/1.0/.	curl -O "https://images.rawpixel.com/image_png_1300/cHJpdmF0ZS9sci9pbWFnZXMvd2Vic2l0ZS8yMDIyLTA3L2pvYjk1MC0wNjUtcC5wbmc.png"
e04b28c4-6a12-4bdd-8d3a-0394bbf5f53a	Man carving stone png sticker	?	CC0	illustration	rawpixel	png	stone	"Man carving stone png sticker" is marked with CC0 1.0. To view the terms, visit https://creativecommons.org/publicdomain/zero/1.0/.	curl -O "https://images.rawpixel.com/image_png_1300/cHJpdmF0ZS9sci9pbWFnZXMvd2Vic2l0ZS8yMDIyLTA1L2pvYjcyOS0yNDItcC5wbmc.png"
18dfdee4-131a-4ba1-868f-3f23db7fca31	Stone clipart, rock illustration	?	CC0	illustration	rawpixel	jpg	stone	"Stone clipart, rock illustration" is marked with CC0 1.0. To view the terms, visit https://creativecommons.org/publicdomain/zero/1.0/.	curl -O "https://images.rawpixel.com/editor_1024/cHJpdmF0ZS9sci9pbWFnZXMvd2Vic2l0ZS8yMDIyLTA1L2pvYjcyNy0yNTEteC5qcGc.jpg"
6d946a2a-4bdc-4ce4-a09d-7478ed14a892	Rock clipart, stone illustration	?	CC0	illustration	rawpixel	jpg	stone	"Rock clipart, stone illustration" is marked with CC0 1.0. To view the terms, visit https://creativecommons.org/publicdomain/zero/1.0/.	curl -O "https://images.rawpixel.com/editor_1024/cHJpdmF0ZS9sci9pbWFnZXMvd2Vic2l0ZS8yMDIyLTA1L2pvYjcyNy0yNDYteC5qcGc.jpg"
6af00657-432a-4c21-a062-3b09b02c605a	Stone clipart, rock illustration	?	CC0	illustration	rawpixel	jpg	stone	"Stone clipart, rock illustration" is marked with CC0 1.0. To view the terms, visit https://creativecommons.org/publicdomain/zero/1.0/.	curl -O "https://images.rawpixel.com/editor_1024/cHJpdmF0ZS9sci9pbWFnZXMvd2Vic2l0ZS8yMDIyLTA1L2pvYjcyNy0yNDgteC5qcGc.jpg"
1443869c-13a2-49ed-b1cf-4c94249922b5	Floral stone illustration clipart vector	?	CC0	illustration	rawpixel	eps	stone	"Floral stone illustration clipart vector" is marked with CC0 1.0. To view the terms, visit https://creativecommons.org/publicdomain/zero/1.0/.	curl -O "https://images.rawpixel.com/editor_1024/cHJpdmF0ZS9sci9pbWFnZXMvd2Vic2l0ZS8yMDIyLTA0L2pvYjcxMy0wNDJhLXYuanBn.jpg"
2af86bc5-9214-417f-8df9-e9c0fc9538f1	Stone clipart, rock illustration	?	CC0	illustration	rawpixel	jpg	stone	"Stone clipart, rock illustration" is marked with CC0 1.0. To view the terms, visit https://creativecommons.org/publicdomain/zero/1.0/.	curl -O "https://images.rawpixel.com/editor_1024/cHJpdmF0ZS9sci9pbWFnZXMvd2Vic2l0ZS8yMDIyLTA1L2pvYjcyNy0yNDkteC5qcGc.jpg"
8f8e19fa-36f7-4e1f-8f67-6536e61ce322	Rock clipart, stone illustration	?	CC0	illustration	rawpixel	jpg	stone	"Rock clipart, stone illustration" is marked with CC0 1.0. To view the terms, visit https://creativecommons.org/publicdomain/zero/1.0/.	curl -O "https://images.rawpixel.com/editor_1024/cHJpdmF0ZS9sci9pbWFnZXMvd2Vic2l0ZS8yMDIyLTA1L2pvYjcyNy0yNDcteC5qcGc.jpg"
5fca88d5-f8cf-48c9-b9c2-8bd6a708eea9	Stone collage element, rock illustration	?	CC0	illustration	rawpixel	eps	stone	"Stone collage element, rock illustration" is marked with CC0 1.0. To view the terms, visit https://creativecommons.org/publicdomain/zero/1.0/.	curl -O "https://images.rawpixel.com/editor_1024/cHJpdmF0ZS9sci9pbWFnZXMvd2Vic2l0ZS8yMDIyLTA1L2pvYjcyNy0yNTEtdi5qcGc.jpg"
484193d3-53bd-4725-844e-b21ba1da8883	Stone crab vintage sea animal	?	CC0	illustration	rawpixel	jpg	stone	"Stone crab vintage sea animal" is marked with CC0 1.0. To view the terms, visit https://creativecommons.org/publicdomain/zero/1.0/.	curl -O "https://images.rawpixel.com/editor_1024/cHJpdmF0ZS9sci9pbWFnZXMvd2Vic2l0ZS8yMDIyLTA1L2pvYjcxNS0xNDMteC5qcGc.jpg"
69964ee5-cd29-40cb-998a-43d3f53f4d56	Stone collage element, rock illustration	?	CC0	illustration	rawpixel	eps	stone	"Stone collage element, rock illustration" is marked with CC0 1.0. To view the terms, visit https://creativecommons.org/publicdomain/zero/1.0/.	curl -O "https://images.rawpixel.com/editor_1024/cHJpdmF0ZS9sci9pbWFnZXMvd2Vic2l0ZS8yMDIyLTA1L2pvYjcyNy0yNDktdi5qcGc.jpg"
c50e0757-8ec1-47c8-9586-f2818f48b713	Standing stones vintage illustration	?	CC0	illustration	rawpixel	jpg	stone	"Standing stones vintage illustration" is marked with CC0 1.0. To view the terms, visit https://creativecommons.org/publicdomain/zero/1.0/.	curl -O "https://images.rawpixel.com/editor_1024/cHJpdmF0ZS9sci9pbWFnZXMvd2Vic2l0ZS8yMDIyLTA1L2pvYjcxNi0xNjQteC5qcGc.jpg"
38f265e4-bacc-4b8d-99b0-bc26e9321d93	Man carving stone illustration	?	CC0	illustration	rawpixel	jpg	stone	"Man carving stone illustration" is marked with CC0 1.0. To view the terms, visit https://creativecommons.org/publicdomain/zero/1.0/.	curl -O "https://images.rawpixel.com/editor_1024/cHJpdmF0ZS9sci9pbWFnZXMvd2Vic2l0ZS8yMDIyLTA1L2pvYjcyOS0yNDIteC5qcGc.jpg"
e6d967ec-7fd1-4250-9b9a-ae6c08e68446	Mineral stone clipart, illustration vector	?	CC0	illustration	rawpixel	eps	stone	"Mineral stone clipart, illustration vector" is marked with CC0 1.0. To view the terms, visit https://creativecommons.org/publicdomain/zero/1.0/.	curl -O "https://images.rawpixel.com/editor_1024/cHJpdmF0ZS9sci9pbWFnZXMvd2Vic2l0ZS8yMDIyLTA3L2pvYjk1NC0wNjQuanBn.jpg"
302c1d53-c515-4279-8e71-6f81374baf58	Stone column black and white	?	CC0	illustration	rawpixel	jpg	stone	"Stone column black and white" is marked with CC0 1.0. To view the terms, visit https://creativecommons.org/publicdomain/zero/1.0/.	curl -O "https://images.rawpixel.com/editor_1024/cHJpdmF0ZS9sci9pbWFnZXMvd2Vic2l0ZS8yMDIyLTA0L2pvYjcxMy0wMzcteF8xLmpwZw.jpg"
2161cd7e-64b9-4b80-8ae2-1311dbf8b790	Rock collage element, stone illustration	?	CC0	illustration	rawpixel	eps	stone	"Rock collage element, stone illustration" is marked with CC0 1.0. To view the terms, visit https://creativecommons.org/publicdomain/zero/1.0/.	curl -O "https://images.rawpixel.com/editor_1024/cHJpdmF0ZS9sci9pbWFnZXMvd2Vic2l0ZS8yMDIyLTA1L2pvYjcyNy0yNDYtdi5qcGc.jpg"
9c459bae-f909-41c7-8399-60aaa99e91d5	Stone crab clipart, vintage sea	?	CC0	illustration	rawpixel	psd	stone	"Stone crab clipart, vintage sea" is marked with CC0 1.0. To view the terms, visit https://creativecommons.org/publicdomain/zero/1.0/.	curl -O "https://images.rawpixel.com/editor_1024/cHJpdmF0ZS9sci9pbWFnZXMvd2Vic2l0ZS8yMDIyLTA1L2pvYjcxNS0xNDMuanBn.jpg"
4881cfd3-544b-4931-bc2e-8a071932a8e4	Stone collage element, rock illustration	?	CC0	illustration	rawpixel	eps	stone	"Stone collage element, rock illustration" is marked with CC0 1.0. To view the terms, visit https://creativecommons.org/publicdomain/zero/1.0/.	curl -O "https://images.rawpixel.com/editor_1024/cHJpdmF0ZS9sci9pbWFnZXMvd2Vic2l0ZS8yMDIyLTA1L2pvYjcyNy0yNDgtdi5qcGc.jpg"
fb7336ea-ec5d-4b56-b8c4-389ae016dd51	Stone collage element, rock illustration	?	CC0	illustration	rawpixel	eps	stone	"Stone collage element, rock illustration" is marked with CC0 1.0. To view the terms, visit https://creativecommons.org/publicdomain/zero/1.0/.	curl -O "https://images.rawpixel.com/editor_1024/cHJpdmF0ZS9sci9pbWFnZXMvd2Vic2l0ZS8yMDIyLTA1L2pvYjcyNy0yNTAtdi5qcGc.jpg"
b03f5a39-b9c1-49ce-a45c-9917f8a0e4c0	Stone crab clipart, vintage sea	?	CC0	illustration	rawpixel	eps	stone	"Stone crab clipart, vintage sea" is marked with CC0 1.0. To view the terms, visit https://creativecommons.org/publicdomain/zero/1.0/.	curl -O "https://images.rawpixel.com/editor_1024/cHJpdmF0ZS9sci9pbWFnZXMvd2Vic2l0ZS8yMDIyLTA1L2pvYjcxNS0xNDMtdi5qcGc.jpg"
ca8d1354-9516-4b9d-97d9-9cfe367114f1	Stone-wheel - Delapouite - game-icons	Delapouite	CC-BY 3.0	illustration	wikimedia	svg	stone	"Stone-wheel - Delapouite - game-icons" by Delapouite is licensed under CC BY 3.0. To view a copy of this license, visit https://creativecommons.org/licenses/by/3.0/.	curl -O "https://upload.wikimedia.org/wikipedia/commons/8/83/Stone-wheel_-_Delapouite_-_game-icons.svg"
a95f34fc-3ec9-4a75-a558-50682f5dddb4	Moses with The Ten Commandments stones	ArtsyBee	CC0	illustration	wikimedia	svg	stone	"Moses with The Ten Commandments stones" by ArtsyBee is marked with CC0 1.0. To view the terms, visit https://creativecommons.org/publicdomain/zero/1.0/deed.en/.	curl -O "https://upload.wikimedia.org/wikipedia/commons/f/fd/Moses_with_The_Ten_Commandments_stones.svg"
24d93d21-5a0d-443e-ac3e-b38533f93090	Stone-spear - Lorc - game-icons	Lorc	CC-BY 3.0	illustration	wikimedia	svg	stone	"Stone-spear - Lorc - game-icons" by Lorc is licensed under CC BY 3.0. To view a copy of this license, visit https://creativecommons.org/licenses/by/3.0/.	curl -O "https://upload.wikimedia.org/wikipedia/commons/0/0f/Stone-spear_-_Lorc_-_game-icons.svg"
4dfe5aa2-674a-42b6-9353-cca7d9e3aeef	Stone-stack - Delapouite - white - game-icons	Delapouite	CC-BY 3.0	illustration	wikimedia	svg	stone	"Stone-stack - Delapouite - white - game-icons" by Delapouite is licensed under CC BY 3.0. To view a copy of this license, visit https://creativecommons.org/licenses/by/3.0/.	curl -O "https://upload.wikimedia.org/wikipedia/commons/7/7e/Stone-stack_-_Delapouite_-_white_-_game-icons.svg"
87a2496a-603d-4810-9ca4-07c3cf09c8af	Dripping-stone - Lorc - game-icons	Lorc	CC-BY 3.0	illustration	wikimedia	svg	stone	"Dripping-stone - Lorc - game-icons" by Lorc is licensed under CC BY 3.0. To view a copy of this license, visit https://creativecommons.org/licenses/by/3.0/.	curl -O "https://upload.wikimedia.org/wikipedia/commons/d/d5/Dripping-stone_-_Lorc_-_game-icons.svg"
58f4b65f-d88c-4c2b-9504-8244959d6366	Stone-wheel - Delapouite - white - game-icons	Delapouite	CC-BY 3.0	illustration	wikimedia	svg	stone	"Stone-wheel - Delapouite - white - game-icons" by Delapouite is licensed under CC BY 3.0. To view a copy of this license, visit https://creativecommons.org/licenses/by/3.0/.	curl -O "https://upload.wikimedia.org/wikipedia/commons/4/45/Stone-wheel_-_Delapouite_-_white_-_game-icons.svg"
aa99981f-6b57-4518-a63d-937926b80b61	Stone No Shadow	CCX	CC0	illustration	wikimedia	svg	stone	"Stone No Shadow" by CCX is marked with CC0 1.0. To view the terms, visit https://creativecommons.org/publicdomain/zero/1.0/deed.en/.	curl -O "https://upload.wikimedia.org/wikipedia/commons/c/cf/Stone_No_Shadow.svg"
435e3d2f-b01e-4b8e-8f7e-6f28153de33b	Stone-crafting - Lorc - game-icons	Lorc	CC-BY 3.0	illustration	wikimedia	svg	stone	"Stone-crafting - Lorc - game-icons" by Lorc is licensed under CC BY 3.0. To view a copy of this license, visit https://creativecommons.org/licenses/by/3.0/.	curl -O "https://upload.wikimedia.org/wikipedia/commons/9/93/Stone-crafting_-_Lorc_-_game-icons.svg"
74aff158-7bb7-4bf1-83e4-ad4f259f7ae0	Stone-bridge - Delapouite - white - game-icons	Delapouite	CC-BY 3.0	illustration	wikimedia	svg	stone	"Stone-bridge - Delapouite - white - game-icons" by Delapouite is licensed under CC BY 3.0. To view a copy of this license, visit https://creativecommons.org/licenses/by/3.0/.	curl -O "https://upload.wikimedia.org/wikipedia/commons/9/97/Stone-bridge_-_Delapouite_-_white_-_game-icons.svg"
b48f45c4-52e1-455b-9fa4-b8fb79685bd5	Stone-crafting - Lorc - white - game-icons	Lorc	CC-BY 3.0	illustration	wikimedia	svg	stone	"Stone-crafting - Lorc - white - game-icons" by Lorc is licensed under CC BY 3.0. To view a copy of this license, visit https://creativecommons.org/licenses/by/3.0/.	curl -O "https://upload.wikimedia.org/wikipedia/commons/7/7e/Stone-crafting_-_Lorc_-_white_-_game-icons.svg"
1e821602-24e0-4e98-8c4c-c4e5d538997a	Stone-axe - Lorc - white - game-icons	Lorc	CC-BY 3.0	illustration	wikimedia	svg	stone	"Stone-axe - Lorc - white - game-icons" by Lorc is licensed under CC BY 3.0. To view a copy of this license, visit https://creativecommons.org/licenses/by/3.0/.	curl -O "https://upload.wikimedia.org/wikipedia/commons/b/bf/Stone-axe_-_Lorc_-_white_-_game-icons.svg"
4bf640dd-4b22-4e87-b914-270f2fb0dd7b	Stoned-skull - Lorc - game-icons	Lorc	CC-BY 3.0	illustration	wikimedia	svg	stone	"Stoned-skull - Lorc - game-icons" by Lorc is licensed under CC BY 3.0. To view a copy of this license, visit https://creativecommons.org/licenses/by/3.0/.	curl -O "https://upload.wikimedia.org/wikipedia/commons/0/0e/Stoned-skull_-_Lorc_-_game-icons.svg"
006c7cef-de4c-4b88-9029-a41b5561510f	Stone-tower - Lorc - game-icons	Lorc	CC-BY 3.0	illustration	wikimedia	svg	stone	"Stone-tower - Lorc - game-icons" by Lorc is licensed under CC BY 3.0. To view a copy of this license, visit https://creativecommons.org/licenses/by/3.0/.	curl -O "https://upload.wikimedia.org/wikipedia/commons/6/6b/Stone-tower_-_Lorc_-_game-icons.svg"
f3793ac4-52fa-464d-8bf2-2f99acb5d00e	Stone age woman illustration	?	CC0	illustration	rawpixel	jpg	stone	"Stone age woman illustration" is marked with CC0 1.0. To view the terms, visit https://creativecommons.org/publicdomain/zero/1.0/.	curl -O "https://images.rawpixel.com/editor_1024/cHJpdmF0ZS9sci9pbWFnZXMvd2Vic2l0ZS8yMDIzLTA0L2pvYjk2OS1lbGVtZW50LTE1N2EteC5qcGc.jpg"
4dc868b3-e749-489d-89a5-211915f80b06	Stone-bust - Delapouite - white - game-icons	Delapouite	CC-BY 3.0	illustration	wikimedia	svg	stone	"Stone-bust - Delapouite - white - game-icons" by Delapouite is licensed under CC BY 3.0. To view a copy of this license, visit https://creativecommons.org/licenses/by/3.0/.	curl -O "https://upload.wikimedia.org/wikipedia/commons/8/86/Stone-bust_-_Delapouite_-_white_-_game-icons.svg"
93697a96-8c8a-4bf4-ba14-db80e017399b	Stone arrowhead up Pinhead icon	Quincy Morgan	CC0	illustration	wikimedia	svg	stone	"Stone arrowhead up Pinhead icon" by Quincy Morgan is marked with CC0 1.0. To view the terms, visit https://creativecommons.org/publicdomain/zero/1.0/deed.en/.	curl -O "https://upload.wikimedia.org/wikipedia/commons/0/0a/Stone_arrowhead_up_Pinhead_icon.svg"
5921c349-a0b2-42b2-a999-994d74bf65c6	Dripping-stone - Lorc - white - game-icons	Lorc	CC-BY 3.0	illustration	wikimedia	svg	stone	"Dripping-stone - Lorc - white - game-icons" by Lorc is licensed under CC BY 3.0. To view a copy of this license, visit https://creativecommons.org/licenses/by/3.0/.	curl -O "https://upload.wikimedia.org/wikipedia/commons/1/17/Dripping-stone_-_Lorc_-_white_-_game-icons.svg"
48eb2106-6d00-4e36-8b40-041ef86514bf	Sword-in-stone - Lorc - game-icons	Lorc	CC-BY 3.0	illustration	wikimedia	svg	stone	"Sword-in-stone - Lorc - game-icons" by Lorc is licensed under CC BY 3.0. To view a copy of this license, visit https://creativecommons.org/licenses/by/3.0/.	curl -O "https://upload.wikimedia.org/wikipedia/commons/8/87/Sword-in-stone_-_Lorc_-_game-icons.svg"
f9285aa3-d8ba-463a-b92d-0659fc408338	Stone-sphere - Lorc - game-icons	Lorc	CC-BY 3.0	illustration	wikimedia	svg	stone	"Stone-sphere - Lorc - game-icons" by Lorc is licensed under CC BY 3.0. To view a copy of this license, visit https://creativecommons.org/licenses/by/3.0/.	curl -O "https://upload.wikimedia.org/wikipedia/commons/6/62/Stone-sphere_-_Lorc_-_game-icons.svg"
70a39b8e-d413-445e-adcc-bb542a9d5d61	Stone arrowhead right Pinhead icon	Quincy Morgan	CC0	illustration	wikimedia	svg	stone	"Stone arrowhead right Pinhead icon" by Quincy Morgan is marked with CC0 1.0. To view the terms, visit https://creativecommons.org/publicdomain/zero/1.0/deed.en/.	curl -O "https://upload.wikimedia.org/wikipedia/commons/8/84/Stone_arrowhead_right_Pinhead_icon.svg"
bb498681-399e-49e8-a4a7-96018754d6b5	Angelo Gemmi stone	Pedro A. Gracia Fajardo (en el dominio público).	CC0	illustration	wikimedia	svg	stone	"Angelo Gemmi stone" by Pedro A. Gracia Fajardo (en el dominio público). is marked with CC0 1.0. To view the terms, visit https://creativecommons.org/publicdomain/zero/1.0/deed.en/.	curl -O "https://upload.wikimedia.org/wikipedia/commons/0/0a/Angelo_Gemmi_stone.svg"
1a149229-29d7-4027-b3e9-1c1dd36b4dcd	Portal Wood and forest icon	Riad Salih and Ian Anandara	CC-BY 4.0	illustration	wikimedia	svg	wood	"Portal Wood and forest icon" by Riad Salih and Ian Anandara is licensed under CC BY 4.0. To view a copy of this license, visit https://creativecommons.org/licenses/by/4.0/.	curl -O "https://upload.wikimedia.org/wikipedia/commons/e/e9/Portal_Wood_and_forest_icon.svg"
56ac0b34-20b5-4f56-82c5-9bcf48abec15	Wildfire in woods icon	Tommaso.sansone91, Ukulelevillain	CC0	illustration	wikimedia	svg	wood	"Wildfire in woods icon" by Tommaso.sansone91, Ukulelevillain is marked with CC0 1.0. To view the terms, visit https://creativecommons.org/publicdomain/zero/1.0/deed.en/.	curl -O "https://upload.wikimedia.org/wikipedia/commons/0/0f/Wildfire_in_woods_icon.svg"
5b65812f-db2c-4f40-b98d-5073f6045c54	Barnstable County Massachusetts incorporated and unincorporated areas Woods Hole highlighted	Rcsprinter123	CC-BY 3.0	illustration	wikimedia	svg	wood	"Barnstable County Massachusetts incorporated and unincorporated areas Woods Hole highlighted" by Rcsprinter123 is licensed under CC BY 3.0. To view a copy of this license, visit https://creativecommons.org/licenses/by/3.0/.	curl -O "https://upload.wikimedia.org/wikipedia/commons/4/4d/Barnstable_County_Massachusetts_incorporated_and_unincorporated_areas_Woods_Hole_highlighted.svg"
018045b9-3b25-4e9d-a745-e1fd2e533dbd	0508 Regional Municipality Of Wood Buffalo, Alberta, Detailed	awmcphee	CC0	illustration	wikimedia	svg	wood	"0508 Regional Municipality Of Wood Buffalo, Alberta, Detailed" by awmcphee is marked with CC0 1.0. To view the terms, visit https://creativecommons.org/publicdomain/zero/1.0/deed.en/.	curl -O "https://upload.wikimedia.org/wikipedia/commons/e/ef/0508_Regional_Municipality_Of_Wood_Buffalo%2C_Alberta%2C_Detailed.svg"
66ffe094-8acf-4a0d-999b-2b4a356fb501	Derivation of wood-tar creosote	Brian Shapiro	CC0	illustration	wikimedia	svg	wood	"Derivation of wood-tar creosote" by Brian Shapiro is marked with CC0 1.0. To view the terms, visit https://creativecommons.org/publicdomain/zero/1.0/deed.en/.	curl -O "https://upload.wikimedia.org/wikipedia/commons/2/23/Derivation_of_wood-tar_creosote.svg"
0234e100-95a5-4080-af1c-b26b83491b2c	Trends in production of five non-wood forest products, 2000–2022	http://www.fao.org Food and Agriculture Organization	CC-BY 4.0	illustration	wikimedia	svg	wood	"Trends in production of five non-wood forest products, 2000–2022" by http://www.fao.org Food and Agriculture Organization is licensed under CC BY 4.0. To view a copy of this license, visit https://creativecommons.org/licenses/by/4.0/.	curl -O "https://upload.wikimedia.org/wikipedia/commons/f/f4/Trends_in_production_of_five_non-wood_forest_products%2C_2000%E2%80%932022.svg"
1d8a0dde-c61f-4ef7-86e5-089292aff79b	Wood 2024 ballot access	Longestview	CC0	illustration	wikimedia	svg	wood	"Wood 2024 ballot access" by Longestview is marked with CC0 1.0. To view the terms, visit https://creativecommons.org/publicdomain/zero/1.0/deed.en/.	curl -O "https://upload.wikimedia.org/wikipedia/commons/a/a9/Wood_2024_ballot_access.svg"
ba154fcc-94b9-48fb-9ea3-749d5d758d77	AB locator REGIONAL MUNICIPALITY OF WOOD BUFFALO	awmcphee	CC0	illustration	wikimedia	svg	wood	"AB locator REGIONAL MUNICIPALITY OF WOOD BUFFALO" by awmcphee is marked with CC0 1.0. To view the terms, visit https://creativecommons.org/publicdomain/zero/1.0/deed.en/.	curl -O "https://upload.wikimedia.org/wikipedia/commons/f/f5/AB_locator_REGIONAL_MUNICIPALITY_OF_WOOD_BUFFALO.svg"
be4b0a7e-005b-4c9d-ae88-eccfb8ba62d4	Manitoba 2018 Spruce Woods	Alex McPhee	CC0	illustration	wikimedia	svg	wood	"Manitoba 2018 Spruce Woods" by Alex McPhee is marked with CC0 1.0. To view the terms, visit https://creativecommons.org/publicdomain/zero/1.0/deed.en/.	curl -O "https://upload.wikimedia.org/wikipedia/commons/6/6e/Manitoba_2018_Spruce_Woods.svg"
dc0cb4d1-1bcf-49ef-9f0b-8a9e2c888b91	Wood River No. 74 Coloured Map	awmcphee	CC0	illustration	wikimedia	svg	wood	"Wood River No. 74 Coloured Map" by awmcphee is marked with CC0 1.0. To view the terms, visit https://creativecommons.org/publicdomain/zero/1.0/deed.en/.	curl -O "https://upload.wikimedia.org/wikipedia/commons/6/6e/Wood_River_No._74_Coloured_Map.svg"
6bf4adbd-77a3-4500-9407-54c528babd8a	Bournemouth, Christchurch and Poole UK ward map highlighting Talbot and Branksome Woods	Rcsprinter123	CC-BY 3.0	illustration	wikimedia	svg	wood	"Bournemouth, Christchurch and Poole UK ward map highlighting Talbot and Branksome Woods" by Rcsprinter123 is licensed under CC BY 3.0. To view a copy of this license, visit https://creativecommons.org/licenses/by/3.0/.	curl -O "https://upload.wikimedia.org/wikipedia/commons/0/0c/Bournemouth%2C_Christchurch_and_Poole_UK_ward_map_highlighting_Talbot_and_Branksome_Woods.svg"
22bd3273-851e-4b9e-ba1c-0a3701c9f1b3	Wood screw (black-transparent)	Andrew Pertsev	CC0	illustration	wikimedia	svg	wood	"Wood screw (black-transparent)" by Andrew Pertsev is marked with CC0 1.0. To view the terms, visit https://creativecommons.org/publicdomain/zero/1.0/deed.en/.	curl -O "https://upload.wikimedia.org/wikipedia/commons/2/2a/Wood_screw_%28black-transparent%29.svg"
dcc8e924-51ec-4faa-94ae-70bb85abc5f0	Owner Mrs J Wood white cap	JockeyColours	CC0	illustration	wikimedia	svg	wood	"Owner Mrs J Wood white cap" by JockeyColours is marked with CC0 1.0. To view the terms, visit https://creativecommons.org/publicdomain/zero/1.0/deed.en/.	curl -O "https://upload.wikimedia.org/wikipedia/commons/4/43/Owner_Mrs_J_Wood_white_cap.svg"
6878f83c-35e7-40b6-85fe-fe2d52199db5	CAN SK Wood Mountain 160 Locator	awmcphee	CC0	illustration	wikimedia	svg	wood	"CAN SK Wood Mountain 160 Locator" by awmcphee is marked with CC0 1.0. To view the terms, visit https://creativecommons.org/publicdomain/zero/1.0/deed.en/.	curl -O "https://upload.wikimedia.org/wikipedia/commons/2/2e/CAN_SK_Wood_Mountain_160_Locator.svg"
85432d4a-0014-4505-81f3-067771e461e4	AB locator ID NO 24 (WOOD BUFFALO)	awmcphee	CC0	illustration	wikimedia	svg	wood	"AB locator ID NO 24 (WOOD BUFFALO)" by awmcphee is marked with CC0 1.0. To view the terms, visit https://creativecommons.org/publicdomain/zero/1.0/deed.en/.	curl -O "https://upload.wikimedia.org/wikipedia/commons/f/f7/AB_locator_ID_NO_24_%28WOOD_BUFFALO%29.svg"
15aa47e8-eac6-4c3f-82b2-8bf425070de2	Saskatchewan 2022 Wood River	Alex McPhee	CC0	illustration	wikimedia	svg	wood	"Saskatchewan 2022 Wood River" by Alex McPhee is marked with CC0 1.0. To view the terms, visit https://creativecommons.org/publicdomain/zero/1.0/deed.en/.	curl -O "https://upload.wikimedia.org/wikipedia/commons/c/ce/Saskatchewan_2022_Wood_River.svg"
405ad85a-6770-45ef-ae2e-32cbf900f7bf	Wood plank collage element, object	?	CC0	illustration	rawpixel	eps	wood	"Wood plank collage element, object" is marked with CC0 1.0. To view the terms, visit https://creativecommons.org/publicdomain/zero/1.0/.	curl -O "https://images.rawpixel.com/editor_1024/czNmcy1wcml2YXRlL3Jhd3BpeGVsX2ltYWdlcy93ZWJzaXRlX2NvbnRlbnQvam9iNjgxLTAxMjgtdi1sMWxnZjYyNC5qcGc.jpg"
a2f137b2-d175-4363-bc76-8de047e78fa3	Wood log clipart, environment illustration	?	CC0	illustration	rawpixel	eps	wood	"Wood log clipart, environment illustration" is marked with CC0 1.0. To view the terms, visit https://creativecommons.org/publicdomain/zero/1.0/.	curl -O "https://images.rawpixel.com/editor_1024/cHJpdmF0ZS9sci9pbWFnZXMvd2Vic2l0ZS8yMDIyLTA1L2pvYjcyOS0xNjctdi5qcGc.jpg"
4b1173b9-2fcb-4896-9c0c-878c5f651a33	wood	?	CC0	illustration	svgsilh	?	wood	"wood" is marked with CC0 1.0. To view the terms, visit https://creativecommons.org/publicdomain/zero/1.0/.	curl -O "https://svgsilh.com/png/2016920-009688.png"
bdf43877-ed06-4687-8385-dc2e0c878b89	wood	?	CC0	illustration	svgsilh	?	wood	"wood" is marked with CC0 1.0. To view the terms, visit https://creativecommons.org/publicdomain/zero/1.0/.	curl -O "https://svgsilh.com/png/2176222.png"
55d22329-0eb8-4697-9e72-ac421ee3f3a7	wood	?	CC0	illustration	svgsilh	?	wood	"wood" is marked with CC0 1.0. To view the terms, visit https://creativecommons.org/publicdomain/zero/1.0/.	curl -O "https://svgsilh.com/png/3191410.png"
b1e3ddd0-7213-4c6c-8bdd-cf8997c32fd1	wood	?	CC0	illustration	svgsilh	?	wood	"wood" is marked with CC0 1.0. To view the terms, visit https://creativecommons.org/publicdomain/zero/1.0/.	curl -O "https://svgsilh.com/png/3195047.png"
9b0c125d-6c0e-46b7-9591-d79c3804029a	wood	?	CC0	illustration	svgsilh	?	wood	"wood" is marked with CC0 1.0. To view the terms, visit https://creativecommons.org/publicdomain/zero/1.0/.	curl -O "https://svgsilh.com/png/2157215-e91e63.png"
c7bdbebd-3871-4750-a1d8-470058abfeee	wood	?	CC0	illustration	svgsilh	?	wood	"wood" is marked with CC0 1.0. To view the terms, visit https://creativecommons.org/publicdomain/zero/1.0/.	curl -O "https://svgsilh.com/png/2157215-009688.png"
1b1f238c-5f0a-4de2-9627-a2c2fa8cadae	Wood log png sticker environment	?	CC0	illustration	rawpixel	png	wood	"Wood log png sticker environment" is marked with CC0 1.0. To view the terms, visit https://creativecommons.org/publicdomain/zero/1.0/.	curl -O "https://images.rawpixel.com/image_png_1300/cHJpdmF0ZS9sci9pbWFnZXMvd2Vic2l0ZS8yMDIyLTA1L2pvYjcyOS0xNjctcC5wbmc.png"
42cbc3e9-c2fa-4669-bea2-6ca5197f01e1	sound jazz wood wind	?	CC0	illustration	svgsilh	?	wood	"sound jazz wood wind" is marked with CC0 1.0. To view the terms, visit https://creativecommons.org/publicdomain/zero/1.0/.	curl -O "https://svgsilh.com/png/308027-3f51b5.png"
b45abe0d-9cf5-41bb-aac6-386a4bad2c33	sound jazz wood wind	?	CC0	illustration	svgsilh	?	wood	"sound jazz wood wind" is marked with CC0 1.0. To view the terms, visit https://creativecommons.org/publicdomain/zero/1.0/.	curl -O "https://svgsilh.com/png/308028-3f51b5.png"
1eb2cbe0-0bf2-4d4e-84dd-b258b86515c3	Wood png illustration, transparent background	?	CC0	illustration	rawpixel	png	wood	"Wood png illustration, transparent background" is marked with CC0 1.0. To view the terms, visit https://creativecommons.org/publicdomain/zero/1.0/.	curl -O "https://images.rawpixel.com/image_png_1300/cHJpdmF0ZS9sci9pbWFnZXMvd2Vic2l0ZS8yMDIyLTA4L2pvYjk2MS0wMTU0LnBuZw.png"
c60236d0-15cf-47cd-a5bb-6bf79a3de135	House woods background illustration vector	?	CC0	illustration	rawpixel	eps	wood	"House woods background illustration vector" is marked with CC0 1.0. To view the terms, visit https://creativecommons.org/publicdomain/zero/1.0/.	curl -O "https://images.rawpixel.com/editor_1024/czNmcy1wcml2YXRlL3Jhd3BpeGVsX2ltYWdlcy93ZWJzaXRlX2NvbnRlbnQvam9iNjgxLTAwNDMtdi1sMWxnZHkyMy5qcGc.jpg"
18d7777e-85c2-4cb2-94aa-479e8cd5e9f7	House woods clipart, cartoon illustration	?	CC0	illustration	rawpixel	eps	wood	"House woods clipart, cartoon illustration" is marked with CC0 1.0. To view the terms, visit https://creativecommons.org/publicdomain/zero/1.0/.	curl -O "https://images.rawpixel.com/editor_1024/czNmcy1wcml2YXRlL3Jhd3BpeGVsX2ltYWdlcy93ZWJzaXRlX2NvbnRlbnQvam9iNjc4LTA5OS1sMTJ1bDN2Ny5qcGc.jpg"
2f5373e8-13b7-48e7-9f64-d9e94e26a25d	Wood-pile - Delapouite - white - game-icons	Delapouite	CC-BY 3.0	illustration	wikimedia	svg	wood	"Wood-pile - Delapouite - white - game-icons" by Delapouite is licensed under CC BY 3.0. To view a copy of this license, visit https://creativecommons.org/licenses/by/3.0/.	curl -O "https://upload.wikimedia.org/wikipedia/commons/8/8a/Wood-pile_-_Delapouite_-_white_-_game-icons.svg"
887f304c-478b-4efc-b958-a29e8c9084ee	Wood-canoe - Delapouite - game-icons	Delapouite	CC-BY 3.0	illustration	wikimedia	svg	wood	"Wood-canoe - Delapouite - game-icons" by Delapouite is licensed under CC BY 3.0. To view a copy of this license, visit https://creativecommons.org/licenses/by/3.0/.	curl -O "https://upload.wikimedia.org/wikipedia/commons/1/1b/Wood-canoe_-_Delapouite_-_game-icons.svg"
60db02aa-9126-4b2c-bd55-a10490d87191	Wood screw 3.5x30 with countersunk head	Andrew Pertsev	CC0	illustration	wikimedia	svg	wood	"Wood screw 3.5x30 with countersunk head" by Andrew Pertsev is marked with CC0 1.0. To view the terms, visit https://creativecommons.org/publicdomain/zero/1.0/deed.en/.	curl -O "https://upload.wikimedia.org/wikipedia/commons/4/45/Wood_screw_3.5x30_with_countersunk_head.svg"
b3e19b6b-ae0e-4b9a-98f5-7be07eaa040f	Wood screw 3.5x13 with countersunk head	Andrew Pertsev	CC0	illustration	wikimedia	svg	wood	"Wood screw 3.5x13 with countersunk head" by Andrew Pertsev is marked with CC0 1.0. To view the terms, visit https://creativecommons.org/publicdomain/zero/1.0/deed.en/.	curl -O "https://upload.wikimedia.org/wikipedia/commons/e/e1/Wood_screw_3.5x13_with_countersunk_head.svg"
dfbe14aa-ffa6-4fad-8ed7-7596c28aa092	Wood-axe - Lorc - game-icons	Lorc	CC-BY 3.0	illustration	wikimedia	svg	wood	"Wood-axe - Lorc - game-icons" by Lorc is licensed under CC BY 3.0. To view a copy of this license, visit https://creativecommons.org/licenses/by/3.0/.	curl -O "https://upload.wikimedia.org/wikipedia/commons/6/69/Wood-axe_-_Lorc_-_game-icons.svg"
199f7cd6-e03f-44e7-9a13-cbdc1b5556f4	Boxer wood cut vintage illustration	?	CC0	illustration	rawpixel	jpg	wood	"Boxer wood cut vintage illustration" is marked with CC0 1.0. To view the terms, visit https://creativecommons.org/publicdomain/zero/1.0/.	curl -O "https://images.rawpixel.com/editor_1024/cHJpdmF0ZS9sci9pbWFnZXMvd2Vic2l0ZS8yMDIzLTA2L2pvYjk2Ni0wNDYteC5qcGc.jpg"
cb402a91-3af7-4db8-8c0f-dd6b314b5269	Wood-cabin - Delapouite - white - game-icons	Delapouite	CC-BY 3.0	illustration	wikimedia	svg	wood	"Wood-cabin - Delapouite - white - game-icons" by Delapouite is licensed under CC BY 3.0. To view a copy of this license, visit https://creativecommons.org/licenses/by/3.0/.	curl -O "https://upload.wikimedia.org/wikipedia/commons/d/d9/Wood-cabin_-_Delapouite_-_white_-_game-icons.svg"
715a5148-c927-482a-92f8-925bf8f55047	Full-wood-bucket - Delapouite - game-icons	Delapouite	CC-BY 3.0	illustration	wikimedia	svg	wood	"Full-wood-bucket - Delapouite - game-icons" by Delapouite is licensed under CC BY 3.0. To view a copy of this license, visit https://creativecommons.org/licenses/by/3.0/.	curl -O "https://upload.wikimedia.org/wikipedia/commons/5/59/Full-wood-bucket_-_Delapouite_-_game-icons.svg"
6c969244-5ed4-4cec-86a3-625f06292141	Dead-wood - Lorc - white - game-icons	Lorc	CC-BY 3.0	illustration	wikimedia	svg	wood	"Dead-wood - Lorc - white - game-icons" by Lorc is licensed under CC BY 3.0. To view a copy of this license, visit https://creativecommons.org/licenses/by/3.0/.	curl -O "https://upload.wikimedia.org/wikipedia/commons/b/be/Dead-wood_-_Lorc_-_white_-_game-icons.svg"
817bde9a-a6c7-4931-83c7-ae57020f17dd	Wood-club - Delapouite - white - game-icons	Delapouite	CC-BY 3.0	illustration	wikimedia	svg	wood	"Wood-club - Delapouite - white - game-icons" by Delapouite is licensed under CC BY 3.0. To view a copy of this license, visit https://creativecommons.org/licenses/by/3.0/.	curl -O "https://upload.wikimedia.org/wikipedia/commons/6/6c/Wood-club_-_Delapouite_-_white_-_game-icons.svg"
445d7c7a-6138-429c-8e59-bc99701d7f41	House woods clipart, cartoon illustration	?	CC0	illustration	rawpixel	jpg	wood	"House woods clipart, cartoon illustration" is marked with CC0 1.0. To view the terms, visit https://creativecommons.org/publicdomain/zero/1.0/.	curl -O "https://images.rawpixel.com/editor_1024/czNmcy1wcml2YXRlL3Jhd3BpeGVsX2ltYWdlcy93ZWJzaXRlX2NvbnRlbnQvam9iNjc4LTA5OS14LmpwZw.jpg"
7dfe506d-a551-4951-bec7-541f788c4a4a	Empty-wood-bucket - Delapouite - white - game-icons	Delapouite	CC-BY 3.0	illustration	wikimedia	svg	wood	"Empty-wood-bucket - Delapouite - white - game-icons" by Delapouite is licensed under CC BY 3.0. To view a copy of this license, visit https://creativecommons.org/licenses/by/3.0/.	curl -O "https://upload.wikimedia.org/wikipedia/commons/c/ca/Empty-wood-bucket_-_Delapouite_-_white_-_game-icons.svg"
aebe93bf-0cbc-4b66-998c-21ae0e8b4839	Empty-wood-bucket-handle - Delapouite - game-icons	Delapouite	CC-BY 3.0	illustration	wikimedia	svg	wood	"Empty-wood-bucket-handle - Delapouite - game-icons" by Delapouite is licensed under CC BY 3.0. To view a copy of this license, visit https://creativecommons.org/licenses/by/3.0/.	curl -O "https://upload.wikimedia.org/wikipedia/commons/9/94/Empty-wood-bucket-handle_-_Delapouite_-_game-icons.svg"
f9a9300b-8704-47be-a25b-2284abc1499d	Empty-wood-bucket - Delapouite - game-icons	Delapouite	CC-BY 3.0	illustration	wikimedia	svg	wood	"Empty-wood-bucket - Delapouite - game-icons" by Delapouite is licensed under CC BY 3.0. To view a copy of this license, visit https://creativecommons.org/licenses/by/3.0/.	curl -O "https://upload.wikimedia.org/wikipedia/commons/f/f2/Empty-wood-bucket_-_Delapouite_-_game-icons.svg"
65c6c2e2-33a7-4d79-8c53-7b93ee8921a8	Wood-stick - Delapouite - game-icons	Delapouite	CC-BY 3.0	illustration	wikimedia	svg	wood	"Wood-stick - Delapouite - game-icons" by Delapouite is licensed under CC BY 3.0. To view a copy of this license, visit https://creativecommons.org/licenses/by/3.0/.	curl -O "https://upload.wikimedia.org/wikipedia/commons/f/fc/Wood-stick_-_Delapouite_-_game-icons.svg"
3b7da78a-461f-456f-a052-e0c5669b98d2	Wood Fireplace (887) - The Noun Project	d͡ʒɛrmi Good	CC0	illustration	wikimedia	svg	wood	"Wood Fireplace (887) - The Noun Project" by d͡ʒɛrmi Good is marked with CC0 1.0. To view the terms, visit https://creativecommons.org/publicdomain/zero/1.0/deed.en/.	curl -O "https://upload.wikimedia.org/wikipedia/commons/9/92/Wood_Fireplace_%28887%29_-_The_Noun_Project.svg"
629ebb21-76e9-43ad-b57e-10df8a1da091	Trends in production volume of five non-wood forest products, 2000–2022	http://www.fao.org Food and Agriculture Organization	CC-BY 4.0	illustration	wikimedia	svg	wood	"Trends in production volume of five non-wood forest products, 2000–2022" by http://www.fao.org Food and Agriculture Organization is licensed under CC BY 4.0. To view a copy of this license, visit https://creativecommons.org/licenses/by/4.0/.	curl -O "https://upload.wikimedia.org/wikipedia/commons/f/f2/Trends_in_production_volume_of_five_non-wood_forest_products%2C_2000%E2%80%932022.svg"
4e9dcd59-c3c9-428b-8464-9d9eede06086	Wood board collage element, object	?	CC0	illustration	rawpixel	eps	wood	"Wood board collage element, object" is marked with CC0 1.0. To view the terms, visit https://creativecommons.org/publicdomain/zero/1.0/.	curl -O "https://images.rawpixel.com/editor_1024/czNmcy1wcml2YXRlL3Jhd3BpeGVsX2ltYWdlcy93ZWJzaXRlX2NvbnRlbnQvam9iNjgxLTAxMzMtdi1sMWxnZmRxYS5qcGc.jpg"
4687d313-582a-4c83-9252-614fc19be954	Dead-wood - Lorc - game-icons	Lorc	CC-BY 3.0	illustration	wikimedia	svg	wood	"Dead-wood - Lorc - game-icons" by Lorc is licensed under CC BY 3.0. To view a copy of this license, visit https://creativecommons.org/licenses/by/3.0/.	curl -O "https://upload.wikimedia.org/wikipedia/commons/7/7d/Dead-wood_-_Lorc_-_game-icons.svg"
cc5f53b7-ba9d-4ade-9316-41e5991cd93a	Wood screw 3.5x25 with countersunk head	Andrew Pertsev	CC0	illustration	wikimedia	svg	wood	"Wood screw 3.5x25 with countersunk head" by Andrew Pertsev is marked with CC0 1.0. To view the terms, visit https://creativecommons.org/publicdomain/zero/1.0/deed.en/.	curl -O "https://upload.wikimedia.org/wikipedia/commons/1/14/Wood_screw_3.5x25_with_countersunk_head.svg"
0c980cc0-3803-4d1d-88d8-2088d314e22e	Wood-canoe - Delapouite - white - game-icons	Delapouite	CC-BY 3.0	illustration	wikimedia	svg	wood	"Wood-canoe - Delapouite - white - game-icons" by Delapouite is licensed under CC BY 3.0. To view a copy of this license, visit https://creativecommons.org/licenses/by/3.0/.	curl -O "https://upload.wikimedia.org/wikipedia/commons/2/2b/Wood-canoe_-_Delapouite_-_white_-_game-icons.svg"
054d879f-bc45-4c0a-a15b-583526b62fa6	Wood shaper png illustration, transparent	?	CC0	illustration	rawpixel	png	wood	"Wood shaper png illustration, transparent" is marked with CC0 1.0. To view the terms, visit https://creativecommons.org/publicdomain/zero/1.0/.	curl -O "https://images.rawpixel.com/image_png_1300/cHJpdmF0ZS9sci9pbWFnZXMvd2Vic2l0ZS8yMDIyLTA3L2pvYjk1NS0wMTMtcC5wbmc.png"
11850903-23f8-4433-ada5-2041e0cbdaba	Cabin woods, nature illustration vector	?	CC0	illustration	rawpixel	eps	wood	"Cabin woods, nature illustration vector" is marked with CC0 1.0. To view the terms, visit https://creativecommons.org/publicdomain/zero/1.0/.	curl -O "https://images.rawpixel.com/editor_1024/czNmcy1wcml2YXRlL3Jhd3BpeGVsX2ltYWdlcy93ZWJzaXRlX2NvbnRlbnQvam9iNjc5LTE2Mi1wLWwxNjd4cXFhLmpwZw.jpg"
5b55defd-ab6f-493e-85a1-23e2f492e961	Wood-club - Delapouite - game-icons	Delapouite	CC-BY 3.0	illustration	wikimedia	svg	wood	"Wood-club - Delapouite - game-icons" by Delapouite is licensed under CC BY 3.0. To view a copy of this license, visit https://creativecommons.org/licenses/by/3.0/.	curl -O "https://upload.wikimedia.org/wikipedia/commons/5/56/Wood-club_-_Delapouite_-_game-icons.svg"
25723057-ff9a-426a-98d5-5f3420050657	Full-wood-bucket-handle - Delapouite - game-icons	Delapouite	CC-BY 3.0	illustration	wikimedia	svg	wood	"Full-wood-bucket-handle - Delapouite - game-icons" by Delapouite is licensed under CC BY 3.0. To view a copy of this license, visit https://creativecommons.org/licenses/by/3.0/.	curl -O "https://upload.wikimedia.org/wikipedia/commons/d/de/Full-wood-bucket-handle_-_Delapouite_-_game-icons.svg"
2d502519-8889-47d2-b04f-d328a8e95cf1	Empty-wood-bucket-handle - Delapouite - white - game-icons	Delapouite	CC-BY 3.0	illustration	wikimedia	svg	wood	"Empty-wood-bucket-handle - Delapouite - white - game-icons" by Delapouite is licensed under CC BY 3.0. To view a copy of this license, visit https://creativecommons.org/licenses/by/3.0/.	curl -O "https://upload.wikimedia.org/wikipedia/commons/3/30/Empty-wood-bucket-handle_-_Delapouite_-_white_-_game-icons.svg"
d2c8bfe1-1604-4156-a570-50a7b9fa5010	Wood Island (zoom), South Shetland Islands, BAT	British Antarctic Survey Derivative work: Hogweard	CC-BY 4.0	illustration	wikimedia	svg	wood	"Wood Island (zoom), South Shetland Islands, BAT" by British Antarctic Survey Derivative work: Hogweard is licensed under CC BY 4.0. To view a copy of this license, visit https://creativecommons.org/licenses/by/4.0/.	curl -O "https://upload.wikimedia.org/wikipedia/commons/d/d6/Wood_Island_%28zoom%29%2C_South_Shetland_Islands%2C_BAT.svg"
6a03c2ce-b419-46d6-8792-8bef993b7d16	Wood-beam - Delapouite - game-icons	Delapouite	CC-BY 3.0	illustration	wikimedia	svg	wood	"Wood-beam - Delapouite - game-icons" by Delapouite is licensed under CC BY 3.0. To view a copy of this license, visit https://creativecommons.org/licenses/by/3.0/.	curl -O "https://upload.wikimedia.org/wikipedia/commons/c/c4/Wood-beam_-_Delapouite_-_game-icons.svg"
29a6292b-90f4-4153-a598-f72ec18fef11	Wood-axe - Lorc - white - game-icons	Lorc	CC-BY 3.0	illustration	wikimedia	svg	wood	"Wood-axe - Lorc - white - game-icons" by Lorc is licensed under CC BY 3.0. To view a copy of this license, visit https://creativecommons.org/licenses/by/3.0/.	curl -O "https://upload.wikimedia.org/wikipedia/commons/e/e4/Wood-axe_-_Lorc_-_white_-_game-icons.svg"
fe676cf7-71c2-4766-a608-fae97742f2fa	Cross wood	Bayu198	CC-BY 4.0	illustration	wikimedia	svg	wood	"Cross wood" by Bayu198 is licensed under CC BY 4.0. To view a copy of this license, visit https://creativecommons.org/licenses/by/4.0/.	curl -O "https://upload.wikimedia.org/wikipedia/commons/8/8a/Cross_wood.svg"
05e3a950-63f2-4307-8d0b-22feac2a3d1d	Water polo ball	domdomegg	CC-BY 4.0	illustration	wikimedia	svg	water	"Water polo ball" by domdomegg is licensed under CC BY 4.0. To view a copy of this license, visit https://creativecommons.org/licenses/by/4.0/.	curl -O "https://upload.wikimedia.org/wikipedia/commons/c/c4/Water_polo_ball.svg"
06723bd4-4346-42f0-b998-0441b745934e	Hydrogen-bonding-in-water-2D	raster original by Benjah-bmm27vectorization by B. Jankuloski	CC0	illustration	wikimedia	svg	water	"Hydrogen-bonding-in-water-2D" by raster original by Benjah-bmm27vectorization by B. Jankuloski is marked with CC0 1.0. To view the terms, visit https://creativecommons.org/publicdomain/zero/1.0/deed.en/.	curl -O "https://upload.wikimedia.org/wikipedia/commons/5/58/Hydrogen-bonding-in-water-2D.svg"
3a7f9d5c-41ad-4c52-bed1-5d2e179bf018	Surface water cycle	M. W. Toews	CC-BY 4.0	illustration	wikimedia	svg	water	"Surface water cycle" by M. W. Toews is licensed under CC BY 4.0. To view a copy of this license, visit https://creativecommons.org/licenses/by/4.0/.	curl -O "https://upload.wikimedia.org/wikipedia/commons/8/80/Surface_water_cycle.svg"
f49e6b12-7920-42a3-ae3a-47e90d63f7c2	Temperature dependence water ionization	Stan J Klimas at English Wikipedia	CC-BY 3.0	illustration	wikimedia	svg	water	"Temperature dependence water ionization" by Stan J Klimas at English Wikipedia is licensed under CC BY 3.0. To view a copy of this license, visit https://creativecommons.org/licenses/by/3.0/.	curl -O "https://upload.wikimedia.org/wikipedia/commons/d/d6/Temperature_dependence_water_ionization.svg"
da9445f2-6ca3-4a9f-80b4-57cec71de131	Melting curve of water	Psiĥedelisto	CC0	illustration	wikimedia	svg	water	"Melting curve of water" by Psiĥedelisto is marked with CC0 1.0. To view the terms, visit https://creativecommons.org/publicdomain/zero/1.0/deed.en/.	curl -O "https://upload.wikimedia.org/wikipedia/commons/5/50/Melting_curve_of_water.svg"
99f5f219-f047-42ee-af93-36f64a8ceaaa	Temperature dependence surface tension of water	Stan J. Klimas (talk)	CC-BY 3.0	illustration	wikimedia	svg	water	"Temperature dependence surface tension of water" by Stan J. Klimas (talk) is licensed under CC BY 3.0. To view a copy of this license, visit https://creativecommons.org/licenses/by/3.0/.	curl -O "https://upload.wikimedia.org/wikipedia/commons/d/d8/Temperature_dependence_surface_tension_of_water.svg"
8671da67-eac4-4352-8b1d-1954752f2500	Gerald-G-Water-Gun	Gerald_G	CC0	illustration	wikimedia	svg	water	"Gerald-G-Water-Gun" by Gerald_G is marked with CC0 1.0. To view the terms, visit https://creativecommons.org/publicdomain/zero/1.0/deed.en/.	curl -O "https://upload.wikimedia.org/wikipedia/commons/4/44/Gerald-G-Water-Gun.svg"
428c4ac7-3348-4699-a218-32896d6eba4a	Share of the population using safely managed drinking water, OWID	Our World In Data	CC-BY 3.0	illustration	wikimedia	svg	water	"Share of the population using safely managed drinking water, OWID" by Our World In Data is licensed under CC BY 3.0. To view a copy of this license, visit https://creativecommons.org/licenses/by/3.0/.	curl -O "https://upload.wikimedia.org/wikipedia/commons/e/e8/Share_of_the_population_using_safely_managed_drinking_water%2C_OWID.svg"
8e10f993-bebc-4c14-99a3-21ffb9b40f74	Water-dimensions-from-Greenwood&Earnshaw-2D	Д.Ильин: vectorization	CC0	illustration	wikimedia	svg	water	"Water-dimensions-from-Greenwood&Earnshaw-2D" by Д.Ильин: vectorization is marked with CC0 1.0. To view the terms, visit https://creativecommons.org/publicdomain/zero/1.0/deed.en/.	curl -O "https://upload.wikimedia.org/wikipedia/commons/5/5e/Water-dimensions-from-Greenwood%26Earnshaw-2D.svg"
e30bef5c-eeaf-4b5e-82b9-0629642ddf1b	Water well types wiki	Confuciou	CC-BY 3.0	illustration	wikimedia	svg	water	"Water well types wiki" by Confuciou is licensed under CC BY 3.0. To view a copy of this license, visit https://creativecommons.org/licenses/by/3.0/.	curl -O "https://upload.wikimedia.org/wikipedia/commons/c/c2/Water_well_types_wiki.svg"
66fe89d7-60ef-4d9c-836c-c265b997be04	Excess Volume Mixture of Ethanol and Water-int	Original: WilfriedC (talk · contribs) Vectorization: Д.Ильин (talk · contribs)	CC0	illustration	wikimedia	svg	water	"Excess Volume Mixture of Ethanol and Water-int" by Original: WilfriedC (talk · contribs) Vectorization: Д.Ильин (talk · contribs) is marked with CC0 1.0. To view the terms, visit https://creativecommons.org/publicdomain/zero/1.0/deed.en/.	curl -O "https://upload.wikimedia.org/wikipedia/commons/b/b0/Excess_Volume_Mixture_of_Ethanol_and_Water-int.svg"
e5cbc48b-acf0-43c0-8665-232a1d725f61	ISO 7010 M041; mandatory; lower the rescue boat to the water (lifeboat launch sequence)	Author	CC0	illustration	wikimedia	svg	water	"ISO 7010 M041; mandatory; lower the rescue boat to the water (lifeboat launch sequence)" by Author is marked with CC0 1.0. To view the terms, visit https://creativecommons.org/publicdomain/zero/1.0/deed.en/.	curl -O "https://upload.wikimedia.org/wikipedia/commons/7/75/ISO_7010_M041%3B_mandatory%3B_lower_the_rescue_boat_to_the_water_%28lifeboat_launch_sequence%29.svg"
bf54b97a-72c2-4edc-ba1a-6a7b6b7146cb	ISO 7010 M043; mandatory; start the water spray for the lifeboat (lifeboat launch sequence)	Author	CC0	illustration	wikimedia	svg	water	"ISO 7010 M043; mandatory; start the water spray for the lifeboat (lifeboat launch sequence)" by Author is marked with CC0 1.0. To view the terms, visit https://creativecommons.org/publicdomain/zero/1.0/deed.en/.	curl -O "https://upload.wikimedia.org/wikipedia/commons/d/da/ISO_7010_M043%3B_mandatory%3B_start_the_water_spray_for_the_lifeboat_%28lifeboat_launch_sequence%29.svg"
5187c570-0001-4dbe-af2a-80dfa410d350	ISO 7010 M039 mandatory; lower the lifeboat to the water (lifeboat launch sequence)	Author	CC0	illustration	wikimedia	svg	water	"ISO 7010 M039 mandatory; lower the lifeboat to the water (lifeboat launch sequence)" by Author is marked with CC0 1.0. To view the terms, visit https://creativecommons.org/publicdomain/zero/1.0/deed.en/.	curl -O "https://upload.wikimedia.org/wikipedia/commons/6/61/ISO_7010_M039_mandatory%3B_lower_the_lifeboat_to_the_water_%28lifeboat_launch_sequence%29.svg"
65ade393-3924-4add-b142-074ad5250d3b	ISO 7010 M040; mandatory; lower the lifeboat to the water (lifeboat launch sequence)	Author	CC0	illustration	wikimedia	svg	water	"ISO 7010 M040; mandatory; lower the lifeboat to the water (lifeboat launch sequence)" by Author is marked with CC0 1.0. To view the terms, visit https://creativecommons.org/publicdomain/zero/1.0/deed.en/.	curl -O "https://upload.wikimedia.org/wikipedia/commons/e/ee/ISO_7010_M040%3B_mandatory%3B_lower_the_lifeboat_to_the_water_%28lifeboat_launch_sequence%29.svg"
45a7fb33-1ddd-4bc1-a32e-03477d386f82	Absorption coefficient of water	Own work	CC0	illustration	wikimedia	svg	water	"Absorption coefficient of water" by Own work is marked with CC0 1.0. To view the terms, visit https://creativecommons.org/publicdomain/zero/1.0/deed.en/.	curl -O "https://upload.wikimedia.org/wikipedia/commons/6/66/Absorption_coefficient_of_water.svg"
477797b8-c345-4488-91e1-421d6ae46156	ISO 7010 W066 warning; Sudden drop to deep water	Author	CC0	illustration	wikimedia	svg	water	"ISO 7010 W066 warning; Sudden drop to deep water" by Author is marked with CC0 1.0. To view the terms, visit https://creativecommons.org/publicdomain/zero/1.0/deed.en/.	curl -O "https://upload.wikimedia.org/wikipedia/commons/5/53/ISO_7010_W066_warning%3B_Sudden_drop_to_deep_water.svg"
47bf79a0-9956-4450-80d6-aad17fe3b2c2	ISO 7010 W048 warning; shallow water	Author	CC0	illustration	wikimedia	svg	water	"ISO 7010 W048 warning; shallow water" by Author is marked with CC0 1.0. To view the terms, visit https://creativecommons.org/publicdomain/zero/1.0/deed.en/.	curl -O "https://upload.wikimedia.org/wikipedia/commons/2/26/ISO_7010_W048_warning%3B_shallow_water.svg"
a3eb391f-a39c-41c5-80a6-72cd3afd94ab	Water V.1	Jü	CC0	illustration	wikimedia	svg	water	"Water V.1" by Jü is marked with CC0 1.0. To view the terms, visit https://creativecommons.org/publicdomain/zero/1.0/deed.en/.	curl -O "https://upload.wikimedia.org/wikipedia/commons/0/05/Water_V.1.svg"
8cdb1c3d-77c8-4371-bca1-452c9b297df2	ISO 7010 W045 warning; water skiing or towed water activity area	Author	CC0	illustration	wikimedia	svg	water	"ISO 7010 W045 warning; water skiing or towed water activity area" by Author is marked with CC0 1.0. To view the terms, visit https://creativecommons.org/publicdomain/zero/1.0/deed.en/.	curl -O "https://upload.wikimedia.org/wikipedia/commons/f/f9/ISO_7010_W045_warning%3B_water_skiing_or_towed_water_activity_area.svg"
777b1c0d-d28c-41e2-b7fc-a1de07ebbc24	ISO 7010 W047 warning; deep water	Author	CC0	illustration	wikimedia	svg	water	"ISO 7010 W047 warning; deep water" by Author is marked with CC0 1.0. To view the terms, visit https://creativecommons.org/publicdomain/zero/1.0/deed.en/.	curl -O "https://upload.wikimedia.org/wikipedia/commons/c/c3/ISO_7010_W047_warning%3B_deep_water.svg"
59e59f48-22b9-4928-bd08-a88b0cd94ad4	Phase diagram hydrogen peroxide water	Steffen 962	CC0	illustration	wikimedia	svg	water	"Phase diagram hydrogen peroxide water" by Steffen 962 is marked with CC0 1.0. To view the terms, visit https://creativecommons.org/publicdomain/zero/1.0/deed.en/.	curl -O "https://upload.wikimedia.org/wikipedia/commons/2/27/Phase_diagram_hydrogen_peroxide_water.svg"
b1fe7ae2-309b-43cf-bbd0-f3bf92d7b73b	Water relative static permittivity	Stan J Klimas	CC-BY 3.0	illustration	wikimedia	svg	water	"Water relative static permittivity" by Stan J Klimas is licensed under CC BY 3.0. To view a copy of this license, visit https://creativecommons.org/licenses/by/3.0/.	curl -O "https://upload.wikimedia.org/wikipedia/commons/d/da/Water_relative_static_permittivity.svg"
4cecd176-9099-4ac8-b447-3603cbafe6dd	MapOfAinuLanguage-Water	AsPJT	CC0	illustration	wikimedia	svg	water	"MapOfAinuLanguage-Water" by AsPJT is marked with CC0 1.0. To view the terms, visit https://creativecommons.org/publicdomain/zero/1.0/deed.en/.	curl -O "https://upload.wikimedia.org/wikipedia/commons/3/37/MapOfAinuLanguage-Water.svg"
3445d1c8-a914-472c-b4bc-c6c16e17e7be	Water drop 2	inky2010	CC0	illustration	wikimedia	svg	water	"Water drop 2" by inky2010 is marked with CC0 1.0. To view the terms, visit https://creativecommons.org/publicdomain/zero/1.0/deed.en.	curl -O "https://upload.wikimedia.org/wikipedia/commons/1/13/Water_drop_2.svg"
f92a2fee-8abd-4742-a152-35d323578209	International reactions of discharge of radioactive water of the Fukushima Daiichi Nuclear Power Plant	Njzjz (first version)	CC0	illustration	wikimedia	svg	water	"International reactions of discharge of radioactive water of the Fukushima Daiichi Nuclear Power Plant" by Njzjz (first version) is marked with CC0 1.0. To view the terms, visit https://creativecommons.org/publicdomain/zero/1.0/deed.en/.	curl -O "https://upload.wikimedia.org/wikipedia/commons/6/69/International_reactions_of_discharge_of_radioactive_water_of_the_Fukushima_Daiichi_Nuclear_Power_Plant.svg"
faa27d14-c718-41c4-9036-3fbbdedbae97	Mortality rate attributable to unsafe water, sanitation, and hygiene (WASH), OWID	Our World In Data	CC-BY 3.0	illustration	wikimedia	svg	water	"Mortality rate attributable to unsafe water, sanitation, and hygiene (WASH), OWID" by Our World In Data is licensed under CC BY 3.0. To view a copy of this license, visit https://creativecommons.org/licenses/by/3.0/.	curl -O "https://upload.wikimedia.org/wikipedia/commons/e/ec/Mortality_rate_attributable_to_unsafe_water%2C_sanitation%2C_and_hygiene_%28WASH%29%2C_OWID.svg"
22b1e07e-d9bd-4685-8ba7-fea21f78bfdb	Berkeley County West Virginia incorporated and unincorporated areas Falling Waters highlighted	Rcsprinter123	CC-BY 3.0	illustration	wikimedia	svg	water	"Berkeley County West Virginia incorporated and unincorporated areas Falling Waters highlighted" by Rcsprinter123 is licensed under CC BY 3.0. To view a copy of this license, visit https://creativecommons.org/licenses/by/3.0/.	curl -O "https://upload.wikimedia.org/wikipedia/commons/e/ec/Berkeley_County_West_Virginia_incorporated_and_unincorporated_areas_Falling_Waters_highlighted.svg"
d7eabf46-d510-4f0a-9f26-9ae14b104f08	W4SF 2026 Glass of Water	Gonzalo Saavedra	CC-BY 4.0	illustration	wikimedia	svg	water	"W4SF 2026 Glass of Water" by Gonzalo Saavedra is licensed under CC BY 4.0. To view a copy of this license, visit https://creativecommons.org/licenses/by/4.0/.	curl -O "https://upload.wikimedia.org/wikipedia/commons/4/4d/W4SF_2026_Glass_of_Water.svg"
3a666968-835b-4c1e-ac8d-153de72bbef9	Mpemba-two-water-probes	SVG version: Own work	CC-BY 3.0	illustration	wikimedia	svg	water	"Mpemba-two-water-probes" by SVG version: Own work is licensed under CC BY 3.0. To view a copy of this license, visit https://creativecommons.org/licenses/by/3.0/.	curl -O "https://upload.wikimedia.org/wikipedia/commons/c/c1/Mpemba-two-water-probes.svg"
65beeeb3-82ca-4583-83cd-85701f87d358	Water molecule (1)-es	Booyabazooka at English Wikipedia	CC-BY 4.0	illustration	wikimedia	svg	water	"Water molecule (1)-es" by Booyabazooka at English Wikipedia is licensed under CC BY 4.0. To view a copy of this license, visit https://creativecommons.org/licenses/by/4.0/.	curl -O "https://upload.wikimedia.org/wikipedia/commons/0/08/Water_molecule_%281%29-es.svg"
9595fab9-f207-4372-964c-49e09d902cc2	Surface water cycle it	Surface water cycle.svg: Mwtoews derivative work (translation): IlariaRosaTN	CC-BY 3.0	illustration	wikimedia	svg	water	"Surface water cycle it" by Surface water cycle.svg: Mwtoews derivative work (translation): IlariaRosaTN is licensed under CC BY 3.0. To view a copy of this license, visit https://creativecommons.org/licenses/by/3.0/.	curl -O "https://upload.wikimedia.org/wikipedia/commons/0/02/Surface_water_cycle_it.svg"
7a18eef0-f880-4c55-a81b-11f3c91b6c79	Speed of sound in water	K. Krallis, SV1XV	CC-BY 1.0	illustration	wikimedia	svg	water	"Speed of sound in water" by K. Krallis, SV1XV is licensed under CC BY 1.0. To view a copy of this license, visit https://creativecommons.org/licenses/by/1.0/.	curl -O "https://upload.wikimedia.org/wikipedia/commons/6/6e/Speed_of_sound_in_water.svg"
ed1d4232-1b97-494d-858c-55cde9c039ca	Rg1024 Set of water drops	rg1024	CC0	illustration	wikimedia	svg	water	"Rg1024 Set of water drops" by rg1024 is marked with CC0 1.0. To view the terms, visit https://creativecommons.org/publicdomain/zero/1.0/deed.en.	curl -O "https://upload.wikimedia.org/wikipedia/commons/2/21/Rg1024_Set_of_water_drops.svg"
2879d09a-2fbc-48b4-906c-381226335926	Ensign of the Japanese Water Police	Kinchaku	CC0	illustration	wikimedia	svg	water	"Ensign of the Japanese Water Police" by Kinchaku is marked with CC0 1.0. To view the terms, visit https://creativecommons.org/publicdomain/zero/1.0/deed.en/.	curl -O "https://upload.wikimedia.org/wikipedia/commons/d/d5/Ensign_of_the_Japanese_Water_Police.svg"
db270e65-d3cd-49f3-ab5e-a7bf8c13a8fa	Common brown water snake (Lycodonomorphus rufulus) IUCN range 2019	Maqdisi	CC-BY 4.0	illustration	wikimedia	svg	water	"Common brown water snake (Lycodonomorphus rufulus) IUCN range 2019" by Maqdisi is licensed under CC BY 4.0. To view a copy of this license, visit https://creativecommons.org/licenses/by/4.0/.	curl -O "https://upload.wikimedia.org/wikipedia/commons/c/c5/Common_brown_water_snake_%28Lycodonomorphus_rufulus%29_IUCN_range_2019.svg"
5eba4f3d-0ce0-4589-90f7-8a8b58168a9d	Total official financial flows for water supply and sanitation, by recipient, OWID	Our World In Data	CC-BY 3.0	illustration	wikimedia	svg	water	"Total official financial flows for water supply and sanitation, by recipient, OWID" by Our World In Data is licensed under CC BY 3.0. To view a copy of this license, visit https://creativecommons.org/licenses/by/3.0/.	curl -O "https://upload.wikimedia.org/wikipedia/commons/f/fc/Total_official_financial_flows_for_water_supply_and_sanitation%2C_by_recipient%2C_OWID.svg"
49108944-0a96-41e0-b4b6-d6028eccecb1	Fukushima I spent fuel pool 4 cooling water March-May 2011 en	PM3	CC0	illustration	wikimedia	svg	water	"Fukushima I spent fuel pool 4 cooling water March-May 2011 en" by PM3 is marked with CC0 1.0. To view the terms, visit https://creativecommons.org/publicdomain/zero/1.0/deed.en/.	curl -O "https://upload.wikimedia.org/wikipedia/commons/a/a9/Fukushima_I_spent_fuel_pool_4_cooling_water_March-May_2011_en.svg"
0996ec34-c34e-425c-801d-ee2a06ea7f5e	Heat transfer leading to Leidenfrost effect for water at 1 atm-ru	Д.Ильин: vectorization, translation	CC0	illustration	wikimedia	svg	water	"Heat transfer leading to Leidenfrost effect for water at 1 atm-ru" by Д.Ильин: vectorization, translation is marked with CC0 1.0. To view the terms, visit https://creativecommons.org/publicdomain/zero/1.0/deed.en/.	curl -O "https://upload.wikimedia.org/wikipedia/commons/5/53/Heat_transfer_leading_to_Leidenfrost_effect_for_water_at_1_atm-ru.svg"
b88c525c-eb01-4c88-994f-7a8171dd3d58	Surface water cycle sv	derivative work: Knuckles (talk) Surface_water_cycle.svg: Mwtoews	CC-BY 3.0	illustration	wikimedia	svg	water	"Surface water cycle sv" by derivative work: Knuckles (talk) Surface_water_cycle.svg: Mwtoews is licensed under CC BY 3.0. To view a copy of this license, visit https://creativecommons.org/licenses/by/3.0/.	curl -O "https://upload.wikimedia.org/wikipedia/commons/8/8b/Surface_water_cycle_sv.svg"
f6d0fe5d-f535-497a-a5df-c9b7e0bd7d09	Active Solar Water Heater Diagram	Hvatum at en.wikipedia	CC-BY 3.0	illustration	wikimedia	svg	water	"Active Solar Water Heater Diagram" by Hvatum at en.wikipedia is licensed under CC BY 3.0. To view a copy of this license, visit https://creativecommons.org/licenses/by/3.0/.	curl -O "https://upload.wikimedia.org/wikipedia/commons/0/0c/Active_Solar_Water_Heater_Diagram.svg"
abe0494a-107c-4fb0-83ce-041ff29c80d6	SA road sign - Water crossing	มองโกเลีย๔๔	CC0	illustration	wikimedia	svg	water	"SA road sign - Water crossing" by มองโกเลีย๔๔ is marked with CC0 1.0. To view the terms, visit https://creativecommons.org/publicdomain/zero/1.0/deed.en/.	curl -O "https://upload.wikimedia.org/wikipedia/commons/5/58/SA_road_sign_-_Water_crossing.svg"
06ee73d9-b9dc-46cf-8431-d16abd97e340	Mpemba-two-water-probes-de	SVG version: Own work	CC-BY 3.0	illustration	wikimedia	svg	water	"Mpemba-two-water-probes-de" by SVG version: Own work is licensed under CC BY 3.0. To view a copy of this license, visit https://creativecommons.org/licenses/by/3.0/.	curl -O "https://upload.wikimedia.org/wikipedia/commons/b/bf/Mpemba-two-water-probes-de.svg"
158f8fcd-7081-4da8-acb8-631371d28384	Pressurized Water Reactor 01-ja	Σ64	CC-BY 4.0	illustration	wikimedia	svg	water	"Pressurized Water Reactor 01-ja" by Σ64 is licensed under CC BY 4.0. To view a copy of this license, visit https://creativecommons.org/licenses/by/4.0/.	curl -O "https://upload.wikimedia.org/wikipedia/commons/4/4e/Pressurized_Water_Reactor_01-ja.svg"
3b2203f2-9d59-4b27-aad3-6541b46a1fed	Safe drink tap water map	This photograph is created by Sbb1413. All photographs created by him are released under the {{CC-BY 4.0}} license unless otherwise noted. Derived works are released under the same license as original.	CC-BY 4.0	illustration	wikimedia	svg	water	"Safe drink tap water map" by This photograph is created by Sbb1413. All photographs created by him are released under the {{CC-BY 4.0}} license unless otherwise noted. Derived works are released under the same license as original. is licensed under CC BY 4.0. To view a copy of this license, visit https://creativecommons.org/licenses/by/4.0/.	curl -O "https://upload.wikimedia.org/wikipedia/commons/e/e5/Safe_drink_tap_water_map.svg"
ce59fd4f-4c0c-41e7-b0ef-93576d1217ce	Mpemba-two-water-probes es	SVG version: Own work // Wiki LIC (Spanish translation)	CC-BY 3.0	illustration	wikimedia	svg	water	"Mpemba-two-water-probes es" by SVG version: Own work // Wiki LIC (Spanish translation) is licensed under CC BY 3.0. To view a copy of this license, visit https://creativecommons.org/licenses/by/3.0/.	curl -O "https://upload.wikimedia.org/wikipedia/commons/f/f4/Mpemba-two-water-probes_es.svg"
c2622f53-4d52-44ec-80d0-ce9e23774593	Water System With Pressurized Cistern	Samuel Bailey (sam.bailus@gmail.com)	CC-BY 3.0	illustration	wikimedia	svg	water	"Water System With Pressurized Cistern" by Samuel Bailey (sam.bailus@gmail.com) is licensed under CC BY 3.0. To view a copy of this license, visit https://creativecommons.org/licenses/by/3.0/.	curl -O "https://upload.wikimedia.org/wikipedia/commons/8/8e/Water_System_With_Pressurized_Cistern.svg"
7a78c663-8751-4c6d-9daa-a66a8772097e	Temperature dependence surface tension of water-ru	Д.Ильин: vectorization	CC0	illustration	wikimedia	svg	water	"Temperature dependence surface tension of water-ru" by Д.Ильин: vectorization is marked with CC0 1.0. To view the terms, visit https://creativecommons.org/publicdomain/zero/1.0/deed.en/.	curl -O "https://upload.wikimedia.org/wikipedia/commons/a/aa/Temperature_dependence_surface_tension_of_water-ru.svg"
80ec45ed-a075-47ce-9d4d-61dae80e7426	2-bromopropane reacts with sodium hydroxide to give propene2C and water	Unknown authorUnknown author	CC-BY 4.0	illustration	wikimedia	svg	water	"2-bromopropane reacts with sodium hydroxide to give propene2C and water" by Unknown authorUnknown author is licensed under CC BY 4.0. To view a copy of this license, visit https://creativecommons.org/licenses/by/4.0/.	curl -O "https://upload.wikimedia.org/wikipedia/commons/0/02/2-bromopropane_reacts_with_sodium_hydroxide_to_give_propene2C_and_water.svg"
9974e706-429c-46d8-a338-7a21c149caca	2024 Summer Olympics water polo competing countries	Nîmois30	CC0	illustration	wikimedia	svg	water	"2024 Summer Olympics water polo competing countries" by Nîmois30 is marked with CC0 1.0. To view the terms, visit https://creativecommons.org/publicdomain/zero/1.0/deed.en/.	curl -O "https://upload.wikimedia.org/wikipedia/commons/1/13/2024_Summer_Olympics_water_polo_competing_countries.svg"
6b05f51b-b83e-4ceb-b3a9-e0c53d142f6d	Poncelet Water Wheel Sketch	Jahobr	CC0	illustration	wikimedia	svg	water	"Poncelet Water Wheel Sketch" by Jahobr is marked with CC0 1.0. To view the terms, visit https://creativecommons.org/publicdomain/zero/1.0/deed.en/.	curl -O "https://upload.wikimedia.org/wikipedia/commons/7/7a/Poncelet_Water_Wheel_Sketch.svg"
4ca15be2-de1e-4fee-85e1-2b7f71213c74	Water requirement per tonne of food product, OWID	Our World In Data	CC-BY 3.0	illustration	wikimedia	svg	water	"Water requirement per tonne of food product, OWID" by Our World In Data is licensed under CC BY 3.0. To view a copy of this license, visit https://creativecommons.org/licenses/by/3.0/.	curl -O "https://upload.wikimedia.org/wikipedia/commons/9/96/Water_requirement_per_tonne_of_food_product%2C_OWID.svg"
c6b40810-93f0-4076-bc27-5fdb71a103f8	Sodium borohydride solubility in water	Steffen 962	CC0	illustration	wikimedia	svg	water	"Sodium borohydride solubility in water" by Steffen 962 is marked with CC0 1.0. To view the terms, visit https://creativecommons.org/publicdomain/zero/1.0/deed.en/.	curl -O "https://upload.wikimedia.org/wikipedia/commons/8/8e/Sodium_borohydride_solubility_in_water.svg"
44295dcc-46ba-4271-aff4-1871e539edc9	Clear Water Revival flag	Mike Berge	CC-BY 4.0	illustration	wikimedia	svg	water	"Clear Water Revival flag" by Mike Berge is licensed under CC BY 4.0. To view a copy of this license, visit https://creativecommons.org/licenses/by/4.0/.	curl -O "https://upload.wikimedia.org/wikipedia/commons/8/8c/Clear_Water_Revival_flag.svg"
27c9d9a7-d9c3-4eb4-8545-8a5acc6c6a85	Conductivity of Pure Water-ru	Д.Ильин: translation, optimization	CC0	illustration	wikimedia	svg	water	"Conductivity of Pure Water-ru" by Д.Ильин: translation, optimization is marked with CC0 1.0. To view the terms, visit https://creativecommons.org/publicdomain/zero/1.0/deed.en/.	curl -O "https://upload.wikimedia.org/wikipedia/commons/a/a3/Conductivity_of_Pure_Water-ru.svg"
3ccbbd86-be9c-407a-ba86-b6de96d2076e	Water polo at the 2025 World Aquatics Championships – Men's tournament qualified teams map	ILoveSport2006	CC0	illustration	wikimedia	svg	water	"Water polo at the 2025 World Aquatics Championships – Men's tournament qualified teams map" by ILoveSport2006 is marked with CC0 1.0. To view the terms, visit https://creativecommons.org/publicdomain/zero/1.0/deed.en/.	curl -O "https://upload.wikimedia.org/wikipedia/commons/2/29/Water_polo_at_the_2025_World_Aquatics_Championships_%E2%80%93_Men%27s_tournament_qualified_teams_map.svg"
f3a910af-294b-48df-87de-39d8852cd430	Water withdrawals per capita, OWID	Our World In Data	CC-BY 3.0	illustration	wikimedia	svg	water	"Water withdrawals per capita, OWID" by Our World In Data is licensed under CC BY 3.0. To view a copy of this license, visit https://creativecommons.org/licenses/by/3.0/.	curl -O "https://upload.wikimedia.org/wikipedia/commons/d/d0/Water_withdrawals_per_capita%2C_OWID.svg"
fa36c395-a893-47f4-ad44-eab493fc2c6f	Sagebien Water Wheel Sketch	Jahobr	CC0	illustration	wikimedia	svg	water	"Sagebien Water Wheel Sketch" by Jahobr is marked with CC0 1.0. To view the terms, visit https://creativecommons.org/publicdomain/zero/1.0/deed.en/.	curl -O "https://upload.wikimedia.org/wikipedia/commons/f/fc/Sagebien_Water_Wheel_Sketch.svg"
e9bd9d7f-83fb-42af-9cac-3fbf1720e6f4	Agricultural water withdrawals, OWID	Our World In Data	CC-BY 3.0	illustration	wikimedia	svg	water	"Agricultural water withdrawals, OWID" by Our World In Data is licensed under CC BY 3.0. To view a copy of this license, visit https://creativecommons.org/licenses/by/3.0/.	curl -O "https://upload.wikimedia.org/wikipedia/commons/c/c0/Agricultural_water_withdrawals%2C_OWID.svg"
546fbf41-5b21-4dc9-88c7-aa54d30c3747	Christmas tree 02	Aaron Spike / Anonymous	CC0	illustration	wikimedia	svg	tree	"Christmas tree 02" by Aaron Spike / Anonymous is marked with CC0 1.0. To view the terms, visit https://creativecommons.org/publicdomain/zero/1.0/deed.en/.	curl -O "https://upload.wikimedia.org/wikipedia/commons/c/cc/Christmas_tree_02.svg"
aed53b13-666f-483d-9a26-61e06f4f88c4	Xmas tree	?	CC0	illustration	wikimedia	svg	tree	"Xmas tree" is marked with CC0 1.0. To view the terms, visit https://creativecommons.org/publicdomain/zero/1.0/deed.en.	curl -O "https://upload.wikimedia.org/wikipedia/commons/d/d1/Xmas_tree.svg"
188bfe76-0a8a-43e1-827c-da6677d1b7b1	Font Awesome 5 solid tree	Font Awesome	CC-BY 4.0	illustration	wikimedia	svg	tree	"Font Awesome 5 solid tree" by Font Awesome is licensed under CC BY 4.0. To view a copy of this license, visit https://creativecommons.org/licenses/by/4.0/.	curl -O "https://upload.wikimedia.org/wikipedia/commons/a/a0/Font_Awesome_5_solid_tree.svg"
6300d89c-279b-4a51-a80a-6e32e254a5b9	Generalization process using trees	Tomwsulcer	CC0	illustration	wikimedia	svg	tree	"Generalization process using trees" by Tomwsulcer is marked with CC0 1.0. To view the terms, visit https://creativecommons.org/publicdomain/zero/1.0/deed.en/.	curl -O "https://upload.wikimedia.org/wikipedia/commons/f/fd/Generalization_process_using_trees.svg"
ba863aa7-7629-46ff-8fa1-bc6385ae3733	Mayan languages tree en	Ле Лой	CC0	illustration	wikimedia	svg	tree	"Mayan languages tree en" by Ле Лой is marked with CC0 1.0. To view the terms, visit https://creativecommons.org/publicdomain/zero/1.0/deed.en/.	curl -O "https://upload.wikimedia.org/wikipedia/commons/6/65/Mayan_languages_tree_en.svg"
3267ede4-1627-4fb9-b626-839eec0b70d7	Quake - family tree	Tei, Bayo	CC-BY 2.0	illustration	wikimedia	svg	tree	"Quake - family tree" by Tei, Bayo is licensed under CC BY 2.0. To view a copy of this license, visit https://creativecommons.org/licenses/by/2.0/.	curl -O "https://upload.wikimedia.org/wikipedia/commons/6/63/Quake_-_family_tree.svg"
c7397eca-5315-48d1-8318-6073a4dc8358	Breadth-first-tree	Alexander Drichel	CC-BY 3.0	illustration	wikimedia	svg	tree	"Breadth-first-tree" by Alexander Drichel is licensed under CC BY 3.0. To view a copy of this license, visit https://creativecommons.org/licenses/by/3.0/.	curl -O "https://upload.wikimedia.org/wikipedia/commons/3/33/Breadth-first-tree.svg"
f4f87810-be84-45ff-a0b5-715cc72a439d	Black cherry tree histogram	?	CC-BY 2.5	illustration	wikimedia	svg	tree	"Black cherry tree histogram" is licensed under CC BY 2.5. To view a copy of this license, visit https://creativecommons.org/licenses/by/2.5/.	curl -O "https://upload.wikimedia.org/wikipedia/commons/d/d9/Black_cherry_tree_histogram.svg"
8b8ca876-6ff1-415f-952e-5f3eba43152a	Soga faminy tree	Michey.M	CC-BY 2.5	illustration	wikimedia	svg	tree	"Soga faminy tree" by Michey.M is licensed under CC BY 2.5. To view a copy of this license, visit https://creativecommons.org/licenses/by/2.5/.	curl -O "https://upload.wikimedia.org/wikipedia/commons/2/28/Soga_faminy_tree.svg"
eb20005c-009f-4fd0-96b6-5719c0dd3160	Mayan languages tree es	Ле Лой, traducido Serg!o	CC0	illustration	wikimedia	svg	tree	"Mayan languages tree es" by Ле Лой, traducido Serg!o is marked with CC0 1.0. To view the terms, visit https://creativecommons.org/publicdomain/zero/1.0/deed.en/.	curl -O "https://upload.wikimedia.org/wikipedia/commons/7/7f/Mayan_languages_tree_es.svg"
99fc4268-4d9e-42c2-85b0-8ce87ce7ed4a	Empty family tree Polish	Witia	CC-BY 3.0	illustration	wikimedia	svg	tree	"Empty family tree Polish" by Witia is licensed under CC BY 3.0. To view a copy of this license, visit https://creativecommons.org/licenses/by/3.0/.	curl -O "https://upload.wikimedia.org/wikipedia/commons/6/6f/Empty_family_tree_Polish.svg"
782fb560-0a69-4b36-9129-e2ead573519b	Emperor family tree of Japan 1-10 (ja)	Michey.M	CC-BY 2.5	illustration	wikimedia	svg	tree	"Emperor family tree of Japan 1-10 (ja)" by Michey.M is licensed under CC BY 2.5. To view a copy of this license, visit https://creativecommons.org/licenses/by/2.5/.	curl -O "https://upload.wikimedia.org/wikipedia/commons/f/fc/Emperor_family_tree_of_Japan_1-10_%28ja%29.svg"
ed404826-9ec9-405d-9c1f-13f27e11221f	Probability tree diagram	Gnathan87 (talk · contribs)	CC0	illustration	wikimedia	svg	tree	"Probability tree diagram" by Gnathan87 (talk · contribs) is marked with CC0 1.0. To view the terms, visit https://creativecommons.org/publicdomain/zero/1.0/deed.en/.	curl -O "https://upload.wikimedia.org/wikipedia/commons/9/9c/Probability_tree_diagram.svg"
0f544a24-b69e-44c8-b773-c03b46a4f14c	Spanning tree protocol at work 5	GhosT	CC-BY 3.0	illustration	wikimedia	svg	tree	"Spanning tree protocol at work 5" by GhosT is licensed under CC BY 3.0. To view a copy of this license, visit https://creativecommons.org/licenses/by/3.0/.	curl -O "https://upload.wikimedia.org/wikipedia/commons/b/bb/Spanning_tree_protocol_at_work_5.svg"
467ec961-5f12-4004-a0fb-13628b5e6e05	Abstract syntax tree for Euclidean algorithm	Dcoetzee	CC0	illustration	wikimedia	svg	tree	"Abstract syntax tree for Euclidean algorithm" by Dcoetzee is marked with CC0 1.0. To view the terms, visit https://creativecommons.org/publicdomain/zero/1.0/deed.en/.	curl -O "https://upload.wikimedia.org/wikipedia/commons/c/c7/Abstract_syntax_tree_for_Euclidean_algorithm.svg"
75402a28-ad38-4562-a15c-65c0fef4a975	Windows Family Tree	No machine-readable author provided. KrisBogdanov assumed (based on copyright claims).	CC-BY 2.5	illustration	wikimedia	svg	tree	"Windows Family Tree" by No machine-readable author provided. KrisBogdanov assumed (based on copyright claims). is licensed under CC BY 2.5. To view a copy of this license, visit https://creativecommons.org/licenses/by/2.5/.	curl -O "https://upload.wikimedia.org/wikipedia/commons/0/0e/Windows_Family_Tree.svg"
ef7308f8-57c2-4e65-9e0a-80a7c18378d0	Adair County Oklahoma incorporated and unincorporated areas Cherry Tree highlighted	Rcsprinter123	CC-BY 3.0	illustration	wikimedia	svg	tree	"Adair County Oklahoma incorporated and unincorporated areas Cherry Tree highlighted" by Rcsprinter123 is licensed under CC BY 3.0. To view a copy of this license, visit https://creativecommons.org/licenses/by/3.0/.	curl -O "https://upload.wikimedia.org/wikipedia/commons/a/aa/Adair_County_Oklahoma_incorporated_and_unincorporated_areas_Cherry_Tree_highlighted.svg"
08a67f61-bdde-4c0d-8f87-154eb5ab2146	Calkin–Wilf tree	Olli Niemitalo, Proz (CalkinWilf.svg)	CC0	illustration	wikimedia	svg	tree	"Calkin–Wilf tree" by Olli Niemitalo, Proz (CalkinWilf.svg) is marked with CC0 1.0. To view the terms, visit https://creativecommons.org/publicdomain/zero/1.0/deed.en/.	curl -O "https://upload.wikimedia.org/wikipedia/commons/8/82/Calkin%E2%80%93Wilf_tree.svg"
70e51df3-7427-4b8d-8f2e-8e19e08678ae	Spanning tree protocol at work 2	GhosT	CC-BY 3.0	illustration	wikimedia	svg	tree	"Spanning tree protocol at work 2" by GhosT is licensed under CC BY 3.0. To view a copy of this license, visit https://creativecommons.org/licenses/by/3.0/.	curl -O "https://upload.wikimedia.org/wikipedia/commons/a/a9/Spanning_tree_protocol_at_work_2.svg"
74f8c1b6-3aef-44ce-a867-d96be628e8d1	Spanning tree protocol at work 6	GhosT	CC-BY 3.0	illustration	wikimedia	svg	tree	"Spanning tree protocol at work 6" by GhosT is licensed under CC BY 3.0. To view a copy of this license, visit https://creativecommons.org/licenses/by/3.0/.	curl -O "https://upload.wikimedia.org/wikipedia/commons/2/21/Spanning_tree_protocol_at_work_6.svg"
d3b74600-8aca-4e90-a919-463cefb5d619	Spanning tree protocol at work 4	GhosT	CC-BY 3.0	illustration	wikimedia	svg	tree	"Spanning tree protocol at work 4" by GhosT is licensed under CC BY 3.0. To view a copy of this license, visit https://creativecommons.org/licenses/by/3.0/.	curl -O "https://upload.wikimedia.org/wikipedia/commons/7/77/Spanning_tree_protocol_at_work_4.svg"
ca2f4816-021f-41b3-baa7-e1263b3dba77	Tree Map of Employment by Industries in Los Angeles County, Ca (2015)	Datawheel	CC0	illustration	wikimedia	svg	tree	"Tree Map of Employment by Industries in Los Angeles County, Ca (2015)" by Datawheel is marked with CC0 1.0. To view the terms, visit https://creativecommons.org/publicdomain/zero/1.0/deed.en/.	curl -O "https://upload.wikimedia.org/wikipedia/commons/d/d0/Tree_Map_of_Employment_by_Industries_in_Los_Angeles_County%2C_Ca_%282015%29.svg"
773f8f15-22a5-4d86-b645-d9e5663481e2	Spanning tree protocol at work 3	GhosT	CC-BY 3.0	illustration	wikimedia	svg	tree	"Spanning tree protocol at work 3" by GhosT is licensed under CC BY 3.0. To view a copy of this license, visit https://creativecommons.org/licenses/by/3.0/.	curl -O "https://upload.wikimedia.org/wikipedia/commons/7/74/Spanning_tree_protocol_at_work_3.svg"
07f73fb6-cae4-4e76-9be9-70cdc7287d4d	Spanning tree protocol at work 1	GhosT	CC-BY 3.0	illustration	wikimedia	svg	tree	"Spanning tree protocol at work 1" by GhosT is licensed under CC BY 3.0. To view a copy of this license, visit https://creativecommons.org/licenses/by/3.0/.	curl -O "https://upload.wikimedia.org/wikipedia/commons/d/d7/Spanning_tree_protocol_at_work_1.svg"
88af2774-c5bb-471b-a999-9d986e6a93d5	Tree-polygon-paren equivalence	David Eppstein	CC0	illustration	wikimedia	svg	tree	"Tree-polygon-paren equivalence" by David Eppstein is marked with CC0 1.0. To view the terms, visit https://creativecommons.org/publicdomain/zero/1.0/deed.en.	curl -O "https://upload.wikimedia.org/wikipedia/commons/3/32/Tree-polygon-paren_equivalence.svg"
be908217-322b-4889-9a62-46449cf98c4a	201701 Trachea and Bronchial tree	DataBase Center for Life Science (DBCLS)	CC-BY 4.0	illustration	wikimedia	svg	tree	"201701 Trachea and Bronchial tree" by DataBase Center for Life Science (DBCLS) is licensed under CC BY 4.0. To view a copy of this license, visit https://creativecommons.org/licenses/by/4.0/.	curl -O "https://upload.wikimedia.org/wikipedia/commons/f/fb/201701_Trachea_and_Bronchial_tree.svg"
5957948f-53ef-4121-bb2c-79ae74ac0b39	Unordered binary trees with 4 leaves	David Eppstein	CC0	illustration	wikimedia	svg	tree	"Unordered binary trees with 4 leaves" by David Eppstein is marked with CC0 1.0. To view the terms, visit https://creativecommons.org/publicdomain/zero/1.0/deed.en.	curl -O "https://upload.wikimedia.org/wikipedia/commons/4/4d/Unordered_binary_trees_with_4_leaves.svg"
54afb31c-9461-48a4-a563-a312ead0b2a3	An evolutionary tree of mammals	Original: Graphodatsky, Alexander S; Trifonov, Vladimir A; Stanyon, Roscoe Vector: Pixelsquid🎱	CC-BY 2.0	illustration	wikimedia	svg	tree	"An evolutionary tree of mammals" by Original: Graphodatsky, Alexander S; Trifonov, Vladimir A; Stanyon, Roscoe Vector: Pixelsquid🎱 is licensed under CC BY 2.0. To view a copy of this license, visit https://creativecommons.org/licenses/by/2.0/.	curl -O "https://upload.wikimedia.org/wikipedia/commons/7/75/An_evolutionary_tree_of_mammals.svg"
e2ac6117-f05c-4a35-ad4f-081c03bc7e14	Bayes theorem drugs example tree	Gnathan87	CC0	illustration	wikimedia	svg	tree	"Bayes theorem drugs example tree" by Gnathan87 is marked with CC0 1.0. To view the terms, visit https://creativecommons.org/publicdomain/zero/1.0/deed.en/.	curl -O "https://upload.wikimedia.org/wikipedia/commons/8/88/Bayes_theorem_drugs_example_tree.svg"
e93699a9-2806-4b37-8b57-5682507b8a48	SPQR tree 2	David Eppstein	CC0	illustration	wikimedia	svg	tree	"SPQR tree 2" by David Eppstein is marked with CC0 1.0. To view the terms, visit https://creativecommons.org/publicdomain/zero/1.0/deed.en/.	curl -O "https://upload.wikimedia.org/wikipedia/commons/5/55/SPQR_tree_2.svg"
a08c47b7-a110-4310-aff3-761ee333f13d	Dialog tree example	Dcoetzee	CC0	illustration	wikimedia	svg	tree	"Dialog tree example" by Dcoetzee is marked with CC0 1.0. To view the terms, visit https://creativecommons.org/publicdomain/zero/1.0/deed.en/.	curl -O "https://upload.wikimedia.org/wikipedia/commons/3/31/Dialog_tree_example.svg"
f2a93c40-5192-4354-851d-10e65bd4158b	Nigel Bishop of Ely family tree	en:User:Mike Christie	CC-BY 3.0	illustration	wikimedia	svg	tree	"Nigel Bishop of Ely family tree" by en:User:Mike Christie is licensed under CC BY 3.0. To view a copy of this license, visit https://creativecommons.org/licenses/by/3.0/.	curl -O "https://upload.wikimedia.org/wikipedia/commons/6/6b/Nigel_Bishop_of_Ely_family_tree.svg"
f89c5755-8c61-43d7-ab3b-b3a45f7ef616	Phylogenetic tree hy	Original: Eric Gaba (Sting), Armenian version: Davit Saroyan	CC0	illustration	wikimedia	svg	tree	"Phylogenetic tree hy" by Original: Eric Gaba (Sting), Armenian version: Davit Saroyan is marked with CC0 1.0. To view the terms, visit https://creativecommons.org/publicdomain/zero/1.0/deed.en/.	curl -O "https://upload.wikimedia.org/wikipedia/commons/5/59/Phylogenetic_tree_hy.svg"
e75163fd-671f-4bf0-be55-683ace3d337d	Three fair coin flips tree diagram	TealComet	CC0	illustration	wikimedia	svg	tree	"Three fair coin flips tree diagram" by TealComet is marked with CC0 1.0. To view the terms, visit https://creativecommons.org/publicdomain/zero/1.0/deed.en/.	curl -O "https://upload.wikimedia.org/wikipedia/commons/7/7f/Three_fair_coin_flips_tree_diagram.svg?utm_source=commons.wikimedia.org&utm_campaign=imageinfo&utm_content=original"
152edd67-015d-4520-a60d-540355e6385b	MapOfAinuLanguage-Tree	AsPJT	CC0	illustration	wikimedia	svg	tree	"MapOfAinuLanguage-Tree" by AsPJT is marked with CC0 1.0. To view the terms, visit https://creativecommons.org/publicdomain/zero/1.0/deed.en/.	curl -O "https://upload.wikimedia.org/wikipedia/commons/e/e9/MapOfAinuLanguage-Tree.svg"
dea4f2fd-a7f3-4a6d-bcd2-bdf2c6109322	A Novel Representation Of The Tree Of Life	Laura A. Hug, Brett J. Baker, Karthik Anantharaman, Christopher T. Brown, Alexander J. Probst, Cindy J. Castelle, Cristina N. Butterfield, Alex W. Hernsdorf, Yuki Amano, Kotaro Ise, Yohey Suzuki, Natasha Dudek, David A. Relman, Kari M. Finstad, Ronald Amundson, Brian C. Thomas & Jillian F. Banfield	CC-BY 4.0	illustration	wikimedia	svg	tree	"A Novel Representation Of The Tree Of Life" by Laura A. Hug, Brett J. Baker, Karthik Anantharaman, Christopher T. Brown, Alexander J. Probst, Cindy J. Castelle, Cristina N. Butterfield, Alex W. Hernsdorf, Yuki Amano, Kotaro Ise, Yohey Suzuki, Natasha Dudek, David A. Relman, Kari M. Finstad, Ronald Amundson, Brian C. Thomas & Jillian F. Banfield is licensed under CC BY 4.0. To view a copy of this license, visit https://creativecommons.org/licenses/by/4.0/.	curl -O "https://upload.wikimedia.org/wikipedia/commons/f/fe/A_Novel_Representation_Of_The_Tree_Of_Life.svg"
3cdc2906-6a23-4d2e-a691-57f325df3efa	Phylogenetic tree-zh-tw	NASA Astrobiology Institute	CC0	illustration	wikimedia	svg	tree	"Phylogenetic tree-zh-tw" by NASA Astrobiology Institute is marked with CC0 1.0. To view the terms, visit https://creativecommons.org/publicdomain/zero/1.0/deed.en.	curl -O "https://upload.wikimedia.org/wikipedia/commons/5/56/Phylogenetic_tree-zh-tw.svg"
1e7c75a4-a24e-4559-8b38-bbb5b99251f8	Wallace tree 8x8	Stianmat	CC-BY 3.0	illustration	wikimedia	svg	tree	"Wallace tree 8x8" by Stianmat is licensed under CC BY 3.0. To view a copy of this license, visit https://creativecommons.org/licenses/by/3.0/.	curl -O "https://upload.wikimedia.org/wikipedia/commons/6/65/Wallace_tree_8x8.svg"
8fc76828-6402-433f-8b1d-6f022a14d857	1-dimensional-range-tree	Matthew Eastman (talk)	CC0	illustration	wikimedia	svg	tree	"1-dimensional-range-tree" by Matthew Eastman (talk) is marked with CC0 1.0. To view the terms, visit https://creativecommons.org/publicdomain/zero/1.0/deed.en/.	curl -O "https://upload.wikimedia.org/wikipedia/commons/d/d9/1-dimensional-range-tree.svg"
9ca4c14d-e368-4f10-8262-4c8130312337	Boidinia-Maximum-Likelihood-Tree	Thkgk	CC0	illustration	wikimedia	svg	tree	"Boidinia-Maximum-Likelihood-Tree" by Thkgk is marked with CC0 1.0. To view the terms, visit https://creativecommons.org/publicdomain/zero/1.0/deed.en/.	curl -O "https://upload.wikimedia.org/wikipedia/commons/5/55/Boidinia-Maximum-Likelihood-Tree.svg"
1c86e487-d308-4980-a77c-c900e3a52f73	Lone Tree No. 18 Coloured Map	awmcphee	CC0	illustration	wikimedia	svg	tree	"Lone Tree No. 18 Coloured Map" by awmcphee is marked with CC0 1.0. To view the terms, visit https://creativecommons.org/publicdomain/zero/1.0/deed.en.	curl -O "https://upload.wikimedia.org/wikipedia/commons/d/d3/Lone_Tree_No._18_Coloured_Map.svg"
7166f638-532d-446d-8f34-fdbadf12d62b	Dadda tree 8x8	Stianmat	CC-BY 3.0	illustration	wikimedia	svg	tree	"Dadda tree 8x8" by Stianmat is licensed under CC BY 3.0. To view a copy of this license, visit https://creativecommons.org/licenses/by/3.0/.	curl -O "https://upload.wikimedia.org/wikipedia/commons/3/3e/Dadda_tree_8x8.svg"
ae833f44-79ba-49e2-8986-daf6506f1d60	Simplified tree of life with LUCA and LECA multilanguage	TimVickers (‘original’ PNG) User_A1 (SVG conversion of ‘original’ PNG) Gretarsson (derivative work based on the SVG) also see file description of the source SVG	CC0	illustration	wikimedia	svg	tree	"Simplified tree of life with LUCA and LECA multilanguage" by TimVickers (‘original’ PNG) User_A1 (SVG conversion of ‘original’ PNG) Gretarsson (derivative work based on the SVG) also see file description of the source SVG is marked with CC0 1.0. To view the terms, visit https://creativecommons.org/publicdomain/zero/1.0/deed.en/.	curl -O "https://upload.wikimedia.org/wikipedia/commons/2/22/Simplified_tree_of_life_with_LUCA_and_LECA_multilanguage.svg"
527a4970-c7c9-413c-83cb-65355d749d71	Fibonacci Tree 6	user:Nomen4Omen	CC-BY 3.0	illustration	wikimedia	svg	tree	"Fibonacci Tree 6" by user:Nomen4Omen is licensed under CC BY 3.0. To view a copy of this license, visit https://creativecommons.org/licenses/by/3.0/de/deed.en/.	curl -O "https://upload.wikimedia.org/wikipedia/commons/8/8c/Fibonacci_Tree_6.svg"
3eef3112-b511-43a4-b2ef-122fc24f4041	Sonoma Tree Vole (Arborimus pomo), Range Map	Cjziems	CC-BY 4.0	illustration	wikimedia	svg	tree	"Sonoma Tree Vole (Arborimus pomo), Range Map" by Cjziems is licensed under CC BY 4.0. To view a copy of this license, visit https://creativecommons.org/licenses/by/4.0/.	curl -O "https://upload.wikimedia.org/wikipedia/commons/a/a8/Sonoma_Tree_Vole_%28Arborimus_pomo%29%2C_Range_Map.svg"
25685f92-1199-4daa-a16b-1b00d45931ab	Parse-tree	MartinThoma	CC-BY 3.0	illustration	wikimedia	svg	tree	"Parse-tree" by MartinThoma is licensed under CC BY 3.0. To view a copy of this license, visit https://creativecommons.org/licenses/by/3.0/.	curl -O "https://upload.wikimedia.org/wikipedia/commons/1/16/Parse-tree.svg"
a3ba4298-869d-4a23-8f2f-49821f7835ed	Rectilinear minimum spanning tree	Rocchini	CC-BY 3.0	illustration	wikimedia	svg	tree	"Rectilinear minimum spanning tree" by Rocchini is licensed under CC BY 3.0. To view a copy of this license, visit https://creativecommons.org/licenses/by/3.0/.	curl -O "https://upload.wikimedia.org/wikipedia/commons/0/0c/Rectilinear_minimum_spanning_tree.svg"
57f98d10-c958-4d78-9950-81e95556ae5a	Acanthofungus-Maximum Likelihood -Tree	Thkgk	CC0	illustration	wikimedia	svg	tree	"Acanthofungus-Maximum Likelihood -Tree" by Thkgk is marked with CC0 1.0. To view the terms, visit https://creativecommons.org/publicdomain/zero/1.0/deed.en/.	curl -O "https://upload.wikimedia.org/wikipedia/commons/6/6b/Acanthofungus-Maximum_Likelihood_-Tree.svg"
3dfed2e0-fe43-4fe5-8cef-7ae681a52b98	Xuong tree	David Eppstein	CC0	illustration	wikimedia	svg	tree	"Xuong tree" by David Eppstein is marked with CC0 1.0. To view the terms, visit https://creativecommons.org/publicdomain/zero/1.0/deed.en/.	curl -O "https://upload.wikimedia.org/wikipedia/commons/6/66/Xuong_tree.svg"
ad6a3738-3c56-4b9b-a0fa-de104c660a79	Family Tree House Esterhazy 2025	Goliath130854	CC0	illustration	wikimedia	svg	tree	"Family Tree House Esterhazy 2025" by Goliath130854 is marked with CC0 1.0. To view the terms, visit https://creativecommons.org/publicdomain/zero/1.0/deed.en/.	curl -O "https://upload.wikimedia.org/wikipedia/commons/4/4f/Family_Tree_House_Esterhazy_2025.svg"
3ed04b99-561c-4d72-85ff-6fff4c1e9eda	Jahnoporus-Minimum Evolution-Tree-2	Thkgk	CC0	illustration	wikimedia	svg	tree	"Jahnoporus-Minimum Evolution-Tree-2" by Thkgk is marked with CC0 1.0. To view the terms, visit https://creativecommons.org/publicdomain/zero/1.0/deed.en/.	curl -O "https://upload.wikimedia.org/wikipedia/commons/9/9b/Jahnoporus-Minimum_Evolution-Tree-2.svg"
87c83206-e8af-4045-a880-e04ced177fd1	Tree Of Life (with horizontal gene transfer)-ru	Д.Ильин: translation, optimization	CC0	illustration	wikimedia	svg	tree	"Tree Of Life (with horizontal gene transfer)-ru" by Д.Ильин: translation, optimization is marked with CC0 1.0. To view the terms, visit https://creativecommons.org/publicdomain/zero/1.0/deed.en/.	curl -O "https://upload.wikimedia.org/wikipedia/commons/9/9b/Tree_Of_Life_%28with_horizontal_gene_transfer%29-ru.svg"
23b595f2-891a-46c9-972a-39d6a231370c	Coa Illustration Partition Fir tree	Madboy74	CC0	illustration	wikimedia	svg	tree	"Coa Illustration Partition Fir tree" by Madboy74 is marked with CC0 1.0. To view the terms, visit https://creativecommons.org/publicdomain/zero/1.0/deed.en/.	curl -O "https://upload.wikimedia.org/wikipedia/commons/6/61/Coa_Illustration_Partition_Fir_tree.svg"
c6e71474-f216-45ec-830b-58a6489a6926	Maryam Islamic traditional Family Tree	Bari' bin Farangi	CC0	illustration	wikimedia	svg	tree	"Maryam Islamic traditional Family Tree" by Bari' bin Farangi is marked with CC0 1.0. To view the terms, visit https://creativecommons.org/publicdomain/zero/1.0/deed.en/.	curl -O "https://upload.wikimedia.org/wikipedia/commons/7/79/Maryam_Islamic_traditional_Family_Tree.svg"
162d5ad4-b9e4-4ddd-86a7-0c59d680bcc1	Tree Map of Employment by Industries in New Jersey (2015)	Datawheel	CC0	illustration	wikimedia	svg	tree	"Tree Map of Employment by Industries in New Jersey (2015)" by Datawheel is marked with CC0 1.0. To view the terms, visit https://creativecommons.org/publicdomain/zero/1.0/deed.en/.	curl -O "https://upload.wikimedia.org/wikipedia/commons/0/04/Tree_Map_of_Employment_by_Industries_in_New_Jersey_%282015%29.svg"
09feebc3-9320-4b5e-80c3-9eb72dedab2c	MapOfNivkhLanguage-Tree	AsPJT	CC0	illustration	wikimedia	svg	tree	"MapOfNivkhLanguage-Tree" by AsPJT is marked with CC0 1.0. To view the terms, visit https://creativecommons.org/publicdomain/zero/1.0/deed.en/.	curl -O "https://upload.wikimedia.org/wikipedia/commons/0/01/MapOfNivkhLanguage-Tree.svg"
06de9757-195d-419a-9d5d-cb06be84e249	Family tree cantonese	HenryLi	CC-BY 2.5	illustration	wikimedia	svg	tree	"Family tree cantonese" by HenryLi is licensed under CC BY 2.5. To view a copy of this license, visit https://creativecommons.org/licenses/by/2.5/.	curl -O "https://upload.wikimedia.org/wikipedia/commons/d/d1/Family_tree_cantonese.svg"
26799aa3-5877-4883-80c6-adcf74795efc	Red-black, but not AVL tree	Nomen4Omen	CC-BY 3.0	illustration	wikimedia	svg	tree	"Red-black, but not AVL tree" by Nomen4Omen is licensed under CC BY 3.0. To view a copy of this license, visit https://creativecommons.org/licenses/by/3.0/.	curl -O "https://upload.wikimedia.org/wikipedia/commons/5/53/Red-black%2C_but_not_AVL_tree.svg"
e9afea87-6216-4e49-a6ec-e5c6b299bb32	Tree spanner 2	BagLuke	CC0	illustration	wikimedia	svg	tree	"Tree spanner 2" by BagLuke is marked with CC0 1.0. To view the terms, visit https://creativecommons.org/publicdomain/zero/1.0/deed.en/.	curl -O "https://upload.wikimedia.org/wikipedia/commons/9/96/Tree_spanner_2.svg"
3f007a67-b0a2-44a9-8057-c396a29b2c1f	Tree life cell structure spanish	Franciscosp2	CC-BY 3.0	illustration	wikimedia	svg	tree	"Tree life cell structure spanish" by Franciscosp2 is licensed under CC BY 3.0. To view a copy of this license, visit https://creativecommons.org/licenses/by/3.0/.	curl -O "https://upload.wikimedia.org/wikipedia/commons/1/1a/Tree_life_cell_structure_spanish.svg"
0355d451-87a6-4f20-b509-02e464b62bb2	Annual-change-forest-area	Hannah Ritchie and Max Roser	CC-BY 4.0	illustration	wikimedia	svg	forest	"Annual-change-forest-area" by Hannah Ritchie and Max Roser is licensed under CC BY 4.0. To view a copy of this license, visit https://creativecommons.org/licenses/by/4.0/.	curl -O "https://upload.wikimedia.org/wikipedia/commons/4/46/Annual-change-forest-area.svg"
4df2e034-4eb9-4bdd-a6ed-5d25215ebdaa	Cook County Illinois incorporated and unincorporated areas Park Forest highlighted	Rcsprinter123	CC-BY 3.0	illustration	wikimedia	svg	forest	"Cook County Illinois incorporated and unincorporated areas Park Forest highlighted" by Rcsprinter123 is licensed under CC BY 3.0. To view a copy of this license, visit https://creativecommons.org/licenses/by/3.0/.	curl -O "https://upload.wikimedia.org/wikipedia/commons/0/0e/Cook_County_Illinois_incorporated_and_unincorporated_areas_Park_Forest_highlighted.svg"
f77488f9-cc83-449b-90bb-c3ac4eb8cf10	Cook County Illinois incorporated and unincorporated areas River Forest highlighted	Rcsprinter123	CC-BY 3.0	illustration	wikimedia	svg	forest	"Cook County Illinois incorporated and unincorporated areas River Forest highlighted" by Rcsprinter123 is licensed under CC BY 3.0. To view a copy of this license, visit https://creativecommons.org/licenses/by/3.0/.	curl -O "https://upload.wikimedia.org/wikipedia/commons/b/bc/Cook_County_Illinois_incorporated_and_unincorporated_areas_River_Forest_highlighted.svg"
a956f794-821c-410b-8e11-5f10aae36d43	Cook County Illinois incorporated and unincorporated areas Forest View highlighted	Rcsprinter123	CC-BY 3.0	illustration	wikimedia	svg	forest	"Cook County Illinois incorporated and unincorporated areas Forest View highlighted" by Rcsprinter123 is licensed under CC BY 3.0. To view a copy of this license, visit https://creativecommons.org/licenses/by/3.0/.	curl -O "https://upload.wikimedia.org/wikipedia/commons/d/d1/Cook_County_Illinois_incorporated_and_unincorporated_areas_Forest_View_highlighted.svg"
d7e4d85c-cdb7-4268-800a-70bb7573d52d	Cook County Illinois incorporated and unincorporated areas Forest Park highlighted	Rcsprinter123	CC-BY 3.0	illustration	wikimedia	svg	forest	"Cook County Illinois incorporated and unincorporated areas Forest Park highlighted" by Rcsprinter123 is licensed under CC BY 3.0. To view a copy of this license, visit https://creativecommons.org/licenses/by/3.0/.	curl -O "https://upload.wikimedia.org/wikipedia/commons/6/6f/Cook_County_Illinois_incorporated_and_unincorporated_areas_Forest_Park_highlighted.svg"
c3dfdbad-1f71-483d-81d9-c74724be454c	Total forest carbon stock, by carbon pool, 2025	http://www.fao.org Food and Agriculture Organization	CC-BY 4.0	illustration	wikimedia	svg	forest	"Total forest carbon stock, by carbon pool, 2025" by http://www.fao.org Food and Agriculture Organization is licensed under CC BY 4.0. To view a copy of this license, visit https://creativecommons.org/licenses/by/4.0/.	curl -O "https://upload.wikimedia.org/wikipedia/commons/d/d5/Total_forest_carbon_stock%2C_by_carbon_pool%2C_2025.svg"
78bcbdd7-455d-4561-84a4-03d38c351710	Pike County Pennsylvania incorporated and unincorporated areas Fawn Lake Forest highlighted	Rcsprinter123	CC-BY 3.0	illustration	wikimedia	svg	forest	"Pike County Pennsylvania incorporated and unincorporated areas Fawn Lake Forest highlighted" by Rcsprinter123 is licensed under CC BY 3.0. To view a copy of this license, visit https://creativecommons.org/licenses/by/3.0/.	curl -O "https://upload.wikimedia.org/wikipedia/commons/a/aa/Pike_County_Pennsylvania_incorporated_and_unincorporated_areas_Fawn_Lake_Forest_highlighted.svg"
5d18d724-d687-4c48-b67e-c531675a40db	Noun forest 1335321 006699	AomAm, https://thenounproject.com/aomam	CC-BY 4.0	illustration	wikimedia	svg	forest	"Noun forest 1335321 006699" by AomAm, https://thenounproject.com/aomam is licensed under CC BY 4.0. To view a copy of this license, visit https://creativecommons.org/licenses/by/4.0/.	curl -O "https://upload.wikimedia.org/wikipedia/commons/1/19/Noun_forest_1335321_006699.svg"
499c1ad7-0098-4ceb-98f3-fea149118a54	Forest Heath UK ward map 2007	Alextheconservative	CC0	illustration	wikimedia	svg	forest	"Forest Heath UK ward map 2007" by Alextheconservative is marked with CC0 1.0. To view the terms, visit https://creativecommons.org/publicdomain/zero/1.0/deed.en/.	curl -O "https://upload.wikimedia.org/wikipedia/commons/5/5f/Forest_Heath_UK_ward_map_2007.svg"
845bdb68-351d-4137-99ed-efa6305656ea	Wyre Forest UK local election 2016 map	Alextheconservative	CC0	illustration	wikimedia	svg	forest	"Wyre Forest UK local election 2016 map" by Alextheconservative is marked with CC0 1.0. To view the terms, visit https://creativecommons.org/publicdomain/zero/1.0/deed.en/.	curl -O "https://upload.wikimedia.org/wikipedia/commons/5/5f/Wyre_Forest_UK_local_election_2016_map.svg"
ef9e6816-e4a5-4cb3-b481-3687f701d266	Forest Heath UK ward map 2015	Alextheconservative	CC0	illustration	wikimedia	svg	forest	"Forest Heath UK ward map 2015" by Alextheconservative is marked with CC0 1.0. To view the terms, visit https://creativecommons.org/publicdomain/zero/1.0/deed.en/.	curl -O "https://upload.wikimedia.org/wikipedia/commons/c/c7/Forest_Heath_UK_ward_map_2015.svg"
d241c005-e179-4fca-b3a4-c1ff989471bd	Forest Heath UK ward map 2003	Alextheconservative	CC0	illustration	wikimedia	svg	forest	"Forest Heath UK ward map 2003" by Alextheconservative is marked with CC0 1.0. To view the terms, visit https://creativecommons.org/publicdomain/zero/1.0/deed.en/.	curl -O "https://upload.wikimedia.org/wikipedia/commons/b/bf/Forest_Heath_UK_ward_map_2003.svg"
ad41bae9-f346-452e-ac5a-4105eb56d2ee	Wyre Forest UK local election 2023 map	Alextheconservative	CC0	illustration	wikimedia	svg	forest	"Wyre Forest UK local election 2023 map" by Alextheconservative is marked with CC0 1.0. To view the terms, visit https://creativecommons.org/publicdomain/zero/1.0/deed.en/.	curl -O "https://upload.wikimedia.org/wikipedia/commons/0/0e/Wyre_Forest_UK_local_election_2023_map.svg"
75fd70a4-faa9-4664-b59c-00770682be27	Forest Heath UK ward map 2011	Alextheconservative	CC0	illustration	wikimedia	svg	forest	"Forest Heath UK ward map 2011" by Alextheconservative is marked with CC0 1.0. To view the terms, visit https://creativecommons.org/publicdomain/zero/1.0/deed.en/.	curl -O "https://upload.wikimedia.org/wikipedia/commons/6/66/Forest_Heath_UK_ward_map_2011.svg"
beacdb7f-4cae-4e67-b9f2-a8c1a1a0effe	Flag of Vietnam Forest Rangers	LeenoDT	CC-BY 4.0	illustration	wikimedia	svg	forest	"Flag of Vietnam Forest Rangers" by LeenoDT is licensed under CC BY 4.0. To view a copy of this license, visit https://creativecommons.org/licenses/by/4.0/.	curl -O "https://upload.wikimedia.org/wikipedia/commons/6/6e/Flag_of_Vietnam_Forest_Rangers.svg"
55995f4c-1b50-4348-ad4f-e553b9c71737	Unit Square Opaque Forest Solutions	Alexis Beingessner	CC0	illustration	wikimedia	svg	forest	"Unit Square Opaque Forest Solutions" by Alexis Beingessner is marked with CC0 1.0. To view the terms, visit https://creativecommons.org/publicdomain/zero/1.0/deed.en/.	curl -O "https://upload.wikimedia.org/wikipedia/commons/3/38/Unit_Square_Opaque_Forest_Solutions.svg"
180c2861-2903-467c-b139-cf023d7849ac	Wyre Forest UK local election 2018 map	Alextheconservative	CC0	illustration	wikimedia	svg	forest	"Wyre Forest UK local election 2018 map" by Alextheconservative is marked with CC0 1.0. To view the terms, visit https://creativecommons.org/publicdomain/zero/1.0/deed.en/.	curl -O "https://upload.wikimedia.org/wikipedia/commons/c/ca/Wyre_Forest_UK_local_election_2018_map.svg"
2d466e05-5bbf-4476-8630-7e8f5ee14df0	Buncombe County North Carolina incorporated and unincorporated areas Biltmore Forest highlighted	Rcsprinter123	CC-BY 3.0	illustration	wikimedia	svg	forest	"Buncombe County North Carolina incorporated and unincorporated areas Biltmore Forest highlighted" by Rcsprinter123 is licensed under CC BY 3.0. To view a copy of this license, visit https://creativecommons.org/licenses/by/3.0/.	curl -O "https://upload.wikimedia.org/wikipedia/commons/3/3d/Buncombe_County_North_Carolina_incorporated_and_unincorporated_areas_Biltmore_Forest_highlighted.svg"
712bf324-1401-4d56-b78f-9ff7717798b0	MapOfAinuLanguage-Forest	AsPJT	CC0	illustration	wikimedia	svg	forest	"MapOfAinuLanguage-Forest" by AsPJT is marked with CC0 1.0. To view the terms, visit https://creativecommons.org/publicdomain/zero/1.0/deed.en/.	curl -O "https://upload.wikimedia.org/wikipedia/commons/4/42/MapOfAinuLanguage-Forest.svg"
c246f1c9-d221-4edb-8d25-705c2cdf1d59	Bracknell Forest UK ward map 2011	Alextheconservative	CC0	illustration	wikimedia	svg	forest	"Bracknell Forest UK ward map 2011" by Alextheconservative is marked with CC0 1.0. To view the terms, visit https://creativecommons.org/publicdomain/zero/1.0/deed.en/.	curl -O "https://upload.wikimedia.org/wikipedia/commons/7/7b/Bracknell_Forest_UK_ward_map_2011.svg"
1c698a36-10c1-4916-a91d-d5ab69a574dd	Bracknell Forest UK ward map 2015	Alextheconservative	CC0	illustration	wikimedia	svg	forest	"Bracknell Forest UK ward map 2015" by Alextheconservative is marked with CC0 1.0. To view the terms, visit https://creativecommons.org/publicdomain/zero/1.0/deed.en/.	curl -O "https://upload.wikimedia.org/wikipedia/commons/1/1d/Bracknell_Forest_UK_ward_map_2015.svg"
7f533492-ee8b-42a6-9b85-1a77fa51eac5	Wyre Forest UK local election 2015	Alextheconservative	CC0	illustration	wikimedia	svg	forest	"Wyre Forest UK local election 2015" by Alextheconservative is marked with CC0 1.0. To view the terms, visit https://creativecommons.org/publicdomain/zero/1.0/deed.en/.	curl -O "https://upload.wikimedia.org/wikipedia/commons/4/46/Wyre_Forest_UK_local_election_2015.svg"
b6c7f03e-3a29-4818-8172-ad2bf4a9b965	Proportion of forest in legally established protected areas, by region, 2025	http://www.fao.org Food and Agriculture Organization	CC-BY 4.0	illustration	wikimedia	svg	forest	"Proportion of forest in legally established protected areas, by region, 2025" by http://www.fao.org Food and Agriculture Organization is licensed under CC BY 4.0. To view a copy of this license, visit https://creativecommons.org/licenses/by/4.0/.	curl -O "https://upload.wikimedia.org/wikipedia/commons/6/63/Proportion_of_forest_in_legally_established_protected_areas%2C_by_region%2C_2025.svg"
c112b4f8-5dfb-4fb2-9168-203ac8d18cc1	Bracknell Forest UK ward map 2007	Alextheconservative	CC0	illustration	wikimedia	svg	forest	"Bracknell Forest UK ward map 2007" by Alextheconservative is marked with CC0 1.0. To view the terms, visit https://creativecommons.org/publicdomain/zero/1.0/deed.en/.	curl -O "https://upload.wikimedia.org/wikipedia/commons/6/63/Bracknell_Forest_UK_ward_map_2007.svg"
4b5a0bfa-fbf7-42b6-9293-4fdbcb934080	Forest area, by region, 1990–2025	http://www.fao.org Food and Agriculture Organization	CC-BY 4.0	illustration	wikimedia	svg	forest	"Forest area, by region, 1990–2025" by http://www.fao.org Food and Agriculture Organization is licensed under CC BY 4.0. To view a copy of this license, visit https://creativecommons.org/licenses/by/4.0/.	curl -O "https://upload.wikimedia.org/wikipedia/commons/b/b5/Forest_area%2C_by_region%2C_1990%E2%80%932025.svg"
63bf3e31-85a4-4613-aa81-6ca3040118d1	Bracknell Forest UK ward map 2003	Alextheconservative	CC0	illustration	wikimedia	svg	forest	"Bracknell Forest UK ward map 2003" by Alextheconservative is marked with CC0 1.0. To view the terms, visit https://creativecommons.org/publicdomain/zero/1.0/deed.en/.	curl -O "https://upload.wikimedia.org/wikipedia/commons/5/59/Bracknell_Forest_UK_ward_map_2003.svg"
25b4debf-e5d1-4dfb-aabe-e85d18205030	Land-use change in cropland and forest land by region and subregion, 2001–2023	http://www.fao.org Food and Agriculture Organization	CC-BY 4.0	illustration	wikimedia	svg	forest	"Land-use change in cropland and forest land by region and subregion, 2001–2023" by http://www.fao.org Food and Agriculture Organization is licensed under CC BY 4.0. To view a copy of this license, visit https://creativecommons.org/licenses/by/4.0/.	curl -O "https://upload.wikimedia.org/wikipedia/commons/b/b9/Land-use_change_in_cropland_and_forest_land_by_region_and_subregion%2C_2001%E2%80%932023.svg"
7f0251ec-ec4d-4171-856d-a4f37628f27b	Bracknell Forest UK ward map 2019	Alextheconservative	CC0	illustration	wikimedia	svg	forest	"Bracknell Forest UK ward map 2019" by Alextheconservative is marked with CC0 1.0. To view the terms, visit https://creativecommons.org/publicdomain/zero/1.0/deed.en/.	curl -O "https://upload.wikimedia.org/wikipedia/commons/2/21/Bracknell_Forest_UK_ward_map_2019.svg"
5beb191b-ef4c-4c42-9c09-e86652b059f0	Roman Forest, Texas Map	LunarEcho87	CC-BY 4.0	illustration	wikimedia	svg	forest	"Roman Forest, Texas Map" by LunarEcho87 is licensed under CC BY 4.0. To view a copy of this license, visit https://creativecommons.org/licenses/by/4.0/.	curl -O "https://upload.wikimedia.org/wikipedia/commons/a/aa/Roman_Forest%2C_Texas_Map.svg"
496745df-310a-4a40-94b8-df54b07bc62b	1135R Forest County Potawatomi Community Locator Map	awmcphee	CC0	illustration	wikimedia	svg	forest	"1135R Forest County Potawatomi Community Locator Map" by awmcphee is marked with CC0 1.0. To view the terms, visit https://creativecommons.org/publicdomain/zero/1.0/deed.en.	curl -O "https://upload.wikimedia.org/wikipedia/commons/a/ad/1135R_Forest_County_Potawatomi_Community_Locator_Map.svg"
40f38cf8-15ca-4c15-83db-a53452d172e0	Guilford County North Carolina incorporated and unincorporated areas Forest Oaks highlighted	Rcsprinter123	CC-BY 3.0	illustration	wikimedia	svg	forest	"Guilford County North Carolina incorporated and unincorporated areas Forest Oaks highlighted" by Rcsprinter123 is licensed under CC BY 3.0. To view a copy of this license, visit https://creativecommons.org/licenses/by/3.0/.	curl -O "https://upload.wikimedia.org/wikipedia/commons/6/6d/Guilford_County_North_Carolina_incorporated_and_unincorporated_areas_Forest_Oaks_highlighted.svg"
fc73c598-99a7-4b67-9ba7-b1c701e834ee	Forest area in km², OWID	Our World In Data	CC-BY 3.0	illustration	wikimedia	svg	forest	"Forest area in km², OWID" by Our World In Data is licensed under CC BY 3.0. To view a copy of this license, visit https://creativecommons.org/licenses/by/3.0/.	curl -O "https://upload.wikimedia.org/wikipedia/commons/b/b4/Forest_area_in_km%C2%B2%2C_OWID.svg"
abefd13f-8fc4-4f63-b6f8-a674cd9f6260	Forest Highway 16 MI	Stratosphere	CC0	illustration	wikimedia	svg	forest	"Forest Highway 16 MI" by Stratosphere is marked with CC0 1.0. To view the terms, visit https://creativecommons.org/publicdomain/zero/1.0/deed.en/.	curl -O "https://upload.wikimedia.org/wikipedia/commons/5/5d/Forest_Highway_16_MI.svg"
4b6fd48d-e411-4b44-8ce8-70a86d5f5215	Planted forest as a percentage of total forest area, by region, 2025	http://www.fao.org Food and Agriculture Organization	CC-BY 4.0	illustration	wikimedia	svg	forest	"Planted forest as a percentage of total forest area, by region, 2025" by http://www.fao.org Food and Agriculture Organization is licensed under CC BY 4.0. To view a copy of this license, visit https://creativecommons.org/licenses/by/4.0/.	curl -O "https://upload.wikimedia.org/wikipedia/commons/d/dd/Planted_forest_as_a_percentage_of_total_forest_area%2C_by_region%2C_2025.svg"
235e7894-d865-44fe-9f31-4a394b3a70c9	Global annual net change of naturally regenerating forest, 1990–2025	http://www.fao.org Food and Agriculture Organization	CC-BY 4.0	illustration	wikimedia	svg	forest	"Global annual net change of naturally regenerating forest, 1990–2025" by http://www.fao.org Food and Agriculture Organization is licensed under CC BY 4.0. To view a copy of this license, visit https://creativecommons.org/licenses/by/4.0/.	curl -O "https://upload.wikimedia.org/wikipedia/commons/2/2b/Global_annual_net_change_of_naturally_regenerating_forest%2C_1990%E2%80%932025.svg"
65a694ea-4d9f-4d67-9f4a-7fa20702f21b	Africa Biomass Map (tonnes of forest biomass per hectare, 2020)	Our World in Data - https://en.wikipedia.org/wiki/Our_World_in_Data . The underlying numerical data is from the Food and Agriculture Organization of the United Nations	CC-BY 4.0	illustration	wikimedia	svg	forest	"Africa Biomass Map (tonnes of forest biomass per hectare, 2020)" by Our World in Data - https://en.wikipedia.org/wiki/Our_World_in_Data . The underlying numerical data is from the Food and Agriculture Organization of the United Nations is licensed under CC BY 4.0. To view a copy of this license, visit https://creativecommons.org/licenses/by/4.0/.	curl -O "https://upload.wikimedia.org/wikipedia/commons/4/4a/Africa_Biomass_Map_%28tonnes_of_forest_biomass_per_hectare%2C_2020%29.svg?utm_source=commons.wikimedia.org&utm_campaign=imageinfo&utm_content=original"
14e29acd-6518-47d0-b348-1cb61dd06c0d	Emblem of Vietnam Forest Rangers	LeenoDT	CC-BY 4.0	illustration	wikimedia	svg	forest	"Emblem of Vietnam Forest Rangers" by LeenoDT is licensed under CC BY 4.0. To view a copy of this license, visit https://creativecommons.org/licenses/by/4.0/.	curl -O "https://upload.wikimedia.org/wikipedia/commons/2/28/Emblem_of_Vietnam_Forest_Rangers.svg"
ba30609c-f4f3-4aaa-94b8-ff28505c5e3c	Forest of Dean wards 2007	Alextheconservative	CC0	illustration	wikimedia	svg	forest	"Forest of Dean wards 2007" by Alextheconservative is marked with CC0 1.0. To view the terms, visit https://creativecommons.org/publicdomain/zero/1.0/deed.en/.	curl -O "https://upload.wikimedia.org/wikipedia/commons/7/72/Forest_of_Dean_wards_2007.svg"
1e1cc226-7540-4b7e-8533-5e3be6972146	Forest of Dean wards 2003	Alextheconservative	CC0	illustration	wikimedia	svg	forest	"Forest of Dean wards 2003" by Alextheconservative is marked with CC0 1.0. To view the terms, visit https://creativecommons.org/publicdomain/zero/1.0/deed.en/.	curl -O "https://upload.wikimedia.org/wikipedia/commons/3/36/Forest_of_Dean_wards_2003.svg"
070cb53e-2a27-4107-9f50-085be2206e94	International Day of Forests in Kuwait banner 2026	روتانا	CC-BY 4.0	illustration	wikimedia	svg	forest	"International Day of Forests in Kuwait banner 2026" by روتانا is licensed under CC BY 4.0. To view a copy of this license, visit https://creativecommons.org/licenses/by/4.0/.	curl -O "https://upload.wikimedia.org/wikipedia/commons/7/76/International_Day_of_Forests_in_Kuwait_banner_2026.svg"
459a981d-4de0-46cd-8efc-98c8a145906b	Waltham Forest City Council 8 May 2026	Bernkastel5	CC0	illustration	wikimedia	svg	forest	"Waltham Forest City Council 8 May 2026" by Bernkastel5 is marked with CC0 1.0. To view the terms, visit https://creativecommons.org/publicdomain/zero/1.0/deed.en/.	curl -O "https://upload.wikimedia.org/wikipedia/commons/6/63/Waltham_Forest_City_Council_8_May_2026.svg?utm_source=commons.wikimedia.org&utm_campaign=imageinfo&utm_content=original"
cd038a44-4c02-4fa2-a082-278eb5ea7eea	Proportion of total forest area designated for various primary management objectives, 2025	http://www.fao.org Food and Agriculture Organization	CC-BY 4.0	illustration	wikimedia	svg	forest	"Proportion of total forest area designated for various primary management objectives, 2025" by http://www.fao.org Food and Agriculture Organization is licensed under CC BY 4.0. To view a copy of this license, visit https://creativecommons.org/licenses/by/4.0/.	curl -O "https://upload.wikimedia.org/wikipedia/commons/7/7c/Proportion_of_total_forest_area_designated_for_various_primary_management_objectives%2C_2025.svg"
e77ee7cf-09ca-4340-8b9c-f2c2bb9a9334	New Forest East Constituency 2023	Offa29	CC-BY 4.0	illustration	wikimedia	svg	forest	"New Forest East Constituency 2023" by Offa29 is licensed under CC BY 4.0. To view a copy of this license, visit https://creativecommons.org/licenses/by/4.0/.	curl -O "https://upload.wikimedia.org/wikipedia/commons/d/d0/New_Forest_East_Constituency_2023.svg"
056fe8a3-b3bc-4c38-a2b2-912175f9b05c	Peak Forest Tramway	Rcsprinter123	CC-BY 3.0	illustration	wikimedia	svg	forest	"Peak Forest Tramway" by Rcsprinter123 is licensed under CC BY 3.0. To view a copy of this license, visit https://creativecommons.org/licenses/by/3.0/.	curl -O "https://upload.wikimedia.org/wikipedia/commons/5/52/Peak_Forest_Tramway.svg"
b53621d4-e70f-40bf-a9ee-07ab19bb8f4b	Forest of Dean Constituency 2023	Offa29	CC-BY 4.0	illustration	wikimedia	svg	forest	"Forest of Dean Constituency 2023" by Offa29 is licensed under CC BY 4.0. To view a copy of this license, visit https://creativecommons.org/licenses/by/4.0/.	curl -O "https://upload.wikimedia.org/wikipedia/commons/2/23/Forest_of_Dean_Constituency_2023.svg"
ef661d76-c472-4e1f-9a50-6fc1bcf8645c	Forest of Dean wards 2011	Alextheconservative	CC0	illustration	wikimedia	svg	forest	"Forest of Dean wards 2011" by Alextheconservative is marked with CC0 1.0. To view the terms, visit https://creativecommons.org/publicdomain/zero/1.0/deed.en/.	curl -O "https://upload.wikimedia.org/wikipedia/commons/d/d7/Forest_of_Dean_wards_2011.svg"
f261d2b8-33ea-435b-bae9-c1fbf225ef9d	Pennant of Vietnam Forest Rangers	LeenoDT	CC-BY 4.0	illustration	wikimedia	svg	forest	"Pennant of Vietnam Forest Rangers" by LeenoDT is licensed under CC BY 4.0. To view a copy of this license, visit https://creativecommons.org/licenses/by/4.0/.	curl -O "https://upload.wikimedia.org/wikipedia/commons/8/8f/Pennant_of_Vietnam_Forest_Rangers.svg"
ee475f49-1a40-4361-ad74-936f4443f227	Sleeve Insignia of Vietnam Forest Rangers Vector Version	LeenoDT	CC-BY 4.0	illustration	wikimedia	svg	forest	"Sleeve Insignia of Vietnam Forest Rangers Vector Version" by LeenoDT is licensed under CC BY 4.0. To view a copy of this license, visit https://creativecommons.org/licenses/by/4.0/.	curl -O "https://upload.wikimedia.org/wikipedia/commons/d/dc/Sleeve_Insignia_of_Vietnam_Forest_Rangers_Vector_Version.svg"
6a6f5693-d175-4646-823d-60b6ab72bd3d	Linear forest	BagLuke	CC0	illustration	wikimedia	svg	forest	"Linear forest" by BagLuke is marked with CC0 1.0. To view the terms, visit https://creativecommons.org/publicdomain/zero/1.0/deed.en/.	curl -O "https://upload.wikimedia.org/wikipedia/commons/7/77/Linear_forest.svg"
31d56eb7-6a2d-4a07-9beb-4538ba3c38f6	Whitefish Bay National Forest Scenic Byway	Stratosphere	CC0	illustration	wikimedia	svg	forest	"Whitefish Bay National Forest Scenic Byway" by Stratosphere is marked with CC0 1.0. To view the terms, visit https://creativecommons.org/publicdomain/zero/1.0/deed.en/.	curl -O "https://upload.wikimedia.org/wikipedia/commons/9/9d/Whitefish_Bay_National_Forest_Scenic_Byway.svg"
5e3d8685-076d-4e3c-8740-fecd37892e39	Annual forest area net change, by country, 1990–2025	http://www.fao.org Food and Agriculture Organization	CC-BY 4.0	illustration	wikimedia	svg	forest	"Annual forest area net change, by country, 1990–2025" by http://www.fao.org Food and Agriculture Organization is licensed under CC BY 4.0. To view a copy of this license, visit https://creativecommons.org/licenses/by/4.0/.	curl -O "https://upload.wikimedia.org/wikipedia/commons/8/88/Annual_forest_area_net_change%2C_by_country%2C_1990%E2%80%932025.svg"
6336b904-cba1-49a5-acfa-0b42dbc03446	Proportion of forest area with long-term management plans, by region, 2025	http://www.fao.org Food and Agriculture Organization	CC-BY 4.0	illustration	wikimedia	svg	forest	"Proportion of forest area with long-term management plans, by region, 2025" by http://www.fao.org Food and Agriculture Organization is licensed under CC BY 4.0. To view a copy of this license, visit https://creativecommons.org/licenses/by/4.0/.	curl -O "https://upload.wikimedia.org/wikipedia/commons/4/47/Proportion_of_forest_area_with_long-term_management_plans%2C_by_region%2C_2025.svg"
157660bd-875a-4e50-9078-873b9c53a500	Proportion of publicly owned forest area, by holder of management rights and region, 2020	http://www.fao.org Food and Agriculture Organization	CC-BY 4.0	illustration	wikimedia	svg	forest	"Proportion of publicly owned forest area, by holder of management rights and region, 2020" by http://www.fao.org Food and Agriculture Organization is licensed under CC BY 4.0. To view a copy of this license, visit https://creativecommons.org/licenses/by/4.0/.	curl -O "https://upload.wikimedia.org/wikipedia/commons/8/86/Proportion_of_publicly_owned_forest_area%2C_by_holder_of_management_rights_and_region%2C_2020.svg"
68ea3eec-553a-4738-ac57-9be94c8ea3e6	Forest Fire Weather Index	Glrx	CC0	illustration	wikimedia	svg	forest	"Forest Fire Weather Index" by Glrx is marked with CC0 1.0. To view the terms, visit https://creativecommons.org/publicdomain/zero/1.0/deed.en/.	curl -O "https://upload.wikimedia.org/wikipedia/commons/e/e9/Forest_Fire_Weather_Index.svg"
c3b50f47-4119-48a7-bd19-9bcf5a58c283	New Forest West Constituency 2023	Offa29	CC-BY 4.0	illustration	wikimedia	svg	forest	"New Forest West Constituency 2023" by Offa29 is licensed under CC BY 4.0. To view a copy of this license, visit https://creativecommons.org/licenses/by/4.0/.	curl -O "https://upload.wikimedia.org/wikipedia/commons/8/85/New_Forest_West_Constituency_2023.svg"
85d53d8f-b8cf-4989-96d3-ec8711571c0b	Forest area as a percentage of land area, by region, 2025	http://www.fao.org Food and Agriculture Organization	CC-BY 4.0	illustration	wikimedia	svg	forest	"Forest area as a percentage of land area, by region, 2025" by http://www.fao.org Food and Agriculture Organization is licensed under CC BY 4.0. To view a copy of this license, visit https://creativecommons.org/licenses/by/4.0/.	curl -O "https://upload.wikimedia.org/wikipedia/commons/b/b4/Forest_area_as_a_percentage_of_land_area%2C_by_region%2C_2025.svg"
54cc93bf-170d-4a6a-82d9-a7e661726e92	United Kingdom Waltham Forest London Borough Council 2024	WanderingPlaywright	CC0	illustration	wikimedia	svg	forest	"United Kingdom Waltham Forest London Borough Council 2024" by WanderingPlaywright is marked with CC0 1.0. To view the terms, visit https://creativecommons.org/publicdomain/zero/1.0/deed.en/.	curl -O "https://upload.wikimedia.org/wikipedia/commons/c/c7/United_Kingdom_Waltham_Forest_London_Borough_Council_2024.svg"
c20fe1e9-1250-495f-99c3-2302ece77296	Kakamega forest map English	Tybo2, Omondi	CC-BY 3.0	illustration	wikimedia	svg	forest	"Kakamega forest map English" by Tybo2, Omondi is licensed under CC BY 3.0. To view a copy of this license, visit https://creativecommons.org/licenses/by/3.0/.	curl -O "https://upload.wikimedia.org/wikipedia/commons/2/2a/Kakamega_forest_map_English.svg"
11eb90be-103d-4ee0-bc97-77d7fd519b57	Flag of the Confederation of Caucasian Mountain People	Drawn by FoolPiasar	CC0	illustration	wikimedia	svg	mountain	"Flag of the Confederation of Caucasian Mountain People" by Drawn by FoolPiasar is marked with CC0 1.0. To view the terms, visit https://creativecommons.org/publicdomain/zero/1.0/deed.en/.	curl -O "https://upload.wikimedia.org/wikipedia/commons/3/3b/Flag_of_the_Confederation_of_Caucasian_Mountain_People.svg"
f710d643-64f6-4a75-8f4a-382049f199a9	Red-mountain-15	ChaseKiwi	CC0	illustration	wikimedia	svg	mountain	"Red-mountain-15" by ChaseKiwi is marked with CC0 1.0. To view the terms, visit https://creativecommons.org/publicdomain/zero/1.0/deed.en/.	curl -O "https://upload.wikimedia.org/wikipedia/commons/b/bb/Red-mountain-15.svg"
a017faeb-9f94-481d-abec-18a502f04fe6	Ski mountaineering pictogram	Thadius856, Parutakupiu	CC0	illustration	wikimedia	svg	mountain	"Ski mountaineering pictogram" by Thadius856, Parutakupiu is marked with CC0 1.0. To view the terms, visit https://creativecommons.org/publicdomain/zero/1.0/deed.en/.	curl -O "https://upload.wikimedia.org/wikipedia/commons/e/e2/Ski_mountaineering_pictogram.svg"
e924de3e-4896-4528-92bd-c096247b203c	Mountaineering pictogram (3)	original : NPS Graphics & Rotpunkt modification : O.Taris	CC0	illustration	wikimedia	svg	mountain	"Mountaineering pictogram (3)" by original : NPS Graphics & Rotpunkt modification : O.Taris is marked with CC0 1.0. To view the terms, visit https://creativecommons.org/publicdomain/zero/1.0/deed.en/.	curl -O "https://upload.wikimedia.org/wikipedia/commons/b/b6/Mountaineering_pictogram_%283%29.svg"
f6e85c3b-3982-41f7-8400-695da699e9c3	Noun 154483 cc Franco Mateo mountain icon	Franco Mateo	CC-BY 3.0	illustration	wikimedia	svg	mountain	"Noun 154483 cc Franco Mateo mountain icon" by Franco Mateo is licensed under CC BY 3.0. To view a copy of this license, visit https://creativecommons.org/licenses/by/3.0/.	curl -O "https://upload.wikimedia.org/wikipedia/commons/9/95/Noun_154483_cc_Franco_Mateo_mountain_icon.svg"
0131a63f-a8ee-4b78-8d2a-41178e94a1b0	Maki-mountain-11	Mapbox, https://github.com/mapbox/maki/graphs/contributors	CC0	illustration	wikimedia	svg	mountain	"Maki-mountain-11" by Mapbox, https://github.com/mapbox/maki/graphs/contributors is marked with CC0 1.0. To view the terms, visit https://creativecommons.org/publicdomain/zero/1.0/deed.en/.	curl -O "https://upload.wikimedia.org/wikipedia/commons/d/db/Maki-mountain-11.svg"
0dab69ac-153b-44f5-8f21-60d91b26b42e	Coat of arms of the Republic of Mountainous Armenia	Samhanin	CC-BY 3.0	illustration	wikimedia	svg	mountain	"Coat of arms of the Republic of Mountainous Armenia" by Samhanin is licensed under CC BY 3.0. To view a copy of this license, visit https://creativecommons.org/licenses/by/3.0/.	curl -O "https://upload.wikimedia.org/wikipedia/commons/e/e2/Coat_of_arms_of_the_Republic_of_Mountainous_Armenia.svg"
11e793fa-4fce-4c99-ad8b-71563b868847	Kikuyu Flag (Mountain of Brightness)	Femfem5	CC0	illustration	wikimedia	svg	mountain	"Kikuyu Flag (Mountain of Brightness)" by Femfem5 is marked with CC0 1.0. To view the terms, visit https://creativecommons.org/publicdomain/zero/1.0/deed.en/.	curl -O "https://upload.wikimedia.org/wikipedia/commons/a/a6/Kikuyu_Flag_%28Mountain_of_Brightness%29.svg"
46d133d6-00ca-4438-815e-a27c6b33229c	Carbon County Wyoming incorporated and unincorporated areas Elk Mountain highlighted	Rcsprinter123	CC-BY 3.0	illustration	wikimedia	svg	mountain	"Carbon County Wyoming incorporated and unincorporated areas Elk Mountain highlighted" by Rcsprinter123 is licensed under CC BY 3.0. To view a copy of this license, visit https://creativecommons.org/licenses/by/3.0/.	curl -O "https://upload.wikimedia.org/wikipedia/commons/8/8e/Carbon_County_Wyoming_incorporated_and_unincorporated_areas_Elk_Mountain_highlighted.svg"
1e58517b-d6e3-4664-9aa2-c4346a2fe9e2	Cantonese Blue Flag - Cantonia, Gold Mountain, American Cantonese	Hong Kong government	CC0	illustration	wikimedia	svg	mountain	"Cantonese Blue Flag - Cantonia, Gold Mountain, American Cantonese" by Hong Kong government is marked with CC0 1.0. To view the terms, visit https://creativecommons.org/publicdomain/zero/1.0/deed.en/.	curl -O "https://upload.wikimedia.org/wikipedia/commons/7/70/Cantonese_Blue_Flag_-_Cantonia%2C_Gold_Mountain%2C_American_Cantonese.svg"
f1a6959a-bd7a-43a7-8e36-98ddbad6b902	APP-6 Mountain Infantry	No machine-readable author provided. Brodo assumed (based on copyright claims).	CC-BY 2.5	illustration	wikimedia	svg	mountain	"APP-6 Mountain Infantry" by No machine-readable author provided. Brodo assumed (based on copyright claims). is licensed under CC BY 2.5. To view a copy of this license, visit https://creativecommons.org/licenses/by/2.5/.	curl -O "https://upload.wikimedia.org/wikipedia/commons/2/27/APP-6_Mountain_Infantry.svg"
85d48703-94b4-470a-a5c8-a18f9ac1f5c6	Morgan County Utah incorporated and unincorporated areas Mountain Green highlighted	Rcsprinter123	CC-BY 3.0	illustration	wikimedia	svg	mountain	"Morgan County Utah incorporated and unincorporated areas Mountain Green highlighted" by Rcsprinter123 is licensed under CC BY 3.0. To view a copy of this license, visit https://creativecommons.org/licenses/by/3.0/.	curl -O "https://upload.wikimedia.org/wikipedia/commons/e/ee/Morgan_County_Utah_incorporated_and_unincorporated_areas_Mountain_Green_highlighted.svg"
b44fee5a-3a62-4e1c-aee9-63faf9acb4fc	Pike County Pennsylvania incorporated and unincorporated areas Pocono Mountain Lake Estates highlighted	Rcsprinter123	CC-BY 3.0	illustration	wikimedia	svg	mountain	"Pike County Pennsylvania incorporated and unincorporated areas Pocono Mountain Lake Estates highlighted" by Rcsprinter123 is licensed under CC BY 3.0. To view a copy of this license, visit https://creativecommons.org/licenses/by/3.0/.	curl -O "https://upload.wikimedia.org/wikipedia/commons/2/22/Pike_County_Pennsylvania_incorporated_and_unincorporated_areas_Pocono_Mountain_Lake_Estates_highlighted.svg"
5f5dc550-f568-4c07-bd9e-1e26992ced8d	Mountain Green Cover Index, OWID	Our World In Data	CC-BY 3.0	illustration	wikimedia	svg	mountain	"Mountain Green Cover Index, OWID" by Our World In Data is licensed under CC BY 3.0. To view a copy of this license, visit https://creativecommons.org/licenses/by/3.0/.	curl -O "https://upload.wikimedia.org/wikipedia/commons/d/d8/Mountain_Green_Cover_Index%2C_OWID.svg"
02abd830-5661-49df-8452-ffa67e7c1276	Maki-mountain-15	Mapbox, https://github.com/mapbox/maki/graphs/contributors	CC0	illustration	wikimedia	svg	mountain	"Maki-mountain-15" by Mapbox, https://github.com/mapbox/maki/graphs/contributors is marked with CC0 1.0. To view the terms, visit https://creativecommons.org/publicdomain/zero/1.0/deed.en/.	curl -O "https://upload.wikimedia.org/wikipedia/commons/7/78/Maki-mountain-15.svg"
317c7b1c-de30-4989-8379-0c39fe00eca7	MapOfAinuLanguage-Mountain	AsPJT	CC0	illustration	wikimedia	svg	mountain	"MapOfAinuLanguage-Mountain" by AsPJT is marked with CC0 1.0. To view the terms, visit https://creativecommons.org/publicdomain/zero/1.0/deed.en/.	curl -O "https://upload.wikimedia.org/wikipedia/commons/1/17/MapOfAinuLanguage-Mountain.svg"
9dbf37c1-605b-4c8a-84df-dd2bd1f039a6	Buncombe County North Carolina incorporated and unincorporated areas Black Mountain highlighted	Rcsprinter123	CC-BY 3.0	illustration	wikimedia	svg	mountain	"Buncombe County North Carolina incorporated and unincorporated areas Black Mountain highlighted" by Rcsprinter123 is licensed under CC BY 3.0. To view a copy of this license, visit https://creativecommons.org/licenses/by/3.0/.	curl -O "https://upload.wikimedia.org/wikipedia/commons/8/8c/Buncombe_County_North_Carolina_incorporated_and_unincorporated_areas_Black_Mountain_highlighted.svg"
b288033d-e343-4384-8f05-7e4a1c1ac1b6	Mountains May Depart	Calentin.calentin	CC0	illustration	wikimedia	svg	mountain	"Mountains May Depart" by Calentin.calentin is marked with CC0 1.0. To view the terms, visit https://creativecommons.org/publicdomain/zero/1.0/deed.en/.	curl -O "https://upload.wikimedia.org/wikipedia/commons/9/96/Mountains_May_Depart.svg"
226a1f82-9959-4bc1-b745-1811fc483aa9	2023 337 Vancouver-Little Mountain	Awmcphee	CC0	illustration	wikimedia	svg	mountain	"2023 337 Vancouver-Little Mountain" by Awmcphee is marked with CC0 1.0. To view the terms, visit https://creativecommons.org/publicdomain/zero/1.0/deed.en/.	curl -O "https://upload.wikimedia.org/wikipedia/commons/0/05/2023_337_Vancouver-Little_Mountain.svg"
aa52538b-00b0-4b40-92cb-88edf36becfe	Maki7-mountain-white	Mapbox, https://github.com/mapbox/maki/graphs/contributors	CC0	illustration	wikimedia	svg	mountain	"Maki7-mountain-white" by Mapbox, https://github.com/mapbox/maki/graphs/contributors is marked with CC0 1.0. To view the terms, visit https://creativecommons.org/publicdomain/zero/1.0/deed.en/.	curl -O "https://upload.wikimedia.org/wikipedia/commons/6/68/Maki7-mountain-white.svg"
5f6383cd-2dfe-48a9-9ca5-318b611ee994	NSW Electoral District 2023 - Blue Mountains	Twotwofourtysix	CC-BY 4.0	illustration	wikimedia	svg	mountain	"NSW Electoral District 2023 - Blue Mountains" by Twotwofourtysix is licensed under CC BY 4.0. To view a copy of this license, visit https://creativecommons.org/licenses/by/4.0/.	curl -O "https://upload.wikimedia.org/wikipedia/commons/f/f8/NSW_Electoral_District_2023_-_Blue_Mountains.svg"
6a1dde68-3349-46b6-be06-759043453d87	17th Mountain Division (India)	HunterdeltaX15	CC-BY 4.0	illustration	wikimedia	svg	mountain	"17th Mountain Division (India)" by HunterdeltaX15 is licensed under CC BY 4.0. To view a copy of this license, visit https://creativecommons.org/licenses/by/4.0/.	curl -O "https://upload.wikimedia.org/wikipedia/commons/d/d6/17th_Mountain_Division_%28India%29.svg"
55108dea-5ef0-46f6-b817-1a79e3269137	4470R Ute Mountain Reservation Locator Map	awmcphee	CC0	illustration	wikimedia	svg	mountain	"4470R Ute Mountain Reservation Locator Map" by awmcphee is marked with CC0 1.0. To view the terms, visit https://creativecommons.org/publicdomain/zero/1.0/deed.en.	curl -O "https://upload.wikimedia.org/wikipedia/commons/e/e0/4470R_Ute_Mountain_Reservation_Locator_Map.svg"
41e2601a-eb72-44db-aee1-b309fde03b66	Ontario 2018 Hamilton Mountain	awmcphee	CC0	illustration	wikimedia	svg	mountain	"Ontario 2018 Hamilton Mountain" by awmcphee is marked with CC0 1.0. To view the terms, visit https://creativecommons.org/publicdomain/zero/1.0/deed.en/.	curl -O "https://upload.wikimedia.org/wikipedia/commons/1/1e/Ontario_2018_Hamilton_Mountain.svg"
dcac6585-e664-4953-bf4c-40ea2284f74b	Mountains to the Sea Flag	Hohostan (talk) (Uploads)	CC-BY 3.0	illustration	wikimedia	svg	mountain	"Mountains to the Sea Flag" by Hohostan (talk) (Uploads) is licensed under CC BY 3.0. To view a copy of this license, visit https://creativecommons.org/licenses/by/3.0/.	curl -O "https://upload.wikimedia.org/wikipedia/commons/d/d3/Mountains_to_the_Sea_Flag.svg"
5e82afb7-ddd9-4013-91b9-b9aa8153e67a	Manitoba 2018 Turtle Mountain	Alex McPhee	CC0	illustration	wikimedia	svg	mountain	"Manitoba 2018 Turtle Mountain" by Alex McPhee is marked with CC0 1.0. To view the terms, visit https://creativecommons.org/publicdomain/zero/1.0/deed.en/.	curl -O "https://upload.wikimedia.org/wikipedia/commons/a/af/Manitoba_2018_Turtle_Mountain.svg"
3cd8228e-bae9-43cd-b56a-d3225eb24e4b	AB locator MOUNTAIN VIEW COUNTY	awmcphee	CC0	illustration	wikimedia	svg	mountain	"AB locator MOUNTAIN VIEW COUNTY" by awmcphee is marked with CC0 1.0. To view the terms, visit https://creativecommons.org/publicdomain/zero/1.0/deed.en/.	curl -O "https://upload.wikimedia.org/wikipedia/commons/c/cf/AB_locator_MOUNTAIN_VIEW_COUNTY.svg"
55824261-2101-4e1f-8636-c481a2d65d9b	0165R Battle Mountain Reservation Locator Map	awmcphee	CC0	illustration	wikimedia	svg	mountain	"0165R Battle Mountain Reservation Locator Map" by awmcphee is marked with CC0 1.0. To view the terms, visit https://creativecommons.org/publicdomain/zero/1.0/deed.en.	curl -O "https://upload.wikimedia.org/wikipedia/commons/4/45/0165R_Battle_Mountain_Reservation_Locator_Map.svg"
e1382d24-4ad8-4d0e-a665-be214a857788	Manitoba 2018 Riding Mountain	Alex McPhee	CC0	illustration	wikimedia	svg	mountain	"Manitoba 2018 Riding Mountain" by Alex McPhee is marked with CC0 1.0. To view the terms, visit https://creativecommons.org/publicdomain/zero/1.0/deed.en/.	curl -O "https://upload.wikimedia.org/wikipedia/commons/c/cf/Manitoba_2018_Riding_Mountain.svg"
8fbd0eb5-0c4c-49cc-a68f-9e06a6588438	4345R Turtle Mountain Reservation Locator Map	awmcphee	CC0	illustration	wikimedia	svg	mountain	"4345R Turtle Mountain Reservation Locator Map" by awmcphee is marked with CC0 1.0. To view the terms, visit https://creativecommons.org/publicdomain/zero/1.0/deed.en.	curl -O "https://upload.wikimedia.org/wikipedia/commons/f/f4/4345R_Turtle_Mountain_Reservation_Locator_Map.svg"
d6081f6b-24cd-46cf-be8a-e2bb68df48d5	2023 272 Coquitlam-Burke Mountain	Awmcphee	CC0	illustration	wikimedia	svg	mountain	"2023 272 Coquitlam-Burke Mountain" by Awmcphee is marked with CC0 1.0. To view the terms, visit https://creativecommons.org/publicdomain/zero/1.0/deed.en/.	curl -O "https://upload.wikimedia.org/wikipedia/commons/f/f3/2023_272_Coquitlam-Burke_Mountain.svg"
0303ee39-b77b-4a8a-a4b6-b5560dee7ed8	MapOfNivkhLanguage-Mountain	AsPJT	CC0	illustration	wikimedia	svg	mountain	"MapOfNivkhLanguage-Mountain" by AsPJT is marked with CC0 1.0. To view the terms, visit https://creativecommons.org/publicdomain/zero/1.0/deed.en/.	curl -O "https://upload.wikimedia.org/wikipedia/commons/f/f7/MapOfNivkhLanguage-Mountain.svg"
a613bd6b-8177-4573-ac4f-cd47cdb1e339	Mountains-By-The-Icon-Z-3322972	The Icon Z	CC-BY 3.0	illustration	wikimedia	svg	mountain	"Mountains-By-The-Icon-Z-3322972" by The Icon Z is licensed under CC BY 3.0. To view a copy of this license, visit https://creativecommons.org/licenses/by/3.0/.	curl -O "https://upload.wikimedia.org/wikipedia/commons/1/12/Mountains-By-The-Icon-Z-3322972.svg"
9a5e6c8d-cd6c-43f9-b3de-eccaaa4a429c	Hamilton Mountain (Canadian electoral district) (2022 redistribution)	Twotwofourtysix	CC-BY 4.0	illustration	wikimedia	svg	mountain	"Hamilton Mountain (Canadian electoral district) (2022 redistribution)" by Twotwofourtysix is licensed under CC BY 4.0. To view a copy of this license, visit https://creativecommons.org/licenses/by/4.0/.	curl -O "https://upload.wikimedia.org/wikipedia/commons/0/0a/Hamilton_Mountain_%28Canadian_electoral_district%29_%282022_redistribution%29.svg"
bffb5867-7bf3-4fae-b9db-d59162baf25c	Raccoon Mountain Pumped Storage Plant (ro)	Orginal: Funkjoker23 Derivative: Turbojet	CC0	illustration	wikimedia	svg	mountain	"Raccoon Mountain Pumped Storage Plant (ro)" by Orginal: Funkjoker23 Derivative: Turbojet is marked with CC0 1.0. To view the terms, visit https://creativecommons.org/publicdomain/zero/1.0/deed.en/.	curl -O "https://upload.wikimedia.org/wikipedia/commons/d/da/Raccoon_Mountain_Pumped_Storage_Plant_%28ro%29.svg"
2d051540-c1a9-4964-9aa8-45d213413453	Piney Mountain CDP in Albemarle County	Lgnhes97, with bottom map based on Alexrk2	CC-BY 3.0	illustration	wikimedia	svg	mountain	"Piney Mountain CDP in Albemarle County" by Lgnhes97, with bottom map based on Alexrk2 is licensed under CC BY 3.0. To view a copy of this license, visit https://creativecommons.org/licenses/by/3.0/.	curl -O "https://upload.wikimedia.org/wikipedia/commons/2/29/Piney_Mountain_CDP_in_Albemarle_County.svg"
39d59b18-0380-4ae2-b5a5-39714395ecd9	Noun Project Mountains icon 2109282 (blue)	ibrandify, PK, edited by Dario Crespi (WMIT)	CC-BY 4.0	illustration	wikimedia	svg	mountain	"Noun Project Mountains icon 2109282 (blue)" by ibrandify, PK, edited by Dario Crespi (WMIT) is licensed under CC BY 4.0. To view a copy of this license, visit https://creativecommons.org/licenses/by/4.0/.	curl -O "https://upload.wikimedia.org/wikipedia/commons/5/5a/Noun_Project_Mountains_icon_2109282_%28blue%29.svg?utm_source=commons.wikimedia.org&utm_campaign=imageinfo&utm_content=original"
6076cab0-3cb9-4645-b167-28f428c290e9	Hamilton Mountain 2025 polling division map winner	Into oblivion	CC0	illustration	wikimedia	svg	mountain	"Hamilton Mountain 2025 polling division map winner" by Into oblivion is marked with CC0 1.0. To view the terms, visit https://creativecommons.org/publicdomain/zero/1.0/deed.en/.	curl -O "https://upload.wikimedia.org/wikipedia/commons/6/6c/Hamilton_Mountain_2025_polling_division_map_winner.svg"
5dfc5032-3870-40e3-b280-757dc206d89d	Hamilton Mountain 2022 polling division map winner	Into oblivion	CC0	illustration	wikimedia	svg	mountain	"Hamilton Mountain 2022 polling division map winner" by Into oblivion is marked with CC0 1.0. To view the terms, visit https://creativecommons.org/publicdomain/zero/1.0/deed.en/.	curl -O "https://upload.wikimedia.org/wikipedia/commons/1/1e/Hamilton_Mountain_2022_polling_division_map_winner.svg"
de662845-1397-4ede-b46d-4e44ee439d3b	Mountain climbing problem	Quuxplusone	CC0	illustration	wikimedia	svg	mountain	"Mountain climbing problem" by Quuxplusone is marked with CC0 1.0. To view the terms, visit https://creativecommons.org/publicdomain/zero/1.0/deed.en/.	curl -O "https://upload.wikimedia.org/wikipedia/commons/2/21/Mountain_climbing_problem.svg"
19679e89-5bfc-4e7d-8574-f23b943aa180	2024 Blue Mountains Council election	MangoWizard	CC0	illustration	wikimedia	svg	mountain	"2024 Blue Mountains Council election" by MangoWizard is marked with CC0 1.0. To view the terms, visit https://creativecommons.org/publicdomain/zero/1.0/deed.en/.	curl -O "https://upload.wikimedia.org/wikipedia/commons/5/52/2024_Blue_Mountains_Council_election.svg"
55924461-4b47-4c39-88d0-f45d03bbb808	Flag of the Mountain of Islam Battalion	Throwaway865432	CC-BY 4.0	illustration	wikimedia	svg	mountain	"Flag of the Mountain of Islam Battalion" by Throwaway865432 is licensed under CC BY 4.0. To view a copy of this license, visit https://creativecommons.org/licenses/by/4.0/.	curl -O "https://upload.wikimedia.org/wikipedia/commons/f/f1/Flag_of_the_Mountain_of_Islam_Battalion.svg"
2744c62d-6673-4c1b-849d-dc3c4a998692	Bert T. Combs Mountain Parkway logo	Obivan Kenobi	CC0	illustration	wikimedia	svg	mountain	"Bert T. Combs Mountain Parkway logo" by Obivan Kenobi is marked with CC0 1.0. To view the terms, visit https://creativecommons.org/publicdomain/zero/1.0/deed.en/.	curl -O "https://upload.wikimedia.org/wikipedia/commons/0/05/Bert_T._Combs_Mountain_Parkway_logo.svg"
8c0f0bd8-a029-456e-9c80-c4b87a628081	Mountaineering pictogram (4)	O.Taris	CC0	illustration	wikimedia	svg	mountain	"Mountaineering pictogram (4)" by O.Taris is marked with CC0 1.0. To view the terms, visit https://creativecommons.org/publicdomain/zero/1.0/deed.en/.	curl -O "https://upload.wikimedia.org/wikipedia/commons/7/73/Mountaineering_pictogram_%284%29.svg"
82e67b3d-fe4b-4fdc-8fc6-254f84c9ecbc	CAN MB Riding Mountain West	awmcphee	CC0	illustration	wikimedia	svg	mountain	"CAN MB Riding Mountain West" by awmcphee is marked with CC0 1.0. To view the terms, visit https://creativecommons.org/publicdomain/zero/1.0/deed.en/.	curl -O "https://upload.wikimedia.org/wikipedia/commons/9/9c/CAN_MB_Riding_Mountain_West.svg"
02ba5cfa-f129-488f-a519-90fdc58f6342	0226 Mountain View County, Alberta, Detailed	awmcphee	CC0	illustration	wikimedia	svg	mountain	"0226 Mountain View County, Alberta, Detailed" by awmcphee is marked with CC0 1.0. To view the terms, visit https://creativecommons.org/publicdomain/zero/1.0/deed.en/.	curl -O "https://upload.wikimedia.org/wikipedia/commons/5/51/0226_Mountain_View_County%2C_Alberta%2C_Detailed.svg"
e61ba4e9-b0f9-43ca-acc5-99b40c171743	Long Range Mountains (Canadian electoral district) (2022 redistribution)	Twotwofourtysix	CC-BY 4.0	illustration	wikimedia	svg	mountain	"Long Range Mountains (Canadian electoral district) (2022 redistribution)" by Twotwofourtysix is licensed under CC BY 4.0. To view a copy of this license, visit https://creativecommons.org/licenses/by/4.0/.	curl -O "https://upload.wikimedia.org/wikipedia/commons/d/d5/Long_Range_Mountains_%28Canadian_electoral_district%29_%282022_redistribution%29.svg"
d304f57c-4a54-4481-ba5d-2a72cba57078	Jersey Deutschland Tour 2024 Mountain	Bigbossfarin	CC0	illustration	wikimedia	svg	mountain	"Jersey Deutschland Tour 2024 Mountain" by Bigbossfarin is marked with CC0 1.0. To view the terms, visit https://creativecommons.org/publicdomain/zero/1.0/deed.en/.	curl -O "https://upload.wikimedia.org/wikipedia/commons/4/4b/Jersey_Deutschland_Tour_2024_Mountain.svg"
f8b3e6cf-0de9-4b43-a580-5cf16b39e1c7	Riding Mountain (Canadian electoral district) (2022 redistribution)	Twotwofourtysix	CC-BY 4.0	illustration	wikimedia	svg	mountain	"Riding Mountain (Canadian electoral district) (2022 redistribution)" by Twotwofourtysix is licensed under CC BY 4.0. To view a copy of this license, visit https://creativecommons.org/licenses/by/4.0/.	curl -O "https://upload.wikimedia.org/wikipedia/commons/2/21/Riding_Mountain_%28Canadian_electoral_district%29_%282022_redistribution%29.svg"
4102712e-fd69-4f91-ac64-292a9a9c5ade	199647011 Souris-Moose Mountain	Alex McPhee	CC0	illustration	wikimedia	svg	mountain	"199647011 Souris-Moose Mountain" by Alex McPhee is marked with CC0 1.0. To view the terms, visit https://creativecommons.org/publicdomain/zero/1.0/deed.en.	curl -O "https://upload.wikimedia.org/wikipedia/commons/4/42/199647011_Souris-Moose_Mountain.svg"
307f28ad-cc89-498e-b662-2b7a080e5614	Saskatchewan 2022 Last Mountain-Touchwood	Alex McPhee	CC0	illustration	wikimedia	svg	mountain	"Saskatchewan 2022 Last Mountain-Touchwood" by Alex McPhee is marked with CC0 1.0. To view the terms, visit https://creativecommons.org/publicdomain/zero/1.0/deed.en/.	curl -O "https://upload.wikimedia.org/wikipedia/commons/e/e9/Saskatchewan_2022_Last_Mountain-Touchwood.svg"
f1afa66b-2583-4863-9aac-c7292f44094b	Rocky Mountain Maple Felt Mite Aceria calaceris) Range Map	Cjziems	CC-BY 4.0	illustration	wikimedia	svg	mountain	"Rocky Mountain Maple Felt Mite Aceria calaceris) Range Map" by Cjziems is licensed under CC BY 4.0. To view a copy of this license, visit https://creativecommons.org/licenses/by/4.0/.	curl -O "https://upload.wikimedia.org/wikipedia/commons/1/19/Rocky_Mountain_Maple_Felt_Mite_Aceria_calaceris%29_Range_Map.svg"
7d5da5b2-b6ab-40dd-96c6-d554a281f07e	Calgary Provincial Riding - Calgary Mountain View	TastyCakes on English Wikipedia	CC-BY 3.0	illustration	wikimedia	svg	mountain	"Calgary Provincial Riding - Calgary Mountain View" by TastyCakes on English Wikipedia is licensed under CC BY 3.0. To view a copy of this license, visit https://creativecommons.org/licenses/by/3.0/.	curl -O "https://upload.wikimedia.org/wikipedia/commons/c/ca/Calgary_Provincial_Riding_-_Calgary_Mountain_View.svg"
a7e8059d-adec-41f1-8128-793bfd45b51e	Morris County New Jersey incorporated and unincorporated areas Mountain Lakes highlighted	Rcsprinter123	CC-BY 3.0	illustration	wikimedia	svg	mountain	"Morris County New Jersey incorporated and unincorporated areas Mountain Lakes highlighted" by Rcsprinter123 is licensed under CC BY 3.0. To view a copy of this license, visit https://creativecommons.org/licenses/by/3.0/.	curl -O "https://upload.wikimedia.org/wikipedia/commons/3/3a/Morris_County_New_Jersey_incorporated_and_unincorporated_areas_Mountain_Lakes_highlighted.svg"
40498d1c-b815-4889-b5c8-5a7fc9eee291	201347013 Souris--Moose Mountain	Alex McPhee	CC0	illustration	wikimedia	svg	mountain	"201347013 Souris--Moose Mountain" by Alex McPhee is marked with CC0 1.0. To view the terms, visit https://creativecommons.org/publicdomain/zero/1.0/deed.en.	curl -O "https://upload.wikimedia.org/wikipedia/commons/f/ff/201347013_Souris--Moose_Mountain.svg"
2c0d0ec3-62da-4ec4-a65b-be7bd0c94939	Orange County New York incorporated and unincorporated areas Mountain Lodge Park highlighted	Rcsprinter123	CC-BY 3.0	illustration	wikimedia	svg	mountain	"Orange County New York incorporated and unincorporated areas Mountain Lodge Park highlighted" by Rcsprinter123 is licensed under CC BY 3.0. To view a copy of this license, visit https://creativecommons.org/licenses/by/3.0/.	curl -O "https://upload.wikimedia.org/wikipedia/commons/0/0c/Orange_County_New_York_incorporated_and_unincorporated_areas_Mountain_Lodge_Park_highlighted.svg"
a8901c1c-ff24-476e-a432-81c01fc492e9	CAN SK Last Mountain Lake 80A Locator	awmcphee	CC0	illustration	wikimedia	svg	mountain	"CAN SK Last Mountain Lake 80A Locator" by awmcphee is marked with CC0 1.0. To view the terms, visit https://creativecommons.org/publicdomain/zero/1.0/deed.en/.	curl -O "https://upload.wikimedia.org/wikipedia/commons/5/5f/CAN_SK_Last_Mountain_Lake_80A_Locator.svg"
cfa1fbe8-63f2-4534-a8a6-b6a34cb32e16	202347012 Souris—Moose Mountain	Alex McPhee	CC0	illustration	wikimedia	svg	mountain	"202347012 Souris—Moose Mountain" by Alex McPhee is marked with CC0 1.0. To view the terms, visit https://creativecommons.org/publicdomain/zero/1.0/deed.en.	curl -O "https://upload.wikimedia.org/wikipedia/commons/6/65/202347012_Souris%E2%80%94Moose_Mountain.svg"
84ec6d84-d6fb-4603-8688-2295a7cb97df	0268 Town Rocky Mountain House, Alberta Locator	awmcphee	CC0	illustration	wikimedia	svg	mountain	"0268 Town Rocky Mountain House, Alberta Locator" by awmcphee is marked with CC0 1.0. To view the terms, visit https://creativecommons.org/publicdomain/zero/1.0/deed.en.	curl -O "https://upload.wikimedia.org/wikipedia/commons/2/24/0268_Town_Rocky_Mountain_House%2C_Alberta_Locator.svg"
f4fb3d2e-a097-4a3d-abb4-2e5d3964d58e	RU road sign 5.1	Gauravjuvekar	CC0	illustration	wikimedia	svg	road	"RU road sign 5.1" by Gauravjuvekar is marked with CC0 1.0. To view the terms, visit https://creativecommons.org/publicdomain/zero/1.0/deed.en/.	curl -O "https://upload.wikimedia.org/wikipedia/commons/c/c9/RU_road_sign_5.1.svg"
c0f32604-cb41-4996-9e3b-1d6ec5a57658	Korean informatory road sign (Motorway)	P.Ctnt	CC0	illustration	wikimedia	svg	road	"Korean informatory road sign (Motorway)" by P.Ctnt is marked with CC0 1.0. To view the terms, visit https://creativecommons.org/publicdomain/zero/1.0/deed.en.	curl -O "https://upload.wikimedia.org/wikipedia/commons/2/25/Korean_informatory_road_sign_%28Motorway%29.svg"
db55c3ec-2a95-4691-8a8f-4745e3cc09b7	Mexico Yucatan location map (roads)	Addicted04	CC-BY 4.0	illustration	wikimedia	svg	road	"Mexico Yucatan location map (roads)" by Addicted04 is licensed under CC BY 4.0. To view a copy of this license, visit https://creativecommons.org/licenses/by/4.0/.	curl -O "https://upload.wikimedia.org/wikipedia/commons/d/d2/Mexico_Yucatan_location_map_%28roads%29.svg"
abbaa673-d0db-433a-a181-12b6447d8aca	The Ancient Roads of Italy and Sicily nopng 1	Дагиров Умар и Agamemnus	CC-BY 3.0	illustration	wikimedia	svg	road	"The Ancient Roads of Italy and Sicily nopng 1" by Дагиров Умар и Agamemnus is licensed under CC BY 3.0. To view a copy of this license, visit https://creativecommons.org/licenses/by/3.0/.	curl -O "https://upload.wikimedia.org/wikipedia/commons/7/75/The_Ancient_Roads_of_Italy_and_Sicily_nopng_1.svg"
f25b8888-0d92-4131-922b-4f1fff3b1dc2	Australia road sign W5-29	Standards Australia	CC-BY 3.0	illustration	wikimedia	svg	road	"Australia road sign W5-29" by Standards Australia is licensed under CC BY 3.0. To view a copy of this license, visit https://creativecommons.org/licenses/by/3.0/au/deed.en/.	curl -O "https://upload.wikimedia.org/wikipedia/commons/9/90/Australia_road_sign_W5-29.svg"
ac449ed7-0f84-4e4c-af34-7a69ea01cd89	Korean informatory road sign (Motorway End A)	P.Ctnt	CC0	illustration	wikimedia	svg	road	"Korean informatory road sign (Motorway End A)" by P.Ctnt is marked with CC0 1.0. To view the terms, visit https://creativecommons.org/publicdomain/zero/1.0/deed.en.	curl -O "https://upload.wikimedia.org/wikipedia/commons/5/5f/Korean_informatory_road_sign_%28Motorway_End_A%29.svg"
00e8c67e-43e9-4615-a8a2-4a31d6867f5d	RU road sign 5.7.2	Gauravjuvekar	CC0	illustration	wikimedia	svg	road	"RU road sign 5.7.2" by Gauravjuvekar is marked with CC0 1.0. To view the terms, visit https://creativecommons.org/publicdomain/zero/1.0/deed.en/.	curl -O "https://upload.wikimedia.org/wikipedia/commons/5/51/RU_road_sign_5.7.2.svg"
1233812e-f798-4abb-adca-5b13ff3c7ef5	RU road sign 5.7.1	Gauravjuvekar	CC0	illustration	wikimedia	svg	road	"RU road sign 5.7.1" by Gauravjuvekar is marked with CC0 1.0. To view the terms, visit https://creativecommons.org/publicdomain/zero/1.0/deed.en/.	curl -O "https://upload.wikimedia.org/wikipedia/commons/8/86/RU_road_sign_5.7.1.svg"
7d6da58a-2d77-45e6-b933-94e82c4a1301	B8 road cyprus	Jelican9	CC0	illustration	wikimedia	svg	road	"B8 road cyprus" by Jelican9 is marked with CC0 1.0. To view the terms, visit https://creativecommons.org/publicdomain/zero/1.0/deed.en/.	curl -O "https://upload.wikimedia.org/wikipedia/commons/4/4c/B8_road_cyprus.svg"
0b6ca792-477f-4cf4-8dd2-0e9c4065357a	IR road sign 4-5 (50)	มองโกเลีย๔๔	CC0	illustration	wikimedia	svg	road	"IR road sign 4-5 (50)" by มองโกเลีย๔๔ is marked with CC0 1.0. To view the terms, visit https://creativecommons.org/publicdomain/zero/1.0/deed.en/.	curl -O "https://upload.wikimedia.org/wikipedia/commons/0/01/IR_road_sign_4-5_%2850%29.svg"
42edc186-5c2e-4734-8a6e-20cbb89c20e1	IR road sign 4-3 (50)	มองโกเลีย๔๔	CC0	illustration	wikimedia	svg	road	"IR road sign 4-3 (50)" by มองโกเลีย๔๔ is marked with CC0 1.0. To view the terms, visit https://creativecommons.org/publicdomain/zero/1.0/deed.en/.	curl -O "https://upload.wikimedia.org/wikipedia/commons/8/88/IR_road_sign_4-3_%2850%29.svg"
4b6dffc8-5c14-4a76-9368-b460ab9ea458	High-standard roads in Japan	Ministry of Land, Infrastructure, Transport and Tourism (MLIT) , Japan	CC-BY 4.0	illustration	wikimedia	svg	road	"High-standard roads in Japan" by Ministry of Land, Infrastructure, Transport and Tourism (MLIT) , Japan is licensed under CC BY 4.0. To view a copy of this license, visit https://creativecommons.org/licenses/by/4.0/.	curl -O "https://upload.wikimedia.org/wikipedia/commons/c/cc/High-standard_roads_in_Japan.svg"
eaa5a92a-46fe-44f4-a58d-d16f99af93e6	B1 road cyprus	Jelican9	CC0	illustration	wikimedia	svg	road	"B1 road cyprus" by Jelican9 is marked with CC0 1.0. To view the terms, visit https://creativecommons.org/publicdomain/zero/1.0/deed.en/.	curl -O "https://upload.wikimedia.org/wikipedia/commons/f/ff/B1_road_cyprus.svg"
e639d95f-a2bf-43fc-ba29-205130322dc4	Roads in Bosnia and Herzegovina	DzWiki	CC-BY 3.0	illustration	wikimedia	svg	road	"Roads in Bosnia and Herzegovina" by DzWiki is licensed under CC BY 3.0. To view a copy of this license, visit https://creativecommons.org/licenses/by/3.0/.	curl -O "https://upload.wikimedia.org/wikipedia/commons/c/c8/Roads_in_Bosnia_and_Herzegovina.svg"
f219dbbc-6b63-4ce5-8b94-b99c756c5fa4	NGA road A2	Vanderwaalforces	CC0	illustration	wikimedia	svg	road	"NGA road A2" by Vanderwaalforces is marked with CC0 1.0. To view the terms, visit https://creativecommons.org/publicdomain/zero/1.0/deed.en/.	curl -O "https://upload.wikimedia.org/wikipedia/commons/7/74/NGA_road_A2.svg"
57fc88a1-6863-450f-a39a-fdd9b0632461	CZ road sign C01	Kys5g	CC-BY 4.0	illustration	wikimedia	svg	road	"CZ road sign C01" by Kys5g is licensed under CC BY 4.0. To view a copy of this license, visit https://creativecommons.org/licenses/by/4.0/.	curl -O "https://upload.wikimedia.org/wikipedia/commons/8/89/CZ_road_sign_C01.svg"
0c23d81b-d2d0-478e-8b21-676448aabc32	PL road sign C-19	Harry-C	CC-BY 3.0	illustration	wikimedia	svg	road	"PL road sign C-19" by Harry-C is licensed under CC BY 3.0. To view a copy of this license, visit https://creativecommons.org/licenses/by/3.0/.	curl -O "https://upload.wikimedia.org/wikipedia/commons/1/13/PL_road_sign_C-19.svg"
d17acac4-59c4-495a-873b-69eaa485b699	PL road sign C-18	Harry-C	CC-BY 3.0	illustration	wikimedia	svg	road	"PL road sign C-18" by Harry-C is licensed under CC BY 3.0. To view a copy of this license, visit https://creativecommons.org/licenses/by/3.0/.	curl -O "https://upload.wikimedia.org/wikipedia/commons/d/d5/PL_road_sign_C-18.svg"
c7b12dfe-085f-4545-864a-5d02d1bfc4d7	NGA road A4	Vanderwaalforces	CC0	illustration	wikimedia	svg	road	"NGA road A4" by Vanderwaalforces is marked with CC0 1.0. To view the terms, visit https://creativecommons.org/publicdomain/zero/1.0/deed.en/.	curl -O "https://upload.wikimedia.org/wikipedia/commons/b/bb/NGA_road_A4.svg"
529c8a0e-2aa8-4645-bfef-a2b1bbc1fa74	Halton Regional Road 25	EuroCarGT	CC-BY 3.0	illustration	wikimedia	svg	road	"Halton Regional Road 25" by EuroCarGT is licensed under CC BY 3.0. To view a copy of this license, visit https://creativecommons.org/licenses/by/3.0/.	curl -O "https://upload.wikimedia.org/wikipedia/commons/c/c6/Halton_Regional_Road_25.svg"
10241cdd-1b9e-4e74-868f-1bce1b0f6b5b	Halton Regional Road 3	EuroCarGT	CC-BY 3.0	illustration	wikimedia	svg	road	"Halton Regional Road 3" by EuroCarGT is licensed under CC BY 3.0. To view a copy of this license, visit https://creativecommons.org/licenses/by/3.0/.	curl -O "https://upload.wikimedia.org/wikipedia/commons/9/9f/Halton_Regional_Road_3.svg"
23ac8edd-d71e-4471-a921-885f0d86795a	NGA road A1	Vanderwaalforces	CC0	illustration	wikimedia	svg	road	"NGA road A1" by Vanderwaalforces is marked with CC0 1.0. To view the terms, visit https://creativecommons.org/publicdomain/zero/1.0/deed.en/.	curl -O "https://upload.wikimedia.org/wikipedia/commons/c/c4/NGA_road_A1.svg"
0aeca4d5-3ab9-4d37-84ca-2c7576ba4bb7	NGA road A3	Vanderwaalforces	CC0	illustration	wikimedia	svg	road	"NGA road A3" by Vanderwaalforces is marked with CC0 1.0. To view the terms, visit https://creativecommons.org/publicdomain/zero/1.0/deed.en/.	curl -O "https://upload.wikimedia.org/wikipedia/commons/6/61/NGA_road_A3.svg"
8d5c1706-a132-4b31-9e70-231766e15297	Estonia road sign 153	Atudu	CC0	illustration	wikimedia	svg	road	"Estonia road sign 153" by Atudu is marked with CC0 1.0. To view the terms, visit https://creativecommons.org/publicdomain/zero/1.0/deed.en/.	curl -O "https://upload.wikimedia.org/wikipedia/commons/e/e9/Estonia_road_sign_153.svg"
a0d95f85-a4c2-4e05-9165-44bfbea9df9a	CZ road sign C02b	Kys5g	CC-BY 4.0	illustration	wikimedia	svg	road	"CZ road sign C02b" by Kys5g is licensed under CC BY 4.0. To view a copy of this license, visit https://creativecommons.org/licenses/by/4.0/.	curl -O "https://upload.wikimedia.org/wikipedia/commons/d/db/CZ_road_sign_C02b.svg"
889f5f94-177f-4fb9-9096-8d17cd7dfd13	CZ road sign C03a	Kys5g	CC-BY 4.0	illustration	wikimedia	svg	road	"CZ road sign C03a" by Kys5g is licensed under CC BY 4.0. To view a copy of this license, visit https://creativecommons.org/licenses/by/4.0/.	curl -O "https://upload.wikimedia.org/wikipedia/commons/d/d9/CZ_road_sign_C03a.svg"
b199e91c-d8ab-4214-9139-952e3ed758ff	CZ road sign C04a	Kys5g	CC-BY 4.0	illustration	wikimedia	svg	road	"CZ road sign C04a" by Kys5g is licensed under CC BY 4.0. To view a copy of this license, visit https://creativecommons.org/licenses/by/4.0/.	curl -O "https://upload.wikimedia.org/wikipedia/commons/5/51/CZ_road_sign_C04a.svg"
a7702422-b059-4f59-bc99-3354ab11ddd6	CZ road sign C02a	Kys5g	CC-BY 4.0	illustration	wikimedia	svg	road	"CZ road sign C02a" by Kys5g is licensed under CC BY 4.0. To view a copy of this license, visit https://creativecommons.org/licenses/by/4.0/.	curl -O "https://upload.wikimedia.org/wikipedia/commons/e/e3/CZ_road_sign_C02a.svg"
9cff240f-26e5-4e16-8938-82877132b358	CZ road sign C04c	Kys5g	CC-BY 4.0	illustration	wikimedia	svg	road	"CZ road sign C04c" by Kys5g is licensed under CC BY 4.0. To view a copy of this license, visit https://creativecommons.org/licenses/by/4.0/.	curl -O "https://upload.wikimedia.org/wikipedia/commons/f/f9/CZ_road_sign_C04c.svg"
59f0a2b3-64a6-417b-9b1d-c703a13a3307	LT road sign 204	Augustasci	CC-BY 4.0	illustration	wikimedia	svg	road	"LT road sign 204" by Augustasci is licensed under CC BY 4.0. To view a copy of this license, visit https://creativecommons.org/licenses/by/4.0/.	curl -O "https://upload.wikimedia.org/wikipedia/commons/a/ac/LT_road_sign_204.svg"
1c292efe-15ff-4a33-878f-ba9f932e9a26	LT road sign 205	Augustasci	CC-BY 4.0	illustration	wikimedia	svg	road	"LT road sign 205" by Augustasci is licensed under CC BY 4.0. To view a copy of this license, visit https://creativecommons.org/licenses/by/4.0/.	curl -O "https://upload.wikimedia.org/wikipedia/commons/7/75/LT_road_sign_205.svg"
53c08b40-f845-4ce9-9435-2290928143c0	183A Toll Road free	Imzadi1979	CC0	illustration	wikimedia	svg	road	"183A Toll Road free" by Imzadi1979 is marked with CC0 1.0. To view the terms, visit https://creativecommons.org/publicdomain/zero/1.0/deed.en/.	curl -O "https://upload.wikimedia.org/wikipedia/commons/9/90/183A_Toll_Road_free.svg"
5665ec5d-94db-4142-9536-ba8d0568f777	LT road sign 206	Augustasci	CC-BY 4.0	illustration	wikimedia	svg	road	"LT road sign 206" by Augustasci is licensed under CC BY 4.0. To view a copy of this license, visit https://creativecommons.org/licenses/by/4.0/.	curl -O "https://upload.wikimedia.org/wikipedia/commons/a/a3/LT_road_sign_206.svg"
a8dcdf0d-c080-458d-b128-c265c95af7fd	CZ road sign C06a.30	Kys5g	CC-BY 4.0	illustration	wikimedia	svg	road	"CZ road sign C06a.30" by Kys5g is licensed under CC BY 4.0. To view a copy of this license, visit https://creativecommons.org/licenses/by/4.0/.	curl -O "https://upload.wikimedia.org/wikipedia/commons/9/92/CZ_road_sign_C06a.30.svg"
f2fb69c2-5fd8-4e45-83a8-d83659dfd35d	York County Pennsylvania incorporated and unincorporated areas Cross Roads highlighted	Rcsprinter123	CC-BY 3.0	illustration	wikimedia	svg	road	"York County Pennsylvania incorporated and unincorporated areas Cross Roads highlighted" by Rcsprinter123 is licensed under CC BY 3.0. To view a copy of this license, visit https://creativecommons.org/licenses/by/3.0/.	curl -O "https://upload.wikimedia.org/wikipedia/commons/1/16/York_County_Pennsylvania_incorporated_and_unincorporated_areas_Cross_Roads_highlighted.svg"
f31e5bfe-8d74-46fc-ba36-23929304eedc	LT road sign 203	Augustasci	CC-BY 4.0	illustration	wikimedia	svg	road	"LT road sign 203" by Augustasci is licensed under CC BY 4.0. To view a copy of this license, visit https://creativecommons.org/licenses/by/4.0/.	curl -O "https://upload.wikimedia.org/wikipedia/commons/7/7c/LT_road_sign_203.svg"
14315988-1928-44cf-89b2-a0e7f7ddf587	CZ road sign C02d	Kys5g	CC-BY 4.0	illustration	wikimedia	svg	road	"CZ road sign C02d" by Kys5g is licensed under CC BY 4.0. To view a copy of this license, visit https://creativecommons.org/licenses/by/4.0/.	curl -O "https://upload.wikimedia.org/wikipedia/commons/8/87/CZ_road_sign_C02d.svg"
049082a1-079a-4f93-8ec9-ac0a157e1617	CZ road sign C11a	Kys5g	CC-BY 4.0	illustration	wikimedia	svg	road	"CZ road sign C11a" by Kys5g is licensed under CC BY 4.0. To view a copy of this license, visit https://creativecommons.org/licenses/by/4.0/.	curl -O "https://upload.wikimedia.org/wikipedia/commons/5/58/CZ_road_sign_C11a.svg"
9e6e3da3-6f52-4838-a0ab-2bd390bb96c8	CZ road sign C07a	Kys5g	CC0	illustration	wikimedia	svg	road	"CZ road sign C07a" by Kys5g is marked with CC0 1.0. To view the terms, visit https://creativecommons.org/publicdomain/zero/1.0/deed.en/.	curl -O "https://upload.wikimedia.org/wikipedia/commons/7/7d/CZ_road_sign_C07a.svg"
44b3560f-4ede-4c1f-aee6-cd8e449c8d77	LT road sign 202	Augustasci	CC-BY 4.0	illustration	wikimedia	svg	road	"LT road sign 202" by Augustasci is licensed under CC BY 4.0. To view a copy of this license, visit https://creativecommons.org/licenses/by/4.0/.	curl -O "https://upload.wikimedia.org/wikipedia/commons/3/35/LT_road_sign_202.svg"
3e5ff79a-fd3c-427e-a6bc-55921b47ddea	LT road sign 401	Augustasci	CC-BY 4.0	illustration	wikimedia	svg	road	"LT road sign 401" by Augustasci is licensed under CC BY 4.0. To view a copy of this license, visit https://creativecommons.org/licenses/by/4.0/.	curl -O "https://upload.wikimedia.org/wikipedia/commons/a/ab/LT_road_sign_401.svg"
e0076071-db8b-4edb-a0ac-7c47fa9ea118	LT road sign 402	Augustasci	CC-BY 4.0	illustration	wikimedia	svg	road	"LT road sign 402" by Augustasci is licensed under CC BY 4.0. To view a copy of this license, visit https://creativecommons.org/licenses/by/4.0/.	curl -O "https://upload.wikimedia.org/wikipedia/commons/4/4b/LT_road_sign_402.svg"
791e2753-a9f2-4e9d-bfcc-85c50dd42fe4	LT road sign 404	Augustasci	CC-BY 4.0	illustration	wikimedia	svg	road	"LT road sign 404" by Augustasci is licensed under CC BY 4.0. To view a copy of this license, visit https://creativecommons.org/licenses/by/4.0/.	curl -O "https://upload.wikimedia.org/wikipedia/commons/9/9d/LT_road_sign_404.svg"
49dd45f2-cb1c-4e90-b38e-0d9dc081c689	Grand Trunk Road	This file is created by Sbb1413. All files created by him are released under the {{CC-BY 4.0}} license unless otherwise noted. Derived works are released under the same license as original.	CC0	illustration	wikimedia	svg	road	"Grand Trunk Road" by This file is created by Sbb1413. All files created by him are released under the {{CC-BY 4.0}} license unless otherwise noted. Derived works are released under the same license as original. is marked with CC0 1.0. To view the terms, visit https://creativecommons.org/publicdomain/zero/1.0/deed.en/.	curl -O "https://upload.wikimedia.org/wikipedia/commons/e/e1/Grand_Trunk_Road.svg"
8ed08083-1c60-4f4b-8732-76caf25ce29c	LT road sign 407	Augustasci	CC-BY 4.0	illustration	wikimedia	svg	road	"LT road sign 407" by Augustasci is licensed under CC BY 4.0. To view a copy of this license, visit https://creativecommons.org/licenses/by/4.0/.	curl -O "https://upload.wikimedia.org/wikipedia/commons/7/74/LT_road_sign_407.svg"
9aeee932-04fb-458d-bd0b-7729e6a82983	Death rate from road accidents, OWID	Our World In Data	CC-BY 3.0	illustration	wikimedia	svg	road	"Death rate from road accidents, OWID" by Our World In Data is licensed under CC BY 3.0. To view a copy of this license, visit https://creativecommons.org/licenses/by/3.0/.	curl -O "https://upload.wikimedia.org/wikipedia/commons/e/ea/Death_rate_from_road_accidents%2C_OWID.svg"
ef37b622-1a94-4f24-b6c4-06af8f781866	Peel Regional Road 107	EuroCarGT	CC-BY 3.0	illustration	wikimedia	svg	road	"Peel Regional Road 107" by EuroCarGT is licensed under CC BY 3.0. To view a copy of this license, visit https://creativecommons.org/licenses/by/3.0/.	curl -O "https://upload.wikimedia.org/wikipedia/commons/b/b5/Peel_Regional_Road_107.svg"
5daaf082-6481-4fdd-9d3c-9301def7e881	LT road sign 201	Augustasci	CC-BY 4.0	illustration	wikimedia	svg	road	"LT road sign 201" by Augustasci is licensed under CC BY 4.0. To view a copy of this license, visit https://creativecommons.org/licenses/by/4.0/.	curl -O "https://upload.wikimedia.org/wikipedia/commons/a/a1/LT_road_sign_201.svg"
3a8883a6-9b0c-4442-b460-63fa8dcff765	Norwegian-road-sign-792.14-alpha	User:Pjacklam	CC0	illustration	wikimedia	svg	road	"Norwegian-road-sign-792.14-alpha" by User:Pjacklam is marked with CC0 1.0. To view the terms, visit https://creativecommons.org/publicdomain/zero/1.0/deed.en/.	curl -O "https://upload.wikimedia.org/wikipedia/commons/c/c0/Norwegian-road-sign-792.14-alpha.svg"
cdee53c8-b0aa-402c-9bb4-e4f945d26ad3	LT road sign 329 (50)	Augustasci	CC-BY 4.0	illustration	wikimedia	svg	road	"LT road sign 329 (50)" by Augustasci is licensed under CC BY 4.0. To view a copy of this license, visit https://creativecommons.org/licenses/by/4.0/.	curl -O "https://upload.wikimedia.org/wikipedia/commons/a/a6/LT_road_sign_329_%2850%29.svg"
be07609e-3dc2-45fa-a741-8e7987f8d247	LT road sign 304	Augustasci	CC-BY 4.0	illustration	wikimedia	svg	road	"LT road sign 304" by Augustasci is licensed under CC BY 4.0. To view a copy of this license, visit https://creativecommons.org/licenses/by/4.0/.	curl -O "https://upload.wikimedia.org/wikipedia/commons/5/53/LT_road_sign_304.svg"
3e2234cc-8885-4ea5-9649-931355fe6976	LT road sign 113	Augustasci	CC-BY 4.0	illustration	wikimedia	svg	road	"LT road sign 113" by Augustasci is licensed under CC BY 4.0. To view a copy of this license, visit https://creativecommons.org/licenses/by/4.0/.	curl -O "https://upload.wikimedia.org/wikipedia/commons/6/6c/LT_road_sign_113.svg"
2dd4d758-c24a-4a40-b4c1-a083a7d62ff6	LT road sign 311	Augustasci	CC-BY 4.0	illustration	wikimedia	svg	road	"LT road sign 311" by Augustasci is licensed under CC BY 4.0. To view a copy of this license, visit https://creativecommons.org/licenses/by/4.0/.	curl -O "https://upload.wikimedia.org/wikipedia/commons/4/41/LT_road_sign_311.svg"
8b59045e-0b12-4f86-a246-fd7a0f4bffa1	LT road sign 309	Augustasci	CC-BY 4.0	illustration	wikimedia	svg	road	"LT road sign 309" by Augustasci is licensed under CC BY 4.0. To view a copy of this license, visit https://creativecommons.org/licenses/by/4.0/.	curl -O "https://upload.wikimedia.org/wikipedia/commons/1/1e/LT_road_sign_309.svg"
4b627476-b856-4f14-8948-fc10b4e96418	IE road sign W-040+P-001	EthanL13	CC0	illustration	wikimedia	svg	road	"IE road sign W-040+P-001" by EthanL13 is marked with CC0 1.0. To view the terms, visit https://creativecommons.org/publicdomain/zero/1.0/deed.en/.	curl -O "https://upload.wikimedia.org/wikipedia/commons/f/fd/IE_road_sign_W-040%2BP-001.svg"
6429d211-262f-4a80-b918-5a8bad1677c9	France road sign M1	Mathgb	CC0	illustration	wikimedia	svg	road	"France road sign M1" by Mathgb is marked with CC0 1.0. To view the terms, visit https://creativecommons.org/publicdomain/zero/1.0/deed.en/.	curl -O "https://upload.wikimedia.org/wikipedia/commons/d/d3/France_road_sign_M1.svg"
6ecac11d-926b-45a2-873a-d8cf3fa339a5	LT road sign 318	Augustasci	CC-BY 4.0	illustration	wikimedia	svg	road	"LT road sign 318" by Augustasci is licensed under CC BY 4.0. To view a copy of this license, visit https://creativecommons.org/licenses/by/4.0/.	curl -O "https://upload.wikimedia.org/wikipedia/commons/5/50/LT_road_sign_318.svg"
a80a2dd5-1282-4077-9d04-fdc6f4cbd255	FR road sign G1c	มองโกเลีย๔๔	CC0	illustration	wikimedia	svg	road	"FR road sign G1c" by มองโกเลีย๔๔ is marked with CC0 1.0. To view the terms, visit https://creativecommons.org/publicdomain/zero/1.0/deed.en/.	curl -O "https://upload.wikimedia.org/wikipedia/commons/b/b3/FR_road_sign_G1c.svg"
7f0ca4aa-cbd4-4dd1-8509-94051ae54815	LT road sign 303	Augustasci	CC-BY 4.0	illustration	wikimedia	svg	road	"LT road sign 303" by Augustasci is licensed under CC BY 4.0. To view a copy of this license, visit https://creativecommons.org/licenses/by/4.0/.	curl -O "https://upload.wikimedia.org/wikipedia/commons/d/de/LT_road_sign_303.svg"
38cc4621-e6af-471f-80e4-7b59f4a34447	290 Toll Road free	Imzadi1979	CC0	illustration	wikimedia	svg	road	"290 Toll Road free" by Imzadi1979 is marked with CC0 1.0. To view the terms, visit https://creativecommons.org/publicdomain/zero/1.0/deed.en/.	curl -O "https://upload.wikimedia.org/wikipedia/commons/d/df/290_Toll_Road_free.svg"
b447b917-a274-4b34-87ca-10b11bc801f8	Jp-bridge	Vinicius Depizzol (Tango Icon – flag); Shannon E Thomas/toicon.com (bridge)	CC-BY 4.0	illustration	wikimedia	svg	bridge	"Jp-bridge" by Vinicius Depizzol (Tango Icon – flag); Shannon E Thomas/toicon.com (bridge) is licensed under CC BY 4.0. To view a copy of this license, visit https://creativecommons.org/licenses/by/4.0/.	curl -O "https://upload.wikimedia.org/wikipedia/commons/c/c7/Jp-bridge.svg"
df151dcd-543f-4f3a-a92a-827f5ff633b7	Disulfide Bridges (SCHEMATIC) V.1	Jü	CC0	illustration	wikimedia	svg	bridge	"Disulfide Bridges (SCHEMATIC) V.1" by Jü is marked with CC0 1.0. To view the terms, visit https://creativecommons.org/publicdomain/zero/1.0/deed.en/.	curl -O "https://upload.wikimedia.org/wikipedia/commons/8/8c/Disulfide_Bridges_%28SCHEMATIC%29_V.1.svg"
4f06b6f4-8926-4aa4-b68f-7449cefab851	Bridge pictogram	Akiry	CC-BY 3.0	illustration	wikimedia	svg	bridge	"Bridge pictogram" by Akiry is licensed under CC BY 3.0. To view a copy of this license, visit https://creativecommons.org/licenses/by/3.0/.	curl -O "https://upload.wikimedia.org/wikipedia/commons/4/44/Bridge_pictogram.svg"
0d3662bc-b33a-4f26-a2bf-f5251cdd1816	Maxwell bridge-e	Д.Ильин: optimization	CC0	illustration	wikimedia	svg	bridge	"Maxwell bridge-e" by Д.Ильин: optimization is marked with CC0 1.0. To view the terms, visit https://creativecommons.org/publicdomain/zero/1.0/deed.en/.	curl -O "https://upload.wikimedia.org/wikipedia/commons/e/eb/Maxwell_bridge-e.svg"
486490c7-d253-409f-9473-f9e40ec6b03c	Lightdimmer with diode bridge	DesbWit	CC0	illustration	wikimedia	svg	bridge	"Lightdimmer with diode bridge" by DesbWit is marked with CC0 1.0. To view the terms, visit https://creativecommons.org/publicdomain/zero/1.0/deed.en.	curl -O "https://upload.wikimedia.org/wikipedia/commons/b/b1/Lightdimmer_with_diode_bridge.svg"
bb9d084c-ca84-428a-90d9-38aa889a1089	Bridge Ball	DaniDF1995	CC-BY 3.0	illustration	wikimedia	svg	bridge	"Bridge Ball" by DaniDF1995 is licensed under CC BY 3.0. To view a copy of this license, visit https://creativecommons.org/licenses/by/3.0/.	curl -O "https://upload.wikimedia.org/wikipedia/commons/9/9d/Bridge_Ball.svg"
87eda12f-ada3-4aac-9fbf-5576a6e33f56	Gray dotted circle with U+032A COMBINING BRIDGE BELOW	Karl432	CC-BY 4.0	illustration	wikimedia	svg	bridge	"Gray dotted circle with U+032A COMBINING BRIDGE BELOW" by Karl432 is licensed under CC BY 4.0. To view a copy of this license, visit https://creativecommons.org/licenses/by/4.0/.	curl -O "https://upload.wikimedia.org/wikipedia/commons/3/3b/Gray_dotted_circle_with_U%2B032A_COMBINING_BRIDGE_BELOW.svg"
d156354b-f195-46dc-b71d-a7f94f9d6400	Gray dotted circle with U+033A COMBINING INVERTED BRIDGE BELOW	Karl432	CC-BY 4.0	illustration	wikimedia	svg	bridge	"Gray dotted circle with U+033A COMBINING INVERTED BRIDGE BELOW" by Karl432 is licensed under CC BY 4.0. To view a copy of this license, visit https://creativecommons.org/licenses/by/4.0/.	curl -O "https://upload.wikimedia.org/wikipedia/commons/1/19/Gray_dotted_circle_with_U%2B033A_COMBINING_INVERTED_BRIDGE_BELOW.svg"
2e0fc0e1-c264-4c69-99d4-3fc17f7dfaaa	Diode bridges-int	Д.Ильин	CC0	illustration	wikimedia	svg	bridge	"Diode bridges-int" by Д.Ильин is marked with CC0 1.0. To view the terms, visit https://creativecommons.org/publicdomain/zero/1.0/deed.en/.	curl -O "https://upload.wikimedia.org/wikipedia/commons/1/15/Diode_bridges-int.svg"
70d2edb7-0a41-4154-9d86-431973d2d93d	MapOfAinuLanguage-Bridge	AsPJT	CC0	illustration	wikimedia	svg	bridge	"MapOfAinuLanguage-Bridge" by AsPJT is marked with CC0 1.0. To view the terms, visit https://creativecommons.org/publicdomain/zero/1.0/deed.en/.	curl -O "https://upload.wikimedia.org/wikipedia/commons/9/92/MapOfAinuLanguage-Bridge.svg"
de606e8b-ff8f-48de-b9e7-2202e17c6118	Bridge abutment schematic diagram	Noleander	CC0	illustration	wikimedia	svg	bridge	"Bridge abutment schematic diagram" by Noleander is marked with CC0 1.0. To view the terms, visit https://creativecommons.org/publicdomain/zero/1.0/deed.en/.	curl -O "https://upload.wikimedia.org/wikipedia/commons/9/91/Bridge_abutment_schematic_diagram.svg"
6963e49b-87ce-42b6-b6a9-9ddb4a9cfdd7	Schematic diagram showing some structural elements of a bridge	Noleander	CC0	illustration	wikimedia	svg	bridge	"Schematic diagram showing some structural elements of a bridge" by Noleander is marked with CC0 1.0. To view the terms, visit https://creativecommons.org/publicdomain/zero/1.0/deed.en/.	curl -O "https://upload.wikimedia.org/wikipedia/commons/2/28/Schematic_diagram_showing_some_structural_elements_of_a_bridge.svg"
5a5d819f-9b17-4f59-b73b-bc4be2a5cc98	Bridge cable saddle vs anchor	Noleander	CC0	illustration	wikimedia	svg	bridge	"Bridge cable saddle vs anchor" by Noleander is marked with CC0 1.0. To view the terms, visit https://creativecommons.org/publicdomain/zero/1.0/deed.en/.	curl -O "https://upload.wikimedia.org/wikipedia/commons/1/17/Bridge_cable_saddle_vs_anchor.svg"
51a93e4a-f1bc-404a-9307-9b8a84a1d146	Suspension bridge cable cross section strands wires	Noleander	CC0	illustration	wikimedia	svg	bridge	"Suspension bridge cable cross section strands wires" by Noleander is marked with CC0 1.0. To view the terms, visit https://creativecommons.org/publicdomain/zero/1.0/deed.en/.	curl -O "https://upload.wikimedia.org/wikipedia/commons/d/d8/Suspension_bridge_cable_cross_section_strands_wires.svg"
5cb2f39a-f134-490c-b202-1128193edda8	SA road sign - Narrow Bridge	มองโกเลีย๔๔	CC0	illustration	wikimedia	svg	bridge	"SA road sign - Narrow Bridge" by มองโกเลีย๔๔ is marked with CC0 1.0. To view the terms, visit https://creativecommons.org/publicdomain/zero/1.0/deed.en/.	curl -O "https://upload.wikimedia.org/wikipedia/commons/7/7a/SA_road_sign_-_Narrow_Bridge.svg"
943776ad-3d87-4842-9e2a-922e3faf1e68	SA road sign - One-Lane Bridge	มองโกเลีย๔๔	CC0	illustration	wikimedia	svg	bridge	"SA road sign - One-Lane Bridge" by มองโกเลีย๔๔ is marked with CC0 1.0. To view the terms, visit https://creativecommons.org/publicdomain/zero/1.0/deed.en/.	curl -O "https://upload.wikimedia.org/wikipedia/commons/3/36/SA_road_sign_-_One-Lane_Bridge.svg"
ad6c6385-884d-4076-97c5-49621a7f5a41	Valet de pique pour le bridge	SimonDLT	CC0	illustration	wikimedia	svg	bridge	"Valet de pique pour le bridge" by SimonDLT is marked with CC0 1.0. To view the terms, visit https://creativecommons.org/publicdomain/zero/1.0/deed.en/.	curl -O "https://upload.wikimedia.org/wikipedia/commons/7/78/Valet_de_pique_pour_le_bridge.svg"
3f60dca1-d25d-4610-a41d-0834a2f670a7	Diagram Process of the Synaptic Bridge	Loopy353	CC-BY 4.0	illustration	wikimedia	svg	bridge	"Diagram Process of the Synaptic Bridge" by Loopy353 is licensed under CC BY 4.0. To view a copy of this license, visit https://creativecommons.org/licenses/by/4.0/.	curl -O "https://upload.wikimedia.org/wikipedia/commons/4/46/Diagram_Process_of_the_Synaptic_Bridge.svg"
acfc4ddc-6c80-4d43-bcc3-b69ab9cb20f7	Lactic acid H bridged	Durfo	CC0	illustration	wikimedia	svg	bridge	"Lactic acid H bridged" by Durfo is marked with CC0 1.0. To view the terms, visit https://creativecommons.org/publicdomain/zero/1.0/deed.en/.	curl -O "https://upload.wikimedia.org/wikipedia/commons/5/59/Lactic_acid_H_bridged.svg"
10ea366c-1e23-4881-87f8-26c5b3d86ee1	Darlington's Bridge approximate location	Mitchazenia	CC-BY 1.0	illustration	wikimedia	svg	bridge	"Darlington's Bridge approximate location" by Mitchazenia is licensed under CC BY 1.0. To view a copy of this license, visit https://creativecommons.org/licenses/by/1.0/.	curl -O "https://upload.wikimedia.org/wikipedia/commons/7/76/Darlington%27s_Bridge_approximate_location.svg"
e2aaf060-f369-40b3-9a58-93a50c94df02	Bridge Ball2	DaniDF1995	CC-BY 3.0	illustration	wikimedia	svg	bridge	"Bridge Ball2" by DaniDF1995 is licensed under CC BY 3.0. To view a copy of this license, visit https://creativecommons.org/licenses/by/3.0/.	curl -O "https://upload.wikimedia.org/wikipedia/commons/5/55/Bridge_Ball2.svg"
f316f403-4d5a-4f35-815e-7bb0510023cc	Dame de pique pour le bridge	SimonDLT	CC0	illustration	wikimedia	svg	bridge	"Dame de pique pour le bridge" by SimonDLT is marked with CC0 1.0. To view the terms, visit https://creativecommons.org/publicdomain/zero/1.0/deed.en/.	curl -O "https://upload.wikimedia.org/wikipedia/commons/7/75/Dame_de_pique_pour_le_bridge.svg"
7f3b0625-a04b-46d7-806b-4f34e86a77ac	Bridge suspension self anchored	Noleander	CC0	illustration	wikimedia	svg	bridge	"Bridge suspension self anchored" by Noleander is marked with CC0 1.0. To view the terms, visit https://creativecommons.org/publicdomain/zero/1.0/deed.en/.	curl -O "https://upload.wikimedia.org/wikipedia/commons/0/0b/Bridge_suspension_self_anchored.svg"
5d58479b-b847-448e-9ddf-a6907f9ab59c	Cable-stayed bridge	Noleander	CC0	illustration	wikimedia	svg	bridge	"Cable-stayed bridge" by Noleander is marked with CC0 1.0. To view the terms, visit https://creativecommons.org/publicdomain/zero/1.0/deed.en/.	curl -O "https://upload.wikimedia.org/wikipedia/commons/3/35/Cable-stayed_bridge.svg"
852aa73b-b0d2-4938-9f63-bab04c81c7fb	Bridge cable stay fan	Noleander	CC0	illustration	wikimedia	svg	bridge	"Bridge cable stay fan" by Noleander is marked with CC0 1.0. To view the terms, visit https://creativecommons.org/publicdomain/zero/1.0/deed.en/.	curl -O "https://upload.wikimedia.org/wikipedia/commons/1/11/Bridge_cable_stay_fan.svg"
eb39625c-66f0-4349-bd6b-10e0598c62b5	Cantilever bridge, balanced	Noleander	CC0	illustration	wikimedia	svg	bridge	"Cantilever bridge, balanced" by Noleander is marked with CC0 1.0. To view the terms, visit https://creativecommons.org/publicdomain/zero/1.0/deed.en/.	curl -O "https://upload.wikimedia.org/wikipedia/commons/f/f0/Cantilever_bridge%2C_balanced.svg"
659412d4-50f8-4842-95db-2d7c1b8d8f72	Thermal bridge freehand.drawio	IanVG	CC0	illustration	wikimedia	svg	bridge	"Thermal bridge freehand.drawio" by IanVG is marked with CC0 1.0. To view the terms, visit https://creativecommons.org/publicdomain/zero/1.0/deed.en/.	curl -O "https://upload.wikimedia.org/wikipedia/commons/b/b6/Thermal_bridge_freehand.drawio.svg"
0b921c92-42b8-476f-af96-6bec1937df81	Payint bridge toll	Salvor	CC0	illustration	wikimedia	svg	bridge	"Payint bridge toll" by Salvor is marked with CC0 1.0. To view the terms, visit https://creativecommons.org/publicdomain/zero/1.0/deed.en/.	curl -O "https://upload.wikimedia.org/wikipedia/commons/d/d6/Payint_bridge_toll.svg"
3ac5429b-95f1-4126-957e-6f426c408c18	Arch bridge	Noleander	CC0	illustration	wikimedia	svg	bridge	"Arch bridge" by Noleander is marked with CC0 1.0. To view the terms, visit https://creativecommons.org/publicdomain/zero/1.0/deed.en/.	curl -O "https://upload.wikimedia.org/wikipedia/commons/6/64/Arch_bridge.svg"
c04b1770-aa70-4473-b7ed-241c2b5a16e7	Bridge abutment diagram side-by-side	Noleander	CC0	illustration	wikimedia	svg	bridge	"Bridge abutment diagram side-by-side" by Noleander is marked with CC0 1.0. To view the terms, visit https://creativecommons.org/publicdomain/zero/1.0/deed.en/.	curl -O "https://upload.wikimedia.org/wikipedia/commons/3/3e/Bridge_abutment_diagram_side-by-side.svg"
c842b0b4-fefc-4ee3-8158-69f3524a7769	Suspension bridge	Noleander	CC0	illustration	wikimedia	svg	bridge	"Suspension bridge" by Noleander is marked with CC0 1.0. To view the terms, visit https://creativecommons.org/publicdomain/zero/1.0/deed.en/.	curl -O "https://upload.wikimedia.org/wikipedia/commons/7/79/Suspension_bridge.svg"
9e16e7c5-8d8c-4627-a4ae-e59fe4fabb89	Cantilever bridge	Noleander	CC0	illustration	wikimedia	svg	bridge	"Cantilever bridge" by Noleander is marked with CC0 1.0. To view the terms, visit https://creativecommons.org/publicdomain/zero/1.0/deed.en/.	curl -O "https://upload.wikimedia.org/wikipedia/commons/a/ae/Cantilever_bridge.svg"
bba71d4c-61e8-45b5-849e-dfcd5191a2bb	Arch tied bridge	Noleander	CC0	illustration	wikimedia	svg	bridge	"Arch tied bridge" by Noleander is marked with CC0 1.0. To view the terms, visit https://creativecommons.org/publicdomain/zero/1.0/deed.en/.	curl -O "https://upload.wikimedia.org/wikipedia/commons/e/e3/Arch_tied_bridge.svg"
aeab4dc7-48e2-4370-85b0-7718b1064c8a	Beam bridge	Noleander	CC0	illustration	wikimedia	svg	bridge	"Beam bridge" by Noleander is marked with CC0 1.0. To view the terms, visit https://creativecommons.org/publicdomain/zero/1.0/deed.en/.	curl -O "https://upload.wikimedia.org/wikipedia/commons/4/46/Beam_bridge.svg"
bbf5db16-ce7c-45ed-be5f-a794e8266429	Rotating calipers, finding a bridge between two convex polygons	Poxelcoll	CC0	illustration	wikimedia	svg	bridge	"Rotating calipers, finding a bridge between two convex polygons" by Poxelcoll is marked with CC0 1.0. To view the terms, visit https://creativecommons.org/publicdomain/zero/1.0/deed.en/.	curl -O "https://upload.wikimedia.org/wikipedia/commons/1/1b/Rotating_calipers%2C_finding_a_bridge_between_two_convex_polygons.svg"
93312087-d7ea-4e51-962e-8b94711e54b9	Inverted truss bridge	Noleander	CC0	illustration	wikimedia	svg	bridge	"Inverted truss bridge" by Noleander is marked with CC0 1.0. To view the terms, visit https://creativecommons.org/publicdomain/zero/1.0/deed.en/.	curl -O "https://upload.wikimedia.org/wikipedia/commons/e/e3/Inverted_truss_bridge.svg"
6ff1ba7c-35bc-429a-a6cd-57e0c171cfb4	Truss bridge	Noleander	CC0	illustration	wikimedia	svg	bridge	"Truss bridge" by Noleander is marked with CC0 1.0. To view the terms, visit https://creativecommons.org/publicdomain/zero/1.0/deed.en/.	curl -O "https://upload.wikimedia.org/wikipedia/commons/2/22/Truss_bridge.svg"
1c5ec446-5466-4c23-b2a4-907933cd94c5	Roi de pique pour le bridge	SimonDLT	CC0	illustration	wikimedia	svg	bridge	"Roi de pique pour le bridge" by SimonDLT is marked with CC0 1.0. To view the terms, visit https://creativecommons.org/publicdomain/zero/1.0/deed.en/.	curl -O "https://upload.wikimedia.org/wikipedia/commons/b/bf/Roi_de_pique_pour_le_bridge.svg"
f735c400-f55d-44d2-8385-ce7fd55651c9	Wales Anglesey Community Menai Bridge map	DankJae	CC-BY 4.0	illustration	wikimedia	svg	bridge	"Wales Anglesey Community Menai Bridge map" by DankJae is licensed under CC BY 4.0. To view a copy of this license, visit https://creativecommons.org/licenses/by/4.0/.	curl -O "https://upload.wikimedia.org/wikipedia/commons/8/82/Wales_Anglesey_Community_Menai_Bridge_map.svg"
117c456c-a827-44a9-a8c5-ece3edaa81d8	Skeletal structures of bicyclic systems with bridged rings	Jim Clark, Steven Farmer, Dietmar Kennepohl, Zachary Sharrett, Layne Morsch, Krista Cunningham, Tim Soderberg, Pwint Zin, Kelly Matthews, & Kelly Matthews	CC-BY 4.0	illustration	wikimedia	svg	bridge	"Skeletal structures of bicyclic systems with bridged rings" by Jim Clark, Steven Farmer, Dietmar Kennepohl, Zachary Sharrett, Layne Morsch, Krista Cunningham, Tim Soderberg, Pwint Zin, Kelly Matthews, & Kelly Matthews is licensed under CC BY 4.0. To view a copy of this license, visit https://creativecommons.org/licenses/by/4.0/.	curl -O "https://upload.wikimedia.org/wikipedia/commons/2/27/Skeletal_structures_of_bicyclic_systems_with_bridged_rings.svg"
70bd891c-36d1-47a6-bf72-82a363cfdf3c	H-bridge BJT-int	Д.Ильин	CC0	illustration	wikimedia	svg	bridge	"H-bridge BJT-int" by Д.Ильин is marked with CC0 1.0. To view the terms, visit https://creativecommons.org/publicdomain/zero/1.0/deed.en/.	curl -O "https://upload.wikimedia.org/wikipedia/commons/7/7f/H-bridge_BJT-int.svg"
02a93683-01e1-4ac6-96ba-6956114595e2	Dona Ana bridge location fr	Hallel translated by Kimdime	CC-BY 3.0	illustration	wikimedia	svg	bridge	"Dona Ana bridge location fr" by Hallel translated by Kimdime is licensed under CC BY 3.0. To view a copy of this license, visit https://creativecommons.org/licenses/by/3.0/.	curl -O "https://upload.wikimedia.org/wikipedia/commons/8/8f/Dona_Ana_bridge_location_fr.svg"
4e956d2b-8eb1-4e1f-83c1-2e723439fe1d	Bootstrap Half-Bridge	wdwd	CC-BY 3.0	illustration	wikimedia	svg	bridge	"Bootstrap Half-Bridge" by wdwd is licensed under CC BY 3.0. To view a copy of this license, visit https://creativecommons.org/licenses/by/3.0/.	curl -O "https://upload.wikimedia.org/wikipedia/commons/c/ce/Bootstrap_Half-Bridge.svg"
3f26aaf2-f5b9-452c-88cd-cf49d59f5df7	Disulfide Bridges (SCHEMATIC) V.2	Jü	CC0	illustration	wikimedia	svg	bridge	"Disulfide Bridges (SCHEMATIC) V.2" by Jü is marked with CC0 1.0. To view the terms, visit https://creativecommons.org/publicdomain/zero/1.0/deed.en/.	curl -O "https://upload.wikimedia.org/wikipedia/commons/f/fc/Disulfide_Bridges_%28SCHEMATIC%29_V.2.svg"
26cdfe10-76d8-4595-a135-219e8d04c73f	Half-bridge BJT-int	Д.Ильин	CC0	illustration	wikimedia	svg	bridge	"Half-bridge BJT-int" by Д.Ильин is marked with CC0 1.0. To view the terms, visit https://creativecommons.org/publicdomain/zero/1.0/deed.en/.	curl -O "https://upload.wikimedia.org/wikipedia/commons/1/16/Half-bridge_BJT-int.svg"
377542dc-6073-434f-8665-b735c5e52252	Logo of honshu-shikoku bridge authority	Amaterasu 1-1	CC0	illustration	wikimedia	svg	bridge	"Logo of honshu-shikoku bridge authority" by Amaterasu 1-1 is marked with CC0 1.0. To view the terms, visit https://creativecommons.org/publicdomain/zero/1.0/deed.en/.	curl -O "https://upload.wikimedia.org/wikipedia/commons/3/36/Logo_of_honshu-shikoku_bridge_authority.svg"
38d92242-40ee-4b5d-9184-86dc886b64a4	Wooden bridge png sticker, Glitch	?	CC0	illustration	rawpixel	png	bridge	"Wooden bridge png sticker, Glitch" is marked with CC0 1.0. To view the terms, visit https://creativecommons.org/publicdomain/zero/1.0/.	curl -O "https://images.rawpixel.com/image_png_1300/cHJpdmF0ZS9sci9pbWFnZXMvd2Vic2l0ZS8yMDIyLTA2L2pvYjEwMjEtZWxlbWVudC0yMy5wbmc.png"
e4fce96e-83f6-4ccb-8e68-3a16c2643e95	Medieval bridge png sticker, transparent	?	CC0	illustration	rawpixel	png	bridge	"Medieval bridge png sticker, transparent" is marked with CC0 1.0. To view the terms, visit https://creativecommons.org/publicdomain/zero/1.0/.	curl -O "https://images.rawpixel.com/image_png_1300/cHJpdmF0ZS9sci9pbWFnZXMvd2Vic2l0ZS8yMDIyLTA2L2pvYjk0Ny0wMzIucG5n.png"
2de3f92f-2f58-40d4-8e99-7b5d015a2f14	Tower Bridge clipart, illustration vector	?	CC0	illustration	rawpixel	eps	bridge	"Tower Bridge clipart, illustration vector" is marked with CC0 1.0. To view the terms, visit https://creativecommons.org/publicdomain/zero/1.0/.	curl -O "https://images.rawpixel.com/editor_1024/cHJpdmF0ZS9sci9pbWFnZXMvd2Vic2l0ZS8yMDIyLTA2L2pvYjk0OC0yNTItdi1sNDdxejZrdy5qcGc.jpg"
3615dc45-9d58-4960-ab95-fb007b745882	London bridge collage element vector	?	CC0	illustration	rawpixel	eps	bridge	"London bridge collage element vector" is marked with CC0 1.0. To view the terms, visit https://creativecommons.org/publicdomain/zero/1.0/.	curl -O "https://images.rawpixel.com/editor_1024/cHJpdmF0ZS9sci9pbWFnZXMvd2Vic2l0ZS8yMDIyLTA4L2pvYjk1My0yMjMtdl8xLmpwZw.jpg"
731458bc-7e38-4df8-a093-d106c6be7809	Wooden bridge clipart, Glitch game	?	CC0	illustration	rawpixel	eps	bridge	"Wooden bridge clipart, Glitch game" is marked with CC0 1.0. To view the terms, visit https://creativecommons.org/publicdomain/zero/1.0/.	curl -O "https://images.rawpixel.com/editor_1024/cHJpdmF0ZS9sci9pbWFnZXMvd2Vic2l0ZS8yMDIyLTA3L2pvYjEwMjEtZWxlbWVudC0yMy1sNTF0dWJ0aC5qcGc.jpg"
73aac7fd-ab47-40f3-ae25-76802b5b9481	Tower Bridge png sticker, transparent	?	CC0	illustration	rawpixel	png	bridge	"Tower Bridge png sticker, transparent" is marked with CC0 1.0. To view the terms, visit https://creativecommons.org/publicdomain/zero/1.0/.	curl -O "https://images.rawpixel.com/image_png_1300/cHJpdmF0ZS9sci9pbWFnZXMvd2Vic2l0ZS8yMDIyLTA2L2pvYjk0OC0yNTItcF8xLnBuZw.png"
f586296a-fe40-4283-a848-5cf3b9a98c7d	PNG Hump Bridge traffic sign	?	CC0	illustration	rawpixel	png	bridge	"PNG Hump Bridge traffic sign" is marked with CC0 1.0. To view the terms, visit https://creativecommons.org/publicdomain/zero/1.0/.	curl -O "https://images.rawpixel.com/image_png_1300/cHJpdmF0ZS9sci9pbWFnZXMvd2Vic2l0ZS8yMDIyLTEyL2pvYjk1OC0wNC1wXzEucG5n.png"
98aa3348-a9f4-46f8-ab22-6272cfcedef1	London bridge png illustration, transparent	?	CC0	illustration	rawpixel	png	bridge	"London bridge png illustration, transparent" is marked with CC0 1.0. To view the terms, visit https://creativecommons.org/publicdomain/zero/1.0/.	curl -O "https://images.rawpixel.com/image_png_1300/cHJpdmF0ZS9sci9pbWFnZXMvd2Vic2l0ZS8yMDIyLTA4L2pvYjk1My0yMjMtcC5wbmc.png"
b26d4b40-290f-44c5-bce1-78d4909b1ce3	Tower Bridge png sticker, transparent	?	CC0	illustration	rawpixel	png	bridge	"Tower Bridge png sticker, transparent" is marked with CC0 1.0. To view the terms, visit https://creativecommons.org/publicdomain/zero/1.0/.	curl -O "https://images.rawpixel.com/image_png_1300/cHJpdmF0ZS9sci9pbWFnZXMvd2Vic2l0ZS8yMDIyLTA2L2pvYjk0OC0yNTEtcF8xLnBuZw.png"
93365a94-f6dd-4a77-a6f8-22c89f1b2725	London Bridge Stamp illustration vector	?	CC0	illustration	rawpixel	eps	bridge	"London Bridge Stamp illustration vector" is marked with CC0 1.0. To view the terms, visit https://creativecommons.org/publicdomain/zero/1.0/.	curl -O "https://images.rawpixel.com/editor_1024/cHJpdmF0ZS9sci9pbWFnZXMvd2Vic2l0ZS8yMDIzLTAxL2pvYjk1OS1lbGVtZW50LWQtMDAzMC12XzEuanBn.jpg"
a93f5aeb-0dc8-4369-9d1d-461ad50f0bcd	Wheat Chessboard with line	Andy0101 (talk)	CC-BY 3.0	illustration	wikimedia	svg	wheat	"Wheat Chessboard with line" by Andy0101 (talk) is licensed under CC BY 3.0. To view a copy of this license, visit https://creativecommons.org/licenses/by/3.0/.	curl -O "https://upload.wikimedia.org/wikipedia/commons/e/e7/Wheat_Chessboard_with_line.svg"
ace87f43-e997-42a4-a312-fad6b5947ff1	Wheat-995055	Pixabay	CC0	illustration	wikimedia	svg	wheat	"Wheat-995055" by Pixabay is marked with CC0 1.0. To view the terms, visit https://creativecommons.org/publicdomain/zero/1.0/deed.en/.	curl -O "https://upload.wikimedia.org/wikipedia/commons/0/09/Wheat-995055.svg"
11a105b8-e90b-45f4-95c2-549bea4018f1	Wheat garb	LadyofHats	CC0	illustration	wikimedia	svg	wheat	"Wheat garb" by LadyofHats is marked with CC0 1.0. To view the terms, visit https://creativecommons.org/publicdomain/zero/1.0/deed.en/.	curl -O "https://upload.wikimedia.org/wikipedia/commons/8/88/Wheat_garb.svg"
fbfdc7e2-9225-443e-96fa-a2f7da4e53ab	Wheat prices in England, OWID	Our World In Data	CC-BY 3.0	illustration	wikimedia	svg	wheat	"Wheat prices in England, OWID" by Our World In Data is licensed under CC BY 3.0. To view a copy of this license, visit https://creativecommons.org/licenses/by/3.0/.	curl -O "https://upload.wikimedia.org/wikipedia/commons/3/32/Wheat_prices_in_England%2C_OWID.svg"
54bd2081-d11c-4d1d-86f6-0c35090c1987	Wheat production, World, 2024 (cropped)	Our World In Data	CC-BY 4.0	illustration	wikimedia	svg	wheat	"Wheat production, World, 2024 (cropped)" by Our World In Data is licensed under CC BY 4.0. To view a copy of this license, visit https://creativecommons.org/licenses/by/4.0/.	curl -O "https://upload.wikimedia.org/wikipedia/commons/5/53/Wheat_production%2C_World%2C_2024_%28cropped%29.svg"
a9fc9f78-8be7-4d14-8383-f33b7905d152	Long-term wheat yields in Europe, OWID	Our World In Data	CC-BY 3.0	illustration	wikimedia	svg	wheat	"Long-term wheat yields in Europe, OWID" by Our World In Data is licensed under CC BY 3.0. To view a copy of this license, visit https://creativecommons.org/licenses/by/3.0/.	curl -O "https://upload.wikimedia.org/wikipedia/commons/f/f0/Long-term_wheat_yields_in_Europe%2C_OWID.svg"
4cbafe93-4576-4d53-b4dd-3e7b964483bd	Wheat yields, OWID	Our World In Data	CC-BY 3.0	illustration	wikimedia	svg	wheat	"Wheat yields, OWID" by Our World In Data is licensed under CC BY 3.0. To view a copy of this license, visit https://creativecommons.org/licenses/by/3.0/.	curl -O "https://upload.wikimedia.org/wikipedia/commons/b/b1/Wheat_yields%2C_OWID.svg"
fd0485b1-230c-4b26-9b85-214a11a3b5de	Wheat production, OWID	Our World In Data	CC-BY 3.0	illustration	wikimedia	svg	wheat	"Wheat production, OWID" by Our World In Data is licensed under CC BY 3.0. To view a copy of this license, visit https://creativecommons.org/licenses/by/3.0/.	curl -O "https://upload.wikimedia.org/wikipedia/commons/5/52/Wheat_production%2C_OWID.svg"
5dbcef71-f7b6-46b5-9412-c9fd69c9c126	Wheat production, World, 2023 (cropped)	Our World In Data	CC-BY 4.0	illustration	wikimedia	svg	wheat	"Wheat production, World, 2023 (cropped)" by Our World In Data is licensed under CC BY 4.0. To view a copy of this license, visit https://creativecommons.org/licenses/by/4.0/.	curl -O "https://upload.wikimedia.org/wikipedia/commons/a/aa/Wheat_production%2C_World%2C_2023_%28cropped%29.svg"
94e8b425-c728-4a7a-b279-bb0475426048	Wheat png sticker, vintage plant	?	CC0	illustration	rawpixel	png	wheat	"Wheat png sticker, vintage plant" is marked with CC0 1.0. To view the terms, visit https://creativecommons.org/publicdomain/zero/1.0/.	curl -O "https://images.rawpixel.com/image_png_1300/cHJpdmF0ZS9sci9pbWFnZXMvd2Vic2l0ZS8yMDIyLTA1L2pvYjcxNS0wNTMtcC5wbmc.png"
846fbcfc-4fc0-49d7-baf4-e5fc4f0a9fb6	Wheat drawing, vintage plant illustration	?	CC0	illustration	rawpixel	eps	wheat	"Wheat drawing, vintage plant illustration" is marked with CC0 1.0. To view the terms, visit https://creativecommons.org/publicdomain/zero/1.0/.	curl -O "https://images.rawpixel.com/editor_1024/cHJpdmF0ZS9sci9pbWFnZXMvd2Vic2l0ZS8yMDIyLTA1L2pvYjcxNS0wNTMtdi5qcGc.jpg"
d27d1fd3-9583-46ff-9aec-dabc9862534b	Wheat clipart, food illustration vector	?	CC0	illustration	rawpixel	eps	wheat	"Wheat clipart, food illustration vector" is marked with CC0 1.0. To view the terms, visit https://creativecommons.org/publicdomain/zero/1.0/.	curl -O "https://images.rawpixel.com/editor_1024/czNmcy1wcml2YXRlL3Jhd3BpeGVsX2ltYWdlcy93ZWJzaXRlX2NvbnRlbnQvam9iNjgxLTAxMDctdi1sMWxnZWlmcy5qcGc.jpg"
4ae80fe3-4c63-45da-9a27-a6f62426baa1	Wheat png sticker, vintage plant	?	CC0	illustration	rawpixel	png	wheat	"Wheat png sticker, vintage plant" is marked with CC0 1.0. To view the terms, visit https://creativecommons.org/publicdomain/zero/1.0/.	curl -O "https://images.rawpixel.com/image_png_1300/cHJpdmF0ZS9sci9pbWFnZXMvd2Vic2l0ZS8yMDIyLTA1L2pvYjcxNS0wNTItcC5wbmc.png"
40ae13e0-8f32-4d47-8a94-99f5e82c0b5e	Wheat branch clipart, botanical illustration	?	CC0	illustration	rawpixel	eps	wheat	"Wheat branch clipart, botanical illustration" is marked with CC0 1.0. To view the terms, visit https://creativecommons.org/publicdomain/zero/1.0/.	curl -O "https://images.rawpixel.com/editor_1024/cHJpdmF0ZS9sci9pbWFnZXMvd2Vic2l0ZS8yMDIyLTA0L2pvYjcyMS0xMzYtdi5qcGc.jpg"
bd5f9115-09b7-45ff-af82-095a9956fd22	Wheat plant drawing, vintage agriculture	?	CC0	illustration	rawpixel	jpg	wheat	"Wheat plant drawing, vintage agriculture" is marked with CC0 1.0. To view the terms, visit https://creativecommons.org/publicdomain/zero/1.0/.	curl -O "https://images.rawpixel.com/editor_1024/cHJpdmF0ZS9sci9pbWFnZXMvd2Vic2l0ZS8yMDIyLTA0L2pvYjcxMS0wODMteC5qcGc.jpg"
d39bbc57-0797-4b54-8e2c-1077196f2e24	Wheat clipart, illustration	?	CC0	illustration	rawpixel	jpg	wheat	"Wheat clipart, illustration" is marked with CC0 1.0. To view the terms, visit https://creativecommons.org/publicdomain/zero/1.0/.	curl -O "https://images.rawpixel.com/editor_1024/cHJpdmF0ZS9sci9pbWFnZXMvd2Vic2l0ZS8yMDIyLTA3L2pvYjk1NC0wMTAteC5qcGc.jpg"
500d7ce4-634e-4d1f-bf3b-8775d9e592ed	Wheat clipart, vintage plant illustration	?	CC0	illustration	rawpixel	eps	wheat	"Wheat clipart, vintage plant illustration" is marked with CC0 1.0. To view the terms, visit https://creativecommons.org/publicdomain/zero/1.0/.	curl -O "https://images.rawpixel.com/editor_1024/cHJpdmF0ZS9sci9pbWFnZXMvd2Vic2l0ZS8yMDIyLTA1L2pvYjcxNS0wNTItdi5qcGc.jpg"
a8c9b430-c5d5-4f39-8fa3-3cff3d5a326e	Wheat vintage plant illustration	?	CC0	illustration	rawpixel	jpg	wheat	"Wheat vintage plant illustration" is marked with CC0 1.0. To view the terms, visit https://creativecommons.org/publicdomain/zero/1.0/.	curl -O "https://images.rawpixel.com/editor_1024/cHJpdmF0ZS9sci9pbWFnZXMvd2Vic2l0ZS8yMDIyLTA1L2pvYjcxNS0wNTIteC5qcGc.jpg"
fee31316-908f-4aa4-8e55-307369ee48eb	Wheat sheaf png illustration, transparent	?	CC0	illustration	rawpixel	png	wheat	"Wheat sheaf png illustration, transparent" is marked with CC0 1.0. To view the terms, visit https://creativecommons.org/publicdomain/zero/1.0/.	curl -O "https://images.rawpixel.com/image_png_1300/cHJpdmF0ZS9sci9pbWFnZXMvd2Vic2l0ZS8yMDIyLTA3L2pvYjk1NS0xNzAucG5n.png"
619c97f7-8dee-4018-8f6b-e32931f51fa0	Wheat branch clipart, botanical illustration	?	CC0	illustration	rawpixel	jpg	wheat	"Wheat branch clipart, botanical illustration" is marked with CC0 1.0. To view the terms, visit https://creativecommons.org/publicdomain/zero/1.0/.	curl -O "https://images.rawpixel.com/editor_1024/cHJpdmF0ZS9sci9pbWFnZXMvd2Vic2l0ZS8yMDIyLTA0L2pvYjcyMS0xMzYteC5qcGc.jpg"
c15708a9-3af4-4112-b830-af41284c699c	Wheat vintage plant illustration	?	CC0	illustration	rawpixel	jpg	wheat	"Wheat vintage plant illustration" is marked with CC0 1.0. To view the terms, visit https://creativecommons.org/publicdomain/zero/1.0/.	curl -O "https://images.rawpixel.com/editor_1024/cHJpdmF0ZS9sci9pbWFnZXMvd2Vic2l0ZS8yMDIyLTA1L2pvYjcxNS0wNTMteC5qcGc.jpg"
43125070-f958-4995-9f13-e62d24bbb31b	Wheat sheaf clipart, illustration vector	?	CC0	illustration	rawpixel	eps	wheat	"Wheat sheaf clipart, illustration vector" is marked with CC0 1.0. To view the terms, visit https://creativecommons.org/publicdomain/zero/1.0/.	curl -O "https://images.rawpixel.com/editor_1024/cHJpdmF0ZS9sci9pbWFnZXMvd2Vic2l0ZS8yMDIyLTA3L2pvYjk1NS0xNzAuanBn.jpg"
2ccaedf9-2e62-439a-ba13-94ad0b38eddd	Wheat clipart, illustration vector	?	CC0	illustration	rawpixel	eps	wheat	"Wheat clipart, illustration vector" is marked with CC0 1.0. To view the terms, visit https://creativecommons.org/publicdomain/zero/1.0/.	curl -O "https://images.rawpixel.com/editor_1024/cHJpdmF0ZS9sci9pbWFnZXMvd2Vic2l0ZS8yMDIyLTA3L2pvYjk1NS0xNTEuanBn.jpg"
3dd3afeb-e092-4b74-9f80-ce440701b309	Wheat png illustration, transparent background	?	CC0	illustration	rawpixel	png	wheat	"Wheat png illustration, transparent background" is marked with CC0 1.0. To view the terms, visit https://creativecommons.org/publicdomain/zero/1.0/.	curl -O "https://images.rawpixel.com/image_png_1300/cHJpdmF0ZS9sci9pbWFnZXMvd2Vic2l0ZS8yMDIyLTA3L2pvYjk1NS0xNTEtcC5wbmc.png"
9b726d69-463c-4af4-8b14-4748e837c035	Wheat production, Africa, 1964	Our World In Data	CC-BY 4.0	illustration	wikimedia	svg	wheat	"Wheat production, Africa, 1964" by Our World In Data is licensed under CC BY 4.0. To view a copy of this license, visit https://creativecommons.org/licenses/by/4.0/.	curl -O "https://upload.wikimedia.org/wikipedia/commons/c/c9/Wheat_production%2C_Africa%2C_1964.svg"
245bb7cb-906e-4d40-8c5f-39544f93e874	Wheat yields, Africa, 2008	Our World In Data	CC-BY 4.0	illustration	wikimedia	svg	wheat	"Wheat yields, Africa, 2008" by Our World In Data is licensed under CC BY 4.0. To view a copy of this license, visit https://creativecommons.org/licenses/by/4.0/.	curl -O "https://upload.wikimedia.org/wikipedia/commons/5/5b/Wheat_yields%2C_Africa%2C_2008.svg"
8632beab-7d3d-494e-8c0f-c4d542b2a265	Wheat yields, CHL	Our World In Data	CC-BY 4.0	illustration	wikimedia	svg	wheat	"Wheat yields, CHL" by Our World In Data is licensed under CC BY 4.0. To view a copy of this license, visit https://creativecommons.org/licenses/by/4.0/.	curl -O "https://upload.wikimedia.org/wikipedia/commons/a/a8/Wheat_yields%2C_CHL.svg"
6abc0b6b-2886-4279-8559-ad67bcbcc5a0	Wheat production, North America, 2001	Our World In Data	CC-BY 4.0	illustration	wikimedia	svg	wheat	"Wheat production, North America, 2001" by Our World In Data is licensed under CC BY 4.0. To view a copy of this license, visit https://creativecommons.org/licenses/by/4.0/.	curl -O "https://upload.wikimedia.org/wikipedia/commons/8/8f/Wheat_production%2C_North_America%2C_2001.svg"
5e9fd986-fdf3-418b-8a9d-10813f55043b	Wheat yields, North America, 1355	Our World In Data	CC-BY 4.0	illustration	wikimedia	svg	wheat	"Wheat yields, North America, 1355" by Our World In Data is licensed under CC BY 4.0. To view a copy of this license, visit https://creativecommons.org/licenses/by/4.0/.	curl -O "https://upload.wikimedia.org/wikipedia/commons/6/67/Wheat_yields%2C_North_America%2C_1355.svg"
345a61f9-ad49-48c2-9cd3-d846b664ef09	Wheat yields, North America, 1950	Our World In Data	CC-BY 4.0	illustration	wikimedia	svg	wheat	"Wheat yields, North America, 1950" by Our World In Data is licensed under CC BY 4.0. To view a copy of this license, visit https://creativecommons.org/licenses/by/4.0/.	curl -O "https://upload.wikimedia.org/wikipedia/commons/6/60/Wheat_yields%2C_North_America%2C_1950.svg"
796e9559-c4ff-4f74-9e11-42e6cb4945f4	Wheat yields, Oceania, 2011	Our World In Data	CC-BY 4.0	illustration	wikimedia	svg	wheat	"Wheat yields, Oceania, 2011" by Our World In Data is licensed under CC BY 4.0. To view a copy of this license, visit https://creativecommons.org/licenses/by/4.0/.	curl -O "https://upload.wikimedia.org/wikipedia/commons/5/5b/Wheat_yields%2C_Oceania%2C_2011.svg"
f9491c0e-4b1e-4e31-96f1-d4843ab6ade5	Wheat production, BIH	Our World In Data	CC-BY 4.0	illustration	wikimedia	svg	wheat	"Wheat production, BIH" by Our World In Data is licensed under CC BY 4.0. To view a copy of this license, visit https://creativecommons.org/licenses/by/4.0/.	curl -O "https://upload.wikimedia.org/wikipedia/commons/4/4b/Wheat_production%2C_BIH.svg"
c94a0e5d-ba2a-48ea-a6a1-a796eee3a6c7	Wheat production, North America, 2003	Our World In Data	CC-BY 4.0	illustration	wikimedia	svg	wheat	"Wheat production, North America, 2003" by Our World In Data is licensed under CC BY 4.0. To view a copy of this license, visit https://creativecommons.org/licenses/by/4.0/.	curl -O "https://upload.wikimedia.org/wikipedia/commons/4/40/Wheat_production%2C_North_America%2C_2003.svg"
741f607b-e1ab-40b2-b272-4bcf233da5d0	Wheat production, PAK	Our World In Data	CC-BY 4.0	illustration	wikimedia	svg	wheat	"Wheat production, PAK" by Our World In Data is licensed under CC BY 4.0. To view a copy of this license, visit https://creativecommons.org/licenses/by/4.0/.	curl -O "https://upload.wikimedia.org/wikipedia/commons/4/48/Wheat_production%2C_PAK.svg"
313b727d-f309-42a3-a243-b0d2ed4e8c9e	Wheat yields, Oceania, 1944	Our World In Data	CC-BY 4.0	illustration	wikimedia	svg	wheat	"Wheat yields, Oceania, 1944" by Our World In Data is licensed under CC BY 4.0. To view a copy of this license, visit https://creativecommons.org/licenses/by/4.0/.	curl -O "https://upload.wikimedia.org/wikipedia/commons/8/88/Wheat_yields%2C_Oceania%2C_1944.svg"
cc17cd97-4ef0-4321-b735-c582a4780c84	Wheat production, North America, 2020	Our World In Data	CC-BY 4.0	illustration	wikimedia	svg	wheat	"Wheat production, North America, 2020" by Our World In Data is licensed under CC BY 4.0. To view a copy of this license, visit https://creativecommons.org/licenses/by/4.0/.	curl -O "https://upload.wikimedia.org/wikipedia/commons/4/4b/Wheat_production%2C_North_America%2C_2020.svg"
e54e4545-6c43-422f-9796-50d7268c5164	Wheat production, Europe, 2022	Our World In Data	CC-BY 4.0	illustration	wikimedia	svg	wheat	"Wheat production, Europe, 2022" by Our World In Data is licensed under CC BY 4.0. To view a copy of this license, visit https://creativecommons.org/licenses/by/4.0/.	curl -O "https://upload.wikimedia.org/wikipedia/commons/1/1f/Wheat_production%2C_Europe%2C_2022.svg"
30109811-032e-4c2a-86c3-bfa62409f6af	Wheat production, OWID WRL	Our World In Data	CC-BY 4.0	illustration	wikimedia	svg	wheat	"Wheat production, OWID WRL" by Our World In Data is licensed under CC BY 4.0. To view a copy of this license, visit https://creativecommons.org/licenses/by/4.0/.	curl -O "https://upload.wikimedia.org/wikipedia/commons/d/d7/Wheat_production%2C_OWID_WRL.svg"
e368fda7-1ff1-4e64-86ff-d2fdf0003a03	Wheat yields, Africa, 2018	Our World In Data	CC-BY 4.0	illustration	wikimedia	svg	wheat	"Wheat yields, Africa, 2018" by Our World In Data is licensed under CC BY 4.0. To view a copy of this license, visit https://creativecommons.org/licenses/by/4.0/.	curl -O "https://upload.wikimedia.org/wikipedia/commons/4/42/Wheat_yields%2C_Africa%2C_2018.svg"
a5960c15-baf2-4e31-8ffa-6fae44515d40	Wheat yields, Oceania, 1993	Our World In Data	CC-BY 4.0	illustration	wikimedia	svg	wheat	"Wheat yields, Oceania, 1993" by Our World In Data is licensed under CC BY 4.0. To view a copy of this license, visit https://creativecommons.org/licenses/by/4.0/.	curl -O "https://upload.wikimedia.org/wikipedia/commons/b/b6/Wheat_yields%2C_Oceania%2C_1993.svg"
7980fe60-e2ee-4bb0-b277-889467372273	Wheat production, 1992 to 2023, BLR	Our World In Data	CC-BY 4.0	illustration	wikimedia	svg	wheat	"Wheat production, 1992 to 2023, BLR" by Our World In Data is licensed under CC BY 4.0. To view a copy of this license, visit https://creativecommons.org/licenses/by/4.0/.	curl -O "https://upload.wikimedia.org/wikipedia/commons/0/00/Wheat_production%2C_1992_to_2023%2C_BLR.svg"
f49983eb-aa35-424d-8ea6-204feb44d019	Wheat production, South America, 2022	Our World In Data	CC-BY 4.0	illustration	wikimedia	svg	wheat	"Wheat production, South America, 2022" by Our World In Data is licensed under CC BY 4.0. To view a copy of this license, visit https://creativecommons.org/licenses/by/4.0/.	curl -O "https://upload.wikimedia.org/wikipedia/commons/8/82/Wheat_production%2C_South_America%2C_2022.svg"
cc45fca0-a2ad-4b76-a6e2-45cb05095f97	Wheat production, Asia, 1970	Our World In Data	CC-BY 4.0	illustration	wikimedia	svg	wheat	"Wheat production, Asia, 1970" by Our World In Data is licensed under CC BY 4.0. To view a copy of this license, visit https://creativecommons.org/licenses/by/4.0/.	curl -O "https://upload.wikimedia.org/wikipedia/commons/9/9b/Wheat_production%2C_Asia%2C_1970.svg"
08fb3176-fba0-4e5b-9cc2-81ad38b90870	Wheat production, Africa, 2022	Our World In Data	CC-BY 4.0	illustration	wikimedia	svg	wheat	"Wheat production, Africa, 2022" by Our World In Data is licensed under CC BY 4.0. To view a copy of this license, visit https://creativecommons.org/licenses/by/4.0/.	curl -O "https://upload.wikimedia.org/wikipedia/commons/2/22/Wheat_production%2C_Africa%2C_2022.svg"
e61d1391-f03d-4909-b692-38fca0ec610e	Wheat yields, ROU	Our World In Data	CC-BY 4.0	illustration	wikimedia	svg	wheat	"Wheat yields, ROU" by Our World In Data is licensed under CC BY 4.0. To view a copy of this license, visit https://creativecommons.org/licenses/by/4.0/.	curl -O "https://upload.wikimedia.org/wikipedia/commons/e/e0/Wheat_yields%2C_ROU.svg"
5934a7e3-78b3-49b2-a0fb-e677556ae1f4	Wheat production, ERI	Our World In Data	CC-BY 4.0	illustration	wikimedia	svg	wheat	"Wheat production, ERI" by Our World In Data is licensed under CC BY 4.0. To view a copy of this license, visit https://creativecommons.org/licenses/by/4.0/.	curl -O "https://upload.wikimedia.org/wikipedia/commons/4/4d/Wheat_production%2C_ERI.svg"
156e8a95-8e5b-4c76-a9a5-9ac72592ff46	Wheat production, Asia, 1976	Our World In Data	CC-BY 4.0	illustration	wikimedia	svg	wheat	"Wheat production, Asia, 1976" by Our World In Data is licensed under CC BY 4.0. To view a copy of this license, visit https://creativecommons.org/licenses/by/4.0/.	curl -O "https://upload.wikimedia.org/wikipedia/commons/c/ca/Wheat_production%2C_Asia%2C_1976.svg"
4beae199-6e35-4708-bbec-df8ab30aa169	Wheat yields, Oceania, 1912	Our World In Data	CC-BY 4.0	illustration	wikimedia	svg	wheat	"Wheat yields, Oceania, 1912" by Our World In Data is licensed under CC BY 4.0. To view a copy of this license, visit https://creativecommons.org/licenses/by/4.0/.	curl -O "https://upload.wikimedia.org/wikipedia/commons/f/f3/Wheat_yields%2C_Oceania%2C_1912.svg"
614a7d53-4512-4c57-8806-d27c68ec2ab0	Wheat yields, Africa, 1995	Our World In Data	CC-BY 4.0	illustration	wikimedia	svg	wheat	"Wheat yields, Africa, 1995" by Our World In Data is licensed under CC BY 4.0. To view a copy of this license, visit https://creativecommons.org/licenses/by/4.0/.	curl -O "https://upload.wikimedia.org/wikipedia/commons/e/e1/Wheat_yields%2C_Africa%2C_1995.svg"
a01fbef1-8163-4961-8bd6-9b8e5d169e22	Wheat yields, World, 1932	Our World In Data	CC-BY 4.0	illustration	wikimedia	svg	wheat	"Wheat yields, World, 1932" by Our World In Data is licensed under CC BY 4.0. To view a copy of this license, visit https://creativecommons.org/licenses/by/4.0/.	curl -O "https://upload.wikimedia.org/wikipedia/commons/3/31/Wheat_yields%2C_World%2C_1932.svg"
b4c9260b-0e0b-4fac-959c-88bc28df8f56	Wheat yields, Africa, 1991	Our World In Data	CC-BY 4.0	illustration	wikimedia	svg	wheat	"Wheat yields, Africa, 1991" by Our World In Data is licensed under CC BY 4.0. To view a copy of this license, visit https://creativecommons.org/licenses/by/4.0/.	curl -O "https://upload.wikimedia.org/wikipedia/commons/3/36/Wheat_yields%2C_Africa%2C_1991.svg"
386540a1-75f1-4b50-9850-03ca4279babf	Wheat production, North America, 2023	Our World In Data	CC-BY 4.0	illustration	wikimedia	svg	wheat	"Wheat production, North America, 2023" by Our World In Data is licensed under CC BY 4.0. To view a copy of this license, visit https://creativecommons.org/licenses/by/4.0/.	curl -O "https://upload.wikimedia.org/wikipedia/commons/2/25/Wheat_production%2C_North_America%2C_2023.svg"
b077d84c-a87c-4e88-a405-48582afcc75c	Wheat yields, North America, 1911	Our World In Data	CC-BY 4.0	illustration	wikimedia	svg	wheat	"Wheat yields, North America, 1911" by Our World In Data is licensed under CC BY 4.0. To view a copy of this license, visit https://creativecommons.org/licenses/by/4.0/.	curl -O "https://upload.wikimedia.org/wikipedia/commons/6/60/Wheat_yields%2C_North_America%2C_1911.svg"
56cb25b1-fe41-4b58-a014-63c28bd042b4	Wheat yields, Asia, 2008	Our World In Data	CC-BY 4.0	illustration	wikimedia	svg	wheat	"Wheat yields, Asia, 2008" by Our World In Data is licensed under CC BY 4.0. To view a copy of this license, visit https://creativecommons.org/licenses/by/4.0/.	curl -O "https://upload.wikimedia.org/wikipedia/commons/6/6d/Wheat_yields%2C_Asia%2C_2008.svg"
109f7bd6-1b8c-4146-b89b-c361be1147c6	Wheat yields, Asia, 1970	Our World In Data	CC-BY 4.0	illustration	wikimedia	svg	wheat	"Wheat yields, Asia, 1970" by Our World In Data is licensed under CC BY 4.0. To view a copy of this license, visit https://creativecommons.org/licenses/by/4.0/.	curl -O "https://upload.wikimedia.org/wikipedia/commons/9/9b/Wheat_yields%2C_Asia%2C_1970.svg"
0954842c-db96-4b55-80da-8428b70fe11e	Wheat production, UKR	Our World In Data	CC-BY 4.0	illustration	wikimedia	svg	wheat	"Wheat production, UKR" by Our World In Data is licensed under CC BY 4.0. To view a copy of this license, visit https://creativecommons.org/licenses/by/4.0/.	curl -O "https://upload.wikimedia.org/wikipedia/commons/0/0f/Wheat_production%2C_UKR.svg"
0466edd4-347d-40cc-89fe-5affa9bbabb8	Wheat production, Africa, 1977	Our World In Data	CC-BY 4.0	illustration	wikimedia	svg	wheat	"Wheat production, Africa, 1977" by Our World In Data is licensed under CC BY 4.0. To view a copy of this license, visit https://creativecommons.org/licenses/by/4.0/.	curl -O "https://upload.wikimedia.org/wikipedia/commons/b/b8/Wheat_production%2C_Africa%2C_1977.svg"
f860e973-dca1-459b-a411-3023e14c8513	Wheat yields, South America, 2022	Our World In Data	CC-BY 4.0	illustration	wikimedia	svg	wheat	"Wheat yields, South America, 2022" by Our World In Data is licensed under CC BY 4.0. To view a copy of this license, visit https://creativecommons.org/licenses/by/4.0/.	curl -O "https://upload.wikimedia.org/wikipedia/commons/0/0c/Wheat_yields%2C_South_America%2C_2022.svg"
3b0ea636-c2db-43b3-917a-4e20780d4c5e	Wheat yields, South America, 2019	Our World In Data	CC-BY 4.0	illustration	wikimedia	svg	wheat	"Wheat yields, South America, 2019" by Our World In Data is licensed under CC BY 4.0. To view a copy of this license, visit https://creativecommons.org/licenses/by/4.0/.	curl -O "https://upload.wikimedia.org/wikipedia/commons/9/98/Wheat_yields%2C_South_America%2C_2019.svg"
fa2079fc-57a4-4816-b907-c5db966c2e91	Wheat yields, World, 1850	Our World In Data	CC-BY 4.0	illustration	wikimedia	svg	wheat	"Wheat yields, World, 1850" by Our World In Data is licensed under CC BY 4.0. To view a copy of this license, visit https://creativecommons.org/licenses/by/4.0/.	curl -O "https://upload.wikimedia.org/wikipedia/commons/2/2f/Wheat_yields%2C_World%2C_1850.svg"
299f6b11-9e74-4c57-b7fb-6fdcca386f8c	Distorton barrel and pincushion	Д.Ильин: vectorization	CC0	illustration	wikimedia	svg	barrel	"Distorton barrel and pincushion" by Д.Ильин: vectorization is marked with CC0 1.0. To view the terms, visit https://creativecommons.org/publicdomain/zero/1.0/deed.en/.	curl -O "https://upload.wikimedia.org/wikipedia/commons/7/76/Distorton_barrel_and_pincushion.svg"
8c6607b0-d7b6-4118-bc13-308ca1064f42	Polygonal grooved barrel (v)	Tankist-777	CC0	illustration	wikimedia	svg	barrel	"Polygonal grooved barrel (v)" by Tankist-777 is marked with CC0 1.0. To view the terms, visit https://creativecommons.org/publicdomain/zero/1.0/deed.en.	curl -O "https://upload.wikimedia.org/wikipedia/commons/2/2c/Polygonal_grooved_barrel_%28v%29.svg"
09b76ccd-2120-4027-bcaf-c534242e40ff	Barrel png sticker, vintage object	?	CC0	illustration	rawpixel	png	barrel	"Barrel png sticker, vintage object" is marked with CC0 1.0. To view the terms, visit https://creativecommons.org/publicdomain/zero/1.0/.	curl -O "https://images.rawpixel.com/image_png_1300/cHJpdmF0ZS9sci9pbWFnZXMvd2Vic2l0ZS8yMDIyLTA0L2pvYjY3Ni0xNjktcC5wbmc.png"
6993f574-c361-4619-9630-afdec3437ba4	Wine barrel clipart, object illustration	?	CC0	illustration	rawpixel	eps	barrel	"Wine barrel clipart, object illustration" is marked with CC0 1.0. To view the terms, visit https://creativecommons.org/publicdomain/zero/1.0/.	curl -O "https://images.rawpixel.com/editor_1024/cHJpdmF0ZS9sci9pbWFnZXMvd2Vic2l0ZS8yMDIyLTA0L2pvYjY4Ni0yMDItdi5qcGc.jpg"
6720d55d-a498-4596-a781-53407f9e1545	Barrel clipart, vintage object illustration	?	CC0	illustration	rawpixel	jpg	barrel	"Barrel clipart, vintage object illustration" is marked with CC0 1.0. To view the terms, visit https://creativecommons.org/publicdomain/zero/1.0/.	curl -O "https://images.rawpixel.com/editor_1024/czNmcy1wcml2YXRlL3Jhd3BpeGVsX2ltYWdlcy93ZWJzaXRlX2NvbnRlbnQvbHIvam9iNjczLTAyNy14LmpwZw.jpg"
1cc05e92-118d-46c4-9621-a4c9a7bfbf54	Barrel clipart, vintage object illustration	?	CC0	illustration	rawpixel	jpg	barrel	"Barrel clipart, vintage object illustration" is marked with CC0 1.0. To view the terms, visit https://creativecommons.org/publicdomain/zero/1.0/.	curl -O "https://images.rawpixel.com/editor_1024/cHJpdmF0ZS9sci9pbWFnZXMvd2Vic2l0ZS8yMDIyLTA0L2pvYjY3Ni0wMDgteC5qcGc.jpg"
58914e24-b03d-4fbd-824a-2b6763a6a762	Wooden barrel clipart, illustration vector	?	CC0	illustration	rawpixel	eps	barrel	"Wooden barrel clipart, illustration vector" is marked with CC0 1.0. To view the terms, visit https://creativecommons.org/publicdomain/zero/1.0/.	curl -O "https://images.rawpixel.com/editor_1024/cHJpdmF0ZS9sci9pbWFnZXMvd2Vic2l0ZS8yMDIyLTA2L2pvYjk0Ny0wMTItdi5qcGc.jpg"
2ce46f4e-ec8b-46d1-950f-9f0d69daefbd	Barrel clipart, vintage object illustration	?	CC0	illustration	rawpixel	eps	barrel	"Barrel clipart, vintage object illustration" is marked with CC0 1.0. To view the terms, visit https://creativecommons.org/publicdomain/zero/1.0/.	curl -O "https://images.rawpixel.com/editor_1024/cHJpdmF0ZS9sci9pbWFnZXMvd2Vic2l0ZS8yMDIyLTA0L2pvYjY3Ni0wOTctdi5qcGc.jpg"
d1889a40-8253-40fd-9dad-e5f4164f83dc	Barrel drawing, vintage object illustration	?	CC0	illustration	rawpixel	jpg	barrel	"Barrel drawing, vintage object illustration" is marked with CC0 1.0. To view the terms, visit https://creativecommons.org/publicdomain/zero/1.0/.	curl -O "https://images.rawpixel.com/editor_1024/czNmcy1wcml2YXRlL3Jhd3BpeGVsX2ltYWdlcy93ZWJzaXRlX2NvbnRlbnQvbHIvam9iNjczLTA0OC14LmpwZw.jpg"
893a85ed-528b-4101-bb53-230ed9880611	Barrel clipart, vintage object illustration	?	CC0	illustration	rawpixel	eps	barrel	"Barrel clipart, vintage object illustration" is marked with CC0 1.0. To view the terms, visit https://creativecommons.org/publicdomain/zero/1.0/.	curl -O "https://images.rawpixel.com/editor_1024/cHJpdmF0ZS9sci9pbWFnZXMvd2Vic2l0ZS8yMDIyLTA0L2pvYjY3Ni0xNjktdi5qcGc.jpg"
205a1866-66d0-4f01-bbe4-96c1b48598bc	Wooden barrel png sticker, object	?	CC0	illustration	rawpixel	png	barrel	"Wooden barrel png sticker, object" is marked with CC0 1.0. To view the terms, visit https://creativecommons.org/publicdomain/zero/1.0/.	curl -O "https://images.rawpixel.com/image_png_1300/cHJpdmF0ZS9sci9pbWFnZXMvd2Vic2l0ZS8yMDIyLTA0L2pvYjcyMS0xODMtcC5wbmc.png"
2668cae3-392c-47c8-8e0c-117db9731e8c	Barrel drawing, object vintage illustration	?	CC0	illustration	rawpixel	jpg	barrel	"Barrel drawing, object vintage illustration" is marked with CC0 1.0. To view the terms, visit https://creativecommons.org/publicdomain/zero/1.0/.	curl -O "https://images.rawpixel.com/editor_1024/cHJpdmF0ZS9sci9pbWFnZXMvd2Vic2l0ZS8yMDIyLTA0L2pvYjY3Ni0xNjkteC5qcGc.jpg"
a1e74eda-0869-4259-877c-5ba114c060c0	Beer barrel png illustration, transparent	?	CC0	illustration	rawpixel	png	barrel	"Beer barrel png illustration, transparent" is marked with CC0 1.0. To view the terms, visit https://creativecommons.org/publicdomain/zero/1.0/.	curl -O "https://images.rawpixel.com/image_png_1300/cHJpdmF0ZS9sci9pbWFnZXMvd2Vic2l0ZS8yMDIzLTAzL2pvYjk3MS1lbGVtZW50LTA0Ny5wbmc.png"
b097ec33-d567-4481-9b3a-718bf0328fba	Wooden barrel clipart, illustration	?	CC0	illustration	rawpixel	jpg	barrel	"Wooden barrel clipart, illustration" is marked with CC0 1.0. To view the terms, visit https://creativecommons.org/publicdomain/zero/1.0/.	curl -O "https://images.rawpixel.com/editor_1024/cHJpdmF0ZS9sci9pbWFnZXMvd2Vic2l0ZS8yMDIyLTA2L2pvYjk0Ny0wMTIteC5qcGc.jpg"
a31c659a-953f-448b-931b-cdae7dcdcc0e	Barrel cart collage element, vintage	?	CC0	illustration	rawpixel	eps	barrel	"Barrel cart collage element, vintage" is marked with CC0 1.0. To view the terms, visit https://creativecommons.org/publicdomain/zero/1.0/.	curl -O "https://images.rawpixel.com/editor_1024/cHJpdmF0ZS9sci9pbWFnZXMvd2Vic2l0ZS8yMDIyLTA0L2pvYjcxMi0xODktdi5qcGc.jpg"
e8ddd585-be9b-413d-a75b-b29ca8018d04	Barrel clipart, vintage object illustration	?	CC0	illustration	rawpixel	eps	barrel	"Barrel clipart, vintage object illustration" is marked with CC0 1.0. To view the terms, visit https://creativecommons.org/publicdomain/zero/1.0/.	curl -O "https://images.rawpixel.com/editor_1024/cHJpdmF0ZS9sci9pbWFnZXMvd2Vic2l0ZS8yMDIyLTA0L2pvYjY3Ni0wMDgtdi5qcGc.jpg"
6d33c7b0-00ab-4a75-9e9d-c65b18473a94	Barrel png illustration, transparent background	?	CC0	illustration	rawpixel	png	barrel	"Barrel png illustration, transparent background" is marked with CC0 1.0. To view the terms, visit https://creativecommons.org/publicdomain/zero/1.0/.	curl -O "https://images.rawpixel.com/image_png_1300/cHJpdmF0ZS9sci9pbWFnZXMvd2Vic2l0ZS8yMDIyLTA4L2pvYjk1Mi0xNzQtcC5wbmc.png"
834af973-41ec-472b-9a6e-ba0c13d0bd03	Barrel drawing, object vintage illustration	?	CC0	illustration	rawpixel	jpg	barrel	"Barrel drawing, object vintage illustration" is marked with CC0 1.0. To view the terms, visit https://creativecommons.org/publicdomain/zero/1.0/.	curl -O "https://images.rawpixel.com/editor_1024/cHJpdmF0ZS9sci9pbWFnZXMvd2Vic2l0ZS8yMDIyLTA0L2pvYjY3Ni0wOTcteC5qcGc.jpg"
0aecb499-8e5f-4f06-a558-2d134d2c38b7	Barrel png sticker illustration, transparent	?	CC0	illustration	rawpixel	png	barrel	"Barrel png sticker illustration, transparent" is marked with CC0 1.0. To view the terms, visit https://creativecommons.org/publicdomain/zero/1.0/.	curl -O "https://images.rawpixel.com/image_png_1300/cHJpdmF0ZS9sci9pbWFnZXMvd2Vic2l0ZS8yMDIyLTA1L2pvYjcxOS0wMzQtcC5wbmc.png"
75b81552-910d-4de6-abae-b6bd4f6126bc	Wooden barrel drawing, vintage object	?	CC0	illustration	rawpixel	eps	barrel	"Wooden barrel drawing, vintage object" is marked with CC0 1.0. To view the terms, visit https://creativecommons.org/publicdomain/zero/1.0/.	curl -O "https://images.rawpixel.com/editor_1024/cHJpdmF0ZS9sci9pbWFnZXMvd2Vic2l0ZS8yMDIyLTA1L2pvYjcxNS0wMjUtdi5qcGc.jpg"
2881f559-37f8-48b3-a7a7-ff9329492ccb	Wooden barrel clipart, object illustration	?	CC0	illustration	rawpixel	jpg	barrel	"Wooden barrel clipart, object illustration" is marked with CC0 1.0. To view the terms, visit https://creativecommons.org/publicdomain/zero/1.0/.	curl -O "https://images.rawpixel.com/editor_1024/cHJpdmF0ZS9sci9pbWFnZXMvd2Vic2l0ZS8yMDIyLTA0L2pvYjcyMS0xODMteC5qcGc.jpg"
cb29e475-41b4-4d70-a8e5-377fc7dd1289	Barrel, vintage drawing illustration	?	CC0	illustration	rawpixel	jpg	barrel	"Barrel, vintage drawing illustration" is marked with CC0 1.0. To view the terms, visit https://creativecommons.org/publicdomain/zero/1.0/.	curl -O "https://images.rawpixel.com/editor_1024/cHJpdmF0ZS9sci9pbWFnZXMvd2Vic2l0ZS8yMDIyLTA1L2pvYjcxOS0wMzQteC5qcGc.jpg"
274e09e8-d451-4d2f-add0-ec2f2fd59542	Beer barrel clipart vector	?	CC0	illustration	rawpixel	eps	barrel	"Beer barrel clipart vector" is marked with CC0 1.0. To view the terms, visit https://creativecommons.org/publicdomain/zero/1.0/.	curl -O "https://images.rawpixel.com/editor_1024/cHJpdmF0ZS9sci9pbWFnZXMvd2Vic2l0ZS8yMDIzLTAzL2pvYjk3MS1lbGVtZW50LTA0Ny1sZjNobXYzdS5qcGc.jpg"
a9342234-53fb-4775-8e16-5091e4ecc3ef	Barrel fish clipart, illustration vector	?	CC0	illustration	rawpixel	eps	barrel	"Barrel fish clipart, illustration vector" is marked with CC0 1.0. To view the terms, visit https://creativecommons.org/publicdomain/zero/1.0/.	curl -O "https://images.rawpixel.com/editor_1024/cHJpdmF0ZS9sci9pbWFnZXMvd2Vic2l0ZS8yMDIyLTA4L2pvYjk1Mi0wNTMtbDZuNDg0cGUuanBn.jpg"
048e90c0-70b4-46b7-8e26-78422f9cd5dd	Barrel fish png illustration, transparent	?	CC0	illustration	rawpixel	png	barrel	"Barrel fish png illustration, transparent" is marked with CC0 1.0. To view the terms, visit https://creativecommons.org/publicdomain/zero/1.0/.	curl -O "https://images.rawpixel.com/image_png_1300/cHJpdmF0ZS9sci9pbWFnZXMvd2Vic2l0ZS8yMDIyLTA4L2pvYjk1Mi0wNTMucG5n.png"
086574a1-5e51-403f-8d39-07059811e1cb	Wooden barrel clipart, object illustration	?	CC0	illustration	rawpixel	eps	barrel	"Wooden barrel clipart, object illustration" is marked with CC0 1.0. To view the terms, visit https://creativecommons.org/publicdomain/zero/1.0/.	curl -O "https://images.rawpixel.com/editor_1024/cHJpdmF0ZS9sci9pbWFnZXMvd2Vic2l0ZS8yMDIyLTA0L2pvYjcyMS0xODMtdi5qcGc.jpg"
16f234b7-2a83-4ba0-92c2-c4f9b28aabef	Barrel and Bags collage element	?	CC0	illustration	rawpixel	eps	barrel	"Barrel and Bags collage element" is marked with CC0 1.0. To view the terms, visit https://creativecommons.org/publicdomain/zero/1.0/.	curl -O "https://images.rawpixel.com/editor_1024/cHJpdmF0ZS9sci9pbWFnZXMvd2Vic2l0ZS8yMDIyLTA1L2pvYjcxOS0wMzMtdi5qcGc.jpg"
4486084a-720c-4d68-884b-3d80b9d86be9	Barrel clipart illustration vector	?	CC0	illustration	rawpixel	eps	barrel	"Barrel clipart illustration vector" is marked with CC0 1.0. To view the terms, visit https://creativecommons.org/publicdomain/zero/1.0/.	curl -O "https://images.rawpixel.com/editor_1024/cHJpdmF0ZS9sci9pbWFnZXMvd2Vic2l0ZS8yMDIyLTA4L2pvYjk2MS0wMTUzLXYuanBn.jpg"
795aa782-1a9a-4b65-bad8-82a066a9f8bd	Barrel clipart illustration vector	?	CC0	illustration	rawpixel	eps	barrel	"Barrel clipart illustration vector" is marked with CC0 1.0. To view the terms, visit https://creativecommons.org/publicdomain/zero/1.0/.	curl -O "https://images.rawpixel.com/editor_1024/cHJpdmF0ZS9sci9pbWFnZXMvd2Vic2l0ZS8yMDIyLTA4L2pvYjk2MS0wMTU0LWw3OXNlYWNkLmpwZw.jpg"
c5518fd1-0ddd-4320-9850-5c221e855794	Barrel clipart, illustration	?	CC0	illustration	rawpixel	jpg	barrel	"Barrel clipart, illustration" is marked with CC0 1.0. To view the terms, visit https://creativecommons.org/publicdomain/zero/1.0/.	curl -O "https://images.rawpixel.com/editor_1024/cHJpdmF0ZS9sci9pbWFnZXMvd2Vic2l0ZS8yMDIyLTA4L2pvYjk1Mi0xNzQteC5qcGc.jpg"
2a82b37c-3a96-4e32-9f47-640b96533703	Oak barrel png illustration, transparent	?	CC0	illustration	rawpixel	png	barrel	"Oak barrel png illustration, transparent" is marked with CC0 1.0. To view the terms, visit https://creativecommons.org/publicdomain/zero/1.0/.	curl -O "https://images.rawpixel.com/image_png_1300/cHJpdmF0ZS9sci9pbWFnZXMvd2Vic2l0ZS8yMDIyLTA4L2pvYjk2MS0wMTUzLXAucG5n.png"
2d214d47-f908-4354-88f5-1e56f13e7222	Barrel cart png sticker vintage	?	CC0	illustration	rawpixel	png	barrel	"Barrel cart png sticker vintage" is marked with CC0 1.0. To view the terms, visit https://creativecommons.org/publicdomain/zero/1.0/.	curl -O "https://images.rawpixel.com/image_png_1300/cHJpdmF0ZS9sci9pbWFnZXMvd2Vic2l0ZS8yMDIyLTA0L2pvYjcxMi0xODktcC5wbmc.png"
cf8995a3-01eb-43c0-9293-503ea7cf857b	Barrel cart, vintage illustration	?	CC0	illustration	rawpixel	jpg	barrel	"Barrel cart, vintage illustration" is marked with CC0 1.0. To view the terms, visit https://creativecommons.org/publicdomain/zero/1.0/.	curl -O "https://images.rawpixel.com/editor_1024/cHJpdmF0ZS9sci9pbWFnZXMvd2Vic2l0ZS8yMDIyLTA0L2pvYjcxMi0xODkteC5qcGc.jpg"
40137690-f58a-45b9-affc-740b65f6affe	Barrel clipart, illustration vector	?	CC0	illustration	rawpixel	eps	barrel	"Barrel clipart, illustration vector" is marked with CC0 1.0. To view the terms, visit https://creativecommons.org/publicdomain/zero/1.0/.	curl -O "https://images.rawpixel.com/editor_1024/cHJpdmF0ZS9sci9pbWFnZXMvd2Vic2l0ZS8yMDIyLTA4L2pvYjk1Mi0xNzQtbDZuNDg3ZnEuanBn.jpg"
8a654332-a1c5-4190-afa3-f5cfd3ee5ee9	PNG Barrel clipart, transparent background	?	CC0	illustration	rawpixel	png	barrel	"PNG Barrel clipart, transparent background" is marked with CC0 1.0. To view the terms, visit https://creativecommons.org/publicdomain/zero/1.0/.	curl -O "https://images.rawpixel.com/image_png_1300/cHJpdmF0ZS9sci9pbWFnZXMvd2Vic2l0ZS8yMDIyLTEyL2pvYjk1OC0xMDMtcF8xLnBuZw.png"
44583c65-ebbd-42e6-a527-ad39924f983c	Cellar-barrels - Delapouite - game-icons	Delapouite	CC-BY 3.0	illustration	wikimedia	svg	barrel	"Cellar-barrels - Delapouite - game-icons" by Delapouite is licensed under CC BY 3.0. To view a copy of this license, visit https://creativecommons.org/licenses/by/3.0/.	curl -O "https://upload.wikimedia.org/wikipedia/commons/3/3a/Cellar-barrels_-_Delapouite_-_game-icons.svg"
5dad5de2-4bea-4fa9-bfd5-456986730835	Reload-gun-barrel - Delapouite - game-icons	Delapouite	CC-BY 3.0	illustration	wikimedia	svg	barrel	"Reload-gun-barrel - Delapouite - game-icons" by Delapouite is licensed under CC BY 3.0. To view a copy of this license, visit https://creativecommons.org/licenses/by/3.0/.	curl -O "https://upload.wikimedia.org/wikipedia/commons/8/85/Reload-gun-barrel_-_Delapouite_-_game-icons.svg"
69c2909b-089d-4a21-9386-5e9c7630a7cc	J-29 Tunnan (barrel)	charner1963	CC0	illustration	wikimedia	svg	barrel	"J-29 Tunnan (barrel)" by charner1963 is marked with CC0 1.0. To view the terms, visit https://creativecommons.org/publicdomain/zero/1.0/deed.en/.	curl -O "https://upload.wikimedia.org/wikipedia/commons/8/84/J-29_Tunnan_%28barrel%29.svg"
b7d0db33-2288-4922-9ff7-bd23a4eca7ce	Cellar-barrels - Delapouite - white - game-icons	Delapouite	CC-BY 3.0	illustration	wikimedia	svg	barrel	"Cellar-barrels - Delapouite - white - game-icons" by Delapouite is licensed under CC BY 3.0. To view a copy of this license, visit https://creativecommons.org/licenses/by/3.0/.	curl -O "https://upload.wikimedia.org/wikipedia/commons/f/fc/Cellar-barrels_-_Delapouite_-_white_-_game-icons.svg"
427a6456-a7a2-4f14-b181-6ea53f776f1b	Barrel-leak - Delapouite - white - game-icons	Delapouite	CC-BY 3.0	illustration	wikimedia	svg	barrel	"Barrel-leak - Delapouite - white - game-icons" by Delapouite is licensed under CC BY 3.0. To view a copy of this license, visit https://creativecommons.org/licenses/by/3.0/.	curl -O "https://upload.wikimedia.org/wikipedia/commons/e/ea/Barrel-leak_-_Delapouite_-_white_-_game-icons.svg"
93d89f9d-9bc9-4840-84da-f7c77903120b	Barrel - Delapouite - white - game-icons	Delapouite	CC-BY 3.0	illustration	wikimedia	svg	barrel	"Barrel - Delapouite - white - game-icons" by Delapouite is licensed under CC BY 3.0. To view a copy of this license, visit https://creativecommons.org/licenses/by/3.0/.	curl -O "https://upload.wikimedia.org/wikipedia/commons/7/7b/Barrel_-_Delapouite_-_white_-_game-icons.svg"
b3e34aa6-f5bb-4ebc-963b-2e708e4937d4	Reload-gun-barrel - Delapouite - white - game-icons	Delapouite	CC-BY 3.0	illustration	wikimedia	svg	barrel	"Reload-gun-barrel - Delapouite - white - game-icons" by Delapouite is licensed under CC BY 3.0. To view a copy of this license, visit https://creativecommons.org/licenses/by/3.0/.	curl -O "https://upload.wikimedia.org/wikipedia/commons/6/68/Reload-gun-barrel_-_Delapouite_-_white_-_game-icons.svg"
4522b3e2-7fcd-4d50-9f90-db5fbf52e8e6	Barrel - Delapouite - game-icons	Delapouite	CC-BY 3.0	illustration	wikimedia	svg	barrel	"Barrel - Delapouite - game-icons" by Delapouite is licensed under CC BY 3.0. To view a copy of this license, visit https://creativecommons.org/licenses/by/3.0/.	curl -O "https://upload.wikimedia.org/wikipedia/commons/a/ab/Barrel_-_Delapouite_-_game-icons.svg"
facf40b3-5cc1-4a9e-9352-b4f7838ca64d	Barrel-leak - Delapouite - game-icons	Delapouite	CC-BY 3.0	illustration	wikimedia	svg	barrel	"Barrel-leak - Delapouite - game-icons" by Delapouite is licensed under CC BY 3.0. To view a copy of this license, visit https://creativecommons.org/licenses/by/3.0/.	curl -O "https://upload.wikimedia.org/wikipedia/commons/2/2f/Barrel-leak_-_Delapouite_-_game-icons.svg"
6e8ebe38-679f-41ff-a198-ff3b2056d32d	COVID-19 outbreak USA stay-at-home order county map	Minh Nguyen	CC0	illustration	wikimedia	svg	barrel	"COVID-19 outbreak USA stay-at-home order county map" by Minh Nguyen is marked with CC0 1.0. To view the terms, visit https://creativecommons.org/publicdomain/zero/1.0/deed.en/.	curl -O "https://upload.wikimedia.org/wikipedia/commons/6/69/COVID-19_outbreak_USA_stay-at-home_order_county_map.svg"
f63ffdba-8a3b-477e-bfcc-2fca2a421d50	Crude oil price WTI EIA since 2000	Theanphibian	CC0	illustration	wikimedia	svg	barrel	"Crude oil price WTI EIA since 2000" by Theanphibian is marked with CC0 1.0. To view the terms, visit https://creativecommons.org/publicdomain/zero/1.0/deed.en.	curl -O "https://upload.wikimedia.org/wikipedia/commons/c/c7/Crude_oil_price_WTI_EIA_since_2000.svg"
8ed8c0a7-0d8a-462b-8e70-0d23a5e03298	Factor XIII activation via thrombin	5-HT2AR	CC0	illustration	wikimedia	svg	barrel	"Factor XIII activation via thrombin" by 5-HT2AR is marked with CC0 1.0. To view the terms, visit https://creativecommons.org/publicdomain/zero/1.0/deed.en/.	curl -O "https://upload.wikimedia.org/wikipedia/commons/1/16/Factor_XIII_activation_via_thrombin.svg"
2c36b13a-edc4-4e6b-b19f-8b7ed12b34bf	Crude oil price WTI EIA	Theanphibian	CC0	illustration	wikimedia	svg	barrel	"Crude oil price WTI EIA" by Theanphibian is marked with CC0 1.0. To view the terms, visit https://creativecommons.org/publicdomain/zero/1.0/deed.en.	curl -O "https://upload.wikimedia.org/wikipedia/commons/e/ea/Crude_oil_price_WTI_EIA.svg"
89a04a6a-50f0-457e-ac4a-3faa91313746	Fassregel 1	Antonsusi (talk)	CC-BY 3.0	illustration	wikimedia	svg	barrel	"Fassregel 1" by Antonsusi (talk) is licensed under CC BY 3.0. To view a copy of this license, visit https://creativecommons.org/licenses/by/3.0/de/deed.en/.	curl -O "https://upload.wikimedia.org/wikipedia/commons/2/29/Fassregel_1.svg"
9de2ea50-2b73-4fea-9861-dd0ec4b287d5	Preclinical applications of fUS imaging	Thomas Deffieux, Charlie Demene, Mathieu Pernot, Mickael Tanter	CC-BY 4.0	illustration	wikimedia	svg	barrel	"Preclinical applications of fUS imaging" by Thomas Deffieux, Charlie Demene, Mathieu Pernot, Mickael Tanter is licensed under CC BY 4.0. To view a copy of this license, visit https://creativecommons.org/licenses/by/4.0/.	curl -O "https://upload.wikimedia.org/wikipedia/commons/7/72/Preclinical_applications_of_fUS_imaging.svg"
1cecad2a-5053-4056-9ebb-889a52250def	boxes	?	CC0	illustration	svgsilh	?	barrel	"boxes" is marked with CC0 1.0. To view the terms, visit https://creativecommons.org/publicdomain/zero/1.0/.	curl -O "https://svgsilh.com/png/2967214-3f51b5.png"
ca520f2a-789b-465d-a252-02806ed7f408	dram	?	CC0	illustration	svgsilh	?	barrel	"dram" is marked with CC0 1.0. To view the terms, visit https://creativecommons.org/publicdomain/zero/1.0/.	curl -O "https://svgsilh.com/png/151888-3f51b5.png"
47624ab5-43cb-4968-873b-2395866f523b	cargo	?	CC0	illustration	svgsilh	?	barrel	"cargo" is marked with CC0 1.0. To view the terms, visit https://creativecommons.org/publicdomain/zero/1.0/.	curl -O "https://svgsilh.com/png/157944-3f51b5.png"
68acc75b-2ad8-485e-a996-fce481cbbce7	dram	?	CC0	illustration	svgsilh	?	barrel	"dram" is marked with CC0 1.0. To view the terms, visit https://creativecommons.org/publicdomain/zero/1.0/.	curl -O "https://svgsilh.com/png/36724-3f51b5.png"
705920e5-a9f3-4f10-a9be-83c262a5e4bd	dram	?	CC0	illustration	svgsilh	?	barrel	"dram" is marked with CC0 1.0. To view the terms, visit https://creativecommons.org/publicdomain/zero/1.0/.	curl -O "https://svgsilh.com/png/29418-3f51b5.png"
4d576ec3-f664-475c-a7e8-ef08849f267e	Beer keg clipart, object illustration	?	CC0	illustration	rawpixel	eps	barrel	"Beer keg clipart, object illustration" is marked with CC0 1.0. To view the terms, visit https://creativecommons.org/publicdomain/zero/1.0/.	curl -O "https://images.rawpixel.com/editor_1024/cHJpdmF0ZS9sci9pbWFnZXMvd2Vic2l0ZS8yMDIyLTA0L2pvYjcyMi0wMDYtdi5qcGc.jpg"
08db5604-41ee-443d-8f31-17094a3caff9	Wooden bucket drawing, vintage object	?	CC0	illustration	rawpixel	jpg	barrel	"Wooden bucket drawing, vintage object" is marked with CC0 1.0. To view the terms, visit https://creativecommons.org/publicdomain/zero/1.0/.	curl -O "https://images.rawpixel.com/editor_1024/czNmcy1wcml2YXRlL3Jhd3BpeGVsX2ltYWdlcy93ZWJzaXRlX2NvbnRlbnQvbHIvam9iNjczLTEyNy14XzEuanBn.jpg"
9524f876-3754-4a41-9989-5249a2f0c8b4	dram	?	CC0	illustration	svgsilh	?	barrel	"dram" is marked with CC0 1.0. To view the terms, visit https://creativecommons.org/publicdomain/zero/1.0/.	curl -O "https://svgsilh.com/png/295488-3f51b5.png"
b8abfd6b-f80c-48a8-923b-d11f0bc017d1	dram	?	CC0	illustration	svgsilh	?	barrel	"dram" is marked with CC0 1.0. To view the terms, visit https://creativecommons.org/publicdomain/zero/1.0/.	curl -O "https://svgsilh.com/png/35694-3f51b5.png"
5e09c414-ce63-4da9-b07c-45c632dc331b	toxic	?	CC0	illustration	svgsilh	?	barrel	"toxic" is marked with CC0 1.0. To view the terms, visit https://creativecommons.org/publicdomain/zero/1.0/.	curl -O "https://svgsilh.com/png/159913-3f51b5.png"
79c53b18-bbc6-4a80-9173-af87e8900c8a	Carte du GrandAngoulême	Calentin.calentin	CC0	illustration	wikimedia	svg	cart	"Carte du GrandAngoulême" by Calentin.calentin is marked with CC0 1.0. To view the terms, visit https://creativecommons.org/publicdomain/zero/1.0/deed.en/.	curl -O "https://upload.wikimedia.org/wikipedia/commons/e/ef/Carte_du_GrandAngoul%C3%AAme.svg"
16bdd974-1fb7-46de-a416-c9f2919cd679	Carte Métro de Paris	Rigil	CC-BY 3.0	illustration	wikimedia	svg	cart	"Carte Métro de Paris" by Rigil is licensed under CC BY 3.0. To view a copy of this license, visit https://creativecommons.org/licenses/by/3.0/.	curl -O "https://upload.wikimedia.org/wikipedia/commons/5/51/Carte_M%C3%A9tro_de_Paris.svg"
37fa030a-874f-4464-bf11-48af72951d42	Fond-de-carte-rade-de-Brest	Sardon	CC-BY 3.0	illustration	wikimedia	svg	cart	"Fond-de-carte-rade-de-Brest" by Sardon is licensed under CC BY 3.0. To view a copy of this license, visit https://creativecommons.org/licenses/by/3.0/.	curl -O "https://upload.wikimedia.org/wikipedia/commons/1/16/Fond-de-carte-rade-de-Brest.svg"
cb1ae767-9723-4a0d-9b82-87cda23c1a52	Carte indicatifs téléphoniques français	Babsy	CC-BY 3.0	illustration	wikimedia	svg	cart	"Carte indicatifs téléphoniques français" by Babsy is licensed under CC BY 3.0. To view a copy of this license, visit https://creativecommons.org/licenses/by/3.0/.	curl -O "https://upload.wikimedia.org/wikipedia/commons/5/5e/Carte_indicatifs_t%C3%A9l%C3%A9phoniques_fran%C3%A7ais.svg"
186e706c-369e-460d-a2de-0dece818f977	Carte de la Vendée militaire	Ayack	CC-BY 2.5	illustration	wikimedia	svg	cart	"Carte de la Vendée militaire" by Ayack is licensed under CC BY 2.5. To view a copy of this license, visit https://creativecommons.org/licenses/by/2.5/.	curl -O "https://upload.wikimedia.org/wikipedia/commons/e/e5/Carte_de_la_Vend%C3%A9e_militaire.svg"
bfe17802-9d11-4513-8ccc-e6c8f51ae69e	Carte de La Demenure (Joué-sur-Erdre)	Treehill	CC-BY 3.0	illustration	wikimedia	svg	cart	"Carte de La Demenure (Joué-sur-Erdre)" by Treehill is licensed under CC BY 3.0. To view a copy of this license, visit https://creativecommons.org/licenses/by/3.0/.	curl -O "https://upload.wikimedia.org/wikipedia/commons/e/e6/Carte_de_La_Demenure_%28Jou%C3%A9-sur-Erdre%29.svg"
11b253b2-b8e9-4d88-a89b-f27d6829c371	Carte de la Mulonnière (Joué-sur-Erdre)	Treehill	CC-BY 3.0	illustration	wikimedia	svg	cart	"Carte de la Mulonnière (Joué-sur-Erdre)" by Treehill is licensed under CC BY 3.0. To view a copy of this license, visit https://creativecommons.org/licenses/by/3.0/.	curl -O "https://upload.wikimedia.org/wikipedia/commons/7/7a/Carte_de_la_Mulonni%C3%A8re_%28Jou%C3%A9-sur-Erdre%29.svg"
fd7938c6-9eeb-48b4-a4a9-8132ea44320b	Seme denari carte marocchine	Florixc	CC0	illustration	wikimedia	svg	cart	"Seme denari carte marocchine" by Florixc is marked with CC0 1.0. To view the terms, visit https://creativecommons.org/publicdomain/zero/1.0/deed.en/.	curl -O "https://upload.wikimedia.org/wikipedia/commons/a/a9/Seme_denari_carte_marocchine.svg"
67e6c403-2f21-4a57-850d-fdb2aa88e844	Carte LGV Nord	No machine-readable author provided. Madcap assumed (based on copyright claims).	CC-BY 2.5	illustration	wikimedia	svg	cart	"Carte LGV Nord" by No machine-readable author provided. Madcap assumed (based on copyright claims). is licensed under CC BY 2.5. To view a copy of this license, visit https://creativecommons.org/licenses/by/2.5/.	curl -O "https://upload.wikimedia.org/wikipedia/commons/8/8b/Carte_LGV_Nord.svg"
5955b15c-cc6e-449b-8f1c-6539056c5081	Seme coppe carte marocchine	Florixc	CC0	illustration	wikimedia	svg	cart	"Seme coppe carte marocchine" by Florixc is marked with CC0 1.0. To view the terms, visit https://creativecommons.org/publicdomain/zero/1.0/deed.en.	curl -O "https://upload.wikimedia.org/wikipedia/commons/c/c6/Seme_coppe_carte_marocchine.svg"
1bf9972c-1ab4-4c80-b782-4dd54c254f95	Cart-pendulum	Krishnavedala	CC0	illustration	wikimedia	svg	cart	"Cart-pendulum" by Krishnavedala is marked with CC0 1.0. To view the terms, visit https://creativecommons.org/publicdomain/zero/1.0/deed.en/.	curl -O "https://upload.wikimedia.org/wikipedia/commons/0/00/Cart-pendulum.svg"
d6a7424b-b669-411d-95b7-17a33067a9b0	Seme spade carte marocchine	Florixc	CC0	illustration	wikimedia	svg	cart	"Seme spade carte marocchine" by Florixc is marked with CC0 1.0. To view the terms, visit https://creativecommons.org/publicdomain/zero/1.0/deed.en.	curl -O "https://upload.wikimedia.org/wikipedia/commons/2/29/Seme_spade_carte_marocchine.svg"
c0f9cee0-5adc-4c2b-90e1-ff60afaab6d7	Seme bastoni carte marocchine	Florixc	CC0	illustration	wikimedia	svg	cart	"Seme bastoni carte marocchine" by Florixc is marked with CC0 1.0. To view the terms, visit https://creativecommons.org/publicdomain/zero/1.0/deed.en.	curl -O "https://upload.wikimedia.org/wikipedia/commons/5/55/Seme_bastoni_carte_marocchine.svg"
98221a3e-fcf2-48a3-b02e-f8c2a14cf431	Carte Isaurie-es	Carte Isaurie.png: Spiridon Ion Cepleanu CariaRegionesDeAsiaMenor.svg: Rowanwindwhistler derivative work: Rowanwindwhistler (talk)	CC0	illustration	wikimedia	svg	cart	"Carte Isaurie-es" by Carte Isaurie.png: Spiridon Ion Cepleanu CariaRegionesDeAsiaMenor.svg: Rowanwindwhistler derivative work: Rowanwindwhistler (talk) is marked with CC0 1.0. To view the terms, visit https://creativecommons.org/publicdomain/zero/1.0/deed.en/.	curl -O "https://upload.wikimedia.org/wikipedia/commons/1/1e/Carte_Isaurie-es.svg"
39768409-4490-44a7-8834-71bb745e8d52	Carte Côte d'Or	G CHP	CC-BY 3.0	illustration	wikimedia	svg	cart	"Carte Côte d'Or" by G CHP is licensed under CC BY 3.0. To view a copy of this license, visit https://creativecommons.org/licenses/by/3.0/.	curl -O "https://upload.wikimedia.org/wikipedia/commons/0/08/Carte_C%C3%B4te_d%27Or.svg"
6206a356-d8eb-4dd0-b0a8-47bcbbe4b2be	Font Awesome 5 solid luggage-cart	Font Awesome	CC-BY 4.0	illustration	wikimedia	svg	cart	"Font Awesome 5 solid luggage-cart" by Font Awesome is licensed under CC BY 4.0. To view a copy of this license, visit https://creativecommons.org/licenses/by/4.0/.	curl -O "https://upload.wikimedia.org/wikipedia/commons/b/b7/Font_Awesome_5_solid_luggage-cart.svg"
e541d6c2-9e03-41d3-97d0-87bcb769442c	Carte États latins d'Orient	Lardouillette	CC0	illustration	wikimedia	svg	cart	"Carte États latins d'Orient" by Lardouillette is marked with CC0 1.0. To view the terms, visit https://creativecommons.org/publicdomain/zero/1.0/deed.en/.	curl -O "https://upload.wikimedia.org/wikipedia/commons/f/fa/Carte_%C3%89tats_latins_d%27Orient.svg"
4526b2bf-7ea3-426a-bfab-bf209fbd8688	Qin carte	Zunkir	CC-BY 4.0	illustration	wikimedia	svg	cart	"Qin carte" by Zunkir is licensed under CC BY 4.0. To view a copy of this license, visit https://creativecommons.org/licenses/by/4.0/.	curl -O "https://upload.wikimedia.org/wikipedia/commons/6/61/Qin_carte.svg"
c9f1b32d-9619-4790-85de-b40cc21ef1c3	Carte de la taxe sur les billets d'avion en Suède	Tpe.g5.stan	CC0	illustration	wikimedia	svg	cart	"Carte de la taxe sur les billets d'avion en Suède" by Tpe.g5.stan is marked with CC0 1.0. To view the terms, visit https://creativecommons.org/publicdomain/zero/1.0/deed.en/.	curl -O "https://upload.wikimedia.org/wikipedia/commons/0/00/Carte_de_la_taxe_sur_les_billets_d%27avion_en_Su%C3%A8de.svg"
cb945b73-cca5-47ee-8077-25acf3ef7de9	Carte de la taxe sur les billets d'avion en Autriche	Tpe.g5.stan	CC0	illustration	wikimedia	svg	cart	"Carte de la taxe sur les billets d'avion en Autriche" by Tpe.g5.stan is marked with CC0 1.0. To view the terms, visit https://creativecommons.org/publicdomain/zero/1.0/deed.en/.	curl -O "https://upload.wikimedia.org/wikipedia/commons/b/b9/Carte_de_la_taxe_sur_les_billets_d%27avion_en_Autriche.svg"
6d7c3302-e77f-4c78-b114-af70edc4c608	Carte tectonique du massif du Chablais	JRagusa	CC-BY 4.0	illustration	wikimedia	svg	cart	"Carte tectonique du massif du Chablais" by JRagusa is licensed under CC BY 4.0. To view a copy of this license, visit https://creativecommons.org/licenses/by/4.0/.	curl -O "https://upload.wikimedia.org/wikipedia/commons/9/9b/Carte_tectonique_du_massif_du_Chablais.svg"
5c30bab5-4610-4dff-9b9d-cc1601ae7960	Carte de la Nouvelle-Caledonie	Remi grumeau	CC0	illustration	wikimedia	svg	cart	"Carte de la Nouvelle-Caledonie" by Remi grumeau is marked with CC0 1.0. To view the terms, visit https://creativecommons.org/publicdomain/zero/1.0/deed.en/.	curl -O "https://upload.wikimedia.org/wikipedia/commons/8/88/Carte_de_la_Nouvelle-Caledonie.svg"
2483e3b2-55a9-4615-92b8-682c9f895f23	Diagram of a Song dynasty odometer cart	Dingyuang, Gisling	CC-BY 2.5	illustration	wikimedia	svg	cart	"Diagram of a Song dynasty odometer cart" by Dingyuang, Gisling is licensed under CC BY 2.5. To view a copy of this license, visit https://creativecommons.org/licenses/by/2.5/.	curl -O "https://upload.wikimedia.org/wikipedia/commons/b/b7/Diagram_of_a_Song_dynasty_odometer_cart.svg"
7f2cbf36-d329-4950-8ae8-54c031b95bef	Carte des sablières de Lure large	A.BourgeoisP	CC-BY 4.0	illustration	wikimedia	svg	cart	"Carte des sablières de Lure large" by A.BourgeoisP is licensed under CC BY 4.0. To view a copy of this license, visit https://creativecommons.org/licenses/by/4.0/.	curl -O "https://upload.wikimedia.org/wikipedia/commons/8/83/Carte_des_sabli%C3%A8res_de_Lure_large.svg"
94995b5b-d12e-442b-ad0d-a0e40f7251d7	Carte des peuples francs (IIIe siècle)-pt	Odejea (talk · contribs)	CC-BY 3.0	illustration	wikimedia	svg	cart	"Carte des peuples francs (IIIe siècle)-pt" by Odejea (talk · contribs) is licensed under CC BY 3.0. To view a copy of this license, visit https://creativecommons.org/licenses/by/3.0/.	curl -O "https://upload.wikimedia.org/wikipedia/commons/5/57/Carte_des_peuples_francs_%28IIIe_si%C3%A8cle%29-pt.svg"
8477aa8b-cbd7-4344-8f3b-d2773c2511b8	Carte sections cadastrales Luxembourg	Procrastineur49	CC-BY 4.0	illustration	wikimedia	svg	cart	"Carte sections cadastrales Luxembourg" by Procrastineur49 is licensed under CC BY 4.0. To view a copy of this license, visit https://creativecommons.org/licenses/by/4.0/.	curl -O "https://upload.wikimedia.org/wikipedia/commons/a/a6/Carte_sections_cadastrales_Luxembourg.svg"
5b77e716-d815-4f50-8335-d3c36a73a99f	Carte zone euro single entity	Louloumra59	CC-BY 4.0	illustration	wikimedia	svg	cart	"Carte zone euro single entity" by Louloumra59 is licensed under CC BY 4.0. To view a copy of this license, visit https://creativecommons.org/licenses/by/4.0/.	curl -O "https://upload.wikimedia.org/wikipedia/commons/d/dd/Carte_zone_euro_single_entity.svg"
f240fab6-ec81-487c-a98c-dab2f899d4f2	Heijokyo - carte des principaux édifices	Binabik155	CC-BY 3.0	illustration	wikimedia	svg	cart	"Heijokyo - carte des principaux édifices" by Binabik155 is licensed under CC BY 3.0. To view a copy of this license, visit https://creativecommons.org/licenses/by/3.0/.	curl -O "https://upload.wikimedia.org/wikipedia/commons/8/85/Heijokyo_-_carte_des_principaux_%C3%A9difices.svg"
c45ee4ad-1625-49b2-8572-06e20cf16d1d	Carte du Référendum constitutionnel français de 1958	Mariecamarade	CC0	illustration	wikimedia	svg	cart	"Carte du Référendum constitutionnel français de 1958" by Mariecamarade is marked with CC0 1.0. To view the terms, visit https://creativecommons.org/publicdomain/zero/1.0/deed.en/.	curl -O "https://upload.wikimedia.org/wikipedia/commons/c/c0/Carte_du_R%C3%A9f%C3%A9rendum_constitutionnel_fran%C3%A7ais_de_1958.svg"
ee67f5ff-6b72-4151-9d01-17a8b322e52a	Carte Caisses populaires acadiennes 2025	NR123456	CC0	illustration	wikimedia	svg	cart	"Carte Caisses populaires acadiennes 2025" by NR123456 is marked with CC0 1.0. To view the terms, visit https://creativecommons.org/publicdomain/zero/1.0/deed.en/.	curl -O "https://upload.wikimedia.org/wikipedia/commons/e/e5/Carte_Caisses_populaires_acadiennes_2025.svg"
277a1a9f-d713-40e7-abd1-048cbf83e04e	SA road sign - No Vehicles or carts	มองโกเลีย๔๔	CC0	illustration	wikimedia	svg	cart	"SA road sign - No Vehicles or carts" by มองโกเลีย๔๔ is marked with CC0 1.0. To view the terms, visit https://creativecommons.org/publicdomain/zero/1.0/deed.en/.	curl -O "https://upload.wikimedia.org/wikipedia/commons/1/13/SA_road_sign_-_No_Vehicles_or_carts.svg"
32bea880-90d5-4dfb-85fc-da0ff4210b59	Carte des sablières de Lure	A.BourgeoisP	CC-BY 4.0	illustration	wikimedia	svg	cart	"Carte des sablières de Lure" by A.BourgeoisP is licensed under CC BY 4.0. To view a copy of this license, visit https://creativecommons.org/licenses/by/4.0/.	curl -O "https://upload.wikimedia.org/wikipedia/commons/6/64/Carte_des_sabli%C3%A8res_de_Lure.svg"
779355fd-9c04-4e84-8ed4-be1c3bce797b	Francophonie carte	Unknown authorUnknown author	CC0	illustration	wikimedia	svg	cart	"Francophonie carte" by Unknown authorUnknown author is marked with CC0 1.0. To view the terms, visit https://creativecommons.org/publicdomain/zero/1.0/deed.en/.	curl -O "https://upload.wikimedia.org/wikipedia/commons/8/80/Francophonie_carte.svg"
7b134344-f4a7-4608-a489-48fbfde8850d	Carte-ORTF de	Carte-ORTF.svg: Daisy0705 derivative work: Furfur	CC0	illustration	wikimedia	svg	cart	"Carte-ORTF de" by Carte-ORTF.svg: Daisy0705 derivative work: Furfur is marked with CC0 1.0. To view the terms, visit https://creativecommons.org/publicdomain/zero/1.0/deed.en/.	curl -O "https://upload.wikimedia.org/wikipedia/commons/c/ca/Carte-ORTF_de.svg"
6c5fe2ad-89c0-44d8-889e-63ec4182e91f	Carte des modes de scrutin en Europe-étroit	Tpe.g5.stan	CC0	illustration	wikimedia	svg	cart	"Carte des modes de scrutin en Europe-étroit" by Tpe.g5.stan is marked with CC0 1.0. To view the terms, visit https://creativecommons.org/publicdomain/zero/1.0/deed.en/.	curl -O "https://upload.wikimedia.org/wikipedia/commons/c/c1/Carte_des_modes_de_scrutin_en_Europe-%C3%A9troit.svg"
b9c5e0fe-c7ed-4420-89ba-b344aaba88d8	TSM-Carte-du-réseau	Poudou99	CC-BY 3.0	illustration	wikimedia	svg	cart	"TSM-Carte-du-réseau" by Poudou99 is licensed under CC BY 3.0. To view a copy of this license, visit https://creativecommons.org/licenses/by/3.0/.	curl -O "https://upload.wikimedia.org/wikipedia/commons/0/02/TSM-Carte-du-r%C3%A9seau.svg"
dce9093d-ae33-4520-b9c5-75ca8b853931	Cartes zones de recherche MH370	Yaqub Qomarudin Dibiazah	CC-BY 4.0	illustration	wikimedia	svg	cart	"Cartes zones de recherche MH370" by Yaqub Qomarudin Dibiazah is licensed under CC BY 4.0. To view a copy of this license, visit https://creativecommons.org/licenses/by/4.0/.	curl -O "https://upload.wikimedia.org/wikipedia/commons/a/ac/Cartes_zones_de_recherche_MH370.svg"
bcaf5ba9-c6ed-4e20-ace9-95e68c0f0be9	Carte Bus IdF Noctilien N01	Aaron Zubanah	CC0	illustration	wikimedia	svg	cart	"Carte Bus IdF Noctilien N01" by Aaron Zubanah is marked with CC0 1.0. To view the terms, visit https://creativecommons.org/publicdomain/zero/1.0/deed.en/.	curl -O "https://upload.wikimedia.org/wikipedia/commons/5/5b/Carte_Bus_IdF_Noctilien_N01.svg"
4ffcd7b3-cbdc-460d-810f-2fe5527080d6	Carte du Référendum constitutionnel français de 1969	Mariecamarade	CC0	illustration	wikimedia	svg	cart	"Carte du Référendum constitutionnel français de 1969" by Mariecamarade is marked with CC0 1.0. To view the terms, visit https://creativecommons.org/publicdomain/zero/1.0/deed.en/.	curl -O "https://upload.wikimedia.org/wikipedia/commons/f/f6/Carte_du_R%C3%A9f%C3%A9rendum_constitutionnel_fran%C3%A7ais_de_1969.svg"
30a1828c-85d6-42ab-8ac2-9ed949d377aa	Carte du Comté (Grands Smials)	Baptiste GORCE	CC-BY 4.0	illustration	wikimedia	svg	cart	"Carte du Comté (Grands Smials)" by Baptiste GORCE is licensed under CC BY 4.0. To view a copy of this license, visit https://creativecommons.org/licenses/by/4.0/.	curl -O "https://upload.wikimedia.org/wikipedia/commons/5/53/Carte_du_Comt%C3%A9_%28Grands_Smials%29.svg"
05c5524e-d47e-4f74-b268-255b0d28aa22	Carte des chambres hautes en Europe	Tpe.g5.stan	CC0	illustration	wikimedia	svg	cart	"Carte des chambres hautes en Europe" by Tpe.g5.stan is marked with CC0 1.0. To view the terms, visit https://creativecommons.org/publicdomain/zero/1.0/deed.en/.	curl -O "https://upload.wikimedia.org/wikipedia/commons/9/92/Carte_des_chambres_hautes_en_Europe.svg"
7b07bb7b-bc56-4645-a4fc-fefc60ecd1c2	Segnale carte - Italia	Re-drawn in SVG from the original by https://it.wikipedia.org/wiki/User:Itzshoummo	CC0	illustration	wikimedia	svg	cart	"Segnale carte - Italia" by Re-drawn in SVG from the original by https://it.wikipedia.org/wiki/User:Itzshoummo is marked with CC0 1.0. To view the terms, visit https://creativecommons.org/publicdomain/zero/1.0/deed.en.	curl -O "https://upload.wikimedia.org/wikipedia/commons/3/3c/Segnale_carte_-_Italia.svg"
3111d1ee-68a7-46d6-9da3-fa66eb04d36f	Carte République Bas-Canada 1938	Eshko Timiou	CC0	illustration	wikimedia	svg	cart	"Carte République Bas-Canada 1938" by Eshko Timiou is marked with CC0 1.0. To view the terms, visit https://creativecommons.org/publicdomain/zero/1.0/deed.en/.	curl -O "https://upload.wikimedia.org/wikipedia/commons/4/42/Carte_R%C3%A9publique_Bas-Canada_1938.svg"
cda5461f-26e4-41cd-ae57-8049e4d0c363	Carte de la proportion des Samis dans l'oblast de Mourmansk	Расселение_саамов_в_Мурманской_области_по_городским_и_сельским_поселениям%2C_в_%25.png: LandRussia derivative work: Lillian Rínkū	CC-BY 4.0	illustration	wikimedia	svg	cart	"Carte de la proportion des Samis dans l'oblast de Mourmansk" by Расселение_саамов_в_Мурманской_области_по_городским_и_сельским_поселениям%2C_в_%25.png: LandRussia derivative work: Lillian Rínkū is licensed under CC BY 4.0. To view a copy of this license, visit https://creativecommons.org/licenses/by/4.0/.	curl -O "https://upload.wikimedia.org/wikipedia/commons/0/0f/Carte_de_la_proportion_des_Samis_dans_l%27oblast_de_Mourmansk.svg"
140095c2-a137-4e54-8651-0c342efcaf5d	Carte SIM Free Mobile Recto	Billybug	CC0	illustration	wikimedia	svg	cart	"Carte SIM Free Mobile Recto" by Billybug is marked with CC0 1.0. To view the terms, visit https://creativecommons.org/publicdomain/zero/1.0/deed.en/.	curl -O "https://upload.wikimedia.org/wikipedia/commons/b/b2/Carte_SIM_Free_Mobile_Recto.svg"
78c984bb-8118-4794-a9b3-b723a25baaf1	Segnale cassa automatica + carte - Italia	Re-drawn in SVG from the original by https://it.wikipedia.org/wiki/User:Itzshoummo	CC0	illustration	wikimedia	svg	cart	"Segnale cassa automatica + carte - Italia" by Re-drawn in SVG from the original by https://it.wikipedia.org/wiki/User:Itzshoummo is marked with CC0 1.0. To view the terms, visit https://creativecommons.org/publicdomain/zero/1.0/deed.en.	curl -O "https://upload.wikimedia.org/wikipedia/commons/3/38/Segnale_cassa_automatica_%2B_carte_-_Italia.svg"
cf2617ad-0796-45d3-b1b8-6cd98d210e7f	Carte des communes de La Roche-sur-Yon-Agglomération	Éduarel (à partir du fichier de Pouply)	CC-BY 3.0	illustration	wikimedia	svg	cart	"Carte des communes de La Roche-sur-Yon-Agglomération" by Éduarel (à partir du fichier de Pouply) is licensed under CC BY 3.0. To view a copy of this license, visit https://creativecommons.org/licenses/by/3.0/.	curl -O "https://upload.wikimedia.org/wikipedia/commons/4/4f/Carte_des_communes_de_La_Roche-sur-Yon-Agglom%C3%A9ration.svg"
d82d2388-8216-4790-9a13-290faff0e670	Carte du Référendum constitutionnel français de mai 1946 par département	Mariecamarade	CC0	illustration	wikimedia	svg	cart	"Carte du Référendum constitutionnel français de mai 1946 par département" by Mariecamarade is marked with CC0 1.0. To view the terms, visit https://creativecommons.org/publicdomain/zero/1.0/deed.en/.	curl -O "https://upload.wikimedia.org/wikipedia/commons/d/da/Carte_du_R%C3%A9f%C3%A9rendum_constitutionnel_fran%C3%A7ais_de_mai_1946_par_d%C3%A9partement.svg"
3dfd3617-6148-4e1a-b8de-3595aff73cc3	Découpage Cartes Géologiques Massif du Chablais	JRagusa	CC-BY 4.0	illustration	wikimedia	svg	cart	"Découpage Cartes Géologiques Massif du Chablais" by JRagusa is licensed under CC BY 4.0. To view a copy of this license, visit https://creativecommons.org/licenses/by/4.0/.	curl -O "https://upload.wikimedia.org/wikipedia/commons/3/3a/D%C3%A9coupage_Cartes_G%C3%A9ologiques_Massif_du_Chablais.svg"
ee9f2206-2471-4dea-8519-9d3aa92cb66c	Carte du référendum sur l'autodétermination de l'Algérie de 1961	Mariecamarade	CC0	illustration	wikimedia	svg	cart	"Carte du référendum sur l'autodétermination de l'Algérie de 1961" by Mariecamarade is marked with CC0 1.0. To view the terms, visit https://creativecommons.org/publicdomain/zero/1.0/deed.en/.	curl -O "https://upload.wikimedia.org/wikipedia/commons/4/4d/Carte_du_r%C3%A9f%C3%A9rendum_sur_l%27autod%C3%A9termination_de_l%27Alg%C3%A9rie_de_1961.svg"
15cd16e4-7d23-4ee1-9499-ce550a43e2fd	Carte CUB	Mspecht	CC0	illustration	wikimedia	svg	cart	"Carte CUB" by Mspecht is marked with CC0 1.0. To view the terms, visit https://creativecommons.org/publicdomain/zero/1.0/deed.en/.	curl -O "https://upload.wikimedia.org/wikipedia/commons/7/70/Carte_CUB.svg"
65dc222f-83f7-44e0-843a-e84af0e41d75	Segnale cassa automatica + carte + telepedaggio - Italia	Re-drawn in SVG from the original by https://it.wikipedia.org/wiki/User:Itzshoummo	CC0	illustration	wikimedia	svg	cart	"Segnale cassa automatica + carte + telepedaggio - Italia" by Re-drawn in SVG from the original by https://it.wikipedia.org/wiki/User:Itzshoummo is marked with CC0 1.0. To view the terms, visit https://creativecommons.org/publicdomain/zero/1.0/deed.en.	curl -O "https://upload.wikimedia.org/wikipedia/commons/3/32/Segnale_cassa_automatica_%2B_carte_%2B_telepedaggio_-_Italia.svg"
1689f05a-b6f2-4780-b2d5-0532e9e75699	Segnale carte + telepedaggio - Italia	Re-drawn in SVG from the original by https://it.wikipedia.org/wiki/User:Itzshoummo	CC0	illustration	wikimedia	svg	cart	"Segnale carte + telepedaggio - Italia" by Re-drawn in SVG from the original by https://it.wikipedia.org/wiki/User:Itzshoummo is marked with CC0 1.0. To view the terms, visit https://creativecommons.org/publicdomain/zero/1.0/deed.en.	curl -O "https://upload.wikimedia.org/wikipedia/commons/6/67/Segnale_carte_%2B_telepedaggio_-_Italia.svg"
22daeaf8-09c3-4f8e-8803-065a59ee1a21	Carte des cantons de Gironde 2006 avec noms	User:Ternoc	CC-BY 4.0	illustration	wikimedia	svg	cart	"Carte des cantons de Gironde 2006 avec noms" by User:Ternoc is licensed under CC BY 4.0. To view a copy of this license, visit https://creativecommons.org/licenses/by/4.0/.	curl -O "https://upload.wikimedia.org/wikipedia/commons/e/e4/Carte_des_cantons_de_Gironde_2006_avec_noms.svg"
aac2deec-fd53-4e87-9e99-9e4eb356775f	Carte concessions Communay-Ternay	A.BourgeoisP	CC-BY 4.0	illustration	wikimedia	svg	cart	"Carte concessions Communay-Ternay" by A.BourgeoisP is licensed under CC BY 4.0. To view a copy of this license, visit https://creativecommons.org/licenses/by/4.0/.	curl -O "https://upload.wikimedia.org/wikipedia/commons/1/13/Carte_concessions_Communay-Ternay.svg"
93852e13-d130-4acc-9413-75bf44d32a74	Carte du Référendum constitutionnel français d'octobre 1962	Mariecamarade	CC0	illustration	wikimedia	svg	cart	"Carte du Référendum constitutionnel français d'octobre 1962" by Mariecamarade is marked with CC0 1.0. To view the terms, visit https://creativecommons.org/publicdomain/zero/1.0/deed.en/.	curl -O "https://upload.wikimedia.org/wikipedia/commons/9/91/Carte_du_R%C3%A9f%C3%A9rendum_constitutionnel_fran%C3%A7ais_d%27octobre_1962.svg"
8d625f63-f193-47fa-962d-70175616a55a	Carte des quartiers IRIS de Vierzon	Yzergues	CC0	illustration	wikimedia	svg	cart	"Carte des quartiers IRIS de Vierzon" by Yzergues is marked with CC0 1.0. To view the terms, visit https://creativecommons.org/publicdomain/zero/1.0/deed.en/.	curl -O "https://upload.wikimedia.org/wikipedia/commons/c/c3/Carte_des_quartiers_IRIS_de_Vierzon.svg"
0e6a54f2-8aa4-48b3-a230-470ec0f9c4a4	Sombrun-Carte-Géologie	Poudou99	CC-BY 3.0	illustration	wikimedia	svg	cart	"Sombrun-Carte-Géologie" by Poudou99 is licensed under CC BY 3.0. To view a copy of this license, visit https://creativecommons.org/licenses/by/3.0/.	curl -O "https://upload.wikimedia.org/wikipedia/commons/4/40/Sombrun-Carte-G%C3%A9ologie.svg"
7c3add26-74a1-4969-884e-81c4c7ecd5f2	Carte Groland	Pierre Rudloff	CC0	illustration	wikimedia	svg	cart	"Carte Groland" by Pierre Rudloff is marked with CC0 1.0. To view the terms, visit https://creativecommons.org/publicdomain/zero/1.0/deed.en/.	curl -O "https://upload.wikimedia.org/wikipedia/commons/9/90/Carte_Groland.svg"
70d8c81f-de1f-49b0-9b6b-19e9883a952f	The problem of cars and carts	Matsievsky	CC0	illustration	wikimedia	svg	cart	"The problem of cars and carts" by Matsievsky is marked with CC0 1.0. To view the terms, visit https://creativecommons.org/publicdomain/zero/1.0/deed.en/.	curl -O "https://upload.wikimedia.org/wikipedia/commons/9/9d/The_problem_of_cars_and_carts.svg"
49349519-6067-4350-8ddf-2388b11a5597	Font Awesome 5 solid horse	Font Awesome	CC-BY 4.0	illustration	wikimedia	svg	horse	"Font Awesome 5 solid horse" by Font Awesome is licensed under CC BY 4.0. To view a copy of this license, visit https://creativecommons.org/licenses/by/4.0/.	curl -O "https://upload.wikimedia.org/wikipedia/commons/4/4d/Font_Awesome_5_solid_horse.svg"
9ef0872b-d760-46b7-aaa7-461889d97c52	Horse Wagon	Road Signs	CC0	illustration	wikimedia	svg	horse	"Horse Wagon" by Road Signs is marked with CC0 1.0. To view the terms, visit https://creativecommons.org/publicdomain/zero/1.0/deed.en/.	curl -O "https://upload.wikimedia.org/wikipedia/commons/6/60/Horse_Wagon.svg"
9205ae2b-5430-45c3-bd54-ded8b6992560	Owner Shadai Race Horse	Ocdp	CC0	illustration	wikimedia	svg	horse	"Owner Shadai Race Horse" by Ocdp is marked with CC0 1.0. To view the terms, visit https://creativecommons.org/publicdomain/zero/1.0/deed.en/.	curl -O "https://upload.wikimedia.org/wikipedia/commons/e/e0/Owner_Shadai_Race_Horse.svg"
b4c898d7-c22c-4592-a1da-2ab03d9fb9fb	Horses induction2	Horse (12533) - The Noun Project.svg: ? derivative work: Kmhkmh (talk)	CC-BY 4.0	illustration	wikimedia	svg	horse	"Horses induction2" by Horse (12533) - The Noun Project.svg: ? derivative work: Kmhkmh (talk) is licensed under CC BY 4.0. To view a copy of this license, visit https://creativecommons.org/licenses/by/4.0/.	curl -O "https://upload.wikimedia.org/wikipedia/commons/0/00/Horses_induction2.svg"
913beb4f-e24b-4641-af53-0a2e1aedd021	Horse racing current event	Twitter Anomie	CC-BY 4.0	illustration	wikimedia	svg	horse	"Horse racing current event" by Twitter Anomie is licensed under CC BY 4.0. To view a copy of this license, visit https://creativecommons.org/licenses/by/4.0/.	curl -O "https://upload.wikimedia.org/wikipedia/commons/9/91/Horse_racing_current_event.svg"
160eb546-ce72-4b8a-843e-6b1e797931af	Dragon Horse (Chu Hieroglyph)	Yevrowl	CC0	illustration	wikimedia	svg	horse	"Dragon Horse (Chu Hieroglyph)" by Yevrowl is marked with CC0 1.0. To view the terms, visit https://creativecommons.org/publicdomain/zero/1.0/deed.en.	curl -O "https://upload.wikimedia.org/wikipedia/commons/e/e1/Dragon_Horse_%28Chu_Hieroglyph%29.svg"
dbf33ce5-21c8-4d37-a544-6a772f3b56b9	Vale of White Horse UK ward map 2007	Alextheconservative	CC0	illustration	wikimedia	svg	horse	"Vale of White Horse UK ward map 2007" by Alextheconservative is marked with CC0 1.0. To view the terms, visit https://creativecommons.org/publicdomain/zero/1.0/deed.en/.	curl -O "https://upload.wikimedia.org/wikipedia/commons/4/44/Vale_of_White_Horse_UK_ward_map_2007.svg"
89e6e0a3-b815-47dc-a2ee-d4417efecd1e	Vale of White Horse UK ward map 2015	Alextheconservative	CC0	illustration	wikimedia	svg	horse	"Vale of White Horse UK ward map 2015" by Alextheconservative is marked with CC0 1.0. To view the terms, visit https://creativecommons.org/publicdomain/zero/1.0/deed.en/.	curl -O "https://upload.wikimedia.org/wikipedia/commons/6/67/Vale_of_White_Horse_UK_ward_map_2015.svg"
d23de993-ec95-454d-b1a8-39d9a75c7ed3	Vale of White Horse UK ward map 2003	Alextheconservative	CC0	illustration	wikimedia	svg	horse	"Vale of White Horse UK ward map 2003" by Alextheconservative is marked with CC0 1.0. To view the terms, visit https://creativecommons.org/publicdomain/zero/1.0/deed.en/.	curl -O "https://upload.wikimedia.org/wikipedia/commons/f/f4/Vale_of_White_Horse_UK_ward_map_2003.svg"
66e8fe0f-19bf-440e-a57d-b01c09d7b116	Vale of White Horse UK ward map 2023	Into oblivion	CC0	illustration	wikimedia	svg	horse	"Vale of White Horse UK ward map 2023" by Into oblivion is marked with CC0 1.0. To view the terms, visit https://creativecommons.org/publicdomain/zero/1.0/deed.en/.	curl -O "https://upload.wikimedia.org/wikipedia/commons/7/7a/Vale_of_White_Horse_UK_ward_map_2023.svg"
0c6cb754-d721-40d1-a915-ce272d09002a	Vale of White Horse UK ward map 2011	Alextheconservative	CC0	illustration	wikimedia	svg	horse	"Vale of White Horse UK ward map 2011" by Alextheconservative is marked with CC0 1.0. To view the terms, visit https://creativecommons.org/publicdomain/zero/1.0/deed.en/.	curl -O "https://upload.wikimedia.org/wikipedia/commons/9/98/Vale_of_White_Horse_UK_ward_map_2011.svg"
00d24ebe-f305-4741-aa30-65db25fa6f17	Vale of White Horse UK ward map 2019	Alextheconservative	CC0	illustration	wikimedia	svg	horse	"Vale of White Horse UK ward map 2019" by Alextheconservative is marked with CC0 1.0. To view the terms, visit https://creativecommons.org/publicdomain/zero/1.0/deed.en/.	curl -O "https://upload.wikimedia.org/wikipedia/commons/5/59/Vale_of_White_Horse_UK_ward_map_2019.svg"
3f137647-c333-4d6f-9d49-cabc7d0de9d9	Dragon Horse (Chu Hieroglyph)-opposite	Yevrowl	CC0	illustration	wikimedia	svg	horse	"Dragon Horse (Chu Hieroglyph)-opposite" by Yevrowl is marked with CC0 1.0. To view the terms, visit https://creativecommons.org/publicdomain/zero/1.0/deed.en.	curl -O "https://upload.wikimedia.org/wikipedia/commons/3/35/Dragon_Horse_%28Chu_Hieroglyph%29-opposite.svg"
ef74a06b-6cd8-4cba-978a-c52f793fd1e5	White Horse (Chu Hieroglyph)	Yevrowl	CC0	illustration	wikimedia	svg	horse	"White Horse (Chu Hieroglyph)" by Yevrowl is marked with CC0 1.0. To view the terms, visit https://creativecommons.org/publicdomain/zero/1.0/deed.en.	curl -O "https://upload.wikimedia.org/wikipedia/commons/d/d4/White_Horse_%28Chu_Hieroglyph%29.svg"
c7d514b7-a876-4c0a-bc89-6b65cd00a902	Dragon Horse (Chu Hieroglyph)-inverted	Yevrowl	CC0	illustration	wikimedia	svg	horse	"Dragon Horse (Chu Hieroglyph)-inverted" by Yevrowl is marked with CC0 1.0. To view the terms, visit https://creativecommons.org/publicdomain/zero/1.0/deed.en/.	curl -O "https://upload.wikimedia.org/wikipedia/commons/b/bb/Dragon_Horse_%28Chu_Hieroglyph%29-inverted.svg"
1e27d855-4aef-4550-86b0-6afe1133424a	Owner YGG Horse Club	Ocdp	CC0	illustration	wikimedia	svg	horse	"Owner YGG Horse Club" by Ocdp is marked with CC0 1.0. To view the terms, visit https://creativecommons.org/publicdomain/zero/1.0/deed.en/.	curl -O "https://upload.wikimedia.org/wikipedia/commons/3/3e/Owner_YGG_Horse_Club.svg"
1c03808a-c3be-44bc-aab8-fc107745d52f	Owner Lord Horse Club	Ocdp	CC0	illustration	wikimedia	svg	horse	"Owner Lord Horse Club" by Ocdp is marked with CC0 1.0. To view the terms, visit https://creativecommons.org/publicdomain/zero/1.0/deed.en/.	curl -O "https://upload.wikimedia.org/wikipedia/commons/0/0b/Owner_Lord_Horse_Club.svg"
7f6da149-563b-4c0c-b9b7-73d2d0c2276e	Owner Kyoto Horse Racing	Ocdp	CC0	illustration	wikimedia	svg	horse	"Owner Kyoto Horse Racing" by Ocdp is marked with CC0 1.0. To view the terms, visit https://creativecommons.org/publicdomain/zero/1.0/deed.en/.	curl -O "https://upload.wikimedia.org/wikipedia/commons/1/1b/Owner_Kyoto_Horse_Racing.svg"
74c4cd86-ecfe-44f2-9f35-003c1ca56888	Owner Yushun Horse Club 002	Ocdp	CC0	illustration	wikimedia	svg	horse	"Owner Yushun Horse Club 002" by Ocdp is marked with CC0 1.0. To view the terms, visit https://creativecommons.org/publicdomain/zero/1.0/deed.en/.	curl -O "https://upload.wikimedia.org/wikipedia/commons/d/db/Owner_Yushun_Horse_Club_002.svg"
b3d48edc-da1c-42ce-a105-e42fda6cae8e	Horse (12533) - The Noun Project	Road Signs	CC0	illustration	wikimedia	svg	horse	"Horse (12533) - The Noun Project" by Road Signs is marked with CC0 1.0. To view the terms, visit https://creativecommons.org/publicdomain/zero/1.0/deed.en/.	curl -O "https://upload.wikimedia.org/wikipedia/commons/8/87/Horse_%2812533%29_-_The_Noun_Project.svg"
0cf7ff5a-28ee-494c-904b-f1152b9135b3	CZ traffic sign A13 - Horse	Zirland	CC-BY 3.0	illustration	wikimedia	svg	horse	"CZ traffic sign A13 - Horse" by Zirland is licensed under CC BY 3.0. To view a copy of this license, visit https://creativecommons.org/licenses/by/3.0/.	curl -O "https://upload.wikimedia.org/wikipedia/commons/8/85/CZ_traffic_sign_A13_-_Horse.svg"
d5eeb5ed-8f1a-4fe6-94e2-887a7a8e2904	Owner The Horse Flys Partnership	JockeyColours	CC0	illustration	wikimedia	svg	horse	"Owner The Horse Flys Partnership" by JockeyColours is marked with CC0 1.0. To view the terms, visit https://creativecommons.org/publicdomain/zero/1.0/deed.en/.	curl -O "https://upload.wikimedia.org/wikipedia/commons/f/f1/Owner_The_Horse_Flys_Partnership.svg"
9e97def0-900a-40e2-8545-3cb58c84d1a6	Xiangqi horse movement	Sammy2012	CC0	illustration	wikimedia	svg	horse	"Xiangqi horse movement" by Sammy2012 is marked with CC0 1.0. To view the terms, visit https://creativecommons.org/publicdomain/zero/1.0/deed.en/.	curl -O "https://upload.wikimedia.org/wikipedia/commons/9/90/Xiangqi_horse_movement.svg?utm_source=commons.wikimedia.org&utm_campaign=imageinfo&utm_content=original"
f6595436-5710-45a5-9d20-151954ac3420	Horse Ramp (153976) - The Noun Project	Luis Prado	CC0	illustration	wikimedia	svg	horse	"Horse Ramp (153976) - The Noun Project" by Luis Prado is marked with CC0 1.0. To view the terms, visit https://creativecommons.org/publicdomain/zero/1.0/deed.en/.	curl -O "https://upload.wikimedia.org/wikipedia/commons/0/0d/Horse_Ramp_%28153976%29_-_The_Noun_Project.svg"
6fa4606c-d622-483a-84f5-339347bd9439	Douglas Bay Horse Tramway	Rcsprinter123	CC-BY 3.0	illustration	wikimedia	svg	horse	"Douglas Bay Horse Tramway" by Rcsprinter123 is licensed under CC BY 3.0. To view a copy of this license, visit https://creativecommons.org/licenses/by/3.0/.	curl -O "https://upload.wikimedia.org/wikipedia/commons/3/3d/Douglas_Bay_Horse_Tramway.svg"
5d0169b9-9168-474d-bf24-72a298b9c2c7	Example of Horse Racing Colours of Japan 08	Ocdp	CC0	illustration	wikimedia	svg	horse	"Example of Horse Racing Colours of Japan 08" by Ocdp is marked with CC0 1.0. To view the terms, visit https://creativecommons.org/publicdomain/zero/1.0/deed.en/.	curl -O "https://upload.wikimedia.org/wikipedia/commons/4/4c/Example_of_Horse_Racing_Colours_of_Japan_08.svg"
5243030b-f4e1-4a5f-8654-56294962060d	Example of Horse Racing Colours of Japan 01	Ocdp	CC0	illustration	wikimedia	svg	horse	"Example of Horse Racing Colours of Japan 01" by Ocdp is marked with CC0 1.0. To view the terms, visit https://creativecommons.org/publicdomain/zero/1.0/deed.en/.	curl -O "https://upload.wikimedia.org/wikipedia/commons/3/33/Example_of_Horse_Racing_Colours_of_Japan_01.svg"
fd0c4d0a-0c48-4e6b-b466-d4d2753369d2	Owner Horse Tajima	Ocdp	CC0	illustration	wikimedia	svg	horse	"Owner Horse Tajima" by Ocdp is marked with CC0 1.0. To view the terms, visit https://creativecommons.org/publicdomain/zero/1.0/deed.en/.	curl -O "https://upload.wikimedia.org/wikipedia/commons/e/e7/Owner_Horse_Tajima.svg"
128a9b7e-1630-46c5-a3b7-0d636aef06b0	Example of Horse Racing Colours of Japan 21	Ocdp	CC0	illustration	wikimedia	svg	horse	"Example of Horse Racing Colours of Japan 21" by Ocdp is marked with CC0 1.0. To view the terms, visit https://creativecommons.org/publicdomain/zero/1.0/deed.en/.	curl -O "https://upload.wikimedia.org/wikipedia/commons/c/c0/Example_of_Horse_Racing_Colours_of_Japan_21.svg"
6289f721-f6ff-4335-8aae-9affd4b7591f	MapOfAinuLanguage-Horse	AsPJT	CC0	illustration	wikimedia	svg	horse	"MapOfAinuLanguage-Horse" by AsPJT is marked with CC0 1.0. To view the terms, visit https://creativecommons.org/publicdomain/zero/1.0/deed.en/.	curl -O "https://upload.wikimedia.org/wikipedia/commons/7/7e/MapOfAinuLanguage-Horse.svg"
26c6df43-baae-444f-b1b1-47d23589afd2	Example of Horse Racing Colours of Japan 10	Ocdp	CC0	illustration	wikimedia	svg	horse	"Example of Horse Racing Colours of Japan 10" by Ocdp is marked with CC0 1.0. To view the terms, visit https://creativecommons.org/publicdomain/zero/1.0/deed.en/.	curl -O "https://upload.wikimedia.org/wikipedia/commons/9/93/Example_of_Horse_Racing_Colours_of_Japan_10.svg"
ac72339b-1b79-43be-a20c-6b5a538d2f1b	Example of Horse Racing Colours of Japan 14	Ocdp	CC0	illustration	wikimedia	svg	horse	"Example of Horse Racing Colours of Japan 14" by Ocdp is marked with CC0 1.0. To view the terms, visit https://creativecommons.org/publicdomain/zero/1.0/deed.en/.	curl -O "https://upload.wikimedia.org/wikipedia/commons/6/68/Example_of_Horse_Racing_Colours_of_Japan_14.svg"
d33e8f4d-33d5-46f4-a9c6-29174988f834	Example of Horse Racing Colours of Japan 05	Ocdp	CC0	illustration	wikimedia	svg	horse	"Example of Horse Racing Colours of Japan 05" by Ocdp is marked with CC0 1.0. To view the terms, visit https://creativecommons.org/publicdomain/zero/1.0/deed.en/.	curl -O "https://upload.wikimedia.org/wikipedia/commons/8/8e/Example_of_Horse_Racing_Colours_of_Japan_05.svg"
a09d1b80-aea4-4652-ba14-22d1f58b0eca	Vale of White Horse District Council 2023	Neko12345	CC0	illustration	wikimedia	svg	horse	"Vale of White Horse District Council 2023" by Neko12345 is marked with CC0 1.0. To view the terms, visit https://creativecommons.org/publicdomain/zero/1.0/deed.en/.	curl -O "https://upload.wikimedia.org/wikipedia/commons/6/69/Vale_of_White_Horse_District_Council_2023.svg"
82def9bc-099e-4774-a6ef-f69d4341b264	Example of Horse Racing Colours of Japan 18	Ocdp	CC0	illustration	wikimedia	svg	horse	"Example of Horse Racing Colours of Japan 18" by Ocdp is marked with CC0 1.0. To view the terms, visit https://creativecommons.org/publicdomain/zero/1.0/deed.en/.	curl -O "https://upload.wikimedia.org/wikipedia/commons/3/31/Example_of_Horse_Racing_Colours_of_Japan_18.svg"
f4abaae3-8208-4d53-b42c-72a80a1db743	Example of Horse Racing Colours of Japan 04	Ocdp	CC0	illustration	wikimedia	svg	horse	"Example of Horse Racing Colours of Japan 04" by Ocdp is marked with CC0 1.0. To view the terms, visit https://creativecommons.org/publicdomain/zero/1.0/deed.en/.	curl -O "https://upload.wikimedia.org/wikipedia/commons/1/1f/Example_of_Horse_Racing_Colours_of_Japan_04.svg"
09311611-04e7-4348-aafc-b298b629c371	Example of Horse Racing Colours of Japan 13	Ocdp	CC0	illustration	wikimedia	svg	horse	"Example of Horse Racing Colours of Japan 13" by Ocdp is marked with CC0 1.0. To view the terms, visit https://creativecommons.org/publicdomain/zero/1.0/deed.en/.	curl -O "https://upload.wikimedia.org/wikipedia/commons/8/8d/Example_of_Horse_Racing_Colours_of_Japan_13.svg"
890b9b15-66dd-49a9-b5e5-47a6ff661609	Example of Horse Racing Colours of Japan 03	Ocdp	CC0	illustration	wikimedia	svg	horse	"Example of Horse Racing Colours of Japan 03" by Ocdp is marked with CC0 1.0. To view the terms, visit https://creativecommons.org/publicdomain/zero/1.0/deed.en/.	curl -O "https://upload.wikimedia.org/wikipedia/commons/8/8e/Example_of_Horse_Racing_Colours_of_Japan_03.svg"
4c6686e1-941f-40bf-adb0-4d3d279359b2	Example of Horse Racing Colours of Japan 11	Ocdp	CC0	illustration	wikimedia	svg	horse	"Example of Horse Racing Colours of Japan 11" by Ocdp is marked with CC0 1.0. To view the terms, visit https://creativecommons.org/publicdomain/zero/1.0/deed.en/.	curl -O "https://upload.wikimedia.org/wikipedia/commons/a/a7/Example_of_Horse_Racing_Colours_of_Japan_11.svg"
82df2d08-98ac-4577-9d8f-42aa5aef529f	Example of Horse Racing Colours of Japan 15	Ocdp	CC0	illustration	wikimedia	svg	horse	"Example of Horse Racing Colours of Japan 15" by Ocdp is marked with CC0 1.0. To view the terms, visit https://creativecommons.org/publicdomain/zero/1.0/deed.en/.	curl -O "https://upload.wikimedia.org/wikipedia/commons/4/4b/Example_of_Horse_Racing_Colours_of_Japan_15.svg"
391fc83f-629a-4e06-8289-764533e499f6	Example of Horse Racing Colours of Japan 07	Ocdp	CC0	illustration	wikimedia	svg	horse	"Example of Horse Racing Colours of Japan 07" by Ocdp is marked with CC0 1.0. To view the terms, visit https://creativecommons.org/publicdomain/zero/1.0/deed.en/.	curl -O "https://upload.wikimedia.org/wikipedia/commons/e/e7/Example_of_Horse_Racing_Colours_of_Japan_07.svg"
6174bab4-8fbe-444c-bc49-3323994392c6	Maki7-horse-riding	Mapbox, https://github.com/mapbox/maki/graphs/contributors	CC0	illustration	wikimedia	svg	horse	"Maki7-horse-riding" by Mapbox, https://github.com/mapbox/maki/graphs/contributors is marked with CC0 1.0. To view the terms, visit https://creativecommons.org/publicdomain/zero/1.0/deed.en/.	curl -O "https://upload.wikimedia.org/wikipedia/commons/e/ea/Maki7-horse-riding.svg"
c5e2e57f-8258-4f80-a51a-15778a65dca1	Example of Horse Racing Colours of Japan 22	Ocdp	CC0	illustration	wikimedia	svg	horse	"Example of Horse Racing Colours of Japan 22" by Ocdp is marked with CC0 1.0. To view the terms, visit https://creativecommons.org/publicdomain/zero/1.0/deed.en/.	curl -O "https://upload.wikimedia.org/wikipedia/commons/5/5f/Example_of_Horse_Racing_Colours_of_Japan_22.svg"
2a122d3c-fa5c-44c9-82dc-f83b81cdded0	Example of Horse Racing Colours of Japan 20	Ocdp	CC0	illustration	wikimedia	svg	horse	"Example of Horse Racing Colours of Japan 20" by Ocdp is marked with CC0 1.0. To view the terms, visit https://creativecommons.org/publicdomain/zero/1.0/deed.en/.	curl -O "https://upload.wikimedia.org/wikipedia/commons/c/c4/Example_of_Horse_Racing_Colours_of_Japan_20.svg"
22340811-bd0e-4263-a5fa-265acb4cd84b	Example of Horse Racing Colours of Japan 12	Ocdp	CC0	illustration	wikimedia	svg	horse	"Example of Horse Racing Colours of Japan 12" by Ocdp is marked with CC0 1.0. To view the terms, visit https://creativecommons.org/publicdomain/zero/1.0/deed.en/.	curl -O "https://upload.wikimedia.org/wikipedia/commons/d/df/Example_of_Horse_Racing_Colours_of_Japan_12.svg"
edc28d47-2e4c-4a85-b4f1-64d53e05ca0e	Example of Horse Racing Colours of Japan 17	Ocdp	CC0	illustration	wikimedia	svg	horse	"Example of Horse Racing Colours of Japan 17" by Ocdp is marked with CC0 1.0. To view the terms, visit https://creativecommons.org/publicdomain/zero/1.0/deed.en/.	curl -O "https://upload.wikimedia.org/wikipedia/commons/e/e2/Example_of_Horse_Racing_Colours_of_Japan_17.svg"
519e134e-2723-49f2-bdf7-168bca967143	Example of Horse Racing Colours of Japan 19	Ocdp	CC0	illustration	wikimedia	svg	horse	"Example of Horse Racing Colours of Japan 19" by Ocdp is marked with CC0 1.0. To view the terms, visit https://creativecommons.org/publicdomain/zero/1.0/deed.en/.	curl -O "https://upload.wikimedia.org/wikipedia/commons/9/9c/Example_of_Horse_Racing_Colours_of_Japan_19.svg"
d0e5b49c-aae2-4215-b711-d9f02be6b4fb	Example of Horse Racing Colours of Japan 09	Ocdp	CC0	illustration	wikimedia	svg	horse	"Example of Horse Racing Colours of Japan 09" by Ocdp is marked with CC0 1.0. To view the terms, visit https://creativecommons.org/publicdomain/zero/1.0/deed.en/.	curl -O "https://upload.wikimedia.org/wikipedia/commons/7/7a/Example_of_Horse_Racing_Colours_of_Japan_09.svg"
bc38f956-d694-42a5-8f5f-b42bb809a50f	CAN AB 137 HORSE LAKE INDIAN RESERVE -152B	awmcphee	CC0	illustration	wikimedia	svg	horse	"CAN AB 137 HORSE LAKE INDIAN RESERVE -152B" by awmcphee is marked with CC0 1.0. To view the terms, visit https://creativecommons.org/publicdomain/zero/1.0/deed.en/.	curl -O "https://upload.wikimedia.org/wikipedia/commons/e/eb/CAN_AB_137_HORSE_LAKE_INDIAN_RESERVE_-152B.svg"
196e92b5-8101-416d-9417-780a94f50585	Example of Horse Racing Colours of Japan 06	Ocdp	CC0	illustration	wikimedia	svg	horse	"Example of Horse Racing Colours of Japan 06" by Ocdp is marked with CC0 1.0. To view the terms, visit https://creativecommons.org/publicdomain/zero/1.0/deed.en/.	curl -O "https://upload.wikimedia.org/wikipedia/commons/d/df/Example_of_Horse_Racing_Colours_of_Japan_06.svg"
65540fb6-18fc-49b8-a305-08c3a0a1c2ee	Example of Horse Racing Colours of Japan 02	Ocdp	CC0	illustration	wikimedia	svg	horse	"Example of Horse Racing Colours of Japan 02" by Ocdp is marked with CC0 1.0. To view the terms, visit https://creativecommons.org/publicdomain/zero/1.0/deed.en/.	curl -O "https://upload.wikimedia.org/wikipedia/commons/0/0f/Example_of_Horse_Racing_Colours_of_Japan_02.svg"
2a1d513c-4407-4cc8-a17b-da383cbe8814	Owner Satomi Horse	Ocdp	CC0	illustration	wikimedia	svg	horse	"Owner Satomi Horse" by Ocdp is marked with CC0 1.0. To view the terms, visit https://creativecommons.org/publicdomain/zero/1.0/deed.en/.	curl -O "https://upload.wikimedia.org/wikipedia/commons/b/bb/Owner_Satomi_Horse.svg"
f0b99386-48de-494c-9715-583bbee9c3b9	Example of Horse Racing Colours of Japan 16	Ocdp	CC0	illustration	wikimedia	svg	horse	"Example of Horse Racing Colours of Japan 16" by Ocdp is marked with CC0 1.0. To view the terms, visit https://creativecommons.org/publicdomain/zero/1.0/deed.en/.	curl -O "https://upload.wikimedia.org/wikipedia/commons/5/54/Example_of_Horse_Racing_Colours_of_Japan_16.svg"
6e813949-fb07-4bb9-9a55-a32be26474cc	Horse rider clipart, vintage sport	?	CC0	illustration	rawpixel	eps	horse	"Horse rider clipart, vintage sport" is marked with CC0 1.0. To view the terms, visit https://creativecommons.org/publicdomain/zero/1.0/.	curl -O "https://images.rawpixel.com/editor_1024/cHJpdmF0ZS9zdGF0aWMvaW1hZ2Uvd2Vic2l0ZS8yMDIyLTA0L2xyL2pvYjY3MS0xMTktdi1sMWRhOHE3dy5qcGc.jpg"
1623ad02-3668-4f0b-b53c-36070020b066	PNG Pony small horse, clipart	Miiruuku	CC0	illustration	rawpixel	png	horse	"PNG Pony small horse, clipart" by Miiruuku is marked with CC0 1.0. To view the terms, visit https://creativecommons.org/publicdomain/zero/1.0/.	curl -O "https://images.rawpixel.com/image_png_1300/cHJpdmF0ZS9sci9pbWFnZXMvd2Vic2l0ZS8yMDIzLTA1L2pvYjk2NS1lbGVtZW50LTM0LXBfMy5wbmc.png"
db6d9013-4834-4a1b-b7ac-ba35f33280f0	Horse drawing, animal vintage illustration	?	CC0	illustration	rawpixel	jpg	horse	"Horse drawing, animal vintage illustration" is marked with CC0 1.0. To view the terms, visit https://creativecommons.org/publicdomain/zero/1.0/.	curl -O "https://images.rawpixel.com/editor_1024/cHJpdmF0ZS9sci9pbWFnZXMvd2Vic2l0ZS8yMDIyLTA0L2pvYjY3Ni0xMTYteC5qcGc.jpg"
72fbb4f0-11f7-4286-b7cf-acea79453aaf	Horse png sticker, vintage animal	?	CC0	illustration	rawpixel	png	horse	"Horse png sticker, vintage animal" is marked with CC0 1.0. To view the terms, visit https://creativecommons.org/publicdomain/zero/1.0/.	curl -O "https://images.rawpixel.com/image_png_1300/cHJpdmF0ZS9sci9pbWFnZXMvd2Vic2l0ZS8yMDIyLTA0L2pvYjcxMS0wMTMtcC5wbmc.png"
9f7597ab-b9a6-4f2d-a397-bb870c4a4538	Horse anatomy drawing, skeleton illustration	?	CC0	illustration	rawpixel	eps	horse	"Horse anatomy drawing, skeleton illustration" is marked with CC0 1.0. To view the terms, visit https://creativecommons.org/publicdomain/zero/1.0/.	curl -O "https://images.rawpixel.com/editor_1024/cHJpdmF0ZS9sci9pbWFnZXMvd2Vic2l0ZS8yMDIyLTA0L2pvYjcxMi0xNDMtdi5qcGc.jpg"
2ef68d2f-287b-4a46-b628-625714955d10	Horse head drawing, vintage wildlife	?	CC0	illustration	rawpixel	jpg	horse	"Horse head drawing, vintage wildlife" is marked with CC0 1.0. To view the terms, visit https://creativecommons.org/publicdomain/zero/1.0/.	curl -O "https://images.rawpixel.com/editor_1024/czNmcy1wcml2YXRlL3Jhd3BpeGVsX2ltYWdlcy93ZWJzaXRlX2NvbnRlbnQvbHIvam9iNjczLTE2OS14LmpwZw.jpg"
def8c7c3-e989-4387-87ab-96e26cd88ddd	Running horse drawing, animal vintage	?	CC0	illustration	rawpixel	jpg	horse	"Running horse drawing, animal vintage" is marked with CC0 1.0. To view the terms, visit https://creativecommons.org/publicdomain/zero/1.0/.	curl -O "https://images.rawpixel.com/editor_1024/czNmcy1wcml2YXRlL3Jhd3BpeGVsX2ltYWdlcy93ZWJzaXRlX2NvbnRlbnQvam9iNjcwLTAxMjlhLXguanBn.jpg"
e7f00b45-cee9-4339-ba22-7ec29edb8f50	Sheep silhouette 02	LadyofHats	CC0	illustration	wikimedia	svg	sheep	"Sheep silhouette 02" by LadyofHats is marked with CC0 1.0. To view the terms, visit https://creativecommons.org/publicdomain/zero/1.0/deed.en.	curl -O "https://upload.wikimedia.org/wikipedia/commons/6/68/Sheep_silhouette_02.svg"
504f49e3-3648-4f8e-8a60-d96718696e8c	Baa Baa Black Sheep	Ksd5	CC0	illustration	wikimedia	svg	sheep	"Baa Baa Black Sheep" by Ksd5 is marked with CC0 1.0. To view the terms, visit https://creativecommons.org/publicdomain/zero/1.0/deed.en/.	curl -O "https://upload.wikimedia.org/wikipedia/commons/9/94/Baa_Baa_Black_Sheep.svg"
7852f3ac-a7b9-4b15-ac7f-e3ae2b398892	Owner Sheep As A Lamb Syndicate	JockeyColours	CC0	illustration	wikimedia	svg	sheep	"Owner Sheep As A Lamb Syndicate" by JockeyColours is marked with CC0 1.0. To view the terms, visit https://creativecommons.org/publicdomain/zero/1.0/deed.en/.	curl -O "https://upload.wikimedia.org/wikipedia/commons/1/1e/Owner_Sheep_As_A_Lamb_Syndicate.svg"
1dd4c06a-0ced-4e19-a7c0-2a1a6fbcb81f	Sheep closeup 03	LadyofHats	CC0	illustration	wikimedia	svg	sheep	"Sheep closeup 03" by LadyofHats is marked with CC0 1.0. To view the terms, visit https://creativecommons.org/publicdomain/zero/1.0/deed.en.	curl -O "https://upload.wikimedia.org/wikipedia/commons/e/ed/Sheep_closeup_03.svg"
43949146-9420-47ea-910d-a5f44953d3a4	Sheep head drawing, vintage animal	?	CC0	illustration	rawpixel	jpg	sheep	"Sheep head drawing, vintage animal" is marked with CC0 1.0. To view the terms, visit https://creativecommons.org/publicdomain/zero/1.0/.	curl -O "https://images.rawpixel.com/editor_1024/czNmcy1wcml2YXRlL3Jhd3BpeGVsX2ltYWdlcy93ZWJzaXRlX2NvbnRlbnQvam9iNjcyLTE3Ny14LmpwZw.jpg"
13e07d7e-5814-447d-9052-497560ab53c3	Merino, ram, sheep clipart, farm	?	CC0	illustration	rawpixel	eps	sheep	"Merino, ram, sheep clipart, farm" is marked with CC0 1.0. To view the terms, visit https://creativecommons.org/publicdomain/zero/1.0/.	curl -O "https://images.rawpixel.com/editor_1024/cHJpdmF0ZS9zdGF0aWMvaW1hZ2Uvd2Vic2l0ZS8yMDIyLTA0L2xyL2pvYjY3MS0xMzEtdi1sMWRhOWhvcy5qcGc.jpg"
c2c4d54e-7d39-44a3-a82c-a4dc6fe62890	Sheep clipart, farm animal illustration	?	CC0	illustration	rawpixel	eps	sheep	"Sheep clipart, farm animal illustration" is marked with CC0 1.0. To view the terms, visit https://creativecommons.org/publicdomain/zero/1.0/.	curl -O "https://images.rawpixel.com/editor_1024/cHJpdmF0ZS9sci9pbWFnZXMvd2Vic2l0ZS8yMDIyLTA0L2pvYjY4Ni0zNTgtdi5qcGc.jpg"
1625a363-11d5-4b96-9e91-3d890a9655a7	Argali clipart, vintage wild sheep	?	CC0	illustration	rawpixel	eps	sheep	"Argali clipart, vintage wild sheep" is marked with CC0 1.0. To view the terms, visit https://creativecommons.org/publicdomain/zero/1.0/.	curl -O "https://images.rawpixel.com/editor_1024/cHJpdmF0ZS9zdGF0aWMvaW1hZ2Uvd2Vic2l0ZS8yMDIyLTA0L2xyL2pvYjY3MS0wMzEtdi1sMWRhODF4ZS5qcGc.jpg"
c007e4db-724e-4a53-bc3e-646e67edcb07	Sheep png illustration, transparent background	?	CC0	illustration	rawpixel	png	sheep	"Sheep png illustration, transparent background" is marked with CC0 1.0. To view the terms, visit https://creativecommons.org/publicdomain/zero/1.0/.	curl -O "https://images.rawpixel.com/image_png_1300/cHJpdmF0ZS9sci9pbWFnZXMvd2Vic2l0ZS8yMDIyLTA4L2pvYjk2MS0wMjMxLXAucG5n.png"
3f7dbe28-3a1d-428e-ba02-cd2dfc2b9606	Sheep png sticker, transparent background	?	CC0	illustration	rawpixel	png	sheep	"Sheep png sticker, transparent background" is marked with CC0 1.0. To view the terms, visit https://creativecommons.org/publicdomain/zero/1.0/.	curl -O "https://images.rawpixel.com/image_png_1300/cHJpdmF0ZS9sci9pbWFnZXMvd2Vic2l0ZS8yMDIzLTA0L2pvYjk2OS0wNDYtcF8yLnBuZw.png"
05eb1c2f-c6c5-4ee9-8bdb-707230570a7e	Sheep illustration clipart vector	?	CC0	illustration	rawpixel	eps	sheep	"Sheep illustration clipart vector" is marked with CC0 1.0. To view the terms, visit https://creativecommons.org/publicdomain/zero/1.0/.	curl -O "https://images.rawpixel.com/editor_1024/cHJpdmF0ZS9sci9pbWFnZXMvd2Vic2l0ZS8yMDIyLTA0L2pvYjcxMy0wMTAtdi5qcGc.jpg"
7e123741-d141-4924-8ce6-290af48be4cd	Leicester sheep drawing, vintage farm	?	CC0	illustration	rawpixel	jpg	sheep	"Leicester sheep drawing, vintage farm" is marked with CC0 1.0. To view the terms, visit https://creativecommons.org/publicdomain/zero/1.0/.	curl -O "https://images.rawpixel.com/editor_1024/czNmcy1wcml2YXRlL3Jhd3BpeGVsX2ltYWdlcy93ZWJzaXRlX2NvbnRlbnQvam9iNjcyLTAzOS14LmpwZw.jpg"
3cca678b-b533-4f24-a18e-4005094d8d7f	Leicester sheep png sticker, farm	?	CC0	illustration	rawpixel	png	sheep	"Leicester sheep png sticker, farm" is marked with CC0 1.0. To view the terms, visit https://creativecommons.org/publicdomain/zero/1.0/.	curl -O "https://images.rawpixel.com/image_png_1300/czNmcy1wcml2YXRlL3Jhd3BpeGVsX2ltYWdlcy93ZWJzaXRlX2NvbnRlbnQvam9iNjcyLTAzOS1wLWwxbXY2eGl1LnBuZw.png"
59f47ed5-d94c-47a1-afbf-99b015cb6a5e	Bighorn sheep clipart, vintage animal	?	CC0	illustration	rawpixel	eps	sheep	"Bighorn sheep clipart, vintage animal" is marked with CC0 1.0. To view the terms, visit https://creativecommons.org/publicdomain/zero/1.0/.	curl -O "https://images.rawpixel.com/editor_1024/czNmcy1wcml2YXRlL3Jhd3BpeGVsX2ltYWdlcy93ZWJzaXRlX2NvbnRlbnQvam9iNjcyLTAwNS12LWwxbXY3MXQ1LmpwZw.jpg"
b0c5a600-9053-4d71-867b-b58b57541834	sheep	?	CC0	illustration	svgsilh	?	sheep	"sheep" is marked with CC0 1.0. To view the terms, visit https://creativecommons.org/publicdomain/zero/1.0/.	curl -O "https://svgsilh.com/png/3283012-3f51b5.png"
6c66d12e-751d-4d02-a559-2081846ff491	sheep	?	CC0	illustration	svgsilh	?	sheep	"sheep" is marked with CC0 1.0. To view the terms, visit https://creativecommons.org/publicdomain/zero/1.0/.	curl -O "https://svgsilh.com/png/2680317-3f51b5.png"
3972f7e2-29a8-48b9-829b-152a070cb03e	Sheep illustration	?	CC0	illustration	rawpixel	jpg	sheep	"Sheep illustration" is marked with CC0 1.0. To view the terms, visit https://creativecommons.org/publicdomain/zero/1.0/.	curl -O "https://images.rawpixel.com/editor_1024/cHJpdmF0ZS9sci9pbWFnZXMvd2Vic2l0ZS8yMDIyLTA4L2pvYjk2MS0wMjMxLXguanBn.jpg"
5ffcb7ca-57b1-4a72-a286-ec864e97c544	Sheep clipart illustration vector	?	CC0	illustration	rawpixel	eps	sheep	"Sheep clipart illustration vector" is marked with CC0 1.0. To view the terms, visit https://creativecommons.org/publicdomain/zero/1.0/.	curl -O "https://images.rawpixel.com/editor_1024/cHJpdmF0ZS9sci9pbWFnZXMvd2Vic2l0ZS8yMDIyLTA4L2pvYjk2MS0wMjMwLXYuanBn.jpg"
30c6c8b0-6cd5-4be8-ab1f-94f5ca82a97b	Sheep clipart, farm animal illustration	?	CC0	illustration	rawpixel	jpg	sheep	"Sheep clipart, farm animal illustration" is marked with CC0 1.0. To view the terms, visit https://creativecommons.org/publicdomain/zero/1.0/.	curl -O "https://images.rawpixel.com/editor_1024/cHJpdmF0ZS9sci9pbWFnZXMvd2Vic2l0ZS8yMDIyLTA0L2pvYjY4Ni0zNTgteC5qcGc.jpg"
8c1ddbc7-21d1-4ec4-8448-198daa532fe8	sheep	?	CC0	illustration	svgsilh	?	sheep	"sheep" is marked with CC0 1.0. To view the terms, visit https://creativecommons.org/publicdomain/zero/1.0/.	curl -O "https://svgsilh.com/png/24703-3f51b5.png"
63c152bc-138d-43d9-a584-870d662eaee2	Mother sheep and lamb collage	?	CC0	illustration	rawpixel	eps	sheep	"Mother sheep and lamb collage" is marked with CC0 1.0. To view the terms, visit https://creativecommons.org/publicdomain/zero/1.0/.	curl -O "https://images.rawpixel.com/editor_1024/cHJpdmF0ZS9sci9pbWFnZXMvd2Vic2l0ZS8yMDIzLTA0L2pvYjk2OS0wNDUtbGczMmJtdHouanBn.jpg"
37a7f2b7-e555-49d7-b2da-9d9bfbaec106	Sheep illustration vector	?	CC0	illustration	rawpixel	eps	sheep	"Sheep illustration vector" is marked with CC0 1.0. To view the terms, visit https://creativecommons.org/publicdomain/zero/1.0/.	curl -O "https://images.rawpixel.com/editor_1024/cHJpdmF0ZS9sci9pbWFnZXMvd2Vic2l0ZS8yMDIyLTA4L2pvYjk2MS0wMjMxLXYuanBn.jpg"
e3515d1f-a370-4936-821f-d7b5f533dc34	sheep	?	CC0	illustration	svgsilh	?	sheep	"sheep" is marked with CC0 1.0. To view the terms, visit https://creativecommons.org/publicdomain/zero/1.0/.	curl -O "https://svgsilh.com/png/1702340-3f51b5.png"
fa8b0ca2-492c-46df-96f6-3f6490829a80	Sheep collage element vector	?	CC0	illustration	rawpixel	eps	sheep	"Sheep collage element vector" is marked with CC0 1.0. To view the terms, visit https://creativecommons.org/publicdomain/zero/1.0/.	curl -O "https://images.rawpixel.com/editor_1024/cHJpdmF0ZS9sci9pbWFnZXMvd2Vic2l0ZS8yMDIzLTA0L2pvYjk2OS0wNDYtbGczMmNhaWQuanBn.jpg"
d55ac41b-1c36-4f4b-9c8a-692c88ef2c10	sheep	?	CC0	illustration	svgsilh	?	sheep	"sheep" is marked with CC0 1.0. To view the terms, visit https://creativecommons.org/publicdomain/zero/1.0/.	curl -O "https://svgsilh.com/png/161630-3f51b5.png"
e16fc516-e919-43cd-afb3-9a3db21ef219	sheep	?	CC0	illustration	svgsilh	?	sheep	"sheep" is marked with CC0 1.0. To view the terms, visit https://creativecommons.org/publicdomain/zero/1.0/.	curl -O "https://svgsilh.com/png/151666-3f51b5.png"
862e5c94-39fd-4620-ac70-e153543d0c2f	Argali drawing, wild sheep, animal	?	CC0	illustration	rawpixel	jpg	sheep	"Argali drawing, wild sheep, animal" is marked with CC0 1.0. To view the terms, visit https://creativecommons.org/publicdomain/zero/1.0/.	curl -O "https://images.rawpixel.com/editor_1024/czNmcy1wcml2YXRlL3Jhd3BpeGVsX2ltYWdlcy93ZWJzaXRlX2NvbnRlbnQvam9iNjcxLTAzMS14LmpwZw.jpg"
b535bb7e-f0dc-481a-9b35-f5735407a306	sheep	?	CC0	illustration	svgsilh	?	sheep	"sheep" is marked with CC0 1.0. To view the terms, visit https://creativecommons.org/publicdomain/zero/1.0/.	curl -O "https://svgsilh.com/png/2027774-3f51b5.png"
04d3c121-de0e-4dce-bf0f-3d4e2d298f4b	Marco polo sheep drawing, hand	?	CC0	illustration	rawpixel	jpg	sheep	"Marco polo sheep drawing, hand" is marked with CC0 1.0. To view the terms, visit https://creativecommons.org/publicdomain/zero/1.0/.	curl -O "https://images.rawpixel.com/editor_1024/czNmcy1wcml2YXRlL3Jhd3BpeGVsX2ltYWdlcy93ZWJzaXRlX2NvbnRlbnQvam9iNjY4LTA3OS14LmpwZw.jpg"
81ddf716-12fe-4733-9cc6-1fd40a43fbb5	sheep	?	CC0	illustration	svgsilh	?	sheep	"sheep" is marked with CC0 1.0. To view the terms, visit https://creativecommons.org/publicdomain/zero/1.0/.	curl -O "https://svgsilh.com/png/158272-3f51b5.png"
7bd77f62-d4e8-4c6f-b2c0-45e2108e820b	Bighorn sheep drawing, vintage animal	?	CC0	illustration	rawpixel	jpg	sheep	"Bighorn sheep drawing, vintage animal" is marked with CC0 1.0. To view the terms, visit https://creativecommons.org/publicdomain/zero/1.0/.	curl -O "https://images.rawpixel.com/editor_1024/czNmcy1wcml2YXRlL3Jhd3BpeGVsX2ltYWdlcy93ZWJzaXRlX2NvbnRlbnQvam9iNjcyLTAwNS14LmpwZw.jpg"
469142b6-3d6e-4490-b6c0-c093fe84a134	Marco polo sheep drawing, animal	?	CC0	illustration	rawpixel	eps	sheep	"Marco polo sheep drawing, animal" is marked with CC0 1.0. To view the terms, visit https://creativecommons.org/publicdomain/zero/1.0/.	curl -O "https://images.rawpixel.com/editor_1024/czNmcy1wcml2YXRlL3Jhd3BpeGVsX2ltYWdlcy93ZWJzaXRlX2NvbnRlbnQvam9iNjY4LTA3OS12LWwxNGFsMjIxLmpwZw.jpg"
067133e6-6d51-4057-afaa-747e641f5c5f	Sheep clipart, animal illustration vector	?	CC0	illustration	rawpixel	eps	sheep	"Sheep clipart, animal illustration vector" is marked with CC0 1.0. To view the terms, visit https://creativecommons.org/publicdomain/zero/1.0/.	curl -O "https://images.rawpixel.com/editor_1024/cHJpdmF0ZS9sci9pbWFnZXMvd2Vic2l0ZS8yMDIyLTA0L2pvYjcxMi0xNDEtdi5qcGc.jpg"
b45c984c-dfae-4648-a503-ea29413caf58	Sheep mother & baby clip	?	CC0	illustration	rawpixel	eps	sheep	"Sheep mother & baby clip" is marked with CC0 1.0. To view the terms, visit https://creativecommons.org/publicdomain/zero/1.0/.	curl -O "https://images.rawpixel.com/editor_1024/cHJpdmF0ZS9zdGF0aWMvaW1hZ2VzL3dlYnNpdGUvMjAyMy0wNC9qb2I5NjQtMTUwLXYuanBn.jpg"
5d4622d7-2503-4fa4-8728-1013c55a4823	Sheep clipart illustration vector	?	CC0	illustration	rawpixel	eps	sheep	"Sheep clipart illustration vector" is marked with CC0 1.0. To view the terms, visit https://creativecommons.org/publicdomain/zero/1.0/.	curl -O "https://images.rawpixel.com/editor_1024/cHJpdmF0ZS9sci9pbWFnZXMvd2Vic2l0ZS8yMDIzLTAyL2pvYjk2OC1lbGVtZW50LTI2MC12LmpwZw.jpg"
b2ff9d66-605a-4d44-a5be-8174184fce2a	sheep	?	CC0	illustration	svgsilh	?	sheep	"sheep" is marked with CC0 1.0. To view the terms, visit https://creativecommons.org/publicdomain/zero/1.0/.	curl -O "https://svgsilh.com/png/30705-3f51b5.png"
35dcc419-0be7-4ef1-945f-56f2c3977533	Sheep icon 05	LadyofHats	CC0	illustration	wikimedia	svg	sheep	"Sheep icon 05" by LadyofHats is marked with CC0 1.0. To view the terms, visit https://creativecommons.org/publicdomain/zero/1.0/deed.en.	curl -O "https://upload.wikimedia.org/wikipedia/commons/1/11/Sheep_icon_05.svg"
d8a343e5-e57d-449e-a1bc-d95c0a245cf8	Sheep (166136) - The Noun Project 2	addylord	CC0	illustration	wikimedia	svg	sheep	"Sheep (166136) - The Noun Project 2" by addylord is marked with CC0 1.0. To view the terms, visit https://creativecommons.org/publicdomain/zero/1.0/deed.en/.	curl -O "https://upload.wikimedia.org/wikipedia/commons/f/fd/Sheep_%28166136%29_-_The_Noun_Project_2.svg"
e2c16f34-034e-4aab-8a22-702d738d7e7b	Sheep black and white illustration	?	CC0	illustration	rawpixel	jpg	sheep	"Sheep black and white illustration" is marked with CC0 1.0. To view the terms, visit https://creativecommons.org/publicdomain/zero/1.0/.	curl -O "https://images.rawpixel.com/editor_1024/cHJpdmF0ZS9sci9pbWFnZXMvd2Vic2l0ZS8yMDIyLTA0L2pvYjcxMy0wMTAteF8xLmpwZw.jpg"
6d5d8278-0e6a-4faa-86a4-9a9a65f6aa1e	202003 Model animal sheep	DataBase Center for Life Science (DBCLS)	CC-BY 4.0	illustration	wikimedia	svg	sheep	"202003 Model animal sheep" by DataBase Center for Life Science (DBCLS) is licensed under CC BY 4.0. To view a copy of this license, visit https://creativecommons.org/licenses/by/4.0/.	curl -O "https://upload.wikimedia.org/wikipedia/commons/3/35/202003_Model_animal_sheep.svg"
4e83c275-ce0d-49d7-915f-1a22919223cb	Sheep clipart 01	LadyofHats	CC0	illustration	wikimedia	svg	sheep	"Sheep clipart 01" by LadyofHats is marked with CC0 1.0. To view the terms, visit https://creativecommons.org/publicdomain/zero/1.0/deed.en.	curl -O "https://upload.wikimedia.org/wikipedia/commons/e/e5/Sheep_clipart_01.svg"
fcfbe07a-fc63-4634-b4d9-e979a956eb3f	202003 Model animal sheep mono	DataBase Center for Life Science (DBCLS)	CC-BY 4.0	illustration	wikimedia	svg	sheep	"202003 Model animal sheep mono" by DataBase Center for Life Science (DBCLS) is licensed under CC BY 4.0. To view a copy of this license, visit https://creativecommons.org/licenses/by/4.0/.	curl -O "https://upload.wikimedia.org/wikipedia/commons/8/88/202003_Model_animal_sheep_mono.svg"
18fa332f-537b-4849-8b34-3ff3e724056e	Sheep illustration	?	CC0	illustration	rawpixel	jpg	sheep	"Sheep illustration" is marked with CC0 1.0. To view the terms, visit https://creativecommons.org/publicdomain/zero/1.0/.	curl -O "https://images.rawpixel.com/editor_1024/cHJpdmF0ZS9sci9pbWFnZXMvd2Vic2l0ZS8yMDIzLTA0L2pvYjk2OS0wNDYteC5qcGc.jpg"
ef1ab4e0-4e3e-4baa-a083-237ed03e7f8b	Sheep body louse lifecycle	SnowFire	CC-BY 4.0	illustration	wikimedia	svg	sheep	"Sheep body louse lifecycle" by SnowFire is licensed under CC BY 4.0. To view a copy of this license, visit https://creativecommons.org/licenses/by/4.0/.	curl -O "https://upload.wikimedia.org/wikipedia/commons/c/ce/Sheep_body_louse_lifecycle.svg"
b374078e-e184-45d6-ac1d-014f9979011a	Sheep (12538) - The Noun Project	Road Signs	CC0	illustration	wikimedia	svg	sheep	"Sheep (12538) - The Noun Project" by Road Signs is marked with CC0 1.0. To view the terms, visit https://creativecommons.org/publicdomain/zero/1.0/deed.en/.	curl -O "https://upload.wikimedia.org/wikipedia/commons/6/64/Sheep_%2812538%29_-_The_Noun_Project.svg"
f4a1463d-a256-43d5-9e55-811817044837	Sheep - Delapouite - white - game-icons	Delapouite	CC-BY 3.0	illustration	wikimedia	svg	sheep	"Sheep - Delapouite - white - game-icons" by Delapouite is licensed under CC BY 3.0. To view a copy of this license, visit https://creativecommons.org/licenses/by/3.0/.	curl -O "https://upload.wikimedia.org/wikipedia/commons/2/27/Sheep_-_Delapouite_-_white_-_game-icons.svg"
6b20afce-640d-4976-b6c8-605148ea0c52	Sheep mother & baby clipart	?	CC0	illustration	rawpixel	jpg	sheep	"Sheep mother & baby clipart" is marked with CC0 1.0. To view the terms, visit https://creativecommons.org/publicdomain/zero/1.0/.	curl -O "https://images.rawpixel.com/editor_1024/cHJpdmF0ZS9sci9pbWFnZXMvd2Vic2l0ZS8yMDIzLTA0L2pvYjk2NC0xNTAteC5qcGc.jpg"
69838cea-b524-41cc-8dc9-482b448a7037	Sheep bw 06	LadyofHats	CC0	illustration	wikimedia	svg	sheep	"Sheep bw 06" by LadyofHats is marked with CC0 1.0. To view the terms, visit https://creativecommons.org/publicdomain/zero/1.0/deed.en.	curl -O "https://upload.wikimedia.org/wikipedia/commons/8/8a/Sheep_bw_06.svg"
3f5d0a09-c280-48ea-bbb7-fe3ab50d8de9	Sheep clipart	AnonymousUnknown author	CC0	illustration	wikimedia	svg	sheep	"Sheep clipart" by AnonymousUnknown author is marked with CC0 1.0. To view the terms, visit https://creativecommons.org/publicdomain/zero/1.0/deed.en/.	curl -O "https://upload.wikimedia.org/wikipedia/commons/6/66/Sheep_clipart.svg"
2d661cff-390e-434b-81a7-5b5677272b5b	202108 Sheep	DataBase Center for Life Science (DBCLS)	CC-BY 4.0	illustration	wikimedia	svg	sheep	"202108 Sheep" by DataBase Center for Life Science (DBCLS) is licensed under CC BY 4.0. To view a copy of this license, visit https://creativecommons.org/licenses/by/4.0/.	curl -O "https://upload.wikimedia.org/wikipedia/commons/2/28/202108_Sheep.svg"
acc4f1ab-120d-4685-8c6e-b99e496be7d3	Sheep cartoon 04	LadyofHats	CC0	illustration	wikimedia	svg	sheep	"Sheep cartoon 04" by LadyofHats is marked with CC0 1.0. To view the terms, visit https://creativecommons.org/publicdomain/zero/1.0/deed.en.	curl -O "https://upload.wikimedia.org/wikipedia/commons/9/91/Sheep_cartoon_04.svg"
81ce0b12-f6a7-47fb-a0db-ef26114d1a02	Sheep (166136) - The Noun Project	addylord	CC0	illustration	wikimedia	svg	sheep	"Sheep (166136) - The Noun Project" by addylord is marked with CC0 1.0. To view the terms, visit https://creativecommons.org/publicdomain/zero/1.0/deed.en/.	curl -O "https://upload.wikimedia.org/wikipedia/commons/4/45/Sheep_%28166136%29_-_The_Noun_Project.svg"
3f524790-1ad6-4d37-aa59-64ea34c44e48	Sheep - Delapouite - game-icons	Delapouite	CC-BY 3.0	illustration	wikimedia	svg	sheep	"Sheep - Delapouite - game-icons" by Delapouite is licensed under CC BY 3.0. To view a copy of this license, visit https://creativecommons.org/licenses/by/3.0/.	curl -O "https://upload.wikimedia.org/wikipedia/commons/9/99/Sheep_-_Delapouite_-_game-icons.svg"
57a273d1-c91e-404f-acba-1d722ed14a0b	Sheep (10511) - The Noun Project	James Keuning	CC0	illustration	wikimedia	svg	sheep	"Sheep (10511) - The Noun Project" by James Keuning is marked with CC0 1.0. To view the terms, visit https://creativecommons.org/publicdomain/zero/1.0/deed.en/.	curl -O "https://upload.wikimedia.org/wikipedia/commons/4/45/Sheep_%2810511%29_-_The_Noun_Project.svg"
de79cf8a-f052-4e39-ae21-122cf01aaf35	Creative-Tail-Animal-sheep	Creative Tail	CC-BY 4.0	illustration	wikimedia	svg	sheep	"Creative-Tail-Animal-sheep" by Creative Tail is licensed under CC BY 4.0. To view a copy of this license, visit https://creativecommons.org/licenses/by/4.0/.	curl -O "https://upload.wikimedia.org/wikipedia/commons/a/ac/Creative-Tail-Animal-sheep.svg"
cf3faa63-dd39-4303-843d-ab58e5e41655	Alberta Historical MD of Sheep Creek No 190	Awmcphee	CC0	illustration	wikimedia	svg	sheep	"Alberta Historical MD of Sheep Creek No 190" by Awmcphee is marked with CC0 1.0. To view the terms, visit https://creativecommons.org/publicdomain/zero/1.0/deed.en/.	curl -O "https://upload.wikimedia.org/wikipedia/commons/8/8e/Alberta_Historical_MD_of_Sheep_Creek_No_190.svg"
d340782b-1f3b-4550-af02-5f8607879ad5	Sheep-sowa	Karol Kreński	CC0	illustration	wikimedia	svg	sheep	"Sheep-sowa" by Karol Kreński is marked with CC0 1.0. To view the terms, visit https://creativecommons.org/publicdomain/zero/1.0/deed.en/.	curl -O "https://upload.wikimedia.org/wikipedia/commons/2/28/Sheep-sowa.svg"
3cc0b8f0-e19b-4302-8e7a-2be7ef4c5bae	Creative-Tail-Animal-star-fish	Creative Tail	CC-BY 4.0	illustration	wikimedia	svg	sheep	"Creative-Tail-Animal-star-fish" by Creative Tail is licensed under CC BY 4.0. To view a copy of this license, visit https://creativecommons.org/licenses/by/4.0/.	curl -O "https://upload.wikimedia.org/wikipedia/commons/9/96/Creative-Tail-Animal-star-fish.svg"
b316f615-f133-425e-84b6-5f136cd719dc	Blacksmith anvil hammer	Unknown authorUnknown author	CC0	illustration	wikimedia	svg	anvil	"Blacksmith anvil hammer" by Unknown authorUnknown author is marked with CC0 1.0. To view the terms, visit https://creativecommons.org/publicdomain/zero/1.0/deed.en.	curl -O "https://upload.wikimedia.org/wikipedia/commons/a/ae/Blacksmith_anvil_hammer.svg"
d303a953-9f9c-475c-9eae-83a992539e7e	Noun project - Anvil	Guvnor Co	CC-BY 3.0	illustration	wikimedia	svg	anvil	"Noun project - Anvil" by Guvnor Co is licensed under CC BY 3.0. To view a copy of this license, visit https://creativecommons.org/licenses/by/3.0/.	curl -O "https://upload.wikimedia.org/wikipedia/commons/3/32/Noun_project_-_Anvil.svg"
47432c25-518a-492f-81bd-fa632e8bd9f6	Anvil-isometric-filled-labeled-ru	Д.Ильин: translation, optimization	CC0	illustration	wikimedia	svg	anvil	"Anvil-isometric-filled-labeled-ru" by Д.Ильин: translation, optimization is marked with CC0 1.0. To view the terms, visit https://creativecommons.org/publicdomain/zero/1.0/deed.en/.	curl -O "https://upload.wikimedia.org/wikipedia/commons/1/1e/Anvil-isometric-filled-labeled-ru.svg"
4699fcf0-2811-4b0f-ae4f-391100e03a9f	Anvil-impact - Lorc - game-icons	Lorc	CC-BY 3.0	illustration	wikimedia	svg	anvil	"Anvil-impact - Lorc - game-icons" by Lorc is licensed under CC BY 3.0. To view a copy of this license, visit https://creativecommons.org/licenses/by/3.0/.	curl -O "https://upload.wikimedia.org/wikipedia/commons/b/bb/Anvil-impact_-_Lorc_-_game-icons.svg"
debde510-726e-49e9-b2ef-17143555d5fe	Anvil-impact - Lorc - white - game-icons	Lorc	CC-BY 3.0	illustration	wikimedia	svg	anvil	"Anvil-impact - Lorc - white - game-icons" by Lorc is licensed under CC BY 3.0. To view a copy of this license, visit https://creativecommons.org/licenses/by/3.0/.	curl -O "https://upload.wikimedia.org/wikipedia/commons/0/08/Anvil-impact_-_Lorc_-_white_-_game-icons.svg"
a7029f24-88d0-4dd5-b2c6-d54998ac6274	Anvil-isometric-filled-labeled-te	Translated into Telugu by User:Mekala Harika	CC0	illustration	wikimedia	svg	anvil	"Anvil-isometric-filled-labeled-te" by Translated into Telugu by User:Mekala Harika is marked with CC0 1.0. To view the terms, visit https://creativecommons.org/publicdomain/zero/1.0/deed.en.	curl -O "https://upload.wikimedia.org/wikipedia/commons/2/2e/Anvil-isometric-filled-labeled-te.svg"
c387cc1c-fb07-4897-9268-24116bf27113	Anvil - Lorc - white - game-icons	Lorc	CC-BY 3.0	illustration	wikimedia	svg	anvil	"Anvil - Lorc - white - game-icons" by Lorc is licensed under CC BY 3.0. To view a copy of this license, visit https://creativecommons.org/licenses/by/3.0/.	curl -O "https://upload.wikimedia.org/wikipedia/commons/3/3e/Anvil_-_Lorc_-_white_-_game-icons.svg"
04b6ef55-9025-4838-99b5-98f4ed13a56a	Anvil-isometric-filled-labeled ml	Translated to Malayalam by Abhijith Sheheer	CC0	illustration	wikimedia	svg	anvil	"Anvil-isometric-filled-labeled ml" by Translated to Malayalam by Abhijith Sheheer is marked with CC0 1.0. To view the terms, visit https://creativecommons.org/publicdomain/zero/1.0/deed.en/.	curl -O "https://upload.wikimedia.org/wikipedia/commons/7/7d/Anvil-isometric-filled-labeled_ml.svg"
356a219a-2c42-463b-9f2c-4a49121d4954	Anvil Pinhead icon	Quincy Morgan, Temaki contributors	CC0	illustration	wikimedia	svg	anvil	"Anvil Pinhead icon" by Quincy Morgan, Temaki contributors is marked with CC0 1.0. To view the terms, visit https://creativecommons.org/publicdomain/zero/1.0/deed.en/.	curl -O "https://upload.wikimedia.org/wikipedia/commons/4/4e/Anvil_Pinhead_icon.svg"
640f7d87-ca26-44e7-987e-651b12df6b44	Anvil - Lorc - game-icons	Lorc	CC-BY 3.0	illustration	wikimedia	svg	anvil	"Anvil - Lorc - game-icons" by Lorc is licensed under CC BY 3.0. To view a copy of this license, visit https://creativecommons.org/licenses/by/3.0/.	curl -O "https://upload.wikimedia.org/wikipedia/commons/a/ab/Anvil_-_Lorc_-_game-icons.svg"
84e031d8-fe87-4cc7-b2e5-1be852a93552	Anvil and mallet Pinhead icon	Quincy Morgan, Temaki contributors	CC0	illustration	wikimedia	svg	anvil	"Anvil and mallet Pinhead icon" by Quincy Morgan, Temaki contributors is marked with CC0 1.0. To view the terms, visit https://creativecommons.org/publicdomain/zero/1.0/deed.en/.	curl -O "https://upload.wikimedia.org/wikipedia/commons/b/be/Anvil_and_mallet_Pinhead_icon.svg"
0820e53c-5a6e-42f4-9fd6-917927c3ddd4	Blacksmith	Juhele	CC0	illustration	wikimedia	svg	anvil	"Blacksmith" by Juhele is marked with CC0 1.0. To view the terms, visit https://creativecommons.org/publicdomain/zero/1.0/deed.en/.	curl -O "https://upload.wikimedia.org/wikipedia/commons/e/e2/Blacksmith.svg"
8991a5cd-af3c-44b0-bd0c-d275030fc7a2	tukul	?	CC0	illustration	svgsilh	?	anvil	"tukul" is marked with CC0 1.0. To view the terms, visit https://creativecommons.org/publicdomain/zero/1.0/.	curl -O "https://svgsilh.com/png/2284960-ff5722.png"
3ee85436-b826-4c5f-8d6a-f3393f4d4374	tukul	?	CC0	illustration	svgsilh	?	anvil	"tukul" is marked with CC0 1.0. To view the terms, visit https://creativecommons.org/publicdomain/zero/1.0/.	curl -O "https://svgsilh.com/png/2284960-ffffff.png"
ebdf2044-9802-4de8-9b55-243f88b709b2	tukul	?	CC0	illustration	svgsilh	?	anvil	"tukul" is marked with CC0 1.0. To view the terms, visit https://creativecommons.org/publicdomain/zero/1.0/.	curl -O "https://svgsilh.com/png/2284960-607d8b.png"
64df1376-db45-4160-ac5c-b4ab95b622cc	tukul	?	CC0	illustration	svgsilh	?	anvil	"tukul" is marked with CC0 1.0. To view the terms, visit https://creativecommons.org/publicdomain/zero/1.0/.	curl -O "https://svgsilh.com/png/2284960-009688.png"
ded2dfda-898c-47a3-8b03-1ec1072eaf62	smith	?	CC0	illustration	svgsilh	?	anvil	"smith" is marked with CC0 1.0. To view the terms, visit https://creativecommons.org/publicdomain/zero/1.0/.	curl -O "https://svgsilh.com/png/2284960-e91e63.png"
f96030d9-1797-486f-9f9a-974aa7d4c4f5	tukul	?	CC0	illustration	svgsilh	?	anvil	"tukul" is marked with CC0 1.0. To view the terms, visit https://creativecommons.org/publicdomain/zero/1.0/.	curl -O "https://svgsilh.com/png/2284960-ffc107.png"
ed841a34-f2d0-47fe-8bd6-f1fad2b2e5c5	smith	?	CC0	illustration	svgsilh	?	anvil	"smith" is marked with CC0 1.0. To view the terms, visit https://creativecommons.org/publicdomain/zero/1.0/.	curl -O "https://svgsilh.com/png/2284960-cddc39.png"
4678a0c9-f705-46bf-8d13-7e958a7d0b1d	kotak	?	CC0	illustration	svgsilh	?	anvil	"kotak" is marked with CC0 1.0. To view the terms, visit https://creativecommons.org/publicdomain/zero/1.0/.	curl -O "https://svgsilh.com/png/1197587-4caf50.png"
bc8a6659-c15a-49b2-8403-daedc77ec84b	tukul	?	CC0	illustration	svgsilh	?	anvil	"tukul" is marked with CC0 1.0. To view the terms, visit https://creativecommons.org/publicdomain/zero/1.0/.	curl -O "https://svgsilh.com/png/2284960-4caf50.png"
a4e88785-53a1-48d4-9e52-38794d6b291e	smith	?	CC0	illustration	svgsilh	?	anvil	"smith" is marked with CC0 1.0. To view the terms, visit https://creativecommons.org/publicdomain/zero/1.0/.	curl -O "https://svgsilh.com/png/2284960-ff9800.png"
d484d364-81ef-4942-9ded-a32ff6803412	tukul	?	CC0	illustration	svgsilh	?	anvil	"tukul" is marked with CC0 1.0. To view the terms, visit https://creativecommons.org/publicdomain/zero/1.0/.	curl -O "https://svgsilh.com/png/2284960-2196f3.png"
71fe0779-e9ad-4eb4-9da6-c514f04b1363	tukul	?	CC0	illustration	svgsilh	?	anvil	"tukul" is marked with CC0 1.0. To view the terms, visit https://creativecommons.org/publicdomain/zero/1.0/.	curl -O "https://svgsilh.com/png/2284960-8bc34a.png"
54d34963-390b-459a-9944-d2fdb708bdcf	smith	?	CC0	illustration	svgsilh	?	anvil	"smith" is marked with CC0 1.0. To view the terms, visit https://creativecommons.org/publicdomain/zero/1.0/.	curl -O "https://svgsilh.com/png/2284960-9e9e9e.png"
5d5350b7-93fd-4b9a-a21d-832b4caa3c21	tukul	?	CC0	illustration	svgsilh	?	anvil	"tukul" is marked with CC0 1.0. To view the terms, visit https://creativecommons.org/publicdomain/zero/1.0/.	curl -O "https://svgsilh.com/png/2284960-9c27b0.png"
3a0baa99-f823-4e3d-9f8d-b56ecc78579e	tukul	?	CC0	illustration	svgsilh	?	anvil	"tukul" is marked with CC0 1.0. To view the terms, visit https://creativecommons.org/publicdomain/zero/1.0/.	curl -O "https://svgsilh.com/png/2672326-ff5722.png"
431fe33e-7dcb-45ec-a2ac-e87b0d1c350a	tukul	?	CC0	illustration	svgsilh	?	anvil	"tukul" is marked with CC0 1.0. To view the terms, visit https://creativecommons.org/publicdomain/zero/1.0/.	curl -O "https://svgsilh.com/png/2672326-2196f3.png"
dc7101f1-652c-4b11-b2f7-33b3666d1e01	tukul	?	CC0	illustration	svgsilh	?	anvil	"tukul" is marked with CC0 1.0. To view the terms, visit https://creativecommons.org/publicdomain/zero/1.0/.	curl -O "https://svgsilh.com/png/2509050-e91e63.png"
6963884e-8df7-4b72-a387-9d656b00b77e	tukul	?	CC0	illustration	svgsilh	?	anvil	"tukul" is marked with CC0 1.0. To view the terms, visit https://creativecommons.org/publicdomain/zero/1.0/.	curl -O "https://svgsilh.com/png/2509050-ffc107.png"
cba63839-508b-4052-8460-b74d8d301aad	tukul	?	CC0	illustration	svgsilh	?	anvil	"tukul" is marked with CC0 1.0. To view the terms, visit https://creativecommons.org/publicdomain/zero/1.0/.	curl -O "https://svgsilh.com/png/2509050-ff5722.png"
57c4cf95-5cb8-4bf5-939e-2647fa5ad268	tukul	?	CC0	illustration	svgsilh	?	anvil	"tukul" is marked with CC0 1.0. To view the terms, visit https://creativecommons.org/publicdomain/zero/1.0/.	curl -O "https://svgsilh.com/png/2672326-8bc34a.png"
da5f0d35-adaa-4044-bad0-5d2598648cad	tukul	?	CC0	illustration	svgsilh	?	anvil	"tukul" is marked with CC0 1.0. To view the terms, visit https://creativecommons.org/publicdomain/zero/1.0/.	curl -O "https://svgsilh.com/png/2509050-607d8b.png"
1e7b5cc5-aaeb-4f80-b9cb-728d195adf53	tukul	?	CC0	illustration	svgsilh	?	anvil	"tukul" is marked with CC0 1.0. To view the terms, visit https://creativecommons.org/publicdomain/zero/1.0/.	curl -O "https://svgsilh.com/png/2672326-009688.png"
deb383ce-ead0-448a-a1de-3f2b29b610a2	tukul	?	CC0	illustration	svgsilh	?	anvil	"tukul" is marked with CC0 1.0. To view the terms, visit https://creativecommons.org/publicdomain/zero/1.0/.	curl -O "https://svgsilh.com/png/2672326-ffffff.png"
fd8bc7c2-8612-4971-8924-80e1b8adc9af	tukul	?	CC0	illustration	svgsilh	?	anvil	"tukul" is marked with CC0 1.0. To view the terms, visit https://creativecommons.org/publicdomain/zero/1.0/.	curl -O "https://svgsilh.com/png/2672326-ffc107.png"
fadd4ce1-a425-432f-8925-472ed5d5c612	tukul	?	CC0	illustration	svgsilh	?	anvil	"tukul" is marked with CC0 1.0. To view the terms, visit https://creativecommons.org/publicdomain/zero/1.0/.	curl -O "https://svgsilh.com/png/2509050-8bc34a.png"
47af5c7d-4d44-4ff9-8fee-3774c6edbf5a	tukul	?	CC0	illustration	svgsilh	?	anvil	"tukul" is marked with CC0 1.0. To view the terms, visit https://creativecommons.org/publicdomain/zero/1.0/.	curl -O "https://svgsilh.com/png/2509050-2196f3.png"
e2259d6d-d9dc-4b10-809e-a3290185d16a	tukul	?	CC0	illustration	svgsilh	?	anvil	"tukul" is marked with CC0 1.0. To view the terms, visit https://creativecommons.org/publicdomain/zero/1.0/.	curl -O "https://svgsilh.com/png/2509050-4caf50.png"
eee31f15-8b42-4dce-8db4-74cdf350bb8d	tukul	?	CC0	illustration	svgsilh	?	anvil	"tukul" is marked with CC0 1.0. To view the terms, visit https://creativecommons.org/publicdomain/zero/1.0/.	curl -O "https://svgsilh.com/png/2509050-9c27b0.png"
ff17b8eb-8951-4e86-aaba-80684e8ac38a	tukul	?	CC0	illustration	svgsilh	?	anvil	"tukul" is marked with CC0 1.0. To view the terms, visit https://creativecommons.org/publicdomain/zero/1.0/.	curl -O "https://svgsilh.com/png/2672326-e91e63.png"
fe0c1563-50e4-4623-9389-ad515fb9f7de	tukul	?	CC0	illustration	svgsilh	?	anvil	"tukul" is marked with CC0 1.0. To view the terms, visit https://creativecommons.org/publicdomain/zero/1.0/.	curl -O "https://svgsilh.com/png/2509050-ffffff.png"
da6541bc-6b1a-4055-b8c6-2ee6baddc571	tukul	?	CC0	illustration	svgsilh	?	anvil	"tukul" is marked with CC0 1.0. To view the terms, visit https://creativecommons.org/publicdomain/zero/1.0/.	curl -O "https://svgsilh.com/png/2672326-4caf50.png"
c1dc5949-4f73-46a9-86f1-20d035662632	tukul	?	CC0	illustration	svgsilh	?	anvil	"tukul" is marked with CC0 1.0. To view the terms, visit https://creativecommons.org/publicdomain/zero/1.0/.	curl -O "https://svgsilh.com/png/2509050-009688.png"
50ba94ee-6875-4f89-8729-79dafdf1facf	tukul	?	CC0	illustration	svgsilh	?	anvil	"tukul" is marked with CC0 1.0. To view the terms, visit https://creativecommons.org/publicdomain/zero/1.0/.	curl -O "https://svgsilh.com/png/2672326-9c27b0.png"
b6936d2a-ba4c-4aab-8020-d5ae455e2e32	tukul	?	CC0	illustration	svgsilh	?	anvil	"tukul" is marked with CC0 1.0. To view the terms, visit https://creativecommons.org/publicdomain/zero/1.0/.	curl -O "https://svgsilh.com/png/2672326-607d8b.png"
d035670e-c0ff-404d-83ea-56aef6ee6d58	jisim	?	CC0	illustration	svgsilh	?	anvil	"jisim" is marked with CC0 1.0. To view the terms, visit https://creativecommons.org/publicdomain/zero/1.0/.	curl -O "https://svgsilh.com/png/296807-4caf50.png"
da2897b9-75ae-4a55-9b35-54bd9bb9c75e	jisim	?	CC0	illustration	svgsilh	?	anvil	"jisim" is marked with CC0 1.0. To view the terms, visit https://creativecommons.org/publicdomain/zero/1.0/.	curl -O "https://svgsilh.com/png/296807-8bc34a.png"
844e9deb-69d1-4383-b67d-cf4f036993a4	jisim	?	CC0	illustration	svgsilh	?	anvil	"jisim" is marked with CC0 1.0. To view the terms, visit https://creativecommons.org/publicdomain/zero/1.0/.	curl -O "https://svgsilh.com/png/296807-607d8b.png"
ef69be2c-1422-4ec8-9327-d5440d665834	jisim	?	CC0	illustration	svgsilh	?	anvil	"jisim" is marked with CC0 1.0. To view the terms, visit https://creativecommons.org/publicdomain/zero/1.0/.	curl -O "https://svgsilh.com/png/296807-cddc39.png"
eb29e883-d8ee-4b96-8337-4d25ea3194eb	jisim	?	CC0	illustration	svgsilh	?	anvil	"jisim" is marked with CC0 1.0. To view the terms, visit https://creativecommons.org/publicdomain/zero/1.0/.	curl -O "https://svgsilh.com/png/296807-ffffff.png"
8ce46c87-e93f-4f76-b94c-961054fc5a3a	jisim	?	CC0	illustration	svgsilh	?	anvil	"jisim" is marked with CC0 1.0. To view the terms, visit https://creativecommons.org/publicdomain/zero/1.0/.	curl -O "https://svgsilh.com/png/296807-ffeb3b.png"
9c70edd6-5c24-420d-a0b8-e5cb14b70ee7	jisim	?	CC0	illustration	svgsilh	?	anvil	"jisim" is marked with CC0 1.0. To view the terms, visit https://creativecommons.org/publicdomain/zero/1.0/.	curl -O "https://svgsilh.com/png/296807-ffc107.png"
811bf20f-e3ba-41d6-b102-0fb4c5808aba	jisim	?	CC0	illustration	svgsilh	?	anvil	"jisim" is marked with CC0 1.0. To view the terms, visit https://creativecommons.org/publicdomain/zero/1.0/.	curl -O "https://svgsilh.com/png/296807-795548.png"
64897b56-3b79-493b-90b8-42af20ad5664	jisim	?	CC0	illustration	svgsilh	?	anvil	"jisim" is marked with CC0 1.0. To view the terms, visit https://creativecommons.org/publicdomain/zero/1.0/.	curl -O "https://svgsilh.com/png/296807-9e9e9e.png"
118c7523-cc83-46a8-aa51-31b365380cd4	jisim	?	CC0	illustration	svgsilh	?	anvil	"jisim" is marked with CC0 1.0. To view the terms, visit https://creativecommons.org/publicdomain/zero/1.0/.	curl -O "https://svgsilh.com/png/296807-2196f3.png"
c09ab098-6411-49cd-a31c-2bc6db8fd861	jisim	?	CC0	illustration	svgsilh	?	anvil	"jisim" is marked with CC0 1.0. To view the terms, visit https://creativecommons.org/publicdomain/zero/1.0/.	curl -O "https://svgsilh.com/png/296807-673ab7.png"
f4cc1a58-2d49-4c6e-9ce9-5674c898fc5d	jisim	?	CC0	illustration	svgsilh	?	anvil	"jisim" is marked with CC0 1.0. To view the terms, visit https://creativecommons.org/publicdomain/zero/1.0/.	curl -O "https://svgsilh.com/png/296807-9c27b0.png"
37269dfc-bc14-4f22-b7fc-b57de4d98350	jisim	?	CC0	illustration	svgsilh	?	anvil	"jisim" is marked with CC0 1.0. To view the terms, visit https://creativecommons.org/publicdomain/zero/1.0/.	curl -O "https://svgsilh.com/png/296807-e91e63.png"
a8764aaf-863d-4b31-aaa1-c066c9945985	Forging-edging-ru	Д.Ильин: translation	CC0	illustration	wikimedia	svg	forge	"Forging-edging-ru" by Д.Ильин: translation is marked with CC0 1.0. To view the terms, visit https://creativecommons.org/publicdomain/zero/1.0/deed.en/.	curl -O "https://upload.wikimedia.org/wikipedia/commons/2/20/Forging-edging-ru.svg"
4ff19200-a2b5-4487-97f4-0e60837ec882	Cib-conda-forge (CoreUI Icons v1.0.0)	CoreUI	CC-BY 4.0	illustration	wikimedia	svg	forge	"Cib-conda-forge (CoreUI Icons v1.0.0)" by CoreUI is licensed under CC BY 4.0. To view a copy of this license, visit https://creativecommons.org/licenses/by/4.0/.	curl -O "https://upload.wikimedia.org/wikipedia/commons/3/30/Cib-conda-forge_%28CoreUI_Icons_v1.0.0%29.svg"
75c0d475-b4d8-41f3-9dc1-8f16307d5e50	Louis Hervé seigneur des Forges	Louis de Lauban	CC0	illustration	wikimedia	svg	forge	"Louis Hervé seigneur des Forges" by Louis de Lauban is marked with CC0 1.0. To view the terms, visit https://creativecommons.org/publicdomain/zero/1.0/deed.en/.	curl -O "https://upload.wikimedia.org/wikipedia/commons/3/3a/Louis_Herv%C3%A9_seigneur_des_Forges.svg"
e19053d4-afe5-4e43-9baf-eea995fe8363	Forge Noun project 1044767	Monjin Friends	CC-BY 3.0	illustration	wikimedia	svg	forge	"Forge Noun project 1044767" by Monjin Friends is licensed under CC BY 3.0. To view a copy of this license, visit https://creativecommons.org/licenses/by/3.0/.	curl -O "https://upload.wikimedia.org/wikipedia/commons/8/8e/Forge_Noun_project_1044767.svg"
688ace4f-bfd5-43ec-a41f-d7503583c0e3	Triangle textures sol GPPA	Florent Beck	CC0	illustration	wikimedia	svg	forge	"Triangle textures sol GPPA" by Florent Beck is marked with CC0 1.0. To view the terms, visit https://creativecommons.org/publicdomain/zero/1.0/deed.en/.	curl -O "https://upload.wikimedia.org/wikipedia/commons/0/04/Triangle_textures_sol_GPPA.svg"
6706ed83-2a90-446b-b5a5-515727003bf9	Virginia (1995–2001) county map, cb 500k	Original work by User:Awmcphee. Bedford County work by User:WallAdhesion. This Version by User:CrookCoMaps61.	CC0	illustration	wikimedia	svg	forge	"Virginia (1995–2001) county map, cb 500k" by Original work by User:Awmcphee. Bedford County work by User:WallAdhesion. This Version by User:CrookCoMaps61. is marked with CC0 1.0. To view the terms, visit https://creativecommons.org/publicdomain/zero/1.0/deed.en/.	curl -O "https://upload.wikimedia.org/wikipedia/commons/4/47/Virginia_%281995%E2%80%932001%29_county_map%2C_cb_500k.svg"
af6d4ce0-95f5-4c16-8e57-84ce65990262	Virginia (1988–1994) county map, cb 500k	Original work by User:Awmcphee. Bedford County work by User:WallAdhesion. This Version by User:CrookCoMaps61.	CC0	illustration	wikimedia	svg	forge	"Virginia (1988–1994) county map, cb 500k" by Original work by User:Awmcphee. Bedford County work by User:WallAdhesion. This Version by User:CrookCoMaps61. is marked with CC0 1.0. To view the terms, visit https://creativecommons.org/publicdomain/zero/1.0/deed.en/.	curl -O "https://upload.wikimedia.org/wikipedia/commons/b/b3/Virginia_%281988%E2%80%931994%29_county_map%2C_cb_500k.svg"
015fba4a-8b59-4597-9326-76572f569750	Soviet Red Army Hammer and Plough	Dmitry Baranovskiy	CC-BY 3.0	illustration	wikimedia	svg	hammer	"Soviet Red Army Hammer and Plough" by Dmitry Baranovskiy is licensed under CC BY 3.0. To view a copy of this license, visit https://creativecommons.org/licenses/by/3.0/.	curl -O "https://upload.wikimedia.org/wikipedia/commons/4/49/Soviet_Red_Army_Hammer_and_Plough.svg"
ed4cebd1-88cf-4bb9-b567-df4befbfb787	Hammer - Noun project 1306	John Caserta	CC-BY 3.0	illustration	wikimedia	svg	hammer	"Hammer - Noun project 1306" by John Caserta is licensed under CC BY 3.0. To view a copy of this license, visit https://creativecommons.org/licenses/by/3.0/.	curl -O "https://upload.wikimedia.org/wikipedia/commons/1/16/Hammer_-_Noun_project_1306.svg"
26c60d4e-45b8-4ddd-9d8a-52ecc26385e0	Font Awesome 5 solid hammer	Font Awesome	CC-BY 4.0	illustration	wikimedia	svg	hammer	"Font Awesome 5 solid hammer" by Font Awesome is licensed under CC BY 4.0. To view a copy of this license, visit https://creativecommons.org/licenses/by/4.0/.	curl -O "https://upload.wikimedia.org/wikipedia/commons/b/ba/Font_Awesome_5_solid_hammer.svg"
61bc3f16-9e07-4365-a3f3-f0b344e05eca	Communist Hammer and Sickle Star Flag	RootOfAllLight	CC0	illustration	wikimedia	svg	hammer	"Communist Hammer and Sickle Star Flag" by RootOfAllLight is marked with CC0 1.0. To view the terms, visit https://creativecommons.org/publicdomain/zero/1.0/deed.en/.	curl -O "https://upload.wikimedia.org/wikipedia/commons/9/98/Communist_Hammer_and_Sickle_Star_Flag.svg"
fcdbfe02-321e-4dab-bb76-04e52173d87d	Communist Hammer and Sickle flag	RootOfAllLight	CC0	illustration	wikimedia	svg	hammer	"Communist Hammer and Sickle flag" by RootOfAllLight is marked with CC0 1.0. To view the terms, visit https://creativecommons.org/publicdomain/zero/1.0/deed.en/.	curl -O "https://upload.wikimedia.org/wikipedia/commons/3/36/Communist_Hammer_and_Sickle_flag.svg"
63c5bed2-a718-409b-836d-91858c420307	HAMMER-SICKLE-STAR	FugeeCamp	CC0	illustration	wikimedia	svg	hammer	"HAMMER-SICKLE-STAR" by FugeeCamp is marked with CC0 1.0. To view the terms, visit https://creativecommons.org/publicdomain/zero/1.0/deed.en.	curl -O "https://upload.wikimedia.org/wikipedia/commons/c/c4/HAMMER-SICKLE-STAR.svg"
21c0d0ca-4b6e-42e7-a9c0-1d8ebdf0785f	Spilhaus Hammer Oceanic projection with Tissot's indicatrix	Kurubu	CC0	illustration	wikimedia	svg	hammer	"Spilhaus Hammer Oceanic projection with Tissot's indicatrix" by Kurubu is marked with CC0 1.0. To view the terms, visit https://creativecommons.org/publicdomain/zero/1.0/deed.en/.	curl -O "https://upload.wikimedia.org/wikipedia/commons/7/7c/Spilhaus_Hammer_Oceanic_projection_with_Tissot%27s_indicatrix.svg"
94ebd9ab-8349-4d41-b916-ba9dc15321b2	SVG Drilling Hammer	Cboller.1	CC0	illustration	wikimedia	svg	hammer	"SVG Drilling Hammer" by Cboller.1 is marked with CC0 1.0. To view the terms, visit https://creativecommons.org/publicdomain/zero/1.0/deed.en.	curl -O "https://upload.wikimedia.org/wikipedia/commons/2/29/SVG_Drilling_Hammer.svg"
cfbef11c-b5a8-40dc-bf53-3edba2910707	Hammer-keyboard-4	worker	CC0	illustration	wikimedia	svg	hammer	"Hammer-keyboard-4" by worker is marked with CC0 1.0. To view the terms, visit https://creativecommons.org/publicdomain/zero/1.0/deed.en/.	curl -O "https://upload.wikimedia.org/wikipedia/commons/6/62/Hammer-keyboard-4.svg"
dc12cee3-ab0b-4cb0-9141-b65f3c94a5e1	Hammer png sticker, tool vintage	?	CC0	illustration	rawpixel	png	hammer	"Hammer png sticker, tool vintage" is marked with CC0 1.0. To view the terms, visit https://creativecommons.org/publicdomain/zero/1.0/.	curl -O "https://images.rawpixel.com/image_png_1300/cHJpdmF0ZS9sci9pbWFnZXMvd2Vic2l0ZS8yMDIyLTA0L2pvYjY3Ni0wOTEtcC5wbmc.png"
0ef6ec79-5752-4cb8-945c-3010d58c9d03	Hammer drawing, vintage tool illustration	?	CC0	illustration	rawpixel	jpg	hammer	"Hammer drawing, vintage tool illustration" is marked with CC0 1.0. To view the terms, visit https://creativecommons.org/publicdomain/zero/1.0/.	curl -O "https://images.rawpixel.com/editor_1024/czNmcy1wcml2YXRlL3Jhd3BpeGVsX2ltYWdlcy93ZWJzaXRlX2NvbnRlbnQvbHIvam9iNjczLTE1My14LmpwZw.jpg"
6f775d36-3a49-4d0d-a60c-c91db71b8e47	Hammer, tool png sticker, transparent	?	CC0	illustration	rawpixel	png	hammer	"Hammer, tool png sticker, transparent" is marked with CC0 1.0. To view the terms, visit https://creativecommons.org/publicdomain/zero/1.0/.	curl -O "https://images.rawpixel.com/image_png_1300/cHJpdmF0ZS9sci9pbWFnZXMvd2Vic2l0ZS8yMDIyLTA2L2pvYjk0Ny0wNTEtcC5wbmc.png"
b48e683f-e40a-46f3-a319-9d51abf71d26	Hammer png sticker, transparent background	?	CC0	illustration	rawpixel	png	hammer	"Hammer png sticker, transparent background" is marked with CC0 1.0. To view the terms, visit https://creativecommons.org/publicdomain/zero/1.0/.	curl -O "https://images.rawpixel.com/image_png_1300/cHJpdmF0ZS9sci9pbWFnZXMvd2Vic2l0ZS8yMDIyLTEyL2pvYjk1OC0yMTgtcF8xLnBuZw.png"
1032b816-60e6-41e6-9f75-df3eee9eafb9	Hand holding hammer drawing, vintage	?	CC0	illustration	rawpixel	jpg	hammer	"Hand holding hammer drawing, vintage" is marked with CC0 1.0. To view the terms, visit https://creativecommons.org/publicdomain/zero/1.0/.	curl -O "https://images.rawpixel.com/editor_1024/czNmcy1wcml2YXRlL3Jhd3BpeGVsX2ltYWdlcy93ZWJzaXRlX2NvbnRlbnQvbHIvam9iNjczLTA2MC14LmpwZw.jpg"
4953a0ff-075b-40df-8de8-103fc6b1e49a	Hammer clipart, vintage tool illustration	?	CC0	illustration	rawpixel	eps	hammer	"Hammer clipart, vintage tool illustration" is marked with CC0 1.0. To view the terms, visit https://creativecommons.org/publicdomain/zero/1.0/.	curl -O "https://images.rawpixel.com/editor_1024/cHJpdmF0ZS9sci9pbWFnZXMvd2Vic2l0ZS8yMDIyLTA0L2pvYjY3My0xNTMtdi5qcGc.jpg"
4609b720-3775-4851-b07b-a15d17e9d81a	Hammer png sticker illustration, transparent	?	CC0	illustration	rawpixel	png	hammer	"Hammer png sticker illustration, transparent" is marked with CC0 1.0. To view the terms, visit https://creativecommons.org/publicdomain/zero/1.0/.	curl -O "https://images.rawpixel.com/image_png_1300/cHJpdmF0ZS9sci9pbWFnZXMvd2Vic2l0ZS8yMDIyLTA0L2pvYjcyMi0xMzgtcC5wbmc.png"
e9c95296-99d8-4aa2-8b2c-9e5d86ff2d24	Hammer illustration vector	?	CC0	illustration	rawpixel	eps	hammer	"Hammer illustration vector" is marked with CC0 1.0. To view the terms, visit https://creativecommons.org/publicdomain/zero/1.0/.	curl -O "https://images.rawpixel.com/editor_1024/cHJpdmF0ZS9sci9pbWFnZXMvd2Vic2l0ZS8yMDIyLTA5L2pvYjk2MC0xNjgtdi5qcGc.jpg"
9b4032a0-09d6-4466-ba6a-0da2f112b457	Hammer png illustration, transparent background	?	CC0	illustration	rawpixel	png	hammer	"Hammer png illustration, transparent background" is marked with CC0 1.0. To view the terms, visit https://creativecommons.org/publicdomain/zero/1.0/.	curl -O "https://images.rawpixel.com/image_png_1300/cHJpdmF0ZS9sci9pbWFnZXMvd2Vic2l0ZS8yMDIyLTA4L2pvYjk1MS00Ny5wbmc.png"
528ce4cb-5639-4d54-9c0f-dca14cb1e777	PNG Hammer Throw clipart, transparent	?	CC0	illustration	rawpixel	png	hammer	"PNG Hammer Throw clipart, transparent" is marked with CC0 1.0. To view the terms, visit https://creativecommons.org/publicdomain/zero/1.0/.	curl -O "https://images.rawpixel.com/image_png_1300/cHJpdmF0ZS9sci9pbWFnZXMvd2Vic2l0ZS8yMDIyLTExL2pvYjk1Ny0xODUtcC5wbmc.png"
601ee5e1-8b9b-4297-afc7-b14dcb60dd66	Hammer png illustration, transparent background	?	CC0	illustration	rawpixel	png	hammer	"Hammer png illustration, transparent background" is marked with CC0 1.0. To view the terms, visit https://creativecommons.org/publicdomain/zero/1.0/.	curl -O "https://images.rawpixel.com/image_png_1300/cHJpdmF0ZS9sci9pbWFnZXMvd2Vic2l0ZS8yMDIyLTA4L2pvYjk1MS00Nl8xLnBuZw.png"
24298dcc-6a0d-4672-95c2-02031d96408c	Hammer, tool clipart, illustration vector	?	CC0	illustration	rawpixel	eps	hammer	"Hammer, tool clipart, illustration vector" is marked with CC0 1.0. To view the terms, visit https://creativecommons.org/publicdomain/zero/1.0/.	curl -O "https://images.rawpixel.com/editor_1024/cHJpdmF0ZS9sci9pbWFnZXMvd2Vic2l0ZS8yMDIyLTA2L2pvYjk0Ny0wNTEtdi5qcGc.jpg"
ce275a6a-1fb2-43df-9e4d-afb9ec38e9d8	Hammer clipart, drawing illustration vector	?	CC0	illustration	rawpixel	eps	hammer	"Hammer clipart, drawing illustration vector" is marked with CC0 1.0. To view the terms, visit https://creativecommons.org/publicdomain/zero/1.0/.	curl -O "https://images.rawpixel.com/editor_1024/cHJpdmF0ZS9sci9pbWFnZXMvd2Vic2l0ZS8yMDIyLTA1L2pvYjcyMi0xMzgtdi5qcGc.jpg"
8829cdab-03d9-4ab1-91a9-cd4805ea98a9	Hammer clipart, tool vintage illustration	?	CC0	illustration	rawpixel	eps	hammer	"Hammer clipart, tool vintage illustration" is marked with CC0 1.0. To view the terms, visit https://creativecommons.org/publicdomain/zero/1.0/.	curl -O "https://images.rawpixel.com/editor_1024/cHJpdmF0ZS9sci9pbWFnZXMvd2Vic2l0ZS8yMDIyLTA0L2pvYjY3Ni0wOTEtdi5qcGc.jpg"
081377a6-b3fd-4105-a22a-7178f20b5aa3	Hammer and sickle clip art	?	CC0	illustration	rawpixel	eps	hammer	"Hammer and sickle clip art" is marked with CC0 1.0. To view the terms, visit https://creativecommons.org/publicdomain/zero/1.0/.	curl -O "https://images.rawpixel.com/editor_1024/cHJpdmF0ZS9sci9pbWFnZXMvd2Vic2l0ZS8yMDIzLTA0L2pvYjk2NC0wMDMtdi5qcGc.jpg"
0e3aa6de-58c4-45b4-8631-bb14cb307880	Hammer Throw clip art	?	CC0	illustration	rawpixel	jpg	hammer	"Hammer Throw clip art" is marked with CC0 1.0. To view the terms, visit https://creativecommons.org/publicdomain/zero/1.0/.	curl -O "https://images.rawpixel.com/editor_1024/cHJpdmF0ZS9sci9pbWFnZXMvd2Vic2l0ZS8yMDIzLTAzL2pvYjk1Ny0xODUteF8xLmpwZw.jpg"
63e0a102-e02c-47c1-a83f-d059cfb74efa	Hammer and sickle png clipart	?	CC0	illustration	rawpixel	png	hammer	"Hammer and sickle png clipart" is marked with CC0 1.0. To view the terms, visit https://creativecommons.org/publicdomain/zero/1.0/.	curl -O "https://images.rawpixel.com/image_png_1300/cHJpdmF0ZS9sci9pbWFnZXMvd2Vic2l0ZS8yMDIzLTA0L2pvYjk2NC0wMDMtcC5wbmc.png"
d4f71b5f-a563-4aec-90b2-dc888ae7929a	Hammer png illustration, transparent background	?	CC0	illustration	rawpixel	png	hammer	"Hammer png illustration, transparent background" is marked with CC0 1.0. To view the terms, visit https://creativecommons.org/publicdomain/zero/1.0/.	curl -O "https://images.rawpixel.com/image_png_1300/cHJpdmF0ZS9sci9pbWFnZXMvd2Vic2l0ZS8yMDIyLTA5L2pvYjk2MC0xNjgtcC5wbmc.png"
6704b2b9-9348-4a08-bb9b-88d1189869aa	Hammer clipart vector	?	CC0	illustration	rawpixel	eps	hammer	"Hammer clipart vector" is marked with CC0 1.0. To view the terms, visit https://creativecommons.org/publicdomain/zero/1.0/.	curl -O "https://images.rawpixel.com/editor_1024/cHJpdmF0ZS9sci9pbWFnZXMvd2Vic2l0ZS8yMDIyLTA4L2pvYjk1OC0yMTgtdi5qcGc.jpg"
da59d483-6c0a-49b3-aee0-1ae1f39213cd	Hammer collage element vector	?	CC0	illustration	rawpixel	eps	hammer	"Hammer collage element vector" is marked with CC0 1.0. To view the terms, visit https://creativecommons.org/publicdomain/zero/1.0/.	curl -O "https://images.rawpixel.com/editor_1024/cHJpdmF0ZS9sci9pbWFnZXMvd2Vic2l0ZS8yMDIyLTA4L2pvYjk1MS00N18xLmpwZw.jpg"
93514152-b0d1-4ef7-ba0f-b65efd6fd31d	Hammer illustration	?	CC0	illustration	rawpixel	jpg	hammer	"Hammer illustration" is marked with CC0 1.0. To view the terms, visit https://creativecommons.org/publicdomain/zero/1.0/.	curl -O "https://images.rawpixel.com/editor_1024/cHJpdmF0ZS9sci9pbWFnZXMvd2Vic2l0ZS8yMDIyLTA4L2pvYjk1MS00Ni14LmpwZw.jpg"
79429aa6-9bd4-4a82-9e85-0252c74747e5	Hammer drawing, tool vintage illustration	?	CC0	illustration	rawpixel	jpg	hammer	"Hammer drawing, tool vintage illustration" is marked with CC0 1.0. To view the terms, visit https://creativecommons.org/publicdomain/zero/1.0/.	curl -O "https://images.rawpixel.com/editor_1024/cHJpdmF0ZS9sci9pbWFnZXMvd2Vic2l0ZS8yMDIyLTA0L2pvYjY3Ni0wOTEteC5qcGc.jpg"
d8fc6807-5b3e-4908-a4f9-47372aa5f29e	Stylized hammer and sickle	Henrique1308	CC0	illustration	wikimedia	svg	hammer	"Stylized hammer and sickle" by Henrique1308 is marked with CC0 1.0. To view the terms, visit https://creativecommons.org/publicdomain/zero/1.0/deed.en/.	curl -O "https://upload.wikimedia.org/wikipedia/commons/9/97/Stylized_hammer_and_sickle.svg"
361eaa58-f283-496b-81e8-31a7434f64bf	Stake-hammer - Delapouite - game-icons	Delapouite	CC-BY 3.0	illustration	wikimedia	svg	hammer	"Stake-hammer - Delapouite - game-icons" by Delapouite is licensed under CC BY 3.0. To view a copy of this license, visit https://creativecommons.org/licenses/by/3.0/.	curl -O "https://upload.wikimedia.org/wikipedia/commons/a/a9/Stake-hammer_-_Delapouite_-_game-icons.svg"
58f80220-55c9-4d96-aa27-5f80fdd0a0c1	Hammer-sickle - Delapouite - game-icons	Delapouite	CC-BY 3.0	illustration	wikimedia	svg	hammer	"Hammer-sickle - Delapouite - game-icons" by Delapouite is licensed under CC BY 3.0. To view a copy of this license, visit https://creativecommons.org/licenses/by/3.0/.	curl -O "https://upload.wikimedia.org/wikipedia/commons/9/99/Hammer-sickle_-_Delapouite_-_game-icons.svg"
799d7381-c247-460c-adfd-53554486effc	Wrench and hammer Pinhead icon	Temaki contributors	CC0	illustration	wikimedia	svg	hammer	"Wrench and hammer Pinhead icon" by Temaki contributors is marked with CC0 1.0. To view the terms, visit https://creativecommons.org/publicdomain/zero/1.0/deed.en/.	curl -O "https://upload.wikimedia.org/wikipedia/commons/5/5c/Wrench_and_hammer_Pinhead_icon.svg"
3519d318-c16f-4ee4-a032-3ec3102ab1e8	3d-hammer - Delapouite - game-icons	Delapouite	CC-BY 3.0	illustration	wikimedia	svg	hammer	"3d-hammer - Delapouite - game-icons" by Delapouite is licensed under CC BY 3.0. To view a copy of this license, visit https://creativecommons.org/licenses/by/3.0/.	curl -O "https://upload.wikimedia.org/wikipedia/commons/e/ec/3d-hammer_-_Delapouite_-_game-icons.svg"
8b463104-759a-48da-a174-c3fc498104e6	Abstract hammer & sickle flag	Punisher2025	CC0	illustration	wikimedia	svg	hammer	"Abstract hammer & sickle flag" by Punisher2025 is marked with CC0 1.0. To view the terms, visit https://creativecommons.org/publicdomain/zero/1.0/deed.en/.	curl -O "https://upload.wikimedia.org/wikipedia/commons/2/24/Abstract_hammer_%26_sickle_flag.svg"
37586908-c13f-49b0-9227-30bdfab85048	Stake-hammer - Delapouite - white - game-icons	Delapouite	CC-BY 3.0	illustration	wikimedia	svg	hammer	"Stake-hammer - Delapouite - white - game-icons" by Delapouite is licensed under CC BY 3.0. To view a copy of this license, visit https://creativecommons.org/licenses/by/3.0/.	curl -O "https://upload.wikimedia.org/wikipedia/commons/7/7c/Stake-hammer_-_Delapouite_-_white_-_game-icons.svg"
129c839f-c8eb-46d0-b37a-fd6dc8b726d6	Logo der Hammer GmbH & Co. KG	Hammer Advanced Logistics	CC-BY 4.0	illustration	wikimedia	svg	hammer	"Logo der Hammer GmbH & Co. KG" by Hammer Advanced Logistics is licensed under CC BY 4.0. To view a copy of this license, visit https://creativecommons.org/licenses/by/4.0/.	curl -O "https://upload.wikimedia.org/wikipedia/commons/3/3c/Logo_der_Hammer_GmbH_%26_Co._KG.svg"
369f61a1-6e19-453c-90da-48dceb538ad3	Hammer Pinhead icon	Quincy Morgan	CC0	illustration	wikimedia	svg	hammer	"Hammer Pinhead icon" by Quincy Morgan is marked with CC0 1.0. To view the terms, visit https://creativecommons.org/publicdomain/zero/1.0/deed.en/.	curl -O "https://upload.wikimedia.org/wikipedia/commons/d/d3/Hammer_Pinhead_icon.svg"
67c9e18d-0adf-42ad-81fe-63ed08df7369	Hammer and Sickle (CPSU; variant)	Kosogorsky Yaroslav	CC0	illustration	wikimedia	svg	hammer	"Hammer and Sickle (CPSU; variant)" by Kosogorsky Yaroslav is marked with CC0 1.0. To view the terms, visit https://creativecommons.org/publicdomain/zero/1.0/deed.en/.	curl -O "https://upload.wikimedia.org/wikipedia/commons/6/66/Hammer_and_Sickle_%28CPSU%3B_variant%29.svg"
28d47309-fdca-4275-a6e0-f2c5d021156e	Hammer and inverted shoe Pinhead icon	Temaki contributors	CC0	illustration	wikimedia	svg	hammer	"Hammer and inverted shoe Pinhead icon" by Temaki contributors is marked with CC0 1.0. To view the terms, visit https://creativecommons.org/publicdomain/zero/1.0/deed.en/.	curl -O "https://upload.wikimedia.org/wikipedia/commons/c/c5/Hammer_and_inverted_shoe_Pinhead_icon.svg"
f630bd66-ab2e-47a5-8f49-cc7d752beda8	Gear-hammer - Lorc - game-icons	Lorc	CC-BY 3.0	illustration	wikimedia	svg	hammer	"Gear-hammer - Lorc - game-icons" by Lorc is licensed under CC BY 3.0. To view a copy of this license, visit https://creativecommons.org/licenses/by/3.0/.	curl -O "https://upload.wikimedia.org/wikipedia/commons/8/8d/Gear-hammer_-_Lorc_-_game-icons.svg"
4721728b-790a-4ab7-9765-2910b31249ab	Hammer & sickle	Henri2008	CC0	illustration	wikimedia	svg	hammer	"Hammer & sickle" by Henri2008 is marked with CC0 1.0. To view the terms, visit https://creativecommons.org/publicdomain/zero/1.0/deed.en/.	curl -O "https://upload.wikimedia.org/wikipedia/commons/c/cb/Hammer_%26_sickle.svg"
0143c389-053d-458c-b182-fe00480189fd	3d-hammer - Delapouite - white - game-icons	Delapouite	CC-BY 3.0	illustration	wikimedia	svg	hammer	"3d-hammer - Delapouite - white - game-icons" by Delapouite is licensed under CC BY 3.0. To view a copy of this license, visit https://creativecommons.org/licenses/by/3.0/.	curl -O "https://upload.wikimedia.org/wikipedia/commons/c/c8/3d-hammer_-_Delapouite_-_white_-_game-icons.svg"
b00255de-ddbd-4eee-9e4f-c844677bc781	Hammer-sickle - Delapouite - white - game-icons	Delapouite	CC-BY 3.0	illustration	wikimedia	svg	hammer	"Hammer-sickle - Delapouite - white - game-icons" by Delapouite is licensed under CC BY 3.0. To view a copy of this license, visit https://creativecommons.org/licenses/by/3.0/.	curl -O "https://upload.wikimedia.org/wikipedia/commons/b/bb/Hammer-sickle_-_Delapouite_-_white_-_game-icons.svg"
6a414a17-6e75-42cd-89e9-ea49ebeefae3	Thor-hammer - Delapouite - game-icons	Delapouite	CC-BY 3.0	illustration	wikimedia	svg	hammer	"Thor-hammer - Delapouite - game-icons" by Delapouite is licensed under CC BY 3.0. To view a copy of this license, visit https://creativecommons.org/licenses/by/3.0/.	curl -O "https://upload.wikimedia.org/wikipedia/commons/6/67/Thor-hammer_-_Delapouite_-_game-icons.svg"
bb061851-6fa7-4df9-89ab-43cd57867278	Pick hammer Pinhead icon	Quincy Morgan, Temaki contributors	CC0	illustration	wikimedia	svg	hammer	"Pick hammer Pinhead icon" by Quincy Morgan, Temaki contributors is marked with CC0 1.0. To view the terms, visit https://creativecommons.org/publicdomain/zero/1.0/deed.en/.	curl -O "https://upload.wikimedia.org/wikipedia/commons/e/e1/Pick_hammer_Pinhead_icon.svg"
4d457214-a142-4107-91c9-e29ccee75f23	Hammer&sickle	Henri2008	CC0	illustration	wikimedia	svg	hammer	"Hammer&sickle" by Henri2008 is marked with CC0 1.0. To view the terms, visit https://creativecommons.org/publicdomain/zero/1.0/deed.en/.	curl -O "https://upload.wikimedia.org/wikipedia/commons/9/91/Hammer%26sickle.svg"
56a4c40f-471a-48ba-b2a4-41431f18c4b6	Flag with hammer and sickle	Henri2008	CC0	illustration	wikimedia	svg	hammer	"Flag with hammer and sickle" by Henri2008 is marked with CC0 1.0. To view the terms, visit https://creativecommons.org/publicdomain/zero/1.0/deed.en/.	curl -O "https://upload.wikimedia.org/wikipedia/commons/d/df/Flag_with_hammer_and_sickle.svg"
14fca206-94a1-44dd-bec2-f41aff968179	Green Hammer and Sickle	Sebastian Wallroth	CC0	illustration	wikimedia	svg	hammer	"Green Hammer and Sickle" by Sebastian Wallroth is marked with CC0 1.0. To view the terms, visit https://creativecommons.org/publicdomain/zero/1.0/deed.en/.	curl -O "https://upload.wikimedia.org/wikipedia/commons/9/94/Green_Hammer_and_Sickle.svg"
391936c3-ad88-4d42-b110-088e7efd4bb0	Pick hammer with rocks Pinhead icon	NPS contributors	CC0	illustration	wikimedia	svg	hammer	"Pick hammer with rocks Pinhead icon" by NPS contributors is marked with CC0 1.0. To view the terms, visit https://creativecommons.org/publicdomain/zero/1.0/deed.en/.	curl -O "https://upload.wikimedia.org/wikipedia/commons/e/ed/Pick_hammer_with_rocks_Pinhead_icon.svg"
a8616ae6-02a6-48d9-ae2c-97808a8d5c76	Communist Hammer and Plough flag (alternate)	RootOfAllLight	CC0	illustration	wikimedia	svg	hammer	"Communist Hammer and Plough flag (alternate)" by RootOfAllLight is marked with CC0 1.0. To view the terms, visit https://creativecommons.org/publicdomain/zero/1.0/deed.en/.	curl -O "https://upload.wikimedia.org/wikipedia/commons/9/9d/Communist_Hammer_and_Plough_flag_%28alternate%29.svg"
a7388822-de6f-4b70-a62e-3994f97109a7	Hammer & sickle flag	Henri2008	CC0	illustration	wikimedia	svg	hammer	"Hammer & sickle flag" by Henri2008 is marked with CC0 1.0. To view the terms, visit https://creativecommons.org/publicdomain/zero/1.0/deed.en/.	curl -O "https://upload.wikimedia.org/wikipedia/commons/c/ce/Hammer_%26_sickle_flag.svg"
de77e5e6-0e33-44cc-80fe-241fd0c8ad3e	Hammer and Sickle based on the design provided by the Communist Party of China	Marx.FelipeForte	CC0	illustration	wikimedia	svg	hammer	"Hammer and Sickle based on the design provided by the Communist Party of China" by Marx.FelipeForte is marked with CC0 1.0. To view the terms, visit https://creativecommons.org/publicdomain/zero/1.0/deed.en/.	curl -O "https://upload.wikimedia.org/wikipedia/commons/3/32/Hammer_and_Sickle_based_on_the_design_provided_by_the_Communist_Party_of_China.svg"
e5f6d94e-2487-46f7-9648-3ab32d1c6e8c	Hammer-nails - Lorc - game-icons	Lorc	CC-BY 3.0	illustration	wikimedia	svg	hammer	"Hammer-nails - Lorc - game-icons" by Lorc is licensed under CC BY 3.0. To view a copy of this license, visit https://creativecommons.org/licenses/by/3.0/.	curl -O "https://upload.wikimedia.org/wikipedia/commons/7/70/Hammer-nails_-_Lorc_-_game-icons.svg"
2246daf4-62f0-4a91-8a56-0face40a49dd	Communist Hammer and Plough flag	RootOfAllLight	CC0	illustration	wikimedia	svg	hammer	"Communist Hammer and Plough flag" by RootOfAllLight is marked with CC0 1.0. To view the terms, visit https://creativecommons.org/publicdomain/zero/1.0/deed.en/.	curl -O "https://upload.wikimedia.org/wikipedia/commons/0/0d/Communist_Hammer_and_Plough_flag.svg"
24dcec12-f322-489e-8cfe-6bb47dee2d28	Hammer-break - Delapouite - white - game-icons	Delapouite	CC-BY 3.0	illustration	wikimedia	svg	hammer	"Hammer-break - Delapouite - white - game-icons" by Delapouite is licensed under CC BY 3.0. To view a copy of this license, visit https://creativecommons.org/licenses/by/3.0/.	curl -O "https://upload.wikimedia.org/wikipedia/commons/1/16/Hammer-break_-_Delapouite_-_white_-_game-icons.svg"
be012aee-3af3-4eb0-aea1-b9bc9220df62	Abstract hammer & sickle	Punisher2025	CC0	illustration	wikimedia	svg	hammer	"Abstract hammer & sickle" by Punisher2025 is marked with CC0 1.0. To view the terms, visit https://creativecommons.org/publicdomain/zero/1.0/deed.en/.	curl -O "https://upload.wikimedia.org/wikipedia/commons/8/85/Abstract_hammer_%26_sickle.svg"
e669a896-7ee6-4969-a527-299a7717501f	Ruban de la Médaille des Mines	Créee par Paris75000, modifée par Tux-Man Vectorization: Magasjukur2	CC0	illustration	wikimedia	svg	mine	"Ruban de la Médaille des Mines" by Créee par Paris75000, modifée par Tux-Man Vectorization: Magasjukur2 is marked with CC0 1.0. To view the terms, visit https://creativecommons.org/publicdomain/zero/1.0/deed.en.	curl -O "https://upload.wikimedia.org/wikipedia/commons/7/7f/Ruban_de_la_M%C3%A9daille_des_Mines.svg"
31f3a857-dc93-4379-81bf-1737a6c6f553	Blason la croix aux mines	Manassas Image created for the Blazon Project of the French Wikipedia.	CC-BY 2.5	illustration	wikimedia	svg	mine	"Blason la croix aux mines" by Manassas Image created for the Blazon Project of the French Wikipedia. is licensed under CC BY 2.5. To view a copy of this license, visit https://creativecommons.org/licenses/by/2.5/.	curl -O "https://upload.wikimedia.org/wikipedia/commons/f/f3/Blason_la_croix_aux_mines.svg"
0268d6f6-6082-4ae6-af4f-ae882faac682	Northwest Arctic Borough Alaska incorporated and unincorporated areas Red Dog Mine highlighted	Rcsprinter123	CC-BY 3.0	illustration	wikimedia	svg	mine	"Northwest Arctic Borough Alaska incorporated and unincorporated areas Red Dog Mine highlighted" by Rcsprinter123 is licensed under CC BY 3.0. To view a copy of this license, visit https://creativecommons.org/licenses/by/3.0/.	curl -O "https://upload.wikimedia.org/wikipedia/commons/b/b8/Northwest_Arctic_Borough_Alaska_incorporated_and_unincorporated_areas_Red_Dog_Mine_highlighted.svg"
96eb6731-2af6-45e4-8ec3-36d229537d33	Cote d'Ivoire Ordre du merite des mines Commandeur ribbon	Boroduntalk	CC-BY 3.0	illustration	wikimedia	svg	mine	"Cote d'Ivoire Ordre du merite des mines Commandeur ribbon" by Boroduntalk is licensed under CC BY 3.0. To view a copy of this license, visit https://creativecommons.org/licenses/by/3.0/.	curl -O "https://upload.wikimedia.org/wikipedia/commons/8/87/Cote_d%27Ivoire_Ordre_du_merite_des_mines_Commandeur_ribbon.svg"
1310c492-f283-4afb-b0c4-9b0cf5e9768f	Cote d'Ivoire Ordre du merite des mines Chevalier ribbon	Boroduntalk	CC-BY 3.0	illustration	wikimedia	svg	mine	"Cote d'Ivoire Ordre du merite des mines Chevalier ribbon" by Boroduntalk is licensed under CC BY 3.0. To view a copy of this license, visit https://creativecommons.org/licenses/by/3.0/.	curl -O "https://upload.wikimedia.org/wikipedia/commons/7/77/Cote_d%27Ivoire_Ordre_du_merite_des_mines_Chevalier_ribbon.svg"
f1167d9d-94d1-463c-8b0c-013a621d3fc5	Cote d'Ivoire Ordre du merite des mines Officier ribbon	Boroduntalk	CC-BY 3.0	illustration	wikimedia	svg	mine	"Cote d'Ivoire Ordre du merite des mines Officier ribbon" by Boroduntalk is licensed under CC BY 3.0. To view a copy of this license, visit https://creativecommons.org/licenses/by/3.0/.	curl -O "https://upload.wikimedia.org/wikipedia/commons/5/58/Cote_d%27Ivoire_Ordre_du_merite_des_mines_Officier_ribbon.svg"
0e9032ef-c8a0-4af5-ab26-b0464ebbd300	Mining implications figure	Original: MimiDeepSea Vector: Mrmw	CC0	illustration	wikimedia	svg	mine	"Mining implications figure" by Original: MimiDeepSea Vector: Mrmw is marked with CC0 1.0. To view the terms, visit https://creativecommons.org/publicdomain/zero/1.0/deed.en/.	curl -O "https://upload.wikimedia.org/wikipedia/commons/b/b8/Mining_implications_figure.svg"
f080adee-eccd-4c1b-bdff-b5d7efec3414	Medaille des mines de la Sarre ribbon	Boroduntalk	CC-BY 3.0	illustration	wikimedia	svg	mine	"Medaille des mines de la Sarre ribbon" by Boroduntalk is licensed under CC BY 3.0. To view a copy of this license, visit https://creativecommons.org/licenses/by/3.0/.	curl -O "https://upload.wikimedia.org/wikipedia/commons/c/cc/Medaille_des_mines_de_la_Sarre_ribbon.svg"
f40d67e7-020d-4584-84a9-cd40a464ea91	Morris County New Jersey incorporated and unincorporated areas Mine Hill Township highlighted	Rcsprinter123	CC-BY 3.0	illustration	wikimedia	svg	mine	"Morris County New Jersey incorporated and unincorporated areas Mine Hill Township highlighted" by Rcsprinter123 is licensed under CC BY 3.0. To view a copy of this license, visit https://creativecommons.org/licenses/by/3.0/.	curl -O "https://upload.wikimedia.org/wikipedia/commons/5/5b/Morris_County_New_Jersey_incorporated_and_unincorporated_areas_Mine_Hill_Township_highlighted.svg"
22779fde-d3ec-4351-99ef-2dfb6fd114ae	DPRK ribbon bar - Order of Coal and Mining Industry Service Honor 3rd Class	Koreller	CC0	illustration	wikimedia	svg	mine	"DPRK ribbon bar - Order of Coal and Mining Industry Service Honor 3rd Class" by Koreller is marked with CC0 1.0. To view the terms, visit https://creativecommons.org/publicdomain/zero/1.0/deed.en/.	curl -O "https://upload.wikimedia.org/wikipedia/commons/6/6c/DPRK_ribbon_bar_-_Order_of_Coal_and_Mining_Industry_Service_Honor_3rd_Class.svg"
ae0e1e3b-0993-400b-b302-dfbee1cdb94b	2010 Arizona State Mine Inspector election results	The EDM Gug	CC-BY 4.0	illustration	wikimedia	svg	mine	"2010 Arizona State Mine Inspector election results" by The EDM Gug is licensed under CC BY 4.0. To view a copy of this license, visit https://creativecommons.org/licenses/by/4.0/.	curl -O "https://upload.wikimedia.org/wikipedia/commons/9/9b/2010_Arizona_State_Mine_Inspector_election_results.svg?utm_source=commons.wikimedia.org&utm_campaign=imageinfo&utm_content=original"
bdc4bd26-c58d-4ed5-96e8-f72935817d6a	Data Mining (30208) - The Noun Project	Matt Brooks	CC0	illustration	wikimedia	svg	mine	"Data Mining (30208) - The Noun Project" by Matt Brooks is marked with CC0 1.0. To view the terms, visit https://creativecommons.org/publicdomain/zero/1.0/deed.en/.	curl -O "https://upload.wikimedia.org/wikipedia/commons/4/49/Data_Mining_%2830208%29_-_The_Noun_Project.svg"
2ddcd716-f9fb-4e13-92c5-5f403c989ec4	Carrières et mines du massif du Chablais	JRagusa	CC-BY 4.0	illustration	wikimedia	svg	mine	"Carrières et mines du massif du Chablais" by JRagusa is licensed under CC BY 4.0. To view a copy of this license, visit https://creativecommons.org/licenses/by/4.0/.	curl -O "https://upload.wikimedia.org/wikipedia/commons/4/4a/Carri%C3%A8res_et_mines_du_massif_du_Chablais.svg"
e81e71eb-b638-42d3-8436-d72e48c20455	2006 Arizona state mine inspector election results map by county	ZackCarns	CC0	illustration	wikimedia	svg	mine	"2006 Arizona state mine inspector election results map by county" by ZackCarns is marked with CC0 1.0. To view the terms, visit https://creativecommons.org/publicdomain/zero/1.0/deed.en/.	curl -O "https://upload.wikimedia.org/wikipedia/commons/7/75/2006_Arizona_state_mine_inspector_election_results_map_by_county.svg"
b890a348-b569-4e95-9bf4-339210c9dc5d	2014 Arizona state mine inspector election results map by county	ZackCarns	CC0	illustration	wikimedia	svg	mine	"2014 Arizona state mine inspector election results map by county" by ZackCarns is marked with CC0 1.0. To view the terms, visit https://creativecommons.org/publicdomain/zero/1.0/deed.en/.	curl -O "https://upload.wikimedia.org/wikipedia/commons/8/8c/2014_Arizona_state_mine_inspector_election_results_map_by_county.svg"
72f269f6-cc92-4b18-9d8e-783b00db0102	Underground coal mines drive Indonesias methane emissions	Ember	CC-BY 4.0	illustration	wikimedia	svg	mine	"Underground coal mines drive Indonesias methane emissions" by Ember is licensed under CC BY 4.0. To view a copy of this license, visit https://creativecommons.org/licenses/by/4.0/.	curl -O "https://upload.wikimedia.org/wikipedia/commons/6/61/Underground_coal_mines_drive_Indonesias_methane_emissions.svg"
f10b969a-bc8a-4df7-9d94-3e154afc57e8	DPRK ribbon bar - Order of Coal and Mining Industry Service Honor 1st Class	Koreller	CC0	illustration	wikimedia	svg	mine	"DPRK ribbon bar - Order of Coal and Mining Industry Service Honor 1st Class" by Koreller is marked with CC0 1.0. To view the terms, visit https://creativecommons.org/publicdomain/zero/1.0/deed.en/.	curl -O "https://upload.wikimedia.org/wikipedia/commons/6/67/DPRK_ribbon_bar_-_Order_of_Coal_and_Mining_Industry_Service_Honor_1st_Class.svg"
18ca57e9-a84a-4a3d-8160-6ccede5d9149	2022 Arizona state mine inspector election results map by county	ZackCarns	CC0	illustration	wikimedia	svg	mine	"2022 Arizona state mine inspector election results map by county" by ZackCarns is marked with CC0 1.0. To view the terms, visit https://creativecommons.org/publicdomain/zero/1.0/deed.en/.	curl -O "https://upload.wikimedia.org/wikipedia/commons/4/48/2022_Arizona_state_mine_inspector_election_results_map_by_county.svg"
357e463a-9192-4b1b-bf62-ee6b9bb80ef6	DPRK ribbon bar - Order of Coal and Mining Industry Service Honor 2nd Class	Koreller	CC0	illustration	wikimedia	svg	mine	"DPRK ribbon bar - Order of Coal and Mining Industry Service Honor 2nd Class" by Koreller is marked with CC0 1.0. To view the terms, visit https://creativecommons.org/publicdomain/zero/1.0/deed.en/.	curl -O "https://upload.wikimedia.org/wikipedia/commons/7/7c/DPRK_ribbon_bar_-_Order_of_Coal_and_Mining_Industry_Service_Honor_2nd_Class.svg"
3f3ca8d4-c31b-4353-b2e9-25526fe7bf22	Gfi-set01-coal-mine	Gfi, Ukulelevillain	CC-BY 4.0	illustration	wikimedia	svg	mine	"Gfi-set01-coal-mine" by Gfi, Ukulelevillain is licensed under CC BY 4.0. To view a copy of this license, visit https://creativecommons.org/licenses/by/4.0/.	curl -O "https://upload.wikimedia.org/wikipedia/commons/a/ae/Gfi-set01-coal-mine.svg"
2798c98f-c300-4796-a8e8-e512a3bb84b0	Mine-wagon - Delapouite - game-icons	Delapouite	CC-BY 3.0	illustration	wikimedia	svg	mine	"Mine-wagon - Delapouite - game-icons" by Delapouite is licensed under CC BY 3.0. To view a copy of this license, visit https://creativecommons.org/licenses/by/3.0/.	curl -O "https://upload.wikimedia.org/wikipedia/commons/5/56/Mine-wagon_-_Delapouite_-_game-icons.svg"
1d1a3374-7bd5-4ff8-ab9e-fd16d23c2520	Mining - Lorc - white - game-icons	Lorc	CC-BY 3.0	illustration	wikimedia	svg	mine	"Mining - Lorc - white - game-icons" by Lorc is licensed under CC BY 3.0. To view a copy of this license, visit https://creativecommons.org/licenses/by/3.0/.	curl -O "https://upload.wikimedia.org/wikipedia/commons/f/f1/Mining_-_Lorc_-_white_-_game-icons.svg"
48a0a144-7fec-4bf8-9046-c61cfa731302	Mining - Lorc - game-icons	Lorc	CC-BY 3.0	illustration	wikimedia	svg	mine	"Mining - Lorc - game-icons" by Lorc is licensed under CC BY 3.0. To view a copy of this license, visit https://creativecommons.org/licenses/by/3.0/.	curl -O "https://upload.wikimedia.org/wikipedia/commons/3/3a/Mining_-_Lorc_-_game-icons.svg"
7ed7a8bb-61a3-4a48-ab86-3570bf765f1b	Mine-truck - Delapouite - game-icons	Delapouite	CC-BY 3.0	illustration	wikimedia	svg	mine	"Mine-truck - Delapouite - game-icons" by Delapouite is licensed under CC BY 3.0. To view a copy of this license, visit https://creativecommons.org/licenses/by/3.0/.	curl -O "https://upload.wikimedia.org/wikipedia/commons/1/1e/Mine-truck_-_Delapouite_-_game-icons.svg"
64b33fca-9725-43a4-8443-e6184fc877e2	Mine-explosion - Lorc - white - game-icons	Lorc	CC-BY 3.0	illustration	wikimedia	svg	mine	"Mine-explosion - Lorc - white - game-icons" by Lorc is licensed under CC BY 3.0. To view a copy of this license, visit https://creativecommons.org/licenses/by/3.0/.	curl -O "https://upload.wikimedia.org/wikipedia/commons/d/d5/Mine-explosion_-_Lorc_-_white_-_game-icons.svg"
4d1d78e0-e01e-46e0-a747-29f6ec4c3087	Mine-wagon - Delapouite - white - game-icons	Delapouite	CC-BY 3.0	illustration	wikimedia	svg	mine	"Mine-wagon - Delapouite - white - game-icons" by Delapouite is licensed under CC BY 3.0. To view a copy of this license, visit https://creativecommons.org/licenses/by/3.0/.	curl -O "https://upload.wikimedia.org/wikipedia/commons/c/c2/Mine-wagon_-_Delapouite_-_white_-_game-icons.svg"
853f60fd-20ba-4bad-bc09-af7fcdee5519	FlagofNH MINE SA 3Rowsof3 1776 (1)	Dotties45	CC0	illustration	wikimedia	svg	mine	"FlagofNH MINE SA 3Rowsof3 1776 (1)" by Dotties45 is marked with CC0 1.0. To view the terms, visit https://creativecommons.org/publicdomain/zero/1.0/deed.en/.	curl -O "https://upload.wikimedia.org/wikipedia/commons/4/46/FlagofNH_MINE_SA_3Rowsof3_1776_%281%29.svg"
9c8bf705-cec8-442a-be49-60aee6cd371c	Gold-mine - Delapouite - game-icons	Delapouite	CC-BY 3.0	illustration	wikimedia	svg	mine	"Gold-mine - Delapouite - game-icons" by Delapouite is licensed under CC BY 3.0. To view a copy of this license, visit https://creativecommons.org/licenses/by/3.0/.	curl -O "https://upload.wikimedia.org/wikipedia/commons/9/96/Gold-mine_-_Delapouite_-_game-icons.svg"
ba48dccc-cb43-4368-b46e-f6ec17761671	Mining-helmet - Delapouite - game-icons	Delapouite	CC-BY 3.0	illustration	wikimedia	svg	mine	"Mining-helmet - Delapouite - game-icons" by Delapouite is licensed under CC BY 3.0. To view a copy of this license, visit https://creativecommons.org/licenses/by/3.0/.	curl -O "https://upload.wikimedia.org/wikipedia/commons/4/46/Mining-helmet_-_Delapouite_-_game-icons.svg"
43a7fafc-0961-4588-9ae3-7829aaccbaf4	Data Mining - The Noun Project	Five by Five	CC0	illustration	wikimedia	svg	mine	"Data Mining - The Noun Project" by Five by Five is marked with CC0 1.0. To view the terms, visit https://creativecommons.org/publicdomain/zero/1.0/deed.en/.	curl -O "https://upload.wikimedia.org/wikipedia/commons/1/1f/Data_Mining_-_The_Noun_Project.svg"
16fe9752-aa0b-4222-9951-a26796b3519f	Teller-mine - Skoll - white - game-icons	Skoll	CC-BY 3.0	illustration	wikimedia	svg	mine	"Teller-mine - Skoll - white - game-icons" by Skoll is licensed under CC BY 3.0. To view a copy of this license, visit https://creativecommons.org/licenses/by/3.0/.	curl -O "https://upload.wikimedia.org/wikipedia/commons/b/b3/Teller-mine_-_Skoll_-_white_-_game-icons.svg"
4e5746ce-34b2-4f49-aa5d-6f2e40321692	Land-mine - Lorc - white - game-icons	Lorc	CC-BY 3.0	illustration	wikimedia	svg	mine	"Land-mine - Lorc - white - game-icons" by Lorc is licensed under CC BY 3.0. To view a copy of this license, visit https://creativecommons.org/licenses/by/3.0/.	curl -O "https://upload.wikimedia.org/wikipedia/commons/1/1d/Land-mine_-_Lorc_-_white_-_game-icons.svg"
35bef7de-df28-46bd-b15e-94f144c3ece2	Mining-helmet - Delapouite - white - game-icons	Delapouite	CC-BY 3.0	illustration	wikimedia	svg	mine	"Mining-helmet - Delapouite - white - game-icons" by Delapouite is licensed under CC BY 3.0. To view a copy of this license, visit https://creativecommons.org/licenses/by/3.0/.	curl -O "https://upload.wikimedia.org/wikipedia/commons/0/01/Mining-helmet_-_Delapouite_-_white_-_game-icons.svg"
2e368b9f-753c-4c50-a1fd-e1c5241cb990	Gold-mine - Delapouite - white - game-icons	Delapouite	CC-BY 3.0	illustration	wikimedia	svg	mine	"Gold-mine - Delapouite - white - game-icons" by Delapouite is licensed under CC BY 3.0. To view a copy of this license, visit https://creativecommons.org/licenses/by/3.0/.	curl -O "https://upload.wikimedia.org/wikipedia/commons/3/3e/Gold-mine_-_Delapouite_-_white_-_game-icons.svg"
b511273f-0ef4-47ba-a559-9479f183cbed	Mine-explosion - Lorc - game-icons	Lorc	CC-BY 3.0	illustration	wikimedia	svg	mine	"Mine-explosion - Lorc - game-icons" by Lorc is licensed under CC BY 3.0. To view a copy of this license, visit https://creativecommons.org/licenses/by/3.0/.	curl -O "https://upload.wikimedia.org/wikipedia/commons/d/d0/Mine-explosion_-_Lorc_-_game-icons.svg"
6573ffce-4f43-4ea4-b4bc-6253f07641e3	Mine-truck - Delapouite - white - game-icons	Delapouite	CC-BY 3.0	illustration	wikimedia	svg	mine	"Mine-truck - Delapouite - white - game-icons" by Delapouite is licensed under CC BY 3.0. To view a copy of this license, visit https://creativecommons.org/licenses/by/3.0/.	curl -O "https://upload.wikimedia.org/wikipedia/commons/c/cc/Mine-truck_-_Delapouite_-_white_-_game-icons.svg"
21bdde7f-c123-4a99-b2fe-476c2f263398	Teller-mine - game-icons	Skoll	CC-BY 3.0	illustration	wikimedia	svg	mine	"Teller-mine - game-icons" by Skoll is licensed under CC BY 3.0. To view a copy of this license, visit https://creativecommons.org/licenses/by/3.0/.	curl -O "https://upload.wikimedia.org/wikipedia/commons/b/b5/Teller-mine_-_game-icons.svg"
444b1644-711b-4b0c-b2e3-9b13a7058ac9	Land-mine - Lorc - game-icons	Lorc	CC-BY 3.0	illustration	wikimedia	svg	mine	"Land-mine - Lorc - game-icons" by Lorc is licensed under CC BY 3.0. To view a copy of this license, visit https://creativecommons.org/licenses/by/3.0/.	curl -O "https://upload.wikimedia.org/wikipedia/commons/b/bc/Land-mine_-_Lorc_-_game-icons.svg"
b84ad733-e451-4f17-b6ec-c4ccb429fdef	Alsace - Canton Sainte-Marie-aux-Mines 2021	Xirelog	CC0	illustration	wikimedia	svg	mine	"Alsace - Canton Sainte-Marie-aux-Mines 2021" by Xirelog is marked with CC0 1.0. To view the terms, visit https://creativecommons.org/publicdomain/zero/1.0/deed.en/.	curl -O "https://upload.wikimedia.org/wikipedia/commons/0/04/Alsace_-_Canton_Sainte-Marie-aux-Mines_2021.svg"
c53a9f92-609f-408a-ae7d-46eaee2c62fa	MHSA Sign - Active Mine Vertical	Bigguy637	CC0	illustration	wikimedia	svg	mine	"MHSA Sign - Active Mine Vertical" by Bigguy637 is marked with CC0 1.0. To view the terms, visit https://creativecommons.org/publicdomain/zero/1.0/deed.en/.	curl -O "https://upload.wikimedia.org/wikipedia/commons/0/01/MHSA_Sign_-_Active_Mine_Vertical.svg"
b2787c40-e5b9-4d5e-b157-072ad7b6db9a	MHSA Sign - Abandoned Mine Vertical	Bigguy637	CC0	illustration	wikimedia	svg	mine	"MHSA Sign - Abandoned Mine Vertical" by Bigguy637 is marked with CC0 1.0. To view the terms, visit https://creativecommons.org/publicdomain/zero/1.0/deed.en/.	curl -O "https://upload.wikimedia.org/wikipedia/commons/6/68/MHSA_Sign_-_Abandoned_Mine_Vertical.svg"
dd824c1c-99d3-4b38-a2f0-08eb8e268b4b	BS 5499 style sign M003a Wear mining helmet	Bigguy637	CC0	illustration	wikimedia	svg	mine	"BS 5499 style sign M003a Wear mining helmet" by Bigguy637 is marked with CC0 1.0. To view the terms, visit https://creativecommons.org/publicdomain/zero/1.0/deed.en/.	curl -O "https://upload.wikimedia.org/wikipedia/commons/c/ce/BS_5499_style_sign_M003a_Wear_mining_helmet.svg"
4ecf93b2-bba7-4978-a21a-fa06f11226a2	Unofficial additional ISO 7010 sign M007 wear mining helmet	Bigguy637	CC0	illustration	wikimedia	svg	mine	"Unofficial additional ISO 7010 sign M007 wear mining helmet" by Bigguy637 is marked with CC0 1.0. To view the terms, visit https://creativecommons.org/publicdomain/zero/1.0/deed.en/.	curl -O "https://upload.wikimedia.org/wikipedia/commons/b/b2/Unofficial_additional_ISO_7010_sign_M007_wear_mining_helmet.svg"
11771bb0-7af0-40bb-9b68-be1c2e26b5f1	MHSA Sign, OSHA - Danger, Abandoned Mine Vertical	Bigguy637	CC0	illustration	wikimedia	svg	mine	"MHSA Sign, OSHA - Danger, Abandoned Mine Vertical" by Bigguy637 is marked with CC0 1.0. To view the terms, visit https://creativecommons.org/publicdomain/zero/1.0/deed.en/.	curl -O "https://upload.wikimedia.org/wikipedia/commons/5/51/MHSA_Sign%2C_OSHA_-_Danger%2C_Abandoned_Mine_Vertical.svg"
f724eec7-9dad-4b64-9d88-f2f8545af1ea	MHSA Sign - Abandoned Mine Horizontal	Bigguy637	CC0	illustration	wikimedia	svg	mine	"MHSA Sign - Abandoned Mine Horizontal" by Bigguy637 is marked with CC0 1.0. To view the terms, visit https://creativecommons.org/publicdomain/zero/1.0/deed.en/.	curl -O "https://upload.wikimedia.org/wikipedia/commons/0/01/MHSA_Sign_-_Abandoned_Mine_Horizontal.svg"
5d6c2889-4cfc-45b2-968d-733a6d8a30ca	MHSA Sign - Abandoned Mines Are Deadly Vertical	Bigguy637	CC0	illustration	wikimedia	svg	mine	"MHSA Sign - Abandoned Mines Are Deadly Vertical" by Bigguy637 is marked with CC0 1.0. To view the terms, visit https://creativecommons.org/publicdomain/zero/1.0/deed.en/.	curl -O "https://upload.wikimedia.org/wikipedia/commons/a/a9/MHSA_Sign_-_Abandoned_Mines_Are_Deadly_Vertical.svg"
17ccf605-6c93-4b5e-97e2-353ee7e22c6e	MHSA Sign, OSHA - Danger, Abandoned Mines Are Deadly Horizontal	Bigguy637	CC0	illustration	wikimedia	svg	mine	"MHSA Sign, OSHA - Danger, Abandoned Mines Are Deadly Horizontal" by Bigguy637 is marked with CC0 1.0. To view the terms, visit https://creativecommons.org/publicdomain/zero/1.0/deed.en/.	curl -O "https://upload.wikimedia.org/wikipedia/commons/f/f6/MHSA_Sign%2C_OSHA_-_Danger%2C_Abandoned_Mines_Are_Deadly_Horizontal.svg"
7525440b-4c28-4e9b-9ecc-737e5fd305d2	Toicon-icon-fandom-mine	Carol Liao/toicon.com	CC-BY 4.0	illustration	wikimedia	svg	mine	"Toicon-icon-fandom-mine" by Carol Liao/toicon.com is licensed under CC BY 4.0. To view a copy of this license, visit https://creativecommons.org/licenses/by/4.0/.	curl -O "https://upload.wikimedia.org/wikipedia/commons/a/a4/Toicon-icon-fandom-mine.svg"
2f586efc-00e5-4c5f-9bc6-dd5989da6506	MHSA Sign, OSHA - Danger, Abandoned Mines Are Deadly Vertical	Bigguy637	CC0	illustration	wikimedia	svg	mine	"MHSA Sign, OSHA - Danger, Abandoned Mines Are Deadly Vertical" by Bigguy637 is marked with CC0 1.0. To view the terms, visit https://creativecommons.org/publicdomain/zero/1.0/deed.en/.	curl -O "https://upload.wikimedia.org/wikipedia/commons/2/26/MHSA_Sign%2C_OSHA_-_Danger%2C_Abandoned_Mines_Are_Deadly_Vertical.svg"
a2332733-f356-4262-ad4d-9061b9b657b7	MHSA Sign - Abandoned Mines Are Deadly Horizontal	Bigguy637	CC0	illustration	wikimedia	svg	mine	"MHSA Sign - Abandoned Mines Are Deadly Horizontal" by Bigguy637 is marked with CC0 1.0. To view the terms, visit https://creativecommons.org/publicdomain/zero/1.0/deed.en/.	curl -O "https://upload.wikimedia.org/wikipedia/commons/a/a2/MHSA_Sign_-_Abandoned_Mines_Are_Deadly_Horizontal.svg"
dce2f3be-ad71-413b-8ba1-9d935f4d9978	MHSA Sign, OSHA - Danger, Abandoned Mine Horizontal	Bigguy637	CC0	illustration	wikimedia	svg	mine	"MHSA Sign, OSHA - Danger, Abandoned Mine Horizontal" by Bigguy637 is marked with CC0 1.0. To view the terms, visit https://creativecommons.org/publicdomain/zero/1.0/deed.en/.	curl -O "https://upload.wikimedia.org/wikipedia/commons/e/e3/MHSA_Sign%2C_OSHA_-_Danger%2C_Abandoned_Mine_Horizontal.svg"
78de626c-2523-4688-bec4-eddbea6b6b2e	MHSA Sign - Active Mine Horizontal	Bigguy637	CC0	illustration	wikimedia	svg	mine	"MHSA Sign - Active Mine Horizontal" by Bigguy637 is marked with CC0 1.0. To view the terms, visit https://creativecommons.org/publicdomain/zero/1.0/deed.en/.	curl -O "https://upload.wikimedia.org/wikipedia/commons/b/ba/MHSA_Sign_-_Active_Mine_Horizontal.svg"
1d4f39a7-da7c-45bc-9f94-4fbe8b8f7082	MHSA Sign, OSHA - Danger, Active Mine Horizontal	Bigguy637	CC0	illustration	wikimedia	svg	mine	"MHSA Sign, OSHA - Danger, Active Mine Horizontal" by Bigguy637 is marked with CC0 1.0. To view the terms, visit https://creativecommons.org/publicdomain/zero/1.0/deed.en/.	curl -O "https://upload.wikimedia.org/wikipedia/commons/0/0f/MHSA_Sign%2C_OSHA_-_Danger%2C_Active_Mine_Horizontal.svg"
3432de69-7fbf-423a-98e7-c0666da2d313	MHSA Sign, OSHA - Danger, Active Mine Vertical	Bigguy637	CC0	illustration	wikimedia	svg	mine	"MHSA Sign, OSHA - Danger, Active Mine Vertical" by Bigguy637 is marked with CC0 1.0. To view the terms, visit https://creativecommons.org/publicdomain/zero/1.0/deed.en/.	curl -O "https://upload.wikimedia.org/wikipedia/commons/e/e5/MHSA_Sign%2C_OSHA_-_Danger%2C_Active_Mine_Vertical.svg"
89b68d96-b13b-435e-be98-23af7bb41871	Zone-de-controle-M23	Vertcarmin	CC0	illustration	wikimedia	svg	mine	"Zone-de-controle-M23" by Vertcarmin is marked with CC0 1.0. To view the terms, visit https://creativecommons.org/publicdomain/zero/1.0/deed.en/.	curl -O "https://upload.wikimedia.org/wikipedia/commons/9/93/Zone-de-controle-M23.svg"
f3100bd2-e808-4e06-9d48-a9ba05fb416d	Logo Ministerio de Minas y Energía Colombia	Gobierno de Colombia	CC-BY 4.0	illustration	wikimedia	svg	mine	"Logo Ministerio de Minas y Energía Colombia" by Gobierno de Colombia is licensed under CC BY 4.0. To view a copy of this license, visit https://creativecommons.org/licenses/by/4.0/.	curl -O "https://upload.wikimedia.org/wikipedia/commons/3/32/Logo_Ministerio_de_Minas_y_Energ%C3%ADa_Colombia.svg?utm_source=commons.wikimedia.org&utm_campaign=imageinfo&utm_content=original"
a27b84cc-32de-494c-9c8a-2283b4c692ee	Coat of arms of Scott Edward Bullock, Bishop of Rapid City	Linestamp	CC0	illustration	wikimedia	svg	mine	"Coat of arms of Scott Edward Bullock, Bishop of Rapid City" by Linestamp is marked with CC0 1.0. To view the terms, visit https://creativecommons.org/publicdomain/zero/1.0/deed.en/.	curl -O "https://upload.wikimedia.org/wikipedia/commons/d/d8/Coat_of_arms_of_Scott_Edward_Bullock%2C_Bishop_of_Rapid_City.svg"
2ade41b1-4a65-4d50-8223-bafb550c3738	2024-uk-election-in-northern-ireland	MapperGuy87	CC0	illustration	wikimedia	svg	mine	"2024-uk-election-in-northern-ireland" by MapperGuy87 is marked with CC0 1.0. To view the terms, visit https://creativecommons.org/publicdomain/zero/1.0/deed.en/.	curl -O "https://upload.wikimedia.org/wikipedia/commons/6/63/2024-uk-election-in-northern-ireland.svg"
a307f76f-31bb-4ced-a73b-e4999eeb15e5	Improvised explosive device (IED) - bomb - v2	Juhele	CC0	illustration	wikimedia	svg	mine	"Improvised explosive device (IED) - bomb - v2" by Juhele is marked with CC0 1.0. To view the terms, visit https://creativecommons.org/publicdomain/zero/1.0/deed.en/.	curl -O "https://upload.wikimedia.org/wikipedia/commons/9/98/Improvised_explosive_device_%28IED%29_-_bomb_-_v2.svg"
1cdd4b7f-0122-4897-bd28-29cec803bdb6	Geografía electoral de la provincia de Murcia (1903-1923)	P4K1T0	CC0	illustration	wikimedia	svg	mine	"Geografía electoral de la provincia de Murcia (1903-1923)" by P4K1T0 is marked with CC0 1.0. To view the terms, visit https://creativecommons.org/publicdomain/zero/1.0/deed.en/.	curl -O "https://upload.wikimedia.org/wikipedia/commons/8/89/Geograf%C3%ADa_electoral_de_la_provincia_de_Murcia_%281903-1923%29.svg"
9e48ebfa-805a-4285-80a6-47ab2652e8ea	Gold coins in a stack jo 01	jo	CC0	illustration	wikimedia	svg	coin	"Gold coins in a stack jo 01" by jo is marked with CC0 1.0. To view the terms, visit https://creativecommons.org/publicdomain/zero/1.0/deed.en/.	curl -O "https://upload.wikimedia.org/wikipedia/commons/0/08/Gold_coins_in_a_stack_jo_01.svg"
252836f3-1ce8-45e5-80e6-f8fdefedf159	Bills and coins and leaves	Belbury	CC0	illustration	wikimedia	svg	coin	"Bills and coins and leaves" by Belbury is marked with CC0 1.0. To view the terms, visit https://creativecommons.org/publicdomain/zero/1.0/deed.en/.	curl -O "https://upload.wikimedia.org/wikipedia/commons/5/56/Bills_and_coins_and_leaves.svg"
e82996c6-f527-40f6-b5f5-a608a27d79d6	Coins (Money)	mystica	CC0	illustration	wikimedia	svg	coin	"Coins (Money)" by mystica is marked with CC0 1.0. To view the terms, visit https://creativecommons.org/publicdomain/zero/1.0/deed.en/.	curl -O "https://upload.wikimedia.org/wikipedia/commons/2/2e/Coins_%28Money%29.svg"
b0f53eed-97eb-4765-ab22-94ed110aedd5	Font Awesome 5 solid coins	Font Awesome	CC-BY 4.0	illustration	wikimedia	svg	coin	"Font Awesome 5 solid coins" by Font Awesome is licensed under CC BY 4.0. To view a copy of this license, visit https://creativecommons.org/licenses/by/4.0/.	curl -O "https://upload.wikimedia.org/wikipedia/commons/8/87/Font_Awesome_5_solid_coins.svg"
932a8b00-2c60-4f5e-8308-48bff1432148	2 Euro Coin - Simple Worksheet Design	frankes (Openclipart	CC0	illustration	wikimedia	svg	coin	"2 Euro Coin - Simple Worksheet Design" by frankes (Openclipart is marked with CC0 1.0. To view the terms, visit https://creativecommons.org/publicdomain/zero/1.0/deed.en/.	curl -O "https://upload.wikimedia.org/wikipedia/commons/f/f2/2_Euro_Coin_-_Simple_Worksheet_Design.svg"
659667ee-e545-4f15-87aa-eb7bdee1e16b	1 Euro Coin - Simple Worksheet Design	frankes (Openclipart	CC0	illustration	wikimedia	svg	coin	"1 Euro Coin - Simple Worksheet Design" by frankes (Openclipart is marked with CC0 1.0. To view the terms, visit https://creativecommons.org/publicdomain/zero/1.0/deed.en/.	curl -O "https://upload.wikimedia.org/wikipedia/commons/2/2e/1_Euro_Coin_-_Simple_Worksheet_Design.svg"
bc7d1faa-d9f1-4700-982a-d43b502a27d8	Super Mario Bros. coin edited	Original: Maplestrip Vector: OmegaFallon and Cmglee	CC0	illustration	wikimedia	svg	coin	"Super Mario Bros. coin edited" by Original: Maplestrip Vector: OmegaFallon and Cmglee is marked with CC0 1.0. To view the terms, visit https://creativecommons.org/publicdomain/zero/1.0/deed.en/.	curl -O "https://upload.wikimedia.org/wikipedia/commons/d/d0/Super_Mario_Bros._coin_edited.svg"
0d869ac6-d014-41ca-b231-dcd4939d700a	Phoenix Greek coin 1828-1833 (Obverse)	Original: Hatzigrigoris Pyrovolistis (1828) (engraver) Vector: 燃灯	CC-BY 4.0	illustration	wikimedia	svg	coin	"Phoenix Greek coin 1828-1833 (Obverse)" by Original: Hatzigrigoris Pyrovolistis (1828) (engraver) Vector: 燃灯 is licensed under CC BY 4.0. To view a copy of this license, visit https://creativecommons.org/licenses/by/4.0/.	curl -O "https://upload.wikimedia.org/wikipedia/commons/a/ab/Phoenix_Greek_coin_1828-1833_%28Obverse%29.svg"
8343111e-c1ff-4666-86a7-7a25eb2b152f	Screw Head - Cross Coin Slot	Andrew Pertsev	CC0	illustration	wikimedia	svg	coin	"Screw Head - Cross Coin Slot" by Andrew Pertsev is marked with CC0 1.0. To view the terms, visit https://creativecommons.org/publicdomain/zero/1.0/deed.en/.	curl -O "https://upload.wikimedia.org/wikipedia/commons/c/cb/Screw_Head_-_Cross_Coin_Slot.svg"
cffb629f-183c-4237-be78-be7963fdbf75	Screw Head - V-shaped Slot with Coin slot	Andrew Pertsev	CC0	illustration	wikimedia	svg	coin	"Screw Head - V-shaped Slot with Coin slot" by Andrew Pertsev is marked with CC0 1.0. To view the terms, visit https://creativecommons.org/publicdomain/zero/1.0/deed.en/.	curl -O "https://upload.wikimedia.org/wikipedia/commons/c/c7/Screw_Head_-_V-shaped_Slot_with_Coin_slot.svg"
2b6df4c5-d64d-4f3a-bda2-920466d5293a	Bag-of-coin	casino	CC0	illustration	wikimedia	svg	coin	"Bag-of-coin" by casino is marked with CC0 1.0. To view the terms, visit https://creativecommons.org/publicdomain/zero/1.0/deed.en/.	curl -O "https://upload.wikimedia.org/wikipedia/commons/5/5e/Bag-of-coin.svg"
ceaa2b54-362f-4c4c-909f-3f327c66b06c	Ukrainian matchbox, matchstick, 1 hryvnia coin, 5 kopiyok coin (to scale)	Appsoft4	CC0	illustration	wikimedia	svg	coin	"Ukrainian matchbox, matchstick, 1 hryvnia coin, 5 kopiyok coin (to scale)" by Appsoft4 is marked with CC0 1.0. To view the terms, visit https://creativecommons.org/publicdomain/zero/1.0/deed.en/.	curl -O "https://upload.wikimedia.org/wikipedia/commons/c/cd/Ukrainian_matchbox%2C_matchstick%2C_1_hryvnia_coin%2C_5_kopiyok_coin_%28to_scale%29.svg"
53b01aa5-62e1-42ee-b234-e5e4a176408a	Screw Head - Thumb screw (Coin)-01	Andrew Pertsev	CC0	illustration	wikimedia	svg	coin	"Screw Head - Thumb screw (Coin)-01" by Andrew Pertsev is marked with CC0 1.0. To view the terms, visit https://creativecommons.org/publicdomain/zero/1.0/deed.en/.	curl -O "https://upload.wikimedia.org/wikipedia/commons/7/76/Screw_Head_-_Thumb_screw_%28Coin%29-01.svg"
c663136c-12b8-4cbb-9484-b938d52d64ec	Lion of St. Mark, Venetian coin from Cyprus	Samhanin	CC0	illustration	wikimedia	svg	coin	"Lion of St. Mark, Venetian coin from Cyprus" by Samhanin is marked with CC0 1.0. To view the terms, visit https://creativecommons.org/publicdomain/zero/1.0/deed.en.	curl -O "https://upload.wikimedia.org/wikipedia/commons/a/a4/Lion_of_St._Mark%2C_Venetian_coin_from_Cyprus.svg"
08878c89-dc1f-4d75-9acf-e90d8d963475	Mean-of-the-outcomes-of-rolling-a-fair-coin-n-times	Chen-Pan Liao	CC0	illustration	wikimedia	svg	coin	"Mean-of-the-outcomes-of-rolling-a-fair-coin-n-times" by Chen-Pan Liao is marked with CC0 1.0. To view the terms, visit https://creativecommons.org/publicdomain/zero/1.0/deed.en/.	curl -O "https://upload.wikimedia.org/wikipedia/commons/7/75/Mean-of-the-outcomes-of-rolling-a-fair-coin-n-times.svg"
af6d1d29-8dd3-4808-987c-4eb6267f3cef	Coins of Claudius	Coins_of_Claudius.jpg: portableantiquities derivative work: Perhelion (talk)	CC-BY 2.0	illustration	wikimedia	svg	coin	"Coins of Claudius" by Coins_of_Claudius.jpg: portableantiquities derivative work: Perhelion (talk) is licensed under CC BY 2.0. To view a copy of this license, visit https://creativecommons.org/licenses/by/2.0/.	curl -O "https://upload.wikimedia.org/wikipedia/commons/e/e6/Coins_of_Claudius.svg"
098c4364-e97e-41df-b1e9-3d314a3be71c	Screw Head - Thumb screw (Coin)	Andrew Pertsev	CC0	illustration	wikimedia	svg	coin	"Screw Head - Thumb screw (Coin)" by Andrew Pertsev is marked with CC0 1.0. To view the terms, visit https://creativecommons.org/publicdomain/zero/1.0/deed.en/.	curl -O "https://upload.wikimedia.org/wikipedia/commons/7/79/Screw_Head_-_Thumb_screw_%28Coin%29.svg"
5737bfee-f941-4c8e-a394-5893ffdce86f	Bimetallic coins of the world	Enlil Ninlil	CC0	illustration	wikimedia	svg	coin	"Bimetallic coins of the world" by Enlil Ninlil is marked with CC0 1.0. To view the terms, visit https://creativecommons.org/publicdomain/zero/1.0/deed.en/.	curl -O "https://upload.wikimedia.org/wikipedia/commons/9/9f/Bimetallic_coins_of_the_world.svg"
8e1dd725-72b9-40d9-92a5-92f3a2a8cc49	Coin 5 heads Piecepack	Hari Seldon	CC0	illustration	wikimedia	svg	coin	"Coin 5 heads Piecepack" by Hari Seldon is marked with CC0 1.0. To view the terms, visit https://creativecommons.org/publicdomain/zero/1.0/deed.en/.	curl -O "https://upload.wikimedia.org/wikipedia/commons/9/95/Coin_5_heads_Piecepack.svg"
8e7970ad-a11c-4a19-a56f-e76332e45dfe	Coin Moon tails Piecepack	Hari Seldon	CC0	illustration	wikimedia	svg	coin	"Coin Moon tails Piecepack" by Hari Seldon is marked with CC0 1.0. To view the terms, visit https://creativecommons.org/publicdomain/zero/1.0/deed.en/.	curl -O "https://upload.wikimedia.org/wikipedia/commons/4/4b/Coin_Moon_tails_Piecepack.svg"
65c4d20e-bd39-4ef1-913d-6651e54ecb01	Coin 4 heads Piecepack	Hari Seldon	CC0	illustration	wikimedia	svg	coin	"Coin 4 heads Piecepack" by Hari Seldon is marked with CC0 1.0. To view the terms, visit https://creativecommons.org/publicdomain/zero/1.0/deed.en/.	curl -O "https://upload.wikimedia.org/wikipedia/commons/c/cd/Coin_4_heads_Piecepack.svg"
0341bc4b-3726-4e72-9880-7817a34583be	Coin Ace heads Piecepack	Hari Seldon	CC0	illustration	wikimedia	svg	coin	"Coin Ace heads Piecepack" by Hari Seldon is marked with CC0 1.0. To view the terms, visit https://creativecommons.org/publicdomain/zero/1.0/deed.en/.	curl -O "https://upload.wikimedia.org/wikipedia/commons/9/9c/Coin_Ace_heads_Piecepack.svg"
61824ff5-3543-4567-8fe1-0cb78d2ac299	Coin Sun tails Piecepack	Hari Seldon	CC0	illustration	wikimedia	svg	coin	"Coin Sun tails Piecepack" by Hari Seldon is marked with CC0 1.0. To view the terms, visit https://creativecommons.org/publicdomain/zero/1.0/deed.en/.	curl -O "https://upload.wikimedia.org/wikipedia/commons/3/3d/Coin_Sun_tails_Piecepack.svg"
b1b21f6a-360b-4392-938b-f90842c89789	Coin 2 heads Piecepack	Hari Seldon	CC0	illustration	wikimedia	svg	coin	"Coin 2 heads Piecepack" by Hari Seldon is marked with CC0 1.0. To view the terms, visit https://creativecommons.org/publicdomain/zero/1.0/deed.en/.	curl -O "https://upload.wikimedia.org/wikipedia/commons/e/e8/Coin_2_heads_Piecepack.svg"
32d7137e-1b11-4167-b12b-16d4efd90a47	Coin Arm tails Piecepack	Hari Seldon	CC0	illustration	wikimedia	svg	coin	"Coin Arm tails Piecepack" by Hari Seldon is marked with CC0 1.0. To view the terms, visit https://creativecommons.org/publicdomain/zero/1.0/deed.en/.	curl -O "https://upload.wikimedia.org/wikipedia/commons/4/4c/Coin_Arm_tails_Piecepack.svg"
9b029cb3-2b2a-41be-a329-3dbcedcbc7ec	Coin 3 heads Piecepack	Hari Seldon	CC0	illustration	wikimedia	svg	coin	"Coin 3 heads Piecepack" by Hari Seldon is marked with CC0 1.0. To view the terms, visit https://creativecommons.org/publicdomain/zero/1.0/deed.en/.	curl -O "https://upload.wikimedia.org/wikipedia/commons/3/3f/Coin_3_heads_Piecepack.svg"
4a1ba030-1f9a-44ef-8f6e-9a95c230c071	Coin Null heads Piecepack	Hari Seldon	CC0	illustration	wikimedia	svg	coin	"Coin Null heads Piecepack" by Hari Seldon is marked with CC0 1.0. To view the terms, visit https://creativecommons.org/publicdomain/zero/1.0/deed.en/.	curl -O "https://upload.wikimedia.org/wikipedia/commons/e/e2/Coin_Null_heads_Piecepack.svg"
cb74d84e-264c-4928-9a32-fe9dca38344c	Coin Crown tails Piecepack	Hari Seldon	CC0	illustration	wikimedia	svg	coin	"Coin Crown tails Piecepack" by Hari Seldon is marked with CC0 1.0. To view the terms, visit https://creativecommons.org/publicdomain/zero/1.0/deed.en/.	curl -O "https://upload.wikimedia.org/wikipedia/commons/a/ae/Coin_Crown_tails_Piecepack.svg"
d2b713d1-cef2-4a42-a2f7-72f24bb28457	Antique gold coin png sticker	?	CC0	illustration	rawpixel	png	coin	"Antique gold coin png sticker" is marked with CC0 1.0. To view the terms, visit https://creativecommons.org/publicdomain/zero/1.0/.	curl -O "https://images.rawpixel.com/image_png_1300/czNmcy1wcml2YXRlL3Jhd3BpeGVsX2ltYWdlcy93ZWJzaXRlX2NvbnRlbnQvam9iNjc5LTAxNi1wXzEtbDE2N3d3MjUucG5n.png"
2aa86589-3206-4b5c-8a48-8611d9e8f7c1	Gold coins png sticker, transparent	?	CC0	illustration	rawpixel	png	coin	"Gold coins png sticker, transparent" is marked with CC0 1.0. To view the terms, visit https://creativecommons.org/publicdomain/zero/1.0/.	curl -O "https://images.rawpixel.com/image_png_1300/cHJpdmF0ZS9sci9pbWFnZXMvd2Vic2l0ZS8yMDIyLTA2L2pvYjk0OC0xNjhiLXAucG5n.png"
334445a9-e74a-4478-8d73-1530b67f77db	Gold coins png sticker, transparent	?	CC0	illustration	rawpixel	png	coin	"Gold coins png sticker, transparent" is marked with CC0 1.0. To view the terms, visit https://creativecommons.org/publicdomain/zero/1.0/.	curl -O "https://images.rawpixel.com/image_png_1300/cHJpdmF0ZS9sci9pbWFnZXMvd2Vic2l0ZS8yMDIyLTA2L2pvYjk0OC0xNjhjLXAucG5n.png"
dbffc4e0-179f-4740-abc4-260e833b6582	Old Coin clipart, drawing illustration	?	CC0	illustration	rawpixel	eps	coin	"Old Coin clipart, drawing illustration" is marked with CC0 1.0. To view the terms, visit https://creativecommons.org/publicdomain/zero/1.0/.	curl -O "https://images.rawpixel.com/editor_1024/cHJpdmF0ZS9sci9pbWFnZXMvd2Vic2l0ZS8yMDIyLTA1L2pvYjcxNy0wOTItdi5qcGc.jpg"
5a336e78-601d-4e15-bfea-2e4a86d48a82	Old coin clipart, vintage illustration	?	CC0	illustration	rawpixel	eps	coin	"Old coin clipart, vintage illustration" is marked with CC0 1.0. To view the terms, visit https://creativecommons.org/publicdomain/zero/1.0/.	curl -O "https://images.rawpixel.com/editor_1024/cHJpdmF0ZS9sci9pbWFnZXMvd2Vic2l0ZS8yMDIyLTA1L2pvYjcyMC0xMzAtdi5qcGc.jpg"
83617219-2a48-48c6-a161-c820c8e7a143	Medieval coin hand drawn illustration	?	CC0	illustration	rawpixel	jpg	coin	"Medieval coin hand drawn illustration" is marked with CC0 1.0. To view the terms, visit https://creativecommons.org/publicdomain/zero/1.0/.	curl -O "https://images.rawpixel.com/editor_1024/czNmcy1wcml2YXRlL3Jhd3BpeGVsX2ltYWdlcy93ZWJzaXRlX2NvbnRlbnQvam9iNjY3LTE5Mi14LmpwZw.jpg"
7e2a8764-6cae-454d-bad4-24cc12c1ef6d	Old coin clipart, vintage illustration	?	CC0	illustration	rawpixel	eps	coin	"Old coin clipart, vintage illustration" is marked with CC0 1.0. To view the terms, visit https://creativecommons.org/publicdomain/zero/1.0/.	curl -O "https://images.rawpixel.com/editor_1024/cHJpdmF0ZS9sci9pbWFnZXMvd2Vic2l0ZS8yMDIyLTA1L2pvYjcyMC0xMzItdi5qcGc.jpg"
be175256-8e22-45b8-bcbe-b7b89ef3266b	Golden coin png illustration, transparent	?	CC0	illustration	rawpixel	png	coin	"Golden coin png illustration, transparent" is marked with CC0 1.0. To view the terms, visit https://creativecommons.org/publicdomain/zero/1.0/.	curl -O "https://images.rawpixel.com/image_png_1300/cHJpdmF0ZS9sci9pbWFnZXMvd2Vic2l0ZS8yMDIyLTA4L2pvYjk1Mi0xMTQtcC5wbmc.png"
25fddcd2-4825-486c-a6bc-7e911c0fcd5d	50 Euro cent coin clipart	?	CC0	illustration	rawpixel	eps	coin	"50 Euro cent coin clipart" is marked with CC0 1.0. To view the terms, visit https://creativecommons.org/publicdomain/zero/1.0/.	curl -O "https://images.rawpixel.com/editor_1024/cHJpdmF0ZS9sci9pbWFnZXMvd2Vic2l0ZS8yMDIyLTA2L2pvYjk0OC0yMzgtdi1sNDdybDB2cy5qcGc.jpg"
4dcff291-9348-495b-9fa9-4cba6b5593ee	Coins png sticker illustration, transparent	?	CC0	illustration	rawpixel	png	coin	"Coins png sticker illustration, transparent" is marked with CC0 1.0. To view the terms, visit https://creativecommons.org/publicdomain/zero/1.0/.	curl -O "https://images.rawpixel.com/image_png_1300/cHJpdmF0ZS9sci9pbWFnZXMvd2Vic2l0ZS8yMDIyLTA0L2pvYjcyMi0wMjgucG5n.png"
83112ed0-f7bb-45ee-8425-d9fba4ef96ec	Old coin, black & white	?	CC0	illustration	rawpixel	jpg	coin	"Old coin, black & white" is marked with CC0 1.0. To view the terms, visit https://creativecommons.org/publicdomain/zero/1.0/.	curl -O "https://images.rawpixel.com/editor_1024/cHJpdmF0ZS9sci9pbWFnZXMvd2Vic2l0ZS8yMDIyLTA1L2pvYjcyMC0xMzEteC5qcGc.jpg"
b894c724-b815-40bd-9a79-b9ffd5dd791b	Old coin clipart, drawing illustration	?	CC0	illustration	rawpixel	eps	coin	"Old coin clipart, drawing illustration" is marked with CC0 1.0. To view the terms, visit https://creativecommons.org/publicdomain/zero/1.0/.	curl -O "https://images.rawpixel.com/editor_1024/cHJpdmF0ZS9sci9pbWFnZXMvd2Vic2l0ZS8yMDIyLTA1L2pvYjcxNy0wNDYtdi5qcGc.jpg"
4863acf3-3b42-4715-8db0-b5080d0164c7	Gold coins stacked png illustration	?	CC0	illustration	rawpixel	png	coin	"Gold coins stacked png illustration" is marked with CC0 1.0. To view the terms, visit https://creativecommons.org/publicdomain/zero/1.0/.	curl -O "https://images.rawpixel.com/image_png_1300/cHJpdmF0ZS9sci9pbWFnZXMvd2Vic2l0ZS8yMDIyLTA4L2pvYjk1My0wMzIucG5n.png"
d674cf49-6464-41f6-a5ba-7e2bdd8bd452	Grabbing coins png sticker hand	?	CC0	illustration	rawpixel	png	coin	"Grabbing coins png sticker hand" is marked with CC0 1.0. To view the terms, visit https://creativecommons.org/publicdomain/zero/1.0/.	curl -O "https://images.rawpixel.com/image_png_1300/cHJpdmF0ZS9sci9pbWFnZXMvd2Vic2l0ZS8yMDIyLTA1L2pvYjcyNi0yNDgtcC5wbmc.png"
3cabccf0-3abb-4835-b6ec-b29667cc806a	Old Coin png sticker illustration	?	CC0	illustration	rawpixel	png	coin	"Old Coin png sticker illustration" is marked with CC0 1.0. To view the terms, visit https://creativecommons.org/publicdomain/zero/1.0/.	curl -O "https://images.rawpixel.com/image_png_1300/cHJpdmF0ZS9sci9pbWFnZXMvd2Vic2l0ZS8yMDIyLTA1L2pvYjcxNy0wOTItcF8xLnBuZw.png"
814b5039-b0c8-4a4a-9c50-9029491a2abc	Old coin clipart, drawing illustration	?	CC0	illustration	rawpixel	eps	coin	"Old coin clipart, drawing illustration" is marked with CC0 1.0. To view the terms, visit https://creativecommons.org/publicdomain/zero/1.0/.	curl -O "https://images.rawpixel.com/editor_1024/cHJpdmF0ZS9sci9pbWFnZXMvd2Vic2l0ZS8yMDIyLTA1L2pvYjcxNy0wNTEtdi5qcGc.jpg"
c3ff10e8-1ee2-4ce0-8661-7416d9fa3337	Golden coin png illustration, transparent	?	CC0	illustration	rawpixel	png	coin	"Golden coin png illustration, transparent" is marked with CC0 1.0. To view the terms, visit https://creativecommons.org/publicdomain/zero/1.0/.	curl -O "https://images.rawpixel.com/image_png_1300/cHJpdmF0ZS9sci9pbWFnZXMvd2Vic2l0ZS8yMDIyLTA4L2pvYjk1Mi0xMTUtcC5wbmc.png"
63af2468-6f74-4a7f-96d8-ebd47ff09352	Antique gold coin clipart, illustration	?	CC0	illustration	rawpixel	eps	coin	"Antique gold coin clipart, illustration" is marked with CC0 1.0. To view the terms, visit https://creativecommons.org/publicdomain/zero/1.0/.	curl -O "https://images.rawpixel.com/editor_1024/czNmcy1wcml2YXRlL3Jhd3BpeGVsX2ltYWdlcy93ZWJzaXRlX2NvbnRlbnQvam9iNjc5LTAxNi1sMTY3eHVrYy5qcGc.jpg"
3967fc52-73be-461c-8e26-bf50ec0deffd	Old coin clipart, vintage illustration	?	CC0	illustration	rawpixel	eps	coin	"Old coin clipart, vintage illustration" is marked with CC0 1.0. To view the terms, visit https://creativecommons.org/publicdomain/zero/1.0/.	curl -O "https://images.rawpixel.com/editor_1024/cHJpdmF0ZS9sci9pbWFnZXMvd2Vic2l0ZS8yMDIyLTA1L2pvYjcyMC0xMzEtdi5qcGc.jpg"
9531155e-9ab0-4631-aa7d-e5192f61a107	Grabbing coins, hand gesture illustration	?	CC0	illustration	rawpixel	jpg	coin	"Grabbing coins, hand gesture illustration" is marked with CC0 1.0. To view the terms, visit https://creativecommons.org/publicdomain/zero/1.0/.	curl -O "https://images.rawpixel.com/editor_1024/cHJpdmF0ZS9sci9pbWFnZXMvd2Vic2l0ZS8yMDIyLTA1L2pvYjcyNi0yNDgteC5qcGc.jpg"
4b998df3-0041-4d73-8771-03f5ff81abe5	50 Euro cent coin png	?	CC0	illustration	rawpixel	png	coin	"50 Euro cent coin png" is marked with CC0 1.0. To view the terms, visit https://creativecommons.org/publicdomain/zero/1.0/.	curl -O "https://images.rawpixel.com/image_png_1300/cHJpdmF0ZS9sci9pbWFnZXMvd2Vic2l0ZS8yMDIyLTA2L2pvYjk0OC0yMzgtcF8xLnBuZw.png"
7640d7cb-b1b1-4983-aa01-3cc351206038	20 Euro cent coin png	?	CC0	illustration	rawpixel	png	coin	"20 Euro cent coin png" is marked with CC0 1.0. To view the terms, visit https://creativecommons.org/publicdomain/zero/1.0/.	curl -O "https://images.rawpixel.com/image_png_1300/cHJpdmF0ZS9sci9pbWFnZXMvd2Vic2l0ZS8yMDIyLTA2L2pvYjk0OC0yNDAtcF8xLnBuZw.png"
09c1d857-7cac-4f27-9f0b-689ee6df1d83	10 Euro cent coin clipart	?	CC0	illustration	rawpixel	eps	coin	"10 Euro cent coin clipart" is marked with CC0 1.0. To view the terms, visit https://creativecommons.org/publicdomain/zero/1.0/.	curl -O "https://images.rawpixel.com/editor_1024/cHJpdmF0ZS9sci9pbWFnZXMvd2Vic2l0ZS8yMDIyLTA2L2pvYjk0OC0yMzktdi1sNDdybjZwZi5qcGc.jpg"
df84ae55-2019-4fb9-836d-7400ea9dc352	Ancient coin, drawing illustration	?	CC0	illustration	rawpixel	jpg	coin	"Ancient coin, drawing illustration" is marked with CC0 1.0. To view the terms, visit https://creativecommons.org/publicdomain/zero/1.0/.	curl -O "https://images.rawpixel.com/editor_1024/cHJpdmF0ZS9sci9pbWFnZXMvd2Vic2l0ZS8yMDIyLTA1L2pvYjcxNy0wMzkteC5qcGc.jpg"
e5b772d4-8e34-4aad-b52b-a20bfd58e543	Ancient coin png sticker illustration	?	CC0	illustration	rawpixel	png	coin	"Ancient coin png sticker illustration" is marked with CC0 1.0. To view the terms, visit https://creativecommons.org/publicdomain/zero/1.0/.	curl -O "https://images.rawpixel.com/image_png_1300/cHJpdmF0ZS9sci9pbWFnZXMvd2Vic2l0ZS8yMDIyLTA1L2pvYjcxNy0wNDMtcF8xLnBuZw.png"
f5ef9947-78f2-452a-8ae2-6d4a8da0602e	Ancient coin, drawing illustration	?	CC0	illustration	rawpixel	jpg	coin	"Ancient coin, drawing illustration" is marked with CC0 1.0. To view the terms, visit https://creativecommons.org/publicdomain/zero/1.0/.	curl -O "https://images.rawpixel.com/editor_1024/cHJpdmF0ZS9sci9pbWFnZXMvd2Vic2l0ZS8yMDIyLTA1L2pvYjcxNy0wNDQteC5qcGc.jpg"
1fd10ede-7639-4d15-b872-5feaa880bbd2	Antique gold coin clipart illustration	?	CC0	illustration	rawpixel	jpg	coin	"Antique gold coin clipart illustration" is marked with CC0 1.0. To view the terms, visit https://creativecommons.org/publicdomain/zero/1.0/.	curl -O "https://images.rawpixel.com/editor_1024/czNmcy1wcml2YXRlL3Jhd3BpeGVsX2ltYWdlcy93ZWJzaXRlX2NvbnRlbnQvam9iNjc5LTAxNi14LmpwZw.jpg"
fd1ab977-4984-4ac8-bd9d-a742e3e19b28	Hand coin clipart, financial illustration	?	CC0	illustration	rawpixel	eps	coin	"Hand coin clipart, financial illustration" is marked with CC0 1.0. To view the terms, visit https://creativecommons.org/publicdomain/zero/1.0/.	curl -O "https://images.rawpixel.com/editor_1024/cHJpdmF0ZS9sci9pbWFnZXMvd2Vic2l0ZS8yMDIyLTA1L2pvYjcyOS0yMzUtdi5qcGc.jpg"
87cdf307-aaac-4205-8e41-088c17877a11	Old coin clipart, drawing illustration	?	CC0	illustration	rawpixel	eps	coin	"Old coin clipart, drawing illustration" is marked with CC0 1.0. To view the terms, visit https://creativecommons.org/publicdomain/zero/1.0/.	curl -O "https://images.rawpixel.com/editor_1024/cHJpdmF0ZS9sci9pbWFnZXMvd2Vic2l0ZS8yMDIyLTA1L2pvYjcxNy0wNDctdi5qcGc.jpg"
6f6a09d9-29f3-4f41-95fe-8ad3b5cf0256	2 Euro coin clipart, object	?	CC0	illustration	rawpixel	jpg	coin	"2 Euro coin clipart, object" is marked with CC0 1.0. To view the terms, visit https://creativecommons.org/publicdomain/zero/1.0/.	curl -O "https://images.rawpixel.com/editor_1024/cHJpdmF0ZS9sci9pbWFnZXMvd2Vic2l0ZS8yMDIyLTA1L2pvYjcyMS0xMTgteC5qcGc.jpg"
d872e975-1eb4-40de-84ee-285ea1502512	Old coin, drawing illustration	?	CC0	illustration	rawpixel	jpg	coin	"Old coin, drawing illustration" is marked with CC0 1.0. To view the terms, visit https://creativecommons.org/publicdomain/zero/1.0/.	curl -O "https://images.rawpixel.com/editor_1024/cHJpdmF0ZS9sci9pbWFnZXMvd2Vic2l0ZS8yMDIyLTA1L2pvYjcxNy0wNDgteC5qcGc.jpg"
b58b13cb-babb-4388-9f3e-69b476e90659	2022 pattern Tudor Crown (plain) 3D	Dgp4004	CC0	illustration	wikimedia	svg	crown	"2022 pattern Tudor Crown (plain) 3D" by Dgp4004 is marked with CC0 1.0. To view the terms, visit https://creativecommons.org/publicdomain/zero/1.0/deed.en/.	curl -O "https://upload.wikimedia.org/wikipedia/commons/8/88/2022_pattern_Tudor_Crown_%28plain%29_3D.svg"
30e35045-af4c-4cf6-a078-627e7fc69abc	MKB Order of the Wendish Crown ribbon	Boroduntalk	CC-BY 4.0	illustration	wikimedia	svg	crown	"MKB Order of the Wendish Crown ribbon" by Boroduntalk is licensed under CC BY 4.0. To view a copy of this license, visit https://creativecommons.org/licenses/by/4.0/.	curl -O "https://upload.wikimedia.org/wikipedia/commons/9/93/MKB_Order_of_the_Wendish_Crown_ribbon.svg"
edf135f6-985a-40f5-99ce-c662acf5fc52	French heraldic crowns - King	Pbroks13 (talk)	CC-BY 3.0	illustration	wikimedia	svg	crown	"French heraldic crowns - King" by Pbroks13 (talk) is licensed under CC BY 3.0. To view a copy of this license, visit https://creativecommons.org/licenses/by/3.0/.	curl -O "https://upload.wikimedia.org/wikipedia/commons/3/3b/French_heraldic_crowns_-_King.svg"
067fb653-47a3-4469-8b37-ab0922b27d89	Crown of Italy	F l a n k e r and David Liuzzo from the original by Hugo Gerard Ströhl	CC-BY 3.0	illustration	wikimedia	svg	crown	"Crown of Italy" by F l a n k e r and David Liuzzo from the original by Hugo Gerard Ströhl is licensed under CC BY 3.0. To view a copy of this license, visit https://creativecommons.org/licenses/by/3.0/.	curl -O "https://upload.wikimedia.org/wikipedia/commons/8/81/Crown_of_Italy.svg"
891059dd-62a2-4b04-925b-9c3116ba9833	900px bordered HEX-F6DE14 Black HEX-C3C3C3 chequered Black White with HEX-F6DE14 crown	Blackcat	CC0	illustration	wikimedia	svg	crown	"900px bordered HEX-F6DE14 Black HEX-C3C3C3 chequered Black White with HEX-F6DE14 crown" by Blackcat is marked with CC0 1.0. To view the terms, visit https://creativecommons.org/publicdomain/zero/1.0/deed.en/.	curl -O "https://upload.wikimedia.org/wikipedia/commons/9/92/900px_bordered_HEX-F6DE14_Black_HEX-C3C3C3_chequered_Black_White_with_HEX-F6DE14_crown.svg"
25030805-2af7-497a-9726-91e3278c2890	Order of the Crown of Johor ribbon bar	Oritsu.me	CC0	illustration	wikimedia	svg	crown	"Order of the Crown of Johor ribbon bar" by Oritsu.me is marked with CC0 1.0. To view the terms, visit https://creativecommons.org/publicdomain/zero/1.0/deed.en/.	curl -O "https://upload.wikimedia.org/wikipedia/commons/d/d0/Order_of_the_Crown_of_Johor_ribbon_bar.svg"
cdcdef81-7951-43ad-bafa-abfc988aa1ca	Coa Croatia Country History (with crown) (1868-1918)	Madboy74	CC0	illustration	wikimedia	svg	crown	"Coa Croatia Country History (with crown) (1868-1918)" by Madboy74 is marked with CC0 1.0. To view the terms, visit https://creativecommons.org/publicdomain/zero/1.0/deed.en/.	curl -O "https://upload.wikimedia.org/wikipedia/commons/9/9d/Coa_Croatia_Country_History_%28with_crown%29_%281868-1918%29.svg"
0b328ff9-b41e-4cff-8fb5-d77fed91192a	UK Order of the Crown of India ribbon	Boroduntalk	CC-BY 4.0	illustration	wikimedia	svg	crown	"UK Order of the Crown of India ribbon" by Boroduntalk is licensed under CC BY 4.0. To view a copy of this license, visit https://creativecommons.org/licenses/by/4.0/.	curl -O "https://upload.wikimedia.org/wikipedia/commons/8/88/UK_Order_of_the_Crown_of_India_ribbon.svg"
901657c0-2bce-4a4f-86dc-1ecaf9863ad1	PRU Order of Crown ribbon	Boroduntalk	CC-BY 3.0	illustration	wikimedia	svg	crown	"PRU Order of Crown ribbon" by Boroduntalk is licensed under CC BY 3.0. To view a copy of this license, visit https://creativecommons.org/licenses/by/3.0/.	curl -O "https://upload.wikimedia.org/wikipedia/commons/b/ba/PRU_Order_of_Crown_ribbon.svg"
8f348ce8-f9c0-430e-a9bd-b34c61bc86b5	Order of Merit of the Bavarian Crown ribbon	Borodun	CC-BY 3.0	illustration	wikimedia	svg	crown	"Order of Merit of the Bavarian Crown ribbon" by Borodun is licensed under CC BY 3.0. To view a copy of this license, visit https://creativecommons.org/licenses/by/3.0/.	curl -O "https://upload.wikimedia.org/wikipedia/commons/f/ff/Order_of_Merit_of_the_Bavarian_Crown_ribbon.svg"
07158914-a6a3-4f2e-8806-023e7d059ddd	MY-KEL Order of the Life of the Crown of Kelantan ribbon BAR	Oritsu.me	CC0	illustration	wikimedia	svg	crown	"MY-KEL Order of the Life of the Crown of Kelantan ribbon BAR" by Oritsu.me is marked with CC0 1.0. To view the terms, visit https://creativecommons.org/publicdomain/zero/1.0/deed.en/.	curl -O "https://upload.wikimedia.org/wikipedia/commons/c/cb/MY-KEL_Order_of_the_Life_of_the_Crown_of_Kelantan_ribbon_BAR.svg"
1b1b0b84-e649-49a3-b1da-db8dd2fdd597	AUT Order of the Iron Crown ribbon	Boroduntalk	CC-BY 4.0	illustration	wikimedia	svg	crown	"AUT Order of the Iron Crown ribbon" by Boroduntalk is licensed under CC BY 4.0. To view a copy of this license, visit https://creativecommons.org/licenses/by/4.0/.	curl -O "https://upload.wikimedia.org/wikipedia/commons/4/48/AUT_Order_of_the_Iron_Crown_ribbon.svg"
8db8fa15-f6bb-4287-a0a5-95818c2474cc	French heraldic crowns - Vidame	Eusebius	CC-BY 3.0	illustration	wikimedia	svg	crown	"French heraldic crowns - Vidame" by Eusebius is licensed under CC BY 3.0. To view a copy of this license, visit https://creativecommons.org/licenses/by/3.0/.	curl -O "https://upload.wikimedia.org/wikipedia/commons/e/e5/French_heraldic_crowns_-_Vidame.svg"
960877bd-ae18-4e77-8c77-3b7f385bccb3	600px White background with HEX-131834 border and HEX-E3B829 crown	Earthshaker13	CC0	illustration	wikimedia	svg	crown	"600px White background with HEX-131834 border and HEX-E3B829 crown" by Earthshaker13 is marked with CC0 1.0. To view the terms, visit https://creativecommons.org/publicdomain/zero/1.0/deed.en/.	curl -O "https://upload.wikimedia.org/wikipedia/commons/b/b2/600px_White_background_with_HEX-131834_border_and_HEX-E3B829_crown.svg"
5b548298-20b1-42c1-a2e3-c94492472f08	French heraldic crowns - marquis v2	Eusebius	CC-BY 3.0	illustration	wikimedia	svg	crown	"French heraldic crowns - marquis v2" by Eusebius is licensed under CC BY 3.0. To view a copy of this license, visit https://creativecommons.org/licenses/by/3.0/.	curl -O "https://upload.wikimedia.org/wikipedia/commons/5/53/French_heraldic_crowns_-_marquis_v2.svg"
d45e3524-373a-406d-8428-6c97185acd52	Font Awesome 5 solid crown	Font Awesome	CC-BY 4.0	illustration	wikimedia	svg	crown	"Font Awesome 5 solid crown" by Font Awesome is licensed under CC BY 4.0. To view a copy of this license, visit https://creativecommons.org/licenses/by/4.0/.	curl -O "https://upload.wikimedia.org/wikipedia/commons/9/90/Font_Awesome_5_solid_crown.svg"
cfe5647e-4f4b-4ebf-8122-c39863f9032a	Coa Croatia Country History (without crown) (1868-1918)	Madboy74	CC0	illustration	wikimedia	svg	crown	"Coa Croatia Country History (without crown) (1868-1918)" by Madboy74 is marked with CC0 1.0. To view the terms, visit https://creativecommons.org/publicdomain/zero/1.0/deed.en/.	curl -O "https://upload.wikimedia.org/wikipedia/commons/b/bf/Coa_Croatia_Country_History_%28without_crown%29_%281868-1918%29.svg"
d03c49c9-76fe-408e-8eab-5a4c50cfbbbc	WUE Order of the Crown ribbon	Boroduntalk	CC-BY 4.0	illustration	wikimedia	svg	crown	"WUE Order of the Crown ribbon" by Boroduntalk is licensed under CC BY 4.0. To view a copy of this license, visit https://creativecommons.org/licenses/by/4.0/.	curl -O "https://upload.wikimedia.org/wikipedia/commons/5/5f/WUE_Order_of_the_Crown_ribbon.svg"
2cf76d02-17d2-43c3-88ab-54556bf24824	Hungarian crown - baron (bárói-korona) 2	Madboy74	CC0	illustration	wikimedia	svg	crown	"Hungarian crown - baron (bárói-korona) 2" by Madboy74 is marked with CC0 1.0. To view the terms, visit https://creativecommons.org/publicdomain/zero/1.0/deed.en/.	curl -O "https://upload.wikimedia.org/wikipedia/commons/a/aa/Hungarian_crown_-_baron_%28b%C3%A1r%C3%B3i-korona%29_2.svg"
d6556cc3-0633-42e2-a588-00cef07de028	Coat of arms of the Crown Prince of Denmark (2025)	Sodacan	CC-BY 3.0	illustration	wikimedia	svg	crown	"Coat of arms of the Crown Prince of Denmark (2025)" by Sodacan is licensed under CC BY 3.0. To view a copy of this license, visit https://creativecommons.org/licenses/by/3.0/.	curl -O "https://upload.wikimedia.org/wikipedia/commons/b/bb/Coat_of_arms_of_the_Crown_Prince_of_Denmark_%282025%29.svg"
fbbbb524-1dad-4bf3-aec5-38b0a32d3fa6	436px ribbon bar of the Order of Merit of the Prussian Crown	Blackcat	CC0	illustration	wikimedia	svg	crown	"436px ribbon bar of the Order of Merit of the Prussian Crown" by Blackcat is marked with CC0 1.0. To view the terms, visit https://creativecommons.org/publicdomain/zero/1.0/deed.en/.	curl -O "https://upload.wikimedia.org/wikipedia/commons/6/66/436px_ribbon_bar_of_the_Order_of_Merit_of_the_Prussian_Crown.svg"
a09ff422-1e05-4c4b-b00c-bb45624a0f31	French heraldic crowns - Baron	Eusebius	CC-BY 3.0	illustration	wikimedia	svg	crown	"French heraldic crowns - Baron" by Eusebius is licensed under CC BY 3.0. To view a copy of this license, visit https://creativecommons.org/licenses/by/3.0/.	curl -O "https://upload.wikimedia.org/wikipedia/commons/6/66/French_heraldic_crowns_-_Baron.svg"
8a3f449d-c493-4a1f-9651-2be107f86c5c	French heraldic crowns - duc v2	This figure was made by Eusebius (Guillaume Piolle).Feel free to use my pictures, but always credit me as the author as specified below.	CC-BY 3.0	illustration	wikimedia	svg	crown	"French heraldic crowns - duc v2" by This figure was made by Eusebius (Guillaume Piolle).Feel free to use my pictures, but always credit me as the author as specified below. is licensed under CC BY 3.0. To view a copy of this license, visit https://creativecommons.org/licenses/by/3.0/.	curl -O "https://upload.wikimedia.org/wikipedia/commons/c/c6/French_heraldic_crowns_-_duc_v2.svg"
a59ea112-49b6-4f44-b07e-f3d21c132d75	Coat of Arms of the Government of Gibraltar (Tudor Crown)	KabirDH	CC-BY 4.0	illustration	wikimedia	svg	crown	"Coat of Arms of the Government of Gibraltar (Tudor Crown)" by KabirDH is licensed under CC BY 4.0. To view a copy of this license, visit https://creativecommons.org/licenses/by/4.0/.	curl -O "https://upload.wikimedia.org/wikipedia/commons/e/e3/Coat_of_Arms_of_the_Government_of_Gibraltar_%28Tudor_Crown%29.svg"
f3f78539-6894-4a7d-a447-3140d359ffa8	Coat of arms of the Crown of the Kingdom of Poland (Sigismund III Vasa)	Samhanin	CC-BY 3.0	illustration	wikimedia	svg	crown	"Coat of arms of the Crown of the Kingdom of Poland (Sigismund III Vasa)" by Samhanin is licensed under CC BY 3.0. To view a copy of this license, visit https://creativecommons.org/licenses/by/3.0/.	curl -O "https://upload.wikimedia.org/wikipedia/commons/f/fc/Coat_of_arms_of_the_Crown_of_the_Kingdom_of_Poland_%28Sigismund_III_Vasa%29.svg"
7be6b2f8-7087-4236-9b77-517d53be1342	Imperial Crown Brazil	Gusthavum	CC-BY 3.0	illustration	wikimedia	svg	crown	"Imperial Crown Brazil" by Gusthavum is licensed under CC BY 3.0. To view a copy of this license, visit https://creativecommons.org/licenses/by/3.0/.	curl -O "https://upload.wikimedia.org/wikipedia/commons/4/47/Imperial_Crown_Brazil.svg"
c21df10d-ed22-421e-9908-aad1c39560e3	Coat of Arms of His Royal Highness the Crown Prince of Norway	Ssolbergj; Glasshouse	CC-BY 3.0	illustration	wikimedia	svg	crown	"Coat of Arms of His Royal Highness the Crown Prince of Norway" by Ssolbergj; Glasshouse is licensed under CC BY 3.0. To view a copy of this license, visit https://creativecommons.org/licenses/by/3.0/.	curl -O "https://upload.wikimedia.org/wikipedia/commons/9/9a/Coat_of_Arms_of_His_Royal_Highness_the_Crown_Prince_of_Norway.svg"
9be4f169-847a-4fd8-82d2-fe5cc1ac2068	Crown of the Dauphin of France (variant)	Sodacan	CC-BY 3.0	illustration	wikimedia	svg	crown	"Crown of the Dauphin of France (variant)" by Sodacan is licensed under CC BY 3.0. To view a copy of this license, visit https://creativecommons.org/licenses/by/3.0/.	curl -O "https://upload.wikimedia.org/wikipedia/commons/7/7e/Crown_of_the_Dauphin_of_France_%28variant%29.svg"
768350dc-6a7f-413e-bb38-0c1d90e13c79	Royal Standard of the Crown Prince of Italy (1880–1946)	F l a n k e r	CC-BY 3.0	illustration	wikimedia	svg	crown	"Royal Standard of the Crown Prince of Italy (1880–1946)" by F l a n k e r is licensed under CC BY 3.0. To view a copy of this license, visit https://creativecommons.org/licenses/by/3.0/.	curl -O "https://upload.wikimedia.org/wikipedia/commons/b/be/Royal_Standard_of_the_Crown_Prince_of_Italy_%281880%E2%80%931946%29.svg"
5cd0d05d-1d7d-4d6f-b785-2f95d587f89f	Coa Croatia Country Dalmatia History (without crown)	Madboy74	CC0	illustration	wikimedia	svg	crown	"Coa Croatia Country Dalmatia History (without crown)" by Madboy74 is marked with CC0 1.0. To view the terms, visit https://creativecommons.org/publicdomain/zero/1.0/deed.en/.	curl -O "https://upload.wikimedia.org/wikipedia/commons/a/a7/Coa_Croatia_Country_Dalmatia_History_%28without_crown%29.svg"
f6c200db-09b9-4194-97ba-b29a1ed0dcbd	Crown of Saint Wenceslas	Hugo Gerard Ströhl	CC0	illustration	wikimedia	svg	crown	"Crown of Saint Wenceslas" by Hugo Gerard Ströhl is marked with CC0 1.0. To view the terms, visit https://creativecommons.org/publicdomain/zero/1.0/deed.en/.	curl -O "https://upload.wikimedia.org/wikipedia/commons/4/4f/Crown_of_Saint_Wenceslas.svg"
4b9839bb-9bf6-4c2c-9def-088c32d66688	Various crown ethers (molecular diagrams)	Д.Ильин: vectorization	CC0	illustration	wikimedia	svg	crown	"Various crown ethers (molecular diagrams)" by Д.Ильин: vectorization is marked with CC0 1.0. To view the terms, visit https://creativecommons.org/publicdomain/zero/1.0/deed.en/.	curl -O "https://upload.wikimedia.org/wikipedia/commons/b/b1/Various_crown_ethers_%28molecular_diagrams%29.svg"
62d97fbd-2d89-49af-935e-71f36f077ada	French heraldic crowns - chevalier	Eusebius	CC-BY 3.0	illustration	wikimedia	svg	crown	"French heraldic crowns - chevalier" by Eusebius is licensed under CC BY 3.0. To view a copy of this license, visit https://creativecommons.org/licenses/by/3.0/.	curl -O "https://upload.wikimedia.org/wikipedia/commons/2/23/French_heraldic_crowns_-_chevalier.svg"
a320f427-611e-4c84-81e0-b5a863636edf	French heraldic crowns - duc et pair	Eusebius	CC-BY 3.0	illustration	wikimedia	svg	crown	"French heraldic crowns - duc et pair" by Eusebius is licensed under CC BY 3.0. To view a copy of this license, visit https://creativecommons.org/licenses/by/3.0/.	curl -O "https://upload.wikimedia.org/wikipedia/commons/7/72/French_heraldic_crowns_-_duc_et_pair.svg"
aa6561f7-6e30-4031-9bd0-5cbac848786c	HAW Royal Order of the Crown of Hawai'i Companion ribbon	Boroduntalk	CC-BY 4.0	illustration	wikimedia	svg	crown	"HAW Royal Order of the Crown of Hawai'i Companion ribbon" by Boroduntalk is licensed under CC BY 4.0. To view a copy of this license, visit https://creativecommons.org/licenses/by/4.0/.	curl -O "https://upload.wikimedia.org/wikipedia/commons/c/c1/HAW_Royal_Order_of_the_Crown_of_Hawai%27i_Companion_ribbon.svg"
a9f836ec-c0d2-431c-9f9d-c5e9fa583586	French heraldic crowns - Prince de sang royal	Eusebius	CC-BY 3.0	illustration	wikimedia	svg	crown	"French heraldic crowns - Prince de sang royal" by Eusebius is licensed under CC BY 3.0. To view a copy of this license, visit https://creativecommons.org/licenses/by/3.0/.	curl -O "https://upload.wikimedia.org/wikipedia/commons/6/64/French_heraldic_crowns_-_Prince_de_sang_royal.svg"
b298997a-ed32-4679-93a1-6fb07fa70368	Coat of arms Crown Prince Gustav (V) of Sweden 1	Jacques63	CC0	illustration	wikimedia	svg	crown	"Coat of arms Crown Prince Gustav (V) of Sweden 1" by Jacques63 is marked with CC0 1.0. To view the terms, visit https://creativecommons.org/publicdomain/zero/1.0/deed.en/.	curl -O "https://upload.wikimedia.org/wikipedia/commons/4/4d/Coat_of_arms_Crown_Prince_Gustav_%28V%29_of_Sweden_1.svg"
00cd4e33-49c6-4774-b16d-9bd46bf932fc	Crown of prince of the Holy Roman Empire	F l a n k e r	CC-BY 3.0	illustration	wikimedia	svg	crown	"Crown of prince of the Holy Roman Empire" by F l a n k e r is licensed under CC BY 3.0. To view a copy of this license, visit https://creativecommons.org/licenses/by/3.0/.	curl -O "https://upload.wikimedia.org/wikipedia/commons/6/69/Crown_of_prince_of_the_Holy_Roman_Empire.svg"
4431967c-4be2-476a-bef8-a022d8fe00ea	French heraldic crowns - baron et pair	Jimmy44, (d'après le travail d'Eusebius)	CC-BY 3.0	illustration	wikimedia	svg	crown	"French heraldic crowns - baron et pair" by Jimmy44, (d'après le travail d'Eusebius) is licensed under CC BY 3.0. To view a copy of this license, visit https://creativecommons.org/licenses/by/3.0/.	curl -O "https://upload.wikimedia.org/wikipedia/commons/7/76/French_heraldic_crowns_-_baron_et_pair.svg"
054d8288-75ca-4a0e-bd13-19f96d6946bf	Crown of Parma	Heralder	CC-BY 3.0	illustration	wikimedia	svg	crown	"Crown of Parma" by Heralder is licensed under CC BY 3.0. To view a copy of this license, visit https://creativecommons.org/licenses/by/3.0/.	curl -O "https://upload.wikimedia.org/wikipedia/commons/0/08/Crown_of_Parma.svg"
8438f443-bb38-4582-8559-e48860cdfe64	Crown of Italian hereditary prince	F l a n k e r	CC-BY 3.0	illustration	wikimedia	svg	crown	"Crown of Italian hereditary prince" by F l a n k e r is licensed under CC BY 3.0. To view a copy of this license, visit https://creativecommons.org/licenses/by/3.0/.	curl -O "https://upload.wikimedia.org/wikipedia/commons/5/55/Crown_of_Italian_hereditary_prince.svg"
6eb7c822-fe9e-408c-9310-a32dc77ad949	Royal Crown of France (accurate red bonnet)	Louis de Lauban	CC0	illustration	wikimedia	svg	crown	"Royal Crown of France (accurate red bonnet)" by Louis de Lauban is marked with CC0 1.0. To view the terms, visit https://creativecommons.org/publicdomain/zero/1.0/deed.en/.	curl -O "https://upload.wikimedia.org/wikipedia/commons/1/1c/Royal_Crown_of_France_%28accurate_red_bonnet%29.svg"
ab07198f-4f2b-4a79-bade-79319626941f	WUE Order of the Crown ribbon for monarch	Boroduntalk	CC-BY 4.0	illustration	wikimedia	svg	crown	"WUE Order of the Crown ribbon for monarch" by Boroduntalk is licensed under CC BY 4.0. To view a copy of this license, visit https://creativecommons.org/licenses/by/4.0/.	curl -O "https://upload.wikimedia.org/wikipedia/commons/9/9a/WUE_Order_of_the_Crown_ribbon_for_monarch.svg"
2d98abd2-a358-408f-b400-dfe81de01e58	Red crown	Jeff Dahl	CC0	illustration	wikimedia	svg	crown	"Red crown" by Jeff Dahl is marked with CC0 1.0. To view the terms, visit https://creativecommons.org/publicdomain/zero/1.0/deed.en/.	curl -O "https://upload.wikimedia.org/wikipedia/commons/7/7c/Red_crown.svg"
1a6efcf7-7b49-4abe-b7b7-53751cd2bc1c	Essex County New York incorporated and unincorporated areas Crown Point highlighted	Rcsprinter123	CC-BY 3.0	illustration	wikimedia	svg	crown	"Essex County New York incorporated and unincorporated areas Crown Point highlighted" by Rcsprinter123 is licensed under CC BY 3.0. To view a copy of this license, visit https://creativecommons.org/licenses/by/3.0/.	curl -O "https://upload.wikimedia.org/wikipedia/commons/4/48/Essex_County_New_York_incorporated_and_unincorporated_areas_Crown_Point_highlighted.svg"
03a7531f-8402-4b87-9221-6b70483b42bd	White crown	Jeff Dahl	CC0	illustration	wikimedia	svg	crown	"White crown" by Jeff Dahl is marked with CC0 1.0. To view the terms, visit https://creativecommons.org/publicdomain/zero/1.0/deed.en/.	curl -O "https://upload.wikimedia.org/wikipedia/commons/4/47/White_crown.svg"
0de21d4c-b863-473a-80d7-473f181fcc39	Royal Monogram of Crown Prince Maha Vajiralongkorn	Zsoy	CC-BY 2.0	illustration	wikimedia	svg	crown	"Royal Monogram of Crown Prince Maha Vajiralongkorn" by Zsoy is licensed under CC BY 2.0. To view a copy of this license, visit https://creativecommons.org/licenses/by/2.0/.	curl -O "https://upload.wikimedia.org/wikipedia/commons/8/86/Royal_Monogram_of_Crown_Prince_Maha_Vajiralongkorn.svg"
ac873064-a22c-408d-b605-de415a719a17	Naval Ensign of the Crown Prince	Samhanin	CC-BY 3.0	illustration	wikimedia	svg	crown	"Naval Ensign of the Crown Prince" by Samhanin is licensed under CC BY 3.0. To view a copy of this license, visit https://creativecommons.org/licenses/by/3.0/.	curl -O "https://upload.wikimedia.org/wikipedia/commons/a/ae/Naval_Ensign_of_the_Crown_Prince.svg"
2c548874-d7cf-456d-a821-429b84b2924f	Lion and Sun (crown)	ConflictFan	CC0	illustration	wikimedia	svg	crown	"Lion and Sun (crown)" by ConflictFan is marked with CC0 1.0. To view the terms, visit https://creativecommons.org/publicdomain/zero/1.0/deed.en/.	curl -O "https://upload.wikimedia.org/wikipedia/commons/a/ac/Lion_and_Sun_%28crown%29.svg"
20ed00c7-88d2-4442-bddb-d4d0e2cbfece	Lesser Coat of Arms of Donetsk Oblast without crown	Лобачев Владимир	CC0	illustration	wikimedia	svg	crown	"Lesser Coat of Arms of Donetsk Oblast without crown" by Лобачев Владимир is marked with CC0 1.0. To view the terms, visit https://creativecommons.org/publicdomain/zero/1.0/deed.en/.	curl -O "https://upload.wikimedia.org/wikipedia/commons/e/eb/Lesser_Coat_of_Arms_of_Donetsk_Oblast_without_crown.svg"
f564e097-3b7c-4e15-be26-39d4f6fd568c	Vulture crown	Jeff Dahl	CC0	illustration	wikimedia	svg	crown	"Vulture crown" by Jeff Dahl is marked with CC0 1.0. To view the terms, visit https://creativecommons.org/publicdomain/zero/1.0/deed.en/.	curl -O "https://upload.wikimedia.org/wikipedia/commons/3/3c/Vulture_crown.svg"
3009ea70-890e-4a2b-8d7b-2590efd8df54	Ontario 413 crown	OhioRoadSigns	CC0	illustration	wikimedia	svg	crown	"Ontario 413 crown" by OhioRoadSigns is marked with CC0 1.0. To view the terms, visit https://creativecommons.org/publicdomain/zero/1.0/deed.en/.	curl -O "https://upload.wikimedia.org/wikipedia/commons/a/a8/Ontario_413_crown.svg"
254e6d52-eb7e-4763-97e6-3aa253a20972	Kingdom of Iran Pahlavi Golden Crown	Kingdom of Iran	CC0	illustration	wikimedia	svg	crown	"Kingdom of Iran Pahlavi Golden Crown" by Kingdom of Iran is marked with CC0 1.0. To view the terms, visit https://creativecommons.org/publicdomain/zero/1.0/deed.en.	curl -O "https://upload.wikimedia.org/wikipedia/commons/7/7e/Kingdom_of_Iran_Pahlavi_Golden_Crown.svg"
53550d52-3617-4647-8a64-b0140179bf61	Congo crown	Fornax	CC0	illustration	wikimedia	svg	crown	"Congo crown" by Fornax is marked with CC0 1.0. To view the terms, visit https://creativecommons.org/publicdomain/zero/1.0/deed.en/.	curl -O "https://upload.wikimedia.org/wikipedia/commons/4/47/Congo_crown.svg"
8b8373a0-f3fe-474f-bfa2-14d591665c4e	Royal Flag of Crown Prince Maha Vajiralongkorn (Pre-1999)	HaeProductionsKN	CC0	illustration	wikimedia	svg	crown	"Royal Flag of Crown Prince Maha Vajiralongkorn (Pre-1999)" by HaeProductionsKN is marked with CC0 1.0. To view the terms, visit https://creativecommons.org/publicdomain/zero/1.0/deed.en/.	curl -O "https://upload.wikimedia.org/wikipedia/commons/4/41/Royal_Flag_of_Crown_Prince_Maha_Vajiralongkorn_%28Pre-1999%29.svg"
ea175730-9720-4100-ad22-41d14b44164b	Shuti crown of Amun	Jeff Dahl	CC0	illustration	wikimedia	svg	crown	"Shuti crown of Amun" by Jeff Dahl is marked with CC0 1.0. To view the terms, visit https://creativecommons.org/publicdomain/zero/1.0/deed.en/.	curl -O "https://upload.wikimedia.org/wikipedia/commons/5/54/Shuti_crown_of_Amun.svg"
3e3377c7-a175-441f-bdbc-91472d6fad80	Flag of Liechtenstein (1936 Olympics) including crown	Permjak derivative work: 1000mm	CC0	illustration	wikimedia	svg	crown	"Flag of Liechtenstein (1936 Olympics) including crown" by Permjak derivative work: 1000mm is marked with CC0 1.0. To view the terms, visit https://creativecommons.org/publicdomain/zero/1.0/deed.en/.	curl -O "https://upload.wikimedia.org/wikipedia/commons/4/49/Flag_of_Liechtenstein_%281936_Olympics%29_including_crown.svg"
1ac3a2db-1a4e-4b48-8a3d-2ec776fff5f4	1901 pattern Tudor Crown (plain) 3D	Dgp4004	CC0	illustration	wikimedia	svg	crown	"1901 pattern Tudor Crown (plain) 3D" by Dgp4004 is marked with CC0 1.0. To view the terms, visit https://creativecommons.org/publicdomain/zero/1.0/deed.en/.	curl -O "https://upload.wikimedia.org/wikipedia/commons/d/d1/1901_pattern_Tudor_Crown_%28plain%29_3D.svg?utm_source=commons.wikimedia.org&utm_campaign=imageinfo&utm_content=original"
89c577b9-0c3c-4c29-b5fc-220edf7f97c9	Roman SPQR banner	Ssolbergj	CC-BY 3.0	illustration	wikimedia	svg	banner	"Roman SPQR banner" by Ssolbergj is licensed under CC BY 3.0. To view a copy of this license, visit https://creativecommons.org/licenses/by/3.0/.	curl -O "https://upload.wikimedia.org/wikipedia/commons/9/98/Roman_SPQR_banner.svg"
a97f8f74-645e-4dcb-a952-accabc12ddcf	Banner of the Duchy of Warsaw	Samhanin	CC-BY 4.0	illustration	wikimedia	svg	banner	"Banner of the Duchy of Warsaw" by Samhanin is licensed under CC BY 4.0. To view a copy of this license, visit https://creativecommons.org/licenses/by/4.0/.	curl -O "https://upload.wikimedia.org/wikipedia/commons/3/3c/Banner_of_the_Duchy_of_Warsaw.svg"
319b0485-f89e-4b92-bec6-9f0bca3d8ea9	Wiki Loves Ramadan Logo Black banner	Bonnjalal00	CC-BY 4.0	illustration	wikimedia	svg	banner	"Wiki Loves Ramadan Logo Black banner" by Bonnjalal00 is licensed under CC BY 4.0. To view a copy of this license, visit https://creativecommons.org/licenses/by/4.0/.	curl -O "https://upload.wikimedia.org/wikipedia/commons/c/c1/Wiki_Loves_Ramadan_Logo_Black_banner.svg?utm_source=commons.wikimedia.org&utm_campaign=imageinfo&utm_content=original"
4c1e27ee-09ea-4c58-a5be-bede852313f8	Royal banner of Branković family	Samhanin	CC0	illustration	wikimedia	svg	banner	"Royal banner of Branković family" by Samhanin is marked with CC0 1.0. To view the terms, visit https://creativecommons.org/publicdomain/zero/1.0/deed.en/.	curl -O "https://upload.wikimedia.org/wikipedia/commons/8/89/Royal_banner_of_Brankovi%C4%87_family.svg"
80beaccb-a220-40c1-b04c-d77975e3e5f7	Banner of the Kingdom of Poland	Samhanin	CC-BY 3.0	illustration	wikimedia	svg	banner	"Banner of the Kingdom of Poland" by Samhanin is licensed under CC BY 3.0. To view a copy of this license, visit https://creativecommons.org/licenses/by/3.0/.	curl -O "https://upload.wikimedia.org/wikipedia/commons/9/93/Banner_of_the_Kingdom_of_Poland.svg"
01903db9-68d8-4abb-a94e-f49ee3a85ce1	Banner of Sigismund III Vasa	Samhanin	CC-BY 3.0	illustration	wikimedia	svg	banner	"Banner of Sigismund III Vasa" by Samhanin is licensed under CC BY 3.0. To view a copy of this license, visit https://creativecommons.org/licenses/by/3.0/.	curl -O "https://upload.wikimedia.org/wikipedia/commons/c/c7/Banner_of_Sigismund_III_Vasa.svg"
d434c614-2b0f-4138-a861-0375ecb3d082	Banner of the Lordship of Ireland	NsMn	CC-BY 3.0	illustration	wikimedia	svg	banner	"Banner of the Lordship of Ireland" by NsMn is licensed under CC BY 3.0. To view a copy of this license, visit https://creativecommons.org/licenses/by/3.0/.	curl -O "https://upload.wikimedia.org/wikipedia/commons/4/45/Banner_of_the_Lordship_of_Ireland.svg"
c3262b57-0b45-4a2e-91a7-5ce92d2b87dc	Banner of Gabriel Bethlen	Dahn	CC-BY 4.0	illustration	wikimedia	svg	banner	"Banner of Gabriel Bethlen" by Dahn is licensed under CC BY 4.0. To view a copy of this license, visit https://creativecommons.org/licenses/by/4.0/.	curl -O "https://upload.wikimedia.org/wikipedia/commons/d/d3/Banner_of_Gabriel_Bethlen.svg"
c8edc42d-2855-47cb-b0b9-4cf1f85f1c7f	Banner of the Empire of Trebizond	Samhanin	CC-BY 3.0	illustration	wikimedia	svg	banner	"Banner of the Empire of Trebizond" by Samhanin is licensed under CC BY 3.0. To view a copy of this license, visit https://creativecommons.org/licenses/by/3.0/.	curl -O "https://upload.wikimedia.org/wikipedia/commons/1/14/Banner_of_the_Empire_of_Trebizond.svg"
9b270022-8f7a-4b06-9932-84ad940f4bd8	Wikimedia and Libraries User Group logo banner	Kurmanbek, AVasanth (WMF)	CC0	illustration	wikimedia	svg	banner	"Wikimedia and Libraries User Group logo banner" by Kurmanbek, AVasanth (WMF) is marked with CC0 1.0. To view the terms, visit https://creativecommons.org/publicdomain/zero/1.0/deed.en/.	curl -O "https://upload.wikimedia.org/wikipedia/commons/5/55/Wikimedia_and_Libraries_User_Group_logo_banner.svg"
357ec829-80f7-4e43-a2b1-197576ad4566	Punjabi Wikimedians User Group banner	Kuldeepburjbhalaike	CC-BY 4.0	illustration	wikimedia	svg	banner	"Punjabi Wikimedians User Group banner" by Kuldeepburjbhalaike is licensed under CC BY 4.0. To view a copy of this license, visit https://creativecommons.org/licenses/by/4.0/.	curl -O "https://upload.wikimedia.org/wikipedia/commons/b/b7/Punjabi_Wikimedians_User_Group_banner.svg"
10a5b8c9-417c-4151-a0fd-81b158d989c3	Royal banner of Mrnjavčević family	Samhanin	CC0	illustration	wikimedia	svg	banner	"Royal banner of Mrnjavčević family" by Samhanin is marked with CC0 1.0. To view the terms, visit https://creativecommons.org/publicdomain/zero/1.0/deed.en.	curl -O "https://upload.wikimedia.org/wikipedia/commons/d/df/Royal_banner_of_Mrnjav%C4%8Devi%C4%87_family.svg"
06ddd15b-7dc7-4c1b-9ae5-5ad09f012081	Banner of Mstsislaw Voivodeship (1609-1618)-1	Лобачев Владимир	CC0	illustration	wikimedia	svg	banner	"Banner of Mstsislaw Voivodeship (1609-1618)-1" by Лобачев Владимир is marked with CC0 1.0. To view the terms, visit https://creativecommons.org/publicdomain/zero/1.0/deed.en/.	curl -O "https://upload.wikimedia.org/wikipedia/commons/1/11/Banner_of_Mstsislaw_Voivodeship_%281609-1618%29-1.svg"
7a24bd13-152b-4924-98e4-2507f69ddde1	Zichian banner	Liptink0	CC0	illustration	wikimedia	svg	banner	"Zichian banner" by Liptink0 is marked with CC0 1.0. To view the terms, visit https://creativecommons.org/publicdomain/zero/1.0/deed.en/.	curl -O "https://upload.wikimedia.org/wikipedia/commons/e/e0/Zichian_banner.svg"
1933daa6-0528-4e3b-b8a7-2e1ef6f993ee	Banner of arms of Brighton and Hove (3-5)	Own work based on: Coat of arms of Brighton and Hove.svg: and Arms of Brighton and Hove.svg:	CC0	illustration	wikimedia	svg	banner	"Banner of arms of Brighton and Hove (3-5)" by Own work based on: Coat of arms of Brighton and Hove.svg: and Arms of Brighton and Hove.svg: is marked with CC0 1.0. To view the terms, visit https://creativecommons.org/publicdomain/zero/1.0/deed.en/.	curl -O "https://upload.wikimedia.org/wikipedia/commons/a/a4/Banner_of_arms_of_Brighton_and_Hove_%283-5%29.svg"
1aa64ae6-53ff-4477-8dc6-2c73802d0448	Banner of the Ruthenian Voivodeship	Samhanin	CC-BY 4.0	illustration	wikimedia	svg	banner	"Banner of the Ruthenian Voivodeship" by Samhanin is licensed under CC BY 4.0. To view a copy of this license, visit https://creativecommons.org/licenses/by/4.0/.	curl -O "https://upload.wikimedia.org/wikipedia/commons/5/5a/Banner_of_the_Ruthenian_Voivodeship.svg"
79be1418-0637-4738-ab03-4b2f9d8340b9	Wikimania 2023 Singapore Banner logo no date	Illustrated by Adien Gunarta and Naila Rahmah	CC0	illustration	wikimedia	svg	banner	"Wikimania 2023 Singapore Banner logo no date" by Illustrated by Adien Gunarta and Naila Rahmah is marked with CC0 1.0. To view the terms, visit https://creativecommons.org/publicdomain/zero/1.0/deed.en/.	curl -O "https://upload.wikimedia.org/wikipedia/commons/7/70/Wikimania_2023_Singapore_Banner_logo_no_date.svg"
0ac14885-a1b0-4eee-9974-2c1c087f08e6	Banner of arms of Perth (3-5)	GPinkerton	CC0	illustration	wikimedia	svg	banner	"Banner of arms of Perth (3-5)" by GPinkerton is marked with CC0 1.0. To view the terms, visit https://creativecommons.org/publicdomain/zero/1.0/deed.en/.	curl -O "https://upload.wikimedia.org/wikipedia/commons/9/9d/Banner_of_arms_of_Perth_%283-5%29.svg"
46465ed8-7b33-43fe-aee7-c7bca85d07f3	Banner of Arms of A Coruña	EuropeanV	CC-BY 4.0	illustration	wikimedia	svg	banner	"Banner of Arms of A Coruña" by EuropeanV is licensed under CC BY 4.0. To view a copy of this license, visit https://creativecommons.org/licenses/by/4.0/.	curl -O "https://upload.wikimedia.org/wikipedia/commons/7/71/Banner_of_Arms_of_A_Coru%C3%B1a.svg?utm_source=commons.wikimedia.org&utm_campaign=imageinfo&utm_content=original"
30ad1004-a0ac-4e97-95e9-32c80d156e5f	Banner of Timur Khan	HetmanTheResearcher	CC-BY 4.0	illustration	wikimedia	svg	banner	"Banner of Timur Khan" by HetmanTheResearcher is licensed under CC BY 4.0. To view a copy of this license, visit https://creativecommons.org/licenses/by/4.0/.	curl -O "https://upload.wikimedia.org/wikipedia/commons/9/91/Banner_of_Timur_Khan.svg"
81d93b0b-64b6-4e9a-ae79-33293deaa979	Dragon from Chinese Dragon Banner	百楽兎	CC0	illustration	wikimedia	svg	banner	"Dragon from Chinese Dragon Banner" by 百楽兎 is marked with CC0 1.0. To view the terms, visit https://creativecommons.org/publicdomain/zero/1.0/deed.en/.	curl -O "https://upload.wikimedia.org/wikipedia/commons/5/5e/Dragon_from_Chinese_Dragon_Banner.svg"
7de883c3-2511-4c19-bbd0-c7769b505a7b	Syrian Democratic Forces Banner	FugeeCamp	CC0	illustration	wikimedia	svg	banner	"Syrian Democratic Forces Banner" by FugeeCamp is marked with CC0 1.0. To view the terms, visit https://creativecommons.org/publicdomain/zero/1.0/deed.en/.	curl -O "https://upload.wikimedia.org/wikipedia/commons/5/51/Syrian_Democratic_Forces_Banner.svg"
b55ce1cc-4f3c-44f4-bc92-8ee1fe1ef4f0	Banner of Horsens, Denmark	Flagvisioner	CC0	illustration	wikimedia	svg	banner	"Banner of Horsens, Denmark" by Flagvisioner is marked with CC0 1.0. To view the terms, visit https://creativecommons.org/publicdomain/zero/1.0/deed.en/.	curl -O "https://upload.wikimedia.org/wikipedia/commons/d/d0/Banner_of_Horsens%2C_Denmark.svg"
23355017-65c9-4d42-8ae0-b538fe2589c7	Royal banner of Kongo (Afonso I)	Samhanin	CC0	illustration	wikimedia	svg	banner	"Royal banner of Kongo (Afonso I)" by Samhanin is marked with CC0 1.0. To view the terms, visit https://creativecommons.org/publicdomain/zero/1.0/deed.en/.	curl -O "https://upload.wikimedia.org/wikipedia/commons/a/a4/Royal_banner_of_Kongo_%28Afonso_I%29.svg"
e111a361-516b-49f0-975b-36befcdf88c7	Banner of the Kingdom of Poland and the Grand Duchy of Lithuania	Samhanin	CC-BY 3.0	illustration	wikimedia	svg	banner	"Banner of the Kingdom of Poland and the Grand Duchy of Lithuania" by Samhanin is licensed under CC BY 3.0. To view a copy of this license, visit https://creativecommons.org/licenses/by/3.0/.	curl -O "https://upload.wikimedia.org/wikipedia/commons/0/09/Banner_of_the_Kingdom_of_Poland_and_the_Grand_Duchy_of_Lithuania.svg"
4419d4f4-61d5-40fb-beb2-e28f18bb7feb	Wiltshire County Council Armorial Banner	Blason_Ducs_de_Poméranie.svg: Jimmy44 derivative work: NikNaks talk - gallery - wikipedia	CC-BY 3.0	illustration	wikimedia	svg	banner	"Wiltshire County Council Armorial Banner" by Blason_Ducs_de_Poméranie.svg: Jimmy44 derivative work: NikNaks talk - gallery - wikipedia is licensed under CC BY 3.0. To view a copy of this license, visit https://creativecommons.org/licenses/by/3.0/.	curl -O "https://upload.wikimedia.org/wikipedia/commons/4/46/Wiltshire_County_Council_Armorial_Banner.svg"
824ebd5b-0855-4c1d-805b-7e66691172d1	Banner of Kazan	HetmanTheResearcher	CC-BY 4.0	illustration	wikimedia	svg	banner	"Banner of Kazan" by HetmanTheResearcher is licensed under CC BY 4.0. To view a copy of this license, visit https://creativecommons.org/licenses/by/4.0/.	curl -O "https://upload.wikimedia.org/wikipedia/commons/a/af/Banner_of_Kazan.svg"
10d4ac45-4b54-4bd2-ae02-0853e23b2db8	Banner of Dmitry Donskoy in the Battle of Kulikovo	Лобачев Владимир. Base: File:Battle of Kulikovo 17th century miniature.jpg	CC0	illustration	wikimedia	svg	banner	"Banner of Dmitry Donskoy in the Battle of Kulikovo" by Лобачев Владимир. Base: File:Battle of Kulikovo 17th century miniature.jpg is marked with CC0 1.0. To view the terms, visit https://creativecommons.org/publicdomain/zero/1.0/deed.en/.	curl -O "https://upload.wikimedia.org/wikipedia/commons/9/97/Banner_of_Dmitry_Donskoy_in_the_Battle_of_Kulikovo.svg"
d7c936be-2e74-4a21-a99e-880a95557158	Banner of Duchy of Samogitia (1609-1618)-1	Лобачев Владимир	CC0	illustration	wikimedia	svg	banner	"Banner of Duchy of Samogitia (1609-1618)-1" by Лобачев Владимир is marked with CC0 1.0. To view the terms, visit https://creativecommons.org/publicdomain/zero/1.0/deed.en/.	curl -O "https://upload.wikimedia.org/wikipedia/commons/e/e7/Banner_of_Duchy_of_Samogitia_%281609-1618%29-1.svg"
ac2bb8dd-49f1-4910-ad0f-005911f18d69	Royal banner of Philip II of Spain (1580-1598)	Samhanin	CC-BY 3.0	illustration	wikimedia	svg	banner	"Royal banner of Philip II of Spain (1580-1598)" by Samhanin is licensed under CC BY 3.0. To view a copy of this license, visit https://creativecommons.org/licenses/by/3.0/.	curl -O "https://upload.wikimedia.org/wikipedia/commons/c/cd/Royal_banner_of_Philip_II_of_Spain_%281580-1598%29.svg"
4febf313-52da-48a6-9f01-3093c3ac35ce	Imperial banner of Korea	Samhanin	CC0	illustration	wikimedia	svg	banner	"Imperial banner of Korea" by Samhanin is marked with CC0 1.0. To view the terms, visit https://creativecommons.org/publicdomain/zero/1.0/deed.en/.	curl -O "https://upload.wikimedia.org/wikipedia/commons/b/b7/Imperial_banner_of_Korea.svg"
3ed439df-54e1-4e24-842f-b83d4484c905	Banner of Vilnius Voivodeship (1609-1618)-1	Лобачев Владимир	CC0	illustration	wikimedia	svg	banner	"Banner of Vilnius Voivodeship (1609-1618)-1" by Лобачев Владимир is marked with CC0 1.0. To view the terms, visit https://creativecommons.org/publicdomain/zero/1.0/deed.en/.	curl -O "https://upload.wikimedia.org/wikipedia/commons/e/e0/Banner_of_Vilnius_Voivodeship_%281609-1618%29-1.svg"
3ec2129a-255e-4966-9db9-3332f8f66b89	Principality of Dukagjini banner of arms	Hakuli	CC-BY 4.0	illustration	wikimedia	svg	banner	"Principality of Dukagjini banner of arms" by Hakuli is licensed under CC BY 4.0. To view a copy of this license, visit https://creativecommons.org/licenses/by/4.0/.	curl -O "https://upload.wikimedia.org/wikipedia/commons/d/df/Principality_of_Dukagjini_banner_of_arms.svg"
67139298-f76d-496d-b92c-ce0f26126706	Banner of Punjab, India	Shubhdeep Sandhu	CC0	illustration	wikimedia	svg	banner	"Banner of Punjab, India" by Shubhdeep Sandhu is marked with CC0 1.0. To view the terms, visit https://creativecommons.org/publicdomain/zero/1.0/deed.en/.	curl -O "https://upload.wikimedia.org/wikipedia/commons/f/fc/Banner_of_Punjab%2C_India.svg"
5cd7b7f7-3ff3-4141-8785-eafc99e2206e	Banner of Vitebsk Voivodeship (1609-1618)-1	Лобачев Владимир	CC0	illustration	wikimedia	svg	banner	"Banner of Vitebsk Voivodeship (1609-1618)-1" by Лобачев Владимир is marked with CC0 1.0. To view the terms, visit https://creativecommons.org/publicdomain/zero/1.0/deed.en/.	curl -O "https://upload.wikimedia.org/wikipedia/commons/e/ee/Banner_of_Vitebsk_Voivodeship_%281609-1618%29-1.svg"
4c002be3-d0b1-4812-b173-eb6041045f1b	Banner of King Tvrtko I of Bosnia	Sci Show With Moh / Vectorization: Mrmw	CC0	illustration	wikimedia	svg	banner	"Banner of King Tvrtko I of Bosnia" by Sci Show With Moh / Vectorization: Mrmw is marked with CC0 1.0. To view the terms, visit https://creativecommons.org/publicdomain/zero/1.0/deed.en/.	curl -O "https://upload.wikimedia.org/wikipedia/commons/3/37/Banner_of_King_Tvrtko_I_of_Bosnia.svg"
7e26ab02-752f-4895-acf8-880a4555dd89	Banner of the Lithuanian Provisional Governing Commission	Samhanin	CC-BY 4.0	illustration	wikimedia	svg	banner	"Banner of the Lithuanian Provisional Governing Commission" by Samhanin is licensed under CC BY 4.0. To view a copy of this license, visit https://creativecommons.org/licenses/by/4.0/.	curl -O "https://upload.wikimedia.org/wikipedia/commons/0/01/Banner_of_the_Lithuanian_Provisional_Governing_Commission.svg"
04592138-294e-464a-99d8-4dadc6b3eab6	Banner of Polotsk Voivodeship (1609-1618)-1	Лобачев Владимир	CC0	illustration	wikimedia	svg	banner	"Banner of Polotsk Voivodeship (1609-1618)-1" by Лобачев Владимир is marked with CC0 1.0. To view the terms, visit https://creativecommons.org/publicdomain/zero/1.0/deed.en/.	curl -O "https://upload.wikimedia.org/wikipedia/commons/a/a6/Banner_of_Polotsk_Voivodeship_%281609-1618%29-1.svg"
79806f1e-2916-439d-8f8a-3c1cbef5a26b	Banner of the Principality of Halych	Samhanin	CC-BY 3.0	illustration	wikimedia	svg	banner	"Banner of the Principality of Halych" by Samhanin is licensed under CC BY 3.0. To view a copy of this license, visit https://creativecommons.org/licenses/by/3.0/.	curl -O "https://upload.wikimedia.org/wikipedia/commons/b/ba/Banner_of_the_Principality_of_Halych.svg"
5f0d0d62-13ec-4075-a993-6fdcaba64f83	Banner of Minsk Voivodeship (1609-1618)-1	Лобачев Владимир	CC0	illustration	wikimedia	svg	banner	"Banner of Minsk Voivodeship (1609-1618)-1" by Лобачев Владимир is marked with CC0 1.0. To view the terms, visit https://creativecommons.org/publicdomain/zero/1.0/deed.en.	curl -O "https://upload.wikimedia.org/wikipedia/commons/3/3b/Banner_of_Minsk_Voivodeship_%281609-1618%29-1.svg"
e2e6e8bb-8c05-4563-a23f-ab8e85936d2b	Banner of Brest Litovsk Voivodeship (1609-1618)-1	Лобачев Владимир	CC0	illustration	wikimedia	svg	banner	"Banner of Brest Litovsk Voivodeship (1609-1618)-1" by Лобачев Владимир is marked with CC0 1.0. To view the terms, visit https://creativecommons.org/publicdomain/zero/1.0/deed.en.	curl -O "https://upload.wikimedia.org/wikipedia/commons/7/79/Banner_of_Brest_Litovsk_Voivodeship_%281609-1618%29-1.svg"
3d093114-14e1-4882-9634-c3833f6ec6a9	Banner of Kiev Voivodeship (1609-1618)-1	Лобачев Владимир	CC0	illustration	wikimedia	svg	banner	"Banner of Kiev Voivodeship (1609-1618)-1" by Лобачев Владимир is marked with CC0 1.0. To view the terms, visit https://creativecommons.org/publicdomain/zero/1.0/deed.en/.	curl -O "https://upload.wikimedia.org/wikipedia/commons/a/ac/Banner_of_Kiev_Voivodeship_%281609-1618%29-1.svg"
709ee312-5af6-4af9-8715-a8d1fb0348e8	Dragon Banner	Vectorised by from the description by Robert Jordan	CC0	illustration	wikimedia	svg	banner	"Dragon Banner" by Vectorised by from the description by Robert Jordan is marked with CC0 1.0. To view the terms, visit https://creativecommons.org/publicdomain/zero/1.0/deed.en/.	curl -O "https://upload.wikimedia.org/wikipedia/commons/c/c1/Dragon_Banner.svg"
fa474a27-3a4e-4e20-afbc-03179ea795a4	Banner of Möngke Temür (1257-1280)	HetmanTheResearcher	CC0	illustration	wikimedia	svg	banner	"Banner of Möngke Temür (1257-1280)" by HetmanTheResearcher is marked with CC0 1.0. To view the terms, visit https://creativecommons.org/publicdomain/zero/1.0/deed.en/.	curl -O "https://upload.wikimedia.org/wikipedia/commons/b/b6/Banner_of_M%C3%B6ngke_Tem%C3%BCr_%281257-1280%29.svg"
2eb1f85f-656d-4dd2-b0da-65ff17ab5a9a	Banner of West Bengal	Pur 0 0	CC0	illustration	wikimedia	svg	banner	"Banner of West Bengal" by Pur 0 0 is marked with CC0 1.0. To view the terms, visit https://creativecommons.org/publicdomain/zero/1.0/deed.en/.	curl -O "https://upload.wikimedia.org/wikipedia/commons/2/2f/Banner_of_West_Bengal.svg"
ca769018-26fa-4915-97f4-04bc0a8eddd1	Banner of Lincoln	Ec.Domnowall	CC-BY 3.0	illustration	wikimedia	svg	banner	"Banner of Lincoln" by Ec.Domnowall is licensed under CC BY 3.0. To view a copy of this license, visit https://creativecommons.org/licenses/by/3.0/.	curl -O "https://upload.wikimedia.org/wikipedia/commons/9/92/Banner_of_Lincoln.svg"
b207ea03-8640-4f1b-a656-03c212be9ffa	Mamluk banner removed from Damascus Citadel 1517 reconstruction	Liptink0This file was derived from: Mameluke Flag.svg	CC0	illustration	wikimedia	svg	banner	"Mamluk banner removed from Damascus Citadel 1517 reconstruction" by Liptink0This file was derived from: Mameluke Flag.svg is marked with CC0 1.0. To view the terms, visit https://creativecommons.org/publicdomain/zero/1.0/deed.en/.	curl -O "https://upload.wikimedia.org/wikipedia/commons/e/e0/Mamluk_banner_removed_from_Damascus_Citadel_1517_reconstruction.svg"
cde2248b-d6d4-46fa-8af1-489803ca19c7	Banner of the Papal Zouaves	Dahn	CC-BY 4.0	illustration	wikimedia	svg	banner	"Banner of the Papal Zouaves" by Dahn is licensed under CC BY 4.0. To view a copy of this license, visit https://creativecommons.org/licenses/by/4.0/.	curl -O "https://upload.wikimedia.org/wikipedia/commons/5/55/Banner_of_the_Papal_Zouaves.svg"
3cf0c069-5647-479e-a3ec-9f04380dec81	Traitor's Banner	Mrmw	CC0	illustration	wikimedia	svg	banner	"Traitor's Banner" by Mrmw is marked with CC0 1.0. To view the terms, visit https://creativecommons.org/publicdomain/zero/1.0/deed.en/.	curl -O "https://upload.wikimedia.org/wikipedia/commons/4/48/Traitor%27s_Banner.svg"
63b37357-943f-4839-bf42-37a90d8fd12f	Generic Swiss Guard banner	Skukifish	CC-BY 4.0	illustration	wikimedia	svg	banner	"Generic Swiss Guard banner" by Skukifish is licensed under CC BY 4.0. To view a copy of this license, visit https://creativecommons.org/licenses/by/4.0/.	curl -O "https://upload.wikimedia.org/wikipedia/commons/1/18/Generic_Swiss_Guard_banner.svg"
75e47d14-66c6-4390-b85a-2b03b693e8e2	Dragon from Chinese Dragon Banner Red Version	Tsange	CC0	illustration	wikimedia	svg	banner	"Dragon from Chinese Dragon Banner Red Version" by Tsange is marked with CC0 1.0. To view the terms, visit https://creativecommons.org/publicdomain/zero/1.0/deed.en/.	curl -O "https://upload.wikimedia.org/wikipedia/commons/0/04/Dragon_from_Chinese_Dragon_Banner_Red_Version.svg"
9dd9da3d-5ee3-4eae-ae64-a6260a3c6698	Banner of Vilnius Voivodeship (1609-1618)-2	Лобачев Владимир	CC0	illustration	wikimedia	svg	banner	"Banner of Vilnius Voivodeship (1609-1618)-2" by Лобачев Владимир is marked with CC0 1.0. To view the terms, visit https://creativecommons.org/publicdomain/zero/1.0/deed.en/.	curl -O "https://upload.wikimedia.org/wikipedia/commons/6/69/Banner_of_Vilnius_Voivodeship_%281609-1618%29-2.svg"
88b07027-0d1d-407a-a8c3-0ea2ae8efc07	Banner of the Dido people (19th century)	Liptink0	CC0	illustration	wikimedia	svg	banner	"Banner of the Dido people (19th century)" by Liptink0 is marked with CC0 1.0. To view the terms, visit https://creativecommons.org/publicdomain/zero/1.0/deed.en/.	curl -O "https://upload.wikimedia.org/wikipedia/commons/5/59/Banner_of_the_Dido_people_%2819th_century%29.svg"
69d0c8f6-5b41-41c3-b663-fb35a2fa8f6e	Wikimania 2022 Banner Illustration	Ben Hickey and Mariana Garcia	CC0	illustration	wikimedia	svg	banner	"Wikimania 2022 Banner Illustration" by Ben Hickey and Mariana Garcia is marked with CC0 1.0. To view the terms, visit https://creativecommons.org/publicdomain/zero/1.0/deed.en/.	curl -O "https://upload.wikimedia.org/wikipedia/commons/4/40/Wikimania_2022_Banner_Illustration.svg"
a0c6b1b2-dd1f-4ed2-9353-04c277335aa9	Principality of Muzaka banner of arms	Hakuli	CC-BY 4.0	illustration	wikimedia	svg	banner	"Principality of Muzaka banner of arms" by Hakuli is licensed under CC BY 4.0. To view a copy of this license, visit https://creativecommons.org/licenses/by/4.0/.	curl -O "https://upload.wikimedia.org/wikipedia/commons/7/7b/Principality_of_Muzaka_banner_of_arms.svg"
76db8bac-7124-4928-aa5c-7565dd1295ec	Banner of Duchy of Samogitia (1609-1618)-2	Лобачев Владимир	CC0	illustration	wikimedia	svg	banner	"Banner of Duchy of Samogitia (1609-1618)-2" by Лобачев Владимир is marked with CC0 1.0. To view the terms, visit https://creativecommons.org/publicdomain/zero/1.0/deed.en/.	curl -O "https://upload.wikimedia.org/wikipedia/commons/1/1a/Banner_of_Duchy_of_Samogitia_%281609-1618%29-2.svg"
adc467f9-faa6-4af9-aeac-1679e5d926c4	Banner of Cilli (1)	SirFranzPaul	CC0	illustration	wikimedia	svg	banner	"Banner of Cilli (1)" by SirFranzPaul is marked with CC0 1.0. To view the terms, visit https://creativecommons.org/publicdomain/zero/1.0/deed.en/.	curl -O "https://upload.wikimedia.org/wikipedia/commons/b/be/Banner_of_Cilli_%281%29.svg"
20d4a049-73dd-4862-89fa-001a0d3ff511	Banner of English Mistery	Slovn13	CC0	illustration	wikimedia	svg	banner	"Banner of English Mistery" by Slovn13 is marked with CC0 1.0. To view the terms, visit https://creativecommons.org/publicdomain/zero/1.0/deed.en/.	curl -O "https://upload.wikimedia.org/wikipedia/commons/6/61/Banner_of_English_Mistery.svg"
9f962525-403b-472c-8921-a4b5357bdda9	JGEC Horizontal Banner	NLBRT	CC-BY 4.0	illustration	wikimedia	svg	banner	"JGEC Horizontal Banner" by NLBRT is licensed under CC BY 4.0. To view a copy of this license, visit https://creativecommons.org/licenses/by/4.0/.	curl -O "https://upload.wikimedia.org/wikipedia/commons/c/cf/JGEC_Horizontal_Banner.svg"
96c87b63-7fc7-48cf-be26-4f0b5d8e1bc3	Flag of Black Banner Organization	Throwaway865432	CC0	illustration	wikimedia	svg	banner	"Flag of Black Banner Organization" by Throwaway865432 is marked with CC0 1.0. To view the terms, visit https://creativecommons.org/publicdomain/zero/1.0/deed.en/.	curl -O "https://upload.wikimedia.org/wikipedia/commons/2/24/Flag_of_Black_Banner_Organization.svg"
99d2627f-95e4-4833-afbd-2a7fe640a571	Flag of Cambodia (1948-1970)	Draw new flag by User:ទេព_សុវិចិត្រ	CC0	illustration	wikimedia	svg	flag	"Flag of Cambodia (1948-1970)" by Draw new flag by User:ទេព_សុវិចិត្រ is marked with CC0 1.0. To view the terms, visit https://creativecommons.org/publicdomain/zero/1.0/deed.en.	curl -O "https://upload.wikimedia.org/wikipedia/commons/0/0b/Flag_of_Cambodia_%281948-1970%29.svg"
7c9ce14f-b7e0-40ce-8d54-09639e62551b	Sports flag icons - Purple amber white with horn	Original by Teo's89, vectorized by ReneeWrites	CC-BY 4.0	illustration	wikimedia	svg	flag	"Sports flag icons - Purple amber white with horn" by Original by Teo's89, vectorized by ReneeWrites is licensed under CC BY 4.0. To view a copy of this license, visit https://creativecommons.org/licenses/by/4.0/.	curl -O "https://upload.wikimedia.org/wikipedia/commons/9/9c/Sports_flag_icons_-_Purple_amber_white_with_horn.svg"
cf9efdce-50a1-4af8-9a69-2927908b0298	Flag of Galmudug	Blackcat	CC0	illustration	wikimedia	svg	flag	"Flag of Galmudug" by Blackcat is marked with CC0 1.0. To view the terms, visit https://creativecommons.org/publicdomain/zero/1.0/deed.en.	curl -O "https://upload.wikimedia.org/wikipedia/commons/b/bb/Flag_of_Galmudug.svg"
d06a3124-e9d0-4de0-942b-aa86c64a2b53	Sports flag icons - Black pink diagonals with eagle	Original by Xander89, vectorized by ReneeWrites	CC-BY 4.0	illustration	wikimedia	svg	flag	"Sports flag icons - Black pink diagonals with eagle" by Original by Xander89, vectorized by ReneeWrites is licensed under CC BY 4.0. To view a copy of this license, visit https://creativecommons.org/licenses/by/4.0/.	curl -O "https://upload.wikimedia.org/wikipedia/commons/4/44/Sports_flag_icons_-_Black_pink_diagonals_with_eagle.svg"
07ad2afe-4673-40a8-9129-f6f039ebd009	Flag of Cambodia (pre-1863)	Blackcat	CC0	illustration	wikimedia	svg	flag	"Flag of Cambodia (pre-1863)" by Blackcat is marked with CC0 1.0. To view the terms, visit https://creativecommons.org/publicdomain/zero/1.0/deed.en/.	curl -O "https://upload.wikimedia.org/wikipedia/commons/0/0e/Flag_of_Cambodia_%28pre-1863%29.svg"
345f085c-0f36-45d4-a432-5ed5f36adfb1	Flag of British Bengal	Samhanin	CC-BY 3.0	illustration	wikimedia	svg	flag	"Flag of British Bengal" by Samhanin is licensed under CC BY 3.0. To view a copy of this license, visit https://creativecommons.org/licenses/by/3.0/.	curl -O "https://upload.wikimedia.org/wikipedia/commons/2/27/Flag_of_British_Bengal.svg"
d8cf5967-fa0d-4bf6-9eff-84a7034b7833	Flag of Maine (province)	Patricia.fidi	CC0	illustration	wikimedia	svg	flag	"Flag of Maine (province)" by Patricia.fidi is marked with CC0 1.0. To view the terms, visit https://creativecommons.org/publicdomain/zero/1.0/deed.en/.	curl -O "https://upload.wikimedia.org/wikipedia/commons/e/ef/Flag_of_Maine_%28province%29.svg"
a78fb9de-8299-42c0-b7e1-fe08101568f7	Flag of Portuguese Minister	Jsobral	CC-BY 3.0	illustration	wikimedia	svg	flag	"Flag of Portuguese Minister" by Jsobral is licensed under CC BY 3.0. To view a copy of this license, visit https://creativecommons.org/licenses/by/3.0/.	curl -O "https://upload.wikimedia.org/wikipedia/commons/3/3b/Flag_of_Portuguese_Minister.svg"
8df1d98f-8fa8-417b-9201-24a64a466ec4	Flag of Fiorentina 3D	Blackcat	CC0	illustration	wikimedia	svg	flag	"Flag of Fiorentina 3D" by Blackcat is marked with CC0 1.0. To view the terms, visit https://creativecommons.org/publicdomain/zero/1.0/deed.en/.	curl -O "https://upload.wikimedia.org/wikipedia/commons/8/8c/Flag_of_Fiorentina_3D.svg"
cfb011ba-f4b7-4e78-9f40-7573caa8ec89	Flag of Seychelles (1961–1976)	LadyofHats	CC0	illustration	wikimedia	svg	flag	"Flag of Seychelles (1961–1976)" by LadyofHats is marked with CC0 1.0. To view the terms, visit https://creativecommons.org/publicdomain/zero/1.0/deed.en/.	curl -O "https://upload.wikimedia.org/wikipedia/commons/7/7a/Flag_of_Seychelles_%281961%E2%80%931976%29.svg"
4710d9f8-1f34-4165-aa81-ff09a068cab5	Lithuania flag bar	Blowwhite1	CC0	illustration	wikimedia	svg	flag	"Lithuania flag bar" by Blowwhite1 is marked with CC0 1.0. To view the terms, visit https://creativecommons.org/publicdomain/zero/1.0/deed.en/.	curl -O "https://upload.wikimedia.org/wikipedia/commons/9/9b/Lithuania_flag_bar.svg"
c00234bc-d58a-4ebd-abd7-410790077c8c	Flag map of Altai Krai	ReneeWrites	CC-BY 4.0	illustration	wikimedia	svg	flag	"Flag map of Altai Krai" by ReneeWrites is licensed under CC BY 4.0. To view a copy of this license, visit https://creativecommons.org/licenses/by/4.0/.	curl -O "https://upload.wikimedia.org/wikipedia/commons/1/1d/Flag_map_of_Altai_Krai.svg"
90d38c9f-36b8-45c8-a830-37dceaa20628	Flag of Ido (new)	Algentem	CC0	illustration	wikimedia	svg	flag	"Flag of Ido (new)" by Algentem is marked with CC0 1.0. To view the terms, visit https://creativecommons.org/publicdomain/zero/1.0/deed.en/.	curl -O "https://upload.wikimedia.org/wikipedia/commons/c/c4/Flag_of_Ido_%28new%29.svg"
d2b78a47-d07d-4aee-8732-a06e33c9c597	Proposed Flag of Romanchia	User:Norrin strange	CC0	illustration	wikimedia	svg	flag	"Proposed Flag of Romanchia" by User:Norrin strange is marked with CC0 1.0. To view the terms, visit https://creativecommons.org/publicdomain/zero/1.0/deed.en/.	curl -O "https://upload.wikimedia.org/wikipedia/commons/9/98/Proposed_Flag_of_Romanchia.svg"
4ad2ae10-ebfa-429a-9824-0702753f737f	Indian Communism Waving Flag Icon	Hstoops	CC0	illustration	wikimedia	svg	flag	"Indian Communism Waving Flag Icon" by Hstoops is marked with CC0 1.0. To view the terms, visit https://creativecommons.org/publicdomain/zero/1.0/deed.en/.	curl -O "https://upload.wikimedia.org/wikipedia/commons/c/c5/Indian_Communism_Waving_Flag_Icon.svg"
e9f0e40d-6e9b-4547-b566-6206ac4e7ebb	Alex K Grundwald flags 1410-02	Alex Tora	CC-BY 3.0	illustration	wikimedia	svg	flag	"Alex K Grundwald flags 1410-02" by Alex Tora is licensed under CC BY 3.0. To view a copy of this license, visit https://creativecommons.org/licenses/by/3.0/.	curl -O "https://upload.wikimedia.org/wikipedia/commons/e/e4/Alex_K_Grundwald_flags_1410-02.svg"
976be6fc-7b57-4f00-a8b4-b1d3c5b34fc1	Balochistan flag	HapHaxion	CC0	illustration	wikimedia	svg	flag	"Balochistan flag" by HapHaxion is marked with CC0 1.0. To view the terms, visit https://creativecommons.org/publicdomain/zero/1.0/deed.en/.	curl -O "https://upload.wikimedia.org/wikipedia/commons/d/de/Balochistan_flag.svg"
125e2b22-3315-4084-bb66-fc63dc6ccfca	Flag of the Merina Kingdom	Samhanin	CC-BY 3.0	illustration	wikimedia	svg	flag	"Flag of the Merina Kingdom" by Samhanin is licensed under CC BY 3.0. To view a copy of this license, visit https://creativecommons.org/licenses/by/3.0/.	curl -O "https://upload.wikimedia.org/wikipedia/commons/7/78/Flag_of_the_Merina_Kingdom.svg"
479478fc-7ab7-4d5f-bf04-4b6295bb469d	Hessen KS flag	kgberger	CC-BY 2.5	illustration	wikimedia	svg	flag	"Hessen KS flag" by kgberger is licensed under CC BY 2.5. To view a copy of this license, visit https://creativecommons.org/licenses/by/2.5/.	curl -O "https://upload.wikimedia.org/wikipedia/commons/7/7c/Hessen_KS_flag.svg"
64acb4ae-77d3-4b1a-a3a8-684dcda274b1	Flag of Norway (c81329 for red & 14275b for blue)	Gutten på Hemsen	CC0	illustration	wikimedia	svg	flag	"Flag of Norway (c81329 for red & 14275b for blue)" by Gutten på Hemsen is marked with CC0 1.0. To view the terms, visit https://creativecommons.org/publicdomain/zero/1.0/deed.en/.	curl -O "https://upload.wikimedia.org/wikipedia/commons/1/1e/Flag_of_Norway_%28c81329_for_red_%26_14275b_for_blue%29.svg"
0135ec15-dcad-4902-83d3-153d547490b6	Flag of Northern Ireland (1953–1972, 3-2)	Sangjinhwa	CC0	illustration	wikimedia	svg	flag	"Flag of Northern Ireland (1953–1972, 3-2)" by Sangjinhwa is marked with CC0 1.0. To view the terms, visit https://creativecommons.org/publicdomain/zero/1.0/deed.en/.	curl -O "https://upload.wikimedia.org/wikipedia/commons/5/59/Flag_of_Northern_Ireland_%281953%E2%80%931972%2C_3-2%29.svg"
2b16c24d-14d9-407a-8e7b-5efec8a5cc1b	Flag of Portuguese Colony Governor	Jsobral	CC-BY 3.0	illustration	wikimedia	svg	flag	"Flag of Portuguese Colony Governor" by Jsobral is licensed under CC BY 3.0. To view a copy of this license, visit https://creativecommons.org/licenses/by/3.0/.	curl -O "https://upload.wikimedia.org/wikipedia/commons/a/a7/Flag_of_Portuguese_Colony_Governor.svg"
31c418e6-f45d-46d8-b11d-f74a7acd304c	Flag of Lagos	User:Lephilippe at en.wikipedia	CC-BY 3.0	illustration	wikimedia	svg	flag	"Flag of Lagos" by User:Lephilippe at en.wikipedia is licensed under CC BY 3.0. To view a copy of this license, visit https://creativecommons.org/licenses/by/3.0/.	curl -O "https://upload.wikimedia.org/wikipedia/commons/8/83/Flag_of_Lagos.svg"
1b14cab4-af5e-4a68-8ae0-989d1c51d0d8	Flag of the Brussels-Capital Region (1991–2015)	Ssolbergj	CC-BY 3.0	illustration	wikimedia	svg	flag	"Flag of the Brussels-Capital Region (1991–2015)" by Ssolbergj is licensed under CC BY 3.0. To view a copy of this license, visit https://creativecommons.org/licenses/by/3.0/.	curl -O "https://upload.wikimedia.org/wikipedia/commons/8/87/Flag_of_the_Brussels-Capital_Region_%281991%E2%80%932015%29.svg"
5de30ba8-d10d-4f81-aa3a-19ff34f0aa69	Flag map of Ulyanovsk Oblast	Мельников	CC-BY 4.0	illustration	wikimedia	svg	flag	"Flag map of Ulyanovsk Oblast" by Мельников is licensed under CC BY 4.0. To view a copy of this license, visit https://creativecommons.org/licenses/by/4.0/.	curl -O "https://upload.wikimedia.org/wikipedia/commons/a/ac/Flag_map_of_Ulyanovsk_Oblast.svg"
a15c98af-68c7-4669-9032-d46427b92678	Flag of Moravian Serbia	Samhanin	CC-BY 3.0	illustration	wikimedia	svg	flag	"Flag of Moravian Serbia" by Samhanin is licensed under CC BY 3.0. To view a copy of this license, visit https://creativecommons.org/licenses/by/3.0/.	curl -O "https://upload.wikimedia.org/wikipedia/commons/4/4c/Flag_of_Moravian_Serbia.svg"
8cb34dcb-d1ab-4ad9-87c7-138942cfebec	United states confederate flag hybrid	Bpmcneilly	CC0	illustration	wikimedia	svg	flag	"United states confederate flag hybrid" by Bpmcneilly is marked with CC0 1.0. To view the terms, visit https://creativecommons.org/publicdomain/zero/1.0/deed.en/.	curl -O "https://upload.wikimedia.org/wikipedia/commons/2/22/United_states_confederate_flag_hybrid.svg"
5089a293-f205-4b60-a52c-661e5d21075a	Flag of Auvergne	Patricia.fidi	CC0	illustration	wikimedia	svg	flag	"Flag of Auvergne" by Patricia.fidi is marked with CC0 1.0. To view the terms, visit https://creativecommons.org/publicdomain/zero/1.0/deed.en/.	curl -O "https://upload.wikimedia.org/wikipedia/commons/b/b4/Flag_of_Auvergne.svg"
bc1ee099-b229-415b-ad3a-7c1f89b48298	Flag-map of Komárom-Esztergom County	Thommy	CC0	illustration	wikimedia	svg	flag	"Flag-map of Komárom-Esztergom County" by Thommy is marked with CC0 1.0. To view the terms, visit https://creativecommons.org/publicdomain/zero/1.0/deed.en/.	curl -O "https://upload.wikimedia.org/wikipedia/commons/e/ea/Flag-map_of_Kom%C3%A1rom-Esztergom_County.svg"
794f477d-95bc-49f1-9856-e32b60f26d41	Flag-map of Szabolcs-Szatmár-Bereg County	Thommy	CC0	illustration	wikimedia	svg	flag	"Flag-map of Szabolcs-Szatmár-Bereg County" by Thommy is marked with CC0 1.0. To view the terms, visit https://creativecommons.org/publicdomain/zero/1.0/deed.en/.	curl -O "https://upload.wikimedia.org/wikipedia/commons/a/a3/Flag-map_of_Szabolcs-Szatm%C3%A1r-Bereg_County.svg"
61d2989a-4960-4b29-b7d5-d63c9ddd2c57	Flag of Italian Committee of National Liberation	F l a n k e r	CC-BY 3.0	illustration	wikimedia	svg	flag	"Flag of Italian Committee of National Liberation" by F l a n k e r is licensed under CC BY 3.0. To view a copy of this license, visit https://creativecommons.org/licenses/by/3.0/.	curl -O "https://upload.wikimedia.org/wikipedia/commons/2/2d/Flag_of_Italian_Committee_of_National_Liberation.svg"
53965290-a07d-4a45-a80c-01e39121ef2c	Flag map of Krasnodar Krai	Мельников	CC-BY 4.0	illustration	wikimedia	svg	flag	"Flag map of Krasnodar Krai" by Мельников is licensed under CC BY 4.0. To view a copy of this license, visit https://creativecommons.org/licenses/by/4.0/.	curl -O "https://upload.wikimedia.org/wikipedia/commons/4/4b/Flag_map_of_Krasnodar_Krai.svg"
a6fb29c7-256c-4a65-9d8d-92fc001e1083	Hazaras Waving Flag Icon	WeaponizingArchitecture	CC0	illustration	wikimedia	svg	flag	"Hazaras Waving Flag Icon" by WeaponizingArchitecture is marked with CC0 1.0. To view the terms, visit https://creativecommons.org/publicdomain/zero/1.0/deed.en/.	curl -O "https://upload.wikimedia.org/wikipedia/commons/d/d1/Hazaras_Waving_Flag_Icon.svg"
a60d4115-28ee-4cf9-b3ce-340df563977b	Flag of Anzoátegui State (original version)	Jlannons99	CC0	illustration	wikimedia	svg	flag	"Flag of Anzoátegui State (original version)" by Jlannons99 is marked with CC0 1.0. To view the terms, visit https://creativecommons.org/publicdomain/zero/1.0/deed.en/.	curl -O "https://upload.wikimedia.org/wikipedia/commons/0/03/Flag_of_Anzo%C3%A1tegui_State_%28original_version%29.svg"
7df0c72b-840e-44d4-aa14-26ee2f20d7db	Flag of Wallonia	Tom Lemmens	CC0	illustration	wikimedia	svg	flag	"Flag of Wallonia" by Tom Lemmens is marked with CC0 1.0. To view the terms, visit https://creativecommons.org/publicdomain/zero/1.0/deed.en/.	curl -O "https://upload.wikimedia.org/wikipedia/commons/4/42/Flag_of_Wallonia.svg"
44e79a04-eb87-4a6e-bb81-ad02d18a53c3	Sports flag icons - Red black bars with falcon	Original by Merson, vectorized by ReneeWrites	CC-BY 4.0	illustration	wikimedia	svg	flag	"Sports flag icons - Red black bars with falcon" by Original by Merson, vectorized by ReneeWrites is licensed under CC BY 4.0. To view a copy of this license, visit https://creativecommons.org/licenses/by/4.0/.	curl -O "https://upload.wikimedia.org/wikipedia/commons/9/90/Sports_flag_icons_-_Red_black_bars_with_falcon.svg"
7b222ea8-ef85-4bb2-8378-c15d13e9b805	Flag Azerbaijan template	Flag stub template by CGN2010Flag Azerbaijan template by ReneeWrites	CC-BY 4.0	illustration	wikimedia	svg	flag	"Flag Azerbaijan template" by Flag stub template by CGN2010Flag Azerbaijan template by ReneeWrites is licensed under CC BY 4.0. To view a copy of this license, visit https://creativecommons.org/licenses/by/4.0/.	curl -O "https://upload.wikimedia.org/wikipedia/commons/c/ca/Flag_Azerbaijan_template.svg"
5b4e0c97-c532-4c9e-bb21-8b45eb8e295f	Flag of the Popular Front (Spain)	R-41	CC0	illustration	wikimedia	svg	flag	"Flag of the Popular Front (Spain)" by R-41 is marked with CC0 1.0. To view the terms, visit https://creativecommons.org/publicdomain/zero/1.0/deed.en/.	curl -O "https://upload.wikimedia.org/wikipedia/commons/1/10/Flag_of_the_Popular_Front_%28Spain%29.svg"
5c067067-5810-45d4-ab37-c735765f261b	Flag-map of Hajdú-Bihar County	Thommy	CC0	illustration	wikimedia	svg	flag	"Flag-map of Hajdú-Bihar County" by Thommy is marked with CC0 1.0. To view the terms, visit https://creativecommons.org/publicdomain/zero/1.0/deed.en/.	curl -O "https://upload.wikimedia.org/wikipedia/commons/c/cd/Flag-map_of_Hajd%C3%BA-Bihar_County.svg"
c217aa43-03cf-4dd1-b7fd-a8f8c12efae5	Flag of Aceh Sultanate	Sebirkhan	CC0	illustration	wikimedia	svg	flag	"Flag of Aceh Sultanate" by Sebirkhan is marked with CC0 1.0. To view the terms, visit https://creativecommons.org/publicdomain/zero/1.0/deed.en/.	curl -O "https://upload.wikimedia.org/wikipedia/commons/d/d8/Flag_of_Aceh_Sultanate.svg"
b64d922b-fc47-4a6a-a3d2-0b76000cf0f2	Pakistan Tehreek-e-Insaf flag (25-32 ratio)	HapHaxion	CC0	illustration	wikimedia	svg	flag	"Pakistan Tehreek-e-Insaf flag (25-32 ratio)" by HapHaxion is marked with CC0 1.0. To view the terms, visit https://creativecommons.org/publicdomain/zero/1.0/deed.en/.	curl -O "https://upload.wikimedia.org/wikipedia/commons/3/3e/Pakistan_Tehreek-e-Insaf_flag_%2825-32_ratio%29.svg"
90eb99b0-b8fa-47cf-b104-a2cb5879d825	Lautaro flag	Al2	CC-BY 3.0	illustration	wikimedia	svg	flag	"Lautaro flag" by Al2 is licensed under CC BY 3.0. To view a copy of this license, visit https://creativecommons.org/licenses/by/3.0/.	curl -O "https://upload.wikimedia.org/wikipedia/commons/0/07/Lautaro_flag.svg"
393b46b2-4316-4283-bb28-75a7999e86ba	Flag of Lima	Huhsunqu	CC-BY 3.0	illustration	wikimedia	svg	flag	"Flag of Lima" by Huhsunqu is licensed under CC BY 3.0. To view a copy of this license, visit https://creativecommons.org/licenses/by/3.0/.	curl -O "https://upload.wikimedia.org/wikipedia/commons/c/c2/Flag_of_Lima.svg"
27e94860-9009-4a05-9435-d50160cd0622	Flag of Limousin	Patricia.fidi	CC0	illustration	wikimedia	svg	flag	"Flag of Limousin" by Patricia.fidi is marked with CC0 1.0. To view the terms, visit https://creativecommons.org/publicdomain/zero/1.0/deed.en/.	curl -O "https://upload.wikimedia.org/wikipedia/commons/3/36/Flag_of_Limousin.svg"
d795f430-bfc3-4d5d-a65b-48d39e574fc4	Kanem flag from dulcerta 1339-pt	4shizzal (talk · contribs)	CC0	illustration	wikimedia	svg	flag	"Kanem flag from dulcerta 1339-pt" by 4shizzal (talk · contribs) is marked with CC0 1.0. To view the terms, visit https://creativecommons.org/publicdomain/zero/1.0/deed.en/.	curl -O "https://upload.wikimedia.org/wikipedia/commons/4/49/Kanem_flag_from_dulcerta_1339-pt.svg"
01ea7519-f676-48f1-8ff3-02f3eed3e281	Eser flag (Въ борьбѣ обрѣтешь ты право свое!)	Dahn	CC-BY 4.0	illustration	wikimedia	svg	flag	"Eser flag (Въ борьбѣ обрѣтешь ты право свое!)" by Dahn is licensed under CC BY 4.0. To view a copy of this license, visit https://creativecommons.org/licenses/by/4.0/.	curl -O "https://upload.wikimedia.org/wikipedia/commons/1/16/Eser_flag_%28%D0%92%D1%8A_%D0%B1%D0%BE%D1%80%D1%8C%D0%B1%D1%A3_%D0%BE%D0%B1%D1%80%D1%A3%D1%82%D0%B5%D1%88%D1%8C_%D1%82%D1%8B_%D0%BF%D1%80%D0%B0%D0%B2%D0%BE_%D1%81%D0%B2%D0%BE%D0%B5%21%29.svg"
4289cf61-5877-4275-a56d-623726471654	Italian Communism Flags Symbol	Hstoops	CC0	illustration	wikimedia	svg	flag	"Italian Communism Flags Symbol" by Hstoops is marked with CC0 1.0. To view the terms, visit https://creativecommons.org/publicdomain/zero/1.0/deed.en/.	curl -O "https://upload.wikimedia.org/wikipedia/commons/0/07/Italian_Communism_Flags_Symbol.svg"
97acab0f-998d-44da-bd2e-c9ef610c1e46	Flag of Yangon Division	Mm_yangon.gif: Jolle derivative work: - Begoon (Talk)	CC-BY 3.0	illustration	wikimedia	svg	flag	"Flag of Yangon Division" by Mm_yangon.gif: Jolle derivative work: - Begoon (Talk) is licensed under CC BY 3.0. To view a copy of this license, visit https://creativecommons.org/licenses/by/3.0/.	curl -O "https://upload.wikimedia.org/wikipedia/commons/2/29/Flag_of_Yangon_Division.svg"
523dd062-1aad-4b4d-9fb3-cb434bf4ab12	Flag of Kakamigahara Gifu	Fred the Oyster	CC0	illustration	wikimedia	svg	flag	"Flag of Kakamigahara Gifu" by Fred the Oyster is marked with CC0 1.0. To view the terms, visit https://creativecommons.org/publicdomain/zero/1.0/deed.en/.	curl -O "https://upload.wikimedia.org/wikipedia/commons/d/da/Flag_of_Kakamigahara_Gifu.svg"
3b430a66-9c79-4106-b1bb-328901c941a3	Flag of New Caledonia with Emblem	CzarJobKhaya (talk)	CC-BY 2.5	illustration	wikimedia	svg	flag	"Flag of New Caledonia with Emblem" by CzarJobKhaya (talk) is licensed under CC BY 2.5. To view a copy of this license, visit https://creativecommons.org/licenses/by/2.5/.	curl -O "https://upload.wikimedia.org/wikipedia/commons/7/76/Flag_of_New_Caledonia_with_Emblem.svg"
d94cd6a9-ec01-4273-9e89-c97be01e4071	Flag-map of Jász-Nagykun-Szolnok County	Thommy	CC0	illustration	wikimedia	svg	flag	"Flag-map of Jász-Nagykun-Szolnok County" by Thommy is marked with CC0 1.0. To view the terms, visit https://creativecommons.org/publicdomain/zero/1.0/deed.en/.	curl -O "https://upload.wikimedia.org/wikipedia/commons/9/9d/Flag-map_of_J%C3%A1sz-Nagykun-Szolnok_County.svg"
93a0a63f-8401-4e02-b9bc-3e5b79f5d855	Flag-map of Békés County	Thommy	CC0	illustration	wikimedia	svg	flag	"Flag-map of Békés County" by Thommy is marked with CC0 1.0. To view the terms, visit https://creativecommons.org/publicdomain/zero/1.0/deed.en/.	curl -O "https://upload.wikimedia.org/wikipedia/commons/e/e0/Flag-map_of_B%C3%A9k%C3%A9s_County.svg"
e61f43e6-dd09-4811-9c56-1222b1c896b3	Temotu province flag	Zuanzuanfuwa	CC0	illustration	wikimedia	svg	flag	"Temotu province flag" by Zuanzuanfuwa is marked with CC0 1.0. To view the terms, visit https://creativecommons.org/publicdomain/zero/1.0/deed.en/.	curl -O "https://upload.wikimedia.org/wikipedia/commons/b/b3/Temotu_province_flag.svg"
0873b964-bb97-4b63-bd6c-426865ebaa49	Yellow and Blue Flag	Rehua	CC0	illustration	wikimedia	svg	flag	"Yellow and Blue Flag" by Rehua is marked with CC0 1.0. To view the terms, visit https://creativecommons.org/publicdomain/zero/1.0/deed.en/.	curl -O "https://upload.wikimedia.org/wikipedia/commons/0/05/Yellow_and_Blue_Flag.svg"
61cbac0e-2432-4dec-8d1e-e80c9a5616e0	Flag of the Democratic Administration of North and East Syria	AntonSamuel	CC-BY 4.0	illustration	wikimedia	svg	flag	"Flag of the Democratic Administration of North and East Syria" by AntonSamuel is licensed under CC BY 4.0. To view a copy of this license, visit https://creativecommons.org/licenses/by/4.0/.	curl -O "https://upload.wikimedia.org/wikipedia/commons/7/7a/Flag_of_the_Democratic_Administration_of_North_and_East_Syria.svg"
dccd123f-4a74-4bc7-8514-ac0c9512c433	Bengal subah flag (Nautical)	Flag digitised by Greatswrd	CC0	illustration	wikimedia	svg	flag	"Bengal subah flag (Nautical)" by Flag digitised by Greatswrd is marked with CC0 1.0. To view the terms, visit https://creativecommons.org/publicdomain/zero/1.0/deed.en/.	curl -O "https://upload.wikimedia.org/wikipedia/commons/6/6e/Bengal_subah_flag_%28Nautical%29.svg"
b3d160b9-e4b2-41e4-b888-7c21dfaa2ae6	Flag of World Taiwanese Congress	Lslovexeogi	CC0	illustration	wikimedia	svg	flag	"Flag of World Taiwanese Congress" by Lslovexeogi is marked with CC0 1.0. To view the terms, visit https://creativecommons.org/publicdomain/zero/1.0/deed.en/.	curl -O "https://upload.wikimedia.org/wikipedia/commons/3/36/Flag_of_World_Taiwanese_Congress.svg"
b0d00404-eebd-431a-b95b-eda77cd1a2a3	Flag orb Egypt	ReneeWrites	CC-BY 4.0	illustration	wikimedia	svg	flag	"Flag orb Egypt" by ReneeWrites is licensed under CC BY 4.0. To view a copy of this license, visit https://creativecommons.org/licenses/by/4.0/.	curl -O "https://upload.wikimedia.org/wikipedia/commons/2/22/Flag_orb_Egypt.svg"
feeb08d8-66b9-43c6-b0b2-0a4c97f313e5	Flag of Spain	Pedro A. Gracia Fajardo, escudo de Manual de Imagen Institucional de la Administración General del Estado	CC0	illustration	wikimedia	svg	flag	"Flag of Spain" by Pedro A. Gracia Fajardo, escudo de Manual de Imagen Institucional de la Administración General del Estado is marked with CC0 1.0. To view the terms, visit https://creativecommons.org/publicdomain/zero/1.0/deed.en.	curl -O "https://upload.wikimedia.org/wikipedia/commons/9/9a/Flag_of_Spain.svg"
5c5c530b-c3a7-446c-85c3-7a9420531f7a	Noun Scroll 308110	stefano corradetti	CC-BY 4.0	illustration	wikimedia	svg	scroll	"Noun Scroll 308110" by stefano corradetti is licensed under CC BY 4.0. To view a copy of this license, visit https://creativecommons.org/licenses/by/4.0/.	curl -O "https://upload.wikimedia.org/wikipedia/commons/d/d5/Noun_Scroll_308110.svg"
98aba5ff-acce-42bd-9dde-6dff8aec761e	Question mark on a scroll	Jan Ainali	CC-BY 4.0	illustration	wikimedia	svg	scroll	"Question mark on a scroll" by Jan Ainali is licensed under CC BY 4.0. To view a copy of this license, visit https://creativecommons.org/licenses/by/4.0/.	curl -O "https://upload.wikimedia.org/wikipedia/commons/4/47/Question_mark_on_a_scroll.svg"
7e50fb7e-c6e3-49d3-9709-af511b6e4c9d	Noun project - Scroll	stefano corradetti	CC-BY 3.0	illustration	wikimedia	svg	scroll	"Noun project - Scroll" by stefano corradetti is licensed under CC BY 3.0. To view a copy of this license, visit https://creativecommons.org/licenses/by/3.0/us/deed.en/.	curl -O "https://upload.wikimedia.org/wikipedia/commons/0/0b/Noun_project_-_Scroll.svg"
6d7ac370-1ba0-4332-907a-db0cb12a32a3	Scroll icon EGWUG	Ibrahim.ID	CC-BY 4.0	illustration	wikimedia	svg	scroll	"Scroll icon EGWUG" by Ibrahim.ID is licensed under CC BY 4.0. To view a copy of this license, visit https://creativecommons.org/licenses/by/4.0/.	curl -O "https://upload.wikimedia.org/wikipedia/commons/1/1d/Scroll_icon_EGWUG.svg"
b7fcd0cc-76b0-49cd-8709-858f1e57d713	Paper Scroll 4	OpenClipart	CC0	illustration	wikimedia	svg	scroll	"Paper Scroll 4" by OpenClipart is marked with CC0 1.0. To view the terms, visit https://creativecommons.org/publicdomain/zero/1.0/deed.en/.	curl -O "https://upload.wikimedia.org/wikipedia/commons/7/7c/Paper_Scroll_4.svg"
5405c9c1-52f9-4d02-b009-09d85fad4589	Scroll banner png sticker illustration	?	CC0	illustration	rawpixel	png	scroll	"Scroll banner png sticker illustration" is marked with CC0 1.0. To view the terms, visit https://creativecommons.org/publicdomain/zero/1.0/.	curl -O "https://images.rawpixel.com/image_png_1300/cHJpdmF0ZS9sci9pbWFnZXMvd2Vic2l0ZS8yMDIyLTA3L2pvYjk0OS0yNDEtcC5wbmc.png"
1895a3d4-b628-4ed6-b5bf-3e0e3d6abe55	Scroll banner collage element, drawing	?	CC0	illustration	rawpixel	eps	scroll	"Scroll banner collage element, drawing" is marked with CC0 1.0. To view the terms, visit https://creativecommons.org/publicdomain/zero/1.0/.	curl -O "https://images.rawpixel.com/editor_1024/cHJpdmF0ZS9sci9pbWFnZXMvd2Vic2l0ZS8yMDIyLTA3L2pvYjk0OS0yNDEtdi5qcGc.jpg"
e88743ab-f1ec-47c1-9ab5-d96fc101e435	Diploma scroll clipart, paper illustration	?	CC0	illustration	rawpixel	jpg	scroll	"Diploma scroll clipart, paper illustration" is marked with CC0 1.0. To view the terms, visit https://creativecommons.org/publicdomain/zero/1.0/.	curl -O "https://images.rawpixel.com/editor_1024/cHJpdmF0ZS9sci9pbWFnZXMvd2Vic2l0ZS8yMDIyLTA0L2pvYjY4Ni0xNzcteC5qcGc.jpg"
b09fe823-97f6-4d7c-94fe-e6ac3d95f2bd	Paper scroll png sticker illustration	?	CC0	illustration	rawpixel	png	scroll	"Paper scroll png sticker illustration" is marked with CC0 1.0. To view the terms, visit https://creativecommons.org/publicdomain/zero/1.0/.	curl -O "https://images.rawpixel.com/image_png_1300/cHJpdmF0ZS9sci9pbWFnZXMvd2Vic2l0ZS8yMDIyLTA1L2pvYjcxNi0xMTktcC5wbmc.png"
495a0a08-a540-4095-8e12-d190b03beac7	PNG Scroll law, clipart, transparent	Miiruuku	CC0	illustration	rawpixel	png	scroll	"PNG Scroll law, clipart, transparent" by Miiruuku is marked with CC0 1.0. To view the terms, visit https://creativecommons.org/publicdomain/zero/1.0/.	curl -O "https://images.rawpixel.com/image_png_1300/cHJpdmF0ZS9sci9pbWFnZXMvd2Vic2l0ZS8yMDIzLTA1L2pvYjk2NS1lbGVtZW50LTc3LXBfMS5wbmc.png"
4bba91c3-2454-451a-8c8f-57d2d4a54f90	Diploma scroll png sticker, transparent	?	CC0	illustration	rawpixel	png	scroll	"Diploma scroll png sticker, transparent" is marked with CC0 1.0. To view the terms, visit https://creativecommons.org/publicdomain/zero/1.0/.	curl -O "https://images.rawpixel.com/image_png_1300/cHJpdmF0ZS9sci9pbWFnZXMvd2Vic2l0ZS8yMDIyLTA2L2pvYjk0Ny0yMzgucG5n.png"
24df034b-a7ff-45f3-bdbd-9d5781096487	Antique scroll hand drawn illustration	?	CC0	illustration	rawpixel	jpg	scroll	"Antique scroll hand drawn illustration" is marked with CC0 1.0. To view the terms, visit https://creativecommons.org/publicdomain/zero/1.0/.	curl -O "https://images.rawpixel.com/editor_1024/czNmcy1wcml2YXRlL3Jhd3BpeGVsX2ltYWdlcy93ZWJzaXRlX2NvbnRlbnQvam9iNjY3LTEwOS14XzEuanBn.jpg"
10d3e8ca-f58c-481c-a8f2-b5b0e49a8cf6	Diploma scroll clipart, illustration vector	?	CC0	illustration	rawpixel	eps	scroll	"Diploma scroll clipart, illustration vector" is marked with CC0 1.0. To view the terms, visit https://creativecommons.org/publicdomain/zero/1.0/.	curl -O "https://images.rawpixel.com/editor_1024/cHJpdmF0ZS9sci9pbWFnZXMvd2Vic2l0ZS8yMDIyLTA2L2pvYjk0Ny0yMzgtbDQzdGExdHMuanBn.jpg"
0339d7b5-4478-4965-b1e5-47f8f3282031	Paper scroll clipart, vintage hand	?	CC0	illustration	rawpixel	eps	scroll	"Paper scroll clipart, vintage hand" is marked with CC0 1.0. To view the terms, visit https://creativecommons.org/publicdomain/zero/1.0/.	curl -O "https://images.rawpixel.com/editor_1024/cHJpdmF0ZS9sci9pbWFnZXMvd2Vic2l0ZS8yMDIyLTA1L2pvYjcxNi0xMTktdi5qcGc.jpg"
241fbd91-2d33-4f51-977f-6a1a108acfa1	Paper scroll vintage illustration	?	CC0	illustration	rawpixel	jpg	scroll	"Paper scroll vintage illustration" is marked with CC0 1.0. To view the terms, visit https://creativecommons.org/publicdomain/zero/1.0/.	curl -O "https://images.rawpixel.com/editor_1024/cHJpdmF0ZS9sci9pbWFnZXMvd2Vic2l0ZS8yMDIyLTA1L2pvYjcxNi0xMTkteC5qcGc.jpg"
8fa7e6a9-a712-4c5f-b057-0e859ec2713b	Scroll law collage element vector	Miiruuku	CC0	illustration	rawpixel	eps	scroll	"Scroll law collage element vector" by Miiruuku is marked with CC0 1.0. To view the terms, visit https://creativecommons.org/publicdomain/zero/1.0/.	curl -O "https://images.rawpixel.com/editor_1024/cHJpdmF0ZS9sci9pbWFnZXMvd2Vic2l0ZS8yMDIzLTA1L2pvYjk2NS1lbGVtZW50LTc3LXYuanBn.jpg"
8c0dcc6e-ddbb-4423-8656-1055d951953b	Scroll-quill - Delapouite - game-icons	Delapouite	CC-BY 3.0	illustration	wikimedia	svg	scroll	"Scroll-quill - Delapouite - game-icons" by Delapouite is licensed under CC BY 3.0. To view a copy of this license, visit https://creativecommons.org/licenses/by/3.0/.	curl -O "https://upload.wikimedia.org/wikipedia/commons/b/bb/Scroll-quill_-_Delapouite_-_game-icons.svg"
d4db37ba-1512-456a-9c6f-340b8d5d57c2	Noun Project Pirate Scroll icon 1856699	Made, AU	CC-BY 3.0	illustration	wikimedia	svg	scroll	"Noun Project Pirate Scroll icon 1856699" by Made, AU is licensed under CC BY 3.0. To view a copy of this license, visit https://creativecommons.org/licenses/by/3.0/.	curl -O "https://upload.wikimedia.org/wikipedia/commons/c/cd/Noun_Project_Pirate_Scroll_icon_1856699.svg"
e30eb334-b8c4-4d31-aea3-107b66d1a4d8	Tied-scroll - Lorc - white - game-icons	Lorc	CC-BY 3.0	illustration	wikimedia	svg	scroll	"Tied-scroll - Lorc - white - game-icons" by Lorc is licensed under CC BY 3.0. To view a copy of this license, visit https://creativecommons.org/licenses/by/3.0/.	curl -O "https://upload.wikimedia.org/wikipedia/commons/c/c4/Tied-scroll_-_Lorc_-_white_-_game-icons.svg"
994e242d-19ed-4ea2-9617-f58e0a8d4261	Scroll Wheel (58407) - The Noun Project	Zachary Weston Lewis	CC0	illustration	wikimedia	svg	scroll	"Scroll Wheel (58407) - The Noun Project" by Zachary Weston Lewis is marked with CC0 1.0. To view the terms, visit https://creativecommons.org/publicdomain/zero/1.0/deed.en/.	curl -O "https://upload.wikimedia.org/wikipedia/commons/5/56/Scroll_Wheel_%2858407%29_-_The_Noun_Project.svg"
043402a9-964a-4486-ae6a-dab702f387f6	Diploma scroll clipart, illustration	?	CC0	illustration	rawpixel	jpg	scroll	"Diploma scroll clipart, illustration" is marked with CC0 1.0. To view the terms, visit https://creativecommons.org/publicdomain/zero/1.0/.	curl -O "https://images.rawpixel.com/editor_1024/cHJpdmF0ZS9sci9pbWFnZXMvd2Vic2l0ZS8yMDIyLTA2L2pvYjk0Ny0yMzgteC5qcGc.jpg"
801a96c5-e9ab-45c6-80d7-3f80fdcd4cfd	Scroll-unfurled - Lorc - game-icons	Lorc	CC-BY 3.0	illustration	wikimedia	svg	scroll	"Scroll-unfurled - Lorc - game-icons" by Lorc is licensed under CC BY 3.0. To view a copy of this license, visit https://creativecommons.org/licenses/by/3.0/.	curl -O "https://upload.wikimedia.org/wikipedia/commons/6/6f/Scroll-unfurled_-_Lorc_-_game-icons.svg"
29ebb6dd-3f3e-46da-a614-7fd3bc613061	Copyright laws scroll collage element	Miiruuku	CC0	illustration	rawpixel	eps	scroll	"Copyright laws scroll collage element" by Miiruuku is marked with CC0 1.0. To view the terms, visit https://creativecommons.org/publicdomain/zero/1.0/.	curl -O "https://images.rawpixel.com/editor_1024/cHJpdmF0ZS9sci9pbWFnZXMvd2Vic2l0ZS8yMDIzLTA1L2pvYjk2NS1lbGVtZW50LTc2LXYuanBn.jpg"
30168257-257e-40f3-b6ff-df76517ac902	Graduation scroll sticker, stationery illustration	?	CC0	illustration	rawpixel	eps	scroll	"Graduation scroll sticker, stationery illustration" is marked with CC0 1.0. To view the terms, visit https://creativecommons.org/publicdomain/zero/1.0/.	curl -O "https://images.rawpixel.com/editor_1024/cHJpdmF0ZS9sci9pbWFnZXMvd2Vic2l0ZS8yMDIyLTA0L2pvYjY4NS0xNDctbDI4ZW4xbXEuanBn.jpg"
c5076b99-af3b-4b60-bdeb-c87bf2221784	Dead Sea Scrolls	Editor B	CC-BY 4.0	illustration	wikimedia	svg	scroll	"Dead Sea Scrolls" by Editor B is licensed under CC BY 4.0. To view a copy of this license, visit https://creativecommons.org/licenses/by/4.0/.	curl -O "https://upload.wikimedia.org/wikipedia/commons/6/69/Dead_Sea_Scrolls.svg"
6becfbcb-76cf-40f2-8b3e-631a2e05d1ca	Tied-scroll - Lorc - game-icons	Lorc	CC-BY 3.0	illustration	wikimedia	svg	scroll	"Tied-scroll - Lorc - game-icons" by Lorc is licensed under CC BY 3.0. To view a copy of this license, visit https://creativecommons.org/licenses/by/3.0/.	curl -O "https://upload.wikimedia.org/wikipedia/commons/7/77/Tied-scroll_-_Lorc_-_game-icons.svg"
383025ab-6bda-434e-a840-a47814243758	Scroll Wheel (58404) - The Noun Project	Zachary Weston Lewis	CC0	illustration	wikimedia	svg	scroll	"Scroll Wheel (58404) - The Noun Project" by Zachary Weston Lewis is marked with CC0 1.0. To view the terms, visit https://creativecommons.org/publicdomain/zero/1.0/deed.en/.	curl -O "https://upload.wikimedia.org/wikipedia/commons/9/9c/Scroll_Wheel_%2858404%29_-_The_Noun_Project.svg"
9fec05fc-e5e0-4a86-a0ba-c81742d37114	Self-overlapping motto scroll 2	燃灯	CC-BY 4.0	illustration	wikimedia	svg	scroll	"Self-overlapping motto scroll 2" by 燃灯 is licensed under CC BY 4.0. To view a copy of this license, visit https://creativecommons.org/licenses/by/4.0/.	curl -O "https://upload.wikimedia.org/wikipedia/commons/1/10/Self-overlapping_motto_scroll_2.svg"
bcf78d6e-5a89-4d02-a446-9d4c1a1c5092	Ketef Hinnom KH2 Scroll	Editor B	CC-BY 4.0	illustration	wikimedia	svg	scroll	"Ketef Hinnom KH2 Scroll" by Editor B is licensed under CC BY 4.0. To view a copy of this license, visit https://creativecommons.org/licenses/by/4.0/.	curl -O "https://upload.wikimedia.org/wikipedia/commons/6/6e/Ketef_Hinnom_KH2_Scroll.svg"
82682a98-2268-4edc-82b1-552f9204749d	Scroll-quill - Delapouite - white - game-icons	Delapouite	CC-BY 3.0	illustration	wikimedia	svg	scroll	"Scroll-quill - Delapouite - white - game-icons" by Delapouite is licensed under CC BY 3.0. To view a copy of this license, visit https://creativecommons.org/licenses/by/3.0/.	curl -O "https://upload.wikimedia.org/wikipedia/commons/a/a9/Scroll-quill_-_Delapouite_-_white_-_game-icons.svg"
8cfcb8d7-ed2f-496e-bc9c-4ab27c3731f4	PNG Copyright laws scroll, clipart	Miiruuku	CC0	illustration	rawpixel	png	scroll	"PNG Copyright laws scroll, clipart" by Miiruuku is marked with CC0 1.0. To view the terms, visit https://creativecommons.org/publicdomain/zero/1.0/.	curl -O "https://images.rawpixel.com/image_png_1300/cHJpdmF0ZS9sci9pbWFnZXMvd2Vic2l0ZS8yMDIzLTA1L2pvYjk2NS1lbGVtZW50LTc2LXBfMS5wbmc.png"
16652114-4333-460d-89ea-568a7623dcc3	Scroll-unfurled - Lorc - white - game-icons	Lorc	CC-BY 3.0	illustration	wikimedia	svg	scroll	"Scroll-unfurled - Lorc - white - game-icons" by Lorc is licensed under CC BY 3.0. To view a copy of this license, visit https://creativecommons.org/licenses/by/3.0/.	curl -O "https://upload.wikimedia.org/wikipedia/commons/9/91/Scroll-unfurled_-_Lorc_-_white_-_game-icons.svg"
b7408395-36b8-43ce-bc66-b80797ad39c2	Graduation scroll clipart, stationery illustration	?	CC0	illustration	rawpixel	jpg	scroll	"Graduation scroll clipart, stationery illustration" is marked with CC0 1.0. To view the terms, visit https://creativecommons.org/publicdomain/zero/1.0/.	curl -O "https://images.rawpixel.com/editor_1024/cHJpdmF0ZS9sci9pbWFnZXMvd2Vic2l0ZS8yMDIyLTA0L2pvYjY4NS0xNDcteF8xLmpwZw.jpg"
c75cb762-9185-4ad2-811a-b51002756062	Paper Scroll 1	OpenClipart	CC0	illustration	wikimedia	svg	scroll	"Paper Scroll 1" by OpenClipart is marked with CC0 1.0. To view the terms, visit https://creativecommons.org/publicdomain/zero/1.0/deed.en/.	curl -O "https://upload.wikimedia.org/wikipedia/commons/d/da/Paper_Scroll_1.svg"
63589180-1fa0-4f66-9cbe-640179cc03e1	Graduation cap clipart, paper scroll	?	CC0	illustration	rawpixel	jpg	scroll	"Graduation cap clipart, paper scroll" is marked with CC0 1.0. To view the terms, visit https://creativecommons.org/publicdomain/zero/1.0/.	curl -O "https://images.rawpixel.com/editor_1024/czNmcy1wcml2YXRlL3Jhd3BpeGVsX2ltYWdlcy93ZWJzaXRlX2NvbnRlbnQvbHIvam9iNjg0LTE3OS14LmpwZw.jpg"
750aeea0-75fe-4814-b392-998bb2d71b85	Diploma scroll clipart, paper illustration	?	CC0	illustration	rawpixel	eps	scroll	"Diploma scroll clipart, paper illustration" is marked with CC0 1.0. To view the terms, visit https://creativecommons.org/publicdomain/zero/1.0/.	curl -O "https://images.rawpixel.com/editor_1024/cHJpdmF0ZS9sci9pbWFnZXMvd2Vic2l0ZS8yMDIyLTA0L2pvYjY4Ni0xNzctdi5qcGc.jpg"
324b5cf5-8ba8-4615-a2a7-d27c67b55ef2	Two button computer mouse with scroll wheel Pinhead icon	GitHub user @ooosssay	CC0	illustration	wikimedia	svg	scroll	"Two button computer mouse with scroll wheel Pinhead icon" by GitHub user @ooosssay is marked with CC0 1.0. To view the terms, visit https://creativecommons.org/publicdomain/zero/1.0/deed.en/.	curl -O "https://upload.wikimedia.org/wikipedia/commons/1/14/Two_button_computer_mouse_with_scroll_wheel_Pinhead_icon.svg"
ad55963d-3e58-4083-95fe-6f629bac7062	Blank heraldic scroll	Dgp4004	CC0	illustration	wikimedia	svg	scroll	"Blank heraldic scroll" by Dgp4004 is marked with CC0 1.0. To view the terms, visit https://creativecommons.org/publicdomain/zero/1.0/deed.en/.	curl -O "https://upload.wikimedia.org/wikipedia/commons/3/32/Blank_heraldic_scroll.svg"
99d09566-cb32-4035-9bfc-932747ee8e8a	Paper Scroll 2	OpenClipart	CC0	illustration	wikimedia	svg	scroll	"Paper Scroll 2" by OpenClipart is marked with CC0 1.0. To view the terms, visit https://creativecommons.org/publicdomain/zero/1.0/deed.en/.	curl -O "https://upload.wikimedia.org/wikipedia/commons/1/1a/Paper_Scroll_2.svg"
c5b8ef6d-64d2-4e72-b7e1-336785fd6943	Touchpad gestures scroll up+down right	Ccompagnon	CC0	illustration	wikimedia	svg	scroll	"Touchpad gestures scroll up+down right" by Ccompagnon is marked with CC0 1.0. To view the terms, visit https://creativecommons.org/publicdomain/zero/1.0/deed.en/.	curl -O "https://upload.wikimedia.org/wikipedia/commons/0/00/Touchpad_gestures_scroll_up%2Bdown_right.svg"
1d41449d-fdc1-4e1a-9adc-c049b3705852	Scroll banner drawing illustration	?	CC0	illustration	rawpixel	jpg	scroll	"Scroll banner drawing illustration" is marked with CC0 1.0. To view the terms, visit https://creativecommons.org/publicdomain/zero/1.0/.	curl -O "https://images.rawpixel.com/editor_1024/cHJpdmF0ZS9sci9pbWFnZXMvd2Vic2l0ZS8yMDIyLTA3L2pvYjk0OS0yNDEteC5qcGc.jpg"
24804318-d7f5-4807-a794-72478ec9a75f	Scroll-Ribbon	Christopher J. Fynn	CC0	illustration	wikimedia	svg	scroll	"Scroll-Ribbon" by Christopher J. Fynn is marked with CC0 1.0. To view the terms, visit https://creativecommons.org/publicdomain/zero/1.0/deed.en.	curl -O "https://upload.wikimedia.org/wikipedia/commons/a/af/Scroll-Ribbon.svg"
5a23b8c2-176d-4b7d-823f-47701d2f451a	Paper Scroll 3	OpenClipart	CC0	illustration	wikimedia	svg	scroll	"Paper Scroll 3" by OpenClipart is marked with CC0 1.0. To view the terms, visit https://creativecommons.org/publicdomain/zero/1.0/deed.en/.	curl -O "https://upload.wikimedia.org/wikipedia/commons/2/2c/Paper_Scroll_3.svg"
2d419b69-19fb-4bec-bb61-18fa2059d798	715-scroll	https://twitter.com/webalys	CC-BY 4.0	illustration	wikimedia	svg	scroll	"715-scroll" by https://twitter.com/webalys is licensed under CC BY 4.0. To view a copy of this license, visit https://creativecommons.org/licenses/by/4.0/.	curl -O "https://upload.wikimedia.org/wikipedia/commons/d/dc/715-scroll.svg"
893aef0a-26fb-4d33-a796-f9a3ec09c4d8	Colibre – starshapes.vertical-scroll	Andreas Kainz <kainz.agmail.com> (see the license.txt file in the LibreOffice software)	CC0	illustration	wikimedia	svg	scroll	"Colibre – starshapes.vertical-scroll" by Andreas Kainz <kainz.agmail.com> (see the license.txt file in the LibreOffice software) is marked with CC0 1.0. To view the terms, visit https://creativecommons.org/publicdomain/zero/1.0/deed.en/.	curl -O "https://upload.wikimedia.org/wikipedia/commons/7/75/Colibre_%E2%80%93_starshapes.vertical-scroll.svg"
c046ee50-d311-4a12-b641-81cea0f71f59	Colibre – lc starshapes.horizontal-scroll	Andreas Kainz <kainz.agmail.com> (see the license.txt file in the LibreOffice software)	CC0	illustration	wikimedia	svg	scroll	"Colibre – lc starshapes.horizontal-scroll" by Andreas Kainz <kainz.agmail.com> (see the license.txt file in the LibreOffice software) is marked with CC0 1.0. To view the terms, visit https://creativecommons.org/publicdomain/zero/1.0/deed.en/.	curl -O "https://upload.wikimedia.org/wikipedia/commons/3/34/Colibre_%E2%80%93_lc_starshapes.horizontal-scroll.svg"
6b58186d-1b2d-4c53-a387-17ea2ad6a4c5	Font Awesome 5 solid scroll	Font Awesome	CC-BY 4.0	illustration	wikimedia	svg	scroll	"Font Awesome 5 solid scroll" by Font Awesome is licensed under CC BY 4.0. To view a copy of this license, visit https://creativecommons.org/licenses/by/4.0/.	curl -O "https://upload.wikimedia.org/wikipedia/commons/8/8b/Font_Awesome_5_solid_scroll.svg"
2cc868d9-4d5f-4570-8cb4-55169fcae705	Colibre – sc starshapes.vertical-scroll	Andreas Kainz <kainz.agmail.com> (see the license.txt file in the LibreOffice software)	CC0	illustration	wikimedia	svg	scroll	"Colibre – sc starshapes.vertical-scroll" by Andreas Kainz <kainz.agmail.com> (see the license.txt file in the LibreOffice software) is marked with CC0 1.0. To view the terms, visit https://creativecommons.org/publicdomain/zero/1.0/deed.en/.	curl -O "https://upload.wikimedia.org/wikipedia/commons/e/e3/Colibre_%E2%80%93_sc_starshapes.vertical-scroll.svg"
ce4333ac-0b72-4142-a183-08bf2eeb2401	Colibre – starshapes.horizontal-scroll	Andreas Kainz <kainz.agmail.com> (see the license.txt file in the LibreOffice software)	CC0	illustration	wikimedia	svg	scroll	"Colibre – starshapes.horizontal-scroll" by Andreas Kainz <kainz.agmail.com> (see the license.txt file in the LibreOffice software) is marked with CC0 1.0. To view the terms, visit https://creativecommons.org/publicdomain/zero/1.0/deed.en/.	curl -O "https://upload.wikimedia.org/wikipedia/commons/c/c0/Colibre_%E2%80%93_starshapes.horizontal-scroll.svg"
9b759197-27f7-4165-8c1a-43f48714c865	Sealed Scroll	No-IP-Art	CC0	illustration	wikimedia	svg	scroll	"Sealed Scroll" by No-IP-Art is marked with CC0 1.0. To view the terms, visit https://creativecommons.org/publicdomain/zero/1.0/deed.en/.	curl -O "https://upload.wikimedia.org/wikipedia/commons/3/36/Sealed_Scroll.svg"
fc193129-4cba-4b81-9b5d-bcfaa1c97171	Colibre – lc starshapes.vertical-scroll	Andreas Kainz <kainz.agmail.com> (see the license.txt file in the LibreOffice software)	CC0	illustration	wikimedia	svg	scroll	"Colibre – lc starshapes.vertical-scroll" by Andreas Kainz <kainz.agmail.com> (see the license.txt file in the LibreOffice software) is marked with CC0 1.0. To view the terms, visit https://creativecommons.org/publicdomain/zero/1.0/deed.en/.	curl -O "https://upload.wikimedia.org/wikipedia/commons/7/71/Colibre_%E2%80%93_lc_starshapes.vertical-scroll.svg"
b38e06d7-8e9a-45bd-ab13-f12e77ac4f58	Colibre – sc starshapes.horizontal-scroll	Andreas Kainz <kainz.agmail.com> (see the license.txt file in the LibreOffice software)	CC0	illustration	wikimedia	svg	scroll	"Colibre – sc starshapes.horizontal-scroll" by Andreas Kainz <kainz.agmail.com> (see the license.txt file in the LibreOffice software) is marked with CC0 1.0. To view the terms, visit https://creativecommons.org/publicdomain/zero/1.0/deed.en/.	curl -O "https://upload.wikimedia.org/wikipedia/commons/4/48/Colibre_%E2%80%93_sc_starshapes.horizontal-scroll.svg"
58888eda-8652-4313-b9a1-ec672a0cba9a	Coat of arms of Palestine	Colohisto	CC0	illustration	wikimedia	svg	scroll	"Coat of arms of Palestine" by Colohisto is marked with CC0 1.0. To view the terms, visit https://creativecommons.org/publicdomain/zero/1.0/deed.en/.	curl -O "https://upload.wikimedia.org/wikipedia/commons/6/6c/Coat_of_arms_of_Palestine.svg"
a3aee3b5-1444-428a-a9b2-daf179bcba21	Statement icon (The Noun Project)	Veysel Kara	CC-BY 3.0	illustration	wikimedia	svg	scroll	"Statement icon (The Noun Project)" by Veysel Kara is licensed under CC BY 3.0. To view a copy of this license, visit https://creativecommons.org/licenses/by/3.0/.	curl -O "https://upload.wikimedia.org/wikipedia/commons/5/50/Statement_icon_%28The_Noun_Project%29.svg"
fa867054-501e-49f9-84b5-879b96638c62	Coat of arms of Jeffrey Scott Grob, Archbishop of Milwaukee	Linestamp with elements from SajoR	CC0	illustration	wikimedia	svg	scroll	"Coat of arms of Jeffrey Scott Grob, Archbishop of Milwaukee" by Linestamp with elements from SajoR is marked with CC0 1.0. To view the terms, visit https://creativecommons.org/publicdomain/zero/1.0/deed.en/.	curl -O "https://upload.wikimedia.org/wikipedia/commons/3/39/Coat_of_arms_of_Jeffrey_Scott_Grob%2C_Archbishop_of_Milwaukee.svg"
fded6659-6b93-4581-8882-4aa03e93acd9	Two Teotihuacan Stick-ball players Tepantitla 1	Madman2001	CC-BY 3.0	illustration	wikimedia	svg	scroll	"Two Teotihuacan Stick-ball players Tepantitla 1" by Madman2001 is licensed under CC BY 3.0. To view a copy of this license, visit https://creativecommons.org/licenses/by/3.0/.	curl -O "https://upload.wikimedia.org/wikipedia/commons/9/97/Two_Teotihuacan_Stick-ball_players_Tepantitla_1.svg"
452648ee-1a0b-4230-8532-a11013479d03	酒 王鐸 送白玉-草	Quinlan718	CC0	illustration	wikimedia	svg	scroll	"酒 王鐸 送白玉-草" by Quinlan718 is marked with CC0 1.0. To view the terms, visit https://creativecommons.org/publicdomain/zero/1.0/deed.en/.	curl -O "https://upload.wikimedia.org/wikipedia/commons/7/7a/%E9%85%92_%E7%8E%8B%E9%90%B8_%E9%80%81%E7%99%BD%E7%8E%89-%E8%8D%89.svg"
5e055866-11c0-4024-bac8-e440fd84c748	Bleak Falls Barrow (no outline)	Anidae	CC0	illustration	wikimedia	svg	scroll	"Bleak Falls Barrow (no outline)" by Anidae is marked with CC0 1.0. To view the terms, visit https://creativecommons.org/publicdomain/zero/1.0/deed.en/.	curl -O "https://upload.wikimedia.org/wikipedia/commons/9/91/Bleak_Falls_Barrow_%28no_outline%29.svg"
5dee1728-2588-43ee-afb8-ceb89da2c20b	The Whole Torah	פֿינצטערניש	CC0	illustration	wikimedia	svg	scroll	"The Whole Torah" by פֿינצטערניש is marked with CC0 1.0. To view the terms, visit https://creativecommons.org/publicdomain/zero/1.0/deed.en/.	curl -O "https://upload.wikimedia.org/wikipedia/commons/3/3c/The_Whole_Torah.svg"
503699c6-0e7c-430f-9bad-5012b07c53b2	Guinea-Bissau physical map	Urutseg	CC0	illustration	wikimedia	svg	map	"Guinea-Bissau physical map" by Urutseg is marked with CC0 1.0. To view the terms, visit https://creativecommons.org/publicdomain/zero/1.0/deed.en/.	curl -O "https://upload.wikimedia.org/wikipedia/commons/5/58/Guinea-Bissau_physical_map.svg"
f451a258-66eb-4990-bbef-ed48dcef6871	Map of U.S. - MT	This version: uploaderBase versions this one is derived from: originally created by en:User:Wapcaplet	CC-BY 2.0	illustration	wikimedia	svg	map	"Map of U.S. - MT" by This version: uploaderBase versions this one is derived from: originally created by en:User:Wapcaplet is licensed under CC BY 2.0. To view a copy of this license, visit https://creativecommons.org/licenses/by/2.0/.	curl -O "https://upload.wikimedia.org/wikipedia/commons/3/3a/Map_of_U.S._-_MT.svg"
6a3f8052-8423-4d0c-b75f-0d484ba6bb37	Brazil Rio Grande do Sul location map	RioGrandedoSul_MesoMicroMunicip.svg: Raphael Lorenzeto de Abreu derivative work: Milenioscuro (talk)	CC-BY 2.5	illustration	wikimedia	svg	map	"Brazil Rio Grande do Sul location map" by RioGrandedoSul_MesoMicroMunicip.svg: Raphael Lorenzeto de Abreu derivative work: Milenioscuro (talk) is licensed under CC BY 2.5. To view a copy of this license, visit https://creativecommons.org/licenses/by/2.5/.	curl -O "https://upload.wikimedia.org/wikipedia/commons/4/4d/Brazil_Rio_Grande_do_Sul_location_map.svg"
e2e83bac-2a69-4f54-b140-b2ff733bb649	Vietnam adm location map	Milenioscuro	CC-BY 4.0	illustration	wikimedia	svg	map	"Vietnam adm location map" by Milenioscuro is licensed under CC BY 4.0. To view a copy of this license, visit https://creativecommons.org/licenses/by/4.0/.	curl -O "https://upload.wikimedia.org/wikipedia/commons/f/f1/Vietnam_adm_location_map.svg"
ca71b0c0-4fb5-4c4c-a0df-337e86411c8f	Map of USA PA	Huebi	CC-BY 2.0	illustration	wikimedia	svg	map	"Map of USA PA" by Huebi is licensed under CC BY 2.0. To view a copy of this license, visit https://creativecommons.org/licenses/by/2.0/.	curl -O "https://upload.wikimedia.org/wikipedia/commons/b/bf/Map_of_USA_PA.svg"
c0e07c6a-fd7d-4607-8974-a5cd7bcec373	Brazil Espirito Santo location map	EspiritoSanto_MesoMicroMunicip.svg: Raphael Lorenzeto de Abreu derivative work: Milenioscuro (talk)	CC-BY 2.5	illustration	wikimedia	svg	map	"Brazil Espirito Santo location map" by EspiritoSanto_MesoMicroMunicip.svg: Raphael Lorenzeto de Abreu derivative work: Milenioscuro (talk) is licensed under CC BY 2.5. To view a copy of this license, visit https://creativecommons.org/licenses/by/2.5/.	curl -O "https://upload.wikimedia.org/wikipedia/commons/e/e1/Brazil_Espirito_Santo_location_map.svg"
5f7e5087-a6a5-4b0a-b3b0-7be3f59a4684	Antarctic Peninsula location map	NordNordWest	CC-BY 3.0	illustration	wikimedia	svg	map	"Antarctic Peninsula location map" by NordNordWest is licensed under CC BY 3.0. To view a copy of this license, visit https://creativecommons.org/licenses/by/3.0/.	curl -O "https://upload.wikimedia.org/wikipedia/commons/0/0b/Antarctic_Peninsula_location_map.svg"
f6f230b2-c631-410b-95a9-1b37a5f81a59	Map of USA NC	This version: uploaderBase versions this one is derived from: originally created by en:User:Wapcaplet	CC-BY 2.0	illustration	wikimedia	svg	map	"Map of USA NC" by This version: uploaderBase versions this one is derived from: originally created by en:User:Wapcaplet is licensed under CC BY 2.0. To view a copy of this license, visit https://creativecommons.org/licenses/by/2.0/.	curl -O "https://upload.wikimedia.org/wikipedia/commons/4/4b/Map_of_USA_NC.svg"
efa8806e-2152-4ebb-ba55-fd7a9659c06c	Location map Washington, D.C. central 2	Justinkunimune	CC0	illustration	wikimedia	svg	map	"Location map Washington, D.C. central 2" by Justinkunimune is marked with CC0 1.0. To view the terms, visit https://creativecommons.org/publicdomain/zero/1.0/deed.en/.	curl -O "https://upload.wikimedia.org/wikipedia/commons/2/20/Location_map_Washington%2C_D.C._central_2.svg"
74014803-8bf7-4272-b05a-a6fcee5bcd83	Map of USA SC	This version: uploaderBase versions this one is derived from: originally created by en:User:Wapcaplet	CC-BY 2.0	illustration	wikimedia	svg	map	"Map of USA SC" by This version: uploaderBase versions this one is derived from: originally created by en:User:Wapcaplet is licensed under CC BY 2.0. To view a copy of this license, visit https://creativecommons.org/licenses/by/2.0/.	curl -O "https://upload.wikimedia.org/wikipedia/commons/5/5b/Map_of_USA_SC.svg"
8dfbcedd-e017-4898-beb7-e37a3f254534	Location map San Francisco County 2	Justinkunimune	CC0	illustration	wikimedia	svg	map	"Location map San Francisco County 2" by Justinkunimune is marked with CC0 1.0. To view the terms, visit https://creativecommons.org/publicdomain/zero/1.0/deed.en/.	curl -O "https://upload.wikimedia.org/wikipedia/commons/8/87/Location_map_San_Francisco_County_2.svg"
acc2e91f-4098-4fdb-a412-18c9b953262a	USA North Carolina location map	Alexrk2	CC-BY 3.0	illustration	wikimedia	svg	map	"USA North Carolina location map" by Alexrk2 is licensed under CC BY 3.0. To view a copy of this license, visit https://creativecommons.org/licenses/by/3.0/.	curl -O "https://upload.wikimedia.org/wikipedia/commons/d/dc/USA_North_Carolina_location_map.svg"
7665e861-b069-4d53-b81a-44e2b072f330	Belize physical map	Urutseg	CC0	illustration	wikimedia	svg	map	"Belize physical map" by Urutseg is marked with CC0 1.0. To view the terms, visit https://creativecommons.org/publicdomain/zero/1.0/deed.en/.	curl -O "https://upload.wikimedia.org/wikipedia/commons/7/75/Belize_physical_map.svg"
90fbc8d1-a33d-4786-a203-e88ff7e8ee3b	USA Idaho location map	Alexrk2	CC-BY 3.0	illustration	wikimedia	svg	map	"USA Idaho location map" by Alexrk2 is licensed under CC BY 3.0. To view a copy of this license, visit https://creativecommons.org/licenses/by/3.0/.	curl -O "https://upload.wikimedia.org/wikipedia/commons/7/79/USA_Idaho_location_map.svg"
3deb90ee-7a11-49fd-aee0-c1b7506b81db	Map of USA WY	This version: uploaderBase versions this one is derived from: originally created by en:User:Wapcaplet	CC-BY 2.0	illustration	wikimedia	svg	map	"Map of USA WY" by This version: uploaderBase versions this one is derived from: originally created by en:User:Wapcaplet is licensed under CC BY 2.0. To view a copy of this license, visit https://creativecommons.org/licenses/by/2.0/.	curl -O "https://upload.wikimedia.org/wikipedia/commons/6/63/Map_of_USA_WY.svg"
f844c02f-095a-42f4-b258-fa34e84d286b	USA New York location map	NordNordWest	CC-BY 3.0	illustration	wikimedia	svg	map	"USA New York location map" by NordNordWest is licensed under CC BY 3.0. To view a copy of this license, visit https://creativecommons.org/licenses/by/3.0/.	curl -O "https://upload.wikimedia.org/wikipedia/commons/8/8d/USA_New_York_location_map.svg"
71b58012-5e8c-4012-a9fc-d130e392856e	Nigeria location map	Uwe Dedering	CC-BY 3.0	illustration	wikimedia	svg	map	"Nigeria location map" by Uwe Dedering is licensed under CC BY 3.0. To view a copy of this license, visit https://creativecommons.org/licenses/by/3.0/.	curl -O "https://upload.wikimedia.org/wikipedia/commons/1/18/Nigeria_location_map.svg"
c63be051-179c-46a1-b203-c70ab63c244b	Location map San Francisco Bay Area 2	Justinkunimune	CC0	illustration	wikimedia	svg	map	"Location map San Francisco Bay Area 2" by Justinkunimune is marked with CC0 1.0. To view the terms, visit https://creativecommons.org/publicdomain/zero/1.0/deed.en/.	curl -O "https://upload.wikimedia.org/wikipedia/commons/d/db/Location_map_San_Francisco_Bay_Area_2.svg"
568c4e97-a968-4579-aa7b-1ed0c7787ee3	South Korea physical map	Urutseg	CC0	illustration	wikimedia	svg	map	"South Korea physical map" by Urutseg is marked with CC0 1.0. To view the terms, visit https://creativecommons.org/publicdomain/zero/1.0/deed.en/.	curl -O "https://upload.wikimedia.org/wikipedia/commons/3/3d/South_Korea_physical_map.svg"
a12df0bb-c7e4-4311-b79e-9778d3758138	USA Alaska location map	Alexrk2	CC-BY 3.0	illustration	wikimedia	svg	map	"USA Alaska location map" by Alexrk2 is licensed under CC BY 3.0. To view a copy of this license, visit https://creativecommons.org/licenses/by/3.0/.	curl -O "https://upload.wikimedia.org/wikipedia/commons/d/df/USA_Alaska_location_map.svg"
527a32c8-6be9-4e21-9c7a-529cdbb11aa7	Libya location map	NordNordWest	CC-BY 3.0	illustration	wikimedia	svg	map	"Libya location map" by NordNordWest is licensed under CC BY 3.0. To view a copy of this license, visit https://creativecommons.org/licenses/by/3.0/.	curl -O "https://upload.wikimedia.org/wikipedia/commons/d/de/Libya_location_map.svg"
819ba926-95a8-4448-b95a-2df13e3ca616	Location map Atlanta	Justinkunimune	CC0	illustration	wikimedia	svg	map	"Location map Atlanta" by Justinkunimune is marked with CC0 1.0. To view the terms, visit https://creativecommons.org/publicdomain/zero/1.0/deed.en/.	curl -O "https://upload.wikimedia.org/wikipedia/commons/b/bb/Location_map_Atlanta.svg"
b0d426da-6546-4ca0-8b25-130d39f96652	Congo adm location map	Milenioscuro	CC-BY 4.0	illustration	wikimedia	svg	map	"Congo adm location map" by Milenioscuro is licensed under CC BY 4.0. To view a copy of this license, visit https://creativecommons.org/licenses/by/4.0/.	curl -O "https://upload.wikimedia.org/wikipedia/commons/0/03/Congo_adm_location_map.svg"
5f91dce7-ecda-4f95-a6d5-d299e932f3b3	Andorra relief location map	Milenioscuro	CC-BY 4.0	illustration	wikimedia	svg	map	"Andorra relief location map" by Milenioscuro is licensed under CC BY 4.0. To view a copy of this license, visit https://creativecommons.org/licenses/by/4.0/.	curl -O "https://upload.wikimedia.org/wikipedia/commons/e/ee/Andorra_relief_location_map.svg"
d9cc9f57-096c-4854-b231-11ec25c507da	Botswana physical map	Urutseg	CC0	illustration	wikimedia	svg	map	"Botswana physical map" by Urutseg is marked with CC0 1.0. To view the terms, visit https://creativecommons.org/publicdomain/zero/1.0/deed.en/.	curl -O "https://upload.wikimedia.org/wikipedia/commons/9/94/Botswana_physical_map.svg"
601fa629-c2aa-4122-92eb-94fc24dcf195	Map icons by Scott de Jonge - amusement-park	Scott de Jonge	CC-BY 3.0	illustration	wikimedia	svg	map	"Map icons by Scott de Jonge - amusement-park" by Scott de Jonge is licensed under CC BY 3.0. To view a copy of this license, visit https://creativecommons.org/licenses/by/3.0/.	curl -O "https://upload.wikimedia.org/wikipedia/commons/8/8f/Map_icons_by_Scott_de_Jonge_-_amusement-park.svg"
fd65deeb-ff79-419a-bcdd-0ead1733fce9	USA Michigan location map	Alexrk2	CC-BY 3.0	illustration	wikimedia	svg	map	"USA Michigan location map" by Alexrk2 is licensed under CC BY 3.0. To view a copy of this license, visit https://creativecommons.org/licenses/by/3.0/.	curl -O "https://upload.wikimedia.org/wikipedia/commons/b/bd/USA_Michigan_location_map.svg"
8c008469-35f3-45d8-b072-57e715e4fdb2	Map icons by Scott de Jonge - sheild	Scott de Jonge	CC-BY 3.0	illustration	wikimedia	svg	map	"Map icons by Scott de Jonge - sheild" by Scott de Jonge is licensed under CC BY 3.0. To view a copy of this license, visit https://creativecommons.org/licenses/by/3.0/.	curl -O "https://upload.wikimedia.org/wikipedia/commons/e/ec/Map_icons_by_Scott_de_Jonge_-_sheild.svg"
17d7587f-550d-4219-836d-0b7f8d054285	Dublin map 2	Justinkunimune	CC0	illustration	wikimedia	svg	map	"Dublin map 2" by Justinkunimune is marked with CC0 1.0. To view the terms, visit https://creativecommons.org/publicdomain/zero/1.0/deed.en/.	curl -O "https://upload.wikimedia.org/wikipedia/commons/9/96/Dublin_map_2.svg"
65f04870-ccdc-469c-88fe-c35d4505e8e3	Amsterdam centre map 2	Justinkunimune	CC0	illustration	wikimedia	svg	map	"Amsterdam centre map 2" by Justinkunimune is marked with CC0 1.0. To view the terms, visit https://creativecommons.org/publicdomain/zero/1.0/deed.en/.	curl -O "https://upload.wikimedia.org/wikipedia/commons/5/52/Amsterdam_centre_map_2.svg"
8c8302ee-cb19-42d7-8c9b-87cf67f4221c	France autoroutes map-fr	Bourrichon (motorways) ; fond de carte / bottom map : File:France location map-Regions and departements.svg by Sting - fr:Sting	CC-BY 3.0	illustration	wikimedia	svg	map	"France autoroutes map-fr" by Bourrichon (motorways) ; fond de carte / bottom map : File:France location map-Regions and departements.svg by Sting - fr:Sting is licensed under CC BY 3.0. To view a copy of this license, visit https://creativecommons.org/licenses/by/3.0/.	curl -O "https://upload.wikimedia.org/wikipedia/commons/9/96/France_autoroutes_map-fr.svg"
fc271fc3-fd32-47b2-aa63-d132b1da1a50	USA New York City location map	Alexrk2	CC-BY 3.0	illustration	wikimedia	svg	map	"USA New York City location map" by Alexrk2 is licensed under CC BY 3.0. To view a copy of this license, visit https://creativecommons.org/licenses/by/3.0/.	curl -O "https://upload.wikimedia.org/wikipedia/commons/9/97/USA_New_York_City_location_map.svg"
fada8068-932a-4fb1-ae82-9e5ce9d49b30	Baltimore osm-mapnik location map 2	Justinkunimune	CC0	illustration	wikimedia	svg	map	"Baltimore osm-mapnik location map 2" by Justinkunimune is marked with CC0 1.0. To view the terms, visit https://creativecommons.org/publicdomain/zero/1.0/deed.en/.	curl -O "https://upload.wikimedia.org/wikipedia/commons/b/bc/Baltimore_osm-mapnik_location_map_2.svg"
a474f146-a606-47b4-991b-3953577a122a	Falkland Islands location map	NordNordWest	CC-BY 3.0	illustration	wikimedia	svg	map	"Falkland Islands location map" by NordNordWest is licensed under CC BY 3.0. To view a copy of this license, visit https://creativecommons.org/licenses/by/3.0/.	curl -O "https://upload.wikimedia.org/wikipedia/commons/1/15/Falkland_Islands_location_map.svg"
8babbc01-853b-4705-97e5-179fe2f153f2	Location map United States Chicago 2	Justinkunimune	CC0	illustration	wikimedia	svg	map	"Location map United States Chicago 2" by Justinkunimune is marked with CC0 1.0. To view the terms, visit https://creativecommons.org/publicdomain/zero/1.0/deed.en/.	curl -O "https://upload.wikimedia.org/wikipedia/commons/e/ed/Location_map_United_States_Chicago_2.svg"
e93029e8-b266-4c8d-b527-d88eec790405	USA New Jersey location map	Alexrk	CC-BY 3.0	illustration	wikimedia	svg	map	"USA New Jersey location map" by Alexrk is licensed under CC BY 3.0. To view a copy of this license, visit https://creativecommons.org/licenses/by/3.0/.	curl -O "https://upload.wikimedia.org/wikipedia/commons/2/2c/USA_New_Jersey_location_map.svg"
07c2a39b-23db-4347-bcd5-5191a0ce4382	Malawi relief location map	Milenioscuro	CC-BY 4.0	illustration	wikimedia	svg	map	"Malawi relief location map" by Milenioscuro is licensed under CC BY 4.0. To view a copy of this license, visit https://creativecommons.org/licenses/by/4.0/.	curl -O "https://upload.wikimedia.org/wikipedia/commons/1/1e/Malawi_relief_location_map.svg"
f0f7fe93-2e6a-4182-b6b5-7c4d374c5aa2	Sweden Stockholm location map	Erik Frohne	CC-BY 3.0	illustration	wikimedia	svg	map	"Sweden Stockholm location map" by Erik Frohne is licensed under CC BY 3.0. To view a copy of this license, visit https://creativecommons.org/licenses/by/3.0/.	curl -O "https://upload.wikimedia.org/wikipedia/commons/a/a8/Sweden_Stockholm_location_map.svg"
16a2a033-2044-4c10-a610-af85ce914c7d	Baku Formula One circuit map	HumanBodyPiloter5	CC0	illustration	wikimedia	svg	map	"Baku Formula One circuit map" by HumanBodyPiloter5 is marked with CC0 1.0. To view the terms, visit https://creativecommons.org/publicdomain/zero/1.0/deed.en/.	curl -O "https://upload.wikimedia.org/wikipedia/commons/f/f1/Baku_Formula_One_circuit_map.svg"
826356d2-5a80-4c7e-a3c1-c319d1922b46	USA Pennsylvania location map	Alexrk2	CC-BY 3.0	illustration	wikimedia	svg	map	"USA Pennsylvania location map" by Alexrk2 is licensed under CC BY 3.0. To view a copy of this license, visit https://creativecommons.org/licenses/by/3.0/.	curl -O "https://upload.wikimedia.org/wikipedia/commons/9/9d/USA_Pennsylvania_location_map.svg"
09a57476-7ab1-4d0e-969b-74a0546fdbf7	Brazil Rio de Janeiro location map	RiodeJaneiro_MesoMicroMunicip.svg: Raphael Lorenzeto de Abreu derivative work: Milenioscuro (talk)	CC-BY 2.5	illustration	wikimedia	svg	map	"Brazil Rio de Janeiro location map" by RiodeJaneiro_MesoMicroMunicip.svg: Raphael Lorenzeto de Abreu derivative work: Milenioscuro (talk) is licensed under CC BY 2.5. To view a copy of this license, visit https://creativecommons.org/licenses/by/2.5/.	curl -O "https://upload.wikimedia.org/wikipedia/commons/3/3e/Brazil_Rio_de_Janeiro_location_map.svg"
e6a33106-bc53-45e4-a63e-4589c98157a8	USA Nebraska location map	Alexrk2	CC-BY 3.0	illustration	wikimedia	svg	map	"USA Nebraska location map" by Alexrk2 is licensed under CC BY 3.0. To view a copy of this license, visit https://creativecommons.org/licenses/by/3.0/.	curl -O "https://upload.wikimedia.org/wikipedia/commons/a/a3/USA_Nebraska_location_map.svg"
521dc19d-2feb-4b10-a8dd-8bee68cc026c	USA California Southern location map	USA California location map.svg: NordNordWest / derivative work: Banaticus	CC-BY 3.0	illustration	wikimedia	svg	map	"USA California Southern location map" by USA California location map.svg: NordNordWest / derivative work: Banaticus is licensed under CC BY 3.0. To view a copy of this license, visit https://creativecommons.org/licenses/by/3.0/.	curl -O "https://upload.wikimedia.org/wikipedia/commons/5/55/USA_California_Southern_location_map.svg"
b01a9f46-43f6-4d9c-8762-13cc7f91a202	French Mandate for Syria and the Lebanon map en	Don-kun, TUBS, NordNordWest	CC-BY 3.0	illustration	wikimedia	svg	map	"French Mandate for Syria and the Lebanon map en" by Don-kun, TUBS, NordNordWest is licensed under CC BY 3.0. To view a copy of this license, visit https://creativecommons.org/licenses/by/3.0/.	curl -O "https://upload.wikimedia.org/wikipedia/commons/4/4a/French_Mandate_for_Syria_and_the_Lebanon_map_en.svg"
aece949a-dc1b-474a-b7f2-360cb93e5ea2	Map of USA MD	This version: uploaderBase versions this one is derived from: originally created by Wapcaplet	CC-BY 2.0	illustration	wikimedia	svg	map	"Map of USA MD" by This version: uploaderBase versions this one is derived from: originally created by Wapcaplet is licensed under CC BY 2.0. To view a copy of this license, visit https://creativecommons.org/licenses/by/2.0/.	curl -O "https://upload.wikimedia.org/wikipedia/commons/5/54/Map_of_USA_MD.svg"
91fb67ac-608c-4a00-b04c-e6805b38b729	Map of USA MA	This version: uploaderBase versions this one is derived from: originally created by en:User:Wapcaplet	CC-BY 2.0	illustration	wikimedia	svg	map	"Map of USA MA" by This version: uploaderBase versions this one is derived from: originally created by en:User:Wapcaplet is licensed under CC BY 2.0. To view a copy of this license, visit https://creativecommons.org/licenses/by/2.0/.	curl -O "https://upload.wikimedia.org/wikipedia/commons/6/6c/Map_of_USA_MA.svg"
aa31a329-a0ea-4f11-addf-62244effd6c6	Brazil Bahia location map	Bahia_MesoMicroMunicip.svg: Raphael Lorenzeto de Abreu derivative work: Milenioscuro (talk)	CC-BY 2.5	illustration	wikimedia	svg	map	"Brazil Bahia location map" by Bahia_MesoMicroMunicip.svg: Raphael Lorenzeto de Abreu derivative work: Milenioscuro (talk) is licensed under CC BY 2.5. To view a copy of this license, visit https://creativecommons.org/licenses/by/2.5/.	curl -O "https://upload.wikimedia.org/wikipedia/commons/5/50/Brazil_Bahia_location_map.svg"
453a815d-c545-4293-8986-40b2247acbde	Flag-map of Baranya County	Thommy	CC0	illustration	wikimedia	svg	map	"Flag-map of Baranya County" by Thommy is marked with CC0 1.0. To view the terms, visit https://creativecommons.org/publicdomain/zero/1.0/deed.en/.	curl -O "https://upload.wikimedia.org/wikipedia/commons/6/67/Flag-map_of_Baranya_County.svg"
ec981513-e63e-43d1-963e-ef96f3dfad10	Ghana physical map	Urutseg	CC0	illustration	wikimedia	svg	map	"Ghana physical map" by Urutseg is marked with CC0 1.0. To view the terms, visit https://creativecommons.org/publicdomain/zero/1.0/deed.en/.	curl -O "https://upload.wikimedia.org/wikipedia/commons/a/aa/Ghana_physical_map.svg"
58730cd8-a19d-418b-baee-0916ddce729c	Brazil Distrito Federal location map	Distrito_Federal_RA_Brasilia.svg: FORTES derivative work: Milenioscuro (talk) updated by: Allice Hunter	CC-BY 2.5	illustration	wikimedia	svg	map	"Brazil Distrito Federal location map" by Distrito_Federal_RA_Brasilia.svg: FORTES derivative work: Milenioscuro (talk) updated by: Allice Hunter is licensed under CC BY 2.5. To view a copy of this license, visit https://creativecommons.org/licenses/by/2.5/.	curl -O "https://upload.wikimedia.org/wikipedia/commons/b/b2/Brazil_Distrito_Federal_location_map.svg"
aea9264c-5a7f-4107-a382-cb4067003cc1	COVID-19 Outbreak World Map per Capita	Raphaël Dunant, Gajmar (maintainer),幺于 (maintainer)	CC-BY 4.0	illustration	wikimedia	svg	map	"COVID-19 Outbreak World Map per Capita" by Raphaël Dunant, Gajmar (maintainer),幺于 (maintainer) is licensed under CC BY 4.0. To view a copy of this license, visit https://creativecommons.org/licenses/by/4.0/.	curl -O "https://upload.wikimedia.org/wikipedia/commons/3/3b/COVID-19_Outbreak_World_Map_per_Capita.svg"
08330ddc-692d-4f07-b2ff-fa231a133994	Rio De Janeiro location map	Philg88; Attribution: Wikimedia Foundation (www.wikimedia.org)	CC-BY 4.0	illustration	wikimedia	svg	map	"Rio De Janeiro location map" by Philg88; Attribution: Wikimedia Foundation (www.wikimedia.org) is licensed under CC BY 4.0. To view a copy of this license, visit https://creativecommons.org/licenses/by/4.0/.	curl -O "https://upload.wikimedia.org/wikipedia/commons/5/56/Rio_De_Janeiro_location_map.svg"
2e3c3f92-5f9a-4a9b-a292-d17ab4cfc57a	Reinel compass rose	Joaquim Alves Gaspar	CC-BY 2.5	illustration	wikimedia	svg	compass	"Reinel compass rose" by Joaquim Alves Gaspar is licensed under CC BY 2.5. To view a copy of this license, visit https://creativecommons.org/licenses/by/2.5/.	curl -O "https://upload.wikimedia.org/wikipedia/commons/e/eb/Reinel_compass_rose.svg"
c7669131-ccbf-4fb8-bbf9-40e1f456de64	Font Awesome 5 regular compass	Font Awesome	CC-BY 4.0	illustration	wikimedia	svg	compass	"Font Awesome 5 regular compass" by Font Awesome is licensed under CC BY 4.0. To view a copy of this license, visit https://creativecommons.org/licenses/by/4.0/.	curl -O "https://upload.wikimedia.org/wikipedia/commons/4/40/Font_Awesome_5_regular_compass.svg"
b0b66aa3-6c4f-4231-b86d-a314729bda47	Simple compass rose	Brosen, modification by Howcheng	CC-BY 3.0	illustration	wikimedia	svg	compass	"Simple compass rose" by Brosen, modification by Howcheng is licensed under CC BY 3.0. To view a copy of this license, visit https://creativecommons.org/licenses/by/3.0/.	curl -O "https://upload.wikimedia.org/wikipedia/commons/8/8d/Simple_compass_rose.svg"
b8d6d1a8-7580-49f3-b405-22c886aea90c	Compass-icon bb E	El Grafo	CC0	illustration	wikimedia	svg	compass	"Compass-icon bb E" by El Grafo is marked with CC0 1.0. To view the terms, visit https://creativecommons.org/publicdomain/zero/1.0/deed.en/.	curl -O "https://upload.wikimedia.org/wikipedia/commons/7/79/Compass-icon_bb_E.svg"
b22cfe6d-1a7e-426a-afb3-943010fecd7f	Compass-icon bb W	El Grafo	CC0	illustration	wikimedia	svg	compass	"Compass-icon bb W" by El Grafo is marked with CC0 1.0. To view the terms, visit https://creativecommons.org/publicdomain/zero/1.0/deed.en/.	curl -O "https://upload.wikimedia.org/wikipedia/commons/0/0b/Compass-icon_bb_W.svg"
796c1b65-3682-4cfd-98d5-3b3b6310d9a5	Compass-icon bb N	El Grafo	CC0	illustration	wikimedia	svg	compass	"Compass-icon bb N" by El Grafo is marked with CC0 1.0. To view the terms, visit https://creativecommons.org/publicdomain/zero/1.0/deed.en/.	curl -O "https://upload.wikimedia.org/wikipedia/commons/9/9c/Compass-icon_bb_N.svg"
43762887-8d85-4d80-8a3d-c1ae8c6e6cd2	Compass-icon bb S	El Grafo	CC0	illustration	wikimedia	svg	compass	"Compass-icon bb S" by El Grafo is marked with CC0 1.0. To view the terms, visit https://creativecommons.org/publicdomain/zero/1.0/deed.en/.	curl -O "https://upload.wikimedia.org/wikipedia/commons/e/e6/Compass-icon_bb_S.svg"
91cdcfd4-3972-4e73-963a-2ccd7044bdf1	Square and Compasses no G	SgtShyGuy	CC0	illustration	wikimedia	svg	compass	"Square and Compasses no G" by SgtShyGuy is marked with CC0 1.0. To view the terms, visit https://creativecommons.org/publicdomain/zero/1.0/deed.en/.	curl -O "https://upload.wikimedia.org/wikipedia/commons/b/b5/Square_and_Compasses_no_G.svg"
23401156-0fc7-4384-a27e-6e060d3a9af7	Compass-icon bb NW	El Grafo	CC0	illustration	wikimedia	svg	compass	"Compass-icon bb NW" by El Grafo is marked with CC0 1.0. To view the terms, visit https://creativecommons.org/publicdomain/zero/1.0/deed.en/.	curl -O "https://upload.wikimedia.org/wikipedia/commons/1/15/Compass-icon_bb_NW.svg"
90b39026-ebbf-4d5c-8211-e3c899564ce2	Compass-icon bb SW	El Grafo	CC0	illustration	wikimedia	svg	compass	"Compass-icon bb SW" by El Grafo is marked with CC0 1.0. To view the terms, visit https://creativecommons.org/publicdomain/zero/1.0/deed.en/.	curl -O "https://upload.wikimedia.org/wikipedia/commons/a/a6/Compass-icon_bb_SW.svg"
dc01d2cd-44a6-40c2-b218-ab832a10fa86	Compass-icon bb NE	El Grafo	CC0	illustration	wikimedia	svg	compass	"Compass-icon bb NE" by El Grafo is marked with CC0 1.0. To view the terms, visit https://creativecommons.org/publicdomain/zero/1.0/deed.en/.	curl -O "https://upload.wikimedia.org/wikipedia/commons/1/1a/Compass-icon_bb_NE.svg"
4ae7c714-db5f-4e07-afcc-35b65b6f1a7e	Compass-icon bb WNW	El Grafo	CC0	illustration	wikimedia	svg	compass	"Compass-icon bb WNW" by El Grafo is marked with CC0 1.0. To view the terms, visit https://creativecommons.org/publicdomain/zero/1.0/deed.en/.	curl -O "https://upload.wikimedia.org/wikipedia/commons/a/a8/Compass-icon_bb_WNW.svg"
54197c49-42a2-4d3e-aee8-fb653255dac6	Compass-icon bb NNW	El Grafo	CC0	illustration	wikimedia	svg	compass	"Compass-icon bb NNW" by El Grafo is marked with CC0 1.0. To view the terms, visit https://creativecommons.org/publicdomain/zero/1.0/deed.en/.	curl -O "https://upload.wikimedia.org/wikipedia/commons/4/4f/Compass-icon_bb_NNW.svg"
a71f067e-6742-41fb-b1ed-736c3619d422	Compass-icon bb SE	El Grafo	CC0	illustration	wikimedia	svg	compass	"Compass-icon bb SE" by El Grafo is marked with CC0 1.0. To view the terms, visit https://creativecommons.org/publicdomain/zero/1.0/deed.en/.	curl -O "https://upload.wikimedia.org/wikipedia/commons/f/fe/Compass-icon_bb_SE.svg"
f75c0e52-35be-418a-8684-8bedeeacde47	Anglican Compass Rose (without background)	Gregor Shapiro	CC0	illustration	wikimedia	svg	compass	"Anglican Compass Rose (without background)" by Gregor Shapiro is marked with CC0 1.0. To view the terms, visit https://creativecommons.org/publicdomain/zero/1.0/deed.en/.	curl -O "https://upload.wikimedia.org/wikipedia/commons/d/d9/Anglican_Compass_Rose_%28without_background%29.svg"
0c62ecec-e54d-42a7-924e-e7fa48b56e55	Compass-icon bb EbS	El Grafo	CC0	illustration	wikimedia	svg	compass	"Compass-icon bb EbS" by El Grafo is marked with CC0 1.0. To view the terms, visit https://creativecommons.org/publicdomain/zero/1.0/deed.en/.	curl -O "https://upload.wikimedia.org/wikipedia/commons/4/4f/Compass-icon_bb_EbS.svg"
35e3c293-98d2-41fe-81be-41ad45d1ab22	Compass-icon bb NWbW	El Grafo	CC0	illustration	wikimedia	svg	compass	"Compass-icon bb NWbW" by El Grafo is marked with CC0 1.0. To view the terms, visit https://creativecommons.org/publicdomain/zero/1.0/deed.en/.	curl -O "https://upload.wikimedia.org/wikipedia/commons/3/3a/Compass-icon_bb_NWbW.svg"
28ba61ec-c62c-4fc4-9959-4fc41d7a7c10	Compass-icon bb WbS	El Grafo	CC0	illustration	wikimedia	svg	compass	"Compass-icon bb WbS" by El Grafo is marked with CC0 1.0. To view the terms, visit https://creativecommons.org/publicdomain/zero/1.0/deed.en/.	curl -O "https://upload.wikimedia.org/wikipedia/commons/7/72/Compass-icon_bb_WbS.svg"
720fbe82-e657-4e89-8a21-86d53ea6b005	Compass-icon bb SEbE	El Grafo	CC0	illustration	wikimedia	svg	compass	"Compass-icon bb SEbE" by El Grafo is marked with CC0 1.0. To view the terms, visit https://creativecommons.org/publicdomain/zero/1.0/deed.en/.	curl -O "https://upload.wikimedia.org/wikipedia/commons/1/15/Compass-icon_bb_SEbE.svg"
2828a6d6-8fb6-466c-b1e5-bff35db80f23	Compass-icon bb SEbS	El Grafo	CC0	illustration	wikimedia	svg	compass	"Compass-icon bb SEbS" by El Grafo is marked with CC0 1.0. To view the terms, visit https://creativecommons.org/publicdomain/zero/1.0/deed.en/.	curl -O "https://upload.wikimedia.org/wikipedia/commons/c/ca/Compass-icon_bb_SEbS.svg"
38e4d8f4-23a1-4320-90c1-a7df8eb83243	Compass-icon bb NNE	El Grafo	CC0	illustration	wikimedia	svg	compass	"Compass-icon bb NNE" by El Grafo is marked with CC0 1.0. To view the terms, visit https://creativecommons.org/publicdomain/zero/1.0/deed.en/.	curl -O "https://upload.wikimedia.org/wikipedia/commons/b/b4/Compass-icon_bb_NNE.svg"
b0893997-18ab-4229-a9d5-815318d2ee68	Compass-icon bb NbW	El Grafo	CC0	illustration	wikimedia	svg	compass	"Compass-icon bb NbW" by El Grafo is marked with CC0 1.0. To view the terms, visit https://creativecommons.org/publicdomain/zero/1.0/deed.en/.	curl -O "https://upload.wikimedia.org/wikipedia/commons/2/20/Compass-icon_bb_NbW.svg"
66873441-f692-46c0-9568-a6121a503ffe	Compass-icon bb NEbE	El Grafo	CC0	illustration	wikimedia	svg	compass	"Compass-icon bb NEbE" by El Grafo is marked with CC0 1.0. To view the terms, visit https://creativecommons.org/publicdomain/zero/1.0/deed.en/.	curl -O "https://upload.wikimedia.org/wikipedia/commons/d/df/Compass-icon_bb_NEbE.svg"
b8afb90c-2b78-4245-871b-cc1ca60563a4	Compass-icon bb WSW	El Grafo	CC0	illustration	wikimedia	svg	compass	"Compass-icon bb WSW" by El Grafo is marked with CC0 1.0. To view the terms, visit https://creativecommons.org/publicdomain/zero/1.0/deed.en/.	curl -O "https://upload.wikimedia.org/wikipedia/commons/a/a0/Compass-icon_bb_WSW.svg"
6df6b968-abdd-4f3a-851f-d286f391f29a	Compass-icon bb WbN	El Grafo	CC0	illustration	wikimedia	svg	compass	"Compass-icon bb WbN" by El Grafo is marked with CC0 1.0. To view the terms, visit https://creativecommons.org/publicdomain/zero/1.0/deed.en/.	curl -O "https://upload.wikimedia.org/wikipedia/commons/d/da/Compass-icon_bb_WbN.svg"
8c38f016-485a-4e7f-86f9-b8a00be58fd5	Compass-icon bb SWbS	El Grafo	CC0	illustration	wikimedia	svg	compass	"Compass-icon bb SWbS" by El Grafo is marked with CC0 1.0. To view the terms, visit https://creativecommons.org/publicdomain/zero/1.0/deed.en/.	curl -O "https://upload.wikimedia.org/wikipedia/commons/a/ae/Compass-icon_bb_SWbS.svg"
f5bbed8a-ce16-4a82-9f9f-be8fbc569ab5	Compass-icon bb EbN	El Grafo	CC0	illustration	wikimedia	svg	compass	"Compass-icon bb EbN" by El Grafo is marked with CC0 1.0. To view the terms, visit https://creativecommons.org/publicdomain/zero/1.0/deed.en/.	curl -O "https://upload.wikimedia.org/wikipedia/commons/a/a3/Compass-icon_bb_EbN.svg"
b6918110-c6cc-4ccc-9e8d-90975f3dc7b4	Compass-icon bb SSE	El Grafo	CC0	illustration	wikimedia	svg	compass	"Compass-icon bb SSE" by El Grafo is marked with CC0 1.0. To view the terms, visit https://creativecommons.org/publicdomain/zero/1.0/deed.en/.	curl -O "https://upload.wikimedia.org/wikipedia/commons/4/40/Compass-icon_bb_SSE.svg"
28e2b4ed-043d-46c0-b9fb-6eda9c159099	Compass tool	cactus cowboy	CC0	illustration	wikimedia	svg	compass	"Compass tool" by cactus cowboy is marked with CC0 1.0. To view the terms, visit https://creativecommons.org/publicdomain/zero/1.0/deed.en.	curl -O "https://upload.wikimedia.org/wikipedia/commons/2/2c/Compass_tool.svg"
bf05500b-cca6-4cce-82ee-147b77d9cf3e	Compass-icon bb NEbN	El Grafo	CC0	illustration	wikimedia	svg	compass	"Compass-icon bb NEbN" by El Grafo is marked with CC0 1.0. To view the terms, visit https://creativecommons.org/publicdomain/zero/1.0/deed.en/.	curl -O "https://upload.wikimedia.org/wikipedia/commons/3/31/Compass-icon_bb_NEbN.svg"
549646e6-bd7c-409d-a726-b5a03e012851	Compass-icon bb SWbW	El Grafo	CC0	illustration	wikimedia	svg	compass	"Compass-icon bb SWbW" by El Grafo is marked with CC0 1.0. To view the terms, visit https://creativecommons.org/publicdomain/zero/1.0/deed.en/.	curl -O "https://upload.wikimedia.org/wikipedia/commons/f/f4/Compass-icon_bb_SWbW.svg"
2677e19c-3759-4711-b89c-f875a504b1eb	Compass-icon bb ESE	El Grafo	CC0	illustration	wikimedia	svg	compass	"Compass-icon bb ESE" by El Grafo is marked with CC0 1.0. To view the terms, visit https://creativecommons.org/publicdomain/zero/1.0/deed.en/.	curl -O "https://upload.wikimedia.org/wikipedia/commons/3/37/Compass-icon_bb_ESE.svg"
bb8813c5-841f-42f2-b5e1-e7fb8c9f260d	Compass-icon bb NWbN	El Grafo	CC0	illustration	wikimedia	svg	compass	"Compass-icon bb NWbN" by El Grafo is marked with CC0 1.0. To view the terms, visit https://creativecommons.org/publicdomain/zero/1.0/deed.en/.	curl -O "https://upload.wikimedia.org/wikipedia/commons/a/a8/Compass-icon_bb_NWbN.svg"
352bdccb-3ba5-4ba1-b825-c524b5b9d4c9	Compass-icon bb NbE	El Grafo	CC0	illustration	wikimedia	svg	compass	"Compass-icon bb NbE" by El Grafo is marked with CC0 1.0. To view the terms, visit https://creativecommons.org/publicdomain/zero/1.0/deed.en/.	curl -O "https://upload.wikimedia.org/wikipedia/commons/0/02/Compass-icon_bb_NbE.svg"
58c8358b-fafc-4bcd-908a-12ede2d52f79	Compass-icon bb SbE	El Grafo	CC0	illustration	wikimedia	svg	compass	"Compass-icon bb SbE" by El Grafo is marked with CC0 1.0. To view the terms, visit https://creativecommons.org/publicdomain/zero/1.0/deed.en/.	curl -O "https://upload.wikimedia.org/wikipedia/commons/4/4e/Compass-icon_bb_SbE.svg"
06ab67ab-ad00-4f52-837f-6b06676bc27c	Compass-icon bb SbW	El Grafo	CC0	illustration	wikimedia	svg	compass	"Compass-icon bb SbW" by El Grafo is marked with CC0 1.0. To view the terms, visit https://creativecommons.org/publicdomain/zero/1.0/deed.en/.	curl -O "https://upload.wikimedia.org/wikipedia/commons/e/ee/Compass-icon_bb_SbW.svg"
038fe22b-183f-41f6-bb21-e364b3ee9b86	Compass-icon bb SSW	El Grafo	CC0	illustration	wikimedia	svg	compass	"Compass-icon bb SSW" by El Grafo is marked with CC0 1.0. To view the terms, visit https://creativecommons.org/publicdomain/zero/1.0/deed.en/.	curl -O "https://upload.wikimedia.org/wikipedia/commons/f/fc/Compass-icon_bb_SSW.svg"
ed3597b0-bd38-4d1d-9119-41b231880e8e	Compass-icon bb ENE	El Grafo	CC0	illustration	wikimedia	svg	compass	"Compass-icon bb ENE" by El Grafo is marked with CC0 1.0. To view the terms, visit https://creativecommons.org/publicdomain/zero/1.0/deed.en/.	curl -O "https://upload.wikimedia.org/wikipedia/commons/8/8e/Compass-icon_bb_ENE.svg"
9b585c63-cf35-43cd-a2c9-ba2f8ae8a0cd	Font Awesome 5 solid compass	Font Awesome	CC-BY 4.0	illustration	wikimedia	svg	compass	"Font Awesome 5 solid compass" by Font Awesome is licensed under CC BY 4.0. To view a copy of this license, visit https://creativecommons.org/licenses/by/4.0/.	curl -O "https://upload.wikimedia.org/wikipedia/commons/2/2a/Font_Awesome_5_solid_compass.svg"
99aeab1e-e197-4ca1-8808-1669042dab1b	Compass rose clipart, drawing illustration	?	CC0	illustration	rawpixel	eps	compass	"Compass rose clipart, drawing illustration" is marked with CC0 1.0. To view the terms, visit https://creativecommons.org/publicdomain/zero/1.0/.	curl -O "https://images.rawpixel.com/editor_1024/cHJpdmF0ZS9sci9pbWFnZXMvd2Vic2l0ZS8yMDIyLTA1L2pvYjcyMy0wNTMtdi5qcGc.jpg"
8f74bf3b-44af-4ef4-8a2c-d062648af1ee	Compass png sticker, transparent background	?	CC0	illustration	rawpixel	png	compass	"Compass png sticker, transparent background" is marked with CC0 1.0. To view the terms, visit https://creativecommons.org/publicdomain/zero/1.0/.	curl -O "https://images.rawpixel.com/image_png_1300/cHJpdmF0ZS9sci9pbWFnZXMvd2Vic2l0ZS8yMDIyLTA2L2pvYjk0Ny0xMjMtcC5wbmc.png"
dc649f7e-c243-4032-b506-0faeafce08f7	Compass tool png sticker illustration	?	CC0	illustration	rawpixel	png	compass	"Compass tool png sticker illustration" is marked with CC0 1.0. To view the terms, visit https://creativecommons.org/publicdomain/zero/1.0/.	curl -O "https://images.rawpixel.com/image_png_1300/cHJpdmF0ZS9sci9pbWFnZXMvd2Vic2l0ZS8yMDIyLTA1L2pvYjcyMC0xMzMtcC5wbmc.png"
d532e732-2bc6-4f32-b2c9-1822823690c5	Compass png sticker, transparent background	?	CC0	illustration	rawpixel	png	compass	"Compass png sticker, transparent background" is marked with CC0 1.0. To view the terms, visit https://creativecommons.org/publicdomain/zero/1.0/.	curl -O "https://images.rawpixel.com/image_png_1300/cHJpdmF0ZS9sci9pbWFnZXMvd2Vic2l0ZS8yMDIyLTA1L2pvYjcyNy0yOTktcC5wbmc.png"
c0893a02-68cd-4e36-bbd6-34a51d190f1f	Compass png sticker, transparent background	?	CC0	illustration	rawpixel	png	compass	"Compass png sticker, transparent background" is marked with CC0 1.0. To view the terms, visit https://creativecommons.org/publicdomain/zero/1.0/.	curl -O "https://images.rawpixel.com/image_png_1300/cHJpdmF0ZS9sci9pbWFnZXMvd2Vic2l0ZS8yMDIyLTA1L2pvYjcyOC0wNDUtcC5wbmc.png"
fa44c8e7-5e6e-4a3a-9c49-c0a52396b39d	Drawing compass png sticker, vintage	?	CC0	illustration	rawpixel	png	compass	"Drawing compass png sticker, vintage" is marked with CC0 1.0. To view the terms, visit https://creativecommons.org/publicdomain/zero/1.0/.	curl -O "https://images.rawpixel.com/image_png_1300/czNmcy1wcml2YXRlL3Jhd3BpeGVsX2ltYWdlcy93ZWJzaXRlX2NvbnRlbnQvbHIvam9iNjczLTAxNC1wLnBuZw.png"
9630a6f4-8454-4ce6-8e9c-3f331ede5d19	Pocket compass png sticker, object	?	CC0	illustration	rawpixel	png	compass	"Pocket compass png sticker, object" is marked with CC0 1.0. To view the terms, visit https://creativecommons.org/publicdomain/zero/1.0/.	curl -O "https://images.rawpixel.com/image_png_1300/cHJpdmF0ZS9sci9pbWFnZXMvd2Vic2l0ZS8yMDIyLTA0L2pvYjcyMS0wMTEtcC5wbmc.png"
52ad13c1-c951-4798-b9f9-539dbff23e74	Drawing compass png sticker, transparent	?	CC0	illustration	rawpixel	png	compass	"Drawing compass png sticker, transparent" is marked with CC0 1.0. To view the terms, visit https://creativecommons.org/publicdomain/zero/1.0/.	curl -O "https://images.rawpixel.com/image_png_1300/cHJpdmF0ZS9sci9pbWFnZXMvd2Vic2l0ZS8yMDIyLTA2L2pvYjk0Ny0xMDEucG5n.png"
57c1ccde-2c0a-4072-8d7a-7fc5242fc26b	Compass clipart, exploration illustration vector	?	CC0	illustration	rawpixel	eps	compass	"Compass clipart, exploration illustration vector" is marked with CC0 1.0. To view the terms, visit https://creativecommons.org/publicdomain/zero/1.0/.	curl -O "https://images.rawpixel.com/editor_1024/cHJpdmF0ZS9sci9pbWFnZXMvd2Vic2l0ZS8yMDIyLTA1L2pvYjcyOS0xNTQtdi5qcGc.jpg"
24c4f14f-ec9b-4b13-9dfd-49b26c67229b	Compass, navigation clip art color	?	CC0	illustration	rawpixel	jpg	compass	"Compass, navigation clip art color" is marked with CC0 1.0. To view the terms, visit https://creativecommons.org/publicdomain/zero/1.0/.	curl -O "https://images.rawpixel.com/editor_1024/czNmcy1wcml2YXRlL3Jhd3BpeGVsX2ltYWdlcy93ZWJzaXRlX2NvbnRlbnQvam9iNjgwLTE1NmEteC5qcGc.jpg"
cb19a472-e69d-4ef4-a682-b9f2ae8009b0	Compass png sticker, transparent background	?	CC0	illustration	rawpixel	png	compass	"Compass png sticker, transparent background" is marked with CC0 1.0. To view the terms, visit https://creativecommons.org/publicdomain/zero/1.0/.	curl -O "https://images.rawpixel.com/image_png_1300/czNmcy1wcml2YXRlL3Jhd3BpeGVsX2ltYWdlcy93ZWJzaXRlX2NvbnRlbnQvam9iNjgwLTE1NmEtbDFkYnU4MmQucG5n.png"
44453897-b344-4e23-acee-fe63259b4974	Compass divider drawing, vintage object	?	CC0	illustration	rawpixel	jpg	compass	"Compass divider drawing, vintage object" is marked with CC0 1.0. To view the terms, visit https://creativecommons.org/publicdomain/zero/1.0/.	curl -O "https://images.rawpixel.com/editor_1024/czNmcy1wcml2YXRlL3Jhd3BpeGVsX2ltYWdlcy93ZWJzaXRlX2NvbnRlbnQvam9iNjcyLTAwMy14LmpwZw.jpg"
cc3ff6aa-22cb-4f46-893c-91d38e83db42	Compass collage element, cute illustration	?	CC0	illustration	rawpixel	eps	compass	"Compass collage element, cute illustration" is marked with CC0 1.0. To view the terms, visit https://creativecommons.org/publicdomain/zero/1.0/.	curl -O "https://images.rawpixel.com/editor_1024/cHJpdmF0ZS9sci9pbWFnZXMvd2Vic2l0ZS8yMDIyLTA1L2pvYjcyNy0yOTktdi5qcGc.jpg"
d1b366b9-795d-4811-acc8-501597383ddc	Compass png sticker, object illustration	?	CC0	illustration	rawpixel	png	compass	"Compass png sticker, object illustration" is marked with CC0 1.0. To view the terms, visit https://creativecommons.org/publicdomain/zero/1.0/.	curl -O "https://images.rawpixel.com/image_png_1300/czNmcy1wcml2YXRlL3Jhd3BpeGVsX2ltYWdlcy93ZWJzaXRlX2NvbnRlbnQvam9iNjc4LTA0MS1wLWwxNjRwbWk1LnBuZw.png"
4b4d6df3-e367-41cf-be6c-4557ad51fade	Compass png sticker, transparent background	?	CC0	illustration	rawpixel	png	compass	"Compass png sticker, transparent background" is marked with CC0 1.0. To view the terms, visit https://creativecommons.org/publicdomain/zero/1.0/.	curl -O "https://images.rawpixel.com/image_png_1300/cHJpdmF0ZS9sci9pbWFnZXMvd2Vic2l0ZS8yMDIyLTA2L2pvYjk0OC0xNTEtcF8xLnBuZw.png"
23e08ae2-38c2-47cc-8d06-c442cf6bf5a5	Pocket compass png sticker, object	?	CC0	illustration	rawpixel	png	compass	"Pocket compass png sticker, object" is marked with CC0 1.0. To view the terms, visit https://creativecommons.org/publicdomain/zero/1.0/.	curl -O "https://images.rawpixel.com/image_png_1300/cHJpdmF0ZS9sci9pbWFnZXMvd2Vic2l0ZS8yMDIyLTA0L2pvYjcyMS0xNjEtcC5wbmc.png"
971e6e9b-1d79-41cd-91af-a3a9813c4e81	Compass tool clipart, vintage illustration	?	CC0	illustration	rawpixel	eps	compass	"Compass tool clipart, vintage illustration" is marked with CC0 1.0. To view the terms, visit https://creativecommons.org/publicdomain/zero/1.0/.	curl -O "https://images.rawpixel.com/editor_1024/cHJpdmF0ZS9sci9pbWFnZXMvd2Vic2l0ZS8yMDIyLTA1L2pvYjcyMC0xMzMtdi5qcGc.jpg"
10540404-4fdb-4afc-9e7a-915375f7977f	Compass png sticker, object illustration	?	CC0	illustration	rawpixel	png	compass	"Compass png sticker, object illustration" is marked with CC0 1.0. To view the terms, visit https://creativecommons.org/publicdomain/zero/1.0/.	curl -O "https://images.rawpixel.com/image_png_1300/czNmcy1wcml2YXRlL3Jhd3BpeGVsX2ltYWdlcy93ZWJzaXRlX2NvbnRlbnQvam9iNjc4LTAyMC1wLWwxNjRwdHVpLnBuZw.png"
4667d26d-a062-4cb4-86a9-95c1a53a0273	Compass png sticker, transparent background	?	CC0	illustration	rawpixel	png	compass	"Compass png sticker, transparent background" is marked with CC0 1.0. To view the terms, visit https://creativecommons.org/publicdomain/zero/1.0/.	curl -O "https://images.rawpixel.com/image_png_1300/cHJpdmF0ZS9sci9pbWFnZXMvd2Vic2l0ZS8yMDIyLTA3L2pvYjk1NC0xMTQucG5n.png"
90f91dd3-6f52-4617-b1bd-812fe9540528	Antique compass clipart, travel object	?	CC0	illustration	rawpixel	eps	compass	"Antique compass clipart, travel object" is marked with CC0 1.0. To view the terms, visit https://creativecommons.org/publicdomain/zero/1.0/.	curl -O "https://images.rawpixel.com/editor_1024/czNmcy1wcml2YXRlL3Jhd3BpeGVsX2ltYWdlcy93ZWJzaXRlX2NvbnRlbnQvam9iNjY2LTA5MC12LWwxMDg0M2xmLmpwZw.jpg"
2060c5fe-7c2b-443b-86ec-e4cfaa0248e5	Travel compass png sticker, transparent	?	CC0	illustration	rawpixel	png	compass	"Travel compass png sticker, transparent" is marked with CC0 1.0. To view the terms, visit https://creativecommons.org/publicdomain/zero/1.0/.	curl -O "https://images.rawpixel.com/image_png_1300/cHJpdmF0ZS9sci9pbWFnZXMvd2Vic2l0ZS8yMDIyLTA2L2pvYjk0OC0wNzktcF8xLnBuZw.png"
e9200e66-4833-45d0-9806-4e733ce83595	Wear Face Shields Icon	Goran Paunovic	CC0	illustration	wikimedia	svg	shield icon	"Wear Face Shields Icon" by Goran Paunovic is marked with CC0 1.0. To view the terms, visit https://creativecommons.org/publicdomain/zero/1.0/deed.en/.	curl -O "https://upload.wikimedia.org/wikipedia/commons/b/b4/Wear_Face_Shields_Icon.svg"
7b75263c-42e1-4cf6-bdb6-90ea0d80f48b	Noun project 1162	Christopher T. Howlett	CC-BY 3.0	illustration	wikimedia	svg	shield icon	"Noun project 1162" by Christopher T. Howlett is licensed under CC BY 3.0. To view a copy of this license, visit https://creativecommons.org/licenses/by/3.0/.	curl -O "https://upload.wikimedia.org/wikipedia/commons/6/6a/Noun_project_1162.svg"
443becf5-7cfd-486d-9f44-8a1d97b237fb	Dragon-shield - Delapouite - white - game-icons	Delapouite	CC-BY 3.0	illustration	wikimedia	svg	shield icon	"Dragon-shield - Delapouite - white - game-icons" by Delapouite is licensed under CC BY 3.0. To view a copy of this license, visit https://creativecommons.org/licenses/by/3.0/.	curl -O "https://upload.wikimedia.org/wikipedia/commons/5/5a/Dragon-shield_-_Delapouite_-_white_-_game-icons.svg"
03c6cf86-7908-4b2b-9459-0e72f4d2dd60	Winged-shield - Lorc - white - game-icons	Lorc	CC-BY 3.0	illustration	wikimedia	svg	shield icon	"Winged-shield - Lorc - white - game-icons" by Lorc is licensed under CC BY 3.0. To view a copy of this license, visit https://creativecommons.org/licenses/by/3.0/.	curl -O "https://upload.wikimedia.org/wikipedia/commons/e/ef/Winged-shield_-_Lorc_-_white_-_game-icons.svg"
5d3b8107-fa1e-48bd-9573-8767284bc7bc	Cracked-shield - Lorc - white - game-icons	Lorc	CC-BY 3.0	illustration	wikimedia	svg	shield icon	"Cracked-shield - Lorc - white - game-icons" by Lorc is licensed under CC BY 3.0. To view a copy of this license, visit https://creativecommons.org/licenses/by/3.0/.	curl -O "https://upload.wikimedia.org/wikipedia/commons/3/31/Cracked-shield_-_Lorc_-_white_-_game-icons.svg"
293f2018-4355-4e4d-8f5d-448a0c93956d	Shield-opposition - Delapouite - white - game-icons	Delapouite	CC-BY 3.0	illustration	wikimedia	svg	shield icon	"Shield-opposition - Delapouite - white - game-icons" by Delapouite is licensed under CC BY 3.0. To view a copy of this license, visit https://creativecommons.org/licenses/by/3.0/.	curl -O "https://upload.wikimedia.org/wikipedia/commons/2/25/Shield-opposition_-_Delapouite_-_white_-_game-icons.svg"
e0ab7c02-d14c-4539-8f10-e57bb2f30291	Bordered-shield - Lorc - white - game-icons	Lorc	CC-BY 3.0	illustration	wikimedia	svg	shield icon	"Bordered-shield - Lorc - white - game-icons" by Lorc is licensed under CC BY 3.0. To view a copy of this license, visit https://creativecommons.org/licenses/by/3.0/.	curl -O "https://upload.wikimedia.org/wikipedia/commons/e/e2/Bordered-shield_-_Lorc_-_white_-_game-icons.svg"
b8483b08-b3da-4925-88d4-a7c183db1d87	Round-shield - Willdabeast - white - game-icons	Willdabeast	CC-BY 3.0	illustration	wikimedia	svg	shield icon	"Round-shield - Willdabeast - white - game-icons" by Willdabeast is licensed under CC BY 3.0. To view a copy of this license, visit https://creativecommons.org/licenses/by/3.0/.	curl -O "https://upload.wikimedia.org/wikipedia/commons/0/0e/Round-shield_-_Willdabeast_-_white_-_game-icons.svg"
393855bb-3864-4463-ba4b-983d0aa22162	Surrounded-shield - Lorc - white - game-icons	Lorc	CC-BY 3.0	illustration	wikimedia	svg	shield icon	"Surrounded-shield - Lorc - white - game-icons" by Lorc is licensed under CC BY 3.0. To view a copy of this license, visit https://creativecommons.org/licenses/by/3.0/.	curl -O "https://upload.wikimedia.org/wikipedia/commons/e/e0/Surrounded-shield_-_Lorc_-_white_-_game-icons.svg"
914c8b58-3fc6-4c2d-ba63-dcca21e3646e	Shield - Sbed - white - game-icons	Sbed	CC-BY 3.0	illustration	wikimedia	svg	shield icon	"Shield - Sbed - white - game-icons" by Sbed is licensed under CC BY 3.0. To view a copy of this license, visit https://creativecommons.org/licenses/by/3.0/.	curl -O "https://upload.wikimedia.org/wikipedia/commons/f/f3/Shield_-_Sbed_-_white_-_game-icons.svg"
235839c1-ecb2-4745-8f36-de0bb7d00cda	Shield Pinhead icon	Quincy Morgan, Temaki contributors	CC0	illustration	wikimedia	svg	shield icon	"Shield Pinhead icon" by Quincy Morgan, Temaki contributors is marked with CC0 1.0. To view the terms, visit https://creativecommons.org/publicdomain/zero/1.0/deed.en/.	curl -O "https://upload.wikimedia.org/wikipedia/commons/e/e8/Shield_Pinhead_icon.svg"
d594dbde-cdaa-4158-8f62-8866b1571a7e	Tribal-shield - Delapouite - white - game-icons	Delapouite	CC-BY 3.0	illustration	wikimedia	svg	shield icon	"Tribal-shield - Delapouite - white - game-icons" by Delapouite is licensed under CC BY 3.0. To view a copy of this license, visit https://creativecommons.org/licenses/by/3.0/.	curl -O "https://upload.wikimedia.org/wikipedia/commons/0/08/Tribal-shield_-_Delapouite_-_white_-_game-icons.svg"
3caea622-eb9e-4ea9-a3fe-702edfac2cb9	Broken-shield - Lorc - white - game-icons	Lorc	CC-BY 3.0	illustration	wikimedia	svg	shield icon	"Broken-shield - Lorc - white - game-icons" by Lorc is licensed under CC BY 3.0. To view a copy of this license, visit https://creativecommons.org/licenses/by/3.0/.	curl -O "https://upload.wikimedia.org/wikipedia/commons/5/5c/Broken-shield_-_Lorc_-_white_-_game-icons.svg"
a9dc6b15-42a2-459c-852c-730ec24b7422	Cross-shield - Delapouite - white - game-icons	Delapouite	CC-BY 3.0	illustration	wikimedia	svg	shield icon	"Cross-shield - Delapouite - white - game-icons" by Delapouite is licensed under CC BY 3.0. To view a copy of this license, visit https://creativecommons.org/licenses/by/3.0/.	curl -O "https://upload.wikimedia.org/wikipedia/commons/0/06/Cross-shield_-_Delapouite_-_white_-_game-icons.svg"
778412c2-358e-449a-b81a-c74f91c8ddb1	Energy-shield - Lorc - white - game-icons	Lorc	CC-BY 3.0	illustration	wikimedia	svg	shield icon	"Energy-shield - Lorc - white - game-icons" by Lorc is licensed under CC BY 3.0. To view a copy of this license, visit https://creativecommons.org/licenses/by/3.0/.	curl -O "https://upload.wikimedia.org/wikipedia/commons/2/29/Energy-shield_-_Lorc_-_white_-_game-icons.svg"
c378a53f-f8c7-4fd5-af44-bfe04d2fa51e	Vibrating-shield - Delapouite - white - game-icons	Delapouite	CC-BY 3.0	illustration	wikimedia	svg	shield icon	"Vibrating-shield - Delapouite - white - game-icons" by Delapouite is licensed under CC BY 3.0. To view a copy of this license, visit https://creativecommons.org/licenses/by/3.0/.	curl -O "https://upload.wikimedia.org/wikipedia/commons/5/50/Vibrating-shield_-_Delapouite_-_white_-_game-icons.svg"
794b301d-d6dc-47f1-b821-a6e524d9f81b	Eye-shield - Lorc - white - game-icons	Lorc	CC-BY 3.0	illustration	wikimedia	svg	shield icon	"Eye-shield - Lorc - white - game-icons" by Lorc is licensed under CC BY 3.0. To view a copy of this license, visit https://creativecommons.org/licenses/by/3.0/.	curl -O "https://upload.wikimedia.org/wikipedia/commons/6/66/Eye-shield_-_Lorc_-_white_-_game-icons.svg"
76ae1f36-01fa-4130-a0a9-fd032dc11021	Healing-shield - Delapouite - white - game-icons	Delapouite	CC-BY 3.0	illustration	wikimedia	svg	shield icon	"Healing-shield - Delapouite - white - game-icons" by Delapouite is licensed under CC BY 3.0. To view a copy of this license, visit https://creativecommons.org/licenses/by/3.0/.	curl -O "https://upload.wikimedia.org/wikipedia/commons/7/72/Healing-shield_-_Delapouite_-_white_-_game-icons.svg"
a6aa9f7f-a17c-4727-b013-ffcc2a62ae63	Bell-shield - Lorc - white - game-icons	Lorc	CC-BY 3.0	illustration	wikimedia	svg	shield icon	"Bell-shield - Lorc - white - game-icons" by Lorc is licensed under CC BY 3.0. To view a copy of this license, visit https://creativecommons.org/licenses/by/3.0/.	curl -O "https://upload.wikimedia.org/wikipedia/commons/9/9e/Bell-shield_-_Lorc_-_white_-_game-icons.svg"
8761ea3e-6628-4489-9ac1-61c389f31cc1	Zebra-shield - Lorc - white - game-icons	Lorc	CC-BY 3.0	illustration	wikimedia	svg	shield icon	"Zebra-shield - Lorc - white - game-icons" by Lorc is licensed under CC BY 3.0. To view a copy of this license, visit https://creativecommons.org/licenses/by/3.0/.	curl -O "https://upload.wikimedia.org/wikipedia/commons/d/d6/Zebra-shield_-_Lorc_-_white_-_game-icons.svg"
bec27a22-29ff-4ae2-b51c-23ce778cd44f	Viking-shield - Delapouite - white - game-icons	Delapouite	CC-BY 3.0	illustration	wikimedia	svg	shield icon	"Viking-shield - Delapouite - white - game-icons" by Delapouite is licensed under CC BY 3.0. To view a copy of this license, visit https://creativecommons.org/licenses/by/3.0/.	curl -O "https://upload.wikimedia.org/wikipedia/commons/5/5d/Viking-shield_-_Delapouite_-_white_-_game-icons.svg"
e61bed52-3056-4016-8819-3b543e4fa394	Fire-shield - Lorc - white - game-icons	Lorc	CC-BY 3.0	illustration	wikimedia	svg	shield icon	"Fire-shield - Lorc - white - game-icons" by Lorc is licensed under CC BY 3.0. To view a copy of this license, visit https://creativecommons.org/licenses/by/3.0/.	curl -O "https://upload.wikimedia.org/wikipedia/commons/a/ab/Fire-shield_-_Lorc_-_white_-_game-icons.svg"
2f3df946-33db-4981-92bf-996daa1e0042	Black-hand-shield - Lorc - white - game-icons	Lorc	CC-BY 3.0	illustration	wikimedia	svg	shield icon	"Black-hand-shield - Lorc - white - game-icons" by Lorc is licensed under CC BY 3.0. To view a copy of this license, visit https://creativecommons.org/licenses/by/3.0/.	curl -O "https://upload.wikimedia.org/wikipedia/commons/2/26/Black-hand-shield_-_Lorc_-_white_-_game-icons.svg"
e587f46b-9d0f-4665-af3a-a730d1a5d7ff	Skull-shield - Lorc - white - game-icons	Lorc	CC-BY 3.0	illustration	wikimedia	svg	shield icon	"Skull-shield - Lorc - white - game-icons" by Lorc is licensed under CC BY 3.0. To view a copy of this license, visit https://creativecommons.org/licenses/by/3.0/.	curl -O "https://upload.wikimedia.org/wikipedia/commons/1/11/Skull-shield_-_Lorc_-_white_-_game-icons.svg"
3f83b7ce-3f4b-468f-b180-d917d687cee1	Temporary-shield - Delapouite - white - game-icons	Delapouite	CC-BY 3.0	illustration	wikimedia	svg	shield icon	"Temporary-shield - Delapouite - white - game-icons" by Delapouite is licensed under CC BY 3.0. To view a copy of this license, visit https://creativecommons.org/licenses/by/3.0/.	curl -O "https://upload.wikimedia.org/wikipedia/commons/d/db/Temporary-shield_-_Delapouite_-_white_-_game-icons.svg"
0501d5f8-89cb-4511-9507-12cecaa6a437	Shield-bash - Delapouite - white - game-icons	Delapouite	CC-BY 3.0	illustration	wikimedia	svg	shield icon	"Shield-bash - Delapouite - white - game-icons" by Delapouite is licensed under CC BY 3.0. To view a copy of this license, visit https://creativecommons.org/licenses/by/3.0/.	curl -O "https://upload.wikimedia.org/wikipedia/commons/7/79/Shield-bash_-_Delapouite_-_white_-_game-icons.svg"
5a494ac1-b416-430b-bfc7-7ccad3126bd4	Rosa-shield - Lorc - white - game-icons	Lorc	CC-BY 3.0	illustration	wikimedia	svg	shield icon	"Rosa-shield - Lorc - white - game-icons" by Lorc is licensed under CC BY 3.0. To view a copy of this license, visit https://creativecommons.org/licenses/by/3.0/.	curl -O "https://upload.wikimedia.org/wikipedia/commons/e/e1/Rosa-shield_-_Lorc_-_white_-_game-icons.svg"
6b36df24-10e0-4e07-a6ea-f1cfc3111d53	Badge shield Pinhead icon	OSM Americana contributors	CC0	illustration	wikimedia	svg	shield icon	"Badge shield Pinhead icon" by OSM Americana contributors is marked with CC0 1.0. To view the terms, visit https://creativecommons.org/publicdomain/zero/1.0/deed.en/.	curl -O "https://upload.wikimedia.org/wikipedia/commons/0/0f/Badge_shield_Pinhead_icon.svg"
1ec7a4c5-35c0-42fa-8eb6-a717a850d7b0	Shield-bounces - Lorc - white - game-icons	Lorc	CC-BY 3.0	illustration	wikimedia	svg	shield icon	"Shield-bounces - Lorc - white - game-icons" by Lorc is licensed under CC BY 3.0. To view a copy of this license, visit https://creativecommons.org/licenses/by/3.0/.	curl -O "https://upload.wikimedia.org/wikipedia/commons/f/fc/Shield-bounces_-_Lorc_-_white_-_game-icons.svg"
daef2ed9-91c5-4ed2-b610-27ae927a875b	Checked-shield - Lorc - white - game-icons	Lorc	CC-BY 3.0	illustration	wikimedia	svg	shield icon	"Checked-shield - Lorc - white - game-icons" by Lorc is licensed under CC BY 3.0. To view a copy of this license, visit https://creativecommons.org/licenses/by/3.0/.	curl -O "https://upload.wikimedia.org/wikipedia/commons/e/ea/Checked-shield_-_Lorc_-_white_-_game-icons.svg"
8eec6c8b-9af4-4b6a-b5a7-704596199d22	American-shield - Delapouite - white - game-icons	Delapouite	CC-BY 3.0	illustration	wikimedia	svg	shield icon	"American-shield - Delapouite - white - game-icons" by Delapouite is licensed under CC BY 3.0. To view a copy of this license, visit https://creativecommons.org/licenses/by/3.0/.	curl -O "https://upload.wikimedia.org/wikipedia/commons/9/92/American-shield_-_Delapouite_-_white_-_game-icons.svg"
a98c4ed7-66e5-48d5-b02e-a31219eaef2c	Riot-shield - Lorc - white - game-icons	Lorc	CC-BY 3.0	illustration	wikimedia	svg	shield icon	"Riot-shield - Lorc - white - game-icons" by Lorc is licensed under CC BY 3.0. To view a copy of this license, visit https://creativecommons.org/licenses/by/3.0/.	curl -O "https://upload.wikimedia.org/wikipedia/commons/c/c6/Riot-shield_-_Lorc_-_white_-_game-icons.svg"
86db60ec-12e1-497e-b8d3-898bdad399f8	Shield-reflect - Lorc - white - game-icons	Lorc	CC-BY 3.0	illustration	wikimedia	svg	shield icon	"Shield-reflect - Lorc - white - game-icons" by Lorc is licensed under CC BY 3.0. To view a copy of this license, visit https://creativecommons.org/licenses/by/3.0/.	curl -O "https://upload.wikimedia.org/wikipedia/commons/5/58/Shield-reflect_-_Lorc_-_white_-_game-icons.svg"
a64810b5-8fd4-4e0a-9552-bc0b06292a8e	Ice-shield - Lorc - white - game-icons	Lorc	CC-BY 3.0	illustration	wikimedia	svg	shield icon	"Ice-shield - Lorc - white - game-icons" by Lorc is licensed under CC BY 3.0. To view a copy of this license, visit https://creativecommons.org/licenses/by/3.0/.	curl -O "https://upload.wikimedia.org/wikipedia/commons/2/28/Ice-shield_-_Lorc_-_white_-_game-icons.svg"
4c966157-a0ff-452c-bba1-c87d649e7158	Trident-shield - Delapouite - white - game-icons	Delapouite	CC-BY 3.0	illustration	wikimedia	svg	shield icon	"Trident-shield - Delapouite - white - game-icons" by Delapouite is licensed under CC BY 3.0. To view a copy of this license, visit https://creativecommons.org/licenses/by/3.0/.	curl -O "https://upload.wikimedia.org/wikipedia/commons/7/7d/Trident-shield_-_Delapouite_-_white_-_game-icons.svg"
d3055249-b477-46d4-81f6-870ae668ce74	Edged-shield - Lorc - white - game-icons	Lorc	CC-BY 3.0	illustration	wikimedia	svg	shield icon	"Edged-shield - Lorc - white - game-icons" by Lorc is licensed under CC BY 3.0. To view a copy of this license, visit https://creativecommons.org/licenses/by/3.0/.	curl -O "https://upload.wikimedia.org/wikipedia/commons/3/37/Edged-shield_-_Lorc_-_white_-_game-icons.svg"
2e25c9a3-57fb-4117-9cbf-a9d56db970b6	Ribbon-shield - Delapouite - white - game-icons	Delapouite	CC-BY 3.0	illustration	wikimedia	svg	shield icon	"Ribbon-shield - Delapouite - white - game-icons" by Delapouite is licensed under CC BY 3.0. To view a copy of this license, visit https://creativecommons.org/licenses/by/3.0/.	curl -O "https://upload.wikimedia.org/wikipedia/commons/4/4f/Ribbon-shield_-_Delapouite_-_white_-_game-icons.svg"
4028602c-b0bb-4fd1-80d1-7415a687c04f	Shield-echoes - Lorc - white - game-icons	Lorc	CC-BY 3.0	illustration	wikimedia	svg	shield icon	"Shield-echoes - Lorc - white - game-icons" by Lorc is licensed under CC BY 3.0. To view a copy of this license, visit https://creativecommons.org/licenses/by/3.0/.	curl -O "https://upload.wikimedia.org/wikipedia/commons/0/02/Shield-echoes_-_Lorc_-_white_-_game-icons.svg"
11afc7cc-635d-4ee0-8306-a5d70e85d37b	Shield-disabled - Skoll - white - game-icons	Skoll	CC-BY 3.0	illustration	wikimedia	svg	shield icon	"Shield-disabled - Skoll - white - game-icons" by Skoll is licensed under CC BY 3.0. To view a copy of this license, visit https://creativecommons.org/licenses/by/3.0/.	curl -O "https://upload.wikimedia.org/wikipedia/commons/a/ab/Shield-disabled_-_Skoll_-_white_-_game-icons.svg"
d6f5c2e0-d938-4d1b-8902-d1a9915fad9b	Roman-shield - Delapouite - white - game-icons	Delapouite	CC-BY 3.0	illustration	wikimedia	svg	shield icon	"Roman-shield - Delapouite - white - game-icons" by Delapouite is licensed under CC BY 3.0. To view a copy of this license, visit https://creativecommons.org/licenses/by/3.0/.	curl -O "https://upload.wikimedia.org/wikipedia/commons/8/83/Roman-shield_-_Delapouite_-_white_-_game-icons.svg"
5dcd17d2-0254-41b0-ba9f-bf6364f0e096	Lightning-shield - Lorc - white - game-icons	Lorc	CC-BY 3.0	illustration	wikimedia	svg	shield icon	"Lightning-shield - Lorc - white - game-icons" by Lorc is licensed under CC BY 3.0. To view a copy of this license, visit https://creativecommons.org/licenses/by/3.0/.	curl -O "https://upload.wikimedia.org/wikipedia/commons/c/cf/Lightning-shield_-_Lorc_-_white_-_game-icons.svg"
abff5ddf-f383-4a52-93ff-4b080d769f65	Badge shield with star Pinhead icon	Quincy Morgan	CC0	illustration	wikimedia	svg	shield icon	"Badge shield with star Pinhead icon" by Quincy Morgan is marked with CC0 1.0. To view the terms, visit https://creativecommons.org/publicdomain/zero/1.0/deed.en/.	curl -O "https://upload.wikimedia.org/wikipedia/commons/3/3a/Badge_shield_with_star_Pinhead_icon.svg"
0dc5e215-6133-46d2-be6e-e4b07ef4b075	Briefcase with shield Pinhead icon	Quincy Morgan, Temaki contributors	CC0	illustration	wikimedia	svg	shield icon	"Briefcase with shield Pinhead icon" by Quincy Morgan, Temaki contributors is marked with CC0 1.0. To view the terms, visit https://creativecommons.org/publicdomain/zero/1.0/deed.en/.	curl -O "https://upload.wikimedia.org/wikipedia/commons/a/ae/Briefcase_with_shield_Pinhead_icon.svg"
159adc47-95ee-48cf-bc22-0e40a44d200b	Magic-shield - Lorc - white - game-icons	Lorc	CC-BY 3.0	illustration	wikimedia	svg	shield icon	"Magic-shield - Lorc - white - game-icons" by Lorc is licensed under CC BY 3.0. To view a copy of this license, visit https://creativecommons.org/licenses/by/3.0/.	curl -O "https://upload.wikimedia.org/wikipedia/commons/1/19/Magic-shield_-_Lorc_-_white_-_game-icons.svg"
a471cd8b-d9c3-4030-984c-6adaffee129a	Dice-shield - Delapouite - white - game-icons	Delapouite	CC-BY 3.0	illustration	wikimedia	svg	shield icon	"Dice-shield - Delapouite - white - game-icons" by Delapouite is licensed under CC BY 3.0. To view a copy of this license, visit https://creativecommons.org/licenses/by/3.0/.	curl -O "https://upload.wikimedia.org/wikipedia/commons/8/84/Dice-shield_-_Delapouite_-_white_-_game-icons.svg"
dcbfce73-5527-4195-8cea-37dc00b0ea2a	Crenulated-shield - Lorc - white - game-icons	Lorc	CC-BY 3.0	illustration	wikimedia	svg	shield icon	"Crenulated-shield - Lorc - white - game-icons" by Lorc is licensed under CC BY 3.0. To view a copy of this license, visit https://creativecommons.org/licenses/by/3.0/.	curl -O "https://upload.wikimedia.org/wikipedia/commons/f/f8/Crenulated-shield_-_Lorc_-_white_-_game-icons.svg"
ab351c4b-a82a-4a72-884b-edd0cacfe7a8	Griffin-shield - Delapouite - white - game-icons	Delapouite	CC-BY 3.0	illustration	wikimedia	svg	shield icon	"Griffin-shield - Delapouite - white - game-icons" by Delapouite is licensed under CC BY 3.0. To view a copy of this license, visit https://creativecommons.org/licenses/by/3.0/.	curl -O "https://upload.wikimedia.org/wikipedia/commons/e/ed/Griffin-shield_-_Delapouite_-_white_-_game-icons.svg"
aaae046e-46a3-49d2-ae7e-de55d2e555b6	Badge shield with fire Pinhead icon	OSM Americana contributors	CC0	illustration	wikimedia	svg	shield icon	"Badge shield with fire Pinhead icon" by OSM Americana contributors is marked with CC0 1.0. To view the terms, visit https://creativecommons.org/publicdomain/zero/1.0/deed.en/.	curl -O "https://upload.wikimedia.org/wikipedia/commons/d/de/Badge_shield_with_fire_Pinhead_icon.svg"
1f9d3dee-1bc1-4a94-a7fb-e9b69363a7a8	Attached-shield - Delapouite - white - game-icons	Delapouite	CC-BY 3.0	illustration	wikimedia	svg	shield icon	"Attached-shield - Delapouite - white - game-icons" by Delapouite is licensed under CC BY 3.0. To view a copy of this license, visit https://creativecommons.org/licenses/by/3.0/.	curl -O "https://upload.wikimedia.org/wikipedia/commons/a/ad/Attached-shield_-_Delapouite_-_white_-_game-icons.svg"
4111c77e-a4b8-4d8d-93bd-6f0c32168bea	Templar-shield - Delapouite - white - game-icons	Delapouite	CC-BY 3.0	illustration	wikimedia	svg	shield icon	"Templar-shield - Delapouite - white - game-icons" by Delapouite is licensed under CC BY 3.0. To view a copy of this license, visit https://creativecommons.org/licenses/by/3.0/.	curl -O "https://upload.wikimedia.org/wikipedia/commons/f/f3/Templar-shield_-_Delapouite_-_white_-_game-icons.svg"
5fe65652-c1cc-4c85-a20b-70c921791b6a	Bolt-shield - Lorc - white - game-icons	Lorc	CC-BY 3.0	illustration	wikimedia	svg	shield icon	"Bolt-shield - Lorc - white - game-icons" by Lorc is licensed under CC BY 3.0. To view a copy of this license, visit https://creativecommons.org/licenses/by/3.0/.	curl -O "https://upload.wikimedia.org/wikipedia/commons/6/64/Bolt-shield_-_Lorc_-_white_-_game-icons.svg"
ac9af0ea-a644-42fc-8397-0fea4a0b629e	Cross-shield - Delapouite - game-icons	Delapouite	CC-BY 3.0	illustration	wikimedia	svg	shield icon	"Cross-shield - Delapouite - game-icons" by Delapouite is licensed under CC BY 3.0. To view a copy of this license, visit https://creativecommons.org/licenses/by/3.0/.	curl -O "https://upload.wikimedia.org/wikipedia/commons/6/65/Cross-shield_-_Delapouite_-_game-icons.svg"
8ffc987d-ad57-4c7e-a909-37c83415a371	Paomedia small-n-flat shield-warning	paomedia	CC0	illustration	wikimedia	svg	shield icon	"Paomedia small-n-flat shield-warning" by paomedia is marked with CC0 1.0. To view the terms, visit https://creativecommons.org/publicdomain/zero/1.0/deed.en/.	curl -O "https://upload.wikimedia.org/wikipedia/commons/9/9f/Paomedia_small-n-flat_shield-warning.svg"
3d6c96fc-4c1e-4ded-a249-f6a52ce36efb	Shield-bounces - Lorc - game-icons	Lorc	CC-BY 3.0	illustration	wikimedia	svg	shield icon	"Shield-bounces - Lorc - game-icons" by Lorc is licensed under CC BY 3.0. To view a copy of this license, visit https://creativecommons.org/licenses/by/3.0/.	curl -O "https://upload.wikimedia.org/wikipedia/commons/d/d4/Shield-bounces_-_Lorc_-_game-icons.svg"
60258de8-d691-404d-90de-c8f586c9e4a7	Eye-shield - Lorc - game-icons	Lorc	CC-BY 3.0	illustration	wikimedia	svg	shield icon	"Eye-shield - Lorc - game-icons" by Lorc is licensed under CC BY 3.0. To view a copy of this license, visit https://creativecommons.org/licenses/by/3.0/.	curl -O "https://upload.wikimedia.org/wikipedia/commons/6/6a/Eye-shield_-_Lorc_-_game-icons.svg"
998ce6c9-aecf-45f9-a18b-97075c8e87ea	Rosa-shield - Lorc - game-icons	Lorc	CC-BY 3.0	illustration	wikimedia	svg	shield icon	"Rosa-shield - Lorc - game-icons" by Lorc is licensed under CC BY 3.0. To view a copy of this license, visit https://creativecommons.org/licenses/by/3.0/.	curl -O "https://upload.wikimedia.org/wikipedia/commons/c/c9/Rosa-shield_-_Lorc_-_game-icons.svg"
f46ab80d-60e4-4913-8600-8256dd7ade7c	Riot-shield - Lorc - game-icons	Lorc	CC-BY 3.0	illustration	wikimedia	svg	shield icon	"Riot-shield - Lorc - game-icons" by Lorc is licensed under CC BY 3.0. To view a copy of this license, visit https://creativecommons.org/licenses/by/3.0/.	curl -O "https://upload.wikimedia.org/wikipedia/commons/a/ae/Riot-shield_-_Lorc_-_game-icons.svg"
8ceaf8b8-a54a-4264-a7e7-11b930da9736	Shield-opposition - Delapouite - game-icons	Delapouite	CC-BY 3.0	illustration	wikimedia	svg	shield icon	"Shield-opposition - Delapouite - game-icons" by Delapouite is licensed under CC BY 3.0. To view a copy of this license, visit https://creativecommons.org/licenses/by/3.0/.	curl -O "https://upload.wikimedia.org/wikipedia/commons/8/81/Shield-opposition_-_Delapouite_-_game-icons.svg"
