goi	ten	license	cach_lay
assets_source/city-builder-bits/KayKit_City_Builder_Bits_1.0_FREE/Assets/fbx	base	CC0 1.0	node tools/tai_itch.mjs <tac-gia>/<goi> o repo quoc-chien
assets_source/city-builder-bits/KayKit_City_Builder_Bits_1.0_FREE/Assets/fbx	bench	CC0 1.0	node tools/tai_itch.mjs <tac-gia>/<goi> o repo quoc-chien
assets_source/city-builder-bits/KayKit_City_Builder_Bits_1.0_FREE/Assets/fbx	box_A	CC0 1.0	node tools/tai_itch.mjs <tac-gia>/<goi> o repo quoc-chien
assets_source/city-builder-bits/KayKit_City_Builder_Bits_1.0_FREE/Assets/fbx	box_B	CC0 1.0	node tools/tai_itch.mjs <tac-gia>/<goi> o repo quoc-chien
assets_source/city-builder-bits/KayKit_City_Builder_Bits_1.0_FREE/Assets/fbx	building_A	CC0 1.0	node tools/tai_itch.mjs <tac-gia>/<goi> o repo quoc-chien
assets_source/city-builder-bits/KayKit_City_Builder_Bits_1.0_FREE/Assets/fbx	building_A_withoutBase	CC0 1.0	node tools/tai_itch.mjs <tac-gia>/<goi> o repo quoc-chien
assets_source/city-builder-bits/KayKit_City_Builder_Bits_1.0_FREE/Assets/fbx	building_B	CC0 1.0	node tools/tai_itch.mjs <tac-gia>/<goi> o repo quoc-chien
assets_source/city-builder-bits/KayKit_City_Builder_Bits_1.0_FREE/Assets/fbx	building_B_withoutBase	CC0 1.0	node tools/tai_itch.mjs <tac-gia>/<goi> o repo quoc-chien
assets_source/city-builder-bits/KayKit_City_Builder_Bits_1.0_FREE/Assets/fbx	building_C	CC0 1.0	node tools/tai_itch.mjs <tac-gia>/<goi> o repo quoc-chien
assets_source/city-builder-bits/KayKit_City_Builder_Bits_1.0_FREE/Assets/fbx	building_C_withoutBase	CC0 1.0	node tools/tai_itch.mjs <tac-gia>/<goi> o repo quoc-chien
assets_source/city-builder-bits/KayKit_City_Builder_Bits_1.0_FREE/Assets/fbx	building_D	CC0 1.0	node tools/tai_itch.mjs <tac-gia>/<goi> o repo quoc-chien
assets_source/city-builder-bits/KayKit_City_Builder_Bits_1.0_FREE/Assets/fbx	building_D_withoutBase	CC0 1.0	node tools/tai_itch.mjs <tac-gia>/<goi> o repo quoc-chien
assets_source/city-builder-bits/KayKit_City_Builder_Bits_1.0_FREE/Assets/fbx	building_E	CC0 1.0	node tools/tai_itch.mjs <tac-gia>/<goi> o repo quoc-chien
assets_source/city-builder-bits/KayKit_City_Builder_Bits_1.0_FREE/Assets/fbx	building_E_withoutBase	CC0 1.0	node tools/tai_itch.mjs <tac-gia>/<goi> o repo quoc-chien
assets_source/city-builder-bits/KayKit_City_Builder_Bits_1.0_FREE/Assets/fbx	building_F	CC0 1.0	node tools/tai_itch.mjs <tac-gia>/<goi> o repo quoc-chien
assets_source/city-builder-bits/KayKit_City_Builder_Bits_1.0_FREE/Assets/fbx	building_F_withoutBase	CC0 1.0	node tools/tai_itch.mjs <tac-gia>/<goi> o repo quoc-chien
assets_source/city-builder-bits/KayKit_City_Builder_Bits_1.0_FREE/Assets/fbx	building_G	CC0 1.0	node tools/tai_itch.mjs <tac-gia>/<goi> o repo quoc-chien
assets_source/city-builder-bits/KayKit_City_Builder_Bits_1.0_FREE/Assets/fbx	building_G_withoutBase	CC0 1.0	node tools/tai_itch.mjs <tac-gia>/<goi> o repo quoc-chien
assets_source/city-builder-bits/KayKit_City_Builder_Bits_1.0_FREE/Assets/fbx	building_H	CC0 1.0	node tools/tai_itch.mjs <tac-gia>/<goi> o repo quoc-chien
assets_source/city-builder-bits/KayKit_City_Builder_Bits_1.0_FREE/Assets/fbx	building_H_withoutBase	CC0 1.0	node tools/tai_itch.mjs <tac-gia>/<goi> o repo quoc-chien
assets_source/city-builder-bits/KayKit_City_Builder_Bits_1.0_FREE/Assets/fbx	bush	CC0 1.0	node tools/tai_itch.mjs <tac-gia>/<goi> o repo quoc-chien
assets_source/city-builder-bits/KayKit_City_Builder_Bits_1.0_FREE/Assets/fbx	car_hatchback	CC0 1.0	node tools/tai_itch.mjs <tac-gia>/<goi> o repo quoc-chien
assets_source/city-builder-bits/KayKit_City_Builder_Bits_1.0_FREE/Assets/fbx	car_police	CC0 1.0	node tools/tai_itch.mjs <tac-gia>/<goi> o repo quoc-chien
assets_source/city-builder-bits/KayKit_City_Builder_Bits_1.0_FREE/Assets/fbx	car_sedan	CC0 1.0	node tools/tai_itch.mjs <tac-gia>/<goi> o repo quoc-chien
assets_source/city-builder-bits/KayKit_City_Builder_Bits_1.0_FREE/Assets/fbx	car_stationwagon	CC0 1.0	node tools/tai_itch.mjs <tac-gia>/<goi> o repo quoc-chien
assets_source/city-builder-bits/KayKit_City_Builder_Bits_1.0_FREE/Assets/fbx	car_taxi	CC0 1.0	node tools/tai_itch.mjs <tac-gia>/<goi> o repo quoc-chien
assets_source/city-builder-bits/KayKit_City_Builder_Bits_1.0_FREE/Assets/fbx	dumpster	CC0 1.0	node tools/tai_itch.mjs <tac-gia>/<goi> o repo quoc-chien
assets_source/city-builder-bits/KayKit_City_Builder_Bits_1.0_FREE/Assets/fbx	firehydrant	CC0 1.0	node tools/tai_itch.mjs <tac-gia>/<goi> o repo quoc-chien
assets_source/city-builder-bits/KayKit_City_Builder_Bits_1.0_FREE/Assets/fbx	road_corner	CC0 1.0	node tools/tai_itch.mjs <tac-gia>/<goi> o repo quoc-chien
assets_source/city-builder-bits/KayKit_City_Builder_Bits_1.0_FREE/Assets/fbx	road_corner_curved	CC0 1.0	node tools/tai_itch.mjs <tac-gia>/<goi> o repo quoc-chien
assets_source/city-builder-bits/KayKit_City_Builder_Bits_1.0_FREE/Assets/fbx	road_junction	CC0 1.0	node tools/tai_itch.mjs <tac-gia>/<goi> o repo quoc-chien
assets_source/city-builder-bits/KayKit_City_Builder_Bits_1.0_FREE/Assets/fbx	road_straight	CC0 1.0	node tools/tai_itch.mjs <tac-gia>/<goi> o repo quoc-chien
assets_source/city-builder-bits/KayKit_City_Builder_Bits_1.0_FREE/Assets/fbx	road_straight_crossing	CC0 1.0	node tools/tai_itch.mjs <tac-gia>/<goi> o repo quoc-chien
assets_source/city-builder-bits/KayKit_City_Builder_Bits_1.0_FREE/Assets/fbx	road_tsplit	CC0 1.0	node tools/tai_itch.mjs <tac-gia>/<goi> o repo quoc-chien
assets_source/city-builder-bits/KayKit_City_Builder_Bits_1.0_FREE/Assets/fbx	streetlight	CC0 1.0	node tools/tai_itch.mjs <tac-gia>/<goi> o repo quoc-chien
assets_source/city-builder-bits/KayKit_City_Builder_Bits_1.0_FREE/Assets/fbx	trafficlight_A	CC0 1.0	node tools/tai_itch.mjs <tac-gia>/<goi> o repo quoc-chien
assets_source/city-builder-bits/KayKit_City_Builder_Bits_1.0_FREE/Assets/fbx	trafficlight_B	CC0 1.0	node tools/tai_itch.mjs <tac-gia>/<goi> o repo quoc-chien
assets_source/city-builder-bits/KayKit_City_Builder_Bits_1.0_FREE/Assets/fbx	trafficlight_C	CC0 1.0	node tools/tai_itch.mjs <tac-gia>/<goi> o repo quoc-chien
assets_source/city-builder-bits/KayKit_City_Builder_Bits_1.0_FREE/Assets/fbx	trash_A	CC0 1.0	node tools/tai_itch.mjs <tac-gia>/<goi> o repo quoc-chien
assets_source/city-builder-bits/KayKit_City_Builder_Bits_1.0_FREE/Assets/fbx	trash_B	CC0 1.0	node tools/tai_itch.mjs <tac-gia>/<goi> o repo quoc-chien
assets_source/city-builder-bits/KayKit_City_Builder_Bits_1.0_FREE/Assets/fbx	watertower	CC0 1.0	node tools/tai_itch.mjs <tac-gia>/<goi> o repo quoc-chien
assets_source/city-builder-bits/KayKit_City_Builder_Bits_1.0_FREE/Assets/fbx (unity)	base	CC0 1.0	node tools/tai_itch.mjs <tac-gia>/<goi> o repo quoc-chien
assets_source/city-builder-bits/KayKit_City_Builder_Bits_1.0_FREE/Assets/fbx (unity)	bench	CC0 1.0	node tools/tai_itch.mjs <tac-gia>/<goi> o repo quoc-chien
assets_source/city-builder-bits/KayKit_City_Builder_Bits_1.0_FREE/Assets/fbx (unity)	box_A	CC0 1.0	node tools/tai_itch.mjs <tac-gia>/<goi> o repo quoc-chien
assets_source/city-builder-bits/KayKit_City_Builder_Bits_1.0_FREE/Assets/fbx (unity)	box_B	CC0 1.0	node tools/tai_itch.mjs <tac-gia>/<goi> o repo quoc-chien
assets_source/city-builder-bits/KayKit_City_Builder_Bits_1.0_FREE/Assets/fbx (unity)	building_A	CC0 1.0	node tools/tai_itch.mjs <tac-gia>/<goi> o repo quoc-chien
assets_source/city-builder-bits/KayKit_City_Builder_Bits_1.0_FREE/Assets/fbx (unity)	building_A_withoutBase	CC0 1.0	node tools/tai_itch.mjs <tac-gia>/<goi> o repo quoc-chien
assets_source/city-builder-bits/KayKit_City_Builder_Bits_1.0_FREE/Assets/fbx (unity)	building_B	CC0 1.0	node tools/tai_itch.mjs <tac-gia>/<goi> o repo quoc-chien
assets_source/city-builder-bits/KayKit_City_Builder_Bits_1.0_FREE/Assets/fbx (unity)	building_B_withoutBase	CC0 1.0	node tools/tai_itch.mjs <tac-gia>/<goi> o repo quoc-chien
assets_source/city-builder-bits/KayKit_City_Builder_Bits_1.0_FREE/Assets/fbx (unity)	building_C	CC0 1.0	node tools/tai_itch.mjs <tac-gia>/<goi> o repo quoc-chien
assets_source/city-builder-bits/KayKit_City_Builder_Bits_1.0_FREE/Assets/fbx (unity)	building_C_withoutBase	CC0 1.0	node tools/tai_itch.mjs <tac-gia>/<goi> o repo quoc-chien
assets_source/city-builder-bits/KayKit_City_Builder_Bits_1.0_FREE/Assets/fbx (unity)	building_D	CC0 1.0	node tools/tai_itch.mjs <tac-gia>/<goi> o repo quoc-chien
assets_source/city-builder-bits/KayKit_City_Builder_Bits_1.0_FREE/Assets/fbx (unity)	building_D_withoutBase	CC0 1.0	node tools/tai_itch.mjs <tac-gia>/<goi> o repo quoc-chien
assets_source/city-builder-bits/KayKit_City_Builder_Bits_1.0_FREE/Assets/fbx (unity)	building_E	CC0 1.0	node tools/tai_itch.mjs <tac-gia>/<goi> o repo quoc-chien
assets_source/city-builder-bits/KayKit_City_Builder_Bits_1.0_FREE/Assets/fbx (unity)	building_E_withoutBase	CC0 1.0	node tools/tai_itch.mjs <tac-gia>/<goi> o repo quoc-chien
assets_source/city-builder-bits/KayKit_City_Builder_Bits_1.0_FREE/Assets/fbx (unity)	building_F	CC0 1.0	node tools/tai_itch.mjs <tac-gia>/<goi> o repo quoc-chien
assets_source/city-builder-bits/KayKit_City_Builder_Bits_1.0_FREE/Assets/fbx (unity)	building_F_withoutBase	CC0 1.0	node tools/tai_itch.mjs <tac-gia>/<goi> o repo quoc-chien
assets_source/city-builder-bits/KayKit_City_Builder_Bits_1.0_FREE/Assets/fbx (unity)	building_G	CC0 1.0	node tools/tai_itch.mjs <tac-gia>/<goi> o repo quoc-chien
assets_source/city-builder-bits/KayKit_City_Builder_Bits_1.0_FREE/Assets/fbx (unity)	building_G_withoutBase	CC0 1.0	node tools/tai_itch.mjs <tac-gia>/<goi> o repo quoc-chien
assets_source/city-builder-bits/KayKit_City_Builder_Bits_1.0_FREE/Assets/fbx (unity)	building_H	CC0 1.0	node tools/tai_itch.mjs <tac-gia>/<goi> o repo quoc-chien
assets_source/city-builder-bits/KayKit_City_Builder_Bits_1.0_FREE/Assets/fbx (unity)	building_H_withoutBase	CC0 1.0	node tools/tai_itch.mjs <tac-gia>/<goi> o repo quoc-chien
assets_source/city-builder-bits/KayKit_City_Builder_Bits_1.0_FREE/Assets/fbx (unity)	bush	CC0 1.0	node tools/tai_itch.mjs <tac-gia>/<goi> o repo quoc-chien
assets_source/city-builder-bits/KayKit_City_Builder_Bits_1.0_FREE/Assets/fbx (unity)	car_hatchback	CC0 1.0	node tools/tai_itch.mjs <tac-gia>/<goi> o repo quoc-chien
assets_source/city-builder-bits/KayKit_City_Builder_Bits_1.0_FREE/Assets/fbx (unity)	car_police	CC0 1.0	node tools/tai_itch.mjs <tac-gia>/<goi> o repo quoc-chien
assets_source/city-builder-bits/KayKit_City_Builder_Bits_1.0_FREE/Assets/fbx (unity)	car_sedan	CC0 1.0	node tools/tai_itch.mjs <tac-gia>/<goi> o repo quoc-chien
assets_source/city-builder-bits/KayKit_City_Builder_Bits_1.0_FREE/Assets/fbx (unity)	car_stationwagon	CC0 1.0	node tools/tai_itch.mjs <tac-gia>/<goi> o repo quoc-chien
assets_source/city-builder-bits/KayKit_City_Builder_Bits_1.0_FREE/Assets/fbx (unity)	car_taxi	CC0 1.0	node tools/tai_itch.mjs <tac-gia>/<goi> o repo quoc-chien
assets_source/city-builder-bits/KayKit_City_Builder_Bits_1.0_FREE/Assets/fbx (unity)	dumpster	CC0 1.0	node tools/tai_itch.mjs <tac-gia>/<goi> o repo quoc-chien
assets_source/city-builder-bits/KayKit_City_Builder_Bits_1.0_FREE/Assets/fbx (unity)	firehydrant	CC0 1.0	node tools/tai_itch.mjs <tac-gia>/<goi> o repo quoc-chien
assets_source/city-builder-bits/KayKit_City_Builder_Bits_1.0_FREE/Assets/fbx (unity)	road_corner	CC0 1.0	node tools/tai_itch.mjs <tac-gia>/<goi> o repo quoc-chien
assets_source/city-builder-bits/KayKit_City_Builder_Bits_1.0_FREE/Assets/fbx (unity)	road_corner_curved	CC0 1.0	node tools/tai_itch.mjs <tac-gia>/<goi> o repo quoc-chien
assets_source/city-builder-bits/KayKit_City_Builder_Bits_1.0_FREE/Assets/fbx (unity)	road_junction	CC0 1.0	node tools/tai_itch.mjs <tac-gia>/<goi> o repo quoc-chien
assets_source/city-builder-bits/KayKit_City_Builder_Bits_1.0_FREE/Assets/fbx (unity)	road_straight	CC0 1.0	node tools/tai_itch.mjs <tac-gia>/<goi> o repo quoc-chien
assets_source/city-builder-bits/KayKit_City_Builder_Bits_1.0_FREE/Assets/fbx (unity)	road_straight_crossing	CC0 1.0	node tools/tai_itch.mjs <tac-gia>/<goi> o repo quoc-chien
assets_source/city-builder-bits/KayKit_City_Builder_Bits_1.0_FREE/Assets/fbx (unity)	road_tsplit	CC0 1.0	node tools/tai_itch.mjs <tac-gia>/<goi> o repo quoc-chien
assets_source/city-builder-bits/KayKit_City_Builder_Bits_1.0_FREE/Assets/fbx (unity)	streetlight	CC0 1.0	node tools/tai_itch.mjs <tac-gia>/<goi> o repo quoc-chien
assets_source/city-builder-bits/KayKit_City_Builder_Bits_1.0_FREE/Assets/fbx (unity)	trafficlight_A	CC0 1.0	node tools/tai_itch.mjs <tac-gia>/<goi> o repo quoc-chien
assets_source/city-builder-bits/KayKit_City_Builder_Bits_1.0_FREE/Assets/fbx (unity)	trafficlight_B	CC0 1.0	node tools/tai_itch.mjs <tac-gia>/<goi> o repo quoc-chien
assets_source/city-builder-bits/KayKit_City_Builder_Bits_1.0_FREE/Assets/fbx (unity)	trafficlight_C	CC0 1.0	node tools/tai_itch.mjs <tac-gia>/<goi> o repo quoc-chien
assets_source/city-builder-bits/KayKit_City_Builder_Bits_1.0_FREE/Assets/fbx (unity)	trash_A	CC0 1.0	node tools/tai_itch.mjs <tac-gia>/<goi> o repo quoc-chien
assets_source/city-builder-bits/KayKit_City_Builder_Bits_1.0_FREE/Assets/fbx (unity)	trash_B	CC0 1.0	node tools/tai_itch.mjs <tac-gia>/<goi> o repo quoc-chien
assets_source/city-builder-bits/KayKit_City_Builder_Bits_1.0_FREE/Assets/fbx (unity)	watertower	CC0 1.0	node tools/tai_itch.mjs <tac-gia>/<goi> o repo quoc-chien
assets_source/city-builder-bits/KayKit_City_Builder_Bits_1.0_FREE/Assets/gltf	base	CC0 1.0	node tools/tai_itch.mjs <tac-gia>/<goi> o repo quoc-chien
assets_source/city-builder-bits/KayKit_City_Builder_Bits_1.0_FREE/Assets/gltf	bench	CC0 1.0	node tools/tai_itch.mjs <tac-gia>/<goi> o repo quoc-chien
assets_source/city-builder-bits/KayKit_City_Builder_Bits_1.0_FREE/Assets/gltf	box_A	CC0 1.0	node tools/tai_itch.mjs <tac-gia>/<goi> o repo quoc-chien
assets_source/city-builder-bits/KayKit_City_Builder_Bits_1.0_FREE/Assets/gltf	box_B	CC0 1.0	node tools/tai_itch.mjs <tac-gia>/<goi> o repo quoc-chien
assets_source/city-builder-bits/KayKit_City_Builder_Bits_1.0_FREE/Assets/gltf	building_A	CC0 1.0	node tools/tai_itch.mjs <tac-gia>/<goi> o repo quoc-chien
assets_source/city-builder-bits/KayKit_City_Builder_Bits_1.0_FREE/Assets/gltf	building_A_withoutBase	CC0 1.0	node tools/tai_itch.mjs <tac-gia>/<goi> o repo quoc-chien
assets_source/city-builder-bits/KayKit_City_Builder_Bits_1.0_FREE/Assets/gltf	building_B	CC0 1.0	node tools/tai_itch.mjs <tac-gia>/<goi> o repo quoc-chien
assets_source/city-builder-bits/KayKit_City_Builder_Bits_1.0_FREE/Assets/gltf	building_B_withoutBase	CC0 1.0	node tools/tai_itch.mjs <tac-gia>/<goi> o repo quoc-chien
assets_source/city-builder-bits/KayKit_City_Builder_Bits_1.0_FREE/Assets/gltf	building_C	CC0 1.0	node tools/tai_itch.mjs <tac-gia>/<goi> o repo quoc-chien
assets_source/city-builder-bits/KayKit_City_Builder_Bits_1.0_FREE/Assets/gltf	building_C_withoutBase	CC0 1.0	node tools/tai_itch.mjs <tac-gia>/<goi> o repo quoc-chien
assets_source/city-builder-bits/KayKit_City_Builder_Bits_1.0_FREE/Assets/gltf	building_D	CC0 1.0	node tools/tai_itch.mjs <tac-gia>/<goi> o repo quoc-chien
assets_source/city-builder-bits/KayKit_City_Builder_Bits_1.0_FREE/Assets/gltf	building_D_withoutBase	CC0 1.0	node tools/tai_itch.mjs <tac-gia>/<goi> o repo quoc-chien
assets_source/city-builder-bits/KayKit_City_Builder_Bits_1.0_FREE/Assets/gltf	building_E	CC0 1.0	node tools/tai_itch.mjs <tac-gia>/<goi> o repo quoc-chien
assets_source/city-builder-bits/KayKit_City_Builder_Bits_1.0_FREE/Assets/gltf	building_E_withoutBase	CC0 1.0	node tools/tai_itch.mjs <tac-gia>/<goi> o repo quoc-chien
assets_source/city-builder-bits/KayKit_City_Builder_Bits_1.0_FREE/Assets/gltf	building_F	CC0 1.0	node tools/tai_itch.mjs <tac-gia>/<goi> o repo quoc-chien
assets_source/city-builder-bits/KayKit_City_Builder_Bits_1.0_FREE/Assets/gltf	building_F_withoutBase	CC0 1.0	node tools/tai_itch.mjs <tac-gia>/<goi> o repo quoc-chien
assets_source/city-builder-bits/KayKit_City_Builder_Bits_1.0_FREE/Assets/gltf	building_G	CC0 1.0	node tools/tai_itch.mjs <tac-gia>/<goi> o repo quoc-chien
assets_source/city-builder-bits/KayKit_City_Builder_Bits_1.0_FREE/Assets/gltf	building_G_withoutBase	CC0 1.0	node tools/tai_itch.mjs <tac-gia>/<goi> o repo quoc-chien
assets_source/city-builder-bits/KayKit_City_Builder_Bits_1.0_FREE/Assets/gltf	building_H	CC0 1.0	node tools/tai_itch.mjs <tac-gia>/<goi> o repo quoc-chien
assets_source/city-builder-bits/KayKit_City_Builder_Bits_1.0_FREE/Assets/gltf	building_H_withoutBase	CC0 1.0	node tools/tai_itch.mjs <tac-gia>/<goi> o repo quoc-chien
assets_source/city-builder-bits/KayKit_City_Builder_Bits_1.0_FREE/Assets/gltf	bush	CC0 1.0	node tools/tai_itch.mjs <tac-gia>/<goi> o repo quoc-chien
assets_source/city-builder-bits/KayKit_City_Builder_Bits_1.0_FREE/Assets/gltf	car_hatchback	CC0 1.0	node tools/tai_itch.mjs <tac-gia>/<goi> o repo quoc-chien
assets_source/city-builder-bits/KayKit_City_Builder_Bits_1.0_FREE/Assets/gltf	car_police	CC0 1.0	node tools/tai_itch.mjs <tac-gia>/<goi> o repo quoc-chien
assets_source/city-builder-bits/KayKit_City_Builder_Bits_1.0_FREE/Assets/gltf	car_sedan	CC0 1.0	node tools/tai_itch.mjs <tac-gia>/<goi> o repo quoc-chien
assets_source/city-builder-bits/KayKit_City_Builder_Bits_1.0_FREE/Assets/gltf	car_stationwagon	CC0 1.0	node tools/tai_itch.mjs <tac-gia>/<goi> o repo quoc-chien
assets_source/city-builder-bits/KayKit_City_Builder_Bits_1.0_FREE/Assets/gltf	car_taxi	CC0 1.0	node tools/tai_itch.mjs <tac-gia>/<goi> o repo quoc-chien
assets_source/city-builder-bits/KayKit_City_Builder_Bits_1.0_FREE/Assets/gltf	dumpster	CC0 1.0	node tools/tai_itch.mjs <tac-gia>/<goi> o repo quoc-chien
assets_source/city-builder-bits/KayKit_City_Builder_Bits_1.0_FREE/Assets/gltf	firehydrant	CC0 1.0	node tools/tai_itch.mjs <tac-gia>/<goi> o repo quoc-chien
assets_source/city-builder-bits/KayKit_City_Builder_Bits_1.0_FREE/Assets/gltf	road_corner	CC0 1.0	node tools/tai_itch.mjs <tac-gia>/<goi> o repo quoc-chien
assets_source/city-builder-bits/KayKit_City_Builder_Bits_1.0_FREE/Assets/gltf	road_corner_curved	CC0 1.0	node tools/tai_itch.mjs <tac-gia>/<goi> o repo quoc-chien
assets_source/city-builder-bits/KayKit_City_Builder_Bits_1.0_FREE/Assets/gltf	road_junction	CC0 1.0	node tools/tai_itch.mjs <tac-gia>/<goi> o repo quoc-chien
assets_source/city-builder-bits/KayKit_City_Builder_Bits_1.0_FREE/Assets/gltf	road_straight	CC0 1.0	node tools/tai_itch.mjs <tac-gia>/<goi> o repo quoc-chien
assets_source/city-builder-bits/KayKit_City_Builder_Bits_1.0_FREE/Assets/gltf	road_straight_crossing	CC0 1.0	node tools/tai_itch.mjs <tac-gia>/<goi> o repo quoc-chien
assets_source/city-builder-bits/KayKit_City_Builder_Bits_1.0_FREE/Assets/gltf	road_tsplit	CC0 1.0	node tools/tai_itch.mjs <tac-gia>/<goi> o repo quoc-chien
assets_source/city-builder-bits/KayKit_City_Builder_Bits_1.0_FREE/Assets/gltf	streetlight	CC0 1.0	node tools/tai_itch.mjs <tac-gia>/<goi> o repo quoc-chien
assets_source/city-builder-bits/KayKit_City_Builder_Bits_1.0_FREE/Assets/gltf	trafficlight_A	CC0 1.0	node tools/tai_itch.mjs <tac-gia>/<goi> o repo quoc-chien
assets_source/city-builder-bits/KayKit_City_Builder_Bits_1.0_FREE/Assets/gltf	trafficlight_B	CC0 1.0	node tools/tai_itch.mjs <tac-gia>/<goi> o repo quoc-chien
assets_source/city-builder-bits/KayKit_City_Builder_Bits_1.0_FREE/Assets/gltf	trafficlight_C	CC0 1.0	node tools/tai_itch.mjs <tac-gia>/<goi> o repo quoc-chien
assets_source/city-builder-bits/KayKit_City_Builder_Bits_1.0_FREE/Assets/gltf	trash_A	CC0 1.0	node tools/tai_itch.mjs <tac-gia>/<goi> o repo quoc-chien
assets_source/city-builder-bits/KayKit_City_Builder_Bits_1.0_FREE/Assets/gltf	trash_B	CC0 1.0	node tools/tai_itch.mjs <tac-gia>/<goi> o repo quoc-chien
assets_source/city-builder-bits/KayKit_City_Builder_Bits_1.0_FREE/Assets/gltf	watertower	CC0 1.0	node tools/tai_itch.mjs <tac-gia>/<goi> o repo quoc-chien
assets_source/city-builder-bits/KayKit_City_Builder_Bits_1.0_FREE/Assets/obj	base	CC0 1.0	node tools/tai_itch.mjs <tac-gia>/<goi> o repo quoc-chien
assets_source/city-builder-bits/KayKit_City_Builder_Bits_1.0_FREE/Assets/obj	bench	CC0 1.0	node tools/tai_itch.mjs <tac-gia>/<goi> o repo quoc-chien
assets_source/city-builder-bits/KayKit_City_Builder_Bits_1.0_FREE/Assets/obj	box_A	CC0 1.0	node tools/tai_itch.mjs <tac-gia>/<goi> o repo quoc-chien
assets_source/city-builder-bits/KayKit_City_Builder_Bits_1.0_FREE/Assets/obj	box_B	CC0 1.0	node tools/tai_itch.mjs <tac-gia>/<goi> o repo quoc-chien
assets_source/city-builder-bits/KayKit_City_Builder_Bits_1.0_FREE/Assets/obj	building_A	CC0 1.0	node tools/tai_itch.mjs <tac-gia>/<goi> o repo quoc-chien
assets_source/city-builder-bits/KayKit_City_Builder_Bits_1.0_FREE/Assets/obj	building_A_withoutBase	CC0 1.0	node tools/tai_itch.mjs <tac-gia>/<goi> o repo quoc-chien
assets_source/city-builder-bits/KayKit_City_Builder_Bits_1.0_FREE/Assets/obj	building_B	CC0 1.0	node tools/tai_itch.mjs <tac-gia>/<goi> o repo quoc-chien
assets_source/city-builder-bits/KayKit_City_Builder_Bits_1.0_FREE/Assets/obj	building_B_withoutBase	CC0 1.0	node tools/tai_itch.mjs <tac-gia>/<goi> o repo quoc-chien
assets_source/city-builder-bits/KayKit_City_Builder_Bits_1.0_FREE/Assets/obj	building_C	CC0 1.0	node tools/tai_itch.mjs <tac-gia>/<goi> o repo quoc-chien
assets_source/city-builder-bits/KayKit_City_Builder_Bits_1.0_FREE/Assets/obj	building_C_withoutBase	CC0 1.0	node tools/tai_itch.mjs <tac-gia>/<goi> o repo quoc-chien
assets_source/city-builder-bits/KayKit_City_Builder_Bits_1.0_FREE/Assets/obj	building_D	CC0 1.0	node tools/tai_itch.mjs <tac-gia>/<goi> o repo quoc-chien
assets_source/city-builder-bits/KayKit_City_Builder_Bits_1.0_FREE/Assets/obj	building_D_withoutBase	CC0 1.0	node tools/tai_itch.mjs <tac-gia>/<goi> o repo quoc-chien
assets_source/city-builder-bits/KayKit_City_Builder_Bits_1.0_FREE/Assets/obj	building_E	CC0 1.0	node tools/tai_itch.mjs <tac-gia>/<goi> o repo quoc-chien
assets_source/city-builder-bits/KayKit_City_Builder_Bits_1.0_FREE/Assets/obj	building_E_withoutBase	CC0 1.0	node tools/tai_itch.mjs <tac-gia>/<goi> o repo quoc-chien
assets_source/city-builder-bits/KayKit_City_Builder_Bits_1.0_FREE/Assets/obj	building_F	CC0 1.0	node tools/tai_itch.mjs <tac-gia>/<goi> o repo quoc-chien
assets_source/city-builder-bits/KayKit_City_Builder_Bits_1.0_FREE/Assets/obj	building_F_withoutBase	CC0 1.0	node tools/tai_itch.mjs <tac-gia>/<goi> o repo quoc-chien
assets_source/city-builder-bits/KayKit_City_Builder_Bits_1.0_FREE/Assets/obj	building_G	CC0 1.0	node tools/tai_itch.mjs <tac-gia>/<goi> o repo quoc-chien
assets_source/city-builder-bits/KayKit_City_Builder_Bits_1.0_FREE/Assets/obj	building_G_withoutBase	CC0 1.0	node tools/tai_itch.mjs <tac-gia>/<goi> o repo quoc-chien
assets_source/city-builder-bits/KayKit_City_Builder_Bits_1.0_FREE/Assets/obj	building_H	CC0 1.0	node tools/tai_itch.mjs <tac-gia>/<goi> o repo quoc-chien
assets_source/city-builder-bits/KayKit_City_Builder_Bits_1.0_FREE/Assets/obj	building_H_withoutBase	CC0 1.0	node tools/tai_itch.mjs <tac-gia>/<goi> o repo quoc-chien
assets_source/city-builder-bits/KayKit_City_Builder_Bits_1.0_FREE/Assets/obj	bush	CC0 1.0	node tools/tai_itch.mjs <tac-gia>/<goi> o repo quoc-chien
assets_source/city-builder-bits/KayKit_City_Builder_Bits_1.0_FREE/Assets/obj	car_hatchback	CC0 1.0	node tools/tai_itch.mjs <tac-gia>/<goi> o repo quoc-chien
assets_source/city-builder-bits/KayKit_City_Builder_Bits_1.0_FREE/Assets/obj	car_hatchback_wheel_front_left	CC0 1.0	node tools/tai_itch.mjs <tac-gia>/<goi> o repo quoc-chien
assets_source/city-builder-bits/KayKit_City_Builder_Bits_1.0_FREE/Assets/obj	car_hatchback_wheel_front_right	CC0 1.0	node tools/tai_itch.mjs <tac-gia>/<goi> o repo quoc-chien
assets_source/city-builder-bits/KayKit_City_Builder_Bits_1.0_FREE/Assets/obj	car_hatchback_wheel_rear_left	CC0 1.0	node tools/tai_itch.mjs <tac-gia>/<goi> o repo quoc-chien
assets_source/city-builder-bits/KayKit_City_Builder_Bits_1.0_FREE/Assets/obj	car_hatchback_wheel_rear_right	CC0 1.0	node tools/tai_itch.mjs <tac-gia>/<goi> o repo quoc-chien
assets_source/city-builder-bits/KayKit_City_Builder_Bits_1.0_FREE/Assets/obj	car_police	CC0 1.0	node tools/tai_itch.mjs <tac-gia>/<goi> o repo quoc-chien
assets_source/city-builder-bits/KayKit_City_Builder_Bits_1.0_FREE/Assets/obj	car_police_wheel_front_left	CC0 1.0	node tools/tai_itch.mjs <tac-gia>/<goi> o repo quoc-chien
assets_source/city-builder-bits/KayKit_City_Builder_Bits_1.0_FREE/Assets/obj	car_police_wheel_front_right	CC0 1.0	node tools/tai_itch.mjs <tac-gia>/<goi> o repo quoc-chien
assets_source/city-builder-bits/KayKit_City_Builder_Bits_1.0_FREE/Assets/obj	car_police_wheel_rear_left	CC0 1.0	node tools/tai_itch.mjs <tac-gia>/<goi> o repo quoc-chien
assets_source/city-builder-bits/KayKit_City_Builder_Bits_1.0_FREE/Assets/obj	car_police_wheel_rear_right	CC0 1.0	node tools/tai_itch.mjs <tac-gia>/<goi> o repo quoc-chien
assets_source/city-builder-bits/KayKit_City_Builder_Bits_1.0_FREE/Assets/obj	car_sedan	CC0 1.0	node tools/tai_itch.mjs <tac-gia>/<goi> o repo quoc-chien
assets_source/city-builder-bits/KayKit_City_Builder_Bits_1.0_FREE/Assets/obj	car_sedan_wheel_front_left	CC0 1.0	node tools/tai_itch.mjs <tac-gia>/<goi> o repo quoc-chien
assets_source/city-builder-bits/KayKit_City_Builder_Bits_1.0_FREE/Assets/obj	car_sedan_wheel_front_right	CC0 1.0	node tools/tai_itch.mjs <tac-gia>/<goi> o repo quoc-chien
assets_source/city-builder-bits/KayKit_City_Builder_Bits_1.0_FREE/Assets/obj	car_sedan_wheel_rear_left	CC0 1.0	node tools/tai_itch.mjs <tac-gia>/<goi> o repo quoc-chien
assets_source/city-builder-bits/KayKit_City_Builder_Bits_1.0_FREE/Assets/obj	car_sedan_wheel_rear_right	CC0 1.0	node tools/tai_itch.mjs <tac-gia>/<goi> o repo quoc-chien
assets_source/city-builder-bits/KayKit_City_Builder_Bits_1.0_FREE/Assets/obj	car_stationwagon	CC0 1.0	node tools/tai_itch.mjs <tac-gia>/<goi> o repo quoc-chien
assets_source/city-builder-bits/KayKit_City_Builder_Bits_1.0_FREE/Assets/obj	car_stationwagon_wheel_front_left	CC0 1.0	node tools/tai_itch.mjs <tac-gia>/<goi> o repo quoc-chien
assets_source/city-builder-bits/KayKit_City_Builder_Bits_1.0_FREE/Assets/obj	car_stationwagon_wheel_front_right	CC0 1.0	node tools/tai_itch.mjs <tac-gia>/<goi> o repo quoc-chien
assets_source/city-builder-bits/KayKit_City_Builder_Bits_1.0_FREE/Assets/obj	car_stationwagon_wheel_rear_left	CC0 1.0	node tools/tai_itch.mjs <tac-gia>/<goi> o repo quoc-chien
assets_source/city-builder-bits/KayKit_City_Builder_Bits_1.0_FREE/Assets/obj	car_stationwagon_wheel_rear_right	CC0 1.0	node tools/tai_itch.mjs <tac-gia>/<goi> o repo quoc-chien
assets_source/city-builder-bits/KayKit_City_Builder_Bits_1.0_FREE/Assets/obj	car_taxi	CC0 1.0	node tools/tai_itch.mjs <tac-gia>/<goi> o repo quoc-chien
assets_source/city-builder-bits/KayKit_City_Builder_Bits_1.0_FREE/Assets/obj	car_taxi_wheel_front_left	CC0 1.0	node tools/tai_itch.mjs <tac-gia>/<goi> o repo quoc-chien
assets_source/city-builder-bits/KayKit_City_Builder_Bits_1.0_FREE/Assets/obj	car_taxi_wheel_front_right	CC0 1.0	node tools/tai_itch.mjs <tac-gia>/<goi> o repo quoc-chien
assets_source/city-builder-bits/KayKit_City_Builder_Bits_1.0_FREE/Assets/obj	car_taxi_wheel_rear_left	CC0 1.0	node tools/tai_itch.mjs <tac-gia>/<goi> o repo quoc-chien
assets_source/city-builder-bits/KayKit_City_Builder_Bits_1.0_FREE/Assets/obj	car_taxi_wheel_rear_right	CC0 1.0	node tools/tai_itch.mjs <tac-gia>/<goi> o repo quoc-chien
assets_source/city-builder-bits/KayKit_City_Builder_Bits_1.0_FREE/Assets/obj	dumpster	CC0 1.0	node tools/tai_itch.mjs <tac-gia>/<goi> o repo quoc-chien
assets_source/city-builder-bits/KayKit_City_Builder_Bits_1.0_FREE/Assets/obj	firehydrant	CC0 1.0	node tools/tai_itch.mjs <tac-gia>/<goi> o repo quoc-chien
assets_source/city-builder-bits/KayKit_City_Builder_Bits_1.0_FREE/Assets/obj	road_corner	CC0 1.0	node tools/tai_itch.mjs <tac-gia>/<goi> o repo quoc-chien
assets_source/city-builder-bits/KayKit_City_Builder_Bits_1.0_FREE/Assets/obj	road_corner_curved	CC0 1.0	node tools/tai_itch.mjs <tac-gia>/<goi> o repo quoc-chien
assets_source/city-builder-bits/KayKit_City_Builder_Bits_1.0_FREE/Assets/obj	road_junction	CC0 1.0	node tools/tai_itch.mjs <tac-gia>/<goi> o repo quoc-chien
assets_source/city-builder-bits/KayKit_City_Builder_Bits_1.0_FREE/Assets/obj	road_straight	CC0 1.0	node tools/tai_itch.mjs <tac-gia>/<goi> o repo quoc-chien
assets_source/city-builder-bits/KayKit_City_Builder_Bits_1.0_FREE/Assets/obj	road_straight_crossing	CC0 1.0	node tools/tai_itch.mjs <tac-gia>/<goi> o repo quoc-chien
assets_source/city-builder-bits/KayKit_City_Builder_Bits_1.0_FREE/Assets/obj	road_tsplit	CC0 1.0	node tools/tai_itch.mjs <tac-gia>/<goi> o repo quoc-chien
assets_source/city-builder-bits/KayKit_City_Builder_Bits_1.0_FREE/Assets/obj	streetlight	CC0 1.0	node tools/tai_itch.mjs <tac-gia>/<goi> o repo quoc-chien
assets_source/city-builder-bits/KayKit_City_Builder_Bits_1.0_FREE/Assets/obj	trafficlight_A	CC0 1.0	node tools/tai_itch.mjs <tac-gia>/<goi> o repo quoc-chien
assets_source/city-builder-bits/KayKit_City_Builder_Bits_1.0_FREE/Assets/obj	trafficlight_B	CC0 1.0	node tools/tai_itch.mjs <tac-gia>/<goi> o repo quoc-chien
assets_source/city-builder-bits/KayKit_City_Builder_Bits_1.0_FREE/Assets/obj	trafficlight_C	CC0 1.0	node tools/tai_itch.mjs <tac-gia>/<goi> o repo quoc-chien
assets_source/city-builder-bits/KayKit_City_Builder_Bits_1.0_FREE/Assets/obj	trash_A	CC0 1.0	node tools/tai_itch.mjs <tac-gia>/<goi> o repo quoc-chien
assets_source/city-builder-bits/KayKit_City_Builder_Bits_1.0_FREE/Assets/obj	trash_B	CC0 1.0	node tools/tai_itch.mjs <tac-gia>/<goi> o repo quoc-chien
assets_source/city-builder-bits/KayKit_City_Builder_Bits_1.0_FREE/Assets/obj	watertower	CC0 1.0	node tools/tai_itch.mjs <tac-gia>/<goi> o repo quoc-chien
assets_source/fantasy-props-megakit/Exports/FBX	Anvil	?	node tools/tai_itch.mjs <tac-gia>/<goi> o repo quoc-chien
assets_source/fantasy-props-megakit/Exports/FBX	Anvil_Log	?	node tools/tai_itch.mjs <tac-gia>/<goi> o repo quoc-chien
assets_source/fantasy-props-megakit/Exports/FBX	Axe_Bronze	?	node tools/tai_itch.mjs <tac-gia>/<goi> o repo quoc-chien
assets_source/fantasy-props-megakit/Exports/FBX	Bag	?	node tools/tai_itch.mjs <tac-gia>/<goi> o repo quoc-chien
assets_source/fantasy-props-megakit/Exports/FBX	Banner_1	?	node tools/tai_itch.mjs <tac-gia>/<goi> o repo quoc-chien
assets_source/fantasy-props-megakit/Exports/FBX	Banner_1_Cloth	?	node tools/tai_itch.mjs <tac-gia>/<goi> o repo quoc-chien
assets_source/fantasy-props-megakit/Exports/FBX	Banner_2	?	node tools/tai_itch.mjs <tac-gia>/<goi> o repo quoc-chien
assets_source/fantasy-props-megakit/Exports/FBX	Banner_2_Cloth	?	node tools/tai_itch.mjs <tac-gia>/<goi> o repo quoc-chien
assets_source/fantasy-props-megakit/Exports/FBX	Barrel	?	node tools/tai_itch.mjs <tac-gia>/<goi> o repo quoc-chien
assets_source/fantasy-props-megakit/Exports/FBX	Barrel_Apples	?	node tools/tai_itch.mjs <tac-gia>/<goi> o repo quoc-chien
assets_source/fantasy-props-megakit/Exports/FBX	Barrel_Holder	?	node tools/tai_itch.mjs <tac-gia>/<goi> o repo quoc-chien
assets_source/fantasy-props-megakit/Exports/FBX	Bed_Twin1	?	node tools/tai_itch.mjs <tac-gia>/<goi> o repo quoc-chien
assets_source/fantasy-props-megakit/Exports/FBX	Bed_Twin2	?	node tools/tai_itch.mjs <tac-gia>/<goi> o repo quoc-chien
assets_source/fantasy-props-megakit/Exports/FBX	Bench	?	node tools/tai_itch.mjs <tac-gia>/<goi> o repo quoc-chien
assets_source/fantasy-props-megakit/Exports/FBX	BookGroup_Medium_1	?	node tools/tai_itch.mjs <tac-gia>/<goi> o repo quoc-chien
assets_source/fantasy-props-megakit/Exports/FBX	BookGroup_Medium_2	?	node tools/tai_itch.mjs <tac-gia>/<goi> o repo quoc-chien
assets_source/fantasy-props-megakit/Exports/FBX	BookGroup_Medium_3	?	node tools/tai_itch.mjs <tac-gia>/<goi> o repo quoc-chien
assets_source/fantasy-props-megakit/Exports/FBX	BookGroup_Small_1	?	node tools/tai_itch.mjs <tac-gia>/<goi> o repo quoc-chien
assets_source/fantasy-props-megakit/Exports/FBX	BookGroup_Small_2	?	node tools/tai_itch.mjs <tac-gia>/<goi> o repo quoc-chien
assets_source/fantasy-props-megakit/Exports/FBX	BookGroup_Small_3	?	node tools/tai_itch.mjs <tac-gia>/<goi> o repo quoc-chien
assets_source/fantasy-props-megakit/Exports/FBX	BookStand	?	node tools/tai_itch.mjs <tac-gia>/<goi> o repo quoc-chien
assets_source/fantasy-props-megakit/Exports/FBX	Book_5	?	node tools/tai_itch.mjs <tac-gia>/<goi> o repo quoc-chien
assets_source/fantasy-props-megakit/Exports/FBX	Book_7	?	node tools/tai_itch.mjs <tac-gia>/<goi> o repo quoc-chien
assets_source/fantasy-props-megakit/Exports/FBX	Book_Simplified_Single	?	node tools/tai_itch.mjs <tac-gia>/<goi> o repo quoc-chien
assets_source/fantasy-props-megakit/Exports/FBX	Book_Stack_1	?	node tools/tai_itch.mjs <tac-gia>/<goi> o repo quoc-chien
assets_source/fantasy-props-megakit/Exports/FBX	Book_Stack_2	?	node tools/tai_itch.mjs <tac-gia>/<goi> o repo quoc-chien
assets_source/fantasy-props-megakit/Exports/FBX	Bookcase_2	?	node tools/tai_itch.mjs <tac-gia>/<goi> o repo quoc-chien
assets_source/fantasy-props-megakit/Exports/FBX	Bottle_1	?	node tools/tai_itch.mjs <tac-gia>/<goi> o repo quoc-chien
assets_source/fantasy-props-megakit/Exports/FBX	Bucket_Metal	?	node tools/tai_itch.mjs <tac-gia>/<goi> o repo quoc-chien
assets_source/fantasy-props-megakit/Exports/FBX	Bucket_Wooden_1	?	node tools/tai_itch.mjs <tac-gia>/<goi> o repo quoc-chien
assets_source/fantasy-props-megakit/Exports/FBX	Cabinet	?	node tools/tai_itch.mjs <tac-gia>/<goi> o repo quoc-chien
assets_source/fantasy-props-megakit/Exports/FBX	Cage_Small	?	node tools/tai_itch.mjs <tac-gia>/<goi> o repo quoc-chien
assets_source/fantasy-props-megakit/Exports/FBX	CandleStick	?	node tools/tai_itch.mjs <tac-gia>/<goi> o repo quoc-chien
assets_source/fantasy-props-megakit/Exports/FBX	CandleStick_Stand	?	node tools/tai_itch.mjs <tac-gia>/<goi> o repo quoc-chien
assets_source/fantasy-props-megakit/Exports/FBX	CandleStick_Triple	?	node tools/tai_itch.mjs <tac-gia>/<goi> o repo quoc-chien
assets_source/fantasy-props-megakit/Exports/FBX	Candle_1	?	node tools/tai_itch.mjs <tac-gia>/<goi> o repo quoc-chien
assets_source/fantasy-props-megakit/Exports/FBX	Candle_2	?	node tools/tai_itch.mjs <tac-gia>/<goi> o repo quoc-chien
assets_source/fantasy-props-megakit/Exports/FBX	Carrot	?	node tools/tai_itch.mjs <tac-gia>/<goi> o repo quoc-chien
assets_source/fantasy-props-megakit/Exports/FBX	Cauldron	?	node tools/tai_itch.mjs <tac-gia>/<goi> o repo quoc-chien
assets_source/fantasy-props-megakit/Exports/FBX	Chain_Coil	?	node tools/tai_itch.mjs <tac-gia>/<goi> o repo quoc-chien
assets_source/fantasy-props-megakit/Exports/FBX	Chair_1	?	node tools/tai_itch.mjs <tac-gia>/<goi> o repo quoc-chien
assets_source/fantasy-props-megakit/Exports/FBX	Chalice	?	node tools/tai_itch.mjs <tac-gia>/<goi> o repo quoc-chien
assets_source/fantasy-props-megakit/Exports/FBX	Chandelier	?	node tools/tai_itch.mjs <tac-gia>/<goi> o repo quoc-chien
assets_source/fantasy-props-megakit/Exports/FBX	Chest_Wood	?	node tools/tai_itch.mjs <tac-gia>/<goi> o repo quoc-chien
assets_source/fantasy-props-megakit/Exports/FBX	Coin	?	node tools/tai_itch.mjs <tac-gia>/<goi> o repo quoc-chien
assets_source/fantasy-props-megakit/Exports/FBX	Coin_Pile	?	node tools/tai_itch.mjs <tac-gia>/<goi> o repo quoc-chien
assets_source/fantasy-props-megakit/Exports/FBX	Coin_Pile_2	?	node tools/tai_itch.mjs <tac-gia>/<goi> o repo quoc-chien
assets_source/fantasy-props-megakit/Exports/FBX	Crate_Metal	?	node tools/tai_itch.mjs <tac-gia>/<goi> o repo quoc-chien
assets_source/fantasy-props-megakit/Exports/FBX	Crate_Wooden	?	node tools/tai_itch.mjs <tac-gia>/<goi> o repo quoc-chien
assets_source/fantasy-props-megakit/Exports/FBX	Dummy	?	node tools/tai_itch.mjs <tac-gia>/<goi> o repo quoc-chien
assets_source/fantasy-props-megakit/Exports/FBX	FarmCrate_Apple	?	node tools/tai_itch.mjs <tac-gia>/<goi> o repo quoc-chien
assets_source/fantasy-props-megakit/Exports/FBX	FarmCrate_Carrot	?	node tools/tai_itch.mjs <tac-gia>/<goi> o repo quoc-chien
assets_source/fantasy-props-megakit/Exports/FBX	FarmCrate_Empty	?	node tools/tai_itch.mjs <tac-gia>/<goi> o repo quoc-chien
assets_source/fantasy-props-megakit/Exports/FBX	Key_Gold	?	node tools/tai_itch.mjs <tac-gia>/<goi> o repo quoc-chien
assets_source/fantasy-props-megakit/Exports/FBX	Key_Metal	?	node tools/tai_itch.mjs <tac-gia>/<goi> o repo quoc-chien
assets_source/fantasy-props-megakit/Exports/FBX	Lantern_Wall	?	node tools/tai_itch.mjs <tac-gia>/<goi> o repo quoc-chien
assets_source/fantasy-props-megakit/Exports/FBX	Mug	?	node tools/tai_itch.mjs <tac-gia>/<goi> o repo quoc-chien
assets_source/fantasy-props-megakit/Exports/FBX	Nightstand_Shelf	?	node tools/tai_itch.mjs <tac-gia>/<goi> o repo quoc-chien
assets_source/fantasy-props-megakit/Exports/FBX	Peg_Rack	?	node tools/tai_itch.mjs <tac-gia>/<goi> o repo quoc-chien
assets_source/fantasy-props-megakit/Exports/FBX	Pickaxe_Bronze	?	node tools/tai_itch.mjs <tac-gia>/<goi> o repo quoc-chien
assets_source/fantasy-props-megakit/Exports/FBX	Pot_1	?	node tools/tai_itch.mjs <tac-gia>/<goi> o repo quoc-chien
assets_source/fantasy-props-megakit/Exports/FBX	Pot_1_Lid	?	node tools/tai_itch.mjs <tac-gia>/<goi> o repo quoc-chien
assets_source/fantasy-props-megakit/Exports/FBX	Potion_1	?	node tools/tai_itch.mjs <tac-gia>/<goi> o repo quoc-chien
assets_source/fantasy-props-megakit/Exports/FBX	Potion_2	?	node tools/tai_itch.mjs <tac-gia>/<goi> o repo quoc-chien
assets_source/fantasy-props-megakit/Exports/FBX	Potion_4	?	node tools/tai_itch.mjs <tac-gia>/<goi> o repo quoc-chien
assets_source/fantasy-props-megakit/Exports/FBX	Pouch_Large	?	node tools/tai_itch.mjs <tac-gia>/<goi> o repo quoc-chien
assets_source/fantasy-props-megakit/Exports/FBX	Rope_1	?	node tools/tai_itch.mjs <tac-gia>/<goi> o repo quoc-chien
assets_source/fantasy-props-megakit/Exports/FBX	Rope_2	?	node tools/tai_itch.mjs <tac-gia>/<goi> o repo quoc-chien
assets_source/fantasy-props-megakit/Exports/FBX	Rope_3	?	node tools/tai_itch.mjs <tac-gia>/<goi> o repo quoc-chien
assets_source/fantasy-props-megakit/Exports/FBX	Scroll_1	?	node tools/tai_itch.mjs <tac-gia>/<goi> o repo quoc-chien
assets_source/fantasy-props-megakit/Exports/FBX	Scroll_2	?	node tools/tai_itch.mjs <tac-gia>/<goi> o repo quoc-chien
assets_source/fantasy-props-megakit/Exports/FBX	Shelf_Arch	?	node tools/tai_itch.mjs <tac-gia>/<goi> o repo quoc-chien
assets_source/fantasy-props-megakit/Exports/FBX	Shelf_Simple	?	node tools/tai_itch.mjs <tac-gia>/<goi> o repo quoc-chien
assets_source/fantasy-props-megakit/Exports/FBX	Shelf_Small_Bottles	?	node tools/tai_itch.mjs <tac-gia>/<goi> o repo quoc-chien
assets_source/fantasy-props-megakit/Exports/FBX	Shield_Wooden	?	node tools/tai_itch.mjs <tac-gia>/<goi> o repo quoc-chien
assets_source/fantasy-props-megakit/Exports/FBX	SmallBottle	?	node tools/tai_itch.mjs <tac-gia>/<goi> o repo quoc-chien
assets_source/fantasy-props-megakit/Exports/FBX	SmallBottles_1	?	node tools/tai_itch.mjs <tac-gia>/<goi> o repo quoc-chien
assets_source/fantasy-props-megakit/Exports/FBX	Stall_Cart_Empty	?	node tools/tai_itch.mjs <tac-gia>/<goi> o repo quoc-chien
assets_source/fantasy-props-megakit/Exports/FBX	Stall_Empty	?	node tools/tai_itch.mjs <tac-gia>/<goi> o repo quoc-chien
assets_source/fantasy-props-megakit/Exports/FBX	Stool	?	node tools/tai_itch.mjs <tac-gia>/<goi> o repo quoc-chien
assets_source/fantasy-props-megakit/Exports/FBX	Sword_Bronze	?	node tools/tai_itch.mjs <tac-gia>/<goi> o repo quoc-chien
assets_source/fantasy-props-megakit/Exports/FBX	Table_Fork	?	node tools/tai_itch.mjs <tac-gia>/<goi> o repo quoc-chien
assets_source/fantasy-props-megakit/Exports/FBX	Table_Knife	?	node tools/tai_itch.mjs <tac-gia>/<goi> o repo quoc-chien
assets_source/fantasy-props-megakit/Exports/FBX	Table_Large	?	node tools/tai_itch.mjs <tac-gia>/<goi> o repo quoc-chien
assets_source/fantasy-props-megakit/Exports/FBX	Table_Plate	?	node tools/tai_itch.mjs <tac-gia>/<goi> o repo quoc-chien
assets_source/fantasy-props-megakit/Exports/FBX	Table_Spoon	?	node tools/tai_itch.mjs <tac-gia>/<goi> o repo quoc-chien
assets_source/fantasy-props-megakit/Exports/FBX	Torch_Metal	?	node tools/tai_itch.mjs <tac-gia>/<goi> o repo quoc-chien
assets_source/fantasy-props-megakit/Exports/FBX	Vase_2	?	node tools/tai_itch.mjs <tac-gia>/<goi> o repo quoc-chien
assets_source/fantasy-props-megakit/Exports/FBX	Vase_4	?	node tools/tai_itch.mjs <tac-gia>/<goi> o repo quoc-chien
assets_source/fantasy-props-megakit/Exports/FBX	Vase_Rubble_Medium	?	node tools/tai_itch.mjs <tac-gia>/<goi> o repo quoc-chien
assets_source/fantasy-props-megakit/Exports/FBX	WeaponStand	?	node tools/tai_itch.mjs <tac-gia>/<goi> o repo quoc-chien
assets_source/fantasy-props-megakit/Exports/FBX	Whetstone	?	node tools/tai_itch.mjs <tac-gia>/<goi> o repo quoc-chien
assets_source/fantasy-props-megakit/Exports/FBX	Workbench	?	node tools/tai_itch.mjs <tac-gia>/<goi> o repo quoc-chien
assets_source/fantasy-props-megakit/Exports/FBX	Workbench_Drawers	?	node tools/tai_itch.mjs <tac-gia>/<goi> o repo quoc-chien
assets_source/fantasy-props-megakit/Exports/OBJ	Anvil	?	node tools/tai_itch.mjs <tac-gia>/<goi> o repo quoc-chien
assets_source/fantasy-props-megakit/Exports/OBJ	Anvil_Log	?	node tools/tai_itch.mjs <tac-gia>/<goi> o repo quoc-chien
assets_source/fantasy-props-megakit/Exports/OBJ	Axe_Bronze	?	node tools/tai_itch.mjs <tac-gia>/<goi> o repo quoc-chien
assets_source/fantasy-props-megakit/Exports/OBJ	Bag	?	node tools/tai_itch.mjs <tac-gia>/<goi> o repo quoc-chien
assets_source/fantasy-props-megakit/Exports/OBJ	Banner_1	?	node tools/tai_itch.mjs <tac-gia>/<goi> o repo quoc-chien
assets_source/fantasy-props-megakit/Exports/OBJ	Banner_1_Cloth	?	node tools/tai_itch.mjs <tac-gia>/<goi> o repo quoc-chien
assets_source/fantasy-props-megakit/Exports/OBJ	Banner_2	?	node tools/tai_itch.mjs <tac-gia>/<goi> o repo quoc-chien
assets_source/fantasy-props-megakit/Exports/OBJ	Banner_2_Cloth	?	node tools/tai_itch.mjs <tac-gia>/<goi> o repo quoc-chien
assets_source/fantasy-props-megakit/Exports/OBJ	Barrel	?	node tools/tai_itch.mjs <tac-gia>/<goi> o repo quoc-chien
assets_source/fantasy-props-megakit/Exports/OBJ	Barrel_Apples	?	node tools/tai_itch.mjs <tac-gia>/<goi> o repo quoc-chien
assets_source/fantasy-props-megakit/Exports/OBJ	Barrel_Holder	?	node tools/tai_itch.mjs <tac-gia>/<goi> o repo quoc-chien
assets_source/fantasy-props-megakit/Exports/OBJ	Bed_Twin1	?	node tools/tai_itch.mjs <tac-gia>/<goi> o repo quoc-chien
assets_source/fantasy-props-megakit/Exports/OBJ	Bed_Twin2	?	node tools/tai_itch.mjs <tac-gia>/<goi> o repo quoc-chien
assets_source/fantasy-props-megakit/Exports/OBJ	Bench	?	node tools/tai_itch.mjs <tac-gia>/<goi> o repo quoc-chien
assets_source/fantasy-props-megakit/Exports/OBJ	BookGroup_Medium_1	?	node tools/tai_itch.mjs <tac-gia>/<goi> o repo quoc-chien
assets_source/fantasy-props-megakit/Exports/OBJ	BookGroup_Medium_2	?	node tools/tai_itch.mjs <tac-gia>/<goi> o repo quoc-chien
assets_source/fantasy-props-megakit/Exports/OBJ	BookGroup_Medium_3	?	node tools/tai_itch.mjs <tac-gia>/<goi> o repo quoc-chien
assets_source/fantasy-props-megakit/Exports/OBJ	BookGroup_Small_1	?	node tools/tai_itch.mjs <tac-gia>/<goi> o repo quoc-chien
assets_source/fantasy-props-megakit/Exports/OBJ	BookGroup_Small_2	?	node tools/tai_itch.mjs <tac-gia>/<goi> o repo quoc-chien
assets_source/fantasy-props-megakit/Exports/OBJ	BookGroup_Small_3	?	node tools/tai_itch.mjs <tac-gia>/<goi> o repo quoc-chien
assets_source/fantasy-props-megakit/Exports/OBJ	BookStand	?	node tools/tai_itch.mjs <tac-gia>/<goi> o repo quoc-chien
assets_source/fantasy-props-megakit/Exports/OBJ	Book_5	?	node tools/tai_itch.mjs <tac-gia>/<goi> o repo quoc-chien
assets_source/fantasy-props-megakit/Exports/OBJ	Book_7	?	node tools/tai_itch.mjs <tac-gia>/<goi> o repo quoc-chien
assets_source/fantasy-props-megakit/Exports/OBJ	Book_Simplified_Single	?	node tools/tai_itch.mjs <tac-gia>/<goi> o repo quoc-chien
assets_source/fantasy-props-megakit/Exports/OBJ	Book_Stack_1	?	node tools/tai_itch.mjs <tac-gia>/<goi> o repo quoc-chien
assets_source/fantasy-props-megakit/Exports/OBJ	Book_Stack_2	?	node tools/tai_itch.mjs <tac-gia>/<goi> o repo quoc-chien
assets_source/fantasy-props-megakit/Exports/OBJ	Bookcase_2	?	node tools/tai_itch.mjs <tac-gia>/<goi> o repo quoc-chien
assets_source/fantasy-props-megakit/Exports/OBJ	Bottle_1	?	node tools/tai_itch.mjs <tac-gia>/<goi> o repo quoc-chien
assets_source/fantasy-props-megakit/Exports/OBJ	Bucket_Metal	?	node tools/tai_itch.mjs <tac-gia>/<goi> o repo quoc-chien
assets_source/fantasy-props-megakit/Exports/OBJ	Bucket_Wooden_1	?	node tools/tai_itch.mjs <tac-gia>/<goi> o repo quoc-chien
assets_source/fantasy-props-megakit/Exports/OBJ	Cabinet	?	node tools/tai_itch.mjs <tac-gia>/<goi> o repo quoc-chien
assets_source/fantasy-props-megakit/Exports/OBJ	Cage_Small	?	node tools/tai_itch.mjs <tac-gia>/<goi> o repo quoc-chien
assets_source/fantasy-props-megakit/Exports/OBJ	CandleStick	?	node tools/tai_itch.mjs <tac-gia>/<goi> o repo quoc-chien
assets_source/fantasy-props-megakit/Exports/OBJ	CandleStick_Stand	?	node tools/tai_itch.mjs <tac-gia>/<goi> o repo quoc-chien
assets_source/fantasy-props-megakit/Exports/OBJ	CandleStick_Triple	?	node tools/tai_itch.mjs <tac-gia>/<goi> o repo quoc-chien
assets_source/fantasy-props-megakit/Exports/OBJ	Candle_1	?	node tools/tai_itch.mjs <tac-gia>/<goi> o repo quoc-chien
assets_source/fantasy-props-megakit/Exports/OBJ	Candle_2	?	node tools/tai_itch.mjs <tac-gia>/<goi> o repo quoc-chien
assets_source/fantasy-props-megakit/Exports/OBJ	Carrot	?	node tools/tai_itch.mjs <tac-gia>/<goi> o repo quoc-chien
assets_source/fantasy-props-megakit/Exports/OBJ	Cauldron	?	node tools/tai_itch.mjs <tac-gia>/<goi> o repo quoc-chien
assets_source/fantasy-props-megakit/Exports/OBJ	Chain_Coil	?	node tools/tai_itch.mjs <tac-gia>/<goi> o repo quoc-chien
assets_source/fantasy-props-megakit/Exports/OBJ	Chair_1	?	node tools/tai_itch.mjs <tac-gia>/<goi> o repo quoc-chien
assets_source/fantasy-props-megakit/Exports/OBJ	Chalice	?	node tools/tai_itch.mjs <tac-gia>/<goi> o repo quoc-chien
assets_source/fantasy-props-megakit/Exports/OBJ	Chandelier	?	node tools/tai_itch.mjs <tac-gia>/<goi> o repo quoc-chien
assets_source/fantasy-props-megakit/Exports/OBJ	Chest_Wood	?	node tools/tai_itch.mjs <tac-gia>/<goi> o repo quoc-chien
assets_source/fantasy-props-megakit/Exports/OBJ	Coin	?	node tools/tai_itch.mjs <tac-gia>/<goi> o repo quoc-chien
assets_source/fantasy-props-megakit/Exports/OBJ	Coin_Pile	?	node tools/tai_itch.mjs <tac-gia>/<goi> o repo quoc-chien
assets_source/fantasy-props-megakit/Exports/OBJ	Coin_Pile_2	?	node tools/tai_itch.mjs <tac-gia>/<goi> o repo quoc-chien
assets_source/fantasy-props-megakit/Exports/OBJ	Crate_Metal	?	node tools/tai_itch.mjs <tac-gia>/<goi> o repo quoc-chien
assets_source/fantasy-props-megakit/Exports/OBJ	Crate_Wooden	?	node tools/tai_itch.mjs <tac-gia>/<goi> o repo quoc-chien
assets_source/fantasy-props-megakit/Exports/OBJ	Dummy	?	node tools/tai_itch.mjs <tac-gia>/<goi> o repo quoc-chien
assets_source/fantasy-props-megakit/Exports/OBJ	FarmCrate_Apple	?	node tools/tai_itch.mjs <tac-gia>/<goi> o repo quoc-chien
assets_source/fantasy-props-megakit/Exports/OBJ	FarmCrate_Carrot	?	node tools/tai_itch.mjs <tac-gia>/<goi> o repo quoc-chien
assets_source/fantasy-props-megakit/Exports/OBJ	FarmCrate_Empty	?	node tools/tai_itch.mjs <tac-gia>/<goi> o repo quoc-chien
assets_source/fantasy-props-megakit/Exports/OBJ	Key_Gold	?	node tools/tai_itch.mjs <tac-gia>/<goi> o repo quoc-chien
assets_source/fantasy-props-megakit/Exports/OBJ	Key_Metal	?	node tools/tai_itch.mjs <tac-gia>/<goi> o repo quoc-chien
assets_source/fantasy-props-megakit/Exports/OBJ	Lantern_Wall	?	node tools/tai_itch.mjs <tac-gia>/<goi> o repo quoc-chien
assets_source/fantasy-props-megakit/Exports/OBJ	Mug	?	node tools/tai_itch.mjs <tac-gia>/<goi> o repo quoc-chien
assets_source/fantasy-props-megakit/Exports/OBJ	Nightstand_Shelf	?	node tools/tai_itch.mjs <tac-gia>/<goi> o repo quoc-chien
assets_source/fantasy-props-megakit/Exports/OBJ	Peg_Rack	?	node tools/tai_itch.mjs <tac-gia>/<goi> o repo quoc-chien
assets_source/fantasy-props-megakit/Exports/OBJ	Pickaxe_Bronze	?	node tools/tai_itch.mjs <tac-gia>/<goi> o repo quoc-chien
assets_source/fantasy-props-megakit/Exports/OBJ	Pot_1	?	node tools/tai_itch.mjs <tac-gia>/<goi> o repo quoc-chien
assets_source/fantasy-props-megakit/Exports/OBJ	Pot_1_Lid	?	node tools/tai_itch.mjs <tac-gia>/<goi> o repo quoc-chien
assets_source/fantasy-props-megakit/Exports/OBJ	Potion_1	?	node tools/tai_itch.mjs <tac-gia>/<goi> o repo quoc-chien
assets_source/fantasy-props-megakit/Exports/OBJ	Potion_2	?	node tools/tai_itch.mjs <tac-gia>/<goi> o repo quoc-chien
assets_source/fantasy-props-megakit/Exports/OBJ	Potion_4	?	node tools/tai_itch.mjs <tac-gia>/<goi> o repo quoc-chien
assets_source/fantasy-props-megakit/Exports/OBJ	Pouch_Large	?	node tools/tai_itch.mjs <tac-gia>/<goi> o repo quoc-chien
assets_source/fantasy-props-megakit/Exports/OBJ	Rope_1	?	node tools/tai_itch.mjs <tac-gia>/<goi> o repo quoc-chien
assets_source/fantasy-props-megakit/Exports/OBJ	Rope_2	?	node tools/tai_itch.mjs <tac-gia>/<goi> o repo quoc-chien
assets_source/fantasy-props-megakit/Exports/OBJ	Rope_3	?	node tools/tai_itch.mjs <tac-gia>/<goi> o repo quoc-chien
assets_source/fantasy-props-megakit/Exports/OBJ	Scroll_1	?	node tools/tai_itch.mjs <tac-gia>/<goi> o repo quoc-chien
assets_source/fantasy-props-megakit/Exports/OBJ	Scroll_2	?	node tools/tai_itch.mjs <tac-gia>/<goi> o repo quoc-chien
assets_source/fantasy-props-megakit/Exports/OBJ	Shelf_Arch	?	node tools/tai_itch.mjs <tac-gia>/<goi> o repo quoc-chien
assets_source/fantasy-props-megakit/Exports/OBJ	Shelf_Simple	?	node tools/tai_itch.mjs <tac-gia>/<goi> o repo quoc-chien
assets_source/fantasy-props-megakit/Exports/OBJ	Shelf_Small_Bottles	?	node tools/tai_itch.mjs <tac-gia>/<goi> o repo quoc-chien
assets_source/fantasy-props-megakit/Exports/OBJ	Shield_Wooden	?	node tools/tai_itch.mjs <tac-gia>/<goi> o repo quoc-chien
assets_source/fantasy-props-megakit/Exports/OBJ	SmallBottle	?	node tools/tai_itch.mjs <tac-gia>/<goi> o repo quoc-chien
assets_source/fantasy-props-megakit/Exports/OBJ	SmallBottles_1	?	node tools/tai_itch.mjs <tac-gia>/<goi> o repo quoc-chien
assets_source/fantasy-props-megakit/Exports/OBJ	Stall_Cart_Empty	?	node tools/tai_itch.mjs <tac-gia>/<goi> o repo quoc-chien
assets_source/fantasy-props-megakit/Exports/OBJ	Stall_Empty	?	node tools/tai_itch.mjs <tac-gia>/<goi> o repo quoc-chien
assets_source/fantasy-props-megakit/Exports/OBJ	Stool	?	node tools/tai_itch.mjs <tac-gia>/<goi> o repo quoc-chien
assets_source/fantasy-props-megakit/Exports/OBJ	Sword_Bronze	?	node tools/tai_itch.mjs <tac-gia>/<goi> o repo quoc-chien
assets_source/fantasy-props-megakit/Exports/OBJ	Table_Fork	?	node tools/tai_itch.mjs <tac-gia>/<goi> o repo quoc-chien
assets_source/fantasy-props-megakit/Exports/OBJ	Table_Knife	?	node tools/tai_itch.mjs <tac-gia>/<goi> o repo quoc-chien
assets_source/fantasy-props-megakit/Exports/OBJ	Table_Large	?	node tools/tai_itch.mjs <tac-gia>/<goi> o repo quoc-chien
assets_source/fantasy-props-megakit/Exports/OBJ	Table_Plate	?	node tools/tai_itch.mjs <tac-gia>/<goi> o repo quoc-chien
assets_source/fantasy-props-megakit/Exports/OBJ	Table_Spoon	?	node tools/tai_itch.mjs <tac-gia>/<goi> o repo quoc-chien
assets_source/fantasy-props-megakit/Exports/OBJ	Torch_Metal	?	node tools/tai_itch.mjs <tac-gia>/<goi> o repo quoc-chien
assets_source/fantasy-props-megakit/Exports/OBJ	Vase_2	?	node tools/tai_itch.mjs <tac-gia>/<goi> o repo quoc-chien
assets_source/fantasy-props-megakit/Exports/OBJ	Vase_4	?	node tools/tai_itch.mjs <tac-gia>/<goi> o repo quoc-chien
assets_source/fantasy-props-megakit/Exports/OBJ	Vase_Rubble_Medium	?	node tools/tai_itch.mjs <tac-gia>/<goi> o repo quoc-chien
assets_source/fantasy-props-megakit/Exports/OBJ	WeaponStand	?	node tools/tai_itch.mjs <tac-gia>/<goi> o repo quoc-chien
assets_source/fantasy-props-megakit/Exports/OBJ	Whetstone	?	node tools/tai_itch.mjs <tac-gia>/<goi> o repo quoc-chien
assets_source/fantasy-props-megakit/Exports/OBJ	Workbench	?	node tools/tai_itch.mjs <tac-gia>/<goi> o repo quoc-chien
assets_source/fantasy-props-megakit/Exports/OBJ	Workbench_Drawers	?	node tools/tai_itch.mjs <tac-gia>/<goi> o repo quoc-chien
assets_source/fantasy-props-megakit/Exports/glTF	Anvil	?	node tools/tai_itch.mjs <tac-gia>/<goi> o repo quoc-chien
assets_source/fantasy-props-megakit/Exports/glTF	Anvil_Log	?	node tools/tai_itch.mjs <tac-gia>/<goi> o repo quoc-chien
assets_source/fantasy-props-megakit/Exports/glTF	Axe_Bronze	?	node tools/tai_itch.mjs <tac-gia>/<goi> o repo quoc-chien
assets_source/fantasy-props-megakit/Exports/glTF	Bag	?	node tools/tai_itch.mjs <tac-gia>/<goi> o repo quoc-chien
assets_source/fantasy-props-megakit/Exports/glTF	Banner_1	?	node tools/tai_itch.mjs <tac-gia>/<goi> o repo quoc-chien
assets_source/fantasy-props-megakit/Exports/glTF	Banner_1_Cloth	?	node tools/tai_itch.mjs <tac-gia>/<goi> o repo quoc-chien
assets_source/fantasy-props-megakit/Exports/glTF	Banner_2	?	node tools/tai_itch.mjs <tac-gia>/<goi> o repo quoc-chien
assets_source/fantasy-props-megakit/Exports/glTF	Banner_2_Cloth	?	node tools/tai_itch.mjs <tac-gia>/<goi> o repo quoc-chien
assets_source/fantasy-props-megakit/Exports/glTF	Barrel	?	node tools/tai_itch.mjs <tac-gia>/<goi> o repo quoc-chien
assets_source/fantasy-props-megakit/Exports/glTF	Barrel_Apples	?	node tools/tai_itch.mjs <tac-gia>/<goi> o repo quoc-chien
assets_source/fantasy-props-megakit/Exports/glTF	Barrel_Holder	?	node tools/tai_itch.mjs <tac-gia>/<goi> o repo quoc-chien
assets_source/fantasy-props-megakit/Exports/glTF	Bed_Twin1	?	node tools/tai_itch.mjs <tac-gia>/<goi> o repo quoc-chien
assets_source/fantasy-props-megakit/Exports/glTF	Bed_Twin2	?	node tools/tai_itch.mjs <tac-gia>/<goi> o repo quoc-chien
assets_source/fantasy-props-megakit/Exports/glTF	Bench	?	node tools/tai_itch.mjs <tac-gia>/<goi> o repo quoc-chien
assets_source/fantasy-props-megakit/Exports/glTF	BookGroup_Medium_1	?	node tools/tai_itch.mjs <tac-gia>/<goi> o repo quoc-chien
assets_source/fantasy-props-megakit/Exports/glTF	BookGroup_Medium_2	?	node tools/tai_itch.mjs <tac-gia>/<goi> o repo quoc-chien
assets_source/fantasy-props-megakit/Exports/glTF	BookGroup_Medium_3	?	node tools/tai_itch.mjs <tac-gia>/<goi> o repo quoc-chien
assets_source/fantasy-props-megakit/Exports/glTF	BookGroup_Small_1	?	node tools/tai_itch.mjs <tac-gia>/<goi> o repo quoc-chien
assets_source/fantasy-props-megakit/Exports/glTF	BookGroup_Small_2	?	node tools/tai_itch.mjs <tac-gia>/<goi> o repo quoc-chien
assets_source/fantasy-props-megakit/Exports/glTF	BookGroup_Small_3	?	node tools/tai_itch.mjs <tac-gia>/<goi> o repo quoc-chien
assets_source/fantasy-props-megakit/Exports/glTF	BookStand	?	node tools/tai_itch.mjs <tac-gia>/<goi> o repo quoc-chien
assets_source/fantasy-props-megakit/Exports/glTF	Book_5	?	node tools/tai_itch.mjs <tac-gia>/<goi> o repo quoc-chien
assets_source/fantasy-props-megakit/Exports/glTF	Book_7	?	node tools/tai_itch.mjs <tac-gia>/<goi> o repo quoc-chien
assets_source/fantasy-props-megakit/Exports/glTF	Book_Simplified_Single	?	node tools/tai_itch.mjs <tac-gia>/<goi> o repo quoc-chien
assets_source/fantasy-props-megakit/Exports/glTF	Book_Stack_1	?	node tools/tai_itch.mjs <tac-gia>/<goi> o repo quoc-chien
assets_source/fantasy-props-megakit/Exports/glTF	Book_Stack_2	?	node tools/tai_itch.mjs <tac-gia>/<goi> o repo quoc-chien
assets_source/fantasy-props-megakit/Exports/glTF	Bookcase_2	?	node tools/tai_itch.mjs <tac-gia>/<goi> o repo quoc-chien
assets_source/fantasy-props-megakit/Exports/glTF	Bottle_1	?	node tools/tai_itch.mjs <tac-gia>/<goi> o repo quoc-chien
assets_source/fantasy-props-megakit/Exports/glTF	Bucket_Metal	?	node tools/tai_itch.mjs <tac-gia>/<goi> o repo quoc-chien
assets_source/fantasy-props-megakit/Exports/glTF	Bucket_Wooden_1	?	node tools/tai_itch.mjs <tac-gia>/<goi> o repo quoc-chien
assets_source/fantasy-props-megakit/Exports/glTF	Cabinet	?	node tools/tai_itch.mjs <tac-gia>/<goi> o repo quoc-chien
assets_source/fantasy-props-megakit/Exports/glTF	Cage_Small	?	node tools/tai_itch.mjs <tac-gia>/<goi> o repo quoc-chien
assets_source/fantasy-props-megakit/Exports/glTF	CandleStick	?	node tools/tai_itch.mjs <tac-gia>/<goi> o repo quoc-chien
assets_source/fantasy-props-megakit/Exports/glTF	CandleStick_Stand	?	node tools/tai_itch.mjs <tac-gia>/<goi> o repo quoc-chien
assets_source/fantasy-props-megakit/Exports/glTF	CandleStick_Triple	?	node tools/tai_itch.mjs <tac-gia>/<goi> o repo quoc-chien
assets_source/fantasy-props-megakit/Exports/glTF	Candle_1	?	node tools/tai_itch.mjs <tac-gia>/<goi> o repo quoc-chien
assets_source/fantasy-props-megakit/Exports/glTF	Candle_2	?	node tools/tai_itch.mjs <tac-gia>/<goi> o repo quoc-chien
assets_source/fantasy-props-megakit/Exports/glTF	Carrot	?	node tools/tai_itch.mjs <tac-gia>/<goi> o repo quoc-chien
assets_source/fantasy-props-megakit/Exports/glTF	Cauldron	?	node tools/tai_itch.mjs <tac-gia>/<goi> o repo quoc-chien
assets_source/fantasy-props-megakit/Exports/glTF	Chain_Coil	?	node tools/tai_itch.mjs <tac-gia>/<goi> o repo quoc-chien
assets_source/fantasy-props-megakit/Exports/glTF	Chair_1	?	node tools/tai_itch.mjs <tac-gia>/<goi> o repo quoc-chien
assets_source/fantasy-props-megakit/Exports/glTF	Chalice	?	node tools/tai_itch.mjs <tac-gia>/<goi> o repo quoc-chien
assets_source/fantasy-props-megakit/Exports/glTF	Chandelier	?	node tools/tai_itch.mjs <tac-gia>/<goi> o repo quoc-chien
assets_source/fantasy-props-megakit/Exports/glTF	Chest_Wood	?	node tools/tai_itch.mjs <tac-gia>/<goi> o repo quoc-chien
assets_source/fantasy-props-megakit/Exports/glTF	Coin	?	node tools/tai_itch.mjs <tac-gia>/<goi> o repo quoc-chien
assets_source/fantasy-props-megakit/Exports/glTF	Coin_Pile	?	node tools/tai_itch.mjs <tac-gia>/<goi> o repo quoc-chien
assets_source/fantasy-props-megakit/Exports/glTF	Coin_Pile_2	?	node tools/tai_itch.mjs <tac-gia>/<goi> o repo quoc-chien
assets_source/fantasy-props-megakit/Exports/glTF	Crate_Metal	?	node tools/tai_itch.mjs <tac-gia>/<goi> o repo quoc-chien
assets_source/fantasy-props-megakit/Exports/glTF	Crate_Wooden	?	node tools/tai_itch.mjs <tac-gia>/<goi> o repo quoc-chien
assets_source/fantasy-props-megakit/Exports/glTF	Dummy	?	node tools/tai_itch.mjs <tac-gia>/<goi> o repo quoc-chien
assets_source/fantasy-props-megakit/Exports/glTF	FarmCrate_Apple	?	node tools/tai_itch.mjs <tac-gia>/<goi> o repo quoc-chien
assets_source/fantasy-props-megakit/Exports/glTF	FarmCrate_Carrot	?	node tools/tai_itch.mjs <tac-gia>/<goi> o repo quoc-chien
assets_source/fantasy-props-megakit/Exports/glTF	FarmCrate_Empty	?	node tools/tai_itch.mjs <tac-gia>/<goi> o repo quoc-chien
assets_source/fantasy-props-megakit/Exports/glTF	Key_Gold	?	node tools/tai_itch.mjs <tac-gia>/<goi> o repo quoc-chien
assets_source/fantasy-props-megakit/Exports/glTF	Key_Metal	?	node tools/tai_itch.mjs <tac-gia>/<goi> o repo quoc-chien
assets_source/fantasy-props-megakit/Exports/glTF	Lantern_Wall	?	node tools/tai_itch.mjs <tac-gia>/<goi> o repo quoc-chien
assets_source/fantasy-props-megakit/Exports/glTF	Mug	?	node tools/tai_itch.mjs <tac-gia>/<goi> o repo quoc-chien
assets_source/fantasy-props-megakit/Exports/glTF	Nightstand_Shelf	?	node tools/tai_itch.mjs <tac-gia>/<goi> o repo quoc-chien
assets_source/fantasy-props-megakit/Exports/glTF	Peg_Rack	?	node tools/tai_itch.mjs <tac-gia>/<goi> o repo quoc-chien
assets_source/fantasy-props-megakit/Exports/glTF	Pickaxe_Bronze	?	node tools/tai_itch.mjs <tac-gia>/<goi> o repo quoc-chien
assets_source/fantasy-props-megakit/Exports/glTF	Pot_1	?	node tools/tai_itch.mjs <tac-gia>/<goi> o repo quoc-chien
assets_source/fantasy-props-megakit/Exports/glTF	Pot_1_Lid	?	node tools/tai_itch.mjs <tac-gia>/<goi> o repo quoc-chien
assets_source/fantasy-props-megakit/Exports/glTF	Potion_1	?	node tools/tai_itch.mjs <tac-gia>/<goi> o repo quoc-chien
assets_source/fantasy-props-megakit/Exports/glTF	Potion_2	?	node tools/tai_itch.mjs <tac-gia>/<goi> o repo quoc-chien
assets_source/fantasy-props-megakit/Exports/glTF	Potion_4	?	node tools/tai_itch.mjs <tac-gia>/<goi> o repo quoc-chien
assets_source/fantasy-props-megakit/Exports/glTF	Pouch_Large	?	node tools/tai_itch.mjs <tac-gia>/<goi> o repo quoc-chien
assets_source/fantasy-props-megakit/Exports/glTF	Rope_1	?	node tools/tai_itch.mjs <tac-gia>/<goi> o repo quoc-chien
assets_source/fantasy-props-megakit/Exports/glTF	Rope_2	?	node tools/tai_itch.mjs <tac-gia>/<goi> o repo quoc-chien
assets_source/fantasy-props-megakit/Exports/glTF	Rope_3	?	node tools/tai_itch.mjs <tac-gia>/<goi> o repo quoc-chien
assets_source/fantasy-props-megakit/Exports/glTF	Scroll_1	?	node tools/tai_itch.mjs <tac-gia>/<goi> o repo quoc-chien
assets_source/fantasy-props-megakit/Exports/glTF	Scroll_2	?	node tools/tai_itch.mjs <tac-gia>/<goi> o repo quoc-chien
assets_source/fantasy-props-megakit/Exports/glTF	Shelf_Arch	?	node tools/tai_itch.mjs <tac-gia>/<goi> o repo quoc-chien
assets_source/fantasy-props-megakit/Exports/glTF	Shelf_Simple	?	node tools/tai_itch.mjs <tac-gia>/<goi> o repo quoc-chien
assets_source/fantasy-props-megakit/Exports/glTF	Shelf_Small_Bottles	?	node tools/tai_itch.mjs <tac-gia>/<goi> o repo quoc-chien
assets_source/fantasy-props-megakit/Exports/glTF	Shield_Wooden	?	node tools/tai_itch.mjs <tac-gia>/<goi> o repo quoc-chien
assets_source/fantasy-props-megakit/Exports/glTF	SmallBottle	?	node tools/tai_itch.mjs <tac-gia>/<goi> o repo quoc-chien
assets_source/fantasy-props-megakit/Exports/glTF	SmallBottles_1	?	node tools/tai_itch.mjs <tac-gia>/<goi> o repo quoc-chien
assets_source/fantasy-props-megakit/Exports/glTF	Stall_Cart_Empty	?	node tools/tai_itch.mjs <tac-gia>/<goi> o repo quoc-chien
assets_source/fantasy-props-megakit/Exports/glTF	Stall_Empty	?	node tools/tai_itch.mjs <tac-gia>/<goi> o repo quoc-chien
assets_source/fantasy-props-megakit/Exports/glTF	Stool	?	node tools/tai_itch.mjs <tac-gia>/<goi> o repo quoc-chien
assets_source/fantasy-props-megakit/Exports/glTF	Sword_Bronze	?	node tools/tai_itch.mjs <tac-gia>/<goi> o repo quoc-chien
assets_source/fantasy-props-megakit/Exports/glTF	Table_Fork	?	node tools/tai_itch.mjs <tac-gia>/<goi> o repo quoc-chien
assets_source/fantasy-props-megakit/Exports/glTF	Table_Knife	?	node tools/tai_itch.mjs <tac-gia>/<goi> o repo quoc-chien
assets_source/fantasy-props-megakit/Exports/glTF	Table_Large	?	node tools/tai_itch.mjs <tac-gia>/<goi> o repo quoc-chien
assets_source/fantasy-props-megakit/Exports/glTF	Table_Plate	?	node tools/tai_itch.mjs <tac-gia>/<goi> o repo quoc-chien
assets_source/fantasy-props-megakit/Exports/glTF	Table_Spoon	?	node tools/tai_itch.mjs <tac-gia>/<goi> o repo quoc-chien
assets_source/fantasy-props-megakit/Exports/glTF	Torch_Metal	?	node tools/tai_itch.mjs <tac-gia>/<goi> o repo quoc-chien
assets_source/fantasy-props-megakit/Exports/glTF	Vase_2	?	node tools/tai_itch.mjs <tac-gia>/<goi> o repo quoc-chien
assets_source/fantasy-props-megakit/Exports/glTF	Vase_4	?	node tools/tai_itch.mjs <tac-gia>/<goi> o repo quoc-chien
assets_source/fantasy-props-megakit/Exports/glTF	Vase_Rubble_Medium	?	node tools/tai_itch.mjs <tac-gia>/<goi> o repo quoc-chien
assets_source/fantasy-props-megakit/Exports/glTF	WeaponStand	?	node tools/tai_itch.mjs <tac-gia>/<goi> o repo quoc-chien
assets_source/fantasy-props-megakit/Exports/glTF	Whetstone	?	node tools/tai_itch.mjs <tac-gia>/<goi> o repo quoc-chien
assets_source/fantasy-props-megakit/Exports/glTF	Workbench	?	node tools/tai_itch.mjs <tac-gia>/<goi> o repo quoc-chien
assets_source/fantasy-props-megakit/Exports/glTF	Workbench_Drawers	?	node tools/tai_itch.mjs <tac-gia>/<goi> o repo quoc-chien
assets_source/fantasy-town-kit/Models/FBX format	balcony-wall	?	node tools/tai_itch.mjs <tac-gia>/<goi> o repo quoc-chien
assets_source/fantasy-town-kit/Models/FBX format	balcony-wall-fence	?	node tools/tai_itch.mjs <tac-gia>/<goi> o repo quoc-chien
assets_source/fantasy-town-kit/Models/FBX format	banner-green	?	node tools/tai_itch.mjs <tac-gia>/<goi> o repo quoc-chien
assets_source/fantasy-town-kit/Models/FBX format	banner-red	?	node tools/tai_itch.mjs <tac-gia>/<goi> o repo quoc-chien
assets_source/fantasy-town-kit/Models/FBX format	blade	?	node tools/tai_itch.mjs <tac-gia>/<goi> o repo quoc-chien
assets_source/fantasy-town-kit/Models/FBX format	cart	?	node tools/tai_itch.mjs <tac-gia>/<goi> o repo quoc-chien
assets_source/fantasy-town-kit/Models/FBX format	cart-high	?	node tools/tai_itch.mjs <tac-gia>/<goi> o repo quoc-chien
assets_source/fantasy-town-kit/Models/FBX format	chimney	?	node tools/tai_itch.mjs <tac-gia>/<goi> o repo quoc-chien
assets_source/fantasy-town-kit/Models/FBX format	chimney-base	?	node tools/tai_itch.mjs <tac-gia>/<goi> o repo quoc-chien
assets_source/fantasy-town-kit/Models/FBX format	chimney-top	?	node tools/tai_itch.mjs <tac-gia>/<goi> o repo quoc-chien
assets_source/fantasy-town-kit/Models/FBX format	fence	?	node tools/tai_itch.mjs <tac-gia>/<goi> o repo quoc-chien
assets_source/fantasy-town-kit/Models/FBX format	fence-broken	?	node tools/tai_itch.mjs <tac-gia>/<goi> o repo quoc-chien
assets_source/fantasy-town-kit/Models/FBX format	fence-curved	?	node tools/tai_itch.mjs <tac-gia>/<goi> o repo quoc-chien
assets_source/fantasy-town-kit/Models/FBX format	fence-gate	?	node tools/tai_itch.mjs <tac-gia>/<goi> o repo quoc-chien
assets_source/fantasy-town-kit/Models/FBX format	fountain-center	?	node tools/tai_itch.mjs <tac-gia>/<goi> o repo quoc-chien
assets_source/fantasy-town-kit/Models/FBX format	fountain-corner	?	node tools/tai_itch.mjs <tac-gia>/<goi> o repo quoc-chien
assets_source/fantasy-town-kit/Models/FBX format	fountain-corner-inner	?	node tools/tai_itch.mjs <tac-gia>/<goi> o repo quoc-chien
assets_source/fantasy-town-kit/Models/FBX format	fountain-corner-inner-square	?	node tools/tai_itch.mjs <tac-gia>/<goi> o repo quoc-chien
assets_source/fantasy-town-kit/Models/FBX format	fountain-curved	?	node tools/tai_itch.mjs <tac-gia>/<goi> o repo quoc-chien
assets_source/fantasy-town-kit/Models/FBX format	fountain-edge	?	node tools/tai_itch.mjs <tac-gia>/<goi> o repo quoc-chien
assets_source/fantasy-town-kit/Models/FBX format	fountain-round	?	node tools/tai_itch.mjs <tac-gia>/<goi> o repo quoc-chien
assets_source/fantasy-town-kit/Models/FBX format	fountain-round-detail	?	node tools/tai_itch.mjs <tac-gia>/<goi> o repo quoc-chien
assets_source/fantasy-town-kit/Models/FBX format	fountain-square	?	node tools/tai_itch.mjs <tac-gia>/<goi> o repo quoc-chien
assets_source/fantasy-town-kit/Models/FBX format	fountain-square-detail	?	node tools/tai_itch.mjs <tac-gia>/<goi> o repo quoc-chien
assets_source/fantasy-town-kit/Models/FBX format	hedge	?	node tools/tai_itch.mjs <tac-gia>/<goi> o repo quoc-chien
assets_source/fantasy-town-kit/Models/FBX format	hedge-curved	?	node tools/tai_itch.mjs <tac-gia>/<goi> o repo quoc-chien
assets_source/fantasy-town-kit/Models/FBX format	hedge-gate	?	node tools/tai_itch.mjs <tac-gia>/<goi> o repo quoc-chien
assets_source/fantasy-town-kit/Models/FBX format	hedge-large	?	node tools/tai_itch.mjs <tac-gia>/<goi> o repo quoc-chien
assets_source/fantasy-town-kit/Models/FBX format	hedge-large-curved	?	node tools/tai_itch.mjs <tac-gia>/<goi> o repo quoc-chien
assets_source/fantasy-town-kit/Models/FBX format	hedge-large-gate	?	node tools/tai_itch.mjs <tac-gia>/<goi> o repo quoc-chien
assets_source/fantasy-town-kit/Models/FBX format	lantern	?	node tools/tai_itch.mjs <tac-gia>/<goi> o repo quoc-chien
assets_source/fantasy-town-kit/Models/FBX format	overhang	?	node tools/tai_itch.mjs <tac-gia>/<goi> o repo quoc-chien
assets_source/fantasy-town-kit/Models/FBX format	pillar-stone	?	node tools/tai_itch.mjs <tac-gia>/<goi> o repo quoc-chien
assets_source/fantasy-town-kit/Models/FBX format	pillar-wood	?	node tools/tai_itch.mjs <tac-gia>/<goi> o repo quoc-chien
assets_source/fantasy-town-kit/Models/FBX format	planks	?	node tools/tai_itch.mjs <tac-gia>/<goi> o repo quoc-chien
assets_source/fantasy-town-kit/Models/FBX format	planks-half	?	node tools/tai_itch.mjs <tac-gia>/<goi> o repo quoc-chien
assets_source/fantasy-town-kit/Models/FBX format	planks-opening	?	node tools/tai_itch.mjs <tac-gia>/<goi> o repo quoc-chien
assets_source/fantasy-town-kit/Models/FBX format	poles	?	node tools/tai_itch.mjs <tac-gia>/<goi> o repo quoc-chien
assets_source/fantasy-town-kit/Models/FBX format	poles-horizontal	?	node tools/tai_itch.mjs <tac-gia>/<goi> o repo quoc-chien
assets_source/fantasy-town-kit/Models/FBX format	road	?	node tools/tai_itch.mjs <tac-gia>/<goi> o repo quoc-chien
assets_source/fantasy-town-kit/Models/FBX format	road-bend	?	node tools/tai_itch.mjs <tac-gia>/<goi> o repo quoc-chien
assets_source/fantasy-town-kit/Models/FBX format	road-corner	?	node tools/tai_itch.mjs <tac-gia>/<goi> o repo quoc-chien
assets_source/fantasy-town-kit/Models/FBX format	road-corner-inner	?	node tools/tai_itch.mjs <tac-gia>/<goi> o repo quoc-chien
assets_source/fantasy-town-kit/Models/FBX format	road-curb	?	node tools/tai_itch.mjs <tac-gia>/<goi> o repo quoc-chien
assets_source/fantasy-town-kit/Models/FBX format	road-curb-end	?	node tools/tai_itch.mjs <tac-gia>/<goi> o repo quoc-chien
assets_source/fantasy-town-kit/Models/FBX format	road-edge	?	node tools/tai_itch.mjs <tac-gia>/<goi> o repo quoc-chien
assets_source/fantasy-town-kit/Models/FBX format	road-edge-slope	?	node tools/tai_itch.mjs <tac-gia>/<goi> o repo quoc-chien
assets_source/fantasy-town-kit/Models/FBX format	road-slope	?	node tools/tai_itch.mjs <tac-gia>/<goi> o repo quoc-chien
assets_source/fantasy-town-kit/Models/FBX format	rock-large	?	node tools/tai_itch.mjs <tac-gia>/<goi> o repo quoc-chien
assets_source/fantasy-town-kit/Models/FBX format	rock-small	?	node tools/tai_itch.mjs <tac-gia>/<goi> o repo quoc-chien
assets_source/fantasy-town-kit/Models/FBX format	rock-wide	?	node tools/tai_itch.mjs <tac-gia>/<goi> o repo quoc-chien
assets_source/fantasy-town-kit/Models/FBX format	roof	?	node tools/tai_itch.mjs <tac-gia>/<goi> o repo quoc-chien
assets_source/fantasy-town-kit/Models/FBX format	roof-corner	?	node tools/tai_itch.mjs <tac-gia>/<goi> o repo quoc-chien
assets_source/fantasy-town-kit/Models/FBX format	roof-corner-inner	?	node tools/tai_itch.mjs <tac-gia>/<goi> o repo quoc-chien
assets_source/fantasy-town-kit/Models/FBX format	roof-corner-round	?	node tools/tai_itch.mjs <tac-gia>/<goi> o repo quoc-chien
assets_source/fantasy-town-kit/Models/FBX format	roof-flat	?	node tools/tai_itch.mjs <tac-gia>/<goi> o repo quoc-chien
assets_source/fantasy-town-kit/Models/FBX format	roof-gable	?	node tools/tai_itch.mjs <tac-gia>/<goi> o repo quoc-chien
assets_source/fantasy-town-kit/Models/FBX format	roof-gable-detail	?	node tools/tai_itch.mjs <tac-gia>/<goi> o repo quoc-chien
assets_source/fantasy-town-kit/Models/FBX format	roof-gable-end	?	node tools/tai_itch.mjs <tac-gia>/<goi> o repo quoc-chien
assets_source/fantasy-town-kit/Models/FBX format	roof-gable-top	?	node tools/tai_itch.mjs <tac-gia>/<goi> o repo quoc-chien
assets_source/fantasy-town-kit/Models/FBX format	roof-high	?	node tools/tai_itch.mjs <tac-gia>/<goi> o repo quoc-chien
assets_source/fantasy-town-kit/Models/FBX format	roof-high-corner	?	node tools/tai_itch.mjs <tac-gia>/<goi> o repo quoc-chien
assets_source/fantasy-town-kit/Models/FBX format	roof-high-corner-round	?	node tools/tai_itch.mjs <tac-gia>/<goi> o repo quoc-chien
assets_source/fantasy-town-kit/Models/FBX format	roof-high-cornerinner	?	node tools/tai_itch.mjs <tac-gia>/<goi> o repo quoc-chien
assets_source/fantasy-town-kit/Models/FBX format	roof-high-flat	?	node tools/tai_itch.mjs <tac-gia>/<goi> o repo quoc-chien
assets_source/fantasy-town-kit/Models/FBX format	roof-high-gable	?	node tools/tai_itch.mjs <tac-gia>/<goi> o repo quoc-chien
assets_source/fantasy-town-kit/Models/FBX format	roof-high-gable-detail	?	node tools/tai_itch.mjs <tac-gia>/<goi> o repo quoc-chien
assets_source/fantasy-town-kit/Models/FBX format	roof-high-gable-end	?	node tools/tai_itch.mjs <tac-gia>/<goi> o repo quoc-chien
assets_source/fantasy-town-kit/Models/FBX format	roof-high-gable-top	?	node tools/tai_itch.mjs <tac-gia>/<goi> o repo quoc-chien
assets_source/fantasy-town-kit/Models/FBX format	roof-high-left	?	node tools/tai_itch.mjs <tac-gia>/<goi> o repo quoc-chien
assets_source/fantasy-town-kit/Models/FBX format	roof-high-point	?	node tools/tai_itch.mjs <tac-gia>/<goi> o repo quoc-chien
assets_source/fantasy-town-kit/Models/FBX format	roof-high-right	?	node tools/tai_itch.mjs <tac-gia>/<goi> o repo quoc-chien
assets_source/fantasy-town-kit/Models/FBX format	roof-high-window	?	node tools/tai_itch.mjs <tac-gia>/<goi> o repo quoc-chien
assets_source/fantasy-town-kit/Models/FBX format	roof-left	?	node tools/tai_itch.mjs <tac-gia>/<goi> o repo quoc-chien
assets_source/fantasy-town-kit/Models/FBX format	roof-point	?	node tools/tai_itch.mjs <tac-gia>/<goi> o repo quoc-chien
assets_source/fantasy-town-kit/Models/FBX format	roof-right	?	node tools/tai_itch.mjs <tac-gia>/<goi> o repo quoc-chien
assets_source/fantasy-town-kit/Models/FBX format	roof-window	?	node tools/tai_itch.mjs <tac-gia>/<goi> o repo quoc-chien
assets_source/fantasy-town-kit/Models/FBX format	stairs-full	?	node tools/tai_itch.mjs <tac-gia>/<goi> o repo quoc-chien
assets_source/fantasy-town-kit/Models/FBX format	stairs-full-corner-inner	?	node tools/tai_itch.mjs <tac-gia>/<goi> o repo quoc-chien
assets_source/fantasy-town-kit/Models/FBX format	stairs-full-corner-outer	?	node tools/tai_itch.mjs <tac-gia>/<goi> o repo quoc-chien
assets_source/fantasy-town-kit/Models/FBX format	stairs-stone	?	node tools/tai_itch.mjs <tac-gia>/<goi> o repo quoc-chien
assets_source/fantasy-town-kit/Models/FBX format	stairs-stone-corner	?	node tools/tai_itch.mjs <tac-gia>/<goi> o repo quoc-chien
assets_source/fantasy-town-kit/Models/FBX format	stairs-stone-handrail	?	node tools/tai_itch.mjs <tac-gia>/<goi> o repo quoc-chien
assets_source/fantasy-town-kit/Models/FBX format	stairs-stone-round	?	node tools/tai_itch.mjs <tac-gia>/<goi> o repo quoc-chien
assets_source/fantasy-town-kit/Models/FBX format	stairs-wide-stone	?	node tools/tai_itch.mjs <tac-gia>/<goi> o repo quoc-chien
assets_source/fantasy-town-kit/Models/FBX format	stairs-wide-stone-handrail	?	node tools/tai_itch.mjs <tac-gia>/<goi> o repo quoc-chien
assets_source/fantasy-town-kit/Models/FBX format	stairs-wide-wood	?	node tools/tai_itch.mjs <tac-gia>/<goi> o repo quoc-chien
assets_source/fantasy-town-kit/Models/FBX format	stairs-wide-wood-handrail	?	node tools/tai_itch.mjs <tac-gia>/<goi> o repo quoc-chien
assets_source/fantasy-town-kit/Models/FBX format	stairs-wood	?	node tools/tai_itch.mjs <tac-gia>/<goi> o repo quoc-chien
assets_source/fantasy-town-kit/Models/FBX format	stairs-wood-handrail	?	node tools/tai_itch.mjs <tac-gia>/<goi> o repo quoc-chien
assets_source/fantasy-town-kit/Models/FBX format	stall	?	node tools/tai_itch.mjs <tac-gia>/<goi> o repo quoc-chien
assets_source/fantasy-town-kit/Models/FBX format	stall-bench	?	node tools/tai_itch.mjs <tac-gia>/<goi> o repo quoc-chien
assets_source/fantasy-town-kit/Models/FBX format	stall-green	?	node tools/tai_itch.mjs <tac-gia>/<goi> o repo quoc-chien
assets_source/fantasy-town-kit/Models/FBX format	stall-red	?	node tools/tai_itch.mjs <tac-gia>/<goi> o repo quoc-chien
assets_source/fantasy-town-kit/Models/FBX format	stall-stool	?	node tools/tai_itch.mjs <tac-gia>/<goi> o repo quoc-chien
assets_source/fantasy-town-kit/Models/FBX format	tree	?	node tools/tai_itch.mjs <tac-gia>/<goi> o repo quoc-chien
assets_source/fantasy-town-kit/Models/FBX format	tree-crooked	?	node tools/tai_itch.mjs <tac-gia>/<goi> o repo quoc-chien
assets_source/fantasy-town-kit/Models/FBX format	tree-high	?	node tools/tai_itch.mjs <tac-gia>/<goi> o repo quoc-chien
assets_source/fantasy-town-kit/Models/FBX format	tree-high-crooked	?	node tools/tai_itch.mjs <tac-gia>/<goi> o repo quoc-chien
assets_source/fantasy-town-kit/Models/FBX format	tree-high-round	?	node tools/tai_itch.mjs <tac-gia>/<goi> o repo quoc-chien
assets_source/fantasy-town-kit/Models/FBX format	wall	?	node tools/tai_itch.mjs <tac-gia>/<goi> o repo quoc-chien
assets_source/fantasy-town-kit/Models/FBX format	wall-arch	?	node tools/tai_itch.mjs <tac-gia>/<goi> o repo quoc-chien
assets_source/fantasy-town-kit/Models/FBX format	wall-arch-top	?	node tools/tai_itch.mjs <tac-gia>/<goi> o repo quoc-chien
assets_source/fantasy-town-kit/Models/FBX format	wall-arch-top-detail	?	node tools/tai_itch.mjs <tac-gia>/<goi> o repo quoc-chien
assets_source/fantasy-town-kit/Models/FBX format	wall-block	?	node tools/tai_itch.mjs <tac-gia>/<goi> o repo quoc-chien
assets_source/fantasy-town-kit/Models/FBX format	wall-block-half	?	node tools/tai_itch.mjs <tac-gia>/<goi> o repo quoc-chien
assets_source/fantasy-town-kit/Models/FBX format	wall-broken	?	node tools/tai_itch.mjs <tac-gia>/<goi> o repo quoc-chien
assets_source/fantasy-town-kit/Models/FBX format	wall-corner	?	node tools/tai_itch.mjs <tac-gia>/<goi> o repo quoc-chien
assets_source/fantasy-town-kit/Models/FBX format	wall-corner-detail	?	node tools/tai_itch.mjs <tac-gia>/<goi> o repo quoc-chien
assets_source/fantasy-town-kit/Models/FBX format	wall-corner-diagonal	?	node tools/tai_itch.mjs <tac-gia>/<goi> o repo quoc-chien
assets_source/fantasy-town-kit/Models/FBX format	wall-corner-diagonal-half	?	node tools/tai_itch.mjs <tac-gia>/<goi> o repo quoc-chien
assets_source/fantasy-town-kit/Models/FBX format	wall-corner-edge	?	node tools/tai_itch.mjs <tac-gia>/<goi> o repo quoc-chien
assets_source/fantasy-town-kit/Models/FBX format	wall-curved	?	node tools/tai_itch.mjs <tac-gia>/<goi> o repo quoc-chien
assets_source/fantasy-town-kit/Models/FBX format	wall-detail-cross	?	node tools/tai_itch.mjs <tac-gia>/<goi> o repo quoc-chien
assets_source/fantasy-town-kit/Models/FBX format	wall-detail-diagonal	?	node tools/tai_itch.mjs <tac-gia>/<goi> o repo quoc-chien
assets_source/fantasy-town-kit/Models/FBX format	wall-detail-horizontal	?	node tools/tai_itch.mjs <tac-gia>/<goi> o repo quoc-chien
assets_source/fantasy-town-kit/Models/FBX format	wall-diagonal	?	node tools/tai_itch.mjs <tac-gia>/<goi> o repo quoc-chien
assets_source/fantasy-town-kit/Models/FBX format	wall-door	?	node tools/tai_itch.mjs <tac-gia>/<goi> o repo quoc-chien
assets_source/fantasy-town-kit/Models/FBX format	wall-doorway-base	?	node tools/tai_itch.mjs <tac-gia>/<goi> o repo quoc-chien
assets_source/fantasy-town-kit/Models/FBX format	wall-doorway-round	?	node tools/tai_itch.mjs <tac-gia>/<goi> o repo quoc-chien
assets_source/fantasy-town-kit/Models/FBX format	wall-doorway-square	?	node tools/tai_itch.mjs <tac-gia>/<goi> o repo quoc-chien
assets_source/fantasy-town-kit/Models/FBX format	wall-doorway-square-wide	?	node tools/tai_itch.mjs <tac-gia>/<goi> o repo quoc-chien
assets_source/fantasy-town-kit/Models/FBX format	wall-doorway-square-wide-curved	?	node tools/tai_itch.mjs <tac-gia>/<goi> o repo quoc-chien
assets_source/fantasy-town-kit/Models/FBX format	wall-half	?	node tools/tai_itch.mjs <tac-gia>/<goi> o repo quoc-chien
assets_source/fantasy-town-kit/Models/FBX format	wall-rounded	?	node tools/tai_itch.mjs <tac-gia>/<goi> o repo quoc-chien
assets_source/fantasy-town-kit/Models/FBX format	wall-side	?	node tools/tai_itch.mjs <tac-gia>/<goi> o repo quoc-chien
assets_source/fantasy-town-kit/Models/FBX format	wall-slope	?	node tools/tai_itch.mjs <tac-gia>/<goi> o repo quoc-chien
assets_source/fantasy-town-kit/Models/FBX format	wall-window-glass	?	node tools/tai_itch.mjs <tac-gia>/<goi> o repo quoc-chien
assets_source/fantasy-town-kit/Models/FBX format	wall-window-round	?	node tools/tai_itch.mjs <tac-gia>/<goi> o repo quoc-chien
assets_source/fantasy-town-kit/Models/FBX format	wall-window-shutters	?	node tools/tai_itch.mjs <tac-gia>/<goi> o repo quoc-chien
assets_source/fantasy-town-kit/Models/FBX format	wall-window-small	?	node tools/tai_itch.mjs <tac-gia>/<goi> o repo quoc-chien
assets_source/fantasy-town-kit/Models/FBX format	wall-window-stone	?	node tools/tai_itch.mjs <tac-gia>/<goi> o repo quoc-chien
assets_source/fantasy-town-kit/Models/FBX format	wall-wood	?	node tools/tai_itch.mjs <tac-gia>/<goi> o repo quoc-chien
assets_source/fantasy-town-kit/Models/FBX format	wall-wood-arch	?	node tools/tai_itch.mjs <tac-gia>/<goi> o repo quoc-chien
assets_source/fantasy-town-kit/Models/FBX format	wall-wood-arch-top	?	node tools/tai_itch.mjs <tac-gia>/<goi> o repo quoc-chien
assets_source/fantasy-town-kit/Models/FBX format	wall-wood-arch-top-detail	?	node tools/tai_itch.mjs <tac-gia>/<goi> o repo quoc-chien
assets_source/fantasy-town-kit/Models/FBX format	wall-wood-block	?	node tools/tai_itch.mjs <tac-gia>/<goi> o repo quoc-chien
assets_source/fantasy-town-kit/Models/FBX format	wall-wood-block-half	?	node tools/tai_itch.mjs <tac-gia>/<goi> o repo quoc-chien
assets_source/fantasy-town-kit/Models/FBX format	wall-wood-broken	?	node tools/tai_itch.mjs <tac-gia>/<goi> o repo quoc-chien
assets_source/fantasy-town-kit/Models/FBX format	wall-wood-corner	?	node tools/tai_itch.mjs <tac-gia>/<goi> o repo quoc-chien
assets_source/fantasy-town-kit/Models/FBX format	wall-wood-corner-diagonal	?	node tools/tai_itch.mjs <tac-gia>/<goi> o repo quoc-chien
assets_source/fantasy-town-kit/Models/FBX format	wall-wood-corner-diagonal-half	?	node tools/tai_itch.mjs <tac-gia>/<goi> o repo quoc-chien
assets_source/fantasy-town-kit/Models/FBX format	wall-wood-corner-edge	?	node tools/tai_itch.mjs <tac-gia>/<goi> o repo quoc-chien
assets_source/fantasy-town-kit/Models/FBX format	wall-wood-curved	?	node tools/tai_itch.mjs <tac-gia>/<goi> o repo quoc-chien
assets_source/fantasy-town-kit/Models/FBX format	wall-wood-detail-cross	?	node tools/tai_itch.mjs <tac-gia>/<goi> o repo quoc-chien
assets_source/fantasy-town-kit/Models/FBX format	wall-wood-detail-diagonal	?	node tools/tai_itch.mjs <tac-gia>/<goi> o repo quoc-chien
assets_source/fantasy-town-kit/Models/FBX format	wall-wood-detail-horizontal	?	node tools/tai_itch.mjs <tac-gia>/<goi> o repo quoc-chien
assets_source/fantasy-town-kit/Models/FBX format	wall-wood-diagonal	?	node tools/tai_itch.mjs <tac-gia>/<goi> o repo quoc-chien
assets_source/fantasy-town-kit/Models/FBX format	wall-wood-door	?	node tools/tai_itch.mjs <tac-gia>/<goi> o repo quoc-chien
assets_source/fantasy-town-kit/Models/FBX format	wall-wood-doorway-base	?	node tools/tai_itch.mjs <tac-gia>/<goi> o repo quoc-chien
assets_source/fantasy-town-kit/Models/FBX format	wall-wood-doorway-round	?	node tools/tai_itch.mjs <tac-gia>/<goi> o repo quoc-chien
assets_source/fantasy-town-kit/Models/FBX format	wall-wood-doorway-square	?	node tools/tai_itch.mjs <tac-gia>/<goi> o repo quoc-chien
assets_source/fantasy-town-kit/Models/FBX format	wall-wood-doorway-square-wide	?	node tools/tai_itch.mjs <tac-gia>/<goi> o repo quoc-chien
assets_source/fantasy-town-kit/Models/FBX format	wall-wood-doorway-square-wide-curved	?	node tools/tai_itch.mjs <tac-gia>/<goi> o repo quoc-chien
assets_source/fantasy-town-kit/Models/FBX format	wall-wood-half	?	node tools/tai_itch.mjs <tac-gia>/<goi> o repo quoc-chien
assets_source/fantasy-town-kit/Models/FBX format	wall-wood-rounded	?	node tools/tai_itch.mjs <tac-gia>/<goi> o repo quoc-chien
assets_source/fantasy-town-kit/Models/FBX format	wall-wood-side	?	node tools/tai_itch.mjs <tac-gia>/<goi> o repo quoc-chien
assets_source/fantasy-town-kit/Models/FBX format	wall-wood-slope	?	node tools/tai_itch.mjs <tac-gia>/<goi> o repo quoc-chien
assets_source/fantasy-town-kit/Models/FBX format	wall-wood-window-glass	?	node tools/tai_itch.mjs <tac-gia>/<goi> o repo quoc-chien
assets_source/fantasy-town-kit/Models/FBX format	wall-wood-window-round	?	node tools/tai_itch.mjs <tac-gia>/<goi> o repo quoc-chien
assets_source/fantasy-town-kit/Models/FBX format	wall-wood-window-shutters	?	node tools/tai_itch.mjs <tac-gia>/<goi> o repo quoc-chien
assets_source/fantasy-town-kit/Models/FBX format	wall-wood-window-small	?	node tools/tai_itch.mjs <tac-gia>/<goi> o repo quoc-chien
assets_source/fantasy-town-kit/Models/FBX format	wall-wood-window-stone	?	node tools/tai_itch.mjs <tac-gia>/<goi> o repo quoc-chien
assets_source/fantasy-town-kit/Models/FBX format	watermill	?	node tools/tai_itch.mjs <tac-gia>/<goi> o repo quoc-chien
assets_source/fantasy-town-kit/Models/FBX format	watermill-wide	?	node tools/tai_itch.mjs <tac-gia>/<goi> o repo quoc-chien
assets_source/fantasy-town-kit/Models/FBX format	wheel	?	node tools/tai_itch.mjs <tac-gia>/<goi> o repo quoc-chien
assets_source/fantasy-town-kit/Models/FBX format	windmill	?	node tools/tai_itch.mjs <tac-gia>/<goi> o repo quoc-chien
assets_source/fantasy-town-kit/Models/GLB format	balcony-wall	?	node tools/tai_itch.mjs <tac-gia>/<goi> o repo quoc-chien
assets_source/fantasy-town-kit/Models/GLB format	balcony-wall-fence	?	node tools/tai_itch.mjs <tac-gia>/<goi> o repo quoc-chien
assets_source/fantasy-town-kit/Models/GLB format	banner-green	?	node tools/tai_itch.mjs <tac-gia>/<goi> o repo quoc-chien
assets_source/fantasy-town-kit/Models/GLB format	banner-red	?	node tools/tai_itch.mjs <tac-gia>/<goi> o repo quoc-chien
assets_source/fantasy-town-kit/Models/GLB format	blade	?	node tools/tai_itch.mjs <tac-gia>/<goi> o repo quoc-chien
assets_source/fantasy-town-kit/Models/GLB format	cart	?	node tools/tai_itch.mjs <tac-gia>/<goi> o repo quoc-chien
assets_source/fantasy-town-kit/Models/GLB format	cart-high	?	node tools/tai_itch.mjs <tac-gia>/<goi> o repo quoc-chien
assets_source/fantasy-town-kit/Models/GLB format	chimney	?	node tools/tai_itch.mjs <tac-gia>/<goi> o repo quoc-chien
assets_source/fantasy-town-kit/Models/GLB format	chimney-base	?	node tools/tai_itch.mjs <tac-gia>/<goi> o repo quoc-chien
assets_source/fantasy-town-kit/Models/GLB format	chimney-top	?	node tools/tai_itch.mjs <tac-gia>/<goi> o repo quoc-chien
assets_source/fantasy-town-kit/Models/GLB format	fence	?	node tools/tai_itch.mjs <tac-gia>/<goi> o repo quoc-chien
assets_source/fantasy-town-kit/Models/GLB format	fence-broken	?	node tools/tai_itch.mjs <tac-gia>/<goi> o repo quoc-chien
assets_source/fantasy-town-kit/Models/GLB format	fence-curved	?	node tools/tai_itch.mjs <tac-gia>/<goi> o repo quoc-chien
assets_source/fantasy-town-kit/Models/GLB format	fence-gate	?	node tools/tai_itch.mjs <tac-gia>/<goi> o repo quoc-chien
assets_source/fantasy-town-kit/Models/GLB format	fountain-center	?	node tools/tai_itch.mjs <tac-gia>/<goi> o repo quoc-chien
assets_source/fantasy-town-kit/Models/GLB format	fountain-corner	?	node tools/tai_itch.mjs <tac-gia>/<goi> o repo quoc-chien
assets_source/fantasy-town-kit/Models/GLB format	fountain-corner-inner	?	node tools/tai_itch.mjs <tac-gia>/<goi> o repo quoc-chien
assets_source/fantasy-town-kit/Models/GLB format	fountain-corner-inner-square	?	node tools/tai_itch.mjs <tac-gia>/<goi> o repo quoc-chien
assets_source/fantasy-town-kit/Models/GLB format	fountain-curved	?	node tools/tai_itch.mjs <tac-gia>/<goi> o repo quoc-chien
assets_source/fantasy-town-kit/Models/GLB format	fountain-edge	?	node tools/tai_itch.mjs <tac-gia>/<goi> o repo quoc-chien
assets_source/fantasy-town-kit/Models/GLB format	fountain-round	?	node tools/tai_itch.mjs <tac-gia>/<goi> o repo quoc-chien
assets_source/fantasy-town-kit/Models/GLB format	fountain-round-detail	?	node tools/tai_itch.mjs <tac-gia>/<goi> o repo quoc-chien
assets_source/fantasy-town-kit/Models/GLB format	fountain-square	?	node tools/tai_itch.mjs <tac-gia>/<goi> o repo quoc-chien
assets_source/fantasy-town-kit/Models/GLB format	fountain-square-detail	?	node tools/tai_itch.mjs <tac-gia>/<goi> o repo quoc-chien
assets_source/fantasy-town-kit/Models/GLB format	hedge	?	node tools/tai_itch.mjs <tac-gia>/<goi> o repo quoc-chien
assets_source/fantasy-town-kit/Models/GLB format	hedge-curved	?	node tools/tai_itch.mjs <tac-gia>/<goi> o repo quoc-chien
assets_source/fantasy-town-kit/Models/GLB format	hedge-gate	?	node tools/tai_itch.mjs <tac-gia>/<goi> o repo quoc-chien
assets_source/fantasy-town-kit/Models/GLB format	hedge-large	?	node tools/tai_itch.mjs <tac-gia>/<goi> o repo quoc-chien
assets_source/fantasy-town-kit/Models/GLB format	hedge-large-curved	?	node tools/tai_itch.mjs <tac-gia>/<goi> o repo quoc-chien
assets_source/fantasy-town-kit/Models/GLB format	hedge-large-gate	?	node tools/tai_itch.mjs <tac-gia>/<goi> o repo quoc-chien
assets_source/fantasy-town-kit/Models/GLB format	lantern	?	node tools/tai_itch.mjs <tac-gia>/<goi> o repo quoc-chien
assets_source/fantasy-town-kit/Models/GLB format	overhang	?	node tools/tai_itch.mjs <tac-gia>/<goi> o repo quoc-chien
assets_source/fantasy-town-kit/Models/GLB format	pillar-stone	?	node tools/tai_itch.mjs <tac-gia>/<goi> o repo quoc-chien
assets_source/fantasy-town-kit/Models/GLB format	pillar-wood	?	node tools/tai_itch.mjs <tac-gia>/<goi> o repo quoc-chien
assets_source/fantasy-town-kit/Models/GLB format	planks	?	node tools/tai_itch.mjs <tac-gia>/<goi> o repo quoc-chien
assets_source/fantasy-town-kit/Models/GLB format	planks-half	?	node tools/tai_itch.mjs <tac-gia>/<goi> o repo quoc-chien
assets_source/fantasy-town-kit/Models/GLB format	planks-opening	?	node tools/tai_itch.mjs <tac-gia>/<goi> o repo quoc-chien
assets_source/fantasy-town-kit/Models/GLB format	poles	?	node tools/tai_itch.mjs <tac-gia>/<goi> o repo quoc-chien
assets_source/fantasy-town-kit/Models/GLB format	poles-horizontal	?	node tools/tai_itch.mjs <tac-gia>/<goi> o repo quoc-chien
assets_source/fantasy-town-kit/Models/GLB format	road	?	node tools/tai_itch.mjs <tac-gia>/<goi> o repo quoc-chien
assets_source/fantasy-town-kit/Models/GLB format	road-bend	?	node tools/tai_itch.mjs <tac-gia>/<goi> o repo quoc-chien
assets_source/fantasy-town-kit/Models/GLB format	road-corner	?	node tools/tai_itch.mjs <tac-gia>/<goi> o repo quoc-chien
assets_source/fantasy-town-kit/Models/GLB format	road-corner-inner	?	node tools/tai_itch.mjs <tac-gia>/<goi> o repo quoc-chien
assets_source/fantasy-town-kit/Models/GLB format	road-curb	?	node tools/tai_itch.mjs <tac-gia>/<goi> o repo quoc-chien
assets_source/fantasy-town-kit/Models/GLB format	road-curb-end	?	node tools/tai_itch.mjs <tac-gia>/<goi> o repo quoc-chien
assets_source/fantasy-town-kit/Models/GLB format	road-edge	?	node tools/tai_itch.mjs <tac-gia>/<goi> o repo quoc-chien
assets_source/fantasy-town-kit/Models/GLB format	road-edge-slope	?	node tools/tai_itch.mjs <tac-gia>/<goi> o repo quoc-chien
assets_source/fantasy-town-kit/Models/GLB format	road-slope	?	node tools/tai_itch.mjs <tac-gia>/<goi> o repo quoc-chien
assets_source/fantasy-town-kit/Models/GLB format	rock-large	?	node tools/tai_itch.mjs <tac-gia>/<goi> o repo quoc-chien
assets_source/fantasy-town-kit/Models/GLB format	rock-small	?	node tools/tai_itch.mjs <tac-gia>/<goi> o repo quoc-chien
assets_source/fantasy-town-kit/Models/GLB format	rock-wide	?	node tools/tai_itch.mjs <tac-gia>/<goi> o repo quoc-chien
assets_source/fantasy-town-kit/Models/GLB format	roof	?	node tools/tai_itch.mjs <tac-gia>/<goi> o repo quoc-chien
assets_source/fantasy-town-kit/Models/GLB format	roof-corner	?	node tools/tai_itch.mjs <tac-gia>/<goi> o repo quoc-chien
assets_source/fantasy-town-kit/Models/GLB format	roof-corner-inner	?	node tools/tai_itch.mjs <tac-gia>/<goi> o repo quoc-chien
assets_source/fantasy-town-kit/Models/GLB format	roof-corner-round	?	node tools/tai_itch.mjs <tac-gia>/<goi> o repo quoc-chien
assets_source/fantasy-town-kit/Models/GLB format	roof-flat	?	node tools/tai_itch.mjs <tac-gia>/<goi> o repo quoc-chien
assets_source/fantasy-town-kit/Models/GLB format	roof-gable	?	node tools/tai_itch.mjs <tac-gia>/<goi> o repo quoc-chien
assets_source/fantasy-town-kit/Models/GLB format	roof-gable-detail	?	node tools/tai_itch.mjs <tac-gia>/<goi> o repo quoc-chien
assets_source/fantasy-town-kit/Models/GLB format	roof-gable-end	?	node tools/tai_itch.mjs <tac-gia>/<goi> o repo quoc-chien
assets_source/fantasy-town-kit/Models/GLB format	roof-gable-top	?	node tools/tai_itch.mjs <tac-gia>/<goi> o repo quoc-chien
assets_source/fantasy-town-kit/Models/GLB format	roof-high	?	node tools/tai_itch.mjs <tac-gia>/<goi> o repo quoc-chien
assets_source/fantasy-town-kit/Models/GLB format	roof-high-corner	?	node tools/tai_itch.mjs <tac-gia>/<goi> o repo quoc-chien
assets_source/fantasy-town-kit/Models/GLB format	roof-high-corner-round	?	node tools/tai_itch.mjs <tac-gia>/<goi> o repo quoc-chien
assets_source/fantasy-town-kit/Models/GLB format	roof-high-cornerinner	?	node tools/tai_itch.mjs <tac-gia>/<goi> o repo quoc-chien
assets_source/fantasy-town-kit/Models/GLB format	roof-high-flat	?	node tools/tai_itch.mjs <tac-gia>/<goi> o repo quoc-chien
assets_source/fantasy-town-kit/Models/GLB format	roof-high-gable	?	node tools/tai_itch.mjs <tac-gia>/<goi> o repo quoc-chien
assets_source/fantasy-town-kit/Models/GLB format	roof-high-gable-detail	?	node tools/tai_itch.mjs <tac-gia>/<goi> o repo quoc-chien
assets_source/fantasy-town-kit/Models/GLB format	roof-high-gable-end	?	node tools/tai_itch.mjs <tac-gia>/<goi> o repo quoc-chien
assets_source/fantasy-town-kit/Models/GLB format	roof-high-gable-top	?	node tools/tai_itch.mjs <tac-gia>/<goi> o repo quoc-chien
assets_source/fantasy-town-kit/Models/GLB format	roof-high-left	?	node tools/tai_itch.mjs <tac-gia>/<goi> o repo quoc-chien
assets_source/fantasy-town-kit/Models/GLB format	roof-high-point	?	node tools/tai_itch.mjs <tac-gia>/<goi> o repo quoc-chien
assets_source/fantasy-town-kit/Models/GLB format	roof-high-right	?	node tools/tai_itch.mjs <tac-gia>/<goi> o repo quoc-chien
assets_source/fantasy-town-kit/Models/GLB format	roof-high-window	?	node tools/tai_itch.mjs <tac-gia>/<goi> o repo quoc-chien
assets_source/fantasy-town-kit/Models/GLB format	roof-left	?	node tools/tai_itch.mjs <tac-gia>/<goi> o repo quoc-chien
assets_source/fantasy-town-kit/Models/GLB format	roof-point	?	node tools/tai_itch.mjs <tac-gia>/<goi> o repo quoc-chien
assets_source/fantasy-town-kit/Models/GLB format	roof-right	?	node tools/tai_itch.mjs <tac-gia>/<goi> o repo quoc-chien
assets_source/fantasy-town-kit/Models/GLB format	roof-window	?	node tools/tai_itch.mjs <tac-gia>/<goi> o repo quoc-chien
assets_source/fantasy-town-kit/Models/GLB format	stairs-full	?	node tools/tai_itch.mjs <tac-gia>/<goi> o repo quoc-chien
assets_source/fantasy-town-kit/Models/GLB format	stairs-full-corner-inner	?	node tools/tai_itch.mjs <tac-gia>/<goi> o repo quoc-chien
assets_source/fantasy-town-kit/Models/GLB format	stairs-full-corner-outer	?	node tools/tai_itch.mjs <tac-gia>/<goi> o repo quoc-chien
assets_source/fantasy-town-kit/Models/GLB format	stairs-stone	?	node tools/tai_itch.mjs <tac-gia>/<goi> o repo quoc-chien
assets_source/fantasy-town-kit/Models/GLB format	stairs-stone-corner	?	node tools/tai_itch.mjs <tac-gia>/<goi> o repo quoc-chien
assets_source/fantasy-town-kit/Models/GLB format	stairs-stone-handrail	?	node tools/tai_itch.mjs <tac-gia>/<goi> o repo quoc-chien
assets_source/fantasy-town-kit/Models/GLB format	stairs-stone-round	?	node tools/tai_itch.mjs <tac-gia>/<goi> o repo quoc-chien
assets_source/fantasy-town-kit/Models/GLB format	stairs-wide-stone	?	node tools/tai_itch.mjs <tac-gia>/<goi> o repo quoc-chien
assets_source/fantasy-town-kit/Models/GLB format	stairs-wide-stone-handrail	?	node tools/tai_itch.mjs <tac-gia>/<goi> o repo quoc-chien
assets_source/fantasy-town-kit/Models/GLB format	stairs-wide-wood	?	node tools/tai_itch.mjs <tac-gia>/<goi> o repo quoc-chien
assets_source/fantasy-town-kit/Models/GLB format	stairs-wide-wood-handrail	?	node tools/tai_itch.mjs <tac-gia>/<goi> o repo quoc-chien
assets_source/fantasy-town-kit/Models/GLB format	stairs-wood	?	node tools/tai_itch.mjs <tac-gia>/<goi> o repo quoc-chien
assets_source/fantasy-town-kit/Models/GLB format	stairs-wood-handrail	?	node tools/tai_itch.mjs <tac-gia>/<goi> o repo quoc-chien
assets_source/fantasy-town-kit/Models/GLB format	stall	?	node tools/tai_itch.mjs <tac-gia>/<goi> o repo quoc-chien
assets_source/fantasy-town-kit/Models/GLB format	stall-bench	?	node tools/tai_itch.mjs <tac-gia>/<goi> o repo quoc-chien
assets_source/fantasy-town-kit/Models/GLB format	stall-green	?	node tools/tai_itch.mjs <tac-gia>/<goi> o repo quoc-chien
assets_source/fantasy-town-kit/Models/GLB format	stall-red	?	node tools/tai_itch.mjs <tac-gia>/<goi> o repo quoc-chien
assets_source/fantasy-town-kit/Models/GLB format	stall-stool	?	node tools/tai_itch.mjs <tac-gia>/<goi> o repo quoc-chien
assets_source/fantasy-town-kit/Models/GLB format	tree	?	node tools/tai_itch.mjs <tac-gia>/<goi> o repo quoc-chien
assets_source/fantasy-town-kit/Models/GLB format	tree-crooked	?	node tools/tai_itch.mjs <tac-gia>/<goi> o repo quoc-chien
assets_source/fantasy-town-kit/Models/GLB format	tree-high	?	node tools/tai_itch.mjs <tac-gia>/<goi> o repo quoc-chien
assets_source/fantasy-town-kit/Models/GLB format	tree-high-crooked	?	node tools/tai_itch.mjs <tac-gia>/<goi> o repo quoc-chien
assets_source/fantasy-town-kit/Models/GLB format	tree-high-round	?	node tools/tai_itch.mjs <tac-gia>/<goi> o repo quoc-chien
assets_source/fantasy-town-kit/Models/GLB format	wall	?	node tools/tai_itch.mjs <tac-gia>/<goi> o repo quoc-chien
assets_source/fantasy-town-kit/Models/GLB format	wall-arch	?	node tools/tai_itch.mjs <tac-gia>/<goi> o repo quoc-chien
assets_source/fantasy-town-kit/Models/GLB format	wall-arch-top	?	node tools/tai_itch.mjs <tac-gia>/<goi> o repo quoc-chien
assets_source/fantasy-town-kit/Models/GLB format	wall-arch-top-detail	?	node tools/tai_itch.mjs <tac-gia>/<goi> o repo quoc-chien
assets_source/fantasy-town-kit/Models/GLB format	wall-block	?	node tools/tai_itch.mjs <tac-gia>/<goi> o repo quoc-chien
assets_source/fantasy-town-kit/Models/GLB format	wall-block-half	?	node tools/tai_itch.mjs <tac-gia>/<goi> o repo quoc-chien
assets_source/fantasy-town-kit/Models/GLB format	wall-broken	?	node tools/tai_itch.mjs <tac-gia>/<goi> o repo quoc-chien
assets_source/fantasy-town-kit/Models/GLB format	wall-corner	?	node tools/tai_itch.mjs <tac-gia>/<goi> o repo quoc-chien
assets_source/fantasy-town-kit/Models/GLB format	wall-corner-detail	?	node tools/tai_itch.mjs <tac-gia>/<goi> o repo quoc-chien
assets_source/fantasy-town-kit/Models/GLB format	wall-corner-diagonal	?	node tools/tai_itch.mjs <tac-gia>/<goi> o repo quoc-chien
assets_source/fantasy-town-kit/Models/GLB format	wall-corner-diagonal-half	?	node tools/tai_itch.mjs <tac-gia>/<goi> o repo quoc-chien
assets_source/fantasy-town-kit/Models/GLB format	wall-corner-edge	?	node tools/tai_itch.mjs <tac-gia>/<goi> o repo quoc-chien
assets_source/fantasy-town-kit/Models/GLB format	wall-curved	?	node tools/tai_itch.mjs <tac-gia>/<goi> o repo quoc-chien
assets_source/fantasy-town-kit/Models/GLB format	wall-detail-cross	?	node tools/tai_itch.mjs <tac-gia>/<goi> o repo quoc-chien
assets_source/fantasy-town-kit/Models/GLB format	wall-detail-diagonal	?	node tools/tai_itch.mjs <tac-gia>/<goi> o repo quoc-chien
assets_source/fantasy-town-kit/Models/GLB format	wall-detail-horizontal	?	node tools/tai_itch.mjs <tac-gia>/<goi> o repo quoc-chien
assets_source/fantasy-town-kit/Models/GLB format	wall-diagonal	?	node tools/tai_itch.mjs <tac-gia>/<goi> o repo quoc-chien
assets_source/fantasy-town-kit/Models/GLB format	wall-door	?	node tools/tai_itch.mjs <tac-gia>/<goi> o repo quoc-chien
assets_source/fantasy-town-kit/Models/GLB format	wall-doorway-base	?	node tools/tai_itch.mjs <tac-gia>/<goi> o repo quoc-chien
assets_source/fantasy-town-kit/Models/GLB format	wall-doorway-round	?	node tools/tai_itch.mjs <tac-gia>/<goi> o repo quoc-chien
assets_source/fantasy-town-kit/Models/GLB format	wall-doorway-square	?	node tools/tai_itch.mjs <tac-gia>/<goi> o repo quoc-chien
assets_source/fantasy-town-kit/Models/GLB format	wall-doorway-square-wide	?	node tools/tai_itch.mjs <tac-gia>/<goi> o repo quoc-chien
assets_source/fantasy-town-kit/Models/GLB format	wall-doorway-square-wide-curved	?	node tools/tai_itch.mjs <tac-gia>/<goi> o repo quoc-chien
assets_source/fantasy-town-kit/Models/GLB format	wall-half	?	node tools/tai_itch.mjs <tac-gia>/<goi> o repo quoc-chien
assets_source/fantasy-town-kit/Models/GLB format	wall-rounded	?	node tools/tai_itch.mjs <tac-gia>/<goi> o repo quoc-chien
assets_source/fantasy-town-kit/Models/GLB format	wall-side	?	node tools/tai_itch.mjs <tac-gia>/<goi> o repo quoc-chien
assets_source/fantasy-town-kit/Models/GLB format	wall-slope	?	node tools/tai_itch.mjs <tac-gia>/<goi> o repo quoc-chien
assets_source/fantasy-town-kit/Models/GLB format	wall-window-glass	?	node tools/tai_itch.mjs <tac-gia>/<goi> o repo quoc-chien
assets_source/fantasy-town-kit/Models/GLB format	wall-window-round	?	node tools/tai_itch.mjs <tac-gia>/<goi> o repo quoc-chien
assets_source/fantasy-town-kit/Models/GLB format	wall-window-shutters	?	node tools/tai_itch.mjs <tac-gia>/<goi> o repo quoc-chien
assets_source/fantasy-town-kit/Models/GLB format	wall-window-small	?	node tools/tai_itch.mjs <tac-gia>/<goi> o repo quoc-chien
assets_source/fantasy-town-kit/Models/GLB format	wall-window-stone	?	node tools/tai_itch.mjs <tac-gia>/<goi> o repo quoc-chien
assets_source/fantasy-town-kit/Models/GLB format	wall-wood	?	node tools/tai_itch.mjs <tac-gia>/<goi> o repo quoc-chien
assets_source/fantasy-town-kit/Models/GLB format	wall-wood-arch	?	node tools/tai_itch.mjs <tac-gia>/<goi> o repo quoc-chien
assets_source/fantasy-town-kit/Models/GLB format	wall-wood-arch-top	?	node tools/tai_itch.mjs <tac-gia>/<goi> o repo quoc-chien
assets_source/fantasy-town-kit/Models/GLB format	wall-wood-arch-top-detail	?	node tools/tai_itch.mjs <tac-gia>/<goi> o repo quoc-chien
assets_source/fantasy-town-kit/Models/GLB format	wall-wood-block	?	node tools/tai_itch.mjs <tac-gia>/<goi> o repo quoc-chien
assets_source/fantasy-town-kit/Models/GLB format	wall-wood-block-half	?	node tools/tai_itch.mjs <tac-gia>/<goi> o repo quoc-chien
assets_source/fantasy-town-kit/Models/GLB format	wall-wood-broken	?	node tools/tai_itch.mjs <tac-gia>/<goi> o repo quoc-chien
assets_source/fantasy-town-kit/Models/GLB format	wall-wood-corner	?	node tools/tai_itch.mjs <tac-gia>/<goi> o repo quoc-chien
assets_source/fantasy-town-kit/Models/GLB format	wall-wood-corner-diagonal	?	node tools/tai_itch.mjs <tac-gia>/<goi> o repo quoc-chien
assets_source/fantasy-town-kit/Models/GLB format	wall-wood-corner-diagonal-half	?	node tools/tai_itch.mjs <tac-gia>/<goi> o repo quoc-chien
assets_source/fantasy-town-kit/Models/GLB format	wall-wood-corner-edge	?	node tools/tai_itch.mjs <tac-gia>/<goi> o repo quoc-chien
assets_source/fantasy-town-kit/Models/GLB format	wall-wood-curved	?	node tools/tai_itch.mjs <tac-gia>/<goi> o repo quoc-chien
assets_source/fantasy-town-kit/Models/GLB format	wall-wood-detail-cross	?	node tools/tai_itch.mjs <tac-gia>/<goi> o repo quoc-chien
assets_source/fantasy-town-kit/Models/GLB format	wall-wood-detail-diagonal	?	node tools/tai_itch.mjs <tac-gia>/<goi> o repo quoc-chien
assets_source/fantasy-town-kit/Models/GLB format	wall-wood-detail-horizontal	?	node tools/tai_itch.mjs <tac-gia>/<goi> o repo quoc-chien
assets_source/fantasy-town-kit/Models/GLB format	wall-wood-diagonal	?	node tools/tai_itch.mjs <tac-gia>/<goi> o repo quoc-chien
assets_source/fantasy-town-kit/Models/GLB format	wall-wood-door	?	node tools/tai_itch.mjs <tac-gia>/<goi> o repo quoc-chien
assets_source/fantasy-town-kit/Models/GLB format	wall-wood-doorway-base	?	node tools/tai_itch.mjs <tac-gia>/<goi> o repo quoc-chien
assets_source/fantasy-town-kit/Models/GLB format	wall-wood-doorway-round	?	node tools/tai_itch.mjs <tac-gia>/<goi> o repo quoc-chien
assets_source/fantasy-town-kit/Models/GLB format	wall-wood-doorway-square	?	node tools/tai_itch.mjs <tac-gia>/<goi> o repo quoc-chien
assets_source/fantasy-town-kit/Models/GLB format	wall-wood-doorway-square-wide	?	node tools/tai_itch.mjs <tac-gia>/<goi> o repo quoc-chien
assets_source/fantasy-town-kit/Models/GLB format	wall-wood-doorway-square-wide-curved	?	node tools/tai_itch.mjs <tac-gia>/<goi> o repo quoc-chien
assets_source/fantasy-town-kit/Models/GLB format	wall-wood-half	?	node tools/tai_itch.mjs <tac-gia>/<goi> o repo quoc-chien
assets_source/fantasy-town-kit/Models/GLB format	wall-wood-rounded	?	node tools/tai_itch.mjs <tac-gia>/<goi> o repo quoc-chien
assets_source/fantasy-town-kit/Models/GLB format	wall-wood-side	?	node tools/tai_itch.mjs <tac-gia>/<goi> o repo quoc-chien
assets_source/fantasy-town-kit/Models/GLB format	wall-wood-slope	?	node tools/tai_itch.mjs <tac-gia>/<goi> o repo quoc-chien
assets_source/fantasy-town-kit/Models/GLB format	wall-wood-window-glass	?	node tools/tai_itch.mjs <tac-gia>/<goi> o repo quoc-chien
assets_source/fantasy-town-kit/Models/GLB format	wall-wood-window-round	?	node tools/tai_itch.mjs <tac-gia>/<goi> o repo quoc-chien
assets_source/fantasy-town-kit/Models/GLB format	wall-wood-window-shutters	?	node tools/tai_itch.mjs <tac-gia>/<goi> o repo quoc-chien
assets_source/fantasy-town-kit/Models/GLB format	wall-wood-window-small	?	node tools/tai_itch.mjs <tac-gia>/<goi> o repo quoc-chien
assets_source/fantasy-town-kit/Models/GLB format	wall-wood-window-stone	?	node tools/tai_itch.mjs <tac-gia>/<goi> o repo quoc-chien
assets_source/fantasy-town-kit/Models/GLB format	watermill	?	node tools/tai_itch.mjs <tac-gia>/<goi> o repo quoc-chien
assets_source/fantasy-town-kit/Models/GLB format	watermill-wide	?	node tools/tai_itch.mjs <tac-gia>/<goi> o repo quoc-chien
assets_source/fantasy-town-kit/Models/GLB format	wheel	?	node tools/tai_itch.mjs <tac-gia>/<goi> o repo quoc-chien
assets_source/fantasy-town-kit/Models/GLB format	windmill	?	node tools/tai_itch.mjs <tac-gia>/<goi> o repo quoc-chien
assets_source/fantasy-town-kit/Models/OBJ format	balcony-wall	?	node tools/tai_itch.mjs <tac-gia>/<goi> o repo quoc-chien
assets_source/fantasy-town-kit/Models/OBJ format	balcony-wall-fence	?	node tools/tai_itch.mjs <tac-gia>/<goi> o repo quoc-chien
assets_source/fantasy-town-kit/Models/OBJ format	banner-green	?	node tools/tai_itch.mjs <tac-gia>/<goi> o repo quoc-chien
assets_source/fantasy-town-kit/Models/OBJ format	banner-red	?	node tools/tai_itch.mjs <tac-gia>/<goi> o repo quoc-chien
assets_source/fantasy-town-kit/Models/OBJ format	blade	?	node tools/tai_itch.mjs <tac-gia>/<goi> o repo quoc-chien
assets_source/fantasy-town-kit/Models/OBJ format	cart	?	node tools/tai_itch.mjs <tac-gia>/<goi> o repo quoc-chien
assets_source/fantasy-town-kit/Models/OBJ format	cart-high	?	node tools/tai_itch.mjs <tac-gia>/<goi> o repo quoc-chien
assets_source/fantasy-town-kit/Models/OBJ format	chimney	?	node tools/tai_itch.mjs <tac-gia>/<goi> o repo quoc-chien
assets_source/fantasy-town-kit/Models/OBJ format	chimney-base	?	node tools/tai_itch.mjs <tac-gia>/<goi> o repo quoc-chien
assets_source/fantasy-town-kit/Models/OBJ format	chimney-top	?	node tools/tai_itch.mjs <tac-gia>/<goi> o repo quoc-chien
assets_source/fantasy-town-kit/Models/OBJ format	fence	?	node tools/tai_itch.mjs <tac-gia>/<goi> o repo quoc-chien
assets_source/fantasy-town-kit/Models/OBJ format	fence-broken	?	node tools/tai_itch.mjs <tac-gia>/<goi> o repo quoc-chien
assets_source/fantasy-town-kit/Models/OBJ format	fence-curved	?	node tools/tai_itch.mjs <tac-gia>/<goi> o repo quoc-chien
assets_source/fantasy-town-kit/Models/OBJ format	fence-gate	?	node tools/tai_itch.mjs <tac-gia>/<goi> o repo quoc-chien
assets_source/fantasy-town-kit/Models/OBJ format	fountain-center	?	node tools/tai_itch.mjs <tac-gia>/<goi> o repo quoc-chien
assets_source/fantasy-town-kit/Models/OBJ format	fountain-corner	?	node tools/tai_itch.mjs <tac-gia>/<goi> o repo quoc-chien
assets_source/fantasy-town-kit/Models/OBJ format	fountain-corner-inner	?	node tools/tai_itch.mjs <tac-gia>/<goi> o repo quoc-chien
assets_source/fantasy-town-kit/Models/OBJ format	fountain-corner-inner-square	?	node tools/tai_itch.mjs <tac-gia>/<goi> o repo quoc-chien
assets_source/fantasy-town-kit/Models/OBJ format	fountain-curved	?	node tools/tai_itch.mjs <tac-gia>/<goi> o repo quoc-chien
assets_source/fantasy-town-kit/Models/OBJ format	fountain-edge	?	node tools/tai_itch.mjs <tac-gia>/<goi> o repo quoc-chien
assets_source/fantasy-town-kit/Models/OBJ format	fountain-round	?	node tools/tai_itch.mjs <tac-gia>/<goi> o repo quoc-chien
assets_source/fantasy-town-kit/Models/OBJ format	fountain-round-detail	?	node tools/tai_itch.mjs <tac-gia>/<goi> o repo quoc-chien
assets_source/fantasy-town-kit/Models/OBJ format	fountain-square	?	node tools/tai_itch.mjs <tac-gia>/<goi> o repo quoc-chien
assets_source/fantasy-town-kit/Models/OBJ format	fountain-square-detail	?	node tools/tai_itch.mjs <tac-gia>/<goi> o repo quoc-chien
assets_source/fantasy-town-kit/Models/OBJ format	hedge	?	node tools/tai_itch.mjs <tac-gia>/<goi> o repo quoc-chien
assets_source/fantasy-town-kit/Models/OBJ format	hedge-curved	?	node tools/tai_itch.mjs <tac-gia>/<goi> o repo quoc-chien
assets_source/fantasy-town-kit/Models/OBJ format	hedge-gate	?	node tools/tai_itch.mjs <tac-gia>/<goi> o repo quoc-chien
assets_source/fantasy-town-kit/Models/OBJ format	hedge-large	?	node tools/tai_itch.mjs <tac-gia>/<goi> o repo quoc-chien
assets_source/fantasy-town-kit/Models/OBJ format	hedge-large-curved	?	node tools/tai_itch.mjs <tac-gia>/<goi> o repo quoc-chien
assets_source/fantasy-town-kit/Models/OBJ format	hedge-large-gate	?	node tools/tai_itch.mjs <tac-gia>/<goi> o repo quoc-chien
assets_source/fantasy-town-kit/Models/OBJ format	lantern	?	node tools/tai_itch.mjs <tac-gia>/<goi> o repo quoc-chien
assets_source/fantasy-town-kit/Models/OBJ format	overhang	?	node tools/tai_itch.mjs <tac-gia>/<goi> o repo quoc-chien
assets_source/fantasy-town-kit/Models/OBJ format	pillar-stone	?	node tools/tai_itch.mjs <tac-gia>/<goi> o repo quoc-chien
assets_source/fantasy-town-kit/Models/OBJ format	pillar-wood	?	node tools/tai_itch.mjs <tac-gia>/<goi> o repo quoc-chien
assets_source/fantasy-town-kit/Models/OBJ format	planks	?	node tools/tai_itch.mjs <tac-gia>/<goi> o repo quoc-chien
assets_source/fantasy-town-kit/Models/OBJ format	planks-half	?	node tools/tai_itch.mjs <tac-gia>/<goi> o repo quoc-chien
assets_source/fantasy-town-kit/Models/OBJ format	planks-opening	?	node tools/tai_itch.mjs <tac-gia>/<goi> o repo quoc-chien
assets_source/fantasy-town-kit/Models/OBJ format	poles	?	node tools/tai_itch.mjs <tac-gia>/<goi> o repo quoc-chien
assets_source/fantasy-town-kit/Models/OBJ format	poles-horizontal	?	node tools/tai_itch.mjs <tac-gia>/<goi> o repo quoc-chien
assets_source/fantasy-town-kit/Models/OBJ format	road	?	node tools/tai_itch.mjs <tac-gia>/<goi> o repo quoc-chien
assets_source/fantasy-town-kit/Models/OBJ format	road-bend	?	node tools/tai_itch.mjs <tac-gia>/<goi> o repo quoc-chien
assets_source/fantasy-town-kit/Models/OBJ format	road-corner	?	node tools/tai_itch.mjs <tac-gia>/<goi> o repo quoc-chien
assets_source/fantasy-town-kit/Models/OBJ format	road-corner-inner	?	node tools/tai_itch.mjs <tac-gia>/<goi> o repo quoc-chien
assets_source/fantasy-town-kit/Models/OBJ format	road-curb	?	node tools/tai_itch.mjs <tac-gia>/<goi> o repo quoc-chien
assets_source/fantasy-town-kit/Models/OBJ format	road-curb-end	?	node tools/tai_itch.mjs <tac-gia>/<goi> o repo quoc-chien
assets_source/fantasy-town-kit/Models/OBJ format	road-edge	?	node tools/tai_itch.mjs <tac-gia>/<goi> o repo quoc-chien
assets_source/fantasy-town-kit/Models/OBJ format	road-edge-slope	?	node tools/tai_itch.mjs <tac-gia>/<goi> o repo quoc-chien
assets_source/fantasy-town-kit/Models/OBJ format	road-slope	?	node tools/tai_itch.mjs <tac-gia>/<goi> o repo quoc-chien
assets_source/fantasy-town-kit/Models/OBJ format	rock-large	?	node tools/tai_itch.mjs <tac-gia>/<goi> o repo quoc-chien
assets_source/fantasy-town-kit/Models/OBJ format	rock-small	?	node tools/tai_itch.mjs <tac-gia>/<goi> o repo quoc-chien
assets_source/fantasy-town-kit/Models/OBJ format	rock-wide	?	node tools/tai_itch.mjs <tac-gia>/<goi> o repo quoc-chien
assets_source/fantasy-town-kit/Models/OBJ format	roof	?	node tools/tai_itch.mjs <tac-gia>/<goi> o repo quoc-chien
assets_source/fantasy-town-kit/Models/OBJ format	roof-corner	?	node tools/tai_itch.mjs <tac-gia>/<goi> o repo quoc-chien
assets_source/fantasy-town-kit/Models/OBJ format	roof-corner-inner	?	node tools/tai_itch.mjs <tac-gia>/<goi> o repo quoc-chien
assets_source/fantasy-town-kit/Models/OBJ format	roof-corner-round	?	node tools/tai_itch.mjs <tac-gia>/<goi> o repo quoc-chien
assets_source/fantasy-town-kit/Models/OBJ format	roof-flat	?	node tools/tai_itch.mjs <tac-gia>/<goi> o repo quoc-chien
assets_source/fantasy-town-kit/Models/OBJ format	roof-gable	?	node tools/tai_itch.mjs <tac-gia>/<goi> o repo quoc-chien
assets_source/fantasy-town-kit/Models/OBJ format	roof-gable-detail	?	node tools/tai_itch.mjs <tac-gia>/<goi> o repo quoc-chien
assets_source/fantasy-town-kit/Models/OBJ format	roof-gable-end	?	node tools/tai_itch.mjs <tac-gia>/<goi> o repo quoc-chien
assets_source/fantasy-town-kit/Models/OBJ format	roof-gable-top	?	node tools/tai_itch.mjs <tac-gia>/<goi> o repo quoc-chien
assets_source/fantasy-town-kit/Models/OBJ format	roof-high	?	node tools/tai_itch.mjs <tac-gia>/<goi> o repo quoc-chien
assets_source/fantasy-town-kit/Models/OBJ format	roof-high-corner	?	node tools/tai_itch.mjs <tac-gia>/<goi> o repo quoc-chien
assets_source/fantasy-town-kit/Models/OBJ format	roof-high-corner-round	?	node tools/tai_itch.mjs <tac-gia>/<goi> o repo quoc-chien
assets_source/fantasy-town-kit/Models/OBJ format	roof-high-cornerinner	?	node tools/tai_itch.mjs <tac-gia>/<goi> o repo quoc-chien
assets_source/fantasy-town-kit/Models/OBJ format	roof-high-flat	?	node tools/tai_itch.mjs <tac-gia>/<goi> o repo quoc-chien
assets_source/fantasy-town-kit/Models/OBJ format	roof-high-gable	?	node tools/tai_itch.mjs <tac-gia>/<goi> o repo quoc-chien
assets_source/fantasy-town-kit/Models/OBJ format	roof-high-gable-detail	?	node tools/tai_itch.mjs <tac-gia>/<goi> o repo quoc-chien
assets_source/fantasy-town-kit/Models/OBJ format	roof-high-gable-end	?	node tools/tai_itch.mjs <tac-gia>/<goi> o repo quoc-chien
assets_source/fantasy-town-kit/Models/OBJ format	roof-high-gable-top	?	node tools/tai_itch.mjs <tac-gia>/<goi> o repo quoc-chien
assets_source/fantasy-town-kit/Models/OBJ format	roof-high-left	?	node tools/tai_itch.mjs <tac-gia>/<goi> o repo quoc-chien
assets_source/fantasy-town-kit/Models/OBJ format	roof-high-point	?	node tools/tai_itch.mjs <tac-gia>/<goi> o repo quoc-chien
assets_source/fantasy-town-kit/Models/OBJ format	roof-high-right	?	node tools/tai_itch.mjs <tac-gia>/<goi> o repo quoc-chien
assets_source/fantasy-town-kit/Models/OBJ format	roof-high-window	?	node tools/tai_itch.mjs <tac-gia>/<goi> o repo quoc-chien
assets_source/fantasy-town-kit/Models/OBJ format	roof-left	?	node tools/tai_itch.mjs <tac-gia>/<goi> o repo quoc-chien
assets_source/fantasy-town-kit/Models/OBJ format	roof-point	?	node tools/tai_itch.mjs <tac-gia>/<goi> o repo quoc-chien
assets_source/fantasy-town-kit/Models/OBJ format	roof-right	?	node tools/tai_itch.mjs <tac-gia>/<goi> o repo quoc-chien
assets_source/fantasy-town-kit/Models/OBJ format	roof-window	?	node tools/tai_itch.mjs <tac-gia>/<goi> o repo quoc-chien
assets_source/fantasy-town-kit/Models/OBJ format	stairs-full	?	node tools/tai_itch.mjs <tac-gia>/<goi> o repo quoc-chien
assets_source/fantasy-town-kit/Models/OBJ format	stairs-full-corner-inner	?	node tools/tai_itch.mjs <tac-gia>/<goi> o repo quoc-chien
assets_source/fantasy-town-kit/Models/OBJ format	stairs-full-corner-outer	?	node tools/tai_itch.mjs <tac-gia>/<goi> o repo quoc-chien
assets_source/fantasy-town-kit/Models/OBJ format	stairs-stone	?	node tools/tai_itch.mjs <tac-gia>/<goi> o repo quoc-chien
assets_source/fantasy-town-kit/Models/OBJ format	stairs-stone-corner	?	node tools/tai_itch.mjs <tac-gia>/<goi> o repo quoc-chien
assets_source/fantasy-town-kit/Models/OBJ format	stairs-stone-handrail	?	node tools/tai_itch.mjs <tac-gia>/<goi> o repo quoc-chien
assets_source/fantasy-town-kit/Models/OBJ format	stairs-stone-round	?	node tools/tai_itch.mjs <tac-gia>/<goi> o repo quoc-chien
assets_source/fantasy-town-kit/Models/OBJ format	stairs-wide-stone	?	node tools/tai_itch.mjs <tac-gia>/<goi> o repo quoc-chien
assets_source/fantasy-town-kit/Models/OBJ format	stairs-wide-stone-handrail	?	node tools/tai_itch.mjs <tac-gia>/<goi> o repo quoc-chien
assets_source/fantasy-town-kit/Models/OBJ format	stairs-wide-wood	?	node tools/tai_itch.mjs <tac-gia>/<goi> o repo quoc-chien
assets_source/fantasy-town-kit/Models/OBJ format	stairs-wide-wood-handrail	?	node tools/tai_itch.mjs <tac-gia>/<goi> o repo quoc-chien
assets_source/fantasy-town-kit/Models/OBJ format	stairs-wood	?	node tools/tai_itch.mjs <tac-gia>/<goi> o repo quoc-chien
assets_source/fantasy-town-kit/Models/OBJ format	stairs-wood-handrail	?	node tools/tai_itch.mjs <tac-gia>/<goi> o repo quoc-chien
assets_source/fantasy-town-kit/Models/OBJ format	stall	?	node tools/tai_itch.mjs <tac-gia>/<goi> o repo quoc-chien
assets_source/fantasy-town-kit/Models/OBJ format	stall-bench	?	node tools/tai_itch.mjs <tac-gia>/<goi> o repo quoc-chien
assets_source/fantasy-town-kit/Models/OBJ format	stall-green	?	node tools/tai_itch.mjs <tac-gia>/<goi> o repo quoc-chien
assets_source/fantasy-town-kit/Models/OBJ format	stall-red	?	node tools/tai_itch.mjs <tac-gia>/<goi> o repo quoc-chien
assets_source/fantasy-town-kit/Models/OBJ format	stall-stool	?	node tools/tai_itch.mjs <tac-gia>/<goi> o repo quoc-chien
assets_source/fantasy-town-kit/Models/OBJ format	tree	?	node tools/tai_itch.mjs <tac-gia>/<goi> o repo quoc-chien
assets_source/fantasy-town-kit/Models/OBJ format	tree-crooked	?	node tools/tai_itch.mjs <tac-gia>/<goi> o repo quoc-chien
assets_source/fantasy-town-kit/Models/OBJ format	tree-high	?	node tools/tai_itch.mjs <tac-gia>/<goi> o repo quoc-chien
assets_source/fantasy-town-kit/Models/OBJ format	tree-high-crooked	?	node tools/tai_itch.mjs <tac-gia>/<goi> o repo quoc-chien
assets_source/fantasy-town-kit/Models/OBJ format	tree-high-round	?	node tools/tai_itch.mjs <tac-gia>/<goi> o repo quoc-chien
assets_source/fantasy-town-kit/Models/OBJ format	wall	?	node tools/tai_itch.mjs <tac-gia>/<goi> o repo quoc-chien
assets_source/fantasy-town-kit/Models/OBJ format	wall-arch	?	node tools/tai_itch.mjs <tac-gia>/<goi> o repo quoc-chien
assets_source/fantasy-town-kit/Models/OBJ format	wall-arch-top	?	node tools/tai_itch.mjs <tac-gia>/<goi> o repo quoc-chien
assets_source/fantasy-town-kit/Models/OBJ format	wall-arch-top-detail	?	node tools/tai_itch.mjs <tac-gia>/<goi> o repo quoc-chien
assets_source/fantasy-town-kit/Models/OBJ format	wall-block	?	node tools/tai_itch.mjs <tac-gia>/<goi> o repo quoc-chien
assets_source/fantasy-town-kit/Models/OBJ format	wall-block-half	?	node tools/tai_itch.mjs <tac-gia>/<goi> o repo quoc-chien
assets_source/fantasy-town-kit/Models/OBJ format	wall-broken	?	node tools/tai_itch.mjs <tac-gia>/<goi> o repo quoc-chien
assets_source/fantasy-town-kit/Models/OBJ format	wall-corner	?	node tools/tai_itch.mjs <tac-gia>/<goi> o repo quoc-chien
assets_source/fantasy-town-kit/Models/OBJ format	wall-corner-detail	?	node tools/tai_itch.mjs <tac-gia>/<goi> o repo quoc-chien
assets_source/fantasy-town-kit/Models/OBJ format	wall-corner-diagonal	?	node tools/tai_itch.mjs <tac-gia>/<goi> o repo quoc-chien
assets_source/fantasy-town-kit/Models/OBJ format	wall-corner-diagonal-half	?	node tools/tai_itch.mjs <tac-gia>/<goi> o repo quoc-chien
assets_source/fantasy-town-kit/Models/OBJ format	wall-corner-edge	?	node tools/tai_itch.mjs <tac-gia>/<goi> o repo quoc-chien
assets_source/fantasy-town-kit/Models/OBJ format	wall-curved	?	node tools/tai_itch.mjs <tac-gia>/<goi> o repo quoc-chien
assets_source/fantasy-town-kit/Models/OBJ format	wall-detail-cross	?	node tools/tai_itch.mjs <tac-gia>/<goi> o repo quoc-chien
assets_source/fantasy-town-kit/Models/OBJ format	wall-detail-diagonal	?	node tools/tai_itch.mjs <tac-gia>/<goi> o repo quoc-chien
assets_source/fantasy-town-kit/Models/OBJ format	wall-detail-horizontal	?	node tools/tai_itch.mjs <tac-gia>/<goi> o repo quoc-chien
assets_source/fantasy-town-kit/Models/OBJ format	wall-diagonal	?	node tools/tai_itch.mjs <tac-gia>/<goi> o repo quoc-chien
assets_source/fantasy-town-kit/Models/OBJ format	wall-door	?	node tools/tai_itch.mjs <tac-gia>/<goi> o repo quoc-chien
assets_source/fantasy-town-kit/Models/OBJ format	wall-doorway-base	?	node tools/tai_itch.mjs <tac-gia>/<goi> o repo quoc-chien
assets_source/fantasy-town-kit/Models/OBJ format	wall-doorway-round	?	node tools/tai_itch.mjs <tac-gia>/<goi> o repo quoc-chien
assets_source/fantasy-town-kit/Models/OBJ format	wall-doorway-square	?	node tools/tai_itch.mjs <tac-gia>/<goi> o repo quoc-chien
assets_source/fantasy-town-kit/Models/OBJ format	wall-doorway-square-wide	?	node tools/tai_itch.mjs <tac-gia>/<goi> o repo quoc-chien
assets_source/fantasy-town-kit/Models/OBJ format	wall-doorway-square-wide-curved	?	node tools/tai_itch.mjs <tac-gia>/<goi> o repo quoc-chien
assets_source/fantasy-town-kit/Models/OBJ format	wall-half	?	node tools/tai_itch.mjs <tac-gia>/<goi> o repo quoc-chien
assets_source/fantasy-town-kit/Models/OBJ format	wall-rounded	?	node tools/tai_itch.mjs <tac-gia>/<goi> o repo quoc-chien
assets_source/fantasy-town-kit/Models/OBJ format	wall-side	?	node tools/tai_itch.mjs <tac-gia>/<goi> o repo quoc-chien
assets_source/fantasy-town-kit/Models/OBJ format	wall-slope	?	node tools/tai_itch.mjs <tac-gia>/<goi> o repo quoc-chien
assets_source/fantasy-town-kit/Models/OBJ format	wall-window-glass	?	node tools/tai_itch.mjs <tac-gia>/<goi> o repo quoc-chien
assets_source/fantasy-town-kit/Models/OBJ format	wall-window-round	?	node tools/tai_itch.mjs <tac-gia>/<goi> o repo quoc-chien
assets_source/fantasy-town-kit/Models/OBJ format	wall-window-shutters	?	node tools/tai_itch.mjs <tac-gia>/<goi> o repo quoc-chien
assets_source/fantasy-town-kit/Models/OBJ format	wall-window-small	?	node tools/tai_itch.mjs <tac-gia>/<goi> o repo quoc-chien
assets_source/fantasy-town-kit/Models/OBJ format	wall-window-stone	?	node tools/tai_itch.mjs <tac-gia>/<goi> o repo quoc-chien
assets_source/fantasy-town-kit/Models/OBJ format	wall-wood	?	node tools/tai_itch.mjs <tac-gia>/<goi> o repo quoc-chien
assets_source/fantasy-town-kit/Models/OBJ format	wall-wood-arch	?	node tools/tai_itch.mjs <tac-gia>/<goi> o repo quoc-chien
assets_source/fantasy-town-kit/Models/OBJ format	wall-wood-arch-top	?	node tools/tai_itch.mjs <tac-gia>/<goi> o repo quoc-chien
assets_source/fantasy-town-kit/Models/OBJ format	wall-wood-arch-top-detail	?	node tools/tai_itch.mjs <tac-gia>/<goi> o repo quoc-chien
assets_source/fantasy-town-kit/Models/OBJ format	wall-wood-block	?	node tools/tai_itch.mjs <tac-gia>/<goi> o repo quoc-chien
assets_source/fantasy-town-kit/Models/OBJ format	wall-wood-block-half	?	node tools/tai_itch.mjs <tac-gia>/<goi> o repo quoc-chien
assets_source/fantasy-town-kit/Models/OBJ format	wall-wood-broken	?	node tools/tai_itch.mjs <tac-gia>/<goi> o repo quoc-chien
assets_source/fantasy-town-kit/Models/OBJ format	wall-wood-corner	?	node tools/tai_itch.mjs <tac-gia>/<goi> o repo quoc-chien
assets_source/fantasy-town-kit/Models/OBJ format	wall-wood-corner-diagonal	?	node tools/tai_itch.mjs <tac-gia>/<goi> o repo quoc-chien
assets_source/fantasy-town-kit/Models/OBJ format	wall-wood-corner-diagonal-half	?	node tools/tai_itch.mjs <tac-gia>/<goi> o repo quoc-chien
assets_source/fantasy-town-kit/Models/OBJ format	wall-wood-corner-edge	?	node tools/tai_itch.mjs <tac-gia>/<goi> o repo quoc-chien
assets_source/fantasy-town-kit/Models/OBJ format	wall-wood-curved	?	node tools/tai_itch.mjs <tac-gia>/<goi> o repo quoc-chien
assets_source/fantasy-town-kit/Models/OBJ format	wall-wood-detail-cross	?	node tools/tai_itch.mjs <tac-gia>/<goi> o repo quoc-chien
assets_source/fantasy-town-kit/Models/OBJ format	wall-wood-detail-diagonal	?	node tools/tai_itch.mjs <tac-gia>/<goi> o repo quoc-chien
assets_source/fantasy-town-kit/Models/OBJ format	wall-wood-detail-horizontal	?	node tools/tai_itch.mjs <tac-gia>/<goi> o repo quoc-chien
assets_source/fantasy-town-kit/Models/OBJ format	wall-wood-diagonal	?	node tools/tai_itch.mjs <tac-gia>/<goi> o repo quoc-chien
assets_source/fantasy-town-kit/Models/OBJ format	wall-wood-door	?	node tools/tai_itch.mjs <tac-gia>/<goi> o repo quoc-chien
assets_source/fantasy-town-kit/Models/OBJ format	wall-wood-doorway-base	?	node tools/tai_itch.mjs <tac-gia>/<goi> o repo quoc-chien
assets_source/fantasy-town-kit/Models/OBJ format	wall-wood-doorway-round	?	node tools/tai_itch.mjs <tac-gia>/<goi> o repo quoc-chien
assets_source/fantasy-town-kit/Models/OBJ format	wall-wood-doorway-square	?	node tools/tai_itch.mjs <tac-gia>/<goi> o repo quoc-chien
assets_source/fantasy-town-kit/Models/OBJ format	wall-wood-doorway-square-wide	?	node tools/tai_itch.mjs <tac-gia>/<goi> o repo quoc-chien
assets_source/fantasy-town-kit/Models/OBJ format	wall-wood-doorway-square-wide-curved	?	node tools/tai_itch.mjs <tac-gia>/<goi> o repo quoc-chien
assets_source/fantasy-town-kit/Models/OBJ format	wall-wood-half	?	node tools/tai_itch.mjs <tac-gia>/<goi> o repo quoc-chien
assets_source/fantasy-town-kit/Models/OBJ format	wall-wood-rounded	?	node tools/tai_itch.mjs <tac-gia>/<goi> o repo quoc-chien
assets_source/fantasy-town-kit/Models/OBJ format	wall-wood-side	?	node tools/tai_itch.mjs <tac-gia>/<goi> o repo quoc-chien
assets_source/fantasy-town-kit/Models/OBJ format	wall-wood-slope	?	node tools/tai_itch.mjs <tac-gia>/<goi> o repo quoc-chien
assets_source/fantasy-town-kit/Models/OBJ format	wall-wood-window-glass	?	node tools/tai_itch.mjs <tac-gia>/<goi> o repo quoc-chien
assets_source/fantasy-town-kit/Models/OBJ format	wall-wood-window-round	?	node tools/tai_itch.mjs <tac-gia>/<goi> o repo quoc-chien
assets_source/fantasy-town-kit/Models/OBJ format	wall-wood-window-shutters	?	node tools/tai_itch.mjs <tac-gia>/<goi> o repo quoc-chien
assets_source/fantasy-town-kit/Models/OBJ format	wall-wood-window-small	?	node tools/tai_itch.mjs <tac-gia>/<goi> o repo quoc-chien
assets_source/fantasy-town-kit/Models/OBJ format	wall-wood-window-stone	?	node tools/tai_itch.mjs <tac-gia>/<goi> o repo quoc-chien
assets_source/fantasy-town-kit/Models/OBJ format	watermill	?	node tools/tai_itch.mjs <tac-gia>/<goi> o repo quoc-chien
assets_source/fantasy-town-kit/Models/OBJ format	watermill-wide	?	node tools/tai_itch.mjs <tac-gia>/<goi> o repo quoc-chien
assets_source/fantasy-town-kit/Models/OBJ format	wheel	?	node tools/tai_itch.mjs <tac-gia>/<goi> o repo quoc-chien
assets_source/fantasy-town-kit/Models/OBJ format	windmill	?	node tools/tai_itch.mjs <tac-gia>/<goi> o repo quoc-chien
assets_source/kaykit-medieval-builder-pack/Models/objects/fbx	archeryrange	CC0 1.0	node tools/tai_itch.mjs <tac-gia>/<goi> o repo quoc-chien
assets_source/kaykit-medieval-builder-pack/Models/objects/fbx	barracks	CC0 1.0	node tools/tai_itch.mjs <tac-gia>/<goi> o repo quoc-chien
assets_source/kaykit-medieval-builder-pack/Models/objects/fbx	bridge	CC0 1.0	node tools/tai_itch.mjs <tac-gia>/<goi> o repo quoc-chien
assets_source/kaykit-medieval-builder-pack/Models/objects/fbx	bridge_roofed	CC0 1.0	node tools/tai_itch.mjs <tac-gia>/<goi> o repo quoc-chien
assets_source/kaykit-medieval-builder-pack/Models/objects/fbx	castle	CC0 1.0	node tools/tai_itch.mjs <tac-gia>/<goi> o repo quoc-chien
assets_source/kaykit-medieval-builder-pack/Models/objects/fbx	detail_forestA	CC0 1.0	node tools/tai_itch.mjs <tac-gia>/<goi> o repo quoc-chien
assets_source/kaykit-medieval-builder-pack/Models/objects/fbx	detail_forestB	CC0 1.0	node tools/tai_itch.mjs <tac-gia>/<goi> o repo quoc-chien
assets_source/kaykit-medieval-builder-pack/Models/objects/fbx	detail_hill	CC0 1.0	node tools/tai_itch.mjs <tac-gia>/<goi> o repo quoc-chien
assets_source/kaykit-medieval-builder-pack/Models/objects/fbx	detail_rocks	CC0 1.0	node tools/tai_itch.mjs <tac-gia>/<goi> o repo quoc-chien
assets_source/kaykit-medieval-builder-pack/Models/objects/fbx	detail_rocks_small	CC0 1.0	node tools/tai_itch.mjs <tac-gia>/<goi> o repo quoc-chien
assets_source/kaykit-medieval-builder-pack/Models/objects/fbx	detail_treeA	CC0 1.0	node tools/tai_itch.mjs <tac-gia>/<goi> o repo quoc-chien
assets_source/kaykit-medieval-builder-pack/Models/objects/fbx	detail_treeB	CC0 1.0	node tools/tai_itch.mjs <tac-gia>/<goi> o repo quoc-chien
assets_source/kaykit-medieval-builder-pack/Models/objects/fbx	detail_treeC	CC0 1.0	node tools/tai_itch.mjs <tac-gia>/<goi> o repo quoc-chien
assets_source/kaykit-medieval-builder-pack/Models/objects/fbx	farm_plot	CC0 1.0	node tools/tai_itch.mjs <tac-gia>/<goi> o repo quoc-chien
assets_source/kaykit-medieval-builder-pack/Models/objects/fbx	forest	CC0 1.0	node tools/tai_itch.mjs <tac-gia>/<goi> o repo quoc-chien
assets_source/kaykit-medieval-builder-pack/Models/objects/fbx	house	CC0 1.0	node tools/tai_itch.mjs <tac-gia>/<goi> o repo quoc-chien
assets_source/kaykit-medieval-builder-pack/Models/objects/fbx	lumbermill	CC0 1.0	node tools/tai_itch.mjs <tac-gia>/<goi> o repo quoc-chien
assets_source/kaykit-medieval-builder-pack/Models/objects/fbx	market	CC0 1.0	node tools/tai_itch.mjs <tac-gia>/<goi> o repo quoc-chien
assets_source/kaykit-medieval-builder-pack/Models/objects/fbx	mill	CC0 1.0	node tools/tai_itch.mjs <tac-gia>/<goi> o repo quoc-chien
assets_source/kaykit-medieval-builder-pack/Models/objects/fbx	mine	CC0 1.0	node tools/tai_itch.mjs <tac-gia>/<goi> o repo quoc-chien
assets_source/kaykit-medieval-builder-pack/Models/objects/fbx	mountain	CC0 1.0	node tools/tai_itch.mjs <tac-gia>/<goi> o repo quoc-chien
assets_source/kaykit-medieval-builder-pack/Models/objects/fbx	wall_corner	CC0 1.0	node tools/tai_itch.mjs <tac-gia>/<goi> o repo quoc-chien
assets_source/kaykit-medieval-builder-pack/Models/objects/fbx	wall_gate	CC0 1.0	node tools/tai_itch.mjs <tac-gia>/<goi> o repo quoc-chien
assets_source/kaykit-medieval-builder-pack/Models/objects/fbx	wall_gate_closed	CC0 1.0	node tools/tai_itch.mjs <tac-gia>/<goi> o repo quoc-chien
assets_source/kaykit-medieval-builder-pack/Models/objects/fbx	wall_hexCornerA	CC0 1.0	node tools/tai_itch.mjs <tac-gia>/<goi> o repo quoc-chien
assets_source/kaykit-medieval-builder-pack/Models/objects/fbx	wall_hexCornerB	CC0 1.0	node tools/tai_itch.mjs <tac-gia>/<goi> o repo quoc-chien
assets_source/kaykit-medieval-builder-pack/Models/objects/fbx	wall_straight	CC0 1.0	node tools/tai_itch.mjs <tac-gia>/<goi> o repo quoc-chien
assets_source/kaykit-medieval-builder-pack/Models/objects/fbx	watchtower	CC0 1.0	node tools/tai_itch.mjs <tac-gia>/<goi> o repo quoc-chien
assets_source/kaykit-medieval-builder-pack/Models/objects/fbx	watermill	CC0 1.0	node tools/tai_itch.mjs <tac-gia>/<goi> o repo quoc-chien
assets_source/kaykit-medieval-builder-pack/Models/objects/fbx	well	CC0 1.0	node tools/tai_itch.mjs <tac-gia>/<goi> o repo quoc-chien
assets_source/kaykit-medieval-builder-pack/Models/objects/gltf	archeryrange.gltf	CC0 1.0	node tools/tai_itch.mjs <tac-gia>/<goi> o repo quoc-chien
assets_source/kaykit-medieval-builder-pack/Models/objects/gltf	barracks.gltf	CC0 1.0	node tools/tai_itch.mjs <tac-gia>/<goi> o repo quoc-chien
assets_source/kaykit-medieval-builder-pack/Models/objects/gltf	bridge.gltf	CC0 1.0	node tools/tai_itch.mjs <tac-gia>/<goi> o repo quoc-chien
assets_source/kaykit-medieval-builder-pack/Models/objects/gltf	bridge_roofed.gltf	CC0 1.0	node tools/tai_itch.mjs <tac-gia>/<goi> o repo quoc-chien
assets_source/kaykit-medieval-builder-pack/Models/objects/gltf	castle.gltf	CC0 1.0	node tools/tai_itch.mjs <tac-gia>/<goi> o repo quoc-chien
assets_source/kaykit-medieval-builder-pack/Models/objects/gltf	detail_forestA.gltf	CC0 1.0	node tools/tai_itch.mjs <tac-gia>/<goi> o repo quoc-chien
assets_source/kaykit-medieval-builder-pack/Models/objects/gltf	detail_forestB.gltf	CC0 1.0	node tools/tai_itch.mjs <tac-gia>/<goi> o repo quoc-chien
assets_source/kaykit-medieval-builder-pack/Models/objects/gltf	detail_hill.gltf	CC0 1.0	node tools/tai_itch.mjs <tac-gia>/<goi> o repo quoc-chien
assets_source/kaykit-medieval-builder-pack/Models/objects/gltf	detail_rocks.gltf	CC0 1.0	node tools/tai_itch.mjs <tac-gia>/<goi> o repo quoc-chien
assets_source/kaykit-medieval-builder-pack/Models/objects/gltf	detail_rocks_small.gltf	CC0 1.0	node tools/tai_itch.mjs <tac-gia>/<goi> o repo quoc-chien
assets_source/kaykit-medieval-builder-pack/Models/objects/gltf	detail_treeA.gltf	CC0 1.0	node tools/tai_itch.mjs <tac-gia>/<goi> o repo quoc-chien
assets_source/kaykit-medieval-builder-pack/Models/objects/gltf	detail_treeB.gltf	CC0 1.0	node tools/tai_itch.mjs <tac-gia>/<goi> o repo quoc-chien
assets_source/kaykit-medieval-builder-pack/Models/objects/gltf	detail_treeC.gltf	CC0 1.0	node tools/tai_itch.mjs <tac-gia>/<goi> o repo quoc-chien
assets_source/kaykit-medieval-builder-pack/Models/objects/gltf	farm_plot.gltf	CC0 1.0	node tools/tai_itch.mjs <tac-gia>/<goi> o repo quoc-chien
assets_source/kaykit-medieval-builder-pack/Models/objects/gltf	forest.gltf	CC0 1.0	node tools/tai_itch.mjs <tac-gia>/<goi> o repo quoc-chien
assets_source/kaykit-medieval-builder-pack/Models/objects/gltf	house.gltf	CC0 1.0	node tools/tai_itch.mjs <tac-gia>/<goi> o repo quoc-chien
assets_source/kaykit-medieval-builder-pack/Models/objects/gltf	lumbermill.gltf	CC0 1.0	node tools/tai_itch.mjs <tac-gia>/<goi> o repo quoc-chien
assets_source/kaykit-medieval-builder-pack/Models/objects/gltf	market.gltf	CC0 1.0	node tools/tai_itch.mjs <tac-gia>/<goi> o repo quoc-chien
assets_source/kaykit-medieval-builder-pack/Models/objects/gltf	mill.gltf	CC0 1.0	node tools/tai_itch.mjs <tac-gia>/<goi> o repo quoc-chien
assets_source/kaykit-medieval-builder-pack/Models/objects/gltf	mine.gltf	CC0 1.0	node tools/tai_itch.mjs <tac-gia>/<goi> o repo quoc-chien
assets_source/kaykit-medieval-builder-pack/Models/objects/gltf	mountain.gltf	CC0 1.0	node tools/tai_itch.mjs <tac-gia>/<goi> o repo quoc-chien
assets_source/kaykit-medieval-builder-pack/Models/objects/gltf	wall_corner.gltf	CC0 1.0	node tools/tai_itch.mjs <tac-gia>/<goi> o repo quoc-chien
assets_source/kaykit-medieval-builder-pack/Models/objects/gltf	wall_gate.gltf	CC0 1.0	node tools/tai_itch.mjs <tac-gia>/<goi> o repo quoc-chien
assets_source/kaykit-medieval-builder-pack/Models/objects/gltf	wall_gate_closed.gltf	CC0 1.0	node tools/tai_itch.mjs <tac-gia>/<goi> o repo quoc-chien
assets_source/kaykit-medieval-builder-pack/Models/objects/gltf	wall_hexCornerA.gltf	CC0 1.0	node tools/tai_itch.mjs <tac-gia>/<goi> o repo quoc-chien
assets_source/kaykit-medieval-builder-pack/Models/objects/gltf	wall_hexCornerB.gltf	CC0 1.0	node tools/tai_itch.mjs <tac-gia>/<goi> o repo quoc-chien
assets_source/kaykit-medieval-builder-pack/Models/objects/gltf	wall_straight.gltf	CC0 1.0	node tools/tai_itch.mjs <tac-gia>/<goi> o repo quoc-chien
assets_source/kaykit-medieval-builder-pack/Models/objects/gltf	watchtower.gltf	CC0 1.0	node tools/tai_itch.mjs <tac-gia>/<goi> o repo quoc-chien
assets_source/kaykit-medieval-builder-pack/Models/objects/gltf	watermill.gltf	CC0 1.0	node tools/tai_itch.mjs <tac-gia>/<goi> o repo quoc-chien
assets_source/kaykit-medieval-builder-pack/Models/objects/gltf	well.gltf	CC0 1.0	node tools/tai_itch.mjs <tac-gia>/<goi> o repo quoc-chien
assets_source/kaykit-medieval-builder-pack/Models/objects/obj	archeryrange	CC0 1.0	node tools/tai_itch.mjs <tac-gia>/<goi> o repo quoc-chien
assets_source/kaykit-medieval-builder-pack/Models/objects/obj	barracks	CC0 1.0	node tools/tai_itch.mjs <tac-gia>/<goi> o repo quoc-chien
assets_source/kaykit-medieval-builder-pack/Models/objects/obj	bridge	CC0 1.0	node tools/tai_itch.mjs <tac-gia>/<goi> o repo quoc-chien
assets_source/kaykit-medieval-builder-pack/Models/objects/obj	bridge_roofed	CC0 1.0	node tools/tai_itch.mjs <tac-gia>/<goi> o repo quoc-chien
assets_source/kaykit-medieval-builder-pack/Models/objects/obj	castle	CC0 1.0	node tools/tai_itch.mjs <tac-gia>/<goi> o repo quoc-chien
assets_source/kaykit-medieval-builder-pack/Models/objects/obj	detail_forestA	CC0 1.0	node tools/tai_itch.mjs <tac-gia>/<goi> o repo quoc-chien
assets_source/kaykit-medieval-builder-pack/Models/objects/obj	detail_forestB	CC0 1.0	node tools/tai_itch.mjs <tac-gia>/<goi> o repo quoc-chien
assets_source/kaykit-medieval-builder-pack/Models/objects/obj	detail_hill	CC0 1.0	node tools/tai_itch.mjs <tac-gia>/<goi> o repo quoc-chien
assets_source/kaykit-medieval-builder-pack/Models/objects/obj	detail_rocks	CC0 1.0	node tools/tai_itch.mjs <tac-gia>/<goi> o repo quoc-chien
assets_source/kaykit-medieval-builder-pack/Models/objects/obj	detail_rocks_small	CC0 1.0	node tools/tai_itch.mjs <tac-gia>/<goi> o repo quoc-chien
assets_source/kaykit-medieval-builder-pack/Models/objects/obj	detail_treeA	CC0 1.0	node tools/tai_itch.mjs <tac-gia>/<goi> o repo quoc-chien
assets_source/kaykit-medieval-builder-pack/Models/objects/obj	detail_treeB	CC0 1.0	node tools/tai_itch.mjs <tac-gia>/<goi> o repo quoc-chien
assets_source/kaykit-medieval-builder-pack/Models/objects/obj	detail_treeC	CC0 1.0	node tools/tai_itch.mjs <tac-gia>/<goi> o repo quoc-chien
assets_source/kaykit-medieval-builder-pack/Models/objects/obj	farm_plot	CC0 1.0	node tools/tai_itch.mjs <tac-gia>/<goi> o repo quoc-chien
assets_source/kaykit-medieval-builder-pack/Models/objects/obj	farm_wheat	CC0 1.0	node tools/tai_itch.mjs <tac-gia>/<goi> o repo quoc-chien
assets_source/kaykit-medieval-builder-pack/Models/objects/obj	forest	CC0 1.0	node tools/tai_itch.mjs <tac-gia>/<goi> o repo quoc-chien
assets_source/kaykit-medieval-builder-pack/Models/objects/obj	house	CC0 1.0	node tools/tai_itch.mjs <tac-gia>/<goi> o repo quoc-chien
assets_source/kaykit-medieval-builder-pack/Models/objects/obj	lumbermill	CC0 1.0	node tools/tai_itch.mjs <tac-gia>/<goi> o repo quoc-chien
assets_source/kaykit-medieval-builder-pack/Models/objects/obj	market	CC0 1.0	node tools/tai_itch.mjs <tac-gia>/<goi> o repo quoc-chien
assets_source/kaykit-medieval-builder-pack/Models/objects/obj	mill	CC0 1.0	node tools/tai_itch.mjs <tac-gia>/<goi> o repo quoc-chien
assets_source/kaykit-medieval-builder-pack/Models/objects/obj	mill_blades	CC0 1.0	node tools/tai_itch.mjs <tac-gia>/<goi> o repo quoc-chien
assets_source/kaykit-medieval-builder-pack/Models/objects/obj	mine	CC0 1.0	node tools/tai_itch.mjs <tac-gia>/<goi> o repo quoc-chien
assets_source/kaykit-medieval-builder-pack/Models/objects/obj	mountain	CC0 1.0	node tools/tai_itch.mjs <tac-gia>/<goi> o repo quoc-chien
assets_source/kaykit-medieval-builder-pack/Models/objects/obj	wall_corner	CC0 1.0	node tools/tai_itch.mjs <tac-gia>/<goi> o repo quoc-chien
assets_source/kaykit-medieval-builder-pack/Models/objects/obj	wall_gate	CC0 1.0	node tools/tai_itch.mjs <tac-gia>/<goi> o repo quoc-chien
assets_source/kaykit-medieval-builder-pack/Models/objects/obj	wall_gate_closed	CC0 1.0	node tools/tai_itch.mjs <tac-gia>/<goi> o repo quoc-chien
assets_source/kaykit-medieval-builder-pack/Models/objects/obj	wall_hexCornerA	CC0 1.0	node tools/tai_itch.mjs <tac-gia>/<goi> o repo quoc-chien
assets_source/kaykit-medieval-builder-pack/Models/objects/obj	wall_hexCornerB	CC0 1.0	node tools/tai_itch.mjs <tac-gia>/<goi> o repo quoc-chien
assets_source/kaykit-medieval-builder-pack/Models/objects/obj	wall_straight	CC0 1.0	node tools/tai_itch.mjs <tac-gia>/<goi> o repo quoc-chien
assets_source/kaykit-medieval-builder-pack/Models/objects/obj	watchtower	CC0 1.0	node tools/tai_itch.mjs <tac-gia>/<goi> o repo quoc-chien
assets_source/kaykit-medieval-builder-pack/Models/objects/obj	watermill	CC0 1.0	node tools/tai_itch.mjs <tac-gia>/<goi> o repo quoc-chien
assets_source/kaykit-medieval-builder-pack/Models/objects/obj	watermill_wheel	CC0 1.0	node tools/tai_itch.mjs <tac-gia>/<goi> o repo quoc-chien
assets_source/kaykit-medieval-builder-pack/Models/objects/obj	well	CC0 1.0	node tools/tai_itch.mjs <tac-gia>/<goi> o repo quoc-chien
assets_source/kaykit-medieval-builder-pack/Models/tiles/hex/fbx	hex_forest	CC0 1.0	node tools/tai_itch.mjs <tac-gia>/<goi> o repo quoc-chien
assets_source/kaykit-medieval-builder-pack/Models/tiles/hex/fbx	hex_forest_detail	CC0 1.0	node tools/tai_itch.mjs <tac-gia>/<goi> o repo quoc-chien
assets_source/kaykit-medieval-builder-pack/Models/tiles/hex/fbx	hex_forest_roadA	CC0 1.0	node tools/tai_itch.mjs <tac-gia>/<goi> o repo quoc-chien
assets_source/kaykit-medieval-builder-pack/Models/tiles/hex/fbx	hex_forest_roadA_detail	CC0 1.0	node tools/tai_itch.mjs <tac-gia>/<goi> o repo quoc-chien
assets_source/kaykit-medieval-builder-pack/Models/tiles/hex/fbx	hex_forest_roadB	CC0 1.0	node tools/tai_itch.mjs <tac-gia>/<goi> o repo quoc-chien
assets_source/kaykit-medieval-builder-pack/Models/tiles/hex/fbx	hex_forest_roadB_detail	CC0 1.0	node tools/tai_itch.mjs <tac-gia>/<goi> o repo quoc-chien
assets_source/kaykit-medieval-builder-pack/Models/tiles/hex/fbx	hex_forest_roadC	CC0 1.0	node tools/tai_itch.mjs <tac-gia>/<goi> o repo quoc-chien
assets_source/kaykit-medieval-builder-pack/Models/tiles/hex/fbx	hex_forest_roadC_detail	CC0 1.0	node tools/tai_itch.mjs <tac-gia>/<goi> o repo quoc-chien
assets_source/kaykit-medieval-builder-pack/Models/tiles/hex/fbx	hex_forest_roadD	CC0 1.0	node tools/tai_itch.mjs <tac-gia>/<goi> o repo quoc-chien
assets_source/kaykit-medieval-builder-pack/Models/tiles/hex/fbx	hex_forest_roadD_detail	CC0 1.0	node tools/tai_itch.mjs <tac-gia>/<goi> o repo quoc-chien
assets_source/kaykit-medieval-builder-pack/Models/tiles/hex/fbx	hex_forest_roadE	CC0 1.0	node tools/tai_itch.mjs <tac-gia>/<goi> o repo quoc-chien
assets_source/kaykit-medieval-builder-pack/Models/tiles/hex/fbx	hex_forest_roadE_detail	CC0 1.0	node tools/tai_itch.mjs <tac-gia>/<goi> o repo quoc-chien
assets_source/kaykit-medieval-builder-pack/Models/tiles/hex/fbx	hex_forest_roadF	CC0 1.0	node tools/tai_itch.mjs <tac-gia>/<goi> o repo quoc-chien
assets_source/kaykit-medieval-builder-pack/Models/tiles/hex/fbx	hex_forest_roadF_detail	CC0 1.0	node tools/tai_itch.mjs <tac-gia>/<goi> o repo quoc-chien
assets_source/kaykit-medieval-builder-pack/Models/tiles/hex/fbx	hex_forest_roadG	CC0 1.0	node tools/tai_itch.mjs <tac-gia>/<goi> o repo quoc-chien
assets_source/kaykit-medieval-builder-pack/Models/tiles/hex/fbx	hex_forest_roadG_detail	CC0 1.0	node tools/tai_itch.mjs <tac-gia>/<goi> o repo quoc-chien
assets_source/kaykit-medieval-builder-pack/Models/tiles/hex/fbx	hex_forest_roadH	CC0 1.0	node tools/tai_itch.mjs <tac-gia>/<goi> o repo quoc-chien
assets_source/kaykit-medieval-builder-pack/Models/tiles/hex/fbx	hex_forest_roadH_detail	CC0 1.0	node tools/tai_itch.mjs <tac-gia>/<goi> o repo quoc-chien
assets_source/kaykit-medieval-builder-pack/Models/tiles/hex/fbx	hex_forest_roadI	CC0 1.0	node tools/tai_itch.mjs <tac-gia>/<goi> o repo quoc-chien
assets_source/kaykit-medieval-builder-pack/Models/tiles/hex/fbx	hex_forest_roadI_detail	CC0 1.0	node tools/tai_itch.mjs <tac-gia>/<goi> o repo quoc-chien
assets_source/kaykit-medieval-builder-pack/Models/tiles/hex/fbx	hex_forest_roadJ	CC0 1.0	node tools/tai_itch.mjs <tac-gia>/<goi> o repo quoc-chien
assets_source/kaykit-medieval-builder-pack/Models/tiles/hex/fbx	hex_forest_roadJ_detail	CC0 1.0	node tools/tai_itch.mjs <tac-gia>/<goi> o repo quoc-chien
assets_source/kaykit-medieval-builder-pack/Models/tiles/hex/fbx	hex_forest_roadK	CC0 1.0	node tools/tai_itch.mjs <tac-gia>/<goi> o repo quoc-chien
assets_source/kaykit-medieval-builder-pack/Models/tiles/hex/fbx	hex_forest_roadK_detail	CC0 1.0	node tools/tai_itch.mjs <tac-gia>/<goi> o repo quoc-chien
assets_source/kaykit-medieval-builder-pack/Models/tiles/hex/fbx	hex_forest_roadL	CC0 1.0	node tools/tai_itch.mjs <tac-gia>/<goi> o repo quoc-chien
assets_source/kaykit-medieval-builder-pack/Models/tiles/hex/fbx	hex_forest_roadL_detail	CC0 1.0	node tools/tai_itch.mjs <tac-gia>/<goi> o repo quoc-chien
assets_source/kaykit-medieval-builder-pack/Models/tiles/hex/fbx	hex_forest_roadM	CC0 1.0	node tools/tai_itch.mjs <tac-gia>/<goi> o repo quoc-chien
assets_source/kaykit-medieval-builder-pack/Models/tiles/hex/fbx	hex_forest_roadM_detail	CC0 1.0	node tools/tai_itch.mjs <tac-gia>/<goi> o repo quoc-chien
assets_source/kaykit-medieval-builder-pack/Models/tiles/hex/fbx	hex_forest_transitionA	CC0 1.0	node tools/tai_itch.mjs <tac-gia>/<goi> o repo quoc-chien
assets_source/kaykit-medieval-builder-pack/Models/tiles/hex/fbx	hex_forest_transitionB	CC0 1.0	node tools/tai_itch.mjs <tac-gia>/<goi> o repo quoc-chien
assets_source/kaykit-medieval-builder-pack/Models/tiles/hex/fbx	hex_forest_waterA	CC0 1.0	node tools/tai_itch.mjs <tac-gia>/<goi> o repo quoc-chien
assets_source/kaykit-medieval-builder-pack/Models/tiles/hex/fbx	hex_forest_waterA_detail	CC0 1.0	node tools/tai_itch.mjs <tac-gia>/<goi> o repo quoc-chien
assets_source/kaykit-medieval-builder-pack/Models/tiles/hex/fbx	hex_forest_waterA_empty	CC0 1.0	node tools/tai_itch.mjs <tac-gia>/<goi> o repo quoc-chien
assets_source/kaykit-medieval-builder-pack/Models/tiles/hex/fbx	hex_forest_waterB	CC0 1.0	node tools/tai_itch.mjs <tac-gia>/<goi> o repo quoc-chien
assets_source/kaykit-medieval-builder-pack/Models/tiles/hex/fbx	hex_forest_waterB_detail	CC0 1.0	node tools/tai_itch.mjs <tac-gia>/<goi> o repo quoc-chien
assets_source/kaykit-medieval-builder-pack/Models/tiles/hex/fbx	hex_forest_waterB_empty	CC0 1.0	node tools/tai_itch.mjs <tac-gia>/<goi> o repo quoc-chien
assets_source/kaykit-medieval-builder-pack/Models/tiles/hex/fbx	hex_forest_waterC	CC0 1.0	node tools/tai_itch.mjs <tac-gia>/<goi> o repo quoc-chien
assets_source/kaykit-medieval-builder-pack/Models/tiles/hex/fbx	hex_forest_waterC_detail	CC0 1.0	node tools/tai_itch.mjs <tac-gia>/<goi> o repo quoc-chien
assets_source/kaykit-medieval-builder-pack/Models/tiles/hex/fbx	hex_forest_waterC_empty	CC0 1.0	node tools/tai_itch.mjs <tac-gia>/<goi> o repo quoc-chien
assets_source/kaykit-medieval-builder-pack/Models/tiles/hex/fbx	hex_forest_waterD	CC0 1.0	node tools/tai_itch.mjs <tac-gia>/<goi> o repo quoc-chien
assets_source/kaykit-medieval-builder-pack/Models/tiles/hex/fbx	hex_forest_waterD_detail	CC0 1.0	node tools/tai_itch.mjs <tac-gia>/<goi> o repo quoc-chien
assets_source/kaykit-medieval-builder-pack/Models/tiles/hex/fbx	hex_forest_waterD_empty	CC0 1.0	node tools/tai_itch.mjs <tac-gia>/<goi> o repo quoc-chien
assets_source/kaykit-medieval-builder-pack/Models/tiles/hex/fbx	hex_rock	CC0 1.0	node tools/tai_itch.mjs <tac-gia>/<goi> o repo quoc-chien
assets_source/kaykit-medieval-builder-pack/Models/tiles/hex/fbx	hex_rock_detail	CC0 1.0	node tools/tai_itch.mjs <tac-gia>/<goi> o repo quoc-chien
assets_source/kaykit-medieval-builder-pack/Models/tiles/hex/fbx	hex_rock_roadA	CC0 1.0	node tools/tai_itch.mjs <tac-gia>/<goi> o repo quoc-chien
assets_source/kaykit-medieval-builder-pack/Models/tiles/hex/fbx	hex_rock_roadA_detail	CC0 1.0	node tools/tai_itch.mjs <tac-gia>/<goi> o repo quoc-chien
assets_source/kaykit-medieval-builder-pack/Models/tiles/hex/fbx	hex_rock_roadB	CC0 1.0	node tools/tai_itch.mjs <tac-gia>/<goi> o repo quoc-chien
assets_source/kaykit-medieval-builder-pack/Models/tiles/hex/fbx	hex_rock_roadB_detail	CC0 1.0	node tools/tai_itch.mjs <tac-gia>/<goi> o repo quoc-chien
assets_source/kaykit-medieval-builder-pack/Models/tiles/hex/fbx	hex_rock_roadC	CC0 1.0	node tools/tai_itch.mjs <tac-gia>/<goi> o repo quoc-chien
assets_source/kaykit-medieval-builder-pack/Models/tiles/hex/fbx	hex_rock_roadC_detail	CC0 1.0	node tools/tai_itch.mjs <tac-gia>/<goi> o repo quoc-chien
assets_source/kaykit-medieval-builder-pack/Models/tiles/hex/fbx	hex_rock_roadD	CC0 1.0	node tools/tai_itch.mjs <tac-gia>/<goi> o repo quoc-chien
assets_source/kaykit-medieval-builder-pack/Models/tiles/hex/fbx	hex_rock_roadD_detail	CC0 1.0	node tools/tai_itch.mjs <tac-gia>/<goi> o repo quoc-chien
assets_source/kaykit-medieval-builder-pack/Models/tiles/hex/fbx	hex_rock_roadE	CC0 1.0	node tools/tai_itch.mjs <tac-gia>/<goi> o repo quoc-chien
assets_source/kaykit-medieval-builder-pack/Models/tiles/hex/fbx	hex_rock_roadE_detail	CC0 1.0	node tools/tai_itch.mjs <tac-gia>/<goi> o repo quoc-chien
assets_source/kaykit-medieval-builder-pack/Models/tiles/hex/fbx	hex_rock_roadF	CC0 1.0	node tools/tai_itch.mjs <tac-gia>/<goi> o repo quoc-chien
assets_source/kaykit-medieval-builder-pack/Models/tiles/hex/fbx	hex_rock_roadF_detail	CC0 1.0	node tools/tai_itch.mjs <tac-gia>/<goi> o repo quoc-chien
assets_source/kaykit-medieval-builder-pack/Models/tiles/hex/fbx	hex_rock_roadG	CC0 1.0	node tools/tai_itch.mjs <tac-gia>/<goi> o repo quoc-chien
assets_source/kaykit-medieval-builder-pack/Models/tiles/hex/fbx	hex_rock_roadG_detail	CC0 1.0	node tools/tai_itch.mjs <tac-gia>/<goi> o repo quoc-chien
assets_source/kaykit-medieval-builder-pack/Models/tiles/hex/fbx	hex_rock_roadH	CC0 1.0	node tools/tai_itch.mjs <tac-gia>/<goi> o repo quoc-chien
assets_source/kaykit-medieval-builder-pack/Models/tiles/hex/fbx	hex_rock_roadH_detail	CC0 1.0	node tools/tai_itch.mjs <tac-gia>/<goi> o repo quoc-chien
assets_source/kaykit-medieval-builder-pack/Models/tiles/hex/fbx	hex_rock_roadI	CC0 1.0	node tools/tai_itch.mjs <tac-gia>/<goi> o repo quoc-chien
assets_source/kaykit-medieval-builder-pack/Models/tiles/hex/fbx	hex_rock_roadI_detail	CC0 1.0	node tools/tai_itch.mjs <tac-gia>/<goi> o repo quoc-chien
assets_source/kaykit-medieval-builder-pack/Models/tiles/hex/fbx	hex_rock_roadJ	CC0 1.0	node tools/tai_itch.mjs <tac-gia>/<goi> o repo quoc-chien
assets_source/kaykit-medieval-builder-pack/Models/tiles/hex/fbx	hex_rock_roadJ_detail	CC0 1.0	node tools/tai_itch.mjs <tac-gia>/<goi> o repo quoc-chien
assets_source/kaykit-medieval-builder-pack/Models/tiles/hex/fbx	hex_rock_roadK	CC0 1.0	node tools/tai_itch.mjs <tac-gia>/<goi> o repo quoc-chien
assets_source/kaykit-medieval-builder-pack/Models/tiles/hex/fbx	hex_rock_roadK_detail	CC0 1.0	node tools/tai_itch.mjs <tac-gia>/<goi> o repo quoc-chien
assets_source/kaykit-medieval-builder-pack/Models/tiles/hex/fbx	hex_rock_roadL	CC0 1.0	node tools/tai_itch.mjs <tac-gia>/<goi> o repo quoc-chien
assets_source/kaykit-medieval-builder-pack/Models/tiles/hex/fbx	hex_rock_roadL_detail	CC0 1.0	node tools/tai_itch.mjs <tac-gia>/<goi> o repo quoc-chien
assets_source/kaykit-medieval-builder-pack/Models/tiles/hex/fbx	hex_rock_roadM	CC0 1.0	node tools/tai_itch.mjs <tac-gia>/<goi> o repo quoc-chien
assets_source/kaykit-medieval-builder-pack/Models/tiles/hex/fbx	hex_rock_roadM_detail	CC0 1.0	node tools/tai_itch.mjs <tac-gia>/<goi> o repo quoc-chien
assets_source/kaykit-medieval-builder-pack/Models/tiles/hex/fbx	hex_rock_transitionA	CC0 1.0	node tools/tai_itch.mjs <tac-gia>/<goi> o repo quoc-chien
assets_source/kaykit-medieval-builder-pack/Models/tiles/hex/fbx	hex_rock_transitionB	CC0 1.0	node tools/tai_itch.mjs <tac-gia>/<goi> o repo quoc-chien
assets_source/kaykit-medieval-builder-pack/Models/tiles/hex/fbx	hex_rock_waterA	CC0 1.0	node tools/tai_itch.mjs <tac-gia>/<goi> o repo quoc-chien
assets_source/kaykit-medieval-builder-pack/Models/tiles/hex/fbx	hex_rock_waterA_detail	CC0 1.0	node tools/tai_itch.mjs <tac-gia>/<goi> o repo quoc-chien
assets_source/kaykit-medieval-builder-pack/Models/tiles/hex/fbx	hex_rock_waterA_empty	CC0 1.0	node tools/tai_itch.mjs <tac-gia>/<goi> o repo quoc-chien
assets_source/kaykit-medieval-builder-pack/Models/tiles/hex/fbx	hex_rock_waterB	CC0 1.0	node tools/tai_itch.mjs <tac-gia>/<goi> o repo quoc-chien
assets_source/kaykit-medieval-builder-pack/Models/tiles/hex/fbx	hex_rock_waterB_detail	CC0 1.0	node tools/tai_itch.mjs <tac-gia>/<goi> o repo quoc-chien
assets_source/kaykit-medieval-builder-pack/Models/tiles/hex/fbx	hex_rock_waterB_empty	CC0 1.0	node tools/tai_itch.mjs <tac-gia>/<goi> o repo quoc-chien
assets_source/kaykit-medieval-builder-pack/Models/tiles/hex/fbx	hex_rock_waterC	CC0 1.0	node tools/tai_itch.mjs <tac-gia>/<goi> o repo quoc-chien
assets_source/kaykit-medieval-builder-pack/Models/tiles/hex/fbx	hex_rock_waterC_detail	CC0 1.0	node tools/tai_itch.mjs <tac-gia>/<goi> o repo quoc-chien
assets_source/kaykit-medieval-builder-pack/Models/tiles/hex/fbx	hex_rock_waterC_empty	CC0 1.0	node tools/tai_itch.mjs <tac-gia>/<goi> o repo quoc-chien
assets_source/kaykit-medieval-builder-pack/Models/tiles/hex/fbx	hex_rock_waterD	CC0 1.0	node tools/tai_itch.mjs <tac-gia>/<goi> o repo quoc-chien
assets_source/kaykit-medieval-builder-pack/Models/tiles/hex/fbx	hex_rock_waterD_detail	CC0 1.0	node tools/tai_itch.mjs <tac-gia>/<goi> o repo quoc-chien
assets_source/kaykit-medieval-builder-pack/Models/tiles/hex/fbx	hex_rock_waterD_empty	CC0 1.0	node tools/tai_itch.mjs <tac-gia>/<goi> o repo quoc-chien
assets_source/kaykit-medieval-builder-pack/Models/tiles/hex/fbx	hex_sand	CC0 1.0	node tools/tai_itch.mjs <tac-gia>/<goi> o repo quoc-chien
assets_source/kaykit-medieval-builder-pack/Models/tiles/hex/fbx	hex_sand_detail	CC0 1.0	node tools/tai_itch.mjs <tac-gia>/<goi> o repo quoc-chien
assets_source/kaykit-medieval-builder-pack/Models/tiles/hex/fbx	hex_sand_roadA	CC0 1.0	node tools/tai_itch.mjs <tac-gia>/<goi> o repo quoc-chien
assets_source/kaykit-medieval-builder-pack/Models/tiles/hex/fbx	hex_sand_roadA_detail	CC0 1.0	node tools/tai_itch.mjs <tac-gia>/<goi> o repo quoc-chien
assets_source/kaykit-medieval-builder-pack/Models/tiles/hex/fbx	hex_sand_roadB	CC0 1.0	node tools/tai_itch.mjs <tac-gia>/<goi> o repo quoc-chien
assets_source/kaykit-medieval-builder-pack/Models/tiles/hex/fbx	hex_sand_roadB_detail	CC0 1.0	node tools/tai_itch.mjs <tac-gia>/<goi> o repo quoc-chien
assets_source/kaykit-medieval-builder-pack/Models/tiles/hex/fbx	hex_sand_roadC	CC0 1.0	node tools/tai_itch.mjs <tac-gia>/<goi> o repo quoc-chien
assets_source/kaykit-medieval-builder-pack/Models/tiles/hex/fbx	hex_sand_roadC_detail	CC0 1.0	node tools/tai_itch.mjs <tac-gia>/<goi> o repo quoc-chien
assets_source/kaykit-medieval-builder-pack/Models/tiles/hex/fbx	hex_sand_roadD	CC0 1.0	node tools/tai_itch.mjs <tac-gia>/<goi> o repo quoc-chien
assets_source/kaykit-medieval-builder-pack/Models/tiles/hex/fbx	hex_sand_roadD_detail	CC0 1.0	node tools/tai_itch.mjs <tac-gia>/<goi> o repo quoc-chien
assets_source/kaykit-medieval-builder-pack/Models/tiles/hex/fbx	hex_sand_roadE	CC0 1.0	node tools/tai_itch.mjs <tac-gia>/<goi> o repo quoc-chien
assets_source/kaykit-medieval-builder-pack/Models/tiles/hex/fbx	hex_sand_roadE_detail	CC0 1.0	node tools/tai_itch.mjs <tac-gia>/<goi> o repo quoc-chien
assets_source/kaykit-medieval-builder-pack/Models/tiles/hex/fbx	hex_sand_roadF	CC0 1.0	node tools/tai_itch.mjs <tac-gia>/<goi> o repo quoc-chien
assets_source/kaykit-medieval-builder-pack/Models/tiles/hex/fbx	hex_sand_roadF_detail	CC0 1.0	node tools/tai_itch.mjs <tac-gia>/<goi> o repo quoc-chien
assets_source/kaykit-medieval-builder-pack/Models/tiles/hex/fbx	hex_sand_roadG	CC0 1.0	node tools/tai_itch.mjs <tac-gia>/<goi> o repo quoc-chien
assets_source/kaykit-medieval-builder-pack/Models/tiles/hex/fbx	hex_sand_roadG_detail	CC0 1.0	node tools/tai_itch.mjs <tac-gia>/<goi> o repo quoc-chien
assets_source/kaykit-medieval-builder-pack/Models/tiles/hex/fbx	hex_sand_roadH	CC0 1.0	node tools/tai_itch.mjs <tac-gia>/<goi> o repo quoc-chien
assets_source/kaykit-medieval-builder-pack/Models/tiles/hex/fbx	hex_sand_roadH_detail	CC0 1.0	node tools/tai_itch.mjs <tac-gia>/<goi> o repo quoc-chien
assets_source/kaykit-medieval-builder-pack/Models/tiles/hex/fbx	hex_sand_roadI	CC0 1.0	node tools/tai_itch.mjs <tac-gia>/<goi> o repo quoc-chien
assets_source/kaykit-medieval-builder-pack/Models/tiles/hex/fbx	hex_sand_roadI_detail	CC0 1.0	node tools/tai_itch.mjs <tac-gia>/<goi> o repo quoc-chien
assets_source/kaykit-medieval-builder-pack/Models/tiles/hex/fbx	hex_sand_roadJ	CC0 1.0	node tools/tai_itch.mjs <tac-gia>/<goi> o repo quoc-chien
assets_source/kaykit-medieval-builder-pack/Models/tiles/hex/fbx	hex_sand_roadJ_detail	CC0 1.0	node tools/tai_itch.mjs <tac-gia>/<goi> o repo quoc-chien
assets_source/kaykit-medieval-builder-pack/Models/tiles/hex/fbx	hex_sand_roadK	CC0 1.0	node tools/tai_itch.mjs <tac-gia>/<goi> o repo quoc-chien
assets_source/kaykit-medieval-builder-pack/Models/tiles/hex/fbx	hex_sand_roadK_detail	CC0 1.0	node tools/tai_itch.mjs <tac-gia>/<goi> o repo quoc-chien
assets_source/kaykit-medieval-builder-pack/Models/tiles/hex/fbx	hex_sand_roadL	CC0 1.0	node tools/tai_itch.mjs <tac-gia>/<goi> o repo quoc-chien
assets_source/kaykit-medieval-builder-pack/Models/tiles/hex/fbx	hex_sand_roadL_detail	CC0 1.0	node tools/tai_itch.mjs <tac-gia>/<goi> o repo quoc-chien
assets_source/kaykit-medieval-builder-pack/Models/tiles/hex/fbx	hex_sand_roadM	CC0 1.0	node tools/tai_itch.mjs <tac-gia>/<goi> o repo quoc-chien
assets_source/kaykit-medieval-builder-pack/Models/tiles/hex/fbx	hex_sand_roadM_detail	CC0 1.0	node tools/tai_itch.mjs <tac-gia>/<goi> o repo quoc-chien
assets_source/kaykit-medieval-builder-pack/Models/tiles/hex/fbx	hex_sand_transitionA	CC0 1.0	node tools/tai_itch.mjs <tac-gia>/<goi> o repo quoc-chien
assets_source/kaykit-medieval-builder-pack/Models/tiles/hex/fbx	hex_sand_transitionB	CC0 1.0	node tools/tai_itch.mjs <tac-gia>/<goi> o repo quoc-chien
assets_source/kaykit-medieval-builder-pack/Models/tiles/hex/fbx	hex_sand_waterA	CC0 1.0	node tools/tai_itch.mjs <tac-gia>/<goi> o repo quoc-chien
assets_source/kaykit-medieval-builder-pack/Models/tiles/hex/fbx	hex_sand_waterA_detail	CC0 1.0	node tools/tai_itch.mjs <tac-gia>/<goi> o repo quoc-chien
assets_source/kaykit-medieval-builder-pack/Models/tiles/hex/fbx	hex_sand_waterA_empty	CC0 1.0	node tools/tai_itch.mjs <tac-gia>/<goi> o repo quoc-chien
assets_source/kaykit-medieval-builder-pack/Models/tiles/hex/fbx	hex_sand_waterB	CC0 1.0	node tools/tai_itch.mjs <tac-gia>/<goi> o repo quoc-chien
assets_source/kaykit-medieval-builder-pack/Models/tiles/hex/fbx	hex_sand_waterB_detail	CC0 1.0	node tools/tai_itch.mjs <tac-gia>/<goi> o repo quoc-chien
assets_source/kaykit-medieval-builder-pack/Models/tiles/hex/fbx	hex_sand_waterB_empty	CC0 1.0	node tools/tai_itch.mjs <tac-gia>/<goi> o repo quoc-chien
assets_source/kaykit-medieval-builder-pack/Models/tiles/hex/fbx	hex_sand_waterC	CC0 1.0	node tools/tai_itch.mjs <tac-gia>/<goi> o repo quoc-chien
assets_source/kaykit-medieval-builder-pack/Models/tiles/hex/fbx	hex_sand_waterC_detail	CC0 1.0	node tools/tai_itch.mjs <tac-gia>/<goi> o repo quoc-chien
assets_source/kaykit-medieval-builder-pack/Models/tiles/hex/fbx	hex_sand_waterC_empty	CC0 1.0	node tools/tai_itch.mjs <tac-gia>/<goi> o repo quoc-chien
assets_source/kaykit-medieval-builder-pack/Models/tiles/hex/fbx	hex_sand_waterD	CC0 1.0	node tools/tai_itch.mjs <tac-gia>/<goi> o repo quoc-chien
assets_source/kaykit-medieval-builder-pack/Models/tiles/hex/fbx	hex_sand_waterD_detail	CC0 1.0	node tools/tai_itch.mjs <tac-gia>/<goi> o repo quoc-chien
assets_source/kaykit-medieval-builder-pack/Models/tiles/hex/fbx	hex_sand_waterD_empty	CC0 1.0	node tools/tai_itch.mjs <tac-gia>/<goi> o repo quoc-chien
assets_source/kaykit-medieval-builder-pack/Models/tiles/hex/fbx	hex_water	CC0 1.0	node tools/tai_itch.mjs <tac-gia>/<goi> o repo quoc-chien
assets_source/kaykit-medieval-builder-pack/Models/tiles/hex/fbx	hex_water_detail	CC0 1.0	node tools/tai_itch.mjs <tac-gia>/<goi> o repo quoc-chien
assets_source/kaykit-medieval-builder-pack/Models/tiles/hex/gltf	hex_forest.gltf	CC0 1.0	node tools/tai_itch.mjs <tac-gia>/<goi> o repo quoc-chien
assets_source/kaykit-medieval-builder-pack/Models/tiles/hex/gltf	hex_forest_detail.gltf	CC0 1.0	node tools/tai_itch.mjs <tac-gia>/<goi> o repo quoc-chien
assets_source/kaykit-medieval-builder-pack/Models/tiles/hex/gltf	hex_forest_roadA.gltf	CC0 1.0	node tools/tai_itch.mjs <tac-gia>/<goi> o repo quoc-chien
assets_source/kaykit-medieval-builder-pack/Models/tiles/hex/gltf	hex_forest_roadA_detail.gltf	CC0 1.0	node tools/tai_itch.mjs <tac-gia>/<goi> o repo quoc-chien
assets_source/kaykit-medieval-builder-pack/Models/tiles/hex/gltf	hex_forest_roadB.gltf	CC0 1.0	node tools/tai_itch.mjs <tac-gia>/<goi> o repo quoc-chien
assets_source/kaykit-medieval-builder-pack/Models/tiles/hex/gltf	hex_forest_roadB_detail.gltf	CC0 1.0	node tools/tai_itch.mjs <tac-gia>/<goi> o repo quoc-chien
assets_source/kaykit-medieval-builder-pack/Models/tiles/hex/gltf	hex_forest_roadC.gltf	CC0 1.0	node tools/tai_itch.mjs <tac-gia>/<goi> o repo quoc-chien
assets_source/kaykit-medieval-builder-pack/Models/tiles/hex/gltf	hex_forest_roadC_detail.gltf	CC0 1.0	node tools/tai_itch.mjs <tac-gia>/<goi> o repo quoc-chien
assets_source/kaykit-medieval-builder-pack/Models/tiles/hex/gltf	hex_forest_roadD.gltf	CC0 1.0	node tools/tai_itch.mjs <tac-gia>/<goi> o repo quoc-chien
assets_source/kaykit-medieval-builder-pack/Models/tiles/hex/gltf	hex_forest_roadD_detail.gltf	CC0 1.0	node tools/tai_itch.mjs <tac-gia>/<goi> o repo quoc-chien
assets_source/kaykit-medieval-builder-pack/Models/tiles/hex/gltf	hex_forest_roadE.gltf	CC0 1.0	node tools/tai_itch.mjs <tac-gia>/<goi> o repo quoc-chien
assets_source/kaykit-medieval-builder-pack/Models/tiles/hex/gltf	hex_forest_roadE_detail.gltf	CC0 1.0	node tools/tai_itch.mjs <tac-gia>/<goi> o repo quoc-chien
assets_source/kaykit-medieval-builder-pack/Models/tiles/hex/gltf	hex_forest_roadF.gltf	CC0 1.0	node tools/tai_itch.mjs <tac-gia>/<goi> o repo quoc-chien
assets_source/kaykit-medieval-builder-pack/Models/tiles/hex/gltf	hex_forest_roadF_detail.gltf	CC0 1.0	node tools/tai_itch.mjs <tac-gia>/<goi> o repo quoc-chien
assets_source/kaykit-medieval-builder-pack/Models/tiles/hex/gltf	hex_forest_roadG.gltf	CC0 1.0	node tools/tai_itch.mjs <tac-gia>/<goi> o repo quoc-chien
assets_source/kaykit-medieval-builder-pack/Models/tiles/hex/gltf	hex_forest_roadG_detail.gltf	CC0 1.0	node tools/tai_itch.mjs <tac-gia>/<goi> o repo quoc-chien
assets_source/kaykit-medieval-builder-pack/Models/tiles/hex/gltf	hex_forest_roadH.gltf	CC0 1.0	node tools/tai_itch.mjs <tac-gia>/<goi> o repo quoc-chien
assets_source/kaykit-medieval-builder-pack/Models/tiles/hex/gltf	hex_forest_roadH_detail.gltf	CC0 1.0	node tools/tai_itch.mjs <tac-gia>/<goi> o repo quoc-chien
assets_source/kaykit-medieval-builder-pack/Models/tiles/hex/gltf	hex_forest_roadI.gltf	CC0 1.0	node tools/tai_itch.mjs <tac-gia>/<goi> o repo quoc-chien
assets_source/kaykit-medieval-builder-pack/Models/tiles/hex/gltf	hex_forest_roadI_detail.gltf	CC0 1.0	node tools/tai_itch.mjs <tac-gia>/<goi> o repo quoc-chien
assets_source/kaykit-medieval-builder-pack/Models/tiles/hex/gltf	hex_forest_roadJ.gltf	CC0 1.0	node tools/tai_itch.mjs <tac-gia>/<goi> o repo quoc-chien
assets_source/kaykit-medieval-builder-pack/Models/tiles/hex/gltf	hex_forest_roadJ_detail.gltf	CC0 1.0	node tools/tai_itch.mjs <tac-gia>/<goi> o repo quoc-chien
assets_source/kaykit-medieval-builder-pack/Models/tiles/hex/gltf	hex_forest_roadK.gltf	CC0 1.0	node tools/tai_itch.mjs <tac-gia>/<goi> o repo quoc-chien
assets_source/kaykit-medieval-builder-pack/Models/tiles/hex/gltf	hex_forest_roadK_detail.gltf	CC0 1.0	node tools/tai_itch.mjs <tac-gia>/<goi> o repo quoc-chien
assets_source/kaykit-medieval-builder-pack/Models/tiles/hex/gltf	hex_forest_roadL.gltf	CC0 1.0	node tools/tai_itch.mjs <tac-gia>/<goi> o repo quoc-chien
assets_source/kaykit-medieval-builder-pack/Models/tiles/hex/gltf	hex_forest_roadL_detail.gltf	CC0 1.0	node tools/tai_itch.mjs <tac-gia>/<goi> o repo quoc-chien
assets_source/kaykit-medieval-builder-pack/Models/tiles/hex/gltf	hex_forest_roadM.gltf	CC0 1.0	node tools/tai_itch.mjs <tac-gia>/<goi> o repo quoc-chien
assets_source/kaykit-medieval-builder-pack/Models/tiles/hex/gltf	hex_forest_roadM_detail.gltf	CC0 1.0	node tools/tai_itch.mjs <tac-gia>/<goi> o repo quoc-chien
assets_source/kaykit-medieval-builder-pack/Models/tiles/hex/gltf	hex_forest_transitionA.gltf	CC0 1.0	node tools/tai_itch.mjs <tac-gia>/<goi> o repo quoc-chien
assets_source/kaykit-medieval-builder-pack/Models/tiles/hex/gltf	hex_forest_transitionB.gltf	CC0 1.0	node tools/tai_itch.mjs <tac-gia>/<goi> o repo quoc-chien
assets_source/kaykit-medieval-builder-pack/Models/tiles/hex/gltf	hex_forest_waterA.gltf	CC0 1.0	node tools/tai_itch.mjs <tac-gia>/<goi> o repo quoc-chien
assets_source/kaykit-medieval-builder-pack/Models/tiles/hex/gltf	hex_forest_waterA_detail.gltf	CC0 1.0	node tools/tai_itch.mjs <tac-gia>/<goi> o repo quoc-chien
assets_source/kaykit-medieval-builder-pack/Models/tiles/hex/gltf	hex_forest_waterA_empty.gltf	CC0 1.0	node tools/tai_itch.mjs <tac-gia>/<goi> o repo quoc-chien
assets_source/kaykit-medieval-builder-pack/Models/tiles/hex/gltf	hex_forest_waterB.gltf	CC0 1.0	node tools/tai_itch.mjs <tac-gia>/<goi> o repo quoc-chien
assets_source/kaykit-medieval-builder-pack/Models/tiles/hex/gltf	hex_forest_waterB_detail.gltf	CC0 1.0	node tools/tai_itch.mjs <tac-gia>/<goi> o repo quoc-chien
assets_source/kaykit-medieval-builder-pack/Models/tiles/hex/gltf	hex_forest_waterB_empty.gltf	CC0 1.0	node tools/tai_itch.mjs <tac-gia>/<goi> o repo quoc-chien
assets_source/kaykit-medieval-builder-pack/Models/tiles/hex/gltf	hex_forest_waterC.gltf	CC0 1.0	node tools/tai_itch.mjs <tac-gia>/<goi> o repo quoc-chien
assets_source/kaykit-medieval-builder-pack/Models/tiles/hex/gltf	hex_forest_waterC_detail.gltf	CC0 1.0	node tools/tai_itch.mjs <tac-gia>/<goi> o repo quoc-chien
assets_source/kaykit-medieval-builder-pack/Models/tiles/hex/gltf	hex_forest_waterC_empty.gltf	CC0 1.0	node tools/tai_itch.mjs <tac-gia>/<goi> o repo quoc-chien
assets_source/kaykit-medieval-builder-pack/Models/tiles/hex/gltf	hex_forest_waterD.gltf	CC0 1.0	node tools/tai_itch.mjs <tac-gia>/<goi> o repo quoc-chien
assets_source/kaykit-medieval-builder-pack/Models/tiles/hex/gltf	hex_forest_waterD_detail.gltf	CC0 1.0	node tools/tai_itch.mjs <tac-gia>/<goi> o repo quoc-chien
assets_source/kaykit-medieval-builder-pack/Models/tiles/hex/gltf	hex_forest_waterD_empty.gltf	CC0 1.0	node tools/tai_itch.mjs <tac-gia>/<goi> o repo quoc-chien
assets_source/kaykit-medieval-builder-pack/Models/tiles/hex/gltf	hex_rock.gltf	CC0 1.0	node tools/tai_itch.mjs <tac-gia>/<goi> o repo quoc-chien
assets_source/kaykit-medieval-builder-pack/Models/tiles/hex/gltf	hex_rock_detail.gltf	CC0 1.0	node tools/tai_itch.mjs <tac-gia>/<goi> o repo quoc-chien
assets_source/kaykit-medieval-builder-pack/Models/tiles/hex/gltf	hex_rock_roadA.gltf	CC0 1.0	node tools/tai_itch.mjs <tac-gia>/<goi> o repo quoc-chien
assets_source/kaykit-medieval-builder-pack/Models/tiles/hex/gltf	hex_rock_roadA_detail.gltf	CC0 1.0	node tools/tai_itch.mjs <tac-gia>/<goi> o repo quoc-chien
assets_source/kaykit-medieval-builder-pack/Models/tiles/hex/gltf	hex_rock_roadB.gltf	CC0 1.0	node tools/tai_itch.mjs <tac-gia>/<goi> o repo quoc-chien
assets_source/kaykit-medieval-builder-pack/Models/tiles/hex/gltf	hex_rock_roadB_detail.gltf	CC0 1.0	node tools/tai_itch.mjs <tac-gia>/<goi> o repo quoc-chien
assets_source/kaykit-medieval-builder-pack/Models/tiles/hex/gltf	hex_rock_roadC.gltf	CC0 1.0	node tools/tai_itch.mjs <tac-gia>/<goi> o repo quoc-chien
assets_source/kaykit-medieval-builder-pack/Models/tiles/hex/gltf	hex_rock_roadC_detail.gltf	CC0 1.0	node tools/tai_itch.mjs <tac-gia>/<goi> o repo quoc-chien
assets_source/kaykit-medieval-builder-pack/Models/tiles/hex/gltf	hex_rock_roadD.gltf	CC0 1.0	node tools/tai_itch.mjs <tac-gia>/<goi> o repo quoc-chien
assets_source/kaykit-medieval-builder-pack/Models/tiles/hex/gltf	hex_rock_roadD_detail.gltf	CC0 1.0	node tools/tai_itch.mjs <tac-gia>/<goi> o repo quoc-chien
assets_source/kaykit-medieval-builder-pack/Models/tiles/hex/gltf	hex_rock_roadE.gltf	CC0 1.0	node tools/tai_itch.mjs <tac-gia>/<goi> o repo quoc-chien
assets_source/kaykit-medieval-builder-pack/Models/tiles/hex/gltf	hex_rock_roadE_detail.gltf	CC0 1.0	node tools/tai_itch.mjs <tac-gia>/<goi> o repo quoc-chien
assets_source/kaykit-medieval-builder-pack/Models/tiles/hex/gltf	hex_rock_roadF.gltf	CC0 1.0	node tools/tai_itch.mjs <tac-gia>/<goi> o repo quoc-chien
assets_source/kaykit-medieval-builder-pack/Models/tiles/hex/gltf	hex_rock_roadF_detail.gltf	CC0 1.0	node tools/tai_itch.mjs <tac-gia>/<goi> o repo quoc-chien
assets_source/kaykit-medieval-builder-pack/Models/tiles/hex/gltf	hex_rock_roadG.gltf	CC0 1.0	node tools/tai_itch.mjs <tac-gia>/<goi> o repo quoc-chien
assets_source/kaykit-medieval-builder-pack/Models/tiles/hex/gltf	hex_rock_roadG_detail.gltf	CC0 1.0	node tools/tai_itch.mjs <tac-gia>/<goi> o repo quoc-chien
assets_source/kaykit-medieval-builder-pack/Models/tiles/hex/gltf	hex_rock_roadH.gltf	CC0 1.0	node tools/tai_itch.mjs <tac-gia>/<goi> o repo quoc-chien
assets_source/kaykit-medieval-builder-pack/Models/tiles/hex/gltf	hex_rock_roadH_detail.gltf	CC0 1.0	node tools/tai_itch.mjs <tac-gia>/<goi> o repo quoc-chien
assets_source/kaykit-medieval-builder-pack/Models/tiles/hex/gltf	hex_rock_roadI.gltf	CC0 1.0	node tools/tai_itch.mjs <tac-gia>/<goi> o repo quoc-chien
assets_source/kaykit-medieval-builder-pack/Models/tiles/hex/gltf	hex_rock_roadI_detail.gltf	CC0 1.0	node tools/tai_itch.mjs <tac-gia>/<goi> o repo quoc-chien
assets_source/kaykit-medieval-builder-pack/Models/tiles/hex/gltf	hex_rock_roadJ.gltf	CC0 1.0	node tools/tai_itch.mjs <tac-gia>/<goi> o repo quoc-chien
assets_source/kaykit-medieval-builder-pack/Models/tiles/hex/gltf	hex_rock_roadJ_detail.gltf	CC0 1.0	node tools/tai_itch.mjs <tac-gia>/<goi> o repo quoc-chien
assets_source/kaykit-medieval-builder-pack/Models/tiles/hex/gltf	hex_rock_roadK.gltf	CC0 1.0	node tools/tai_itch.mjs <tac-gia>/<goi> o repo quoc-chien
assets_source/kaykit-medieval-builder-pack/Models/tiles/hex/gltf	hex_rock_roadK_detail.gltf	CC0 1.0	node tools/tai_itch.mjs <tac-gia>/<goi> o repo quoc-chien
assets_source/kaykit-medieval-builder-pack/Models/tiles/hex/gltf	hex_rock_roadL.gltf	CC0 1.0	node tools/tai_itch.mjs <tac-gia>/<goi> o repo quoc-chien
assets_source/kaykit-medieval-builder-pack/Models/tiles/hex/gltf	hex_rock_roadL_detail.gltf	CC0 1.0	node tools/tai_itch.mjs <tac-gia>/<goi> o repo quoc-chien
assets_source/kaykit-medieval-builder-pack/Models/tiles/hex/gltf	hex_rock_roadM.gltf	CC0 1.0	node tools/tai_itch.mjs <tac-gia>/<goi> o repo quoc-chien
assets_source/kaykit-medieval-builder-pack/Models/tiles/hex/gltf	hex_rock_roadM_detail.gltf	CC0 1.0	node tools/tai_itch.mjs <tac-gia>/<goi> o repo quoc-chien
assets_source/kaykit-medieval-builder-pack/Models/tiles/hex/gltf	hex_rock_transitionA.gltf	CC0 1.0	node tools/tai_itch.mjs <tac-gia>/<goi> o repo quoc-chien
assets_source/kaykit-medieval-builder-pack/Models/tiles/hex/gltf	hex_rock_transitionB.gltf	CC0 1.0	node tools/tai_itch.mjs <tac-gia>/<goi> o repo quoc-chien
assets_source/kaykit-medieval-builder-pack/Models/tiles/hex/gltf	hex_rock_waterA.gltf	CC0 1.0	node tools/tai_itch.mjs <tac-gia>/<goi> o repo quoc-chien
assets_source/kaykit-medieval-builder-pack/Models/tiles/hex/gltf	hex_rock_waterA_detail.gltf	CC0 1.0	node tools/tai_itch.mjs <tac-gia>/<goi> o repo quoc-chien
assets_source/kaykit-medieval-builder-pack/Models/tiles/hex/gltf	hex_rock_waterA_empty.gltf	CC0 1.0	node tools/tai_itch.mjs <tac-gia>/<goi> o repo quoc-chien
assets_source/kaykit-medieval-builder-pack/Models/tiles/hex/gltf	hex_rock_waterB.gltf	CC0 1.0	node tools/tai_itch.mjs <tac-gia>/<goi> o repo quoc-chien
assets_source/kaykit-medieval-builder-pack/Models/tiles/hex/gltf	hex_rock_waterB_detail.gltf	CC0 1.0	node tools/tai_itch.mjs <tac-gia>/<goi> o repo quoc-chien
assets_source/kaykit-medieval-builder-pack/Models/tiles/hex/gltf	hex_rock_waterB_empty.gltf	CC0 1.0	node tools/tai_itch.mjs <tac-gia>/<goi> o repo quoc-chien
assets_source/kaykit-medieval-builder-pack/Models/tiles/hex/gltf	hex_rock_waterC.gltf	CC0 1.0	node tools/tai_itch.mjs <tac-gia>/<goi> o repo quoc-chien
assets_source/kaykit-medieval-builder-pack/Models/tiles/hex/gltf	hex_rock_waterC_detail.gltf	CC0 1.0	node tools/tai_itch.mjs <tac-gia>/<goi> o repo quoc-chien
assets_source/kaykit-medieval-builder-pack/Models/tiles/hex/gltf	hex_rock_waterC_empty.gltf	CC0 1.0	node tools/tai_itch.mjs <tac-gia>/<goi> o repo quoc-chien
assets_source/kaykit-medieval-builder-pack/Models/tiles/hex/gltf	hex_rock_waterD.gltf	CC0 1.0	node tools/tai_itch.mjs <tac-gia>/<goi> o repo quoc-chien
assets_source/kaykit-medieval-builder-pack/Models/tiles/hex/gltf	hex_rock_waterD_detail.gltf	CC0 1.0	node tools/tai_itch.mjs <tac-gia>/<goi> o repo quoc-chien
assets_source/kaykit-medieval-builder-pack/Models/tiles/hex/gltf	hex_rock_waterD_empty.gltf	CC0 1.0	node tools/tai_itch.mjs <tac-gia>/<goi> o repo quoc-chien
assets_source/kaykit-medieval-builder-pack/Models/tiles/hex/gltf	hex_sand.gltf	CC0 1.0	node tools/tai_itch.mjs <tac-gia>/<goi> o repo quoc-chien
assets_source/kaykit-medieval-builder-pack/Models/tiles/hex/gltf	hex_sand_detail.gltf	CC0 1.0	node tools/tai_itch.mjs <tac-gia>/<goi> o repo quoc-chien
assets_source/kaykit-medieval-builder-pack/Models/tiles/hex/gltf	hex_sand_roadA.gltf	CC0 1.0	node tools/tai_itch.mjs <tac-gia>/<goi> o repo quoc-chien
assets_source/kaykit-medieval-builder-pack/Models/tiles/hex/gltf	hex_sand_roadA_detail.gltf	CC0 1.0	node tools/tai_itch.mjs <tac-gia>/<goi> o repo quoc-chien
assets_source/kaykit-medieval-builder-pack/Models/tiles/hex/gltf	hex_sand_roadB.gltf	CC0 1.0	node tools/tai_itch.mjs <tac-gia>/<goi> o repo quoc-chien
assets_source/kaykit-medieval-builder-pack/Models/tiles/hex/gltf	hex_sand_roadB_detail.gltf	CC0 1.0	node tools/tai_itch.mjs <tac-gia>/<goi> o repo quoc-chien
assets_source/kaykit-medieval-builder-pack/Models/tiles/hex/gltf	hex_sand_roadC.gltf	CC0 1.0	node tools/tai_itch.mjs <tac-gia>/<goi> o repo quoc-chien
assets_source/kaykit-medieval-builder-pack/Models/tiles/hex/gltf	hex_sand_roadC_detail.gltf	CC0 1.0	node tools/tai_itch.mjs <tac-gia>/<goi> o repo quoc-chien
assets_source/kaykit-medieval-builder-pack/Models/tiles/hex/gltf	hex_sand_roadD.gltf	CC0 1.0	node tools/tai_itch.mjs <tac-gia>/<goi> o repo quoc-chien
assets_source/kaykit-medieval-builder-pack/Models/tiles/hex/gltf	hex_sand_roadD_detail.gltf	CC0 1.0	node tools/tai_itch.mjs <tac-gia>/<goi> o repo quoc-chien
assets_source/kaykit-medieval-builder-pack/Models/tiles/hex/gltf	hex_sand_roadE.gltf	CC0 1.0	node tools/tai_itch.mjs <tac-gia>/<goi> o repo quoc-chien
assets_source/kaykit-medieval-builder-pack/Models/tiles/hex/gltf	hex_sand_roadE_detail.gltf	CC0 1.0	node tools/tai_itch.mjs <tac-gia>/<goi> o repo quoc-chien
assets_source/kaykit-medieval-builder-pack/Models/tiles/hex/gltf	hex_sand_roadF.gltf	CC0 1.0	node tools/tai_itch.mjs <tac-gia>/<goi> o repo quoc-chien
assets_source/kaykit-medieval-builder-pack/Models/tiles/hex/gltf	hex_sand_roadF_detail.gltf	CC0 1.0	node tools/tai_itch.mjs <tac-gia>/<goi> o repo quoc-chien
assets_source/kaykit-medieval-builder-pack/Models/tiles/hex/gltf	hex_sand_roadG.gltf	CC0 1.0	node tools/tai_itch.mjs <tac-gia>/<goi> o repo quoc-chien
assets_source/kaykit-medieval-builder-pack/Models/tiles/hex/gltf	hex_sand_roadG_detail.gltf	CC0 1.0	node tools/tai_itch.mjs <tac-gia>/<goi> o repo quoc-chien
assets_source/kaykit-medieval-builder-pack/Models/tiles/hex/gltf	hex_sand_roadH.gltf	CC0 1.0	node tools/tai_itch.mjs <tac-gia>/<goi> o repo quoc-chien
assets_source/kaykit-medieval-builder-pack/Models/tiles/hex/gltf	hex_sand_roadH_detail.gltf	CC0 1.0	node tools/tai_itch.mjs <tac-gia>/<goi> o repo quoc-chien
assets_source/kaykit-medieval-builder-pack/Models/tiles/hex/gltf	hex_sand_roadI.gltf	CC0 1.0	node tools/tai_itch.mjs <tac-gia>/<goi> o repo quoc-chien
assets_source/kaykit-medieval-builder-pack/Models/tiles/hex/gltf	hex_sand_roadI_detail.gltf	CC0 1.0	node tools/tai_itch.mjs <tac-gia>/<goi> o repo quoc-chien
assets_source/kaykit-medieval-builder-pack/Models/tiles/hex/gltf	hex_sand_roadJ.gltf	CC0 1.0	node tools/tai_itch.mjs <tac-gia>/<goi> o repo quoc-chien
assets_source/kaykit-medieval-builder-pack/Models/tiles/hex/gltf	hex_sand_roadJ_detail.gltf	CC0 1.0	node tools/tai_itch.mjs <tac-gia>/<goi> o repo quoc-chien
assets_source/kaykit-medieval-builder-pack/Models/tiles/hex/gltf	hex_sand_roadK.gltf	CC0 1.0	node tools/tai_itch.mjs <tac-gia>/<goi> o repo quoc-chien
assets_source/kaykit-medieval-builder-pack/Models/tiles/hex/gltf	hex_sand_roadK_detail.gltf	CC0 1.0	node tools/tai_itch.mjs <tac-gia>/<goi> o repo quoc-chien
assets_source/kaykit-medieval-builder-pack/Models/tiles/hex/gltf	hex_sand_roadL.gltf	CC0 1.0	node tools/tai_itch.mjs <tac-gia>/<goi> o repo quoc-chien
assets_source/kaykit-medieval-builder-pack/Models/tiles/hex/gltf	hex_sand_roadL_detail.gltf	CC0 1.0	node tools/tai_itch.mjs <tac-gia>/<goi> o repo quoc-chien
assets_source/kaykit-medieval-builder-pack/Models/tiles/hex/gltf	hex_sand_roadM.gltf	CC0 1.0	node tools/tai_itch.mjs <tac-gia>/<goi> o repo quoc-chien
assets_source/kaykit-medieval-builder-pack/Models/tiles/hex/gltf	hex_sand_roadM_detail.gltf	CC0 1.0	node tools/tai_itch.mjs <tac-gia>/<goi> o repo quoc-chien
assets_source/kaykit-medieval-builder-pack/Models/tiles/hex/gltf	hex_sand_transitionA.gltf	CC0 1.0	node tools/tai_itch.mjs <tac-gia>/<goi> o repo quoc-chien
assets_source/kaykit-medieval-builder-pack/Models/tiles/hex/gltf	hex_sand_transitionB.gltf	CC0 1.0	node tools/tai_itch.mjs <tac-gia>/<goi> o repo quoc-chien
assets_source/kaykit-medieval-builder-pack/Models/tiles/hex/gltf	hex_sand_waterA.gltf	CC0 1.0	node tools/tai_itch.mjs <tac-gia>/<goi> o repo quoc-chien
assets_source/kaykit-medieval-builder-pack/Models/tiles/hex/gltf	hex_sand_waterA_detail.gltf	CC0 1.0	node tools/tai_itch.mjs <tac-gia>/<goi> o repo quoc-chien
assets_source/kaykit-medieval-builder-pack/Models/tiles/hex/gltf	hex_sand_waterA_empty.gltf	CC0 1.0	node tools/tai_itch.mjs <tac-gia>/<goi> o repo quoc-chien
assets_source/kaykit-medieval-builder-pack/Models/tiles/hex/gltf	hex_sand_waterB.gltf	CC0 1.0	node tools/tai_itch.mjs <tac-gia>/<goi> o repo quoc-chien
assets_source/kaykit-medieval-builder-pack/Models/tiles/hex/gltf	hex_sand_waterB_detail.gltf	CC0 1.0	node tools/tai_itch.mjs <tac-gia>/<goi> o repo quoc-chien
assets_source/kaykit-medieval-builder-pack/Models/tiles/hex/gltf	hex_sand_waterB_empty.gltf	CC0 1.0	node tools/tai_itch.mjs <tac-gia>/<goi> o repo quoc-chien
assets_source/kaykit-medieval-builder-pack/Models/tiles/hex/gltf	hex_sand_waterC.gltf	CC0 1.0	node tools/tai_itch.mjs <tac-gia>/<goi> o repo quoc-chien
assets_source/kaykit-medieval-builder-pack/Models/tiles/hex/gltf	hex_sand_waterC_detail.gltf	CC0 1.0	node tools/tai_itch.mjs <tac-gia>/<goi> o repo quoc-chien
assets_source/kaykit-medieval-builder-pack/Models/tiles/hex/gltf	hex_sand_waterC_empty.gltf	CC0 1.0	node tools/tai_itch.mjs <tac-gia>/<goi> o repo quoc-chien
assets_source/kaykit-medieval-builder-pack/Models/tiles/hex/gltf	hex_sand_waterD.gltf	CC0 1.0	node tools/tai_itch.mjs <tac-gia>/<goi> o repo quoc-chien
assets_source/kaykit-medieval-builder-pack/Models/tiles/hex/gltf	hex_sand_waterD_detail.gltf	CC0 1.0	node tools/tai_itch.mjs <tac-gia>/<goi> o repo quoc-chien
assets_source/kaykit-medieval-builder-pack/Models/tiles/hex/gltf	hex_sand_waterD_empty.gltf	CC0 1.0	node tools/tai_itch.mjs <tac-gia>/<goi> o repo quoc-chien
assets_source/kaykit-medieval-builder-pack/Models/tiles/hex/gltf	hex_water.gltf	CC0 1.0	node tools/tai_itch.mjs <tac-gia>/<goi> o repo quoc-chien
assets_source/kaykit-medieval-builder-pack/Models/tiles/hex/gltf	hex_water_detail.gltf	CC0 1.0	node tools/tai_itch.mjs <tac-gia>/<goi> o repo quoc-chien
assets_source/kaykit-medieval-builder-pack/Models/tiles/hex/obj	hex_forest	CC0 1.0	node tools/tai_itch.mjs <tac-gia>/<goi> o repo quoc-chien
assets_source/kaykit-medieval-builder-pack/Models/tiles/hex/obj	hex_forest_detail	CC0 1.0	node tools/tai_itch.mjs <tac-gia>/<goi> o repo quoc-chien
assets_source/kaykit-medieval-builder-pack/Models/tiles/hex/obj	hex_forest_roadA	CC0 1.0	node tools/tai_itch.mjs <tac-gia>/<goi> o repo quoc-chien
assets_source/kaykit-medieval-builder-pack/Models/tiles/hex/obj	hex_forest_roadA_detail	CC0 1.0	node tools/tai_itch.mjs <tac-gia>/<goi> o repo quoc-chien
assets_source/kaykit-medieval-builder-pack/Models/tiles/hex/obj	hex_forest_roadB	CC0 1.0	node tools/tai_itch.mjs <tac-gia>/<goi> o repo quoc-chien
assets_source/kaykit-medieval-builder-pack/Models/tiles/hex/obj	hex_forest_roadB_detail	CC0 1.0	node tools/tai_itch.mjs <tac-gia>/<goi> o repo quoc-chien
assets_source/kaykit-medieval-builder-pack/Models/tiles/hex/obj	hex_forest_roadC	CC0 1.0	node tools/tai_itch.mjs <tac-gia>/<goi> o repo quoc-chien
assets_source/kaykit-medieval-builder-pack/Models/tiles/hex/obj	hex_forest_roadC_detail	CC0 1.0	node tools/tai_itch.mjs <tac-gia>/<goi> o repo quoc-chien
assets_source/kaykit-medieval-builder-pack/Models/tiles/hex/obj	hex_forest_roadD	CC0 1.0	node tools/tai_itch.mjs <tac-gia>/<goi> o repo quoc-chien
assets_source/kaykit-medieval-builder-pack/Models/tiles/hex/obj	hex_forest_roadD_detail	CC0 1.0	node tools/tai_itch.mjs <tac-gia>/<goi> o repo quoc-chien
assets_source/kaykit-medieval-builder-pack/Models/tiles/hex/obj	hex_forest_roadE	CC0 1.0	node tools/tai_itch.mjs <tac-gia>/<goi> o repo quoc-chien
assets_source/kaykit-medieval-builder-pack/Models/tiles/hex/obj	hex_forest_roadE_detail	CC0 1.0	node tools/tai_itch.mjs <tac-gia>/<goi> o repo quoc-chien
assets_source/kaykit-medieval-builder-pack/Models/tiles/hex/obj	hex_forest_roadF	CC0 1.0	node tools/tai_itch.mjs <tac-gia>/<goi> o repo quoc-chien
assets_source/kaykit-medieval-builder-pack/Models/tiles/hex/obj	hex_forest_roadF_detail	CC0 1.0	node tools/tai_itch.mjs <tac-gia>/<goi> o repo quoc-chien
assets_source/kaykit-medieval-builder-pack/Models/tiles/hex/obj	hex_forest_roadG	CC0 1.0	node tools/tai_itch.mjs <tac-gia>/<goi> o repo quoc-chien
assets_source/kaykit-medieval-builder-pack/Models/tiles/hex/obj	hex_forest_roadG_detail	CC0 1.0	node tools/tai_itch.mjs <tac-gia>/<goi> o repo quoc-chien
assets_source/kaykit-medieval-builder-pack/Models/tiles/hex/obj	hex_forest_roadH	CC0 1.0	node tools/tai_itch.mjs <tac-gia>/<goi> o repo quoc-chien
assets_source/kaykit-medieval-builder-pack/Models/tiles/hex/obj	hex_forest_roadH_detail	CC0 1.0	node tools/tai_itch.mjs <tac-gia>/<goi> o repo quoc-chien
assets_source/kaykit-medieval-builder-pack/Models/tiles/hex/obj	hex_forest_roadI	CC0 1.0	node tools/tai_itch.mjs <tac-gia>/<goi> o repo quoc-chien
assets_source/kaykit-medieval-builder-pack/Models/tiles/hex/obj	hex_forest_roadI_detail	CC0 1.0	node tools/tai_itch.mjs <tac-gia>/<goi> o repo quoc-chien
assets_source/kaykit-medieval-builder-pack/Models/tiles/hex/obj	hex_forest_roadJ	CC0 1.0	node tools/tai_itch.mjs <tac-gia>/<goi> o repo quoc-chien
assets_source/kaykit-medieval-builder-pack/Models/tiles/hex/obj	hex_forest_roadJ_detail	CC0 1.0	node tools/tai_itch.mjs <tac-gia>/<goi> o repo quoc-chien
assets_source/kaykit-medieval-builder-pack/Models/tiles/hex/obj	hex_forest_roadK	CC0 1.0	node tools/tai_itch.mjs <tac-gia>/<goi> o repo quoc-chien
assets_source/kaykit-medieval-builder-pack/Models/tiles/hex/obj	hex_forest_roadK_detail	CC0 1.0	node tools/tai_itch.mjs <tac-gia>/<goi> o repo quoc-chien
assets_source/kaykit-medieval-builder-pack/Models/tiles/hex/obj	hex_forest_roadL	CC0 1.0	node tools/tai_itch.mjs <tac-gia>/<goi> o repo quoc-chien
assets_source/kaykit-medieval-builder-pack/Models/tiles/hex/obj	hex_forest_roadL_detail	CC0 1.0	node tools/tai_itch.mjs <tac-gia>/<goi> o repo quoc-chien
assets_source/kaykit-medieval-builder-pack/Models/tiles/hex/obj	hex_forest_roadM	CC0 1.0	node tools/tai_itch.mjs <tac-gia>/<goi> o repo quoc-chien
assets_source/kaykit-medieval-builder-pack/Models/tiles/hex/obj	hex_forest_roadM_detail	CC0 1.0	node tools/tai_itch.mjs <tac-gia>/<goi> o repo quoc-chien
assets_source/kaykit-medieval-builder-pack/Models/tiles/hex/obj	hex_forest_transitionA	CC0 1.0	node tools/tai_itch.mjs <tac-gia>/<goi> o repo quoc-chien
assets_source/kaykit-medieval-builder-pack/Models/tiles/hex/obj	hex_forest_transitionB	CC0 1.0	node tools/tai_itch.mjs <tac-gia>/<goi> o repo quoc-chien
assets_source/kaykit-medieval-builder-pack/Models/tiles/hex/obj	hex_forest_waterA	CC0 1.0	node tools/tai_itch.mjs <tac-gia>/<goi> o repo quoc-chien
assets_source/kaykit-medieval-builder-pack/Models/tiles/hex/obj	hex_forest_waterA_detail	CC0 1.0	node tools/tai_itch.mjs <tac-gia>/<goi> o repo quoc-chien
assets_source/kaykit-medieval-builder-pack/Models/tiles/hex/obj	hex_forest_waterA_empty	CC0 1.0	node tools/tai_itch.mjs <tac-gia>/<goi> o repo quoc-chien
assets_source/kaykit-medieval-builder-pack/Models/tiles/hex/obj	hex_forest_waterB	CC0 1.0	node tools/tai_itch.mjs <tac-gia>/<goi> o repo quoc-chien
assets_source/kaykit-medieval-builder-pack/Models/tiles/hex/obj	hex_forest_waterB_detail	CC0 1.0	node tools/tai_itch.mjs <tac-gia>/<goi> o repo quoc-chien
assets_source/kaykit-medieval-builder-pack/Models/tiles/hex/obj	hex_forest_waterB_empty	CC0 1.0	node tools/tai_itch.mjs <tac-gia>/<goi> o repo quoc-chien
assets_source/kaykit-medieval-builder-pack/Models/tiles/hex/obj	hex_forest_waterC	CC0 1.0	node tools/tai_itch.mjs <tac-gia>/<goi> o repo quoc-chien
assets_source/kaykit-medieval-builder-pack/Models/tiles/hex/obj	hex_forest_waterC_detail	CC0 1.0	node tools/tai_itch.mjs <tac-gia>/<goi> o repo quoc-chien
assets_source/kaykit-medieval-builder-pack/Models/tiles/hex/obj	hex_forest_waterC_empty	CC0 1.0	node tools/tai_itch.mjs <tac-gia>/<goi> o repo quoc-chien
assets_source/kaykit-medieval-builder-pack/Models/tiles/hex/obj	hex_forest_waterD	CC0 1.0	node tools/tai_itch.mjs <tac-gia>/<goi> o repo quoc-chien
assets_source/kaykit-medieval-builder-pack/Models/tiles/hex/obj	hex_forest_waterD_detail	CC0 1.0	node tools/tai_itch.mjs <tac-gia>/<goi> o repo quoc-chien
assets_source/kaykit-medieval-builder-pack/Models/tiles/hex/obj	hex_forest_waterD_empty	CC0 1.0	node tools/tai_itch.mjs <tac-gia>/<goi> o repo quoc-chien
assets_source/kaykit-medieval-builder-pack/Models/tiles/hex/obj	hex_rock	CC0 1.0	node tools/tai_itch.mjs <tac-gia>/<goi> o repo quoc-chien
assets_source/kaykit-medieval-builder-pack/Models/tiles/hex/obj	hex_rock_detail	CC0 1.0	node tools/tai_itch.mjs <tac-gia>/<goi> o repo quoc-chien
assets_source/kaykit-medieval-builder-pack/Models/tiles/hex/obj	hex_rock_roadA	CC0 1.0	node tools/tai_itch.mjs <tac-gia>/<goi> o repo quoc-chien
assets_source/kaykit-medieval-builder-pack/Models/tiles/hex/obj	hex_rock_roadA_detail	CC0 1.0	node tools/tai_itch.mjs <tac-gia>/<goi> o repo quoc-chien
assets_source/kaykit-medieval-builder-pack/Models/tiles/hex/obj	hex_rock_roadB	CC0 1.0	node tools/tai_itch.mjs <tac-gia>/<goi> o repo quoc-chien
assets_source/kaykit-medieval-builder-pack/Models/tiles/hex/obj	hex_rock_roadB_detail	CC0 1.0	node tools/tai_itch.mjs <tac-gia>/<goi> o repo quoc-chien
assets_source/kaykit-medieval-builder-pack/Models/tiles/hex/obj	hex_rock_roadC	CC0 1.0	node tools/tai_itch.mjs <tac-gia>/<goi> o repo quoc-chien
assets_source/kaykit-medieval-builder-pack/Models/tiles/hex/obj	hex_rock_roadC_detail	CC0 1.0	node tools/tai_itch.mjs <tac-gia>/<goi> o repo quoc-chien
assets_source/kaykit-medieval-builder-pack/Models/tiles/hex/obj	hex_rock_roadD	CC0 1.0	node tools/tai_itch.mjs <tac-gia>/<goi> o repo quoc-chien
assets_source/kaykit-medieval-builder-pack/Models/tiles/hex/obj	hex_rock_roadD_detail	CC0 1.0	node tools/tai_itch.mjs <tac-gia>/<goi> o repo quoc-chien
assets_source/kaykit-medieval-builder-pack/Models/tiles/hex/obj	hex_rock_roadE	CC0 1.0	node tools/tai_itch.mjs <tac-gia>/<goi> o repo quoc-chien
assets_source/kaykit-medieval-builder-pack/Models/tiles/hex/obj	hex_rock_roadE_detail	CC0 1.0	node tools/tai_itch.mjs <tac-gia>/<goi> o repo quoc-chien
assets_source/kaykit-medieval-builder-pack/Models/tiles/hex/obj	hex_rock_roadF	CC0 1.0	node tools/tai_itch.mjs <tac-gia>/<goi> o repo quoc-chien
assets_source/kaykit-medieval-builder-pack/Models/tiles/hex/obj	hex_rock_roadF_detail	CC0 1.0	node tools/tai_itch.mjs <tac-gia>/<goi> o repo quoc-chien
assets_source/kaykit-medieval-builder-pack/Models/tiles/hex/obj	hex_rock_roadG	CC0 1.0	node tools/tai_itch.mjs <tac-gia>/<goi> o repo quoc-chien
assets_source/kaykit-medieval-builder-pack/Models/tiles/hex/obj	hex_rock_roadG_detail	CC0 1.0	node tools/tai_itch.mjs <tac-gia>/<goi> o repo quoc-chien
assets_source/kaykit-medieval-builder-pack/Models/tiles/hex/obj	hex_rock_roadH	CC0 1.0	node tools/tai_itch.mjs <tac-gia>/<goi> o repo quoc-chien
assets_source/kaykit-medieval-builder-pack/Models/tiles/hex/obj	hex_rock_roadH_detail	CC0 1.0	node tools/tai_itch.mjs <tac-gia>/<goi> o repo quoc-chien
assets_source/kaykit-medieval-builder-pack/Models/tiles/hex/obj	hex_rock_roadI	CC0 1.0	node tools/tai_itch.mjs <tac-gia>/<goi> o repo quoc-chien
assets_source/kaykit-medieval-builder-pack/Models/tiles/hex/obj	hex_rock_roadI_detail	CC0 1.0	node tools/tai_itch.mjs <tac-gia>/<goi> o repo quoc-chien
assets_source/kaykit-medieval-builder-pack/Models/tiles/hex/obj	hex_rock_roadJ	CC0 1.0	node tools/tai_itch.mjs <tac-gia>/<goi> o repo quoc-chien
assets_source/kaykit-medieval-builder-pack/Models/tiles/hex/obj	hex_rock_roadJ_detail	CC0 1.0	node tools/tai_itch.mjs <tac-gia>/<goi> o repo quoc-chien
assets_source/kaykit-medieval-builder-pack/Models/tiles/hex/obj	hex_rock_roadK	CC0 1.0	node tools/tai_itch.mjs <tac-gia>/<goi> o repo quoc-chien
assets_source/kaykit-medieval-builder-pack/Models/tiles/hex/obj	hex_rock_roadK_detail	CC0 1.0	node tools/tai_itch.mjs <tac-gia>/<goi> o repo quoc-chien
assets_source/kaykit-medieval-builder-pack/Models/tiles/hex/obj	hex_rock_roadL	CC0 1.0	node tools/tai_itch.mjs <tac-gia>/<goi> o repo quoc-chien
assets_source/kaykit-medieval-builder-pack/Models/tiles/hex/obj	hex_rock_roadL_detail	CC0 1.0	node tools/tai_itch.mjs <tac-gia>/<goi> o repo quoc-chien
assets_source/kaykit-medieval-builder-pack/Models/tiles/hex/obj	hex_rock_roadM	CC0 1.0	node tools/tai_itch.mjs <tac-gia>/<goi> o repo quoc-chien
assets_source/kaykit-medieval-builder-pack/Models/tiles/hex/obj	hex_rock_roadM_detail	CC0 1.0	node tools/tai_itch.mjs <tac-gia>/<goi> o repo quoc-chien
assets_source/kaykit-medieval-builder-pack/Models/tiles/hex/obj	hex_rock_transitionA	CC0 1.0	node tools/tai_itch.mjs <tac-gia>/<goi> o repo quoc-chien
assets_source/kaykit-medieval-builder-pack/Models/tiles/hex/obj	hex_rock_transitionB	CC0 1.0	node tools/tai_itch.mjs <tac-gia>/<goi> o repo quoc-chien
assets_source/kaykit-medieval-builder-pack/Models/tiles/hex/obj	hex_rock_waterA	CC0 1.0	node tools/tai_itch.mjs <tac-gia>/<goi> o repo quoc-chien
assets_source/kaykit-medieval-builder-pack/Models/tiles/hex/obj	hex_rock_waterA_detail	CC0 1.0	node tools/tai_itch.mjs <tac-gia>/<goi> o repo quoc-chien
assets_source/kaykit-medieval-builder-pack/Models/tiles/hex/obj	hex_rock_waterA_empty	CC0 1.0	node tools/tai_itch.mjs <tac-gia>/<goi> o repo quoc-chien
assets_source/kaykit-medieval-builder-pack/Models/tiles/hex/obj	hex_rock_waterB	CC0 1.0	node tools/tai_itch.mjs <tac-gia>/<goi> o repo quoc-chien
assets_source/kaykit-medieval-builder-pack/Models/tiles/hex/obj	hex_rock_waterB_detail	CC0 1.0	node tools/tai_itch.mjs <tac-gia>/<goi> o repo quoc-chien
assets_source/kaykit-medieval-builder-pack/Models/tiles/hex/obj	hex_rock_waterB_empty	CC0 1.0	node tools/tai_itch.mjs <tac-gia>/<goi> o repo quoc-chien
assets_source/kaykit-medieval-builder-pack/Models/tiles/hex/obj	hex_rock_waterC	CC0 1.0	node tools/tai_itch.mjs <tac-gia>/<goi> o repo quoc-chien
assets_source/kaykit-medieval-builder-pack/Models/tiles/hex/obj	hex_rock_waterC_detail	CC0 1.0	node tools/tai_itch.mjs <tac-gia>/<goi> o repo quoc-chien
assets_source/kaykit-medieval-builder-pack/Models/tiles/hex/obj	hex_rock_waterC_empty	CC0 1.0	node tools/tai_itch.mjs <tac-gia>/<goi> o repo quoc-chien
assets_source/kaykit-medieval-builder-pack/Models/tiles/hex/obj	hex_rock_waterD	CC0 1.0	node tools/tai_itch.mjs <tac-gia>/<goi> o repo quoc-chien
assets_source/kaykit-medieval-builder-pack/Models/tiles/hex/obj	hex_rock_waterD_detail	CC0 1.0	node tools/tai_itch.mjs <tac-gia>/<goi> o repo quoc-chien
assets_source/kaykit-medieval-builder-pack/Models/tiles/hex/obj	hex_rock_waterD_empty	CC0 1.0	node tools/tai_itch.mjs <tac-gia>/<goi> o repo quoc-chien
assets_source/kaykit-medieval-builder-pack/Models/tiles/hex/obj	hex_sand	CC0 1.0	node tools/tai_itch.mjs <tac-gia>/<goi> o repo quoc-chien
assets_source/kaykit-medieval-builder-pack/Models/tiles/hex/obj	hex_sand_detail	CC0 1.0	node tools/tai_itch.mjs <tac-gia>/<goi> o repo quoc-chien
assets_source/kaykit-medieval-builder-pack/Models/tiles/hex/obj	hex_sand_roadA	CC0 1.0	node tools/tai_itch.mjs <tac-gia>/<goi> o repo quoc-chien
assets_source/kaykit-medieval-builder-pack/Models/tiles/hex/obj	hex_sand_roadA_detail	CC0 1.0	node tools/tai_itch.mjs <tac-gia>/<goi> o repo quoc-chien
assets_source/kaykit-medieval-builder-pack/Models/tiles/hex/obj	hex_sand_roadB	CC0 1.0	node tools/tai_itch.mjs <tac-gia>/<goi> o repo quoc-chien
assets_source/kaykit-medieval-builder-pack/Models/tiles/hex/obj	hex_sand_roadB_detail	CC0 1.0	node tools/tai_itch.mjs <tac-gia>/<goi> o repo quoc-chien
assets_source/kaykit-medieval-builder-pack/Models/tiles/hex/obj	hex_sand_roadC	CC0 1.0	node tools/tai_itch.mjs <tac-gia>/<goi> o repo quoc-chien
assets_source/kaykit-medieval-builder-pack/Models/tiles/hex/obj	hex_sand_roadC_detail	CC0 1.0	node tools/tai_itch.mjs <tac-gia>/<goi> o repo quoc-chien
assets_source/kaykit-medieval-builder-pack/Models/tiles/hex/obj	hex_sand_roadD	CC0 1.0	node tools/tai_itch.mjs <tac-gia>/<goi> o repo quoc-chien
assets_source/kaykit-medieval-builder-pack/Models/tiles/hex/obj	hex_sand_roadD_detail	CC0 1.0	node tools/tai_itch.mjs <tac-gia>/<goi> o repo quoc-chien
assets_source/kaykit-medieval-builder-pack/Models/tiles/hex/obj	hex_sand_roadE	CC0 1.0	node tools/tai_itch.mjs <tac-gia>/<goi> o repo quoc-chien
assets_source/kaykit-medieval-builder-pack/Models/tiles/hex/obj	hex_sand_roadE_detail	CC0 1.0	node tools/tai_itch.mjs <tac-gia>/<goi> o repo quoc-chien
assets_source/kaykit-medieval-builder-pack/Models/tiles/hex/obj	hex_sand_roadF	CC0 1.0	node tools/tai_itch.mjs <tac-gia>/<goi> o repo quoc-chien
assets_source/kaykit-medieval-builder-pack/Models/tiles/hex/obj	hex_sand_roadF_detail	CC0 1.0	node tools/tai_itch.mjs <tac-gia>/<goi> o repo quoc-chien
assets_source/kaykit-medieval-builder-pack/Models/tiles/hex/obj	hex_sand_roadG	CC0 1.0	node tools/tai_itch.mjs <tac-gia>/<goi> o repo quoc-chien
assets_source/kaykit-medieval-builder-pack/Models/tiles/hex/obj	hex_sand_roadG_detail	CC0 1.0	node tools/tai_itch.mjs <tac-gia>/<goi> o repo quoc-chien
assets_source/kaykit-medieval-builder-pack/Models/tiles/hex/obj	hex_sand_roadH	CC0 1.0	node tools/tai_itch.mjs <tac-gia>/<goi> o repo quoc-chien
assets_source/kaykit-medieval-builder-pack/Models/tiles/hex/obj	hex_sand_roadH_detail	CC0 1.0	node tools/tai_itch.mjs <tac-gia>/<goi> o repo quoc-chien
assets_source/kaykit-medieval-builder-pack/Models/tiles/hex/obj	hex_sand_roadI	CC0 1.0	node tools/tai_itch.mjs <tac-gia>/<goi> o repo quoc-chien
assets_source/kaykit-medieval-builder-pack/Models/tiles/hex/obj	hex_sand_roadI_detail	CC0 1.0	node tools/tai_itch.mjs <tac-gia>/<goi> o repo quoc-chien
assets_source/kaykit-medieval-builder-pack/Models/tiles/hex/obj	hex_sand_roadJ	CC0 1.0	node tools/tai_itch.mjs <tac-gia>/<goi> o repo quoc-chien
assets_source/kaykit-medieval-builder-pack/Models/tiles/hex/obj	hex_sand_roadJ_detail	CC0 1.0	node tools/tai_itch.mjs <tac-gia>/<goi> o repo quoc-chien
assets_source/kaykit-medieval-builder-pack/Models/tiles/hex/obj	hex_sand_roadK	CC0 1.0	node tools/tai_itch.mjs <tac-gia>/<goi> o repo quoc-chien
assets_source/kaykit-medieval-builder-pack/Models/tiles/hex/obj	hex_sand_roadK_detail	CC0 1.0	node tools/tai_itch.mjs <tac-gia>/<goi> o repo quoc-chien
assets_source/kaykit-medieval-builder-pack/Models/tiles/hex/obj	hex_sand_roadL	CC0 1.0	node tools/tai_itch.mjs <tac-gia>/<goi> o repo quoc-chien
assets_source/kaykit-medieval-builder-pack/Models/tiles/hex/obj	hex_sand_roadL_detail	CC0 1.0	node tools/tai_itch.mjs <tac-gia>/<goi> o repo quoc-chien
assets_source/kaykit-medieval-builder-pack/Models/tiles/hex/obj	hex_sand_roadM	CC0 1.0	node tools/tai_itch.mjs <tac-gia>/<goi> o repo quoc-chien
assets_source/kaykit-medieval-builder-pack/Models/tiles/hex/obj	hex_sand_roadM_detail	CC0 1.0	node tools/tai_itch.mjs <tac-gia>/<goi> o repo quoc-chien
assets_source/kaykit-medieval-builder-pack/Models/tiles/hex/obj	hex_sand_transitionA	CC0 1.0	node tools/tai_itch.mjs <tac-gia>/<goi> o repo quoc-chien
assets_source/kaykit-medieval-builder-pack/Models/tiles/hex/obj	hex_sand_transitionB	CC0 1.0	node tools/tai_itch.mjs <tac-gia>/<goi> o repo quoc-chien
assets_source/kaykit-medieval-builder-pack/Models/tiles/hex/obj	hex_sand_waterA	CC0 1.0	node tools/tai_itch.mjs <tac-gia>/<goi> o repo quoc-chien
assets_source/kaykit-medieval-builder-pack/Models/tiles/hex/obj	hex_sand_waterA_detail	CC0 1.0	node tools/tai_itch.mjs <tac-gia>/<goi> o repo quoc-chien
assets_source/kaykit-medieval-builder-pack/Models/tiles/hex/obj	hex_sand_waterA_empty	CC0 1.0	node tools/tai_itch.mjs <tac-gia>/<goi> o repo quoc-chien
assets_source/kaykit-medieval-builder-pack/Models/tiles/hex/obj	hex_sand_waterB	CC0 1.0	node tools/tai_itch.mjs <tac-gia>/<goi> o repo quoc-chien
assets_source/kaykit-medieval-builder-pack/Models/tiles/hex/obj	hex_sand_waterB_detail	CC0 1.0	node tools/tai_itch.mjs <tac-gia>/<goi> o repo quoc-chien
assets_source/kaykit-medieval-builder-pack/Models/tiles/hex/obj	hex_sand_waterB_empty	CC0 1.0	node tools/tai_itch.mjs <tac-gia>/<goi> o repo quoc-chien
assets_source/kaykit-medieval-builder-pack/Models/tiles/hex/obj	hex_sand_waterC	CC0 1.0	node tools/tai_itch.mjs <tac-gia>/<goi> o repo quoc-chien
assets_source/kaykit-medieval-builder-pack/Models/tiles/hex/obj	hex_sand_waterC_detail	CC0 1.0	node tools/tai_itch.mjs <tac-gia>/<goi> o repo quoc-chien
assets_source/kaykit-medieval-builder-pack/Models/tiles/hex/obj	hex_sand_waterC_empty	CC0 1.0	node tools/tai_itch.mjs <tac-gia>/<goi> o repo quoc-chien
assets_source/kaykit-medieval-builder-pack/Models/tiles/hex/obj	hex_sand_waterD	CC0 1.0	node tools/tai_itch.mjs <tac-gia>/<goi> o repo quoc-chien
assets_source/kaykit-medieval-builder-pack/Models/tiles/hex/obj	hex_sand_waterD_detail	CC0 1.0	node tools/tai_itch.mjs <tac-gia>/<goi> o repo quoc-chien
assets_source/kaykit-medieval-builder-pack/Models/tiles/hex/obj	hex_sand_waterD_empty	CC0 1.0	node tools/tai_itch.mjs <tac-gia>/<goi> o repo quoc-chien
assets_source/kaykit-medieval-builder-pack/Models/tiles/hex/obj	hex_water	CC0 1.0	node tools/tai_itch.mjs <tac-gia>/<goi> o repo quoc-chien
assets_source/kaykit-medieval-builder-pack/Models/tiles/hex/obj	hex_water_detail	CC0 1.0	node tools/tai_itch.mjs <tac-gia>/<goi> o repo quoc-chien
assets_source/kaykit-medieval-builder-pack/Models/tiles/square/fbx	square_forest	CC0 1.0	node tools/tai_itch.mjs <tac-gia>/<goi> o repo quoc-chien
assets_source/kaykit-medieval-builder-pack/Models/tiles/square/fbx	square_forest_detail	CC0 1.0	node tools/tai_itch.mjs <tac-gia>/<goi> o repo quoc-chien
assets_source/kaykit-medieval-builder-pack/Models/tiles/square/fbx	square_forest_roadA	CC0 1.0	node tools/tai_itch.mjs <tac-gia>/<goi> o repo quoc-chien
assets_source/kaykit-medieval-builder-pack/Models/tiles/square/fbx	square_forest_roadA_detail	CC0 1.0	node tools/tai_itch.mjs <tac-gia>/<goi> o repo quoc-chien
assets_source/kaykit-medieval-builder-pack/Models/tiles/square/fbx	square_forest_roadB	CC0 1.0	node tools/tai_itch.mjs <tac-gia>/<goi> o repo quoc-chien
assets_source/kaykit-medieval-builder-pack/Models/tiles/square/fbx	square_forest_roadB_detail	CC0 1.0	node tools/tai_itch.mjs <tac-gia>/<goi> o repo quoc-chien
assets_source/kaykit-medieval-builder-pack/Models/tiles/square/fbx	square_forest_roadC	CC0 1.0	node tools/tai_itch.mjs <tac-gia>/<goi> o repo quoc-chien
assets_source/kaykit-medieval-builder-pack/Models/tiles/square/fbx	square_forest_roadC_detail	CC0 1.0	node tools/tai_itch.mjs <tac-gia>/<goi> o repo quoc-chien
assets_source/kaykit-medieval-builder-pack/Models/tiles/square/fbx	square_forest_roadD	CC0 1.0	node tools/tai_itch.mjs <tac-gia>/<goi> o repo quoc-chien
assets_source/kaykit-medieval-builder-pack/Models/tiles/square/fbx	square_forest_roadD_detail	CC0 1.0	node tools/tai_itch.mjs <tac-gia>/<goi> o repo quoc-chien
assets_source/kaykit-medieval-builder-pack/Models/tiles/square/fbx	square_forest_roadE	CC0 1.0	node tools/tai_itch.mjs <tac-gia>/<goi> o repo quoc-chien
assets_source/kaykit-medieval-builder-pack/Models/tiles/square/fbx	square_forest_roadE_detail	CC0 1.0	node tools/tai_itch.mjs <tac-gia>/<goi> o repo quoc-chien
assets_source/kaykit-medieval-builder-pack/Models/tiles/square/fbx	square_forest_waterInnerCorner	CC0 1.0	node tools/tai_itch.mjs <tac-gia>/<goi> o repo quoc-chien
assets_source/kaykit-medieval-builder-pack/Models/tiles/square/fbx	square_forest_waterInnerCorner_empty	CC0 1.0	node tools/tai_itch.mjs <tac-gia>/<goi> o repo quoc-chien
assets_source/kaykit-medieval-builder-pack/Models/tiles/square/fbx	square_forest_waterInnerCorner_noSides	CC0 1.0	node tools/tai_itch.mjs <tac-gia>/<goi> o repo quoc-chien
assets_source/kaykit-medieval-builder-pack/Models/tiles/square/fbx	square_forest_waterOuterCorner	CC0 1.0	node tools/tai_itch.mjs <tac-gia>/<goi> o repo quoc-chien
assets_source/kaykit-medieval-builder-pack/Models/tiles/square/fbx	square_forest_waterOuterCorner_empty	CC0 1.0	node tools/tai_itch.mjs <tac-gia>/<goi> o repo quoc-chien
assets_source/kaykit-medieval-builder-pack/Models/tiles/square/fbx	square_forest_waterOuterCorner_noSides	CC0 1.0	node tools/tai_itch.mjs <tac-gia>/<goi> o repo quoc-chien
assets_source/kaykit-medieval-builder-pack/Models/tiles/square/fbx	square_forest_waterStraight	CC0 1.0	node tools/tai_itch.mjs <tac-gia>/<goi> o repo quoc-chien
assets_source/kaykit-medieval-builder-pack/Models/tiles/square/fbx	square_forest_waterStraight_empty	CC0 1.0	node tools/tai_itch.mjs <tac-gia>/<goi> o repo quoc-chien
assets_source/kaykit-medieval-builder-pack/Models/tiles/square/fbx	square_forest_waterStraight_noSides	CC0 1.0	node tools/tai_itch.mjs <tac-gia>/<goi> o repo quoc-chien
assets_source/kaykit-medieval-builder-pack/Models/tiles/square/fbx	square_rock	CC0 1.0	node tools/tai_itch.mjs <tac-gia>/<goi> o repo quoc-chien
assets_source/kaykit-medieval-builder-pack/Models/tiles/square/fbx	square_rock_detail	CC0 1.0	node tools/tai_itch.mjs <tac-gia>/<goi> o repo quoc-chien
assets_source/kaykit-medieval-builder-pack/Models/tiles/square/fbx	square_rock_roadA	CC0 1.0	node tools/tai_itch.mjs <tac-gia>/<goi> o repo quoc-chien
assets_source/kaykit-medieval-builder-pack/Models/tiles/square/fbx	square_rock_roadA_detail	CC0 1.0	node tools/tai_itch.mjs <tac-gia>/<goi> o repo quoc-chien
assets_source/kaykit-medieval-builder-pack/Models/tiles/square/fbx	square_rock_roadB	CC0 1.0	node tools/tai_itch.mjs <tac-gia>/<goi> o repo quoc-chien
assets_source/kaykit-medieval-builder-pack/Models/tiles/square/fbx	square_rock_roadB_detail	CC0 1.0	node tools/tai_itch.mjs <tac-gia>/<goi> o repo quoc-chien
assets_source/kaykit-medieval-builder-pack/Models/tiles/square/fbx	square_rock_roadC	CC0 1.0	node tools/tai_itch.mjs <tac-gia>/<goi> o repo quoc-chien
assets_source/kaykit-medieval-builder-pack/Models/tiles/square/fbx	square_rock_roadC_detail	CC0 1.0	node tools/tai_itch.mjs <tac-gia>/<goi> o repo quoc-chien
assets_source/kaykit-medieval-builder-pack/Models/tiles/square/fbx	square_rock_roadD	CC0 1.0	node tools/tai_itch.mjs <tac-gia>/<goi> o repo quoc-chien
assets_source/kaykit-medieval-builder-pack/Models/tiles/square/fbx	square_rock_roadD_detail	CC0 1.0	node tools/tai_itch.mjs <tac-gia>/<goi> o repo quoc-chien
assets_source/kaykit-medieval-builder-pack/Models/tiles/square/fbx	square_rock_roadE	CC0 1.0	node tools/tai_itch.mjs <tac-gia>/<goi> o repo quoc-chien
assets_source/kaykit-medieval-builder-pack/Models/tiles/square/fbx	square_rock_roadE_detail	CC0 1.0	node tools/tai_itch.mjs <tac-gia>/<goi> o repo quoc-chien
assets_source/kaykit-medieval-builder-pack/Models/tiles/square/fbx	square_rock_waterInnerCorner	CC0 1.0	node tools/tai_itch.mjs <tac-gia>/<goi> o repo quoc-chien
assets_source/kaykit-medieval-builder-pack/Models/tiles/square/fbx	square_rock_waterInnerCorner_empty	CC0 1.0	node tools/tai_itch.mjs <tac-gia>/<goi> o repo quoc-chien
assets_source/kaykit-medieval-builder-pack/Models/tiles/square/fbx	square_rock_waterInnerCorner_noSides	CC0 1.0	node tools/tai_itch.mjs <tac-gia>/<goi> o repo quoc-chien
assets_source/kaykit-medieval-builder-pack/Models/tiles/square/fbx	square_rock_waterOuterCorner	CC0 1.0	node tools/tai_itch.mjs <tac-gia>/<goi> o repo quoc-chien
assets_source/kaykit-medieval-builder-pack/Models/tiles/square/fbx	square_rock_waterOuterCorner_empty	CC0 1.0	node tools/tai_itch.mjs <tac-gia>/<goi> o repo quoc-chien
assets_source/kaykit-medieval-builder-pack/Models/tiles/square/fbx	square_rock_waterOuterCorner_noSides	CC0 1.0	node tools/tai_itch.mjs <tac-gia>/<goi> o repo quoc-chien
assets_source/kaykit-medieval-builder-pack/Models/tiles/square/fbx	square_rock_waterStraight	CC0 1.0	node tools/tai_itch.mjs <tac-gia>/<goi> o repo quoc-chien
assets_source/kaykit-medieval-builder-pack/Models/tiles/square/fbx	square_rock_waterStraight_empty	CC0 1.0	node tools/tai_itch.mjs <tac-gia>/<goi> o repo quoc-chien
assets_source/kaykit-medieval-builder-pack/Models/tiles/square/fbx	square_rock_waterStraight_noSides	CC0 1.0	node tools/tai_itch.mjs <tac-gia>/<goi> o repo quoc-chien
assets_source/kaykit-medieval-builder-pack/Models/tiles/square/fbx	square_sand	CC0 1.0	node tools/tai_itch.mjs <tac-gia>/<goi> o repo quoc-chien
assets_source/kaykit-medieval-builder-pack/Models/tiles/square/fbx	square_sand_detail	CC0 1.0	node tools/tai_itch.mjs <tac-gia>/<goi> o repo quoc-chien
assets_source/kaykit-medieval-builder-pack/Models/tiles/square/fbx	square_sand_roadA	CC0 1.0	node tools/tai_itch.mjs <tac-gia>/<goi> o repo quoc-chien
assets_source/kaykit-medieval-builder-pack/Models/tiles/square/fbx	square_sand_roadA_detail	CC0 1.0	node tools/tai_itch.mjs <tac-gia>/<goi> o repo quoc-chien
assets_source/kaykit-medieval-builder-pack/Models/tiles/square/fbx	square_sand_roadB	CC0 1.0	node tools/tai_itch.mjs <tac-gia>/<goi> o repo quoc-chien
assets_source/kaykit-medieval-builder-pack/Models/tiles/square/fbx	square_sand_roadB_detail	CC0 1.0	node tools/tai_itch.mjs <tac-gia>/<goi> o repo quoc-chien
assets_source/kaykit-medieval-builder-pack/Models/tiles/square/fbx	square_sand_roadC	CC0 1.0	node tools/tai_itch.mjs <tac-gia>/<goi> o repo quoc-chien
assets_source/kaykit-medieval-builder-pack/Models/tiles/square/fbx	square_sand_roadC_detail	CC0 1.0	node tools/tai_itch.mjs <tac-gia>/<goi> o repo quoc-chien
assets_source/kaykit-medieval-builder-pack/Models/tiles/square/fbx	square_sand_roadD	CC0 1.0	node tools/tai_itch.mjs <tac-gia>/<goi> o repo quoc-chien
assets_source/kaykit-medieval-builder-pack/Models/tiles/square/fbx	square_sand_roadD_detail	CC0 1.0	node tools/tai_itch.mjs <tac-gia>/<goi> o repo quoc-chien
assets_source/kaykit-medieval-builder-pack/Models/tiles/square/fbx	square_sand_roadE	CC0 1.0	node tools/tai_itch.mjs <tac-gia>/<goi> o repo quoc-chien
assets_source/kaykit-medieval-builder-pack/Models/tiles/square/fbx	square_sand_roadE_detail	CC0 1.0	node tools/tai_itch.mjs <tac-gia>/<goi> o repo quoc-chien
assets_source/kaykit-medieval-builder-pack/Models/tiles/square/fbx	square_sand_waterInnerCorner	CC0 1.0	node tools/tai_itch.mjs <tac-gia>/<goi> o repo quoc-chien
assets_source/kaykit-medieval-builder-pack/Models/tiles/square/fbx	square_sand_waterInnerCorner_empty	CC0 1.0	node tools/tai_itch.mjs <tac-gia>/<goi> o repo quoc-chien
assets_source/kaykit-medieval-builder-pack/Models/tiles/square/fbx	square_sand_waterInnerCorner_noSides	CC0 1.0	node tools/tai_itch.mjs <tac-gia>/<goi> o repo quoc-chien
assets_source/kaykit-medieval-builder-pack/Models/tiles/square/fbx	square_sand_waterOuterCorner	CC0 1.0	node tools/tai_itch.mjs <tac-gia>/<goi> o repo quoc-chien
assets_source/kaykit-medieval-builder-pack/Models/tiles/square/fbx	square_sand_waterOuterCorner_empty	CC0 1.0	node tools/tai_itch.mjs <tac-gia>/<goi> o repo quoc-chien
assets_source/kaykit-medieval-builder-pack/Models/tiles/square/fbx	square_sand_waterOuterCorner_noSides	CC0 1.0	node tools/tai_itch.mjs <tac-gia>/<goi> o repo quoc-chien
assets_source/kaykit-medieval-builder-pack/Models/tiles/square/fbx	square_sand_waterStraight	CC0 1.0	node tools/tai_itch.mjs <tac-gia>/<goi> o repo quoc-chien
assets_source/kaykit-medieval-builder-pack/Models/tiles/square/fbx	square_sand_waterStraight_empty	CC0 1.0	node tools/tai_itch.mjs <tac-gia>/<goi> o repo quoc-chien
assets_source/kaykit-medieval-builder-pack/Models/tiles/square/fbx	square_sand_waterStraight_noSides	CC0 1.0	node tools/tai_itch.mjs <tac-gia>/<goi> o repo quoc-chien
assets_source/kaykit-medieval-builder-pack/Models/tiles/square/fbx	square_water	CC0 1.0	node tools/tai_itch.mjs <tac-gia>/<goi> o repo quoc-chien
assets_source/kaykit-medieval-builder-pack/Models/tiles/square/fbx	square_water_detail	CC0 1.0	node tools/tai_itch.mjs <tac-gia>/<goi> o repo quoc-chien
assets_source/kaykit-medieval-builder-pack/Models/tiles/square/fbx	square_water_detail_empty	CC0 1.0	node tools/tai_itch.mjs <tac-gia>/<goi> o repo quoc-chien
assets_source/kaykit-medieval-builder-pack/Models/tiles/square/fbx	square_water_detail_noSides	CC0 1.0	node tools/tai_itch.mjs <tac-gia>/<goi> o repo quoc-chien
assets_source/kaykit-medieval-builder-pack/Models/tiles/square/fbx	square_water_empty	CC0 1.0	node tools/tai_itch.mjs <tac-gia>/<goi> o repo quoc-chien
assets_source/kaykit-medieval-builder-pack/Models/tiles/square/gltf	square_forest.gltf	CC0 1.0	node tools/tai_itch.mjs <tac-gia>/<goi> o repo quoc-chien
assets_source/kaykit-medieval-builder-pack/Models/tiles/square/gltf	square_forest_detail.gltf	CC0 1.0	node tools/tai_itch.mjs <tac-gia>/<goi> o repo quoc-chien
assets_source/kaykit-medieval-builder-pack/Models/tiles/square/gltf	square_forest_roadA.gltf	CC0 1.0	node tools/tai_itch.mjs <tac-gia>/<goi> o repo quoc-chien
assets_source/kaykit-medieval-builder-pack/Models/tiles/square/gltf	square_forest_roadA_detail.gltf	CC0 1.0	node tools/tai_itch.mjs <tac-gia>/<goi> o repo quoc-chien
assets_source/kaykit-medieval-builder-pack/Models/tiles/square/gltf	square_forest_roadB.gltf	CC0 1.0	node tools/tai_itch.mjs <tac-gia>/<goi> o repo quoc-chien
assets_source/kaykit-medieval-builder-pack/Models/tiles/square/gltf	square_forest_roadB_detail.gltf	CC0 1.0	node tools/tai_itch.mjs <tac-gia>/<goi> o repo quoc-chien
assets_source/kaykit-medieval-builder-pack/Models/tiles/square/gltf	square_forest_roadC.gltf	CC0 1.0	node tools/tai_itch.mjs <tac-gia>/<goi> o repo quoc-chien
assets_source/kaykit-medieval-builder-pack/Models/tiles/square/gltf	square_forest_roadC_detail.gltf	CC0 1.0	node tools/tai_itch.mjs <tac-gia>/<goi> o repo quoc-chien
assets_source/kaykit-medieval-builder-pack/Models/tiles/square/gltf	square_forest_roadD.gltf	CC0 1.0	node tools/tai_itch.mjs <tac-gia>/<goi> o repo quoc-chien
assets_source/kaykit-medieval-builder-pack/Models/tiles/square/gltf	square_forest_roadD_detail.gltf	CC0 1.0	node tools/tai_itch.mjs <tac-gia>/<goi> o repo quoc-chien
assets_source/kaykit-medieval-builder-pack/Models/tiles/square/gltf	square_forest_roadE.gltf	CC0 1.0	node tools/tai_itch.mjs <tac-gia>/<goi> o repo quoc-chien
assets_source/kaykit-medieval-builder-pack/Models/tiles/square/gltf	square_forest_roadE_detail.gltf	CC0 1.0	node tools/tai_itch.mjs <tac-gia>/<goi> o repo quoc-chien
assets_source/kaykit-medieval-builder-pack/Models/tiles/square/gltf	square_forest_waterInnerCorner.gltf	CC0 1.0	node tools/tai_itch.mjs <tac-gia>/<goi> o repo quoc-chien
assets_source/kaykit-medieval-builder-pack/Models/tiles/square/gltf	square_forest_waterInnerCorner_empty.gltf	CC0 1.0	node tools/tai_itch.mjs <tac-gia>/<goi> o repo quoc-chien
assets_source/kaykit-medieval-builder-pack/Models/tiles/square/gltf	square_forest_waterInnerCorner_noSides.gltf	CC0 1.0	node tools/tai_itch.mjs <tac-gia>/<goi> o repo quoc-chien
assets_source/kaykit-medieval-builder-pack/Models/tiles/square/gltf	square_forest_waterOuterCorner.gltf	CC0 1.0	node tools/tai_itch.mjs <tac-gia>/<goi> o repo quoc-chien
assets_source/kaykit-medieval-builder-pack/Models/tiles/square/gltf	square_forest_waterOuterCorner_empty.gltf	CC0 1.0	node tools/tai_itch.mjs <tac-gia>/<goi> o repo quoc-chien
assets_source/kaykit-medieval-builder-pack/Models/tiles/square/gltf	square_forest_waterOuterCorner_noSides.gltf	CC0 1.0	node tools/tai_itch.mjs <tac-gia>/<goi> o repo quoc-chien
assets_source/kaykit-medieval-builder-pack/Models/tiles/square/gltf	square_forest_waterStraight.gltf	CC0 1.0	node tools/tai_itch.mjs <tac-gia>/<goi> o repo quoc-chien
assets_source/kaykit-medieval-builder-pack/Models/tiles/square/gltf	square_forest_waterStraight_empty.gltf	CC0 1.0	node tools/tai_itch.mjs <tac-gia>/<goi> o repo quoc-chien
assets_source/kaykit-medieval-builder-pack/Models/tiles/square/gltf	square_forest_waterStraight_noSides.gltf	CC0 1.0	node tools/tai_itch.mjs <tac-gia>/<goi> o repo quoc-chien
assets_source/kaykit-medieval-builder-pack/Models/tiles/square/gltf	square_rock.gltf	CC0 1.0	node tools/tai_itch.mjs <tac-gia>/<goi> o repo quoc-chien
assets_source/kaykit-medieval-builder-pack/Models/tiles/square/gltf	square_rock_detail.gltf	CC0 1.0	node tools/tai_itch.mjs <tac-gia>/<goi> o repo quoc-chien
assets_source/kaykit-medieval-builder-pack/Models/tiles/square/gltf	square_rock_roadA.gltf	CC0 1.0	node tools/tai_itch.mjs <tac-gia>/<goi> o repo quoc-chien
assets_source/kaykit-medieval-builder-pack/Models/tiles/square/gltf	square_rock_roadA_detail.gltf	CC0 1.0	node tools/tai_itch.mjs <tac-gia>/<goi> o repo quoc-chien
assets_source/kaykit-medieval-builder-pack/Models/tiles/square/gltf	square_rock_roadB.gltf	CC0 1.0	node tools/tai_itch.mjs <tac-gia>/<goi> o repo quoc-chien
assets_source/kaykit-medieval-builder-pack/Models/tiles/square/gltf	square_rock_roadB_detail.gltf	CC0 1.0	node tools/tai_itch.mjs <tac-gia>/<goi> o repo quoc-chien
assets_source/kaykit-medieval-builder-pack/Models/tiles/square/gltf	square_rock_roadC.gltf	CC0 1.0	node tools/tai_itch.mjs <tac-gia>/<goi> o repo quoc-chien
assets_source/kaykit-medieval-builder-pack/Models/tiles/square/gltf	square_rock_roadC_detail.gltf	CC0 1.0	node tools/tai_itch.mjs <tac-gia>/<goi> o repo quoc-chien
assets_source/kaykit-medieval-builder-pack/Models/tiles/square/gltf	square_rock_roadD.gltf	CC0 1.0	node tools/tai_itch.mjs <tac-gia>/<goi> o repo quoc-chien
assets_source/kaykit-medieval-builder-pack/Models/tiles/square/gltf	square_rock_roadD_detail.gltf	CC0 1.0	node tools/tai_itch.mjs <tac-gia>/<goi> o repo quoc-chien
assets_source/kaykit-medieval-builder-pack/Models/tiles/square/gltf	square_rock_roadE.gltf	CC0 1.0	node tools/tai_itch.mjs <tac-gia>/<goi> o repo quoc-chien
assets_source/kaykit-medieval-builder-pack/Models/tiles/square/gltf	square_rock_roadE_detail.gltf	CC0 1.0	node tools/tai_itch.mjs <tac-gia>/<goi> o repo quoc-chien
assets_source/kaykit-medieval-builder-pack/Models/tiles/square/gltf	square_rock_waterInnerCorner.gltf	CC0 1.0	node tools/tai_itch.mjs <tac-gia>/<goi> o repo quoc-chien
assets_source/kaykit-medieval-builder-pack/Models/tiles/square/gltf	square_rock_waterInnerCorner_empty.gltf	CC0 1.0	node tools/tai_itch.mjs <tac-gia>/<goi> o repo quoc-chien
assets_source/kaykit-medieval-builder-pack/Models/tiles/square/gltf	square_rock_waterInnerCorner_noSides.gltf	CC0 1.0	node tools/tai_itch.mjs <tac-gia>/<goi> o repo quoc-chien
assets_source/kaykit-medieval-builder-pack/Models/tiles/square/gltf	square_rock_waterOuterCorner.gltf	CC0 1.0	node tools/tai_itch.mjs <tac-gia>/<goi> o repo quoc-chien
assets_source/kaykit-medieval-builder-pack/Models/tiles/square/gltf	square_rock_waterOuterCorner_empty.gltf	CC0 1.0	node tools/tai_itch.mjs <tac-gia>/<goi> o repo quoc-chien
assets_source/kaykit-medieval-builder-pack/Models/tiles/square/gltf	square_rock_waterOuterCorner_noSides.gltf	CC0 1.0	node tools/tai_itch.mjs <tac-gia>/<goi> o repo quoc-chien
assets_source/kaykit-medieval-builder-pack/Models/tiles/square/gltf	square_rock_waterStraight.gltf	CC0 1.0	node tools/tai_itch.mjs <tac-gia>/<goi> o repo quoc-chien
assets_source/kaykit-medieval-builder-pack/Models/tiles/square/gltf	square_rock_waterStraight_empty.gltf	CC0 1.0	node tools/tai_itch.mjs <tac-gia>/<goi> o repo quoc-chien
assets_source/kaykit-medieval-builder-pack/Models/tiles/square/gltf	square_rock_waterStraight_noSides.gltf	CC0 1.0	node tools/tai_itch.mjs <tac-gia>/<goi> o repo quoc-chien
assets_source/kaykit-medieval-builder-pack/Models/tiles/square/gltf	square_sand.gltf	CC0 1.0	node tools/tai_itch.mjs <tac-gia>/<goi> o repo quoc-chien
assets_source/kaykit-medieval-builder-pack/Models/tiles/square/gltf	square_sand_detail.gltf	CC0 1.0	node tools/tai_itch.mjs <tac-gia>/<goi> o repo quoc-chien
assets_source/kaykit-medieval-builder-pack/Models/tiles/square/gltf	square_sand_roadA.gltf	CC0 1.0	node tools/tai_itch.mjs <tac-gia>/<goi> o repo quoc-chien
assets_source/kaykit-medieval-builder-pack/Models/tiles/square/gltf	square_sand_roadA_detail.gltf	CC0 1.0	node tools/tai_itch.mjs <tac-gia>/<goi> o repo quoc-chien
assets_source/kaykit-medieval-builder-pack/Models/tiles/square/gltf	square_sand_roadB.gltf	CC0 1.0	node tools/tai_itch.mjs <tac-gia>/<goi> o repo quoc-chien
assets_source/kaykit-medieval-builder-pack/Models/tiles/square/gltf	square_sand_roadB_detail.gltf	CC0 1.0	node tools/tai_itch.mjs <tac-gia>/<goi> o repo quoc-chien
assets_source/kaykit-medieval-builder-pack/Models/tiles/square/gltf	square_sand_roadC.gltf	CC0 1.0	node tools/tai_itch.mjs <tac-gia>/<goi> o repo quoc-chien
assets_source/kaykit-medieval-builder-pack/Models/tiles/square/gltf	square_sand_roadC_detail.gltf	CC0 1.0	node tools/tai_itch.mjs <tac-gia>/<goi> o repo quoc-chien
assets_source/kaykit-medieval-builder-pack/Models/tiles/square/gltf	square_sand_roadD.gltf	CC0 1.0	node tools/tai_itch.mjs <tac-gia>/<goi> o repo quoc-chien
assets_source/kaykit-medieval-builder-pack/Models/tiles/square/gltf	square_sand_roadD_detail.gltf	CC0 1.0	node tools/tai_itch.mjs <tac-gia>/<goi> o repo quoc-chien
assets_source/kaykit-medieval-builder-pack/Models/tiles/square/gltf	square_sand_roadE.gltf	CC0 1.0	node tools/tai_itch.mjs <tac-gia>/<goi> o repo quoc-chien
assets_source/kaykit-medieval-builder-pack/Models/tiles/square/gltf	square_sand_roadE_detail.gltf	CC0 1.0	node tools/tai_itch.mjs <tac-gia>/<goi> o repo quoc-chien
assets_source/kaykit-medieval-builder-pack/Models/tiles/square/gltf	square_sand_waterInnerCorner.gltf	CC0 1.0	node tools/tai_itch.mjs <tac-gia>/<goi> o repo quoc-chien
assets_source/kaykit-medieval-builder-pack/Models/tiles/square/gltf	square_sand_waterInnerCorner_empty.gltf	CC0 1.0	node tools/tai_itch.mjs <tac-gia>/<goi> o repo quoc-chien
assets_source/kaykit-medieval-builder-pack/Models/tiles/square/gltf	square_sand_waterInnerCorner_noSides.gltf	CC0 1.0	node tools/tai_itch.mjs <tac-gia>/<goi> o repo quoc-chien
assets_source/kaykit-medieval-builder-pack/Models/tiles/square/gltf	square_sand_waterOuterCorner.gltf	CC0 1.0	node tools/tai_itch.mjs <tac-gia>/<goi> o repo quoc-chien
assets_source/kaykit-medieval-builder-pack/Models/tiles/square/gltf	square_sand_waterOuterCorner_empty.gltf	CC0 1.0	node tools/tai_itch.mjs <tac-gia>/<goi> o repo quoc-chien
assets_source/kaykit-medieval-builder-pack/Models/tiles/square/gltf	square_sand_waterOuterCorner_noSides.gltf	CC0 1.0	node tools/tai_itch.mjs <tac-gia>/<goi> o repo quoc-chien
assets_source/kaykit-medieval-builder-pack/Models/tiles/square/gltf	square_sand_waterStraight.gltf	CC0 1.0	node tools/tai_itch.mjs <tac-gia>/<goi> o repo quoc-chien
assets_source/kaykit-medieval-builder-pack/Models/tiles/square/gltf	square_sand_waterStraight_empty.gltf	CC0 1.0	node tools/tai_itch.mjs <tac-gia>/<goi> o repo quoc-chien
assets_source/kaykit-medieval-builder-pack/Models/tiles/square/gltf	square_sand_waterStraight_noSides.gltf	CC0 1.0	node tools/tai_itch.mjs <tac-gia>/<goi> o repo quoc-chien
assets_source/kaykit-medieval-builder-pack/Models/tiles/square/gltf	square_water.gltf	CC0 1.0	node tools/tai_itch.mjs <tac-gia>/<goi> o repo quoc-chien
assets_source/kaykit-medieval-builder-pack/Models/tiles/square/gltf	square_water_detail.gltf	CC0 1.0	node tools/tai_itch.mjs <tac-gia>/<goi> o repo quoc-chien
assets_source/kaykit-medieval-builder-pack/Models/tiles/square/gltf	square_water_detail_empty.gltf	CC0 1.0	node tools/tai_itch.mjs <tac-gia>/<goi> o repo quoc-chien
assets_source/kaykit-medieval-builder-pack/Models/tiles/square/gltf	square_water_detail_noSides.gltf	CC0 1.0	node tools/tai_itch.mjs <tac-gia>/<goi> o repo quoc-chien
assets_source/kaykit-medieval-builder-pack/Models/tiles/square/gltf	square_water_empty.gltf	CC0 1.0	node tools/tai_itch.mjs <tac-gia>/<goi> o repo quoc-chien
assets_source/kaykit-medieval-builder-pack/Models/tiles/square/obj	square_forest	CC0 1.0	node tools/tai_itch.mjs <tac-gia>/<goi> o repo quoc-chien
assets_source/kaykit-medieval-builder-pack/Models/tiles/square/obj	square_forest_detail	CC0 1.0	node tools/tai_itch.mjs <tac-gia>/<goi> o repo quoc-chien
assets_source/kaykit-medieval-builder-pack/Models/tiles/square/obj	square_forest_roadA	CC0 1.0	node tools/tai_itch.mjs <tac-gia>/<goi> o repo quoc-chien
assets_source/kaykit-medieval-builder-pack/Models/tiles/square/obj	square_forest_roadA_detail	CC0 1.0	node tools/tai_itch.mjs <tac-gia>/<goi> o repo quoc-chien
assets_source/kaykit-medieval-builder-pack/Models/tiles/square/obj	square_forest_roadB	CC0 1.0	node tools/tai_itch.mjs <tac-gia>/<goi> o repo quoc-chien
assets_source/kaykit-medieval-builder-pack/Models/tiles/square/obj	square_forest_roadB_detail	CC0 1.0	node tools/tai_itch.mjs <tac-gia>/<goi> o repo quoc-chien
assets_source/kaykit-medieval-builder-pack/Models/tiles/square/obj	square_forest_roadC	CC0 1.0	node tools/tai_itch.mjs <tac-gia>/<goi> o repo quoc-chien
assets_source/kaykit-medieval-builder-pack/Models/tiles/square/obj	square_forest_roadC_detail	CC0 1.0	node tools/tai_itch.mjs <tac-gia>/<goi> o repo quoc-chien
assets_source/kaykit-medieval-builder-pack/Models/tiles/square/obj	square_forest_roadD	CC0 1.0	node tools/tai_itch.mjs <tac-gia>/<goi> o repo quoc-chien
assets_source/kaykit-medieval-builder-pack/Models/tiles/square/obj	square_forest_roadD_detail	CC0 1.0	node tools/tai_itch.mjs <tac-gia>/<goi> o repo quoc-chien
assets_source/kaykit-medieval-builder-pack/Models/tiles/square/obj	square_forest_roadE	CC0 1.0	node tools/tai_itch.mjs <tac-gia>/<goi> o repo quoc-chien
assets_source/kaykit-medieval-builder-pack/Models/tiles/square/obj	square_forest_roadE_detail	CC0 1.0	node tools/tai_itch.mjs <tac-gia>/<goi> o repo quoc-chien
assets_source/kaykit-medieval-builder-pack/Models/tiles/square/obj	square_forest_waterInnerCorner	CC0 1.0	node tools/tai_itch.mjs <tac-gia>/<goi> o repo quoc-chien
assets_source/kaykit-medieval-builder-pack/Models/tiles/square/obj	square_forest_waterInnerCorner_empty	CC0 1.0	node tools/tai_itch.mjs <tac-gia>/<goi> o repo quoc-chien
assets_source/kaykit-medieval-builder-pack/Models/tiles/square/obj	square_forest_waterInnerCorner_noSides	CC0 1.0	node tools/tai_itch.mjs <tac-gia>/<goi> o repo quoc-chien
assets_source/kaykit-medieval-builder-pack/Models/tiles/square/obj	square_forest_waterOuterCorner	CC0 1.0	node tools/tai_itch.mjs <tac-gia>/<goi> o repo quoc-chien
assets_source/kaykit-medieval-builder-pack/Models/tiles/square/obj	square_forest_waterOuterCorner_empty	CC0 1.0	node tools/tai_itch.mjs <tac-gia>/<goi> o repo quoc-chien
assets_source/kaykit-medieval-builder-pack/Models/tiles/square/obj	square_forest_waterOuterCorner_noSides	CC0 1.0	node tools/tai_itch.mjs <tac-gia>/<goi> o repo quoc-chien
assets_source/kaykit-medieval-builder-pack/Models/tiles/square/obj	square_forest_waterStraight	CC0 1.0	node tools/tai_itch.mjs <tac-gia>/<goi> o repo quoc-chien
assets_source/kaykit-medieval-builder-pack/Models/tiles/square/obj	square_forest_waterStraight_empty	CC0 1.0	node tools/tai_itch.mjs <tac-gia>/<goi> o repo quoc-chien
assets_source/kaykit-medieval-builder-pack/Models/tiles/square/obj	square_forest_waterStraight_noSides	CC0 1.0	node tools/tai_itch.mjs <tac-gia>/<goi> o repo quoc-chien
assets_source/kaykit-medieval-builder-pack/Models/tiles/square/obj	square_rock	CC0 1.0	node tools/tai_itch.mjs <tac-gia>/<goi> o repo quoc-chien
assets_source/kaykit-medieval-builder-pack/Models/tiles/square/obj	square_rock_detail	CC0 1.0	node tools/tai_itch.mjs <tac-gia>/<goi> o repo quoc-chien
assets_source/kaykit-medieval-builder-pack/Models/tiles/square/obj	square_rock_roadA	CC0 1.0	node tools/tai_itch.mjs <tac-gia>/<goi> o repo quoc-chien
assets_source/kaykit-medieval-builder-pack/Models/tiles/square/obj	square_rock_roadA_detail	CC0 1.0	node tools/tai_itch.mjs <tac-gia>/<goi> o repo quoc-chien
assets_source/kaykit-medieval-builder-pack/Models/tiles/square/obj	square_rock_roadB	CC0 1.0	node tools/tai_itch.mjs <tac-gia>/<goi> o repo quoc-chien
assets_source/kaykit-medieval-builder-pack/Models/tiles/square/obj	square_rock_roadB_detail	CC0 1.0	node tools/tai_itch.mjs <tac-gia>/<goi> o repo quoc-chien
assets_source/kaykit-medieval-builder-pack/Models/tiles/square/obj	square_rock_roadC	CC0 1.0	node tools/tai_itch.mjs <tac-gia>/<goi> o repo quoc-chien
assets_source/kaykit-medieval-builder-pack/Models/tiles/square/obj	square_rock_roadC_detail	CC0 1.0	node tools/tai_itch.mjs <tac-gia>/<goi> o repo quoc-chien
assets_source/kaykit-medieval-builder-pack/Models/tiles/square/obj	square_rock_roadD	CC0 1.0	node tools/tai_itch.mjs <tac-gia>/<goi> o repo quoc-chien
assets_source/kaykit-medieval-builder-pack/Models/tiles/square/obj	square_rock_roadD_detail	CC0 1.0	node tools/tai_itch.mjs <tac-gia>/<goi> o repo quoc-chien
assets_source/kaykit-medieval-builder-pack/Models/tiles/square/obj	square_rock_roadE	CC0 1.0	node tools/tai_itch.mjs <tac-gia>/<goi> o repo quoc-chien
assets_source/kaykit-medieval-builder-pack/Models/tiles/square/obj	square_rock_roadE_detail	CC0 1.0	node tools/tai_itch.mjs <tac-gia>/<goi> o repo quoc-chien
assets_source/kaykit-medieval-builder-pack/Models/tiles/square/obj	square_rock_waterInnerCorner	CC0 1.0	node tools/tai_itch.mjs <tac-gia>/<goi> o repo quoc-chien
assets_source/kaykit-medieval-builder-pack/Models/tiles/square/obj	square_rock_waterInnerCorner_empty	CC0 1.0	node tools/tai_itch.mjs <tac-gia>/<goi> o repo quoc-chien
assets_source/kaykit-medieval-builder-pack/Models/tiles/square/obj	square_rock_waterInnerCorner_noSides	CC0 1.0	node tools/tai_itch.mjs <tac-gia>/<goi> o repo quoc-chien
assets_source/kaykit-medieval-builder-pack/Models/tiles/square/obj	square_rock_waterOuterCorner	CC0 1.0	node tools/tai_itch.mjs <tac-gia>/<goi> o repo quoc-chien
assets_source/kaykit-medieval-builder-pack/Models/tiles/square/obj	square_rock_waterOuterCorner_empty	CC0 1.0	node tools/tai_itch.mjs <tac-gia>/<goi> o repo quoc-chien
assets_source/kaykit-medieval-builder-pack/Models/tiles/square/obj	square_rock_waterOuterCorner_noSides	CC0 1.0	node tools/tai_itch.mjs <tac-gia>/<goi> o repo quoc-chien
assets_source/kaykit-medieval-builder-pack/Models/tiles/square/obj	square_rock_waterStraight	CC0 1.0	node tools/tai_itch.mjs <tac-gia>/<goi> o repo quoc-chien
assets_source/kaykit-medieval-builder-pack/Models/tiles/square/obj	square_rock_waterStraight_empty	CC0 1.0	node tools/tai_itch.mjs <tac-gia>/<goi> o repo quoc-chien
assets_source/kaykit-medieval-builder-pack/Models/tiles/square/obj	square_rock_waterStraight_noSides	CC0 1.0	node tools/tai_itch.mjs <tac-gia>/<goi> o repo quoc-chien
assets_source/kaykit-medieval-builder-pack/Models/tiles/square/obj	square_sand	CC0 1.0	node tools/tai_itch.mjs <tac-gia>/<goi> o repo quoc-chien
assets_source/kaykit-medieval-builder-pack/Models/tiles/square/obj	square_sand_detail	CC0 1.0	node tools/tai_itch.mjs <tac-gia>/<goi> o repo quoc-chien
assets_source/kaykit-medieval-builder-pack/Models/tiles/square/obj	square_sand_roadA	CC0 1.0	node tools/tai_itch.mjs <tac-gia>/<goi> o repo quoc-chien
assets_source/kaykit-medieval-builder-pack/Models/tiles/square/obj	square_sand_roadA_detail	CC0 1.0	node tools/tai_itch.mjs <tac-gia>/<goi> o repo quoc-chien
assets_source/kaykit-medieval-builder-pack/Models/tiles/square/obj	square_sand_roadB	CC0 1.0	node tools/tai_itch.mjs <tac-gia>/<goi> o repo quoc-chien
assets_source/kaykit-medieval-builder-pack/Models/tiles/square/obj	square_sand_roadB_detail	CC0 1.0	node tools/tai_itch.mjs <tac-gia>/<goi> o repo quoc-chien
assets_source/kaykit-medieval-builder-pack/Models/tiles/square/obj	square_sand_roadC	CC0 1.0	node tools/tai_itch.mjs <tac-gia>/<goi> o repo quoc-chien
assets_source/kaykit-medieval-builder-pack/Models/tiles/square/obj	square_sand_roadC_detail	CC0 1.0	node tools/tai_itch.mjs <tac-gia>/<goi> o repo quoc-chien
assets_source/kaykit-medieval-builder-pack/Models/tiles/square/obj	square_sand_roadD	CC0 1.0	node tools/tai_itch.mjs <tac-gia>/<goi> o repo quoc-chien
assets_source/kaykit-medieval-builder-pack/Models/tiles/square/obj	square_sand_roadD_detail	CC0 1.0	node tools/tai_itch.mjs <tac-gia>/<goi> o repo quoc-chien
assets_source/kaykit-medieval-builder-pack/Models/tiles/square/obj	square_sand_roadE	CC0 1.0	node tools/tai_itch.mjs <tac-gia>/<goi> o repo quoc-chien
assets_source/kaykit-medieval-builder-pack/Models/tiles/square/obj	square_sand_roadE_detail	CC0 1.0	node tools/tai_itch.mjs <tac-gia>/<goi> o repo quoc-chien
assets_source/kaykit-medieval-builder-pack/Models/tiles/square/obj	square_sand_waterInnerCorner	CC0 1.0	node tools/tai_itch.mjs <tac-gia>/<goi> o repo quoc-chien
assets_source/kaykit-medieval-builder-pack/Models/tiles/square/obj	square_sand_waterInnerCorner_empty	CC0 1.0	node tools/tai_itch.mjs <tac-gia>/<goi> o repo quoc-chien
assets_source/kaykit-medieval-builder-pack/Models/tiles/square/obj	square_sand_waterInnerCorner_noSides	CC0 1.0	node tools/tai_itch.mjs <tac-gia>/<goi> o repo quoc-chien
assets_source/kaykit-medieval-builder-pack/Models/tiles/square/obj	square_sand_waterOuterCorner	CC0 1.0	node tools/tai_itch.mjs <tac-gia>/<goi> o repo quoc-chien
assets_source/kaykit-medieval-builder-pack/Models/tiles/square/obj	square_sand_waterOuterCorner_empty	CC0 1.0	node tools/tai_itch.mjs <tac-gia>/<goi> o repo quoc-chien
assets_source/kaykit-medieval-builder-pack/Models/tiles/square/obj	square_sand_waterOuterCorner_noSides	CC0 1.0	node tools/tai_itch.mjs <tac-gia>/<goi> o repo quoc-chien
assets_source/kaykit-medieval-builder-pack/Models/tiles/square/obj	square_sand_waterStraight	CC0 1.0	node tools/tai_itch.mjs <tac-gia>/<goi> o repo quoc-chien
assets_source/kaykit-medieval-builder-pack/Models/tiles/square/obj	square_sand_waterStraight_empty	CC0 1.0	node tools/tai_itch.mjs <tac-gia>/<goi> o repo quoc-chien
assets_source/kaykit-medieval-builder-pack/Models/tiles/square/obj	square_sand_waterStraight_noSides	CC0 1.0	node tools/tai_itch.mjs <tac-gia>/<goi> o repo quoc-chien
assets_source/kaykit-medieval-builder-pack/Models/tiles/square/obj	square_water	CC0 1.0	node tools/tai_itch.mjs <tac-gia>/<goi> o repo quoc-chien
assets_source/kaykit-medieval-builder-pack/Models/tiles/square/obj	square_water_detail	CC0 1.0	node tools/tai_itch.mjs <tac-gia>/<goi> o repo quoc-chien
assets_source/kaykit-medieval-builder-pack/Models/tiles/square/obj	square_water_detail_empty	CC0 1.0	node tools/tai_itch.mjs <tac-gia>/<goi> o repo quoc-chien
assets_source/kaykit-medieval-builder-pack/Models/tiles/square/obj	square_water_detail_noSides	CC0 1.0	node tools/tai_itch.mjs <tac-gia>/<goi> o repo quoc-chien
assets_source/kaykit-medieval-builder-pack/Models/tiles/square/obj	square_water_empty	CC0 1.0	node tools/tai_itch.mjs <tac-gia>/<goi> o repo quoc-chien
assets_source/kaykit-medieval-hexagon/KayKit_Medieval_Hexagon_Pack_1.0_FREE/Assets/fbx/buildings/blue	building_archeryrange_blue	CC0 1.0	node tools/tai_itch.mjs <tac-gia>/<goi> o repo quoc-chien
assets_source/kaykit-medieval-hexagon/KayKit_Medieval_Hexagon_Pack_1.0_FREE/Assets/fbx/buildings/blue	building_barracks_blue	CC0 1.0	node tools/tai_itch.mjs <tac-gia>/<goi> o repo quoc-chien
assets_source/kaykit-medieval-hexagon/KayKit_Medieval_Hexagon_Pack_1.0_FREE/Assets/fbx/buildings/blue	building_blacksmith_blue	CC0 1.0	node tools/tai_itch.mjs <tac-gia>/<goi> o repo quoc-chien
assets_source/kaykit-medieval-hexagon/KayKit_Medieval_Hexagon_Pack_1.0_FREE/Assets/fbx/buildings/blue	building_castle_blue	CC0 1.0	node tools/tai_itch.mjs <tac-gia>/<goi> o repo quoc-chien
assets_source/kaykit-medieval-hexagon/KayKit_Medieval_Hexagon_Pack_1.0_FREE/Assets/fbx/buildings/blue	building_church_blue	CC0 1.0	node tools/tai_itch.mjs <tac-gia>/<goi> o repo quoc-chien
assets_source/kaykit-medieval-hexagon/KayKit_Medieval_Hexagon_Pack_1.0_FREE/Assets/fbx/buildings/blue	building_home_A_blue	CC0 1.0	node tools/tai_itch.mjs <tac-gia>/<goi> o repo quoc-chien
assets_source/kaykit-medieval-hexagon/KayKit_Medieval_Hexagon_Pack_1.0_FREE/Assets/fbx/buildings/blue	building_home_B_blue	CC0 1.0	node tools/tai_itch.mjs <tac-gia>/<goi> o repo quoc-chien
assets_source/kaykit-medieval-hexagon/KayKit_Medieval_Hexagon_Pack_1.0_FREE/Assets/fbx/buildings/blue	building_lumbermill_blue	CC0 1.0	node tools/tai_itch.mjs <tac-gia>/<goi> o repo quoc-chien
assets_source/kaykit-medieval-hexagon/KayKit_Medieval_Hexagon_Pack_1.0_FREE/Assets/fbx/buildings/blue	building_market_blue	CC0 1.0	node tools/tai_itch.mjs <tac-gia>/<goi> o repo quoc-chien
assets_source/kaykit-medieval-hexagon/KayKit_Medieval_Hexagon_Pack_1.0_FREE/Assets/fbx/buildings/blue	building_mine_blue	CC0 1.0	node tools/tai_itch.mjs <tac-gia>/<goi> o repo quoc-chien
assets_source/kaykit-medieval-hexagon/KayKit_Medieval_Hexagon_Pack_1.0_FREE/Assets/fbx/buildings/blue	building_tavern_blue	CC0 1.0	node tools/tai_itch.mjs <tac-gia>/<goi> o repo quoc-chien
assets_source/kaykit-medieval-hexagon/KayKit_Medieval_Hexagon_Pack_1.0_FREE/Assets/fbx/buildings/blue	building_tower_A_blue	CC0 1.0	node tools/tai_itch.mjs <tac-gia>/<goi> o repo quoc-chien
assets_source/kaykit-medieval-hexagon/KayKit_Medieval_Hexagon_Pack_1.0_FREE/Assets/fbx/buildings/blue	building_tower_B_blue	CC0 1.0	node tools/tai_itch.mjs <tac-gia>/<goi> o repo quoc-chien
assets_source/kaykit-medieval-hexagon/KayKit_Medieval_Hexagon_Pack_1.0_FREE/Assets/fbx/buildings/blue	building_tower_base_blue	CC0 1.0	node tools/tai_itch.mjs <tac-gia>/<goi> o repo quoc-chien
assets_source/kaykit-medieval-hexagon/KayKit_Medieval_Hexagon_Pack_1.0_FREE/Assets/fbx/buildings/blue	building_tower_catapult_blue	CC0 1.0	node tools/tai_itch.mjs <tac-gia>/<goi> o repo quoc-chien
assets_source/kaykit-medieval-hexagon/KayKit_Medieval_Hexagon_Pack_1.0_FREE/Assets/fbx/buildings/blue	building_watermill_blue	CC0 1.0	node tools/tai_itch.mjs <tac-gia>/<goi> o repo quoc-chien
assets_source/kaykit-medieval-hexagon/KayKit_Medieval_Hexagon_Pack_1.0_FREE/Assets/fbx/buildings/blue	building_well_blue	CC0 1.0	node tools/tai_itch.mjs <tac-gia>/<goi> o repo quoc-chien
assets_source/kaykit-medieval-hexagon/KayKit_Medieval_Hexagon_Pack_1.0_FREE/Assets/fbx/buildings/blue	building_windmill_blue	CC0 1.0	node tools/tai_itch.mjs <tac-gia>/<goi> o repo quoc-chien
assets_source/kaykit-medieval-hexagon/KayKit_Medieval_Hexagon_Pack_1.0_FREE/Assets/fbx/buildings/green	building_archeryrange_green	CC0 1.0	node tools/tai_itch.mjs <tac-gia>/<goi> o repo quoc-chien
assets_source/kaykit-medieval-hexagon/KayKit_Medieval_Hexagon_Pack_1.0_FREE/Assets/fbx/buildings/green	building_barracks_green	CC0 1.0	node tools/tai_itch.mjs <tac-gia>/<goi> o repo quoc-chien
assets_source/kaykit-medieval-hexagon/KayKit_Medieval_Hexagon_Pack_1.0_FREE/Assets/fbx/buildings/green	building_blacksmith_green	CC0 1.0	node tools/tai_itch.mjs <tac-gia>/<goi> o repo quoc-chien
assets_source/kaykit-medieval-hexagon/KayKit_Medieval_Hexagon_Pack_1.0_FREE/Assets/fbx/buildings/green	building_castle_green	CC0 1.0	node tools/tai_itch.mjs <tac-gia>/<goi> o repo quoc-chien
assets_source/kaykit-medieval-hexagon/KayKit_Medieval_Hexagon_Pack_1.0_FREE/Assets/fbx/buildings/green	building_church_green	CC0 1.0	node tools/tai_itch.mjs <tac-gia>/<goi> o repo quoc-chien
assets_source/kaykit-medieval-hexagon/KayKit_Medieval_Hexagon_Pack_1.0_FREE/Assets/fbx/buildings/green	building_home_A_green	CC0 1.0	node tools/tai_itch.mjs <tac-gia>/<goi> o repo quoc-chien
assets_source/kaykit-medieval-hexagon/KayKit_Medieval_Hexagon_Pack_1.0_FREE/Assets/fbx/buildings/green	building_home_B_green	CC0 1.0	node tools/tai_itch.mjs <tac-gia>/<goi> o repo quoc-chien
assets_source/kaykit-medieval-hexagon/KayKit_Medieval_Hexagon_Pack_1.0_FREE/Assets/fbx/buildings/green	building_lumbermill_green	CC0 1.0	node tools/tai_itch.mjs <tac-gia>/<goi> o repo quoc-chien
assets_source/kaykit-medieval-hexagon/KayKit_Medieval_Hexagon_Pack_1.0_FREE/Assets/fbx/buildings/green	building_market_green	CC0 1.0	node tools/tai_itch.mjs <tac-gia>/<goi> o repo quoc-chien
assets_source/kaykit-medieval-hexagon/KayKit_Medieval_Hexagon_Pack_1.0_FREE/Assets/fbx/buildings/green	building_mine_green	CC0 1.0	node tools/tai_itch.mjs <tac-gia>/<goi> o repo quoc-chien
assets_source/kaykit-medieval-hexagon/KayKit_Medieval_Hexagon_Pack_1.0_FREE/Assets/fbx/buildings/green	building_tavern_green	CC0 1.0	node tools/tai_itch.mjs <tac-gia>/<goi> o repo quoc-chien
assets_source/kaykit-medieval-hexagon/KayKit_Medieval_Hexagon_Pack_1.0_FREE/Assets/fbx/buildings/green	building_tower_A_green	CC0 1.0	node tools/tai_itch.mjs <tac-gia>/<goi> o repo quoc-chien
assets_source/kaykit-medieval-hexagon/KayKit_Medieval_Hexagon_Pack_1.0_FREE/Assets/fbx/buildings/green	building_tower_B_green	CC0 1.0	node tools/tai_itch.mjs <tac-gia>/<goi> o repo quoc-chien
assets_source/kaykit-medieval-hexagon/KayKit_Medieval_Hexagon_Pack_1.0_FREE/Assets/fbx/buildings/green	building_tower_base_green	CC0 1.0	node tools/tai_itch.mjs <tac-gia>/<goi> o repo quoc-chien
assets_source/kaykit-medieval-hexagon/KayKit_Medieval_Hexagon_Pack_1.0_FREE/Assets/fbx/buildings/green	building_tower_catapult_green	CC0 1.0	node tools/tai_itch.mjs <tac-gia>/<goi> o repo quoc-chien
assets_source/kaykit-medieval-hexagon/KayKit_Medieval_Hexagon_Pack_1.0_FREE/Assets/fbx/buildings/green	building_watermill_green	CC0 1.0	node tools/tai_itch.mjs <tac-gia>/<goi> o repo quoc-chien
assets_source/kaykit-medieval-hexagon/KayKit_Medieval_Hexagon_Pack_1.0_FREE/Assets/fbx/buildings/green	building_well_green	CC0 1.0	node tools/tai_itch.mjs <tac-gia>/<goi> o repo quoc-chien
assets_source/kaykit-medieval-hexagon/KayKit_Medieval_Hexagon_Pack_1.0_FREE/Assets/fbx/buildings/green	building_windmill_green	CC0 1.0	node tools/tai_itch.mjs <tac-gia>/<goi> o repo quoc-chien
assets_source/kaykit-medieval-hexagon/KayKit_Medieval_Hexagon_Pack_1.0_FREE/Assets/fbx/buildings/neutral	building_bridge_A	CC0 1.0	node tools/tai_itch.mjs <tac-gia>/<goi> o repo quoc-chien
assets_source/kaykit-medieval-hexagon/KayKit_Medieval_Hexagon_Pack_1.0_FREE/Assets/fbx/buildings/neutral	building_bridge_B	CC0 1.0	node tools/tai_itch.mjs <tac-gia>/<goi> o repo quoc-chien
assets_source/kaykit-medieval-hexagon/KayKit_Medieval_Hexagon_Pack_1.0_FREE/Assets/fbx/buildings/neutral	building_destroyed	CC0 1.0	node tools/tai_itch.mjs <tac-gia>/<goi> o repo quoc-chien
assets_source/kaykit-medieval-hexagon/KayKit_Medieval_Hexagon_Pack_1.0_FREE/Assets/fbx/buildings/neutral	building_dirt	CC0 1.0	node tools/tai_itch.mjs <tac-gia>/<goi> o repo quoc-chien
assets_source/kaykit-medieval-hexagon/KayKit_Medieval_Hexagon_Pack_1.0_FREE/Assets/fbx/buildings/neutral	building_grain	CC0 1.0	node tools/tai_itch.mjs <tac-gia>/<goi> o repo quoc-chien
assets_source/kaykit-medieval-hexagon/KayKit_Medieval_Hexagon_Pack_1.0_FREE/Assets/fbx/buildings/neutral	building_scaffolding	CC0 1.0	node tools/tai_itch.mjs <tac-gia>/<goi> o repo quoc-chien
assets_source/kaykit-medieval-hexagon/KayKit_Medieval_Hexagon_Pack_1.0_FREE/Assets/fbx/buildings/neutral	building_stage_A	CC0 1.0	node tools/tai_itch.mjs <tac-gia>/<goi> o repo quoc-chien
assets_source/kaykit-medieval-hexagon/KayKit_Medieval_Hexagon_Pack_1.0_FREE/Assets/fbx/buildings/neutral	building_stage_B	CC0 1.0	node tools/tai_itch.mjs <tac-gia>/<goi> o repo quoc-chien
assets_source/kaykit-medieval-hexagon/KayKit_Medieval_Hexagon_Pack_1.0_FREE/Assets/fbx/buildings/neutral	building_stage_C	CC0 1.0	node tools/tai_itch.mjs <tac-gia>/<goi> o repo quoc-chien
assets_source/kaykit-medieval-hexagon/KayKit_Medieval_Hexagon_Pack_1.0_FREE/Assets/fbx/buildings/neutral	fence_stone_straight	CC0 1.0	node tools/tai_itch.mjs <tac-gia>/<goi> o repo quoc-chien
assets_source/kaykit-medieval-hexagon/KayKit_Medieval_Hexagon_Pack_1.0_FREE/Assets/fbx/buildings/neutral	fence_stone_straight_gate	CC0 1.0	node tools/tai_itch.mjs <tac-gia>/<goi> o repo quoc-chien
assets_source/kaykit-medieval-hexagon/KayKit_Medieval_Hexagon_Pack_1.0_FREE/Assets/fbx/buildings/neutral	fence_wood_straight	CC0 1.0	node tools/tai_itch.mjs <tac-gia>/<goi> o repo quoc-chien
assets_source/kaykit-medieval-hexagon/KayKit_Medieval_Hexagon_Pack_1.0_FREE/Assets/fbx/buildings/neutral	fence_wood_straight_gate	CC0 1.0	node tools/tai_itch.mjs <tac-gia>/<goi> o repo quoc-chien
assets_source/kaykit-medieval-hexagon/KayKit_Medieval_Hexagon_Pack_1.0_FREE/Assets/fbx/buildings/neutral	projectile_catapult	CC0 1.0	node tools/tai_itch.mjs <tac-gia>/<goi> o repo quoc-chien
assets_source/kaykit-medieval-hexagon/KayKit_Medieval_Hexagon_Pack_1.0_FREE/Assets/fbx/buildings/neutral	wall_corner_A_gate	CC0 1.0	node tools/tai_itch.mjs <tac-gia>/<goi> o repo quoc-chien
assets_source/kaykit-medieval-hexagon/KayKit_Medieval_Hexagon_Pack_1.0_FREE/Assets/fbx/buildings/neutral	wall_corner_A_inside	CC0 1.0	node tools/tai_itch.mjs <tac-gia>/<goi> o repo quoc-chien
assets_source/kaykit-medieval-hexagon/KayKit_Medieval_Hexagon_Pack_1.0_FREE/Assets/fbx/buildings/neutral	wall_corner_A_outside	CC0 1.0	node tools/tai_itch.mjs <tac-gia>/<goi> o repo quoc-chien
assets_source/kaykit-medieval-hexagon/KayKit_Medieval_Hexagon_Pack_1.0_FREE/Assets/fbx/buildings/neutral	wall_corner_B_inside	CC0 1.0	node tools/tai_itch.mjs <tac-gia>/<goi> o repo quoc-chien
assets_source/kaykit-medieval-hexagon/KayKit_Medieval_Hexagon_Pack_1.0_FREE/Assets/fbx/buildings/neutral	wall_corner_B_outside	CC0 1.0	node tools/tai_itch.mjs <tac-gia>/<goi> o repo quoc-chien
assets_source/kaykit-medieval-hexagon/KayKit_Medieval_Hexagon_Pack_1.0_FREE/Assets/fbx/buildings/neutral	wall_straight	CC0 1.0	node tools/tai_itch.mjs <tac-gia>/<goi> o repo quoc-chien
assets_source/kaykit-medieval-hexagon/KayKit_Medieval_Hexagon_Pack_1.0_FREE/Assets/fbx/buildings/neutral	wall_straight_gate	CC0 1.0	node tools/tai_itch.mjs <tac-gia>/<goi> o repo quoc-chien
assets_source/kaykit-medieval-hexagon/KayKit_Medieval_Hexagon_Pack_1.0_FREE/Assets/fbx/buildings/red	building_archeryrange_red	CC0 1.0	node tools/tai_itch.mjs <tac-gia>/<goi> o repo quoc-chien
assets_source/kaykit-medieval-hexagon/KayKit_Medieval_Hexagon_Pack_1.0_FREE/Assets/fbx/buildings/red	building_barracks_red	CC0 1.0	node tools/tai_itch.mjs <tac-gia>/<goi> o repo quoc-chien
assets_source/kaykit-medieval-hexagon/KayKit_Medieval_Hexagon_Pack_1.0_FREE/Assets/fbx/buildings/red	building_blacksmith_red	CC0 1.0	node tools/tai_itch.mjs <tac-gia>/<goi> o repo quoc-chien
assets_source/kaykit-medieval-hexagon/KayKit_Medieval_Hexagon_Pack_1.0_FREE/Assets/fbx/buildings/red	building_castle_red	CC0 1.0	node tools/tai_itch.mjs <tac-gia>/<goi> o repo quoc-chien
assets_source/kaykit-medieval-hexagon/KayKit_Medieval_Hexagon_Pack_1.0_FREE/Assets/fbx/buildings/red	building_church_red	CC0 1.0	node tools/tai_itch.mjs <tac-gia>/<goi> o repo quoc-chien
assets_source/kaykit-medieval-hexagon/KayKit_Medieval_Hexagon_Pack_1.0_FREE/Assets/fbx/buildings/red	building_home_A_red	CC0 1.0	node tools/tai_itch.mjs <tac-gia>/<goi> o repo quoc-chien
assets_source/kaykit-medieval-hexagon/KayKit_Medieval_Hexagon_Pack_1.0_FREE/Assets/fbx/buildings/red	building_home_B_red	CC0 1.0	node tools/tai_itch.mjs <tac-gia>/<goi> o repo quoc-chien
assets_source/kaykit-medieval-hexagon/KayKit_Medieval_Hexagon_Pack_1.0_FREE/Assets/fbx/buildings/red	building_lumbermill_red	CC0 1.0	node tools/tai_itch.mjs <tac-gia>/<goi> o repo quoc-chien
assets_source/kaykit-medieval-hexagon/KayKit_Medieval_Hexagon_Pack_1.0_FREE/Assets/fbx/buildings/red	building_market_red	CC0 1.0	node tools/tai_itch.mjs <tac-gia>/<goi> o repo quoc-chien
assets_source/kaykit-medieval-hexagon/KayKit_Medieval_Hexagon_Pack_1.0_FREE/Assets/fbx/buildings/red	building_mine_red	CC0 1.0	node tools/tai_itch.mjs <tac-gia>/<goi> o repo quoc-chien
assets_source/kaykit-medieval-hexagon/KayKit_Medieval_Hexagon_Pack_1.0_FREE/Assets/fbx/buildings/red	building_tavern_red	CC0 1.0	node tools/tai_itch.mjs <tac-gia>/<goi> o repo quoc-chien
assets_source/kaykit-medieval-hexagon/KayKit_Medieval_Hexagon_Pack_1.0_FREE/Assets/fbx/buildings/red	building_tower_A_red	CC0 1.0	node tools/tai_itch.mjs <tac-gia>/<goi> o repo quoc-chien
assets_source/kaykit-medieval-hexagon/KayKit_Medieval_Hexagon_Pack_1.0_FREE/Assets/fbx/buildings/red	building_tower_B_red	CC0 1.0	node tools/tai_itch.mjs <tac-gia>/<goi> o repo quoc-chien
assets_source/kaykit-medieval-hexagon/KayKit_Medieval_Hexagon_Pack_1.0_FREE/Assets/fbx/buildings/red	building_tower_base_red	CC0 1.0	node tools/tai_itch.mjs <tac-gia>/<goi> o repo quoc-chien
assets_source/kaykit-medieval-hexagon/KayKit_Medieval_Hexagon_Pack_1.0_FREE/Assets/fbx/buildings/red	building_tower_catapult_red	CC0 1.0	node tools/tai_itch.mjs <tac-gia>/<goi> o repo quoc-chien
assets_source/kaykit-medieval-hexagon/KayKit_Medieval_Hexagon_Pack_1.0_FREE/Assets/fbx/buildings/red	building_watermill_red	CC0 1.0	node tools/tai_itch.mjs <tac-gia>/<goi> o repo quoc-chien
assets_source/kaykit-medieval-hexagon/KayKit_Medieval_Hexagon_Pack_1.0_FREE/Assets/fbx/buildings/red	building_well_red	CC0 1.0	node tools/tai_itch.mjs <tac-gia>/<goi> o repo quoc-chien
assets_source/kaykit-medieval-hexagon/KayKit_Medieval_Hexagon_Pack_1.0_FREE/Assets/fbx/buildings/red	building_windmill_red	CC0 1.0	node tools/tai_itch.mjs <tac-gia>/<goi> o repo quoc-chien
assets_source/kaykit-medieval-hexagon/KayKit_Medieval_Hexagon_Pack_1.0_FREE/Assets/fbx/buildings/yellow	building_archeryrange_yellow	CC0 1.0	node tools/tai_itch.mjs <tac-gia>/<goi> o repo quoc-chien
assets_source/kaykit-medieval-hexagon/KayKit_Medieval_Hexagon_Pack_1.0_FREE/Assets/fbx/buildings/yellow	building_barracks_yellow	CC0 1.0	node tools/tai_itch.mjs <tac-gia>/<goi> o repo quoc-chien
assets_source/kaykit-medieval-hexagon/KayKit_Medieval_Hexagon_Pack_1.0_FREE/Assets/fbx/buildings/yellow	building_blacksmith_yellow	CC0 1.0	node tools/tai_itch.mjs <tac-gia>/<goi> o repo quoc-chien
assets_source/kaykit-medieval-hexagon/KayKit_Medieval_Hexagon_Pack_1.0_FREE/Assets/fbx/buildings/yellow	building_castle_yellow	CC0 1.0	node tools/tai_itch.mjs <tac-gia>/<goi> o repo quoc-chien
assets_source/kaykit-medieval-hexagon/KayKit_Medieval_Hexagon_Pack_1.0_FREE/Assets/fbx/buildings/yellow	building_church_yellow	CC0 1.0	node tools/tai_itch.mjs <tac-gia>/<goi> o repo quoc-chien
assets_source/kaykit-medieval-hexagon/KayKit_Medieval_Hexagon_Pack_1.0_FREE/Assets/fbx/buildings/yellow	building_home_A_yellow	CC0 1.0	node tools/tai_itch.mjs <tac-gia>/<goi> o repo quoc-chien
assets_source/kaykit-medieval-hexagon/KayKit_Medieval_Hexagon_Pack_1.0_FREE/Assets/fbx/buildings/yellow	building_home_B_yellow	CC0 1.0	node tools/tai_itch.mjs <tac-gia>/<goi> o repo quoc-chien
assets_source/kaykit-medieval-hexagon/KayKit_Medieval_Hexagon_Pack_1.0_FREE/Assets/fbx/buildings/yellow	building_lumbermill_yellow	CC0 1.0	node tools/tai_itch.mjs <tac-gia>/<goi> o repo quoc-chien
assets_source/kaykit-medieval-hexagon/KayKit_Medieval_Hexagon_Pack_1.0_FREE/Assets/fbx/buildings/yellow	building_market_yellow	CC0 1.0	node tools/tai_itch.mjs <tac-gia>/<goi> o repo quoc-chien
assets_source/kaykit-medieval-hexagon/KayKit_Medieval_Hexagon_Pack_1.0_FREE/Assets/fbx/buildings/yellow	building_mine_yellow	CC0 1.0	node tools/tai_itch.mjs <tac-gia>/<goi> o repo quoc-chien
assets_source/kaykit-medieval-hexagon/KayKit_Medieval_Hexagon_Pack_1.0_FREE/Assets/fbx/buildings/yellow	building_tavern_yellow	CC0 1.0	node tools/tai_itch.mjs <tac-gia>/<goi> o repo quoc-chien
assets_source/kaykit-medieval-hexagon/KayKit_Medieval_Hexagon_Pack_1.0_FREE/Assets/fbx/buildings/yellow	building_tower_A_yellow	CC0 1.0	node tools/tai_itch.mjs <tac-gia>/<goi> o repo quoc-chien
assets_source/kaykit-medieval-hexagon/KayKit_Medieval_Hexagon_Pack_1.0_FREE/Assets/fbx/buildings/yellow	building_tower_B_yellow	CC0 1.0	node tools/tai_itch.mjs <tac-gia>/<goi> o repo quoc-chien
assets_source/kaykit-medieval-hexagon/KayKit_Medieval_Hexagon_Pack_1.0_FREE/Assets/fbx/buildings/yellow	building_tower_base_yellow	CC0 1.0	node tools/tai_itch.mjs <tac-gia>/<goi> o repo quoc-chien
assets_source/kaykit-medieval-hexagon/KayKit_Medieval_Hexagon_Pack_1.0_FREE/Assets/fbx/buildings/yellow	building_tower_catapult_yellow	CC0 1.0	node tools/tai_itch.mjs <tac-gia>/<goi> o repo quoc-chien
assets_source/kaykit-medieval-hexagon/KayKit_Medieval_Hexagon_Pack_1.0_FREE/Assets/fbx/buildings/yellow	building_watermill_yellow	CC0 1.0	node tools/tai_itch.mjs <tac-gia>/<goi> o repo quoc-chien
assets_source/kaykit-medieval-hexagon/KayKit_Medieval_Hexagon_Pack_1.0_FREE/Assets/fbx/buildings/yellow	building_well_yellow	CC0 1.0	node tools/tai_itch.mjs <tac-gia>/<goi> o repo quoc-chien
assets_source/kaykit-medieval-hexagon/KayKit_Medieval_Hexagon_Pack_1.0_FREE/Assets/fbx/buildings/yellow	building_windmill_yellow	CC0 1.0	node tools/tai_itch.mjs <tac-gia>/<goi> o repo quoc-chien
assets_source/kaykit-medieval-hexagon/KayKit_Medieval_Hexagon_Pack_1.0_FREE/Assets/fbx/decoration/nature	cloud_big	CC0 1.0	node tools/tai_itch.mjs <tac-gia>/<goi> o repo quoc-chien
assets_source/kaykit-medieval-hexagon/KayKit_Medieval_Hexagon_Pack_1.0_FREE/Assets/fbx/decoration/nature	cloud_small	CC0 1.0	node tools/tai_itch.mjs <tac-gia>/<goi> o repo quoc-chien
assets_source/kaykit-medieval-hexagon/KayKit_Medieval_Hexagon_Pack_1.0_FREE/Assets/fbx/decoration/nature	hill_single_A	CC0 1.0	node tools/tai_itch.mjs <tac-gia>/<goi> o repo quoc-chien
assets_source/kaykit-medieval-hexagon/KayKit_Medieval_Hexagon_Pack_1.0_FREE/Assets/fbx/decoration/nature	hill_single_B	CC0 1.0	node tools/tai_itch.mjs <tac-gia>/<goi> o repo quoc-chien
assets_source/kaykit-medieval-hexagon/KayKit_Medieval_Hexagon_Pack_1.0_FREE/Assets/fbx/decoration/nature	hill_single_C	CC0 1.0	node tools/tai_itch.mjs <tac-gia>/<goi> o repo quoc-chien
assets_source/kaykit-medieval-hexagon/KayKit_Medieval_Hexagon_Pack_1.0_FREE/Assets/fbx/decoration/nature	hills_A	CC0 1.0	node tools/tai_itch.mjs <tac-gia>/<goi> o repo quoc-chien
assets_source/kaykit-medieval-hexagon/KayKit_Medieval_Hexagon_Pack_1.0_FREE/Assets/fbx/decoration/nature	hills_A_trees	CC0 1.0	node tools/tai_itch.mjs <tac-gia>/<goi> o repo quoc-chien
assets_source/kaykit-medieval-hexagon/KayKit_Medieval_Hexagon_Pack_1.0_FREE/Assets/fbx/decoration/nature	hills_B	CC0 1.0	node tools/tai_itch.mjs <tac-gia>/<goi> o repo quoc-chien
assets_source/kaykit-medieval-hexagon/KayKit_Medieval_Hexagon_Pack_1.0_FREE/Assets/fbx/decoration/nature	hills_B_trees	CC0 1.0	node tools/tai_itch.mjs <tac-gia>/<goi> o repo quoc-chien
assets_source/kaykit-medieval-hexagon/KayKit_Medieval_Hexagon_Pack_1.0_FREE/Assets/fbx/decoration/nature	hills_C	CC0 1.0	node tools/tai_itch.mjs <tac-gia>/<goi> o repo quoc-chien
assets_source/kaykit-medieval-hexagon/KayKit_Medieval_Hexagon_Pack_1.0_FREE/Assets/fbx/decoration/nature	hills_C_trees	CC0 1.0	node tools/tai_itch.mjs <tac-gia>/<goi> o repo quoc-chien
assets_source/kaykit-medieval-hexagon/KayKit_Medieval_Hexagon_Pack_1.0_FREE/Assets/fbx/decoration/nature	mountain_A	CC0 1.0	node tools/tai_itch.mjs <tac-gia>/<goi> o repo quoc-chien
assets_source/kaykit-medieval-hexagon/KayKit_Medieval_Hexagon_Pack_1.0_FREE/Assets/fbx/decoration/nature	mountain_A_grass	CC0 1.0	node tools/tai_itch.mjs <tac-gia>/<goi> o repo quoc-chien
assets_source/kaykit-medieval-hexagon/KayKit_Medieval_Hexagon_Pack_1.0_FREE/Assets/fbx/decoration/nature	mountain_A_grass_trees	CC0 1.0	node tools/tai_itch.mjs <tac-gia>/<goi> o repo quoc-chien
assets_source/kaykit-medieval-hexagon/KayKit_Medieval_Hexagon_Pack_1.0_FREE/Assets/fbx/decoration/nature	mountain_B	CC0 1.0	node tools/tai_itch.mjs <tac-gia>/<goi> o repo quoc-chien
assets_source/kaykit-medieval-hexagon/KayKit_Medieval_Hexagon_Pack_1.0_FREE/Assets/fbx/decoration/nature	mountain_B_grass	CC0 1.0	node tools/tai_itch.mjs <tac-gia>/<goi> o repo quoc-chien
assets_source/kaykit-medieval-hexagon/KayKit_Medieval_Hexagon_Pack_1.0_FREE/Assets/fbx/decoration/nature	mountain_B_grass_trees	CC0 1.0	node tools/tai_itch.mjs <tac-gia>/<goi> o repo quoc-chien
assets_source/kaykit-medieval-hexagon/KayKit_Medieval_Hexagon_Pack_1.0_FREE/Assets/fbx/decoration/nature	mountain_C	CC0 1.0	node tools/tai_itch.mjs <tac-gia>/<goi> o repo quoc-chien
assets_source/kaykit-medieval-hexagon/KayKit_Medieval_Hexagon_Pack_1.0_FREE/Assets/fbx/decoration/nature	mountain_C_grass	CC0 1.0	node tools/tai_itch.mjs <tac-gia>/<goi> o repo quoc-chien
assets_source/kaykit-medieval-hexagon/KayKit_Medieval_Hexagon_Pack_1.0_FREE/Assets/fbx/decoration/nature	mountain_C_grass_trees	CC0 1.0	node tools/tai_itch.mjs <tac-gia>/<goi> o repo quoc-chien
assets_source/kaykit-medieval-hexagon/KayKit_Medieval_Hexagon_Pack_1.0_FREE/Assets/fbx/decoration/nature	rock_single_A	CC0 1.0	node tools/tai_itch.mjs <tac-gia>/<goi> o repo quoc-chien
assets_source/kaykit-medieval-hexagon/KayKit_Medieval_Hexagon_Pack_1.0_FREE/Assets/fbx/decoration/nature	rock_single_B	CC0 1.0	node tools/tai_itch.mjs <tac-gia>/<goi> o repo quoc-chien
assets_source/kaykit-medieval-hexagon/KayKit_Medieval_Hexagon_Pack_1.0_FREE/Assets/fbx/decoration/nature	rock_single_C	CC0 1.0	node tools/tai_itch.mjs <tac-gia>/<goi> o repo quoc-chien
assets_source/kaykit-medieval-hexagon/KayKit_Medieval_Hexagon_Pack_1.0_FREE/Assets/fbx/decoration/nature	rock_single_D	CC0 1.0	node tools/tai_itch.mjs <tac-gia>/<goi> o repo quoc-chien
assets_source/kaykit-medieval-hexagon/KayKit_Medieval_Hexagon_Pack_1.0_FREE/Assets/fbx/decoration/nature	rock_single_E	CC0 1.0	node tools/tai_itch.mjs <tac-gia>/<goi> o repo quoc-chien
assets_source/kaykit-medieval-hexagon/KayKit_Medieval_Hexagon_Pack_1.0_FREE/Assets/fbx/decoration/nature	tree_single_A	CC0 1.0	node tools/tai_itch.mjs <tac-gia>/<goi> o repo quoc-chien
assets_source/kaykit-medieval-hexagon/KayKit_Medieval_Hexagon_Pack_1.0_FREE/Assets/fbx/decoration/nature	tree_single_A_cut	CC0 1.0	node tools/tai_itch.mjs <tac-gia>/<goi> o repo quoc-chien
assets_source/kaykit-medieval-hexagon/KayKit_Medieval_Hexagon_Pack_1.0_FREE/Assets/fbx/decoration/nature	tree_single_B	CC0 1.0	node tools/tai_itch.mjs <tac-gia>/<goi> o repo quoc-chien
assets_source/kaykit-medieval-hexagon/KayKit_Medieval_Hexagon_Pack_1.0_FREE/Assets/fbx/decoration/nature	tree_single_B_cut	CC0 1.0	node tools/tai_itch.mjs <tac-gia>/<goi> o repo quoc-chien
assets_source/kaykit-medieval-hexagon/KayKit_Medieval_Hexagon_Pack_1.0_FREE/Assets/fbx/decoration/nature	trees_A_cut	CC0 1.0	node tools/tai_itch.mjs <tac-gia>/<goi> o repo quoc-chien
assets_source/kaykit-medieval-hexagon/KayKit_Medieval_Hexagon_Pack_1.0_FREE/Assets/fbx/decoration/nature	trees_A_large	CC0 1.0	node tools/tai_itch.mjs <tac-gia>/<goi> o repo quoc-chien
assets_source/kaykit-medieval-hexagon/KayKit_Medieval_Hexagon_Pack_1.0_FREE/Assets/fbx/decoration/nature	trees_A_medium	CC0 1.0	node tools/tai_itch.mjs <tac-gia>/<goi> o repo quoc-chien
assets_source/kaykit-medieval-hexagon/KayKit_Medieval_Hexagon_Pack_1.0_FREE/Assets/fbx/decoration/nature	trees_A_small	CC0 1.0	node tools/tai_itch.mjs <tac-gia>/<goi> o repo quoc-chien
assets_source/kaykit-medieval-hexagon/KayKit_Medieval_Hexagon_Pack_1.0_FREE/Assets/fbx/decoration/nature	trees_B_cut	CC0 1.0	node tools/tai_itch.mjs <tac-gia>/<goi> o repo quoc-chien
assets_source/kaykit-medieval-hexagon/KayKit_Medieval_Hexagon_Pack_1.0_FREE/Assets/fbx/decoration/nature	trees_B_large	CC0 1.0	node tools/tai_itch.mjs <tac-gia>/<goi> o repo quoc-chien
assets_source/kaykit-medieval-hexagon/KayKit_Medieval_Hexagon_Pack_1.0_FREE/Assets/fbx/decoration/nature	trees_B_medium	CC0 1.0	node tools/tai_itch.mjs <tac-gia>/<goi> o repo quoc-chien
assets_source/kaykit-medieval-hexagon/KayKit_Medieval_Hexagon_Pack_1.0_FREE/Assets/fbx/decoration/nature	trees_B_small	CC0 1.0	node tools/tai_itch.mjs <tac-gia>/<goi> o repo quoc-chien
assets_source/kaykit-medieval-hexagon/KayKit_Medieval_Hexagon_Pack_1.0_FREE/Assets/fbx/decoration/nature	waterlily_A	CC0 1.0	node tools/tai_itch.mjs <tac-gia>/<goi> o repo quoc-chien
assets_source/kaykit-medieval-hexagon/KayKit_Medieval_Hexagon_Pack_1.0_FREE/Assets/fbx/decoration/nature	waterlily_B	CC0 1.0	node tools/tai_itch.mjs <tac-gia>/<goi> o repo quoc-chien
assets_source/kaykit-medieval-hexagon/KayKit_Medieval_Hexagon_Pack_1.0_FREE/Assets/fbx/decoration/nature	waterplant_A	CC0 1.0	node tools/tai_itch.mjs <tac-gia>/<goi> o repo quoc-chien
assets_source/kaykit-medieval-hexagon/KayKit_Medieval_Hexagon_Pack_1.0_FREE/Assets/fbx/decoration/nature	waterplant_B	CC0 1.0	node tools/tai_itch.mjs <tac-gia>/<goi> o repo quoc-chien
assets_source/kaykit-medieval-hexagon/KayKit_Medieval_Hexagon_Pack_1.0_FREE/Assets/fbx/decoration/nature	waterplant_C	CC0 1.0	node tools/tai_itch.mjs <tac-gia>/<goi> o repo quoc-chien
assets_source/kaykit-medieval-hexagon/KayKit_Medieval_Hexagon_Pack_1.0_FREE/Assets/fbx/decoration/props	barrel	CC0 1.0	node tools/tai_itch.mjs <tac-gia>/<goi> o repo quoc-chien
assets_source/kaykit-medieval-hexagon/KayKit_Medieval_Hexagon_Pack_1.0_FREE/Assets/fbx/decoration/props	bucket_arrows	CC0 1.0	node tools/tai_itch.mjs <tac-gia>/<goi> o repo quoc-chien
assets_source/kaykit-medieval-hexagon/KayKit_Medieval_Hexagon_Pack_1.0_FREE/Assets/fbx/decoration/props	bucket_empty	CC0 1.0	node tools/tai_itch.mjs <tac-gia>/<goi> o repo quoc-chien
assets_source/kaykit-medieval-hexagon/KayKit_Medieval_Hexagon_Pack_1.0_FREE/Assets/fbx/decoration/props	bucket_water	CC0 1.0	node tools/tai_itch.mjs <tac-gia>/<goi> o repo quoc-chien
assets_source/kaykit-medieval-hexagon/KayKit_Medieval_Hexagon_Pack_1.0_FREE/Assets/fbx/decoration/props	crate_A_big	CC0 1.0	node tools/tai_itch.mjs <tac-gia>/<goi> o repo quoc-chien
assets_source/kaykit-medieval-hexagon/KayKit_Medieval_Hexagon_Pack_1.0_FREE/Assets/fbx/decoration/props	crate_A_small	CC0 1.0	node tools/tai_itch.mjs <tac-gia>/<goi> o repo quoc-chien
assets_source/kaykit-medieval-hexagon/KayKit_Medieval_Hexagon_Pack_1.0_FREE/Assets/fbx/decoration/props	crate_B_big	CC0 1.0	node tools/tai_itch.mjs <tac-gia>/<goi> o repo quoc-chien
assets_source/kaykit-medieval-hexagon/KayKit_Medieval_Hexagon_Pack_1.0_FREE/Assets/fbx/decoration/props	crate_B_small	CC0 1.0	node tools/tai_itch.mjs <tac-gia>/<goi> o repo quoc-chien
assets_source/kaykit-medieval-hexagon/KayKit_Medieval_Hexagon_Pack_1.0_FREE/Assets/fbx/decoration/props	crate_long_A	CC0 1.0	node tools/tai_itch.mjs <tac-gia>/<goi> o repo quoc-chien
assets_source/kaykit-medieval-hexagon/KayKit_Medieval_Hexagon_Pack_1.0_FREE/Assets/fbx/decoration/props	crate_long_B	CC0 1.0	node tools/tai_itch.mjs <tac-gia>/<goi> o repo quoc-chien
assets_source/kaykit-medieval-hexagon/KayKit_Medieval_Hexagon_Pack_1.0_FREE/Assets/fbx/decoration/props	crate_long_C	CC0 1.0	node tools/tai_itch.mjs <tac-gia>/<goi> o repo quoc-chien
assets_source/kaykit-medieval-hexagon/KayKit_Medieval_Hexagon_Pack_1.0_FREE/Assets/fbx/decoration/props	crate_long_empty	CC0 1.0	node tools/tai_itch.mjs <tac-gia>/<goi> o repo quoc-chien
assets_source/kaykit-medieval-hexagon/KayKit_Medieval_Hexagon_Pack_1.0_FREE/Assets/fbx/decoration/props	crate_open	CC0 1.0	node tools/tai_itch.mjs <tac-gia>/<goi> o repo quoc-chien
assets_source/kaykit-medieval-hexagon/KayKit_Medieval_Hexagon_Pack_1.0_FREE/Assets/fbx/decoration/props	flag_blue	CC0 1.0	node tools/tai_itch.mjs <tac-gia>/<goi> o repo quoc-chien
assets_source/kaykit-medieval-hexagon/KayKit_Medieval_Hexagon_Pack_1.0_FREE/Assets/fbx/decoration/props	flag_green	CC0 1.0	node tools/tai_itch.mjs <tac-gia>/<goi> o repo quoc-chien
assets_source/kaykit-medieval-hexagon/KayKit_Medieval_Hexagon_Pack_1.0_FREE/Assets/fbx/decoration/props	flag_red	CC0 1.0	node tools/tai_itch.mjs <tac-gia>/<goi> o repo quoc-chien
assets_source/kaykit-medieval-hexagon/KayKit_Medieval_Hexagon_Pack_1.0_FREE/Assets/fbx/decoration/props	flag_yellow	CC0 1.0	node tools/tai_itch.mjs <tac-gia>/<goi> o repo quoc-chien
assets_source/kaykit-medieval-hexagon/KayKit_Medieval_Hexagon_Pack_1.0_FREE/Assets/fbx/decoration/props	ladder	CC0 1.0	node tools/tai_itch.mjs <tac-gia>/<goi> o repo quoc-chien
assets_source/kaykit-medieval-hexagon/KayKit_Medieval_Hexagon_Pack_1.0_FREE/Assets/fbx/decoration/props	pallet	CC0 1.0	node tools/tai_itch.mjs <tac-gia>/<goi> o repo quoc-chien
assets_source/kaykit-medieval-hexagon/KayKit_Medieval_Hexagon_Pack_1.0_FREE/Assets/fbx/decoration/props	resource_lumber	CC0 1.0	node tools/tai_itch.mjs <tac-gia>/<goi> o repo quoc-chien
assets_source/kaykit-medieval-hexagon/KayKit_Medieval_Hexagon_Pack_1.0_FREE/Assets/fbx/decoration/props	resource_stone	CC0 1.0	node tools/tai_itch.mjs <tac-gia>/<goi> o repo quoc-chien
assets_source/kaykit-medieval-hexagon/KayKit_Medieval_Hexagon_Pack_1.0_FREE/Assets/fbx/decoration/props	sack	CC0 1.0	node tools/tai_itch.mjs <tac-gia>/<goi> o repo quoc-chien
assets_source/kaykit-medieval-hexagon/KayKit_Medieval_Hexagon_Pack_1.0_FREE/Assets/fbx/decoration/props	target	CC0 1.0	node tools/tai_itch.mjs <tac-gia>/<goi> o repo quoc-chien
assets_source/kaykit-medieval-hexagon/KayKit_Medieval_Hexagon_Pack_1.0_FREE/Assets/fbx/decoration/props	tent	CC0 1.0	node tools/tai_itch.mjs <tac-gia>/<goi> o repo quoc-chien
assets_source/kaykit-medieval-hexagon/KayKit_Medieval_Hexagon_Pack_1.0_FREE/Assets/fbx/decoration/props	weaponrack	CC0 1.0	node tools/tai_itch.mjs <tac-gia>/<goi> o repo quoc-chien
assets_source/kaykit-medieval-hexagon/KayKit_Medieval_Hexagon_Pack_1.0_FREE/Assets/fbx/decoration/props	wheelbarrow	CC0 1.0	node tools/tai_itch.mjs <tac-gia>/<goi> o repo quoc-chien
assets_source/kaykit-medieval-hexagon/KayKit_Medieval_Hexagon_Pack_1.0_FREE/Assets/fbx/tiles/base	hex_grass	CC0 1.0	node tools/tai_itch.mjs <tac-gia>/<goi> o repo quoc-chien
assets_source/kaykit-medieval-hexagon/KayKit_Medieval_Hexagon_Pack_1.0_FREE/Assets/fbx/tiles/base	hex_grass_bottom	CC0 1.0	node tools/tai_itch.mjs <tac-gia>/<goi> o repo quoc-chien
assets_source/kaykit-medieval-hexagon/KayKit_Medieval_Hexagon_Pack_1.0_FREE/Assets/fbx/tiles/base	hex_grass_sloped_high	CC0 1.0	node tools/tai_itch.mjs <tac-gia>/<goi> o repo quoc-chien
assets_source/kaykit-medieval-hexagon/KayKit_Medieval_Hexagon_Pack_1.0_FREE/Assets/fbx/tiles/base	hex_grass_sloped_low	CC0 1.0	node tools/tai_itch.mjs <tac-gia>/<goi> o repo quoc-chien
assets_source/kaykit-medieval-hexagon/KayKit_Medieval_Hexagon_Pack_1.0_FREE/Assets/fbx/tiles/base	hex_water	CC0 1.0	node tools/tai_itch.mjs <tac-gia>/<goi> o repo quoc-chien
assets_source/kaykit-medieval-hexagon/KayKit_Medieval_Hexagon_Pack_1.0_FREE/Assets/fbx/tiles/coast/waterless	hex_coast_A_waterless	CC0 1.0	node tools/tai_itch.mjs <tac-gia>/<goi> o repo quoc-chien
assets_source/kaykit-medieval-hexagon/KayKit_Medieval_Hexagon_Pack_1.0_FREE/Assets/fbx/tiles/coast/waterless	hex_coast_B_waterless	CC0 1.0	node tools/tai_itch.mjs <tac-gia>/<goi> o repo quoc-chien
assets_source/kaykit-medieval-hexagon/KayKit_Medieval_Hexagon_Pack_1.0_FREE/Assets/fbx/tiles/coast/waterless	hex_coast_C_waterless	CC0 1.0	node tools/tai_itch.mjs <tac-gia>/<goi> o repo quoc-chien
assets_source/kaykit-medieval-hexagon/KayKit_Medieval_Hexagon_Pack_1.0_FREE/Assets/fbx/tiles/coast/waterless	hex_coast_D_waterless	CC0 1.0	node tools/tai_itch.mjs <tac-gia>/<goi> o repo quoc-chien
assets_source/kaykit-medieval-hexagon/KayKit_Medieval_Hexagon_Pack_1.0_FREE/Assets/fbx/tiles/coast/waterless	hex_coast_E_waterless	CC0 1.0	node tools/tai_itch.mjs <tac-gia>/<goi> o repo quoc-chien
assets_source/kaykit-medieval-hexagon/KayKit_Medieval_Hexagon_Pack_1.0_FREE/Assets/fbx/tiles/coast	hex_coast_A	CC0 1.0	node tools/tai_itch.mjs <tac-gia>/<goi> o repo quoc-chien
assets_source/kaykit-medieval-hexagon/KayKit_Medieval_Hexagon_Pack_1.0_FREE/Assets/fbx/tiles/coast	hex_coast_B	CC0 1.0	node tools/tai_itch.mjs <tac-gia>/<goi> o repo quoc-chien
assets_source/kaykit-medieval-hexagon/KayKit_Medieval_Hexagon_Pack_1.0_FREE/Assets/fbx/tiles/coast	hex_coast_C	CC0 1.0	node tools/tai_itch.mjs <tac-gia>/<goi> o repo quoc-chien
assets_source/kaykit-medieval-hexagon/KayKit_Medieval_Hexagon_Pack_1.0_FREE/Assets/fbx/tiles/coast	hex_coast_D	CC0 1.0	node tools/tai_itch.mjs <tac-gia>/<goi> o repo quoc-chien
assets_source/kaykit-medieval-hexagon/KayKit_Medieval_Hexagon_Pack_1.0_FREE/Assets/fbx/tiles/coast	hex_coast_E	CC0 1.0	node tools/tai_itch.mjs <tac-gia>/<goi> o repo quoc-chien
assets_source/kaykit-medieval-hexagon/KayKit_Medieval_Hexagon_Pack_1.0_FREE/Assets/fbx/tiles/rivers/waterless	hex_river_A_curvy_waterless	CC0 1.0	node tools/tai_itch.mjs <tac-gia>/<goi> o repo quoc-chien
assets_source/kaykit-medieval-hexagon/KayKit_Medieval_Hexagon_Pack_1.0_FREE/Assets/fbx/tiles/rivers/waterless	hex_river_A_waterless	CC0 1.0	node tools/tai_itch.mjs <tac-gia>/<goi> o repo quoc-chien
assets_source/kaykit-medieval-hexagon/KayKit_Medieval_Hexagon_Pack_1.0_FREE/Assets/fbx/tiles/rivers/waterless	hex_river_B_waterless	CC0 1.0	node tools/tai_itch.mjs <tac-gia>/<goi> o repo quoc-chien
assets_source/kaykit-medieval-hexagon/KayKit_Medieval_Hexagon_Pack_1.0_FREE/Assets/fbx/tiles/rivers/waterless	hex_river_C_waterless	CC0 1.0	node tools/tai_itch.mjs <tac-gia>/<goi> o repo quoc-chien
assets_source/kaykit-medieval-hexagon/KayKit_Medieval_Hexagon_Pack_1.0_FREE/Assets/fbx/tiles/rivers/waterless	hex_river_D_waterless	CC0 1.0	node tools/tai_itch.mjs <tac-gia>/<goi> o repo quoc-chien
assets_source/kaykit-medieval-hexagon/KayKit_Medieval_Hexagon_Pack_1.0_FREE/Assets/fbx/tiles/rivers/waterless	hex_river_E_waterless	CC0 1.0	node tools/tai_itch.mjs <tac-gia>/<goi> o repo quoc-chien
assets_source/kaykit-medieval-hexagon/KayKit_Medieval_Hexagon_Pack_1.0_FREE/Assets/fbx/tiles/rivers/waterless	hex_river_F_waterless	CC0 1.0	node tools/tai_itch.mjs <tac-gia>/<goi> o repo quoc-chien
assets_source/kaykit-medieval-hexagon/KayKit_Medieval_Hexagon_Pack_1.0_FREE/Assets/fbx/tiles/rivers/waterless	hex_river_G_waterless	CC0 1.0	node tools/tai_itch.mjs <tac-gia>/<goi> o repo quoc-chien
assets_source/kaykit-medieval-hexagon/KayKit_Medieval_Hexagon_Pack_1.0_FREE/Assets/fbx/tiles/rivers/waterless	hex_river_H_waterless	CC0 1.0	node tools/tai_itch.mjs <tac-gia>/<goi> o repo quoc-chien
assets_source/kaykit-medieval-hexagon/KayKit_Medieval_Hexagon_Pack_1.0_FREE/Assets/fbx/tiles/rivers/waterless	hex_river_I_waterless	CC0 1.0	node tools/tai_itch.mjs <tac-gia>/<goi> o repo quoc-chien
assets_source/kaykit-medieval-hexagon/KayKit_Medieval_Hexagon_Pack_1.0_FREE/Assets/fbx/tiles/rivers/waterless	hex_river_J_waterless	CC0 1.0	node tools/tai_itch.mjs <tac-gia>/<goi> o repo quoc-chien
assets_source/kaykit-medieval-hexagon/KayKit_Medieval_Hexagon_Pack_1.0_FREE/Assets/fbx/tiles/rivers/waterless	hex_river_K_waterless	CC0 1.0	node tools/tai_itch.mjs <tac-gia>/<goi> o repo quoc-chien
assets_source/kaykit-medieval-hexagon/KayKit_Medieval_Hexagon_Pack_1.0_FREE/Assets/fbx/tiles/rivers/waterless	hex_river_L_waterless	CC0 1.0	node tools/tai_itch.mjs <tac-gia>/<goi> o repo quoc-chien
assets_source/kaykit-medieval-hexagon/KayKit_Medieval_Hexagon_Pack_1.0_FREE/Assets/fbx/tiles/rivers/waterless	hex_river_crossing_A_waterless	CC0 1.0	node tools/tai_itch.mjs <tac-gia>/<goi> o repo quoc-chien
assets_source/kaykit-medieval-hexagon/KayKit_Medieval_Hexagon_Pack_1.0_FREE/Assets/fbx/tiles/rivers/waterless	hex_river_crossing_B_waterless	CC0 1.0	node tools/tai_itch.mjs <tac-gia>/<goi> o repo quoc-chien
assets_source/kaykit-medieval-hexagon/KayKit_Medieval_Hexagon_Pack_1.0_FREE/Assets/fbx/tiles/rivers	hex_river_A	CC0 1.0	node tools/tai_itch.mjs <tac-gia>/<goi> o repo quoc-chien
assets_source/kaykit-medieval-hexagon/KayKit_Medieval_Hexagon_Pack_1.0_FREE/Assets/fbx/tiles/rivers	hex_river_A_curvy	CC0 1.0	node tools/tai_itch.mjs <tac-gia>/<goi> o repo quoc-chien
assets_source/kaykit-medieval-hexagon/KayKit_Medieval_Hexagon_Pack_1.0_FREE/Assets/fbx/tiles/rivers	hex_river_B	CC0 1.0	node tools/tai_itch.mjs <tac-gia>/<goi> o repo quoc-chien
assets_source/kaykit-medieval-hexagon/KayKit_Medieval_Hexagon_Pack_1.0_FREE/Assets/fbx/tiles/rivers	hex_river_C	CC0 1.0	node tools/tai_itch.mjs <tac-gia>/<goi> o repo quoc-chien
assets_source/kaykit-medieval-hexagon/KayKit_Medieval_Hexagon_Pack_1.0_FREE/Assets/fbx/tiles/rivers	hex_river_D	CC0 1.0	node tools/tai_itch.mjs <tac-gia>/<goi> o repo quoc-chien
assets_source/kaykit-medieval-hexagon/KayKit_Medieval_Hexagon_Pack_1.0_FREE/Assets/fbx/tiles/rivers	hex_river_E	CC0 1.0	node tools/tai_itch.mjs <tac-gia>/<goi> o repo quoc-chien
assets_source/kaykit-medieval-hexagon/KayKit_Medieval_Hexagon_Pack_1.0_FREE/Assets/fbx/tiles/rivers	hex_river_F	CC0 1.0	node tools/tai_itch.mjs <tac-gia>/<goi> o repo quoc-chien
assets_source/kaykit-medieval-hexagon/KayKit_Medieval_Hexagon_Pack_1.0_FREE/Assets/fbx/tiles/rivers	hex_river_G	CC0 1.0	node tools/tai_itch.mjs <tac-gia>/<goi> o repo quoc-chien
assets_source/kaykit-medieval-hexagon/KayKit_Medieval_Hexagon_Pack_1.0_FREE/Assets/fbx/tiles/rivers	hex_river_H	CC0 1.0	node tools/tai_itch.mjs <tac-gia>/<goi> o repo quoc-chien
assets_source/kaykit-medieval-hexagon/KayKit_Medieval_Hexagon_Pack_1.0_FREE/Assets/fbx/tiles/rivers	hex_river_I	CC0 1.0	node tools/tai_itch.mjs <tac-gia>/<goi> o repo quoc-chien
assets_source/kaykit-medieval-hexagon/KayKit_Medieval_Hexagon_Pack_1.0_FREE/Assets/fbx/tiles/rivers	hex_river_J	CC0 1.0	node tools/tai_itch.mjs <tac-gia>/<goi> o repo quoc-chien
assets_source/kaykit-medieval-hexagon/KayKit_Medieval_Hexagon_Pack_1.0_FREE/Assets/fbx/tiles/rivers	hex_river_K	CC0 1.0	node tools/tai_itch.mjs <tac-gia>/<goi> o repo quoc-chien
assets_source/kaykit-medieval-hexagon/KayKit_Medieval_Hexagon_Pack_1.0_FREE/Assets/fbx/tiles/rivers	hex_river_L	CC0 1.0	node tools/tai_itch.mjs <tac-gia>/<goi> o repo quoc-chien
assets_source/kaykit-medieval-hexagon/KayKit_Medieval_Hexagon_Pack_1.0_FREE/Assets/fbx/tiles/rivers	hex_river_crossing_A	CC0 1.0	node tools/tai_itch.mjs <tac-gia>/<goi> o repo quoc-chien
assets_source/kaykit-medieval-hexagon/KayKit_Medieval_Hexagon_Pack_1.0_FREE/Assets/fbx/tiles/rivers	hex_river_crossing_B	CC0 1.0	node tools/tai_itch.mjs <tac-gia>/<goi> o repo quoc-chien
assets_source/kaykit-medieval-hexagon/KayKit_Medieval_Hexagon_Pack_1.0_FREE/Assets/fbx/tiles/roads	hex_road_A	CC0 1.0	node tools/tai_itch.mjs <tac-gia>/<goi> o repo quoc-chien
assets_source/kaykit-medieval-hexagon/KayKit_Medieval_Hexagon_Pack_1.0_FREE/Assets/fbx/tiles/roads	hex_road_A_sloped_high	CC0 1.0	node tools/tai_itch.mjs <tac-gia>/<goi> o repo quoc-chien
assets_source/kaykit-medieval-hexagon/KayKit_Medieval_Hexagon_Pack_1.0_FREE/Assets/fbx/tiles/roads	hex_road_A_sloped_low	CC0 1.0	node tools/tai_itch.mjs <tac-gia>/<goi> o repo quoc-chien
assets_source/kaykit-medieval-hexagon/KayKit_Medieval_Hexagon_Pack_1.0_FREE/Assets/fbx/tiles/roads	hex_road_B	CC0 1.0	node tools/tai_itch.mjs <tac-gia>/<goi> o repo quoc-chien
assets_source/kaykit-medieval-hexagon/KayKit_Medieval_Hexagon_Pack_1.0_FREE/Assets/fbx/tiles/roads	hex_road_C	CC0 1.0	node tools/tai_itch.mjs <tac-gia>/<goi> o repo quoc-chien
assets_source/kaykit-medieval-hexagon/KayKit_Medieval_Hexagon_Pack_1.0_FREE/Assets/fbx/tiles/roads	hex_road_D	CC0 1.0	node tools/tai_itch.mjs <tac-gia>/<goi> o repo quoc-chien
assets_source/kaykit-medieval-hexagon/KayKit_Medieval_Hexagon_Pack_1.0_FREE/Assets/fbx/tiles/roads	hex_road_E	CC0 1.0	node tools/tai_itch.mjs <tac-gia>/<goi> o repo quoc-chien
assets_source/kaykit-medieval-hexagon/KayKit_Medieval_Hexagon_Pack_1.0_FREE/Assets/fbx/tiles/roads	hex_road_F	CC0 1.0	node tools/tai_itch.mjs <tac-gia>/<goi> o repo quoc-chien
assets_source/kaykit-medieval-hexagon/KayKit_Medieval_Hexagon_Pack_1.0_FREE/Assets/fbx/tiles/roads	hex_road_G	CC0 1.0	node tools/tai_itch.mjs <tac-gia>/<goi> o repo quoc-chien
assets_source/kaykit-medieval-hexagon/KayKit_Medieval_Hexagon_Pack_1.0_FREE/Assets/fbx/tiles/roads	hex_road_H	CC0 1.0	node tools/tai_itch.mjs <tac-gia>/<goi> o repo quoc-chien
assets_source/kaykit-medieval-hexagon/KayKit_Medieval_Hexagon_Pack_1.0_FREE/Assets/fbx/tiles/roads	hex_road_I	CC0 1.0	node tools/tai_itch.mjs <tac-gia>/<goi> o repo quoc-chien
assets_source/kaykit-medieval-hexagon/KayKit_Medieval_Hexagon_Pack_1.0_FREE/Assets/fbx/tiles/roads	hex_road_J	CC0 1.0	node tools/tai_itch.mjs <tac-gia>/<goi> o repo quoc-chien
assets_source/kaykit-medieval-hexagon/KayKit_Medieval_Hexagon_Pack_1.0_FREE/Assets/fbx/tiles/roads	hex_road_K	CC0 1.0	node tools/tai_itch.mjs <tac-gia>/<goi> o repo quoc-chien
assets_source/kaykit-medieval-hexagon/KayKit_Medieval_Hexagon_Pack_1.0_FREE/Assets/fbx/tiles/roads	hex_road_L	CC0 1.0	node tools/tai_itch.mjs <tac-gia>/<goi> o repo quoc-chien
assets_source/kaykit-medieval-hexagon/KayKit_Medieval_Hexagon_Pack_1.0_FREE/Assets/fbx/tiles/roads	hex_road_M	CC0 1.0	node tools/tai_itch.mjs <tac-gia>/<goi> o repo quoc-chien
assets_source/kaykit-medieval-hexagon/KayKit_Medieval_Hexagon_Pack_1.0_FREE/Assets/fbx(unity)/buildings/blue	building_archeryrange_blue	CC0 1.0	node tools/tai_itch.mjs <tac-gia>/<goi> o repo quoc-chien
assets_source/kaykit-medieval-hexagon/KayKit_Medieval_Hexagon_Pack_1.0_FREE/Assets/fbx(unity)/buildings/blue	building_barracks_blue	CC0 1.0	node tools/tai_itch.mjs <tac-gia>/<goi> o repo quoc-chien
assets_source/kaykit-medieval-hexagon/KayKit_Medieval_Hexagon_Pack_1.0_FREE/Assets/fbx(unity)/buildings/blue	building_blacksmith_blue	CC0 1.0	node tools/tai_itch.mjs <tac-gia>/<goi> o repo quoc-chien
assets_source/kaykit-medieval-hexagon/KayKit_Medieval_Hexagon_Pack_1.0_FREE/Assets/fbx(unity)/buildings/blue	building_castle_blue	CC0 1.0	node tools/tai_itch.mjs <tac-gia>/<goi> o repo quoc-chien
assets_source/kaykit-medieval-hexagon/KayKit_Medieval_Hexagon_Pack_1.0_FREE/Assets/fbx(unity)/buildings/blue	building_church_blue	CC0 1.0	node tools/tai_itch.mjs <tac-gia>/<goi> o repo quoc-chien
assets_source/kaykit-medieval-hexagon/KayKit_Medieval_Hexagon_Pack_1.0_FREE/Assets/fbx(unity)/buildings/blue	building_home_A_blue	CC0 1.0	node tools/tai_itch.mjs <tac-gia>/<goi> o repo quoc-chien
assets_source/kaykit-medieval-hexagon/KayKit_Medieval_Hexagon_Pack_1.0_FREE/Assets/fbx(unity)/buildings/blue	building_home_B_blue	CC0 1.0	node tools/tai_itch.mjs <tac-gia>/<goi> o repo quoc-chien
assets_source/kaykit-medieval-hexagon/KayKit_Medieval_Hexagon_Pack_1.0_FREE/Assets/fbx(unity)/buildings/blue	building_lumbermill_blue	CC0 1.0	node tools/tai_itch.mjs <tac-gia>/<goi> o repo quoc-chien
assets_source/kaykit-medieval-hexagon/KayKit_Medieval_Hexagon_Pack_1.0_FREE/Assets/fbx(unity)/buildings/blue	building_market_blue	CC0 1.0	node tools/tai_itch.mjs <tac-gia>/<goi> o repo quoc-chien
assets_source/kaykit-medieval-hexagon/KayKit_Medieval_Hexagon_Pack_1.0_FREE/Assets/fbx(unity)/buildings/blue	building_mine_blue	CC0 1.0	node tools/tai_itch.mjs <tac-gia>/<goi> o repo quoc-chien
assets_source/kaykit-medieval-hexagon/KayKit_Medieval_Hexagon_Pack_1.0_FREE/Assets/fbx(unity)/buildings/blue	building_tavern_blue	CC0 1.0	node tools/tai_itch.mjs <tac-gia>/<goi> o repo quoc-chien
assets_source/kaykit-medieval-hexagon/KayKit_Medieval_Hexagon_Pack_1.0_FREE/Assets/fbx(unity)/buildings/blue	building_tower_A_blue	CC0 1.0	node tools/tai_itch.mjs <tac-gia>/<goi> o repo quoc-chien
assets_source/kaykit-medieval-hexagon/KayKit_Medieval_Hexagon_Pack_1.0_FREE/Assets/fbx(unity)/buildings/blue	building_tower_B_blue	CC0 1.0	node tools/tai_itch.mjs <tac-gia>/<goi> o repo quoc-chien
assets_source/kaykit-medieval-hexagon/KayKit_Medieval_Hexagon_Pack_1.0_FREE/Assets/fbx(unity)/buildings/blue	building_tower_base_blue	CC0 1.0	node tools/tai_itch.mjs <tac-gia>/<goi> o repo quoc-chien
assets_source/kaykit-medieval-hexagon/KayKit_Medieval_Hexagon_Pack_1.0_FREE/Assets/fbx(unity)/buildings/blue	building_tower_catapult_blue	CC0 1.0	node tools/tai_itch.mjs <tac-gia>/<goi> o repo quoc-chien
assets_source/kaykit-medieval-hexagon/KayKit_Medieval_Hexagon_Pack_1.0_FREE/Assets/fbx(unity)/buildings/blue	building_watermill_blue	CC0 1.0	node tools/tai_itch.mjs <tac-gia>/<goi> o repo quoc-chien
assets_source/kaykit-medieval-hexagon/KayKit_Medieval_Hexagon_Pack_1.0_FREE/Assets/fbx(unity)/buildings/blue	building_well_blue	CC0 1.0	node tools/tai_itch.mjs <tac-gia>/<goi> o repo quoc-chien
assets_source/kaykit-medieval-hexagon/KayKit_Medieval_Hexagon_Pack_1.0_FREE/Assets/fbx(unity)/buildings/blue	building_windmill_blue	CC0 1.0	node tools/tai_itch.mjs <tac-gia>/<goi> o repo quoc-chien
assets_source/kaykit-medieval-hexagon/KayKit_Medieval_Hexagon_Pack_1.0_FREE/Assets/fbx(unity)/buildings/green	building_archeryrange_green	CC0 1.0	node tools/tai_itch.mjs <tac-gia>/<goi> o repo quoc-chien
assets_source/kaykit-medieval-hexagon/KayKit_Medieval_Hexagon_Pack_1.0_FREE/Assets/fbx(unity)/buildings/green	building_barracks_green	CC0 1.0	node tools/tai_itch.mjs <tac-gia>/<goi> o repo quoc-chien
assets_source/kaykit-medieval-hexagon/KayKit_Medieval_Hexagon_Pack_1.0_FREE/Assets/fbx(unity)/buildings/green	building_blacksmith_green	CC0 1.0	node tools/tai_itch.mjs <tac-gia>/<goi> o repo quoc-chien
assets_source/kaykit-medieval-hexagon/KayKit_Medieval_Hexagon_Pack_1.0_FREE/Assets/fbx(unity)/buildings/green	building_castle_green	CC0 1.0	node tools/tai_itch.mjs <tac-gia>/<goi> o repo quoc-chien
assets_source/kaykit-medieval-hexagon/KayKit_Medieval_Hexagon_Pack_1.0_FREE/Assets/fbx(unity)/buildings/green	building_church_green	CC0 1.0	node tools/tai_itch.mjs <tac-gia>/<goi> o repo quoc-chien
assets_source/kaykit-medieval-hexagon/KayKit_Medieval_Hexagon_Pack_1.0_FREE/Assets/fbx(unity)/buildings/green	building_home_A_green	CC0 1.0	node tools/tai_itch.mjs <tac-gia>/<goi> o repo quoc-chien
assets_source/kaykit-medieval-hexagon/KayKit_Medieval_Hexagon_Pack_1.0_FREE/Assets/fbx(unity)/buildings/green	building_home_B_green	CC0 1.0	node tools/tai_itch.mjs <tac-gia>/<goi> o repo quoc-chien
assets_source/kaykit-medieval-hexagon/KayKit_Medieval_Hexagon_Pack_1.0_FREE/Assets/fbx(unity)/buildings/green	building_lumbermill_green	CC0 1.0	node tools/tai_itch.mjs <tac-gia>/<goi> o repo quoc-chien
assets_source/kaykit-medieval-hexagon/KayKit_Medieval_Hexagon_Pack_1.0_FREE/Assets/fbx(unity)/buildings/green	building_market_green	CC0 1.0	node tools/tai_itch.mjs <tac-gia>/<goi> o repo quoc-chien
assets_source/kaykit-medieval-hexagon/KayKit_Medieval_Hexagon_Pack_1.0_FREE/Assets/fbx(unity)/buildings/green	building_mine_green	CC0 1.0	node tools/tai_itch.mjs <tac-gia>/<goi> o repo quoc-chien
assets_source/kaykit-medieval-hexagon/KayKit_Medieval_Hexagon_Pack_1.0_FREE/Assets/fbx(unity)/buildings/green	building_tavern_green	CC0 1.0	node tools/tai_itch.mjs <tac-gia>/<goi> o repo quoc-chien
assets_source/kaykit-medieval-hexagon/KayKit_Medieval_Hexagon_Pack_1.0_FREE/Assets/fbx(unity)/buildings/green	building_tower_A_green	CC0 1.0	node tools/tai_itch.mjs <tac-gia>/<goi> o repo quoc-chien
assets_source/kaykit-medieval-hexagon/KayKit_Medieval_Hexagon_Pack_1.0_FREE/Assets/fbx(unity)/buildings/green	building_tower_B_green	CC0 1.0	node tools/tai_itch.mjs <tac-gia>/<goi> o repo quoc-chien
assets_source/kaykit-medieval-hexagon/KayKit_Medieval_Hexagon_Pack_1.0_FREE/Assets/fbx(unity)/buildings/green	building_tower_base_green	CC0 1.0	node tools/tai_itch.mjs <tac-gia>/<goi> o repo quoc-chien
assets_source/kaykit-medieval-hexagon/KayKit_Medieval_Hexagon_Pack_1.0_FREE/Assets/fbx(unity)/buildings/green	building_tower_catapult_green	CC0 1.0	node tools/tai_itch.mjs <tac-gia>/<goi> o repo quoc-chien
assets_source/kaykit-medieval-hexagon/KayKit_Medieval_Hexagon_Pack_1.0_FREE/Assets/fbx(unity)/buildings/green	building_watermill_green	CC0 1.0	node tools/tai_itch.mjs <tac-gia>/<goi> o repo quoc-chien
assets_source/kaykit-medieval-hexagon/KayKit_Medieval_Hexagon_Pack_1.0_FREE/Assets/fbx(unity)/buildings/green	building_well_green	CC0 1.0	node tools/tai_itch.mjs <tac-gia>/<goi> o repo quoc-chien
assets_source/kaykit-medieval-hexagon/KayKit_Medieval_Hexagon_Pack_1.0_FREE/Assets/fbx(unity)/buildings/green	building_windmill_green	CC0 1.0	node tools/tai_itch.mjs <tac-gia>/<goi> o repo quoc-chien
assets_source/kaykit-medieval-hexagon/KayKit_Medieval_Hexagon_Pack_1.0_FREE/Assets/fbx(unity)/buildings/neutral	building_bridge_A	CC0 1.0	node tools/tai_itch.mjs <tac-gia>/<goi> o repo quoc-chien
assets_source/kaykit-medieval-hexagon/KayKit_Medieval_Hexagon_Pack_1.0_FREE/Assets/fbx(unity)/buildings/neutral	building_bridge_B	CC0 1.0	node tools/tai_itch.mjs <tac-gia>/<goi> o repo quoc-chien
assets_source/kaykit-medieval-hexagon/KayKit_Medieval_Hexagon_Pack_1.0_FREE/Assets/fbx(unity)/buildings/neutral	building_destroyed	CC0 1.0	node tools/tai_itch.mjs <tac-gia>/<goi> o repo quoc-chien
assets_source/kaykit-medieval-hexagon/KayKit_Medieval_Hexagon_Pack_1.0_FREE/Assets/fbx(unity)/buildings/neutral	building_dirt	CC0 1.0	node tools/tai_itch.mjs <tac-gia>/<goi> o repo quoc-chien
assets_source/kaykit-medieval-hexagon/KayKit_Medieval_Hexagon_Pack_1.0_FREE/Assets/fbx(unity)/buildings/neutral	building_grain	CC0 1.0	node tools/tai_itch.mjs <tac-gia>/<goi> o repo quoc-chien
assets_source/kaykit-medieval-hexagon/KayKit_Medieval_Hexagon_Pack_1.0_FREE/Assets/fbx(unity)/buildings/neutral	building_scaffolding	CC0 1.0	node tools/tai_itch.mjs <tac-gia>/<goi> o repo quoc-chien
assets_source/kaykit-medieval-hexagon/KayKit_Medieval_Hexagon_Pack_1.0_FREE/Assets/fbx(unity)/buildings/neutral	building_stage_A	CC0 1.0	node tools/tai_itch.mjs <tac-gia>/<goi> o repo quoc-chien
assets_source/kaykit-medieval-hexagon/KayKit_Medieval_Hexagon_Pack_1.0_FREE/Assets/fbx(unity)/buildings/neutral	building_stage_B	CC0 1.0	node tools/tai_itch.mjs <tac-gia>/<goi> o repo quoc-chien
assets_source/kaykit-medieval-hexagon/KayKit_Medieval_Hexagon_Pack_1.0_FREE/Assets/fbx(unity)/buildings/neutral	building_stage_C	CC0 1.0	node tools/tai_itch.mjs <tac-gia>/<goi> o repo quoc-chien
assets_source/kaykit-medieval-hexagon/KayKit_Medieval_Hexagon_Pack_1.0_FREE/Assets/fbx(unity)/buildings/neutral	fence_stone_straight	CC0 1.0	node tools/tai_itch.mjs <tac-gia>/<goi> o repo quoc-chien
assets_source/kaykit-medieval-hexagon/KayKit_Medieval_Hexagon_Pack_1.0_FREE/Assets/fbx(unity)/buildings/neutral	fence_stone_straight_gate	CC0 1.0	node tools/tai_itch.mjs <tac-gia>/<goi> o repo quoc-chien
assets_source/kaykit-medieval-hexagon/KayKit_Medieval_Hexagon_Pack_1.0_FREE/Assets/fbx(unity)/buildings/neutral	fence_wood_straight	CC0 1.0	node tools/tai_itch.mjs <tac-gia>/<goi> o repo quoc-chien
assets_source/kaykit-medieval-hexagon/KayKit_Medieval_Hexagon_Pack_1.0_FREE/Assets/fbx(unity)/buildings/neutral	fence_wood_straight_gate	CC0 1.0	node tools/tai_itch.mjs <tac-gia>/<goi> o repo quoc-chien
assets_source/kaykit-medieval-hexagon/KayKit_Medieval_Hexagon_Pack_1.0_FREE/Assets/fbx(unity)/buildings/neutral	projectile_catapult	CC0 1.0	node tools/tai_itch.mjs <tac-gia>/<goi> o repo quoc-chien
assets_source/kaykit-medieval-hexagon/KayKit_Medieval_Hexagon_Pack_1.0_FREE/Assets/fbx(unity)/buildings/neutral	wall_corner_A_gate	CC0 1.0	node tools/tai_itch.mjs <tac-gia>/<goi> o repo quoc-chien
assets_source/kaykit-medieval-hexagon/KayKit_Medieval_Hexagon_Pack_1.0_FREE/Assets/fbx(unity)/buildings/neutral	wall_corner_A_inside	CC0 1.0	node tools/tai_itch.mjs <tac-gia>/<goi> o repo quoc-chien
assets_source/kaykit-medieval-hexagon/KayKit_Medieval_Hexagon_Pack_1.0_FREE/Assets/fbx(unity)/buildings/neutral	wall_corner_A_outside	CC0 1.0	node tools/tai_itch.mjs <tac-gia>/<goi> o repo quoc-chien
assets_source/kaykit-medieval-hexagon/KayKit_Medieval_Hexagon_Pack_1.0_FREE/Assets/fbx(unity)/buildings/neutral	wall_corner_B_inside	CC0 1.0	node tools/tai_itch.mjs <tac-gia>/<goi> o repo quoc-chien
assets_source/kaykit-medieval-hexagon/KayKit_Medieval_Hexagon_Pack_1.0_FREE/Assets/fbx(unity)/buildings/neutral	wall_corner_B_outside	CC0 1.0	node tools/tai_itch.mjs <tac-gia>/<goi> o repo quoc-chien
assets_source/kaykit-medieval-hexagon/KayKit_Medieval_Hexagon_Pack_1.0_FREE/Assets/fbx(unity)/buildings/neutral	wall_straight	CC0 1.0	node tools/tai_itch.mjs <tac-gia>/<goi> o repo quoc-chien
assets_source/kaykit-medieval-hexagon/KayKit_Medieval_Hexagon_Pack_1.0_FREE/Assets/fbx(unity)/buildings/neutral	wall_straight_gate	CC0 1.0	node tools/tai_itch.mjs <tac-gia>/<goi> o repo quoc-chien
assets_source/kaykit-medieval-hexagon/KayKit_Medieval_Hexagon_Pack_1.0_FREE/Assets/fbx(unity)/buildings/red	building_archeryrange_red	CC0 1.0	node tools/tai_itch.mjs <tac-gia>/<goi> o repo quoc-chien
assets_source/kaykit-medieval-hexagon/KayKit_Medieval_Hexagon_Pack_1.0_FREE/Assets/fbx(unity)/buildings/red	building_barracks_red	CC0 1.0	node tools/tai_itch.mjs <tac-gia>/<goi> o repo quoc-chien
assets_source/kaykit-medieval-hexagon/KayKit_Medieval_Hexagon_Pack_1.0_FREE/Assets/fbx(unity)/buildings/red	building_blacksmith_red	CC0 1.0	node tools/tai_itch.mjs <tac-gia>/<goi> o repo quoc-chien
assets_source/kaykit-medieval-hexagon/KayKit_Medieval_Hexagon_Pack_1.0_FREE/Assets/fbx(unity)/buildings/red	building_castle_red	CC0 1.0	node tools/tai_itch.mjs <tac-gia>/<goi> o repo quoc-chien
assets_source/kaykit-medieval-hexagon/KayKit_Medieval_Hexagon_Pack_1.0_FREE/Assets/fbx(unity)/buildings/red	building_church_red	CC0 1.0	node tools/tai_itch.mjs <tac-gia>/<goi> o repo quoc-chien
assets_source/kaykit-medieval-hexagon/KayKit_Medieval_Hexagon_Pack_1.0_FREE/Assets/fbx(unity)/buildings/red	building_home_A_red	CC0 1.0	node tools/tai_itch.mjs <tac-gia>/<goi> o repo quoc-chien
assets_source/kaykit-medieval-hexagon/KayKit_Medieval_Hexagon_Pack_1.0_FREE/Assets/fbx(unity)/buildings/red	building_home_B_red	CC0 1.0	node tools/tai_itch.mjs <tac-gia>/<goi> o repo quoc-chien
assets_source/kaykit-medieval-hexagon/KayKit_Medieval_Hexagon_Pack_1.0_FREE/Assets/fbx(unity)/buildings/red	building_lumbermill_red	CC0 1.0	node tools/tai_itch.mjs <tac-gia>/<goi> o repo quoc-chien
assets_source/kaykit-medieval-hexagon/KayKit_Medieval_Hexagon_Pack_1.0_FREE/Assets/fbx(unity)/buildings/red	building_market_red	CC0 1.0	node tools/tai_itch.mjs <tac-gia>/<goi> o repo quoc-chien
assets_source/kaykit-medieval-hexagon/KayKit_Medieval_Hexagon_Pack_1.0_FREE/Assets/fbx(unity)/buildings/red	building_mine_red	CC0 1.0	node tools/tai_itch.mjs <tac-gia>/<goi> o repo quoc-chien
assets_source/kaykit-medieval-hexagon/KayKit_Medieval_Hexagon_Pack_1.0_FREE/Assets/fbx(unity)/buildings/red	building_tavern_red	CC0 1.0	node tools/tai_itch.mjs <tac-gia>/<goi> o repo quoc-chien
assets_source/kaykit-medieval-hexagon/KayKit_Medieval_Hexagon_Pack_1.0_FREE/Assets/fbx(unity)/buildings/red	building_tower_A_red	CC0 1.0	node tools/tai_itch.mjs <tac-gia>/<goi> o repo quoc-chien
assets_source/kaykit-medieval-hexagon/KayKit_Medieval_Hexagon_Pack_1.0_FREE/Assets/fbx(unity)/buildings/red	building_tower_B_red	CC0 1.0	node tools/tai_itch.mjs <tac-gia>/<goi> o repo quoc-chien
assets_source/kaykit-medieval-hexagon/KayKit_Medieval_Hexagon_Pack_1.0_FREE/Assets/fbx(unity)/buildings/red	building_tower_base_red	CC0 1.0	node tools/tai_itch.mjs <tac-gia>/<goi> o repo quoc-chien
assets_source/kaykit-medieval-hexagon/KayKit_Medieval_Hexagon_Pack_1.0_FREE/Assets/fbx(unity)/buildings/red	building_tower_catapult_red	CC0 1.0	node tools/tai_itch.mjs <tac-gia>/<goi> o repo quoc-chien
assets_source/kaykit-medieval-hexagon/KayKit_Medieval_Hexagon_Pack_1.0_FREE/Assets/fbx(unity)/buildings/red	building_watermill_red	CC0 1.0	node tools/tai_itch.mjs <tac-gia>/<goi> o repo quoc-chien
assets_source/kaykit-medieval-hexagon/KayKit_Medieval_Hexagon_Pack_1.0_FREE/Assets/fbx(unity)/buildings/red	building_well_red	CC0 1.0	node tools/tai_itch.mjs <tac-gia>/<goi> o repo quoc-chien
assets_source/kaykit-medieval-hexagon/KayKit_Medieval_Hexagon_Pack_1.0_FREE/Assets/fbx(unity)/buildings/red	building_windmill_red	CC0 1.0	node tools/tai_itch.mjs <tac-gia>/<goi> o repo quoc-chien
assets_source/kaykit-medieval-hexagon/KayKit_Medieval_Hexagon_Pack_1.0_FREE/Assets/fbx(unity)/buildings/yellow	building_archeryrange_yellow	CC0 1.0	node tools/tai_itch.mjs <tac-gia>/<goi> o repo quoc-chien
assets_source/kaykit-medieval-hexagon/KayKit_Medieval_Hexagon_Pack_1.0_FREE/Assets/fbx(unity)/buildings/yellow	building_barracks_yellow	CC0 1.0	node tools/tai_itch.mjs <tac-gia>/<goi> o repo quoc-chien
assets_source/kaykit-medieval-hexagon/KayKit_Medieval_Hexagon_Pack_1.0_FREE/Assets/fbx(unity)/buildings/yellow	building_blacksmith_yellow	CC0 1.0	node tools/tai_itch.mjs <tac-gia>/<goi> o repo quoc-chien
assets_source/kaykit-medieval-hexagon/KayKit_Medieval_Hexagon_Pack_1.0_FREE/Assets/fbx(unity)/buildings/yellow	building_castle_yellow	CC0 1.0	node tools/tai_itch.mjs <tac-gia>/<goi> o repo quoc-chien
assets_source/kaykit-medieval-hexagon/KayKit_Medieval_Hexagon_Pack_1.0_FREE/Assets/fbx(unity)/buildings/yellow	building_church_yellow	CC0 1.0	node tools/tai_itch.mjs <tac-gia>/<goi> o repo quoc-chien
assets_source/kaykit-medieval-hexagon/KayKit_Medieval_Hexagon_Pack_1.0_FREE/Assets/fbx(unity)/buildings/yellow	building_home_A_yellow	CC0 1.0	node tools/tai_itch.mjs <tac-gia>/<goi> o repo quoc-chien
assets_source/kaykit-medieval-hexagon/KayKit_Medieval_Hexagon_Pack_1.0_FREE/Assets/fbx(unity)/buildings/yellow	building_home_B_yellow	CC0 1.0	node tools/tai_itch.mjs <tac-gia>/<goi> o repo quoc-chien
assets_source/kaykit-medieval-hexagon/KayKit_Medieval_Hexagon_Pack_1.0_FREE/Assets/fbx(unity)/buildings/yellow	building_lumbermill_yellow	CC0 1.0	node tools/tai_itch.mjs <tac-gia>/<goi> o repo quoc-chien
assets_source/kaykit-medieval-hexagon/KayKit_Medieval_Hexagon_Pack_1.0_FREE/Assets/fbx(unity)/buildings/yellow	building_market_yellow	CC0 1.0	node tools/tai_itch.mjs <tac-gia>/<goi> o repo quoc-chien
assets_source/kaykit-medieval-hexagon/KayKit_Medieval_Hexagon_Pack_1.0_FREE/Assets/fbx(unity)/buildings/yellow	building_mine_yellow	CC0 1.0	node tools/tai_itch.mjs <tac-gia>/<goi> o repo quoc-chien
assets_source/kaykit-medieval-hexagon/KayKit_Medieval_Hexagon_Pack_1.0_FREE/Assets/fbx(unity)/buildings/yellow	building_tavern_yellow	CC0 1.0	node tools/tai_itch.mjs <tac-gia>/<goi> o repo quoc-chien
assets_source/kaykit-medieval-hexagon/KayKit_Medieval_Hexagon_Pack_1.0_FREE/Assets/fbx(unity)/buildings/yellow	building_tower_A_yellow	CC0 1.0	node tools/tai_itch.mjs <tac-gia>/<goi> o repo quoc-chien
assets_source/kaykit-medieval-hexagon/KayKit_Medieval_Hexagon_Pack_1.0_FREE/Assets/fbx(unity)/buildings/yellow	building_tower_B_yellow	CC0 1.0	node tools/tai_itch.mjs <tac-gia>/<goi> o repo quoc-chien
assets_source/kaykit-medieval-hexagon/KayKit_Medieval_Hexagon_Pack_1.0_FREE/Assets/fbx(unity)/buildings/yellow	building_tower_base_yellow	CC0 1.0	node tools/tai_itch.mjs <tac-gia>/<goi> o repo quoc-chien
assets_source/kaykit-medieval-hexagon/KayKit_Medieval_Hexagon_Pack_1.0_FREE/Assets/fbx(unity)/buildings/yellow	building_tower_catapult_yellow	CC0 1.0	node tools/tai_itch.mjs <tac-gia>/<goi> o repo quoc-chien
assets_source/kaykit-medieval-hexagon/KayKit_Medieval_Hexagon_Pack_1.0_FREE/Assets/fbx(unity)/buildings/yellow	building_watermill_yellow	CC0 1.0	node tools/tai_itch.mjs <tac-gia>/<goi> o repo quoc-chien
assets_source/kaykit-medieval-hexagon/KayKit_Medieval_Hexagon_Pack_1.0_FREE/Assets/fbx(unity)/buildings/yellow	building_well_yellow	CC0 1.0	node tools/tai_itch.mjs <tac-gia>/<goi> o repo quoc-chien
assets_source/kaykit-medieval-hexagon/KayKit_Medieval_Hexagon_Pack_1.0_FREE/Assets/fbx(unity)/buildings/yellow	building_windmill_yellow	CC0 1.0	node tools/tai_itch.mjs <tac-gia>/<goi> o repo quoc-chien
assets_source/kaykit-medieval-hexagon/KayKit_Medieval_Hexagon_Pack_1.0_FREE/Assets/fbx(unity)/decoration/nature	cloud_big	CC0 1.0	node tools/tai_itch.mjs <tac-gia>/<goi> o repo quoc-chien
assets_source/kaykit-medieval-hexagon/KayKit_Medieval_Hexagon_Pack_1.0_FREE/Assets/fbx(unity)/decoration/nature	cloud_small	CC0 1.0	node tools/tai_itch.mjs <tac-gia>/<goi> o repo quoc-chien
assets_source/kaykit-medieval-hexagon/KayKit_Medieval_Hexagon_Pack_1.0_FREE/Assets/fbx(unity)/decoration/nature	hill_single_A	CC0 1.0	node tools/tai_itch.mjs <tac-gia>/<goi> o repo quoc-chien
assets_source/kaykit-medieval-hexagon/KayKit_Medieval_Hexagon_Pack_1.0_FREE/Assets/fbx(unity)/decoration/nature	hill_single_B	CC0 1.0	node tools/tai_itch.mjs <tac-gia>/<goi> o repo quoc-chien
assets_source/kaykit-medieval-hexagon/KayKit_Medieval_Hexagon_Pack_1.0_FREE/Assets/fbx(unity)/decoration/nature	hill_single_C	CC0 1.0	node tools/tai_itch.mjs <tac-gia>/<goi> o repo quoc-chien
assets_source/kaykit-medieval-hexagon/KayKit_Medieval_Hexagon_Pack_1.0_FREE/Assets/fbx(unity)/decoration/nature	hills_A	CC0 1.0	node tools/tai_itch.mjs <tac-gia>/<goi> o repo quoc-chien
assets_source/kaykit-medieval-hexagon/KayKit_Medieval_Hexagon_Pack_1.0_FREE/Assets/fbx(unity)/decoration/nature	hills_A_trees	CC0 1.0	node tools/tai_itch.mjs <tac-gia>/<goi> o repo quoc-chien
assets_source/kaykit-medieval-hexagon/KayKit_Medieval_Hexagon_Pack_1.0_FREE/Assets/fbx(unity)/decoration/nature	hills_B	CC0 1.0	node tools/tai_itch.mjs <tac-gia>/<goi> o repo quoc-chien
assets_source/kaykit-medieval-hexagon/KayKit_Medieval_Hexagon_Pack_1.0_FREE/Assets/fbx(unity)/decoration/nature	hills_B_trees	CC0 1.0	node tools/tai_itch.mjs <tac-gia>/<goi> o repo quoc-chien
assets_source/kaykit-medieval-hexagon/KayKit_Medieval_Hexagon_Pack_1.0_FREE/Assets/fbx(unity)/decoration/nature	hills_C	CC0 1.0	node tools/tai_itch.mjs <tac-gia>/<goi> o repo quoc-chien
assets_source/kaykit-medieval-hexagon/KayKit_Medieval_Hexagon_Pack_1.0_FREE/Assets/fbx(unity)/decoration/nature	hills_C_trees	CC0 1.0	node tools/tai_itch.mjs <tac-gia>/<goi> o repo quoc-chien
assets_source/kaykit-medieval-hexagon/KayKit_Medieval_Hexagon_Pack_1.0_FREE/Assets/fbx(unity)/decoration/nature	mountain_A	CC0 1.0	node tools/tai_itch.mjs <tac-gia>/<goi> o repo quoc-chien
assets_source/kaykit-medieval-hexagon/KayKit_Medieval_Hexagon_Pack_1.0_FREE/Assets/fbx(unity)/decoration/nature	mountain_A_grass	CC0 1.0	node tools/tai_itch.mjs <tac-gia>/<goi> o repo quoc-chien
assets_source/kaykit-medieval-hexagon/KayKit_Medieval_Hexagon_Pack_1.0_FREE/Assets/fbx(unity)/decoration/nature	mountain_A_grass_trees	CC0 1.0	node tools/tai_itch.mjs <tac-gia>/<goi> o repo quoc-chien
assets_source/kaykit-medieval-hexagon/KayKit_Medieval_Hexagon_Pack_1.0_FREE/Assets/fbx(unity)/decoration/nature	mountain_B	CC0 1.0	node tools/tai_itch.mjs <tac-gia>/<goi> o repo quoc-chien
assets_source/kaykit-medieval-hexagon/KayKit_Medieval_Hexagon_Pack_1.0_FREE/Assets/fbx(unity)/decoration/nature	mountain_B_grass	CC0 1.0	node tools/tai_itch.mjs <tac-gia>/<goi> o repo quoc-chien
assets_source/kaykit-medieval-hexagon/KayKit_Medieval_Hexagon_Pack_1.0_FREE/Assets/fbx(unity)/decoration/nature	mountain_B_grass_trees	CC0 1.0	node tools/tai_itch.mjs <tac-gia>/<goi> o repo quoc-chien
assets_source/kaykit-medieval-hexagon/KayKit_Medieval_Hexagon_Pack_1.0_FREE/Assets/fbx(unity)/decoration/nature	mountain_C	CC0 1.0	node tools/tai_itch.mjs <tac-gia>/<goi> o repo quoc-chien
assets_source/kaykit-medieval-hexagon/KayKit_Medieval_Hexagon_Pack_1.0_FREE/Assets/fbx(unity)/decoration/nature	mountain_C_grass	CC0 1.0	node tools/tai_itch.mjs <tac-gia>/<goi> o repo quoc-chien
assets_source/kaykit-medieval-hexagon/KayKit_Medieval_Hexagon_Pack_1.0_FREE/Assets/fbx(unity)/decoration/nature	mountain_C_grass_trees	CC0 1.0	node tools/tai_itch.mjs <tac-gia>/<goi> o repo quoc-chien
assets_source/kaykit-medieval-hexagon/KayKit_Medieval_Hexagon_Pack_1.0_FREE/Assets/fbx(unity)/decoration/nature	rock_single_A	CC0 1.0	node tools/tai_itch.mjs <tac-gia>/<goi> o repo quoc-chien
assets_source/kaykit-medieval-hexagon/KayKit_Medieval_Hexagon_Pack_1.0_FREE/Assets/fbx(unity)/decoration/nature	rock_single_B	CC0 1.0	node tools/tai_itch.mjs <tac-gia>/<goi> o repo quoc-chien
assets_source/kaykit-medieval-hexagon/KayKit_Medieval_Hexagon_Pack_1.0_FREE/Assets/fbx(unity)/decoration/nature	rock_single_C	CC0 1.0	node tools/tai_itch.mjs <tac-gia>/<goi> o repo quoc-chien
assets_source/kaykit-medieval-hexagon/KayKit_Medieval_Hexagon_Pack_1.0_FREE/Assets/fbx(unity)/decoration/nature	rock_single_D	CC0 1.0	node tools/tai_itch.mjs <tac-gia>/<goi> o repo quoc-chien
assets_source/kaykit-medieval-hexagon/KayKit_Medieval_Hexagon_Pack_1.0_FREE/Assets/fbx(unity)/decoration/nature	rock_single_E	CC0 1.0	node tools/tai_itch.mjs <tac-gia>/<goi> o repo quoc-chien
assets_source/kaykit-medieval-hexagon/KayKit_Medieval_Hexagon_Pack_1.0_FREE/Assets/fbx(unity)/decoration/nature	tree_single_A	CC0 1.0	node tools/tai_itch.mjs <tac-gia>/<goi> o repo quoc-chien
assets_source/kaykit-medieval-hexagon/KayKit_Medieval_Hexagon_Pack_1.0_FREE/Assets/fbx(unity)/decoration/nature	tree_single_A_cut	CC0 1.0	node tools/tai_itch.mjs <tac-gia>/<goi> o repo quoc-chien
assets_source/kaykit-medieval-hexagon/KayKit_Medieval_Hexagon_Pack_1.0_FREE/Assets/fbx(unity)/decoration/nature	tree_single_B	CC0 1.0	node tools/tai_itch.mjs <tac-gia>/<goi> o repo quoc-chien
assets_source/kaykit-medieval-hexagon/KayKit_Medieval_Hexagon_Pack_1.0_FREE/Assets/fbx(unity)/decoration/nature	tree_single_B_cut	CC0 1.0	node tools/tai_itch.mjs <tac-gia>/<goi> o repo quoc-chien
assets_source/kaykit-medieval-hexagon/KayKit_Medieval_Hexagon_Pack_1.0_FREE/Assets/fbx(unity)/decoration/nature	trees_A_cut	CC0 1.0	node tools/tai_itch.mjs <tac-gia>/<goi> o repo quoc-chien
assets_source/kaykit-medieval-hexagon/KayKit_Medieval_Hexagon_Pack_1.0_FREE/Assets/fbx(unity)/decoration/nature	trees_A_large	CC0 1.0	node tools/tai_itch.mjs <tac-gia>/<goi> o repo quoc-chien
assets_source/kaykit-medieval-hexagon/KayKit_Medieval_Hexagon_Pack_1.0_FREE/Assets/fbx(unity)/decoration/nature	trees_A_medium	CC0 1.0	node tools/tai_itch.mjs <tac-gia>/<goi> o repo quoc-chien
assets_source/kaykit-medieval-hexagon/KayKit_Medieval_Hexagon_Pack_1.0_FREE/Assets/fbx(unity)/decoration/nature	trees_A_small	CC0 1.0	node tools/tai_itch.mjs <tac-gia>/<goi> o repo quoc-chien
assets_source/kaykit-medieval-hexagon/KayKit_Medieval_Hexagon_Pack_1.0_FREE/Assets/fbx(unity)/decoration/nature	trees_B_cut	CC0 1.0	node tools/tai_itch.mjs <tac-gia>/<goi> o repo quoc-chien
assets_source/kaykit-medieval-hexagon/KayKit_Medieval_Hexagon_Pack_1.0_FREE/Assets/fbx(unity)/decoration/nature	trees_B_large	CC0 1.0	node tools/tai_itch.mjs <tac-gia>/<goi> o repo quoc-chien
assets_source/kaykit-medieval-hexagon/KayKit_Medieval_Hexagon_Pack_1.0_FREE/Assets/fbx(unity)/decoration/nature	trees_B_medium	CC0 1.0	node tools/tai_itch.mjs <tac-gia>/<goi> o repo quoc-chien
assets_source/kaykit-medieval-hexagon/KayKit_Medieval_Hexagon_Pack_1.0_FREE/Assets/fbx(unity)/decoration/nature	trees_B_small	CC0 1.0	node tools/tai_itch.mjs <tac-gia>/<goi> o repo quoc-chien
assets_source/kaykit-medieval-hexagon/KayKit_Medieval_Hexagon_Pack_1.0_FREE/Assets/fbx(unity)/decoration/nature	waterlily_A	CC0 1.0	node tools/tai_itch.mjs <tac-gia>/<goi> o repo quoc-chien
assets_source/kaykit-medieval-hexagon/KayKit_Medieval_Hexagon_Pack_1.0_FREE/Assets/fbx(unity)/decoration/nature	waterlily_B	CC0 1.0	node tools/tai_itch.mjs <tac-gia>/<goi> o repo quoc-chien
assets_source/kaykit-medieval-hexagon/KayKit_Medieval_Hexagon_Pack_1.0_FREE/Assets/fbx(unity)/decoration/nature	waterplant_A	CC0 1.0	node tools/tai_itch.mjs <tac-gia>/<goi> o repo quoc-chien
assets_source/kaykit-medieval-hexagon/KayKit_Medieval_Hexagon_Pack_1.0_FREE/Assets/fbx(unity)/decoration/nature	waterplant_B	CC0 1.0	node tools/tai_itch.mjs <tac-gia>/<goi> o repo quoc-chien
assets_source/kaykit-medieval-hexagon/KayKit_Medieval_Hexagon_Pack_1.0_FREE/Assets/fbx(unity)/decoration/nature	waterplant_C	CC0 1.0	node tools/tai_itch.mjs <tac-gia>/<goi> o repo quoc-chien
assets_source/kaykit-medieval-hexagon/KayKit_Medieval_Hexagon_Pack_1.0_FREE/Assets/fbx(unity)/decoration/props	barrel	CC0 1.0	node tools/tai_itch.mjs <tac-gia>/<goi> o repo quoc-chien
assets_source/kaykit-medieval-hexagon/KayKit_Medieval_Hexagon_Pack_1.0_FREE/Assets/fbx(unity)/decoration/props	bucket_arrows	CC0 1.0	node tools/tai_itch.mjs <tac-gia>/<goi> o repo quoc-chien
assets_source/kaykit-medieval-hexagon/KayKit_Medieval_Hexagon_Pack_1.0_FREE/Assets/fbx(unity)/decoration/props	bucket_empty	CC0 1.0	node tools/tai_itch.mjs <tac-gia>/<goi> o repo quoc-chien
assets_source/kaykit-medieval-hexagon/KayKit_Medieval_Hexagon_Pack_1.0_FREE/Assets/fbx(unity)/decoration/props	bucket_water	CC0 1.0	node tools/tai_itch.mjs <tac-gia>/<goi> o repo quoc-chien
assets_source/kaykit-medieval-hexagon/KayKit_Medieval_Hexagon_Pack_1.0_FREE/Assets/fbx(unity)/decoration/props	crate_A_big	CC0 1.0	node tools/tai_itch.mjs <tac-gia>/<goi> o repo quoc-chien
assets_source/kaykit-medieval-hexagon/KayKit_Medieval_Hexagon_Pack_1.0_FREE/Assets/fbx(unity)/decoration/props	crate_A_small	CC0 1.0	node tools/tai_itch.mjs <tac-gia>/<goi> o repo quoc-chien
assets_source/kaykit-medieval-hexagon/KayKit_Medieval_Hexagon_Pack_1.0_FREE/Assets/fbx(unity)/decoration/props	crate_B_big	CC0 1.0	node tools/tai_itch.mjs <tac-gia>/<goi> o repo quoc-chien
assets_source/kaykit-medieval-hexagon/KayKit_Medieval_Hexagon_Pack_1.0_FREE/Assets/fbx(unity)/decoration/props	crate_B_small	CC0 1.0	node tools/tai_itch.mjs <tac-gia>/<goi> o repo quoc-chien
assets_source/kaykit-medieval-hexagon/KayKit_Medieval_Hexagon_Pack_1.0_FREE/Assets/fbx(unity)/decoration/props	crate_long_A	CC0 1.0	node tools/tai_itch.mjs <tac-gia>/<goi> o repo quoc-chien
assets_source/kaykit-medieval-hexagon/KayKit_Medieval_Hexagon_Pack_1.0_FREE/Assets/fbx(unity)/decoration/props	crate_long_B	CC0 1.0	node tools/tai_itch.mjs <tac-gia>/<goi> o repo quoc-chien
assets_source/kaykit-medieval-hexagon/KayKit_Medieval_Hexagon_Pack_1.0_FREE/Assets/fbx(unity)/decoration/props	crate_long_C	CC0 1.0	node tools/tai_itch.mjs <tac-gia>/<goi> o repo quoc-chien
assets_source/kaykit-medieval-hexagon/KayKit_Medieval_Hexagon_Pack_1.0_FREE/Assets/fbx(unity)/decoration/props	crate_long_empty	CC0 1.0	node tools/tai_itch.mjs <tac-gia>/<goi> o repo quoc-chien
assets_source/kaykit-medieval-hexagon/KayKit_Medieval_Hexagon_Pack_1.0_FREE/Assets/fbx(unity)/decoration/props	crate_open	CC0 1.0	node tools/tai_itch.mjs <tac-gia>/<goi> o repo quoc-chien
assets_source/kaykit-medieval-hexagon/KayKit_Medieval_Hexagon_Pack_1.0_FREE/Assets/fbx(unity)/decoration/props	flag_blue	CC0 1.0	node tools/tai_itch.mjs <tac-gia>/<goi> o repo quoc-chien
assets_source/kaykit-medieval-hexagon/KayKit_Medieval_Hexagon_Pack_1.0_FREE/Assets/fbx(unity)/decoration/props	flag_green	CC0 1.0	node tools/tai_itch.mjs <tac-gia>/<goi> o repo quoc-chien
assets_source/kaykit-medieval-hexagon/KayKit_Medieval_Hexagon_Pack_1.0_FREE/Assets/fbx(unity)/decoration/props	flag_red	CC0 1.0	node tools/tai_itch.mjs <tac-gia>/<goi> o repo quoc-chien
assets_source/kaykit-medieval-hexagon/KayKit_Medieval_Hexagon_Pack_1.0_FREE/Assets/fbx(unity)/decoration/props	flag_yellow	CC0 1.0	node tools/tai_itch.mjs <tac-gia>/<goi> o repo quoc-chien
assets_source/kaykit-medieval-hexagon/KayKit_Medieval_Hexagon_Pack_1.0_FREE/Assets/fbx(unity)/decoration/props	ladder	CC0 1.0	node tools/tai_itch.mjs <tac-gia>/<goi> o repo quoc-chien
assets_source/kaykit-medieval-hexagon/KayKit_Medieval_Hexagon_Pack_1.0_FREE/Assets/fbx(unity)/decoration/props	pallet	CC0 1.0	node tools/tai_itch.mjs <tac-gia>/<goi> o repo quoc-chien
assets_source/kaykit-medieval-hexagon/KayKit_Medieval_Hexagon_Pack_1.0_FREE/Assets/fbx(unity)/decoration/props	resource_lumber	CC0 1.0	node tools/tai_itch.mjs <tac-gia>/<goi> o repo quoc-chien
assets_source/kaykit-medieval-hexagon/KayKit_Medieval_Hexagon_Pack_1.0_FREE/Assets/fbx(unity)/decoration/props	resource_stone	CC0 1.0	node tools/tai_itch.mjs <tac-gia>/<goi> o repo quoc-chien
assets_source/kaykit-medieval-hexagon/KayKit_Medieval_Hexagon_Pack_1.0_FREE/Assets/fbx(unity)/decoration/props	sack	CC0 1.0	node tools/tai_itch.mjs <tac-gia>/<goi> o repo quoc-chien
assets_source/kaykit-medieval-hexagon/KayKit_Medieval_Hexagon_Pack_1.0_FREE/Assets/fbx(unity)/decoration/props	target	CC0 1.0	node tools/tai_itch.mjs <tac-gia>/<goi> o repo quoc-chien
assets_source/kaykit-medieval-hexagon/KayKit_Medieval_Hexagon_Pack_1.0_FREE/Assets/fbx(unity)/decoration/props	tent	CC0 1.0	node tools/tai_itch.mjs <tac-gia>/<goi> o repo quoc-chien
assets_source/kaykit-medieval-hexagon/KayKit_Medieval_Hexagon_Pack_1.0_FREE/Assets/fbx(unity)/decoration/props	weaponrack	CC0 1.0	node tools/tai_itch.mjs <tac-gia>/<goi> o repo quoc-chien
assets_source/kaykit-medieval-hexagon/KayKit_Medieval_Hexagon_Pack_1.0_FREE/Assets/fbx(unity)/decoration/props	wheelbarrow	CC0 1.0	node tools/tai_itch.mjs <tac-gia>/<goi> o repo quoc-chien
assets_source/kaykit-medieval-hexagon/KayKit_Medieval_Hexagon_Pack_1.0_FREE/Assets/fbx(unity)/tiles/base	hex_grass	CC0 1.0	node tools/tai_itch.mjs <tac-gia>/<goi> o repo quoc-chien
assets_source/kaykit-medieval-hexagon/KayKit_Medieval_Hexagon_Pack_1.0_FREE/Assets/fbx(unity)/tiles/base	hex_grass_bottom	CC0 1.0	node tools/tai_itch.mjs <tac-gia>/<goi> o repo quoc-chien
assets_source/kaykit-medieval-hexagon/KayKit_Medieval_Hexagon_Pack_1.0_FREE/Assets/fbx(unity)/tiles/base	hex_grass_sloped_high	CC0 1.0	node tools/tai_itch.mjs <tac-gia>/<goi> o repo quoc-chien
assets_source/kaykit-medieval-hexagon/KayKit_Medieval_Hexagon_Pack_1.0_FREE/Assets/fbx(unity)/tiles/base	hex_grass_sloped_low	CC0 1.0	node tools/tai_itch.mjs <tac-gia>/<goi> o repo quoc-chien
assets_source/kaykit-medieval-hexagon/KayKit_Medieval_Hexagon_Pack_1.0_FREE/Assets/fbx(unity)/tiles/base	hex_water	CC0 1.0	node tools/tai_itch.mjs <tac-gia>/<goi> o repo quoc-chien
assets_source/kaykit-medieval-hexagon/KayKit_Medieval_Hexagon_Pack_1.0_FREE/Assets/fbx(unity)/tiles/coast/waterless	hex_coast_A_waterless	CC0 1.0	node tools/tai_itch.mjs <tac-gia>/<goi> o repo quoc-chien
assets_source/kaykit-medieval-hexagon/KayKit_Medieval_Hexagon_Pack_1.0_FREE/Assets/fbx(unity)/tiles/coast/waterless	hex_coast_B_waterless	CC0 1.0	node tools/tai_itch.mjs <tac-gia>/<goi> o repo quoc-chien
assets_source/kaykit-medieval-hexagon/KayKit_Medieval_Hexagon_Pack_1.0_FREE/Assets/fbx(unity)/tiles/coast/waterless	hex_coast_C_waterless	CC0 1.0	node tools/tai_itch.mjs <tac-gia>/<goi> o repo quoc-chien
assets_source/kaykit-medieval-hexagon/KayKit_Medieval_Hexagon_Pack_1.0_FREE/Assets/fbx(unity)/tiles/coast/waterless	hex_coast_D_waterless	CC0 1.0	node tools/tai_itch.mjs <tac-gia>/<goi> o repo quoc-chien
assets_source/kaykit-medieval-hexagon/KayKit_Medieval_Hexagon_Pack_1.0_FREE/Assets/fbx(unity)/tiles/coast/waterless	hex_coast_E_waterless	CC0 1.0	node tools/tai_itch.mjs <tac-gia>/<goi> o repo quoc-chien
assets_source/kaykit-medieval-hexagon/KayKit_Medieval_Hexagon_Pack_1.0_FREE/Assets/fbx(unity)/tiles/coast	hex_coast_A	CC0 1.0	node tools/tai_itch.mjs <tac-gia>/<goi> o repo quoc-chien
assets_source/kaykit-medieval-hexagon/KayKit_Medieval_Hexagon_Pack_1.0_FREE/Assets/fbx(unity)/tiles/coast	hex_coast_B	CC0 1.0	node tools/tai_itch.mjs <tac-gia>/<goi> o repo quoc-chien
assets_source/kaykit-medieval-hexagon/KayKit_Medieval_Hexagon_Pack_1.0_FREE/Assets/fbx(unity)/tiles/coast	hex_coast_C	CC0 1.0	node tools/tai_itch.mjs <tac-gia>/<goi> o repo quoc-chien
assets_source/kaykit-medieval-hexagon/KayKit_Medieval_Hexagon_Pack_1.0_FREE/Assets/fbx(unity)/tiles/coast	hex_coast_D	CC0 1.0	node tools/tai_itch.mjs <tac-gia>/<goi> o repo quoc-chien
assets_source/kaykit-medieval-hexagon/KayKit_Medieval_Hexagon_Pack_1.0_FREE/Assets/fbx(unity)/tiles/coast	hex_coast_E	CC0 1.0	node tools/tai_itch.mjs <tac-gia>/<goi> o repo quoc-chien
assets_source/kaykit-medieval-hexagon/KayKit_Medieval_Hexagon_Pack_1.0_FREE/Assets/fbx(unity)/tiles/rivers/waterless	hex_river_A_curvy_waterless	CC0 1.0	node tools/tai_itch.mjs <tac-gia>/<goi> o repo quoc-chien
assets_source/kaykit-medieval-hexagon/KayKit_Medieval_Hexagon_Pack_1.0_FREE/Assets/fbx(unity)/tiles/rivers/waterless	hex_river_A_waterless	CC0 1.0	node tools/tai_itch.mjs <tac-gia>/<goi> o repo quoc-chien
assets_source/kaykit-medieval-hexagon/KayKit_Medieval_Hexagon_Pack_1.0_FREE/Assets/fbx(unity)/tiles/rivers/waterless	hex_river_B_waterless	CC0 1.0	node tools/tai_itch.mjs <tac-gia>/<goi> o repo quoc-chien
assets_source/kaykit-medieval-hexagon/KayKit_Medieval_Hexagon_Pack_1.0_FREE/Assets/fbx(unity)/tiles/rivers/waterless	hex_river_C_waterless	CC0 1.0	node tools/tai_itch.mjs <tac-gia>/<goi> o repo quoc-chien
assets_source/kaykit-medieval-hexagon/KayKit_Medieval_Hexagon_Pack_1.0_FREE/Assets/fbx(unity)/tiles/rivers/waterless	hex_river_D_waterless	CC0 1.0	node tools/tai_itch.mjs <tac-gia>/<goi> o repo quoc-chien
assets_source/kaykit-medieval-hexagon/KayKit_Medieval_Hexagon_Pack_1.0_FREE/Assets/fbx(unity)/tiles/rivers/waterless	hex_river_E_waterless	CC0 1.0	node tools/tai_itch.mjs <tac-gia>/<goi> o repo quoc-chien
assets_source/kaykit-medieval-hexagon/KayKit_Medieval_Hexagon_Pack_1.0_FREE/Assets/fbx(unity)/tiles/rivers/waterless	hex_river_F_waterless	CC0 1.0	node tools/tai_itch.mjs <tac-gia>/<goi> o repo quoc-chien
assets_source/kaykit-medieval-hexagon/KayKit_Medieval_Hexagon_Pack_1.0_FREE/Assets/fbx(unity)/tiles/rivers/waterless	hex_river_G_waterless	CC0 1.0	node tools/tai_itch.mjs <tac-gia>/<goi> o repo quoc-chien
assets_source/kaykit-medieval-hexagon/KayKit_Medieval_Hexagon_Pack_1.0_FREE/Assets/fbx(unity)/tiles/rivers/waterless	hex_river_H_waterless	CC0 1.0	node tools/tai_itch.mjs <tac-gia>/<goi> o repo quoc-chien
assets_source/kaykit-medieval-hexagon/KayKit_Medieval_Hexagon_Pack_1.0_FREE/Assets/fbx(unity)/tiles/rivers/waterless	hex_river_I_waterless	CC0 1.0	node tools/tai_itch.mjs <tac-gia>/<goi> o repo quoc-chien
assets_source/kaykit-medieval-hexagon/KayKit_Medieval_Hexagon_Pack_1.0_FREE/Assets/fbx(unity)/tiles/rivers/waterless	hex_river_J_waterless	CC0 1.0	node tools/tai_itch.mjs <tac-gia>/<goi> o repo quoc-chien
assets_source/kaykit-medieval-hexagon/KayKit_Medieval_Hexagon_Pack_1.0_FREE/Assets/fbx(unity)/tiles/rivers/waterless	hex_river_K_waterless	CC0 1.0	node tools/tai_itch.mjs <tac-gia>/<goi> o repo quoc-chien
assets_source/kaykit-medieval-hexagon/KayKit_Medieval_Hexagon_Pack_1.0_FREE/Assets/fbx(unity)/tiles/rivers/waterless	hex_river_L_waterless	CC0 1.0	node tools/tai_itch.mjs <tac-gia>/<goi> o repo quoc-chien
assets_source/kaykit-medieval-hexagon/KayKit_Medieval_Hexagon_Pack_1.0_FREE/Assets/fbx(unity)/tiles/rivers/waterless	hex_river_crossing_A_waterless	CC0 1.0	node tools/tai_itch.mjs <tac-gia>/<goi> o repo quoc-chien
assets_source/kaykit-medieval-hexagon/KayKit_Medieval_Hexagon_Pack_1.0_FREE/Assets/fbx(unity)/tiles/rivers/waterless	hex_river_crossing_B_waterless	CC0 1.0	node tools/tai_itch.mjs <tac-gia>/<goi> o repo quoc-chien
assets_source/kaykit-medieval-hexagon/KayKit_Medieval_Hexagon_Pack_1.0_FREE/Assets/fbx(unity)/tiles/rivers	hex_river_A	CC0 1.0	node tools/tai_itch.mjs <tac-gia>/<goi> o repo quoc-chien
assets_source/kaykit-medieval-hexagon/KayKit_Medieval_Hexagon_Pack_1.0_FREE/Assets/fbx(unity)/tiles/rivers	hex_river_A_curvy	CC0 1.0	node tools/tai_itch.mjs <tac-gia>/<goi> o repo quoc-chien
assets_source/kaykit-medieval-hexagon/KayKit_Medieval_Hexagon_Pack_1.0_FREE/Assets/fbx(unity)/tiles/rivers	hex_river_B	CC0 1.0	node tools/tai_itch.mjs <tac-gia>/<goi> o repo quoc-chien
assets_source/kaykit-medieval-hexagon/KayKit_Medieval_Hexagon_Pack_1.0_FREE/Assets/fbx(unity)/tiles/rivers	hex_river_C	CC0 1.0	node tools/tai_itch.mjs <tac-gia>/<goi> o repo quoc-chien
assets_source/kaykit-medieval-hexagon/KayKit_Medieval_Hexagon_Pack_1.0_FREE/Assets/fbx(unity)/tiles/rivers	hex_river_D	CC0 1.0	node tools/tai_itch.mjs <tac-gia>/<goi> o repo quoc-chien
assets_source/kaykit-medieval-hexagon/KayKit_Medieval_Hexagon_Pack_1.0_FREE/Assets/fbx(unity)/tiles/rivers	hex_river_E	CC0 1.0	node tools/tai_itch.mjs <tac-gia>/<goi> o repo quoc-chien
assets_source/kaykit-medieval-hexagon/KayKit_Medieval_Hexagon_Pack_1.0_FREE/Assets/fbx(unity)/tiles/rivers	hex_river_F	CC0 1.0	node tools/tai_itch.mjs <tac-gia>/<goi> o repo quoc-chien
assets_source/kaykit-medieval-hexagon/KayKit_Medieval_Hexagon_Pack_1.0_FREE/Assets/fbx(unity)/tiles/rivers	hex_river_G	CC0 1.0	node tools/tai_itch.mjs <tac-gia>/<goi> o repo quoc-chien
assets_source/kaykit-medieval-hexagon/KayKit_Medieval_Hexagon_Pack_1.0_FREE/Assets/fbx(unity)/tiles/rivers	hex_river_H	CC0 1.0	node tools/tai_itch.mjs <tac-gia>/<goi> o repo quoc-chien
assets_source/kaykit-medieval-hexagon/KayKit_Medieval_Hexagon_Pack_1.0_FREE/Assets/fbx(unity)/tiles/rivers	hex_river_I	CC0 1.0	node tools/tai_itch.mjs <tac-gia>/<goi> o repo quoc-chien
assets_source/kaykit-medieval-hexagon/KayKit_Medieval_Hexagon_Pack_1.0_FREE/Assets/fbx(unity)/tiles/rivers	hex_river_J	CC0 1.0	node tools/tai_itch.mjs <tac-gia>/<goi> o repo quoc-chien
assets_source/kaykit-medieval-hexagon/KayKit_Medieval_Hexagon_Pack_1.0_FREE/Assets/fbx(unity)/tiles/rivers	hex_river_K	CC0 1.0	node tools/tai_itch.mjs <tac-gia>/<goi> o repo quoc-chien
assets_source/kaykit-medieval-hexagon/KayKit_Medieval_Hexagon_Pack_1.0_FREE/Assets/fbx(unity)/tiles/rivers	hex_river_L	CC0 1.0	node tools/tai_itch.mjs <tac-gia>/<goi> o repo quoc-chien
assets_source/kaykit-medieval-hexagon/KayKit_Medieval_Hexagon_Pack_1.0_FREE/Assets/fbx(unity)/tiles/rivers	hex_river_crossing_A	CC0 1.0	node tools/tai_itch.mjs <tac-gia>/<goi> o repo quoc-chien
assets_source/kaykit-medieval-hexagon/KayKit_Medieval_Hexagon_Pack_1.0_FREE/Assets/fbx(unity)/tiles/rivers	hex_river_crossing_B	CC0 1.0	node tools/tai_itch.mjs <tac-gia>/<goi> o repo quoc-chien
assets_source/kaykit-medieval-hexagon/KayKit_Medieval_Hexagon_Pack_1.0_FREE/Assets/fbx(unity)/tiles/roads	hex_road_A	CC0 1.0	node tools/tai_itch.mjs <tac-gia>/<goi> o repo quoc-chien
assets_source/kaykit-medieval-hexagon/KayKit_Medieval_Hexagon_Pack_1.0_FREE/Assets/fbx(unity)/tiles/roads	hex_road_A_sloped_high	CC0 1.0	node tools/tai_itch.mjs <tac-gia>/<goi> o repo quoc-chien
assets_source/kaykit-medieval-hexagon/KayKit_Medieval_Hexagon_Pack_1.0_FREE/Assets/fbx(unity)/tiles/roads	hex_road_A_sloped_low	CC0 1.0	node tools/tai_itch.mjs <tac-gia>/<goi> o repo quoc-chien
assets_source/kaykit-medieval-hexagon/KayKit_Medieval_Hexagon_Pack_1.0_FREE/Assets/fbx(unity)/tiles/roads	hex_road_B	CC0 1.0	node tools/tai_itch.mjs <tac-gia>/<goi> o repo quoc-chien
assets_source/kaykit-medieval-hexagon/KayKit_Medieval_Hexagon_Pack_1.0_FREE/Assets/fbx(unity)/tiles/roads	hex_road_C	CC0 1.0	node tools/tai_itch.mjs <tac-gia>/<goi> o repo quoc-chien
assets_source/kaykit-medieval-hexagon/KayKit_Medieval_Hexagon_Pack_1.0_FREE/Assets/fbx(unity)/tiles/roads	hex_road_D	CC0 1.0	node tools/tai_itch.mjs <tac-gia>/<goi> o repo quoc-chien
assets_source/kaykit-medieval-hexagon/KayKit_Medieval_Hexagon_Pack_1.0_FREE/Assets/fbx(unity)/tiles/roads	hex_road_E	CC0 1.0	node tools/tai_itch.mjs <tac-gia>/<goi> o repo quoc-chien
assets_source/kaykit-medieval-hexagon/KayKit_Medieval_Hexagon_Pack_1.0_FREE/Assets/fbx(unity)/tiles/roads	hex_road_F	CC0 1.0	node tools/tai_itch.mjs <tac-gia>/<goi> o repo quoc-chien
assets_source/kaykit-medieval-hexagon/KayKit_Medieval_Hexagon_Pack_1.0_FREE/Assets/fbx(unity)/tiles/roads	hex_road_G	CC0 1.0	node tools/tai_itch.mjs <tac-gia>/<goi> o repo quoc-chien
assets_source/kaykit-medieval-hexagon/KayKit_Medieval_Hexagon_Pack_1.0_FREE/Assets/fbx(unity)/tiles/roads	hex_road_H	CC0 1.0	node tools/tai_itch.mjs <tac-gia>/<goi> o repo quoc-chien
assets_source/kaykit-medieval-hexagon/KayKit_Medieval_Hexagon_Pack_1.0_FREE/Assets/fbx(unity)/tiles/roads	hex_road_I	CC0 1.0	node tools/tai_itch.mjs <tac-gia>/<goi> o repo quoc-chien
assets_source/kaykit-medieval-hexagon/KayKit_Medieval_Hexagon_Pack_1.0_FREE/Assets/fbx(unity)/tiles/roads	hex_road_J	CC0 1.0	node tools/tai_itch.mjs <tac-gia>/<goi> o repo quoc-chien
assets_source/kaykit-medieval-hexagon/KayKit_Medieval_Hexagon_Pack_1.0_FREE/Assets/fbx(unity)/tiles/roads	hex_road_K	CC0 1.0	node tools/tai_itch.mjs <tac-gia>/<goi> o repo quoc-chien
assets_source/kaykit-medieval-hexagon/KayKit_Medieval_Hexagon_Pack_1.0_FREE/Assets/fbx(unity)/tiles/roads	hex_road_L	CC0 1.0	node tools/tai_itch.mjs <tac-gia>/<goi> o repo quoc-chien
assets_source/kaykit-medieval-hexagon/KayKit_Medieval_Hexagon_Pack_1.0_FREE/Assets/fbx(unity)/tiles/roads	hex_road_M	CC0 1.0	node tools/tai_itch.mjs <tac-gia>/<goi> o repo quoc-chien
assets_source/kaykit-medieval-hexagon/KayKit_Medieval_Hexagon_Pack_1.0_FREE/Assets/gltf/buildings/blue	building_archeryrange_blue	CC0 1.0	node tools/tai_itch.mjs <tac-gia>/<goi> o repo quoc-chien
assets_source/kaykit-medieval-hexagon/KayKit_Medieval_Hexagon_Pack_1.0_FREE/Assets/gltf/buildings/blue	building_barracks_blue	CC0 1.0	node tools/tai_itch.mjs <tac-gia>/<goi> o repo quoc-chien
assets_source/kaykit-medieval-hexagon/KayKit_Medieval_Hexagon_Pack_1.0_FREE/Assets/gltf/buildings/blue	building_blacksmith_blue	CC0 1.0	node tools/tai_itch.mjs <tac-gia>/<goi> o repo quoc-chien
assets_source/kaykit-medieval-hexagon/KayKit_Medieval_Hexagon_Pack_1.0_FREE/Assets/gltf/buildings/blue	building_castle_blue	CC0 1.0	node tools/tai_itch.mjs <tac-gia>/<goi> o repo quoc-chien
assets_source/kaykit-medieval-hexagon/KayKit_Medieval_Hexagon_Pack_1.0_FREE/Assets/gltf/buildings/blue	building_church_blue	CC0 1.0	node tools/tai_itch.mjs <tac-gia>/<goi> o repo quoc-chien
assets_source/kaykit-medieval-hexagon/KayKit_Medieval_Hexagon_Pack_1.0_FREE/Assets/gltf/buildings/blue	building_home_A_blue	CC0 1.0	node tools/tai_itch.mjs <tac-gia>/<goi> o repo quoc-chien
assets_source/kaykit-medieval-hexagon/KayKit_Medieval_Hexagon_Pack_1.0_FREE/Assets/gltf/buildings/blue	building_home_B_blue	CC0 1.0	node tools/tai_itch.mjs <tac-gia>/<goi> o repo quoc-chien
assets_source/kaykit-medieval-hexagon/KayKit_Medieval_Hexagon_Pack_1.0_FREE/Assets/gltf/buildings/blue	building_lumbermill_blue	CC0 1.0	node tools/tai_itch.mjs <tac-gia>/<goi> o repo quoc-chien
assets_source/kaykit-medieval-hexagon/KayKit_Medieval_Hexagon_Pack_1.0_FREE/Assets/gltf/buildings/blue	building_market_blue	CC0 1.0	node tools/tai_itch.mjs <tac-gia>/<goi> o repo quoc-chien
assets_source/kaykit-medieval-hexagon/KayKit_Medieval_Hexagon_Pack_1.0_FREE/Assets/gltf/buildings/blue	building_mine_blue	CC0 1.0	node tools/tai_itch.mjs <tac-gia>/<goi> o repo quoc-chien
assets_source/kaykit-medieval-hexagon/KayKit_Medieval_Hexagon_Pack_1.0_FREE/Assets/gltf/buildings/blue	building_tavern_blue	CC0 1.0	node tools/tai_itch.mjs <tac-gia>/<goi> o repo quoc-chien
assets_source/kaykit-medieval-hexagon/KayKit_Medieval_Hexagon_Pack_1.0_FREE/Assets/gltf/buildings/blue	building_tower_A_blue	CC0 1.0	node tools/tai_itch.mjs <tac-gia>/<goi> o repo quoc-chien
assets_source/kaykit-medieval-hexagon/KayKit_Medieval_Hexagon_Pack_1.0_FREE/Assets/gltf/buildings/blue	building_tower_B_blue	CC0 1.0	node tools/tai_itch.mjs <tac-gia>/<goi> o repo quoc-chien
assets_source/kaykit-medieval-hexagon/KayKit_Medieval_Hexagon_Pack_1.0_FREE/Assets/gltf/buildings/blue	building_tower_base_blue	CC0 1.0	node tools/tai_itch.mjs <tac-gia>/<goi> o repo quoc-chien
assets_source/kaykit-medieval-hexagon/KayKit_Medieval_Hexagon_Pack_1.0_FREE/Assets/gltf/buildings/blue	building_tower_catapult_blue	CC0 1.0	node tools/tai_itch.mjs <tac-gia>/<goi> o repo quoc-chien
assets_source/kaykit-medieval-hexagon/KayKit_Medieval_Hexagon_Pack_1.0_FREE/Assets/gltf/buildings/blue	building_watermill_blue	CC0 1.0	node tools/tai_itch.mjs <tac-gia>/<goi> o repo quoc-chien
assets_source/kaykit-medieval-hexagon/KayKit_Medieval_Hexagon_Pack_1.0_FREE/Assets/gltf/buildings/blue	building_well_blue	CC0 1.0	node tools/tai_itch.mjs <tac-gia>/<goi> o repo quoc-chien
assets_source/kaykit-medieval-hexagon/KayKit_Medieval_Hexagon_Pack_1.0_FREE/Assets/gltf/buildings/blue	building_windmill_blue	CC0 1.0	node tools/tai_itch.mjs <tac-gia>/<goi> o repo quoc-chien
assets_source/kaykit-medieval-hexagon/KayKit_Medieval_Hexagon_Pack_1.0_FREE/Assets/gltf/buildings/green	building_archeryrange_green	CC0 1.0	node tools/tai_itch.mjs <tac-gia>/<goi> o repo quoc-chien
assets_source/kaykit-medieval-hexagon/KayKit_Medieval_Hexagon_Pack_1.0_FREE/Assets/gltf/buildings/green	building_barracks_green	CC0 1.0	node tools/tai_itch.mjs <tac-gia>/<goi> o repo quoc-chien
assets_source/kaykit-medieval-hexagon/KayKit_Medieval_Hexagon_Pack_1.0_FREE/Assets/gltf/buildings/green	building_blacksmith_green	CC0 1.0	node tools/tai_itch.mjs <tac-gia>/<goi> o repo quoc-chien
assets_source/kaykit-medieval-hexagon/KayKit_Medieval_Hexagon_Pack_1.0_FREE/Assets/gltf/buildings/green	building_castle_green	CC0 1.0	node tools/tai_itch.mjs <tac-gia>/<goi> o repo quoc-chien
assets_source/kaykit-medieval-hexagon/KayKit_Medieval_Hexagon_Pack_1.0_FREE/Assets/gltf/buildings/green	building_church_green	CC0 1.0	node tools/tai_itch.mjs <tac-gia>/<goi> o repo quoc-chien
assets_source/kaykit-medieval-hexagon/KayKit_Medieval_Hexagon_Pack_1.0_FREE/Assets/gltf/buildings/green	building_home_A_green	CC0 1.0	node tools/tai_itch.mjs <tac-gia>/<goi> o repo quoc-chien
assets_source/kaykit-medieval-hexagon/KayKit_Medieval_Hexagon_Pack_1.0_FREE/Assets/gltf/buildings/green	building_home_B_green	CC0 1.0	node tools/tai_itch.mjs <tac-gia>/<goi> o repo quoc-chien
assets_source/kaykit-medieval-hexagon/KayKit_Medieval_Hexagon_Pack_1.0_FREE/Assets/gltf/buildings/green	building_lumbermill_green	CC0 1.0	node tools/tai_itch.mjs <tac-gia>/<goi> o repo quoc-chien
assets_source/kaykit-medieval-hexagon/KayKit_Medieval_Hexagon_Pack_1.0_FREE/Assets/gltf/buildings/green	building_market_green	CC0 1.0	node tools/tai_itch.mjs <tac-gia>/<goi> o repo quoc-chien
assets_source/kaykit-medieval-hexagon/KayKit_Medieval_Hexagon_Pack_1.0_FREE/Assets/gltf/buildings/green	building_mine_green	CC0 1.0	node tools/tai_itch.mjs <tac-gia>/<goi> o repo quoc-chien
assets_source/kaykit-medieval-hexagon/KayKit_Medieval_Hexagon_Pack_1.0_FREE/Assets/gltf/buildings/green	building_tavern_green	CC0 1.0	node tools/tai_itch.mjs <tac-gia>/<goi> o repo quoc-chien
assets_source/kaykit-medieval-hexagon/KayKit_Medieval_Hexagon_Pack_1.0_FREE/Assets/gltf/buildings/green	building_tower_A_green	CC0 1.0	node tools/tai_itch.mjs <tac-gia>/<goi> o repo quoc-chien
assets_source/kaykit-medieval-hexagon/KayKit_Medieval_Hexagon_Pack_1.0_FREE/Assets/gltf/buildings/green	building_tower_B_green	CC0 1.0	node tools/tai_itch.mjs <tac-gia>/<goi> o repo quoc-chien
assets_source/kaykit-medieval-hexagon/KayKit_Medieval_Hexagon_Pack_1.0_FREE/Assets/gltf/buildings/green	building_tower_base_green	CC0 1.0	node tools/tai_itch.mjs <tac-gia>/<goi> o repo quoc-chien
assets_source/kaykit-medieval-hexagon/KayKit_Medieval_Hexagon_Pack_1.0_FREE/Assets/gltf/buildings/green	building_tower_catapult_green	CC0 1.0	node tools/tai_itch.mjs <tac-gia>/<goi> o repo quoc-chien
assets_source/kaykit-medieval-hexagon/KayKit_Medieval_Hexagon_Pack_1.0_FREE/Assets/gltf/buildings/green	building_watermill_green	CC0 1.0	node tools/tai_itch.mjs <tac-gia>/<goi> o repo quoc-chien
assets_source/kaykit-medieval-hexagon/KayKit_Medieval_Hexagon_Pack_1.0_FREE/Assets/gltf/buildings/green	building_well_green	CC0 1.0	node tools/tai_itch.mjs <tac-gia>/<goi> o repo quoc-chien
assets_source/kaykit-medieval-hexagon/KayKit_Medieval_Hexagon_Pack_1.0_FREE/Assets/gltf/buildings/green	building_windmill_green	CC0 1.0	node tools/tai_itch.mjs <tac-gia>/<goi> o repo quoc-chien
assets_source/kaykit-medieval-hexagon/KayKit_Medieval_Hexagon_Pack_1.0_FREE/Assets/gltf/buildings/neutral	building_bridge_A	CC0 1.0	node tools/tai_itch.mjs <tac-gia>/<goi> o repo quoc-chien
assets_source/kaykit-medieval-hexagon/KayKit_Medieval_Hexagon_Pack_1.0_FREE/Assets/gltf/buildings/neutral	building_bridge_B	CC0 1.0	node tools/tai_itch.mjs <tac-gia>/<goi> o repo quoc-chien
assets_source/kaykit-medieval-hexagon/KayKit_Medieval_Hexagon_Pack_1.0_FREE/Assets/gltf/buildings/neutral	building_destroyed	CC0 1.0	node tools/tai_itch.mjs <tac-gia>/<goi> o repo quoc-chien
assets_source/kaykit-medieval-hexagon/KayKit_Medieval_Hexagon_Pack_1.0_FREE/Assets/gltf/buildings/neutral	building_dirt	CC0 1.0	node tools/tai_itch.mjs <tac-gia>/<goi> o repo quoc-chien
assets_source/kaykit-medieval-hexagon/KayKit_Medieval_Hexagon_Pack_1.0_FREE/Assets/gltf/buildings/neutral	building_grain	CC0 1.0	node tools/tai_itch.mjs <tac-gia>/<goi> o repo quoc-chien
assets_source/kaykit-medieval-hexagon/KayKit_Medieval_Hexagon_Pack_1.0_FREE/Assets/gltf/buildings/neutral	building_scaffolding	CC0 1.0	node tools/tai_itch.mjs <tac-gia>/<goi> o repo quoc-chien
assets_source/kaykit-medieval-hexagon/KayKit_Medieval_Hexagon_Pack_1.0_FREE/Assets/gltf/buildings/neutral	building_stage_A	CC0 1.0	node tools/tai_itch.mjs <tac-gia>/<goi> o repo quoc-chien
assets_source/kaykit-medieval-hexagon/KayKit_Medieval_Hexagon_Pack_1.0_FREE/Assets/gltf/buildings/neutral	building_stage_B	CC0 1.0	node tools/tai_itch.mjs <tac-gia>/<goi> o repo quoc-chien
assets_source/kaykit-medieval-hexagon/KayKit_Medieval_Hexagon_Pack_1.0_FREE/Assets/gltf/buildings/neutral	building_stage_C	CC0 1.0	node tools/tai_itch.mjs <tac-gia>/<goi> o repo quoc-chien
assets_source/kaykit-medieval-hexagon/KayKit_Medieval_Hexagon_Pack_1.0_FREE/Assets/gltf/buildings/neutral	fence_stone_straight	CC0 1.0	node tools/tai_itch.mjs <tac-gia>/<goi> o repo quoc-chien
assets_source/kaykit-medieval-hexagon/KayKit_Medieval_Hexagon_Pack_1.0_FREE/Assets/gltf/buildings/neutral	fence_stone_straight_gate	CC0 1.0	node tools/tai_itch.mjs <tac-gia>/<goi> o repo quoc-chien
assets_source/kaykit-medieval-hexagon/KayKit_Medieval_Hexagon_Pack_1.0_FREE/Assets/gltf/buildings/neutral	fence_wood_straight	CC0 1.0	node tools/tai_itch.mjs <tac-gia>/<goi> o repo quoc-chien
assets_source/kaykit-medieval-hexagon/KayKit_Medieval_Hexagon_Pack_1.0_FREE/Assets/gltf/buildings/neutral	fence_wood_straight_gate	CC0 1.0	node tools/tai_itch.mjs <tac-gia>/<goi> o repo quoc-chien
assets_source/kaykit-medieval-hexagon/KayKit_Medieval_Hexagon_Pack_1.0_FREE/Assets/gltf/buildings/neutral	projectile_catapult	CC0 1.0	node tools/tai_itch.mjs <tac-gia>/<goi> o repo quoc-chien
assets_source/kaykit-medieval-hexagon/KayKit_Medieval_Hexagon_Pack_1.0_FREE/Assets/gltf/buildings/neutral	wall_corner_A_gate	CC0 1.0	node tools/tai_itch.mjs <tac-gia>/<goi> o repo quoc-chien
assets_source/kaykit-medieval-hexagon/KayKit_Medieval_Hexagon_Pack_1.0_FREE/Assets/gltf/buildings/neutral	wall_corner_A_inside	CC0 1.0	node tools/tai_itch.mjs <tac-gia>/<goi> o repo quoc-chien
assets_source/kaykit-medieval-hexagon/KayKit_Medieval_Hexagon_Pack_1.0_FREE/Assets/gltf/buildings/neutral	wall_corner_A_outside	CC0 1.0	node tools/tai_itch.mjs <tac-gia>/<goi> o repo quoc-chien
assets_source/kaykit-medieval-hexagon/KayKit_Medieval_Hexagon_Pack_1.0_FREE/Assets/gltf/buildings/neutral	wall_corner_B_inside	CC0 1.0	node tools/tai_itch.mjs <tac-gia>/<goi> o repo quoc-chien
assets_source/kaykit-medieval-hexagon/KayKit_Medieval_Hexagon_Pack_1.0_FREE/Assets/gltf/buildings/neutral	wall_corner_B_outside	CC0 1.0	node tools/tai_itch.mjs <tac-gia>/<goi> o repo quoc-chien
assets_source/kaykit-medieval-hexagon/KayKit_Medieval_Hexagon_Pack_1.0_FREE/Assets/gltf/buildings/neutral	wall_straight	CC0 1.0	node tools/tai_itch.mjs <tac-gia>/<goi> o repo quoc-chien
assets_source/kaykit-medieval-hexagon/KayKit_Medieval_Hexagon_Pack_1.0_FREE/Assets/gltf/buildings/neutral	wall_straight_gate	CC0 1.0	node tools/tai_itch.mjs <tac-gia>/<goi> o repo quoc-chien
assets_source/kaykit-medieval-hexagon/KayKit_Medieval_Hexagon_Pack_1.0_FREE/Assets/gltf/buildings/red	building_archeryrange_red	CC0 1.0	node tools/tai_itch.mjs <tac-gia>/<goi> o repo quoc-chien
assets_source/kaykit-medieval-hexagon/KayKit_Medieval_Hexagon_Pack_1.0_FREE/Assets/gltf/buildings/red	building_barracks_red	CC0 1.0	node tools/tai_itch.mjs <tac-gia>/<goi> o repo quoc-chien
assets_source/kaykit-medieval-hexagon/KayKit_Medieval_Hexagon_Pack_1.0_FREE/Assets/gltf/buildings/red	building_blacksmith_red	CC0 1.0	node tools/tai_itch.mjs <tac-gia>/<goi> o repo quoc-chien
assets_source/kaykit-medieval-hexagon/KayKit_Medieval_Hexagon_Pack_1.0_FREE/Assets/gltf/buildings/red	building_castle_red	CC0 1.0	node tools/tai_itch.mjs <tac-gia>/<goi> o repo quoc-chien
assets_source/kaykit-medieval-hexagon/KayKit_Medieval_Hexagon_Pack_1.0_FREE/Assets/gltf/buildings/red	building_church_red	CC0 1.0	node tools/tai_itch.mjs <tac-gia>/<goi> o repo quoc-chien
assets_source/kaykit-medieval-hexagon/KayKit_Medieval_Hexagon_Pack_1.0_FREE/Assets/gltf/buildings/red	building_home_A_red	CC0 1.0	node tools/tai_itch.mjs <tac-gia>/<goi> o repo quoc-chien
assets_source/kaykit-medieval-hexagon/KayKit_Medieval_Hexagon_Pack_1.0_FREE/Assets/gltf/buildings/red	building_home_B_red	CC0 1.0	node tools/tai_itch.mjs <tac-gia>/<goi> o repo quoc-chien
assets_source/kaykit-medieval-hexagon/KayKit_Medieval_Hexagon_Pack_1.0_FREE/Assets/gltf/buildings/red	building_lumbermill_red	CC0 1.0	node tools/tai_itch.mjs <tac-gia>/<goi> o repo quoc-chien
assets_source/kaykit-medieval-hexagon/KayKit_Medieval_Hexagon_Pack_1.0_FREE/Assets/gltf/buildings/red	building_market_red	CC0 1.0	node tools/tai_itch.mjs <tac-gia>/<goi> o repo quoc-chien
assets_source/kaykit-medieval-hexagon/KayKit_Medieval_Hexagon_Pack_1.0_FREE/Assets/gltf/buildings/red	building_mine_red	CC0 1.0	node tools/tai_itch.mjs <tac-gia>/<goi> o repo quoc-chien
assets_source/kaykit-medieval-hexagon/KayKit_Medieval_Hexagon_Pack_1.0_FREE/Assets/gltf/buildings/red	building_tavern_red	CC0 1.0	node tools/tai_itch.mjs <tac-gia>/<goi> o repo quoc-chien
assets_source/kaykit-medieval-hexagon/KayKit_Medieval_Hexagon_Pack_1.0_FREE/Assets/gltf/buildings/red	building_tower_A_red	CC0 1.0	node tools/tai_itch.mjs <tac-gia>/<goi> o repo quoc-chien
assets_source/kaykit-medieval-hexagon/KayKit_Medieval_Hexagon_Pack_1.0_FREE/Assets/gltf/buildings/red	building_tower_B_red	CC0 1.0	node tools/tai_itch.mjs <tac-gia>/<goi> o repo quoc-chien
assets_source/kaykit-medieval-hexagon/KayKit_Medieval_Hexagon_Pack_1.0_FREE/Assets/gltf/buildings/red	building_tower_base_red	CC0 1.0	node tools/tai_itch.mjs <tac-gia>/<goi> o repo quoc-chien
assets_source/kaykit-medieval-hexagon/KayKit_Medieval_Hexagon_Pack_1.0_FREE/Assets/gltf/buildings/red	building_tower_catapult_red	CC0 1.0	node tools/tai_itch.mjs <tac-gia>/<goi> o repo quoc-chien
assets_source/kaykit-medieval-hexagon/KayKit_Medieval_Hexagon_Pack_1.0_FREE/Assets/gltf/buildings/red	building_watermill_red	CC0 1.0	node tools/tai_itch.mjs <tac-gia>/<goi> o repo quoc-chien
assets_source/kaykit-medieval-hexagon/KayKit_Medieval_Hexagon_Pack_1.0_FREE/Assets/gltf/buildings/red	building_well_red	CC0 1.0	node tools/tai_itch.mjs <tac-gia>/<goi> o repo quoc-chien
assets_source/kaykit-medieval-hexagon/KayKit_Medieval_Hexagon_Pack_1.0_FREE/Assets/gltf/buildings/red	building_windmill_red	CC0 1.0	node tools/tai_itch.mjs <tac-gia>/<goi> o repo quoc-chien
assets_source/kaykit-medieval-hexagon/KayKit_Medieval_Hexagon_Pack_1.0_FREE/Assets/gltf/buildings/yellow	building_archeryrange_yellow	CC0 1.0	node tools/tai_itch.mjs <tac-gia>/<goi> o repo quoc-chien
assets_source/kaykit-medieval-hexagon/KayKit_Medieval_Hexagon_Pack_1.0_FREE/Assets/gltf/buildings/yellow	building_barracks_yellow	CC0 1.0	node tools/tai_itch.mjs <tac-gia>/<goi> o repo quoc-chien
assets_source/kaykit-medieval-hexagon/KayKit_Medieval_Hexagon_Pack_1.0_FREE/Assets/gltf/buildings/yellow	building_blacksmith_yellow	CC0 1.0	node tools/tai_itch.mjs <tac-gia>/<goi> o repo quoc-chien
assets_source/kaykit-medieval-hexagon/KayKit_Medieval_Hexagon_Pack_1.0_FREE/Assets/gltf/buildings/yellow	building_castle_yellow	CC0 1.0	node tools/tai_itch.mjs <tac-gia>/<goi> o repo quoc-chien
assets_source/kaykit-medieval-hexagon/KayKit_Medieval_Hexagon_Pack_1.0_FREE/Assets/gltf/buildings/yellow	building_church_yellow	CC0 1.0	node tools/tai_itch.mjs <tac-gia>/<goi> o repo quoc-chien
assets_source/kaykit-medieval-hexagon/KayKit_Medieval_Hexagon_Pack_1.0_FREE/Assets/gltf/buildings/yellow	building_home_A_yellow	CC0 1.0	node tools/tai_itch.mjs <tac-gia>/<goi> o repo quoc-chien
assets_source/kaykit-medieval-hexagon/KayKit_Medieval_Hexagon_Pack_1.0_FREE/Assets/gltf/buildings/yellow	building_home_B_yellow	CC0 1.0	node tools/tai_itch.mjs <tac-gia>/<goi> o repo quoc-chien
assets_source/kaykit-medieval-hexagon/KayKit_Medieval_Hexagon_Pack_1.0_FREE/Assets/gltf/buildings/yellow	building_lumbermill_yellow	CC0 1.0	node tools/tai_itch.mjs <tac-gia>/<goi> o repo quoc-chien
assets_source/kaykit-medieval-hexagon/KayKit_Medieval_Hexagon_Pack_1.0_FREE/Assets/gltf/buildings/yellow	building_market_yellow	CC0 1.0	node tools/tai_itch.mjs <tac-gia>/<goi> o repo quoc-chien
assets_source/kaykit-medieval-hexagon/KayKit_Medieval_Hexagon_Pack_1.0_FREE/Assets/gltf/buildings/yellow	building_mine_yellow	CC0 1.0	node tools/tai_itch.mjs <tac-gia>/<goi> o repo quoc-chien
assets_source/kaykit-medieval-hexagon/KayKit_Medieval_Hexagon_Pack_1.0_FREE/Assets/gltf/buildings/yellow	building_tavern_yellow	CC0 1.0	node tools/tai_itch.mjs <tac-gia>/<goi> o repo quoc-chien
assets_source/kaykit-medieval-hexagon/KayKit_Medieval_Hexagon_Pack_1.0_FREE/Assets/gltf/buildings/yellow	building_tower_A_yellow	CC0 1.0	node tools/tai_itch.mjs <tac-gia>/<goi> o repo quoc-chien
assets_source/kaykit-medieval-hexagon/KayKit_Medieval_Hexagon_Pack_1.0_FREE/Assets/gltf/buildings/yellow	building_tower_B_yellow	CC0 1.0	node tools/tai_itch.mjs <tac-gia>/<goi> o repo quoc-chien
assets_source/kaykit-medieval-hexagon/KayKit_Medieval_Hexagon_Pack_1.0_FREE/Assets/gltf/buildings/yellow	building_tower_base_yellow	CC0 1.0	node tools/tai_itch.mjs <tac-gia>/<goi> o repo quoc-chien
assets_source/kaykit-medieval-hexagon/KayKit_Medieval_Hexagon_Pack_1.0_FREE/Assets/gltf/buildings/yellow	building_tower_catapult_yellow	CC0 1.0	node tools/tai_itch.mjs <tac-gia>/<goi> o repo quoc-chien
assets_source/kaykit-medieval-hexagon/KayKit_Medieval_Hexagon_Pack_1.0_FREE/Assets/gltf/buildings/yellow	building_watermill_yellow	CC0 1.0	node tools/tai_itch.mjs <tac-gia>/<goi> o repo quoc-chien
assets_source/kaykit-medieval-hexagon/KayKit_Medieval_Hexagon_Pack_1.0_FREE/Assets/gltf/buildings/yellow	building_well_yellow	CC0 1.0	node tools/tai_itch.mjs <tac-gia>/<goi> o repo quoc-chien
assets_source/kaykit-medieval-hexagon/KayKit_Medieval_Hexagon_Pack_1.0_FREE/Assets/gltf/buildings/yellow	building_windmill_yellow	CC0 1.0	node tools/tai_itch.mjs <tac-gia>/<goi> o repo quoc-chien
assets_source/kaykit-medieval-hexagon/KayKit_Medieval_Hexagon_Pack_1.0_FREE/Assets/gltf/decoration/nature	cloud_big	CC0 1.0	node tools/tai_itch.mjs <tac-gia>/<goi> o repo quoc-chien
assets_source/kaykit-medieval-hexagon/KayKit_Medieval_Hexagon_Pack_1.0_FREE/Assets/gltf/decoration/nature	cloud_small	CC0 1.0	node tools/tai_itch.mjs <tac-gia>/<goi> o repo quoc-chien
assets_source/kaykit-medieval-hexagon/KayKit_Medieval_Hexagon_Pack_1.0_FREE/Assets/gltf/decoration/nature	hill_single_A	CC0 1.0	node tools/tai_itch.mjs <tac-gia>/<goi> o repo quoc-chien
assets_source/kaykit-medieval-hexagon/KayKit_Medieval_Hexagon_Pack_1.0_FREE/Assets/gltf/decoration/nature	hill_single_B	CC0 1.0	node tools/tai_itch.mjs <tac-gia>/<goi> o repo quoc-chien
assets_source/kaykit-medieval-hexagon/KayKit_Medieval_Hexagon_Pack_1.0_FREE/Assets/gltf/decoration/nature	hill_single_C	CC0 1.0	node tools/tai_itch.mjs <tac-gia>/<goi> o repo quoc-chien
assets_source/kaykit-medieval-hexagon/KayKit_Medieval_Hexagon_Pack_1.0_FREE/Assets/gltf/decoration/nature	hills_A	CC0 1.0	node tools/tai_itch.mjs <tac-gia>/<goi> o repo quoc-chien
assets_source/kaykit-medieval-hexagon/KayKit_Medieval_Hexagon_Pack_1.0_FREE/Assets/gltf/decoration/nature	hills_A_trees	CC0 1.0	node tools/tai_itch.mjs <tac-gia>/<goi> o repo quoc-chien
assets_source/kaykit-medieval-hexagon/KayKit_Medieval_Hexagon_Pack_1.0_FREE/Assets/gltf/decoration/nature	hills_B	CC0 1.0	node tools/tai_itch.mjs <tac-gia>/<goi> o repo quoc-chien
assets_source/kaykit-medieval-hexagon/KayKit_Medieval_Hexagon_Pack_1.0_FREE/Assets/gltf/decoration/nature	hills_B_trees	CC0 1.0	node tools/tai_itch.mjs <tac-gia>/<goi> o repo quoc-chien
assets_source/kaykit-medieval-hexagon/KayKit_Medieval_Hexagon_Pack_1.0_FREE/Assets/gltf/decoration/nature	hills_C	CC0 1.0	node tools/tai_itch.mjs <tac-gia>/<goi> o repo quoc-chien
assets_source/kaykit-medieval-hexagon/KayKit_Medieval_Hexagon_Pack_1.0_FREE/Assets/gltf/decoration/nature	hills_C_trees	CC0 1.0	node tools/tai_itch.mjs <tac-gia>/<goi> o repo quoc-chien
assets_source/kaykit-medieval-hexagon/KayKit_Medieval_Hexagon_Pack_1.0_FREE/Assets/gltf/decoration/nature	mountain_A	CC0 1.0	node tools/tai_itch.mjs <tac-gia>/<goi> o repo quoc-chien
assets_source/kaykit-medieval-hexagon/KayKit_Medieval_Hexagon_Pack_1.0_FREE/Assets/gltf/decoration/nature	mountain_A_grass	CC0 1.0	node tools/tai_itch.mjs <tac-gia>/<goi> o repo quoc-chien
assets_source/kaykit-medieval-hexagon/KayKit_Medieval_Hexagon_Pack_1.0_FREE/Assets/gltf/decoration/nature	mountain_A_grass_trees	CC0 1.0	node tools/tai_itch.mjs <tac-gia>/<goi> o repo quoc-chien
assets_source/kaykit-medieval-hexagon/KayKit_Medieval_Hexagon_Pack_1.0_FREE/Assets/gltf/decoration/nature	mountain_B	CC0 1.0	node tools/tai_itch.mjs <tac-gia>/<goi> o repo quoc-chien
assets_source/kaykit-medieval-hexagon/KayKit_Medieval_Hexagon_Pack_1.0_FREE/Assets/gltf/decoration/nature	mountain_B_grass	CC0 1.0	node tools/tai_itch.mjs <tac-gia>/<goi> o repo quoc-chien
assets_source/kaykit-medieval-hexagon/KayKit_Medieval_Hexagon_Pack_1.0_FREE/Assets/gltf/decoration/nature	mountain_B_grass_trees	CC0 1.0	node tools/tai_itch.mjs <tac-gia>/<goi> o repo quoc-chien
assets_source/kaykit-medieval-hexagon/KayKit_Medieval_Hexagon_Pack_1.0_FREE/Assets/gltf/decoration/nature	mountain_C	CC0 1.0	node tools/tai_itch.mjs <tac-gia>/<goi> o repo quoc-chien
assets_source/kaykit-medieval-hexagon/KayKit_Medieval_Hexagon_Pack_1.0_FREE/Assets/gltf/decoration/nature	mountain_C_grass	CC0 1.0	node tools/tai_itch.mjs <tac-gia>/<goi> o repo quoc-chien
assets_source/kaykit-medieval-hexagon/KayKit_Medieval_Hexagon_Pack_1.0_FREE/Assets/gltf/decoration/nature	mountain_C_grass_trees	CC0 1.0	node tools/tai_itch.mjs <tac-gia>/<goi> o repo quoc-chien
assets_source/kaykit-medieval-hexagon/KayKit_Medieval_Hexagon_Pack_1.0_FREE/Assets/gltf/decoration/nature	rock_single_A	CC0 1.0	node tools/tai_itch.mjs <tac-gia>/<goi> o repo quoc-chien
assets_source/kaykit-medieval-hexagon/KayKit_Medieval_Hexagon_Pack_1.0_FREE/Assets/gltf/decoration/nature	rock_single_B	CC0 1.0	node tools/tai_itch.mjs <tac-gia>/<goi> o repo quoc-chien
assets_source/kaykit-medieval-hexagon/KayKit_Medieval_Hexagon_Pack_1.0_FREE/Assets/gltf/decoration/nature	rock_single_C	CC0 1.0	node tools/tai_itch.mjs <tac-gia>/<goi> o repo quoc-chien
assets_source/kaykit-medieval-hexagon/KayKit_Medieval_Hexagon_Pack_1.0_FREE/Assets/gltf/decoration/nature	rock_single_D	CC0 1.0	node tools/tai_itch.mjs <tac-gia>/<goi> o repo quoc-chien
assets_source/kaykit-medieval-hexagon/KayKit_Medieval_Hexagon_Pack_1.0_FREE/Assets/gltf/decoration/nature	rock_single_E	CC0 1.0	node tools/tai_itch.mjs <tac-gia>/<goi> o repo quoc-chien
assets_source/kaykit-medieval-hexagon/KayKit_Medieval_Hexagon_Pack_1.0_FREE/Assets/gltf/decoration/nature	tree_single_A	CC0 1.0	node tools/tai_itch.mjs <tac-gia>/<goi> o repo quoc-chien
assets_source/kaykit-medieval-hexagon/KayKit_Medieval_Hexagon_Pack_1.0_FREE/Assets/gltf/decoration/nature	tree_single_A_cut	CC0 1.0	node tools/tai_itch.mjs <tac-gia>/<goi> o repo quoc-chien
assets_source/kaykit-medieval-hexagon/KayKit_Medieval_Hexagon_Pack_1.0_FREE/Assets/gltf/decoration/nature	tree_single_B	CC0 1.0	node tools/tai_itch.mjs <tac-gia>/<goi> o repo quoc-chien
assets_source/kaykit-medieval-hexagon/KayKit_Medieval_Hexagon_Pack_1.0_FREE/Assets/gltf/decoration/nature	tree_single_B_cut	CC0 1.0	node tools/tai_itch.mjs <tac-gia>/<goi> o repo quoc-chien
assets_source/kaykit-medieval-hexagon/KayKit_Medieval_Hexagon_Pack_1.0_FREE/Assets/gltf/decoration/nature	trees_A_cut	CC0 1.0	node tools/tai_itch.mjs <tac-gia>/<goi> o repo quoc-chien
assets_source/kaykit-medieval-hexagon/KayKit_Medieval_Hexagon_Pack_1.0_FREE/Assets/gltf/decoration/nature	trees_A_large	CC0 1.0	node tools/tai_itch.mjs <tac-gia>/<goi> o repo quoc-chien
assets_source/kaykit-medieval-hexagon/KayKit_Medieval_Hexagon_Pack_1.0_FREE/Assets/gltf/decoration/nature	trees_A_medium	CC0 1.0	node tools/tai_itch.mjs <tac-gia>/<goi> o repo quoc-chien
assets_source/kaykit-medieval-hexagon/KayKit_Medieval_Hexagon_Pack_1.0_FREE/Assets/gltf/decoration/nature	trees_A_small	CC0 1.0	node tools/tai_itch.mjs <tac-gia>/<goi> o repo quoc-chien
assets_source/kaykit-medieval-hexagon/KayKit_Medieval_Hexagon_Pack_1.0_FREE/Assets/gltf/decoration/nature	trees_B_cut	CC0 1.0	node tools/tai_itch.mjs <tac-gia>/<goi> o repo quoc-chien
assets_source/kaykit-medieval-hexagon/KayKit_Medieval_Hexagon_Pack_1.0_FREE/Assets/gltf/decoration/nature	trees_B_large	CC0 1.0	node tools/tai_itch.mjs <tac-gia>/<goi> o repo quoc-chien
assets_source/kaykit-medieval-hexagon/KayKit_Medieval_Hexagon_Pack_1.0_FREE/Assets/gltf/decoration/nature	trees_B_medium	CC0 1.0	node tools/tai_itch.mjs <tac-gia>/<goi> o repo quoc-chien
assets_source/kaykit-medieval-hexagon/KayKit_Medieval_Hexagon_Pack_1.0_FREE/Assets/gltf/decoration/nature	trees_B_small	CC0 1.0	node tools/tai_itch.mjs <tac-gia>/<goi> o repo quoc-chien
assets_source/kaykit-medieval-hexagon/KayKit_Medieval_Hexagon_Pack_1.0_FREE/Assets/gltf/decoration/nature	waterlily_A	CC0 1.0	node tools/tai_itch.mjs <tac-gia>/<goi> o repo quoc-chien
assets_source/kaykit-medieval-hexagon/KayKit_Medieval_Hexagon_Pack_1.0_FREE/Assets/gltf/decoration/nature	waterlily_B	CC0 1.0	node tools/tai_itch.mjs <tac-gia>/<goi> o repo quoc-chien
assets_source/kaykit-medieval-hexagon/KayKit_Medieval_Hexagon_Pack_1.0_FREE/Assets/gltf/decoration/nature	waterplant_A	CC0 1.0	node tools/tai_itch.mjs <tac-gia>/<goi> o repo quoc-chien
assets_source/kaykit-medieval-hexagon/KayKit_Medieval_Hexagon_Pack_1.0_FREE/Assets/gltf/decoration/nature	waterplant_B	CC0 1.0	node tools/tai_itch.mjs <tac-gia>/<goi> o repo quoc-chien
assets_source/kaykit-medieval-hexagon/KayKit_Medieval_Hexagon_Pack_1.0_FREE/Assets/gltf/decoration/nature	waterplant_C	CC0 1.0	node tools/tai_itch.mjs <tac-gia>/<goi> o repo quoc-chien
assets_source/kaykit-medieval-hexagon/KayKit_Medieval_Hexagon_Pack_1.0_FREE/Assets/gltf/decoration/props	barrel	CC0 1.0	node tools/tai_itch.mjs <tac-gia>/<goi> o repo quoc-chien
assets_source/kaykit-medieval-hexagon/KayKit_Medieval_Hexagon_Pack_1.0_FREE/Assets/gltf/decoration/props	bucket_arrows	CC0 1.0	node tools/tai_itch.mjs <tac-gia>/<goi> o repo quoc-chien
assets_source/kaykit-medieval-hexagon/KayKit_Medieval_Hexagon_Pack_1.0_FREE/Assets/gltf/decoration/props	bucket_empty	CC0 1.0	node tools/tai_itch.mjs <tac-gia>/<goi> o repo quoc-chien
assets_source/kaykit-medieval-hexagon/KayKit_Medieval_Hexagon_Pack_1.0_FREE/Assets/gltf/decoration/props	bucket_water	CC0 1.0	node tools/tai_itch.mjs <tac-gia>/<goi> o repo quoc-chien
assets_source/kaykit-medieval-hexagon/KayKit_Medieval_Hexagon_Pack_1.0_FREE/Assets/gltf/decoration/props	crate_A_big	CC0 1.0	node tools/tai_itch.mjs <tac-gia>/<goi> o repo quoc-chien
assets_source/kaykit-medieval-hexagon/KayKit_Medieval_Hexagon_Pack_1.0_FREE/Assets/gltf/decoration/props	crate_A_small	CC0 1.0	node tools/tai_itch.mjs <tac-gia>/<goi> o repo quoc-chien
assets_source/kaykit-medieval-hexagon/KayKit_Medieval_Hexagon_Pack_1.0_FREE/Assets/gltf/decoration/props	crate_B_big	CC0 1.0	node tools/tai_itch.mjs <tac-gia>/<goi> o repo quoc-chien
assets_source/kaykit-medieval-hexagon/KayKit_Medieval_Hexagon_Pack_1.0_FREE/Assets/gltf/decoration/props	crate_B_small	CC0 1.0	node tools/tai_itch.mjs <tac-gia>/<goi> o repo quoc-chien
assets_source/kaykit-medieval-hexagon/KayKit_Medieval_Hexagon_Pack_1.0_FREE/Assets/gltf/decoration/props	crate_long_A	CC0 1.0	node tools/tai_itch.mjs <tac-gia>/<goi> o repo quoc-chien
assets_source/kaykit-medieval-hexagon/KayKit_Medieval_Hexagon_Pack_1.0_FREE/Assets/gltf/decoration/props	crate_long_B	CC0 1.0	node tools/tai_itch.mjs <tac-gia>/<goi> o repo quoc-chien
assets_source/kaykit-medieval-hexagon/KayKit_Medieval_Hexagon_Pack_1.0_FREE/Assets/gltf/decoration/props	crate_long_C	CC0 1.0	node tools/tai_itch.mjs <tac-gia>/<goi> o repo quoc-chien
assets_source/kaykit-medieval-hexagon/KayKit_Medieval_Hexagon_Pack_1.0_FREE/Assets/gltf/decoration/props	crate_long_empty	CC0 1.0	node tools/tai_itch.mjs <tac-gia>/<goi> o repo quoc-chien
assets_source/kaykit-medieval-hexagon/KayKit_Medieval_Hexagon_Pack_1.0_FREE/Assets/gltf/decoration/props	crate_open	CC0 1.0	node tools/tai_itch.mjs <tac-gia>/<goi> o repo quoc-chien
assets_source/kaykit-medieval-hexagon/KayKit_Medieval_Hexagon_Pack_1.0_FREE/Assets/gltf/decoration/props	flag_blue	CC0 1.0	node tools/tai_itch.mjs <tac-gia>/<goi> o repo quoc-chien
assets_source/kaykit-medieval-hexagon/KayKit_Medieval_Hexagon_Pack_1.0_FREE/Assets/gltf/decoration/props	flag_green	CC0 1.0	node tools/tai_itch.mjs <tac-gia>/<goi> o repo quoc-chien
assets_source/kaykit-medieval-hexagon/KayKit_Medieval_Hexagon_Pack_1.0_FREE/Assets/gltf/decoration/props	flag_red	CC0 1.0	node tools/tai_itch.mjs <tac-gia>/<goi> o repo quoc-chien
assets_source/kaykit-medieval-hexagon/KayKit_Medieval_Hexagon_Pack_1.0_FREE/Assets/gltf/decoration/props	flag_yellow	CC0 1.0	node tools/tai_itch.mjs <tac-gia>/<goi> o repo quoc-chien
assets_source/kaykit-medieval-hexagon/KayKit_Medieval_Hexagon_Pack_1.0_FREE/Assets/gltf/decoration/props	ladder	CC0 1.0	node tools/tai_itch.mjs <tac-gia>/<goi> o repo quoc-chien
assets_source/kaykit-medieval-hexagon/KayKit_Medieval_Hexagon_Pack_1.0_FREE/Assets/gltf/decoration/props	pallet	CC0 1.0	node tools/tai_itch.mjs <tac-gia>/<goi> o repo quoc-chien
assets_source/kaykit-medieval-hexagon/KayKit_Medieval_Hexagon_Pack_1.0_FREE/Assets/gltf/decoration/props	resource_lumber	CC0 1.0	node tools/tai_itch.mjs <tac-gia>/<goi> o repo quoc-chien
assets_source/kaykit-medieval-hexagon/KayKit_Medieval_Hexagon_Pack_1.0_FREE/Assets/gltf/decoration/props	resource_stone	CC0 1.0	node tools/tai_itch.mjs <tac-gia>/<goi> o repo quoc-chien
assets_source/kaykit-medieval-hexagon/KayKit_Medieval_Hexagon_Pack_1.0_FREE/Assets/gltf/decoration/props	sack	CC0 1.0	node tools/tai_itch.mjs <tac-gia>/<goi> o repo quoc-chien
assets_source/kaykit-medieval-hexagon/KayKit_Medieval_Hexagon_Pack_1.0_FREE/Assets/gltf/decoration/props	target	CC0 1.0	node tools/tai_itch.mjs <tac-gia>/<goi> o repo quoc-chien
assets_source/kaykit-medieval-hexagon/KayKit_Medieval_Hexagon_Pack_1.0_FREE/Assets/gltf/decoration/props	tent	CC0 1.0	node tools/tai_itch.mjs <tac-gia>/<goi> o repo quoc-chien
assets_source/kaykit-medieval-hexagon/KayKit_Medieval_Hexagon_Pack_1.0_FREE/Assets/gltf/decoration/props	weaponrack	CC0 1.0	node tools/tai_itch.mjs <tac-gia>/<goi> o repo quoc-chien
assets_source/kaykit-medieval-hexagon/KayKit_Medieval_Hexagon_Pack_1.0_FREE/Assets/gltf/decoration/props	wheelbarrow	CC0 1.0	node tools/tai_itch.mjs <tac-gia>/<goi> o repo quoc-chien
assets_source/kaykit-medieval-hexagon/KayKit_Medieval_Hexagon_Pack_1.0_FREE/Assets/gltf/tiles/base	hex_grass	CC0 1.0	node tools/tai_itch.mjs <tac-gia>/<goi> o repo quoc-chien
assets_source/kaykit-medieval-hexagon/KayKit_Medieval_Hexagon_Pack_1.0_FREE/Assets/gltf/tiles/base	hex_grass_bottom	CC0 1.0	node tools/tai_itch.mjs <tac-gia>/<goi> o repo quoc-chien
assets_source/kaykit-medieval-hexagon/KayKit_Medieval_Hexagon_Pack_1.0_FREE/Assets/gltf/tiles/base	hex_grass_sloped_high	CC0 1.0	node tools/tai_itch.mjs <tac-gia>/<goi> o repo quoc-chien
assets_source/kaykit-medieval-hexagon/KayKit_Medieval_Hexagon_Pack_1.0_FREE/Assets/gltf/tiles/base	hex_grass_sloped_low	CC0 1.0	node tools/tai_itch.mjs <tac-gia>/<goi> o repo quoc-chien
assets_source/kaykit-medieval-hexagon/KayKit_Medieval_Hexagon_Pack_1.0_FREE/Assets/gltf/tiles/base	hex_water	CC0 1.0	node tools/tai_itch.mjs <tac-gia>/<goi> o repo quoc-chien
assets_source/kaykit-medieval-hexagon/KayKit_Medieval_Hexagon_Pack_1.0_FREE/Assets/gltf/tiles/coast/waterless	hex_coast_A_waterless	CC0 1.0	node tools/tai_itch.mjs <tac-gia>/<goi> o repo quoc-chien
assets_source/kaykit-medieval-hexagon/KayKit_Medieval_Hexagon_Pack_1.0_FREE/Assets/gltf/tiles/coast/waterless	hex_coast_B_waterless	CC0 1.0	node tools/tai_itch.mjs <tac-gia>/<goi> o repo quoc-chien
assets_source/kaykit-medieval-hexagon/KayKit_Medieval_Hexagon_Pack_1.0_FREE/Assets/gltf/tiles/coast/waterless	hex_coast_C_waterless	CC0 1.0	node tools/tai_itch.mjs <tac-gia>/<goi> o repo quoc-chien
assets_source/kaykit-medieval-hexagon/KayKit_Medieval_Hexagon_Pack_1.0_FREE/Assets/gltf/tiles/coast/waterless	hex_coast_D_waterless	CC0 1.0	node tools/tai_itch.mjs <tac-gia>/<goi> o repo quoc-chien
assets_source/kaykit-medieval-hexagon/KayKit_Medieval_Hexagon_Pack_1.0_FREE/Assets/gltf/tiles/coast/waterless	hex_coast_E_waterless	CC0 1.0	node tools/tai_itch.mjs <tac-gia>/<goi> o repo quoc-chien
assets_source/kaykit-medieval-hexagon/KayKit_Medieval_Hexagon_Pack_1.0_FREE/Assets/gltf/tiles/coast	hex_coast_A	CC0 1.0	node tools/tai_itch.mjs <tac-gia>/<goi> o repo quoc-chien
assets_source/kaykit-medieval-hexagon/KayKit_Medieval_Hexagon_Pack_1.0_FREE/Assets/gltf/tiles/coast	hex_coast_B	CC0 1.0	node tools/tai_itch.mjs <tac-gia>/<goi> o repo quoc-chien
assets_source/kaykit-medieval-hexagon/KayKit_Medieval_Hexagon_Pack_1.0_FREE/Assets/gltf/tiles/coast	hex_coast_C	CC0 1.0	node tools/tai_itch.mjs <tac-gia>/<goi> o repo quoc-chien
assets_source/kaykit-medieval-hexagon/KayKit_Medieval_Hexagon_Pack_1.0_FREE/Assets/gltf/tiles/coast	hex_coast_D	CC0 1.0	node tools/tai_itch.mjs <tac-gia>/<goi> o repo quoc-chien
assets_source/kaykit-medieval-hexagon/KayKit_Medieval_Hexagon_Pack_1.0_FREE/Assets/gltf/tiles/coast	hex_coast_E	CC0 1.0	node tools/tai_itch.mjs <tac-gia>/<goi> o repo quoc-chien
assets_source/kaykit-medieval-hexagon/KayKit_Medieval_Hexagon_Pack_1.0_FREE/Assets/gltf/tiles/rivers/waterless	hex_river_A_curvy_waterless	CC0 1.0	node tools/tai_itch.mjs <tac-gia>/<goi> o repo quoc-chien
assets_source/kaykit-medieval-hexagon/KayKit_Medieval_Hexagon_Pack_1.0_FREE/Assets/gltf/tiles/rivers/waterless	hex_river_A_waterless	CC0 1.0	node tools/tai_itch.mjs <tac-gia>/<goi> o repo quoc-chien
assets_source/kaykit-medieval-hexagon/KayKit_Medieval_Hexagon_Pack_1.0_FREE/Assets/gltf/tiles/rivers/waterless	hex_river_B_waterless	CC0 1.0	node tools/tai_itch.mjs <tac-gia>/<goi> o repo quoc-chien
assets_source/kaykit-medieval-hexagon/KayKit_Medieval_Hexagon_Pack_1.0_FREE/Assets/gltf/tiles/rivers/waterless	hex_river_C_waterless	CC0 1.0	node tools/tai_itch.mjs <tac-gia>/<goi> o repo quoc-chien
assets_source/kaykit-medieval-hexagon/KayKit_Medieval_Hexagon_Pack_1.0_FREE/Assets/gltf/tiles/rivers/waterless	hex_river_D_waterless	CC0 1.0	node tools/tai_itch.mjs <tac-gia>/<goi> o repo quoc-chien
assets_source/kaykit-medieval-hexagon/KayKit_Medieval_Hexagon_Pack_1.0_FREE/Assets/gltf/tiles/rivers/waterless	hex_river_E_waterless	CC0 1.0	node tools/tai_itch.mjs <tac-gia>/<goi> o repo quoc-chien
assets_source/kaykit-medieval-hexagon/KayKit_Medieval_Hexagon_Pack_1.0_FREE/Assets/gltf/tiles/rivers/waterless	hex_river_F_waterless	CC0 1.0	node tools/tai_itch.mjs <tac-gia>/<goi> o repo quoc-chien
assets_source/kaykit-medieval-hexagon/KayKit_Medieval_Hexagon_Pack_1.0_FREE/Assets/gltf/tiles/rivers/waterless	hex_river_G_waterless	CC0 1.0	node tools/tai_itch.mjs <tac-gia>/<goi> o repo quoc-chien
assets_source/kaykit-medieval-hexagon/KayKit_Medieval_Hexagon_Pack_1.0_FREE/Assets/gltf/tiles/rivers/waterless	hex_river_H_waterless	CC0 1.0	node tools/tai_itch.mjs <tac-gia>/<goi> o repo quoc-chien
assets_source/kaykit-medieval-hexagon/KayKit_Medieval_Hexagon_Pack_1.0_FREE/Assets/gltf/tiles/rivers/waterless	hex_river_I_waterless	CC0 1.0	node tools/tai_itch.mjs <tac-gia>/<goi> o repo quoc-chien
assets_source/kaykit-medieval-hexagon/KayKit_Medieval_Hexagon_Pack_1.0_FREE/Assets/gltf/tiles/rivers/waterless	hex_river_J_waterless	CC0 1.0	node tools/tai_itch.mjs <tac-gia>/<goi> o repo quoc-chien
assets_source/kaykit-medieval-hexagon/KayKit_Medieval_Hexagon_Pack_1.0_FREE/Assets/gltf/tiles/rivers/waterless	hex_river_K_waterless	CC0 1.0	node tools/tai_itch.mjs <tac-gia>/<goi> o repo quoc-chien
assets_source/kaykit-medieval-hexagon/KayKit_Medieval_Hexagon_Pack_1.0_FREE/Assets/gltf/tiles/rivers/waterless	hex_river_L_waterless	CC0 1.0	node tools/tai_itch.mjs <tac-gia>/<goi> o repo quoc-chien
assets_source/kaykit-medieval-hexagon/KayKit_Medieval_Hexagon_Pack_1.0_FREE/Assets/gltf/tiles/rivers/waterless	hex_river_crossing_A_waterless	CC0 1.0	node tools/tai_itch.mjs <tac-gia>/<goi> o repo quoc-chien
assets_source/kaykit-medieval-hexagon/KayKit_Medieval_Hexagon_Pack_1.0_FREE/Assets/gltf/tiles/rivers/waterless	hex_river_crossing_B_waterless	CC0 1.0	node tools/tai_itch.mjs <tac-gia>/<goi> o repo quoc-chien
assets_source/kaykit-medieval-hexagon/KayKit_Medieval_Hexagon_Pack_1.0_FREE/Assets/gltf/tiles/rivers	hex_river_A	CC0 1.0	node tools/tai_itch.mjs <tac-gia>/<goi> o repo quoc-chien
assets_source/kaykit-medieval-hexagon/KayKit_Medieval_Hexagon_Pack_1.0_FREE/Assets/gltf/tiles/rivers	hex_river_A_curvy	CC0 1.0	node tools/tai_itch.mjs <tac-gia>/<goi> o repo quoc-chien
assets_source/kaykit-medieval-hexagon/KayKit_Medieval_Hexagon_Pack_1.0_FREE/Assets/gltf/tiles/rivers	hex_river_B	CC0 1.0	node tools/tai_itch.mjs <tac-gia>/<goi> o repo quoc-chien
assets_source/kaykit-medieval-hexagon/KayKit_Medieval_Hexagon_Pack_1.0_FREE/Assets/gltf/tiles/rivers	hex_river_C	CC0 1.0	node tools/tai_itch.mjs <tac-gia>/<goi> o repo quoc-chien
assets_source/kaykit-medieval-hexagon/KayKit_Medieval_Hexagon_Pack_1.0_FREE/Assets/gltf/tiles/rivers	hex_river_D	CC0 1.0	node tools/tai_itch.mjs <tac-gia>/<goi> o repo quoc-chien
assets_source/kaykit-medieval-hexagon/KayKit_Medieval_Hexagon_Pack_1.0_FREE/Assets/gltf/tiles/rivers	hex_river_E	CC0 1.0	node tools/tai_itch.mjs <tac-gia>/<goi> o repo quoc-chien
assets_source/kaykit-medieval-hexagon/KayKit_Medieval_Hexagon_Pack_1.0_FREE/Assets/gltf/tiles/rivers	hex_river_F	CC0 1.0	node tools/tai_itch.mjs <tac-gia>/<goi> o repo quoc-chien
assets_source/kaykit-medieval-hexagon/KayKit_Medieval_Hexagon_Pack_1.0_FREE/Assets/gltf/tiles/rivers	hex_river_G	CC0 1.0	node tools/tai_itch.mjs <tac-gia>/<goi> o repo quoc-chien
assets_source/kaykit-medieval-hexagon/KayKit_Medieval_Hexagon_Pack_1.0_FREE/Assets/gltf/tiles/rivers	hex_river_H	CC0 1.0	node tools/tai_itch.mjs <tac-gia>/<goi> o repo quoc-chien
assets_source/kaykit-medieval-hexagon/KayKit_Medieval_Hexagon_Pack_1.0_FREE/Assets/gltf/tiles/rivers	hex_river_I	CC0 1.0	node tools/tai_itch.mjs <tac-gia>/<goi> o repo quoc-chien
assets_source/kaykit-medieval-hexagon/KayKit_Medieval_Hexagon_Pack_1.0_FREE/Assets/gltf/tiles/rivers	hex_river_J	CC0 1.0	node tools/tai_itch.mjs <tac-gia>/<goi> o repo quoc-chien
assets_source/kaykit-medieval-hexagon/KayKit_Medieval_Hexagon_Pack_1.0_FREE/Assets/gltf/tiles/rivers	hex_river_K	CC0 1.0	node tools/tai_itch.mjs <tac-gia>/<goi> o repo quoc-chien
assets_source/kaykit-medieval-hexagon/KayKit_Medieval_Hexagon_Pack_1.0_FREE/Assets/gltf/tiles/rivers	hex_river_L	CC0 1.0	node tools/tai_itch.mjs <tac-gia>/<goi> o repo quoc-chien
assets_source/kaykit-medieval-hexagon/KayKit_Medieval_Hexagon_Pack_1.0_FREE/Assets/gltf/tiles/rivers	hex_river_crossing_A	CC0 1.0	node tools/tai_itch.mjs <tac-gia>/<goi> o repo quoc-chien
assets_source/kaykit-medieval-hexagon/KayKit_Medieval_Hexagon_Pack_1.0_FREE/Assets/gltf/tiles/rivers	hex_river_crossing_B	CC0 1.0	node tools/tai_itch.mjs <tac-gia>/<goi> o repo quoc-chien
assets_source/kaykit-medieval-hexagon/KayKit_Medieval_Hexagon_Pack_1.0_FREE/Assets/gltf/tiles/roads	hex_road_A	CC0 1.0	node tools/tai_itch.mjs <tac-gia>/<goi> o repo quoc-chien
assets_source/kaykit-medieval-hexagon/KayKit_Medieval_Hexagon_Pack_1.0_FREE/Assets/gltf/tiles/roads	hex_road_A_sloped_high	CC0 1.0	node tools/tai_itch.mjs <tac-gia>/<goi> o repo quoc-chien
assets_source/kaykit-medieval-hexagon/KayKit_Medieval_Hexagon_Pack_1.0_FREE/Assets/gltf/tiles/roads	hex_road_A_sloped_low	CC0 1.0	node tools/tai_itch.mjs <tac-gia>/<goi> o repo quoc-chien
assets_source/kaykit-medieval-hexagon/KayKit_Medieval_Hexagon_Pack_1.0_FREE/Assets/gltf/tiles/roads	hex_road_B	CC0 1.0	node tools/tai_itch.mjs <tac-gia>/<goi> o repo quoc-chien
assets_source/kaykit-medieval-hexagon/KayKit_Medieval_Hexagon_Pack_1.0_FREE/Assets/gltf/tiles/roads	hex_road_C	CC0 1.0	node tools/tai_itch.mjs <tac-gia>/<goi> o repo quoc-chien
assets_source/kaykit-medieval-hexagon/KayKit_Medieval_Hexagon_Pack_1.0_FREE/Assets/gltf/tiles/roads	hex_road_D	CC0 1.0	node tools/tai_itch.mjs <tac-gia>/<goi> o repo quoc-chien
assets_source/kaykit-medieval-hexagon/KayKit_Medieval_Hexagon_Pack_1.0_FREE/Assets/gltf/tiles/roads	hex_road_E	CC0 1.0	node tools/tai_itch.mjs <tac-gia>/<goi> o repo quoc-chien
assets_source/kaykit-medieval-hexagon/KayKit_Medieval_Hexagon_Pack_1.0_FREE/Assets/gltf/tiles/roads	hex_road_F	CC0 1.0	node tools/tai_itch.mjs <tac-gia>/<goi> o repo quoc-chien
assets_source/kaykit-medieval-hexagon/KayKit_Medieval_Hexagon_Pack_1.0_FREE/Assets/gltf/tiles/roads	hex_road_G	CC0 1.0	node tools/tai_itch.mjs <tac-gia>/<goi> o repo quoc-chien
assets_source/kaykit-medieval-hexagon/KayKit_Medieval_Hexagon_Pack_1.0_FREE/Assets/gltf/tiles/roads	hex_road_H	CC0 1.0	node tools/tai_itch.mjs <tac-gia>/<goi> o repo quoc-chien
assets_source/kaykit-medieval-hexagon/KayKit_Medieval_Hexagon_Pack_1.0_FREE/Assets/gltf/tiles/roads	hex_road_I	CC0 1.0	node tools/tai_itch.mjs <tac-gia>/<goi> o repo quoc-chien
assets_source/kaykit-medieval-hexagon/KayKit_Medieval_Hexagon_Pack_1.0_FREE/Assets/gltf/tiles/roads	hex_road_J	CC0 1.0	node tools/tai_itch.mjs <tac-gia>/<goi> o repo quoc-chien
assets_source/kaykit-medieval-hexagon/KayKit_Medieval_Hexagon_Pack_1.0_FREE/Assets/gltf/tiles/roads	hex_road_K	CC0 1.0	node tools/tai_itch.mjs <tac-gia>/<goi> o repo quoc-chien
assets_source/kaykit-medieval-hexagon/KayKit_Medieval_Hexagon_Pack_1.0_FREE/Assets/gltf/tiles/roads	hex_road_L	CC0 1.0	node tools/tai_itch.mjs <tac-gia>/<goi> o repo quoc-chien
assets_source/kaykit-medieval-hexagon/KayKit_Medieval_Hexagon_Pack_1.0_FREE/Assets/gltf/tiles/roads	hex_road_M	CC0 1.0	node tools/tai_itch.mjs <tac-gia>/<goi> o repo quoc-chien
assets_source/kaykit-medieval-hexagon/KayKit_Medieval_Hexagon_Pack_1.0_FREE/Assets/obj/buildings/blue	building_archeryrange_blue	CC0 1.0	node tools/tai_itch.mjs <tac-gia>/<goi> o repo quoc-chien
assets_source/kaykit-medieval-hexagon/KayKit_Medieval_Hexagon_Pack_1.0_FREE/Assets/obj/buildings/blue	building_barracks_blue	CC0 1.0	node tools/tai_itch.mjs <tac-gia>/<goi> o repo quoc-chien
assets_source/kaykit-medieval-hexagon/KayKit_Medieval_Hexagon_Pack_1.0_FREE/Assets/obj/buildings/blue	building_blacksmith_blue	CC0 1.0	node tools/tai_itch.mjs <tac-gia>/<goi> o repo quoc-chien
assets_source/kaykit-medieval-hexagon/KayKit_Medieval_Hexagon_Pack_1.0_FREE/Assets/obj/buildings/blue	building_castle_blue	CC0 1.0	node tools/tai_itch.mjs <tac-gia>/<goi> o repo quoc-chien
assets_source/kaykit-medieval-hexagon/KayKit_Medieval_Hexagon_Pack_1.0_FREE/Assets/obj/buildings/blue	building_church_blue	CC0 1.0	node tools/tai_itch.mjs <tac-gia>/<goi> o repo quoc-chien
assets_source/kaykit-medieval-hexagon/KayKit_Medieval_Hexagon_Pack_1.0_FREE/Assets/obj/buildings/blue	building_home_A_blue	CC0 1.0	node tools/tai_itch.mjs <tac-gia>/<goi> o repo quoc-chien
assets_source/kaykit-medieval-hexagon/KayKit_Medieval_Hexagon_Pack_1.0_FREE/Assets/obj/buildings/blue	building_home_B_blue	CC0 1.0	node tools/tai_itch.mjs <tac-gia>/<goi> o repo quoc-chien
assets_source/kaykit-medieval-hexagon/KayKit_Medieval_Hexagon_Pack_1.0_FREE/Assets/obj/buildings/blue	building_lumbermill_blue	CC0 1.0	node tools/tai_itch.mjs <tac-gia>/<goi> o repo quoc-chien
assets_source/kaykit-medieval-hexagon/KayKit_Medieval_Hexagon_Pack_1.0_FREE/Assets/obj/buildings/blue	building_lumbermill_blue_building_lumbermill_saw_blue	CC0 1.0	node tools/tai_itch.mjs <tac-gia>/<goi> o repo quoc-chien
assets_source/kaykit-medieval-hexagon/KayKit_Medieval_Hexagon_Pack_1.0_FREE/Assets/obj/buildings/blue	building_lumbermill_blue_building_lumbermill_top_blue	CC0 1.0	node tools/tai_itch.mjs <tac-gia>/<goi> o repo quoc-chien
assets_source/kaykit-medieval-hexagon/KayKit_Medieval_Hexagon_Pack_1.0_FREE/Assets/obj/buildings/blue	building_market_blue	CC0 1.0	node tools/tai_itch.mjs <tac-gia>/<goi> o repo quoc-chien
assets_source/kaykit-medieval-hexagon/KayKit_Medieval_Hexagon_Pack_1.0_FREE/Assets/obj/buildings/blue	building_mine_blue	CC0 1.0	node tools/tai_itch.mjs <tac-gia>/<goi> o repo quoc-chien
assets_source/kaykit-medieval-hexagon/KayKit_Medieval_Hexagon_Pack_1.0_FREE/Assets/obj/buildings/blue	building_tavern_blue	CC0 1.0	node tools/tai_itch.mjs <tac-gia>/<goi> o repo quoc-chien
assets_source/kaykit-medieval-hexagon/KayKit_Medieval_Hexagon_Pack_1.0_FREE/Assets/obj/buildings/blue	building_tower_A_blue	CC0 1.0	node tools/tai_itch.mjs <tac-gia>/<goi> o repo quoc-chien
assets_source/kaykit-medieval-hexagon/KayKit_Medieval_Hexagon_Pack_1.0_FREE/Assets/obj/buildings/blue	building_tower_A_blue_building_tower_A_top_blue	CC0 1.0	node tools/tai_itch.mjs <tac-gia>/<goi> o repo quoc-chien
assets_source/kaykit-medieval-hexagon/KayKit_Medieval_Hexagon_Pack_1.0_FREE/Assets/obj/buildings/blue	building_tower_B_blue	CC0 1.0	node tools/tai_itch.mjs <tac-gia>/<goi> o repo quoc-chien
assets_source/kaykit-medieval-hexagon/KayKit_Medieval_Hexagon_Pack_1.0_FREE/Assets/obj/buildings/blue	building_tower_B_blue_building_tower_B_top_blue	CC0 1.0	node tools/tai_itch.mjs <tac-gia>/<goi> o repo quoc-chien
assets_source/kaykit-medieval-hexagon/KayKit_Medieval_Hexagon_Pack_1.0_FREE/Assets/obj/buildings/blue	building_tower_base_blue	CC0 1.0	node tools/tai_itch.mjs <tac-gia>/<goi> o repo quoc-chien
assets_source/kaykit-medieval-hexagon/KayKit_Medieval_Hexagon_Pack_1.0_FREE/Assets/obj/buildings/blue	building_tower_catapult_blue	CC0 1.0	node tools/tai_itch.mjs <tac-gia>/<goi> o repo quoc-chien
assets_source/kaykit-medieval-hexagon/KayKit_Medieval_Hexagon_Pack_1.0_FREE/Assets/obj/buildings/blue	building_tower_catapult_blue_catapult_turret_blue	CC0 1.0	node tools/tai_itch.mjs <tac-gia>/<goi> o repo quoc-chien
assets_source/kaykit-medieval-hexagon/KayKit_Medieval_Hexagon_Pack_1.0_FREE/Assets/obj/buildings/blue	building_tower_catapult_blue_catapult_turret_blue_catapult_arm_blue	CC0 1.0	node tools/tai_itch.mjs <tac-gia>/<goi> o repo quoc-chien
assets_source/kaykit-medieval-hexagon/KayKit_Medieval_Hexagon_Pack_1.0_FREE/Assets/obj/buildings/blue	building_watermill_blue	CC0 1.0	node tools/tai_itch.mjs <tac-gia>/<goi> o repo quoc-chien
assets_source/kaykit-medieval-hexagon/KayKit_Medieval_Hexagon_Pack_1.0_FREE/Assets/obj/buildings/blue	building_watermill_blue_building_watermill_wheel_blue	CC0 1.0	node tools/tai_itch.mjs <tac-gia>/<goi> o repo quoc-chien
assets_source/kaykit-medieval-hexagon/KayKit_Medieval_Hexagon_Pack_1.0_FREE/Assets/obj/buildings/blue	building_well_blue	CC0 1.0	node tools/tai_itch.mjs <tac-gia>/<goi> o repo quoc-chien
assets_source/kaykit-medieval-hexagon/KayKit_Medieval_Hexagon_Pack_1.0_FREE/Assets/obj/buildings/blue	building_windmill_blue	CC0 1.0	node tools/tai_itch.mjs <tac-gia>/<goi> o repo quoc-chien
assets_source/kaykit-medieval-hexagon/KayKit_Medieval_Hexagon_Pack_1.0_FREE/Assets/obj/buildings/blue	building_windmill_blue_building_windmill_top_blue	CC0 1.0	node tools/tai_itch.mjs <tac-gia>/<goi> o repo quoc-chien
assets_source/kaykit-medieval-hexagon/KayKit_Medieval_Hexagon_Pack_1.0_FREE/Assets/obj/buildings/blue	building_windmill_blue_building_windmill_top_blue_building_windmill_top_fan_blue	CC0 1.0	node tools/tai_itch.mjs <tac-gia>/<goi> o repo quoc-chien
assets_source/kaykit-medieval-hexagon/KayKit_Medieval_Hexagon_Pack_1.0_FREE/Assets/obj/buildings/green	building_archeryrange_green	CC0 1.0	node tools/tai_itch.mjs <tac-gia>/<goi> o repo quoc-chien
assets_source/kaykit-medieval-hexagon/KayKit_Medieval_Hexagon_Pack_1.0_FREE/Assets/obj/buildings/green	building_barracks_green	CC0 1.0	node tools/tai_itch.mjs <tac-gia>/<goi> o repo quoc-chien
assets_source/kaykit-medieval-hexagon/KayKit_Medieval_Hexagon_Pack_1.0_FREE/Assets/obj/buildings/green	building_blacksmith_green	CC0 1.0	node tools/tai_itch.mjs <tac-gia>/<goi> o repo quoc-chien
assets_source/kaykit-medieval-hexagon/KayKit_Medieval_Hexagon_Pack_1.0_FREE/Assets/obj/buildings/green	building_castle_green	CC0 1.0	node tools/tai_itch.mjs <tac-gia>/<goi> o repo quoc-chien
assets_source/kaykit-medieval-hexagon/KayKit_Medieval_Hexagon_Pack_1.0_FREE/Assets/obj/buildings/green	building_church_green	CC0 1.0	node tools/tai_itch.mjs <tac-gia>/<goi> o repo quoc-chien
assets_source/kaykit-medieval-hexagon/KayKit_Medieval_Hexagon_Pack_1.0_FREE/Assets/obj/buildings/green	building_home_A_green	CC0 1.0	node tools/tai_itch.mjs <tac-gia>/<goi> o repo quoc-chien
assets_source/kaykit-medieval-hexagon/KayKit_Medieval_Hexagon_Pack_1.0_FREE/Assets/obj/buildings/green	building_home_B_green	CC0 1.0	node tools/tai_itch.mjs <tac-gia>/<goi> o repo quoc-chien
assets_source/kaykit-medieval-hexagon/KayKit_Medieval_Hexagon_Pack_1.0_FREE/Assets/obj/buildings/green	building_lumbermill_green	CC0 1.0	node tools/tai_itch.mjs <tac-gia>/<goi> o repo quoc-chien
assets_source/kaykit-medieval-hexagon/KayKit_Medieval_Hexagon_Pack_1.0_FREE/Assets/obj/buildings/green	building_lumbermill_green_building_lumbermill_saw_green	CC0 1.0	node tools/tai_itch.mjs <tac-gia>/<goi> o repo quoc-chien
assets_source/kaykit-medieval-hexagon/KayKit_Medieval_Hexagon_Pack_1.0_FREE/Assets/obj/buildings/green	building_lumbermill_green_building_lumbermill_top_green	CC0 1.0	node tools/tai_itch.mjs <tac-gia>/<goi> o repo quoc-chien
assets_source/kaykit-medieval-hexagon/KayKit_Medieval_Hexagon_Pack_1.0_FREE/Assets/obj/buildings/green	building_market_green	CC0 1.0	node tools/tai_itch.mjs <tac-gia>/<goi> o repo quoc-chien
assets_source/kaykit-medieval-hexagon/KayKit_Medieval_Hexagon_Pack_1.0_FREE/Assets/obj/buildings/green	building_mine_green	CC0 1.0	node tools/tai_itch.mjs <tac-gia>/<goi> o repo quoc-chien
assets_source/kaykit-medieval-hexagon/KayKit_Medieval_Hexagon_Pack_1.0_FREE/Assets/obj/buildings/green	building_tavern_green	CC0 1.0	node tools/tai_itch.mjs <tac-gia>/<goi> o repo quoc-chien
assets_source/kaykit-medieval-hexagon/KayKit_Medieval_Hexagon_Pack_1.0_FREE/Assets/obj/buildings/green	building_tower_A_green	CC0 1.0	node tools/tai_itch.mjs <tac-gia>/<goi> o repo quoc-chien
assets_source/kaykit-medieval-hexagon/KayKit_Medieval_Hexagon_Pack_1.0_FREE/Assets/obj/buildings/green	building_tower_A_green_building_tower_A_top_green	CC0 1.0	node tools/tai_itch.mjs <tac-gia>/<goi> o repo quoc-chien
assets_source/kaykit-medieval-hexagon/KayKit_Medieval_Hexagon_Pack_1.0_FREE/Assets/obj/buildings/green	building_tower_B_green	CC0 1.0	node tools/tai_itch.mjs <tac-gia>/<goi> o repo quoc-chien
assets_source/kaykit-medieval-hexagon/KayKit_Medieval_Hexagon_Pack_1.0_FREE/Assets/obj/buildings/green	building_tower_B_green_building_tower_B_top_green	CC0 1.0	node tools/tai_itch.mjs <tac-gia>/<goi> o repo quoc-chien
assets_source/kaykit-medieval-hexagon/KayKit_Medieval_Hexagon_Pack_1.0_FREE/Assets/obj/buildings/green	building_tower_base_green	CC0 1.0	node tools/tai_itch.mjs <tac-gia>/<goi> o repo quoc-chien
assets_source/kaykit-medieval-hexagon/KayKit_Medieval_Hexagon_Pack_1.0_FREE/Assets/obj/buildings/green	building_tower_catapult_green	CC0 1.0	node tools/tai_itch.mjs <tac-gia>/<goi> o repo quoc-chien
assets_source/kaykit-medieval-hexagon/KayKit_Medieval_Hexagon_Pack_1.0_FREE/Assets/obj/buildings/green	building_tower_catapult_green_catapult_turret_green	CC0 1.0	node tools/tai_itch.mjs <tac-gia>/<goi> o repo quoc-chien
assets_source/kaykit-medieval-hexagon/KayKit_Medieval_Hexagon_Pack_1.0_FREE/Assets/obj/buildings/green	building_tower_catapult_green_catapult_turret_green_catapult_arm_green	CC0 1.0	node tools/tai_itch.mjs <tac-gia>/<goi> o repo quoc-chien
assets_source/kaykit-medieval-hexagon/KayKit_Medieval_Hexagon_Pack_1.0_FREE/Assets/obj/buildings/green	building_watermill_green	CC0 1.0	node tools/tai_itch.mjs <tac-gia>/<goi> o repo quoc-chien
assets_source/kaykit-medieval-hexagon/KayKit_Medieval_Hexagon_Pack_1.0_FREE/Assets/obj/buildings/green	building_watermill_green_building_watermill_wheel_green	CC0 1.0	node tools/tai_itch.mjs <tac-gia>/<goi> o repo quoc-chien
assets_source/kaykit-medieval-hexagon/KayKit_Medieval_Hexagon_Pack_1.0_FREE/Assets/obj/buildings/green	building_well_green	CC0 1.0	node tools/tai_itch.mjs <tac-gia>/<goi> o repo quoc-chien
assets_source/kaykit-medieval-hexagon/KayKit_Medieval_Hexagon_Pack_1.0_FREE/Assets/obj/buildings/green	building_windmill_green	CC0 1.0	node tools/tai_itch.mjs <tac-gia>/<goi> o repo quoc-chien
assets_source/kaykit-medieval-hexagon/KayKit_Medieval_Hexagon_Pack_1.0_FREE/Assets/obj/buildings/green	building_windmill_green_building_windmill_top_green	CC0 1.0	node tools/tai_itch.mjs <tac-gia>/<goi> o repo quoc-chien
assets_source/kaykit-medieval-hexagon/KayKit_Medieval_Hexagon_Pack_1.0_FREE/Assets/obj/buildings/green	building_windmill_green_building_windmill_top_green_building_windmill_top_fan_green	CC0 1.0	node tools/tai_itch.mjs <tac-gia>/<goi> o repo quoc-chien
assets_source/kaykit-medieval-hexagon/KayKit_Medieval_Hexagon_Pack_1.0_FREE/Assets/obj/buildings/neutral	building_bridge_A	CC0 1.0	node tools/tai_itch.mjs <tac-gia>/<goi> o repo quoc-chien
assets_source/kaykit-medieval-hexagon/KayKit_Medieval_Hexagon_Pack_1.0_FREE/Assets/obj/buildings/neutral	building_bridge_B	CC0 1.0	node tools/tai_itch.mjs <tac-gia>/<goi> o repo quoc-chien
assets_source/kaykit-medieval-hexagon/KayKit_Medieval_Hexagon_Pack_1.0_FREE/Assets/obj/buildings/neutral	building_destroyed	CC0 1.0	node tools/tai_itch.mjs <tac-gia>/<goi> o repo quoc-chien
assets_source/kaykit-medieval-hexagon/KayKit_Medieval_Hexagon_Pack_1.0_FREE/Assets/obj/buildings/neutral	building_dirt	CC0 1.0	node tools/tai_itch.mjs <tac-gia>/<goi> o repo quoc-chien
assets_source/kaykit-medieval-hexagon/KayKit_Medieval_Hexagon_Pack_1.0_FREE/Assets/obj/buildings/neutral	building_grain	CC0 1.0	node tools/tai_itch.mjs <tac-gia>/<goi> o repo quoc-chien
assets_source/kaykit-medieval-hexagon/KayKit_Medieval_Hexagon_Pack_1.0_FREE/Assets/obj/buildings/neutral	building_scaffolding	CC0 1.0	node tools/tai_itch.mjs <tac-gia>/<goi> o repo quoc-chien
assets_source/kaykit-medieval-hexagon/KayKit_Medieval_Hexagon_Pack_1.0_FREE/Assets/obj/buildings/neutral	building_stage_A	CC0 1.0	node tools/tai_itch.mjs <tac-gia>/<goi> o repo quoc-chien
assets_source/kaykit-medieval-hexagon/KayKit_Medieval_Hexagon_Pack_1.0_FREE/Assets/obj/buildings/neutral	building_stage_B	CC0 1.0	node tools/tai_itch.mjs <tac-gia>/<goi> o repo quoc-chien
assets_source/kaykit-medieval-hexagon/KayKit_Medieval_Hexagon_Pack_1.0_FREE/Assets/obj/buildings/neutral	building_stage_C	CC0 1.0	node tools/tai_itch.mjs <tac-gia>/<goi> o repo quoc-chien
assets_source/kaykit-medieval-hexagon/KayKit_Medieval_Hexagon_Pack_1.0_FREE/Assets/obj/buildings/neutral	fence_stone_straight	CC0 1.0	node tools/tai_itch.mjs <tac-gia>/<goi> o repo quoc-chien
assets_source/kaykit-medieval-hexagon/KayKit_Medieval_Hexagon_Pack_1.0_FREE/Assets/obj/buildings/neutral	fence_stone_straight_gate	CC0 1.0	node tools/tai_itch.mjs <tac-gia>/<goi> o repo quoc-chien
assets_source/kaykit-medieval-hexagon/KayKit_Medieval_Hexagon_Pack_1.0_FREE/Assets/obj/buildings/neutral	fence_stone_straight_gate_fence_stone_straight_door	CC0 1.0	node tools/tai_itch.mjs <tac-gia>/<goi> o repo quoc-chien
assets_source/kaykit-medieval-hexagon/KayKit_Medieval_Hexagon_Pack_1.0_FREE/Assets/obj/buildings/neutral	fence_wood_straight	CC0 1.0	node tools/tai_itch.mjs <tac-gia>/<goi> o repo quoc-chien
assets_source/kaykit-medieval-hexagon/KayKit_Medieval_Hexagon_Pack_1.0_FREE/Assets/obj/buildings/neutral	fence_wood_straight_gate	CC0 1.0	node tools/tai_itch.mjs <tac-gia>/<goi> o repo quoc-chien
assets_source/kaykit-medieval-hexagon/KayKit_Medieval_Hexagon_Pack_1.0_FREE/Assets/obj/buildings/neutral	fence_wood_straight_gate_fence_wood_straight_door	CC0 1.0	node tools/tai_itch.mjs <tac-gia>/<goi> o repo quoc-chien
assets_source/kaykit-medieval-hexagon/KayKit_Medieval_Hexagon_Pack_1.0_FREE/Assets/obj/buildings/neutral	projectile_catapult	CC0 1.0	node tools/tai_itch.mjs <tac-gia>/<goi> o repo quoc-chien
assets_source/kaykit-medieval-hexagon/KayKit_Medieval_Hexagon_Pack_1.0_FREE/Assets/obj/buildings/neutral	wall_corner_A_gate	CC0 1.0	node tools/tai_itch.mjs <tac-gia>/<goi> o repo quoc-chien
assets_source/kaykit-medieval-hexagon/KayKit_Medieval_Hexagon_Pack_1.0_FREE/Assets/obj/buildings/neutral	wall_corner_A_gate_door_left	CC0 1.0	node tools/tai_itch.mjs <tac-gia>/<goi> o repo quoc-chien
assets_source/kaykit-medieval-hexagon/KayKit_Medieval_Hexagon_Pack_1.0_FREE/Assets/obj/buildings/neutral	wall_corner_A_gate_door_right	CC0 1.0	node tools/tai_itch.mjs <tac-gia>/<goi> o repo quoc-chien
assets_source/kaykit-medieval-hexagon/KayKit_Medieval_Hexagon_Pack_1.0_FREE/Assets/obj/buildings/neutral	wall_corner_A_inside	CC0 1.0	node tools/tai_itch.mjs <tac-gia>/<goi> o repo quoc-chien
assets_source/kaykit-medieval-hexagon/KayKit_Medieval_Hexagon_Pack_1.0_FREE/Assets/obj/buildings/neutral	wall_corner_A_outside	CC0 1.0	node tools/tai_itch.mjs <tac-gia>/<goi> o repo quoc-chien
assets_source/kaykit-medieval-hexagon/KayKit_Medieval_Hexagon_Pack_1.0_FREE/Assets/obj/buildings/neutral	wall_corner_B_inside	CC0 1.0	node tools/tai_itch.mjs <tac-gia>/<goi> o repo quoc-chien
assets_source/kaykit-medieval-hexagon/KayKit_Medieval_Hexagon_Pack_1.0_FREE/Assets/obj/buildings/neutral	wall_corner_B_outside	CC0 1.0	node tools/tai_itch.mjs <tac-gia>/<goi> o repo quoc-chien
assets_source/kaykit-medieval-hexagon/KayKit_Medieval_Hexagon_Pack_1.0_FREE/Assets/obj/buildings/neutral	wall_straight	CC0 1.0	node tools/tai_itch.mjs <tac-gia>/<goi> o repo quoc-chien
assets_source/kaykit-medieval-hexagon/KayKit_Medieval_Hexagon_Pack_1.0_FREE/Assets/obj/buildings/neutral	wall_straight_gate	CC0 1.0	node tools/tai_itch.mjs <tac-gia>/<goi> o repo quoc-chien
assets_source/kaykit-medieval-hexagon/KayKit_Medieval_Hexagon_Pack_1.0_FREE/Assets/obj/buildings/neutral	wall_straight_gate_door_left	CC0 1.0	node tools/tai_itch.mjs <tac-gia>/<goi> o repo quoc-chien
assets_source/kaykit-medieval-hexagon/KayKit_Medieval_Hexagon_Pack_1.0_FREE/Assets/obj/buildings/neutral	wall_straight_gate_door_right	CC0 1.0	node tools/tai_itch.mjs <tac-gia>/<goi> o repo quoc-chien
assets_source/kaykit-medieval-hexagon/KayKit_Medieval_Hexagon_Pack_1.0_FREE/Assets/obj/buildings/red	building_archeryrange_red	CC0 1.0	node tools/tai_itch.mjs <tac-gia>/<goi> o repo quoc-chien
assets_source/kaykit-medieval-hexagon/KayKit_Medieval_Hexagon_Pack_1.0_FREE/Assets/obj/buildings/red	building_barracks_red	CC0 1.0	node tools/tai_itch.mjs <tac-gia>/<goi> o repo quoc-chien
assets_source/kaykit-medieval-hexagon/KayKit_Medieval_Hexagon_Pack_1.0_FREE/Assets/obj/buildings/red	building_blacksmith_red	CC0 1.0	node tools/tai_itch.mjs <tac-gia>/<goi> o repo quoc-chien
assets_source/kaykit-medieval-hexagon/KayKit_Medieval_Hexagon_Pack_1.0_FREE/Assets/obj/buildings/red	building_castle_red	CC0 1.0	node tools/tai_itch.mjs <tac-gia>/<goi> o repo quoc-chien
assets_source/kaykit-medieval-hexagon/KayKit_Medieval_Hexagon_Pack_1.0_FREE/Assets/obj/buildings/red	building_church_red	CC0 1.0	node tools/tai_itch.mjs <tac-gia>/<goi> o repo quoc-chien
assets_source/kaykit-medieval-hexagon/KayKit_Medieval_Hexagon_Pack_1.0_FREE/Assets/obj/buildings/red	building_home_A_red	CC0 1.0	node tools/tai_itch.mjs <tac-gia>/<goi> o repo quoc-chien
assets_source/kaykit-medieval-hexagon/KayKit_Medieval_Hexagon_Pack_1.0_FREE/Assets/obj/buildings/red	building_home_B_red	CC0 1.0	node tools/tai_itch.mjs <tac-gia>/<goi> o repo quoc-chien
assets_source/kaykit-medieval-hexagon/KayKit_Medieval_Hexagon_Pack_1.0_FREE/Assets/obj/buildings/red	building_lumbermill_red	CC0 1.0	node tools/tai_itch.mjs <tac-gia>/<goi> o repo quoc-chien
assets_source/kaykit-medieval-hexagon/KayKit_Medieval_Hexagon_Pack_1.0_FREE/Assets/obj/buildings/red	building_lumbermill_red_building_lumbermill_saw_red	CC0 1.0	node tools/tai_itch.mjs <tac-gia>/<goi> o repo quoc-chien
assets_source/kaykit-medieval-hexagon/KayKit_Medieval_Hexagon_Pack_1.0_FREE/Assets/obj/buildings/red	building_lumbermill_red_building_lumbermill_top_red	CC0 1.0	node tools/tai_itch.mjs <tac-gia>/<goi> o repo quoc-chien
assets_source/kaykit-medieval-hexagon/KayKit_Medieval_Hexagon_Pack_1.0_FREE/Assets/obj/buildings/red	building_market_red	CC0 1.0	node tools/tai_itch.mjs <tac-gia>/<goi> o repo quoc-chien
assets_source/kaykit-medieval-hexagon/KayKit_Medieval_Hexagon_Pack_1.0_FREE/Assets/obj/buildings/red	building_mine_red	CC0 1.0	node tools/tai_itch.mjs <tac-gia>/<goi> o repo quoc-chien
assets_source/kaykit-medieval-hexagon/KayKit_Medieval_Hexagon_Pack_1.0_FREE/Assets/obj/buildings/red	building_tavern_red	CC0 1.0	node tools/tai_itch.mjs <tac-gia>/<goi> o repo quoc-chien
assets_source/kaykit-medieval-hexagon/KayKit_Medieval_Hexagon_Pack_1.0_FREE/Assets/obj/buildings/red	building_tower_A_red	CC0 1.0	node tools/tai_itch.mjs <tac-gia>/<goi> o repo quoc-chien
assets_source/kaykit-medieval-hexagon/KayKit_Medieval_Hexagon_Pack_1.0_FREE/Assets/obj/buildings/red	building_tower_A_red_building_tower_A_top_red	CC0 1.0	node tools/tai_itch.mjs <tac-gia>/<goi> o repo quoc-chien
assets_source/kaykit-medieval-hexagon/KayKit_Medieval_Hexagon_Pack_1.0_FREE/Assets/obj/buildings/red	building_tower_B_red	CC0 1.0	node tools/tai_itch.mjs <tac-gia>/<goi> o repo quoc-chien
assets_source/kaykit-medieval-hexagon/KayKit_Medieval_Hexagon_Pack_1.0_FREE/Assets/obj/buildings/red	building_tower_B_red_building_tower_B_top_red	CC0 1.0	node tools/tai_itch.mjs <tac-gia>/<goi> o repo quoc-chien
assets_source/kaykit-medieval-hexagon/KayKit_Medieval_Hexagon_Pack_1.0_FREE/Assets/obj/buildings/red	building_tower_base_red	CC0 1.0	node tools/tai_itch.mjs <tac-gia>/<goi> o repo quoc-chien
assets_source/kaykit-medieval-hexagon/KayKit_Medieval_Hexagon_Pack_1.0_FREE/Assets/obj/buildings/red	building_tower_catapult_red	CC0 1.0	node tools/tai_itch.mjs <tac-gia>/<goi> o repo quoc-chien
assets_source/kaykit-medieval-hexagon/KayKit_Medieval_Hexagon_Pack_1.0_FREE/Assets/obj/buildings/red	building_tower_catapult_red_catapult_turret_red	CC0 1.0	node tools/tai_itch.mjs <tac-gia>/<goi> o repo quoc-chien
assets_source/kaykit-medieval-hexagon/KayKit_Medieval_Hexagon_Pack_1.0_FREE/Assets/obj/buildings/red	building_tower_catapult_red_catapult_turret_red_catapult_arm_red	CC0 1.0	node tools/tai_itch.mjs <tac-gia>/<goi> o repo quoc-chien
assets_source/kaykit-medieval-hexagon/KayKit_Medieval_Hexagon_Pack_1.0_FREE/Assets/obj/buildings/red	building_watermill_red	CC0 1.0	node tools/tai_itch.mjs <tac-gia>/<goi> o repo quoc-chien
assets_source/kaykit-medieval-hexagon/KayKit_Medieval_Hexagon_Pack_1.0_FREE/Assets/obj/buildings/red	building_watermill_red_building_watermill_wheel_red	CC0 1.0	node tools/tai_itch.mjs <tac-gia>/<goi> o repo quoc-chien
assets_source/kaykit-medieval-hexagon/KayKit_Medieval_Hexagon_Pack_1.0_FREE/Assets/obj/buildings/red	building_well_red	CC0 1.0	node tools/tai_itch.mjs <tac-gia>/<goi> o repo quoc-chien
assets_source/kaykit-medieval-hexagon/KayKit_Medieval_Hexagon_Pack_1.0_FREE/Assets/obj/buildings/red	building_windmill_red	CC0 1.0	node tools/tai_itch.mjs <tac-gia>/<goi> o repo quoc-chien
assets_source/kaykit-medieval-hexagon/KayKit_Medieval_Hexagon_Pack_1.0_FREE/Assets/obj/buildings/red	building_windmill_red_building_windmill_top_red	CC0 1.0	node tools/tai_itch.mjs <tac-gia>/<goi> o repo quoc-chien
assets_source/kaykit-medieval-hexagon/KayKit_Medieval_Hexagon_Pack_1.0_FREE/Assets/obj/buildings/red	building_windmill_red_building_windmill_top_red_building_windmill_top_fan_red	CC0 1.0	node tools/tai_itch.mjs <tac-gia>/<goi> o repo quoc-chien
assets_source/kaykit-medieval-hexagon/KayKit_Medieval_Hexagon_Pack_1.0_FREE/Assets/obj/buildings/yellow	building_archeryrange_yellow	CC0 1.0	node tools/tai_itch.mjs <tac-gia>/<goi> o repo quoc-chien
assets_source/kaykit-medieval-hexagon/KayKit_Medieval_Hexagon_Pack_1.0_FREE/Assets/obj/buildings/yellow	building_barracks_yellow	CC0 1.0	node tools/tai_itch.mjs <tac-gia>/<goi> o repo quoc-chien
assets_source/kaykit-medieval-hexagon/KayKit_Medieval_Hexagon_Pack_1.0_FREE/Assets/obj/buildings/yellow	building_blacksmith_yellow	CC0 1.0	node tools/tai_itch.mjs <tac-gia>/<goi> o repo quoc-chien
assets_source/kaykit-medieval-hexagon/KayKit_Medieval_Hexagon_Pack_1.0_FREE/Assets/obj/buildings/yellow	building_castle_yellow	CC0 1.0	node tools/tai_itch.mjs <tac-gia>/<goi> o repo quoc-chien
assets_source/kaykit-medieval-hexagon/KayKit_Medieval_Hexagon_Pack_1.0_FREE/Assets/obj/buildings/yellow	building_church_yellow	CC0 1.0	node tools/tai_itch.mjs <tac-gia>/<goi> o repo quoc-chien
assets_source/kaykit-medieval-hexagon/KayKit_Medieval_Hexagon_Pack_1.0_FREE/Assets/obj/buildings/yellow	building_home_A_yellow	CC0 1.0	node tools/tai_itch.mjs <tac-gia>/<goi> o repo quoc-chien
assets_source/kaykit-medieval-hexagon/KayKit_Medieval_Hexagon_Pack_1.0_FREE/Assets/obj/buildings/yellow	building_home_B_yellow	CC0 1.0	node tools/tai_itch.mjs <tac-gia>/<goi> o repo quoc-chien
assets_source/kaykit-medieval-hexagon/KayKit_Medieval_Hexagon_Pack_1.0_FREE/Assets/obj/buildings/yellow	building_lumbermill_yellow	CC0 1.0	node tools/tai_itch.mjs <tac-gia>/<goi> o repo quoc-chien
assets_source/kaykit-medieval-hexagon/KayKit_Medieval_Hexagon_Pack_1.0_FREE/Assets/obj/buildings/yellow	building_lumbermill_yellow_building_lumbermill_saw_yellow	CC0 1.0	node tools/tai_itch.mjs <tac-gia>/<goi> o repo quoc-chien
assets_source/kaykit-medieval-hexagon/KayKit_Medieval_Hexagon_Pack_1.0_FREE/Assets/obj/buildings/yellow	building_lumbermill_yellow_building_lumbermill_top_yellow	CC0 1.0	node tools/tai_itch.mjs <tac-gia>/<goi> o repo quoc-chien
assets_source/kaykit-medieval-hexagon/KayKit_Medieval_Hexagon_Pack_1.0_FREE/Assets/obj/buildings/yellow	building_market_yellow	CC0 1.0	node tools/tai_itch.mjs <tac-gia>/<goi> o repo quoc-chien
assets_source/kaykit-medieval-hexagon/KayKit_Medieval_Hexagon_Pack_1.0_FREE/Assets/obj/buildings/yellow	building_mine_yellow	CC0 1.0	node tools/tai_itch.mjs <tac-gia>/<goi> o repo quoc-chien
assets_source/kaykit-medieval-hexagon/KayKit_Medieval_Hexagon_Pack_1.0_FREE/Assets/obj/buildings/yellow	building_tavern_yellow	CC0 1.0	node tools/tai_itch.mjs <tac-gia>/<goi> o repo quoc-chien
assets_source/kaykit-medieval-hexagon/KayKit_Medieval_Hexagon_Pack_1.0_FREE/Assets/obj/buildings/yellow	building_tower_A_yellow	CC0 1.0	node tools/tai_itch.mjs <tac-gia>/<goi> o repo quoc-chien
assets_source/kaykit-medieval-hexagon/KayKit_Medieval_Hexagon_Pack_1.0_FREE/Assets/obj/buildings/yellow	building_tower_A_yellow_building_tower_A_top_yellow	CC0 1.0	node tools/tai_itch.mjs <tac-gia>/<goi> o repo quoc-chien
assets_source/kaykit-medieval-hexagon/KayKit_Medieval_Hexagon_Pack_1.0_FREE/Assets/obj/buildings/yellow	building_tower_B_yellow	CC0 1.0	node tools/tai_itch.mjs <tac-gia>/<goi> o repo quoc-chien
assets_source/kaykit-medieval-hexagon/KayKit_Medieval_Hexagon_Pack_1.0_FREE/Assets/obj/buildings/yellow	building_tower_B_yellow_building_tower_B_top_yellow	CC0 1.0	node tools/tai_itch.mjs <tac-gia>/<goi> o repo quoc-chien
assets_source/kaykit-medieval-hexagon/KayKit_Medieval_Hexagon_Pack_1.0_FREE/Assets/obj/buildings/yellow	building_tower_base_yellow	CC0 1.0	node tools/tai_itch.mjs <tac-gia>/<goi> o repo quoc-chien
assets_source/kaykit-medieval-hexagon/KayKit_Medieval_Hexagon_Pack_1.0_FREE/Assets/obj/buildings/yellow	building_tower_catapult_yellow	CC0 1.0	node tools/tai_itch.mjs <tac-gia>/<goi> o repo quoc-chien
assets_source/kaykit-medieval-hexagon/KayKit_Medieval_Hexagon_Pack_1.0_FREE/Assets/obj/buildings/yellow	building_tower_catapult_yellow_catapult_turret_yellow	CC0 1.0	node tools/tai_itch.mjs <tac-gia>/<goi> o repo quoc-chien
assets_source/kaykit-medieval-hexagon/KayKit_Medieval_Hexagon_Pack_1.0_FREE/Assets/obj/buildings/yellow	building_tower_catapult_yellow_catapult_turret_yellow_catapult_arm_yellow	CC0 1.0	node tools/tai_itch.mjs <tac-gia>/<goi> o repo quoc-chien
assets_source/kaykit-medieval-hexagon/KayKit_Medieval_Hexagon_Pack_1.0_FREE/Assets/obj/buildings/yellow	building_watermill_yellow	CC0 1.0	node tools/tai_itch.mjs <tac-gia>/<goi> o repo quoc-chien
assets_source/kaykit-medieval-hexagon/KayKit_Medieval_Hexagon_Pack_1.0_FREE/Assets/obj/buildings/yellow	building_watermill_yellow_building_watermill_wheel_yellow	CC0 1.0	node tools/tai_itch.mjs <tac-gia>/<goi> o repo quoc-chien
assets_source/kaykit-medieval-hexagon/KayKit_Medieval_Hexagon_Pack_1.0_FREE/Assets/obj/buildings/yellow	building_well_yellow	CC0 1.0	node tools/tai_itch.mjs <tac-gia>/<goi> o repo quoc-chien
assets_source/kaykit-medieval-hexagon/KayKit_Medieval_Hexagon_Pack_1.0_FREE/Assets/obj/buildings/yellow	building_windmill_yellow	CC0 1.0	node tools/tai_itch.mjs <tac-gia>/<goi> o repo quoc-chien
assets_source/kaykit-medieval-hexagon/KayKit_Medieval_Hexagon_Pack_1.0_FREE/Assets/obj/buildings/yellow	building_windmill_yellow_building_windmill_top_yellow	CC0 1.0	node tools/tai_itch.mjs <tac-gia>/<goi> o repo quoc-chien
assets_source/kaykit-medieval-hexagon/KayKit_Medieval_Hexagon_Pack_1.0_FREE/Assets/obj/buildings/yellow	building_windmill_yellow_building_windmill_top_yellow_building_windmill_top_fan_yellow	CC0 1.0	node tools/tai_itch.mjs <tac-gia>/<goi> o repo quoc-chien
assets_source/kaykit-medieval-hexagon/KayKit_Medieval_Hexagon_Pack_1.0_FREE/Assets/obj/decoration/nature	cloud_big	CC0 1.0	node tools/tai_itch.mjs <tac-gia>/<goi> o repo quoc-chien
assets_source/kaykit-medieval-hexagon/KayKit_Medieval_Hexagon_Pack_1.0_FREE/Assets/obj/decoration/nature	cloud_small	CC0 1.0	node tools/tai_itch.mjs <tac-gia>/<goi> o repo quoc-chien
assets_source/kaykit-medieval-hexagon/KayKit_Medieval_Hexagon_Pack_1.0_FREE/Assets/obj/decoration/nature	hill_single_A	CC0 1.0	node tools/tai_itch.mjs <tac-gia>/<goi> o repo quoc-chien
assets_source/kaykit-medieval-hexagon/KayKit_Medieval_Hexagon_Pack_1.0_FREE/Assets/obj/decoration/nature	hill_single_B	CC0 1.0	node tools/tai_itch.mjs <tac-gia>/<goi> o repo quoc-chien
assets_source/kaykit-medieval-hexagon/KayKit_Medieval_Hexagon_Pack_1.0_FREE/Assets/obj/decoration/nature	hill_single_C	CC0 1.0	node tools/tai_itch.mjs <tac-gia>/<goi> o repo quoc-chien
assets_source/kaykit-medieval-hexagon/KayKit_Medieval_Hexagon_Pack_1.0_FREE/Assets/obj/decoration/nature	hills_A	CC0 1.0	node tools/tai_itch.mjs <tac-gia>/<goi> o repo quoc-chien
assets_source/kaykit-medieval-hexagon/KayKit_Medieval_Hexagon_Pack_1.0_FREE/Assets/obj/decoration/nature	hills_A_trees	CC0 1.0	node tools/tai_itch.mjs <tac-gia>/<goi> o repo quoc-chien
assets_source/kaykit-medieval-hexagon/KayKit_Medieval_Hexagon_Pack_1.0_FREE/Assets/obj/decoration/nature	hills_B	CC0 1.0	node tools/tai_itch.mjs <tac-gia>/<goi> o repo quoc-chien
assets_source/kaykit-medieval-hexagon/KayKit_Medieval_Hexagon_Pack_1.0_FREE/Assets/obj/decoration/nature	hills_B_trees	CC0 1.0	node tools/tai_itch.mjs <tac-gia>/<goi> o repo quoc-chien
assets_source/kaykit-medieval-hexagon/KayKit_Medieval_Hexagon_Pack_1.0_FREE/Assets/obj/decoration/nature	hills_C	CC0 1.0	node tools/tai_itch.mjs <tac-gia>/<goi> o repo quoc-chien
assets_source/kaykit-medieval-hexagon/KayKit_Medieval_Hexagon_Pack_1.0_FREE/Assets/obj/decoration/nature	hills_C_trees	CC0 1.0	node tools/tai_itch.mjs <tac-gia>/<goi> o repo quoc-chien
assets_source/kaykit-medieval-hexagon/KayKit_Medieval_Hexagon_Pack_1.0_FREE/Assets/obj/decoration/nature	mountain_A	CC0 1.0	node tools/tai_itch.mjs <tac-gia>/<goi> o repo quoc-chien
assets_source/kaykit-medieval-hexagon/KayKit_Medieval_Hexagon_Pack_1.0_FREE/Assets/obj/decoration/nature	mountain_A_grass	CC0 1.0	node tools/tai_itch.mjs <tac-gia>/<goi> o repo quoc-chien
assets_source/kaykit-medieval-hexagon/KayKit_Medieval_Hexagon_Pack_1.0_FREE/Assets/obj/decoration/nature	mountain_A_grass_trees	CC0 1.0	node tools/tai_itch.mjs <tac-gia>/<goi> o repo quoc-chien
assets_source/kaykit-medieval-hexagon/KayKit_Medieval_Hexagon_Pack_1.0_FREE/Assets/obj/decoration/nature	mountain_B	CC0 1.0	node tools/tai_itch.mjs <tac-gia>/<goi> o repo quoc-chien
assets_source/kaykit-medieval-hexagon/KayKit_Medieval_Hexagon_Pack_1.0_FREE/Assets/obj/decoration/nature	mountain_B_grass	CC0 1.0	node tools/tai_itch.mjs <tac-gia>/<goi> o repo quoc-chien
assets_source/kaykit-medieval-hexagon/KayKit_Medieval_Hexagon_Pack_1.0_FREE/Assets/obj/decoration/nature	mountain_B_grass_trees	CC0 1.0	node tools/tai_itch.mjs <tac-gia>/<goi> o repo quoc-chien
assets_source/kaykit-medieval-hexagon/KayKit_Medieval_Hexagon_Pack_1.0_FREE/Assets/obj/decoration/nature	mountain_C	CC0 1.0	node tools/tai_itch.mjs <tac-gia>/<goi> o repo quoc-chien
assets_source/kaykit-medieval-hexagon/KayKit_Medieval_Hexagon_Pack_1.0_FREE/Assets/obj/decoration/nature	mountain_C_grass	CC0 1.0	node tools/tai_itch.mjs <tac-gia>/<goi> o repo quoc-chien
assets_source/kaykit-medieval-hexagon/KayKit_Medieval_Hexagon_Pack_1.0_FREE/Assets/obj/decoration/nature	mountain_C_grass_trees	CC0 1.0	node tools/tai_itch.mjs <tac-gia>/<goi> o repo quoc-chien
assets_source/kaykit-medieval-hexagon/KayKit_Medieval_Hexagon_Pack_1.0_FREE/Assets/obj/decoration/nature	rock_single_A	CC0 1.0	node tools/tai_itch.mjs <tac-gia>/<goi> o repo quoc-chien
assets_source/kaykit-medieval-hexagon/KayKit_Medieval_Hexagon_Pack_1.0_FREE/Assets/obj/decoration/nature	rock_single_B	CC0 1.0	node tools/tai_itch.mjs <tac-gia>/<goi> o repo quoc-chien
assets_source/kaykit-medieval-hexagon/KayKit_Medieval_Hexagon_Pack_1.0_FREE/Assets/obj/decoration/nature	rock_single_C	CC0 1.0	node tools/tai_itch.mjs <tac-gia>/<goi> o repo quoc-chien
assets_source/kaykit-medieval-hexagon/KayKit_Medieval_Hexagon_Pack_1.0_FREE/Assets/obj/decoration/nature	rock_single_D	CC0 1.0	node tools/tai_itch.mjs <tac-gia>/<goi> o repo quoc-chien
assets_source/kaykit-medieval-hexagon/KayKit_Medieval_Hexagon_Pack_1.0_FREE/Assets/obj/decoration/nature	rock_single_E	CC0 1.0	node tools/tai_itch.mjs <tac-gia>/<goi> o repo quoc-chien
assets_source/kaykit-medieval-hexagon/KayKit_Medieval_Hexagon_Pack_1.0_FREE/Assets/obj/decoration/nature	tree_single_A	CC0 1.0	node tools/tai_itch.mjs <tac-gia>/<goi> o repo quoc-chien
assets_source/kaykit-medieval-hexagon/KayKit_Medieval_Hexagon_Pack_1.0_FREE/Assets/obj/decoration/nature	tree_single_A_cut	CC0 1.0	node tools/tai_itch.mjs <tac-gia>/<goi> o repo quoc-chien
assets_source/kaykit-medieval-hexagon/KayKit_Medieval_Hexagon_Pack_1.0_FREE/Assets/obj/decoration/nature	tree_single_B	CC0 1.0	node tools/tai_itch.mjs <tac-gia>/<goi> o repo quoc-chien
assets_source/kaykit-medieval-hexagon/KayKit_Medieval_Hexagon_Pack_1.0_FREE/Assets/obj/decoration/nature	tree_single_B_cut	CC0 1.0	node tools/tai_itch.mjs <tac-gia>/<goi> o repo quoc-chien
assets_source/kaykit-medieval-hexagon/KayKit_Medieval_Hexagon_Pack_1.0_FREE/Assets/obj/decoration/nature	trees_A_cut	CC0 1.0	node tools/tai_itch.mjs <tac-gia>/<goi> o repo quoc-chien
assets_source/kaykit-medieval-hexagon/KayKit_Medieval_Hexagon_Pack_1.0_FREE/Assets/obj/decoration/nature	trees_A_large	CC0 1.0	node tools/tai_itch.mjs <tac-gia>/<goi> o repo quoc-chien
assets_source/kaykit-medieval-hexagon/KayKit_Medieval_Hexagon_Pack_1.0_FREE/Assets/obj/decoration/nature	trees_A_medium	CC0 1.0	node tools/tai_itch.mjs <tac-gia>/<goi> o repo quoc-chien
assets_source/kaykit-medieval-hexagon/KayKit_Medieval_Hexagon_Pack_1.0_FREE/Assets/obj/decoration/nature	trees_A_small	CC0 1.0	node tools/tai_itch.mjs <tac-gia>/<goi> o repo quoc-chien
assets_source/kaykit-medieval-hexagon/KayKit_Medieval_Hexagon_Pack_1.0_FREE/Assets/obj/decoration/nature	trees_B_cut	CC0 1.0	node tools/tai_itch.mjs <tac-gia>/<goi> o repo quoc-chien
assets_source/kaykit-medieval-hexagon/KayKit_Medieval_Hexagon_Pack_1.0_FREE/Assets/obj/decoration/nature	trees_B_large	CC0 1.0	node tools/tai_itch.mjs <tac-gia>/<goi> o repo quoc-chien
assets_source/kaykit-medieval-hexagon/KayKit_Medieval_Hexagon_Pack_1.0_FREE/Assets/obj/decoration/nature	trees_B_medium	CC0 1.0	node tools/tai_itch.mjs <tac-gia>/<goi> o repo quoc-chien
assets_source/kaykit-medieval-hexagon/KayKit_Medieval_Hexagon_Pack_1.0_FREE/Assets/obj/decoration/nature	trees_B_small	CC0 1.0	node tools/tai_itch.mjs <tac-gia>/<goi> o repo quoc-chien
assets_source/kaykit-medieval-hexagon/KayKit_Medieval_Hexagon_Pack_1.0_FREE/Assets/obj/decoration/nature	waterlily_A	CC0 1.0	node tools/tai_itch.mjs <tac-gia>/<goi> o repo quoc-chien
assets_source/kaykit-medieval-hexagon/KayKit_Medieval_Hexagon_Pack_1.0_FREE/Assets/obj/decoration/nature	waterlily_B	CC0 1.0	node tools/tai_itch.mjs <tac-gia>/<goi> o repo quoc-chien
assets_source/kaykit-medieval-hexagon/KayKit_Medieval_Hexagon_Pack_1.0_FREE/Assets/obj/decoration/nature	waterplant_A	CC0 1.0	node tools/tai_itch.mjs <tac-gia>/<goi> o repo quoc-chien
assets_source/kaykit-medieval-hexagon/KayKit_Medieval_Hexagon_Pack_1.0_FREE/Assets/obj/decoration/nature	waterplant_B	CC0 1.0	node tools/tai_itch.mjs <tac-gia>/<goi> o repo quoc-chien
assets_source/kaykit-medieval-hexagon/KayKit_Medieval_Hexagon_Pack_1.0_FREE/Assets/obj/decoration/nature	waterplant_C	CC0 1.0	node tools/tai_itch.mjs <tac-gia>/<goi> o repo quoc-chien
assets_source/kaykit-medieval-hexagon/KayKit_Medieval_Hexagon_Pack_1.0_FREE/Assets/obj/decoration/props	barrel	CC0 1.0	node tools/tai_itch.mjs <tac-gia>/<goi> o repo quoc-chien
assets_source/kaykit-medieval-hexagon/KayKit_Medieval_Hexagon_Pack_1.0_FREE/Assets/obj/decoration/props	bucket_arrows	CC0 1.0	node tools/tai_itch.mjs <tac-gia>/<goi> o repo quoc-chien
assets_source/kaykit-medieval-hexagon/KayKit_Medieval_Hexagon_Pack_1.0_FREE/Assets/obj/decoration/props	bucket_empty	CC0 1.0	node tools/tai_itch.mjs <tac-gia>/<goi> o repo quoc-chien
assets_source/kaykit-medieval-hexagon/KayKit_Medieval_Hexagon_Pack_1.0_FREE/Assets/obj/decoration/props	bucket_water	CC0 1.0	node tools/tai_itch.mjs <tac-gia>/<goi> o repo quoc-chien
assets_source/kaykit-medieval-hexagon/KayKit_Medieval_Hexagon_Pack_1.0_FREE/Assets/obj/decoration/props	crate_A_big	CC0 1.0	node tools/tai_itch.mjs <tac-gia>/<goi> o repo quoc-chien
assets_source/kaykit-medieval-hexagon/KayKit_Medieval_Hexagon_Pack_1.0_FREE/Assets/obj/decoration/props	crate_A_small	CC0 1.0	node tools/tai_itch.mjs <tac-gia>/<goi> o repo quoc-chien
assets_source/kaykit-medieval-hexagon/KayKit_Medieval_Hexagon_Pack_1.0_FREE/Assets/obj/decoration/props	crate_B_big	CC0 1.0	node tools/tai_itch.mjs <tac-gia>/<goi> o repo quoc-chien
assets_source/kaykit-medieval-hexagon/KayKit_Medieval_Hexagon_Pack_1.0_FREE/Assets/obj/decoration/props	crate_B_small	CC0 1.0	node tools/tai_itch.mjs <tac-gia>/<goi> o repo quoc-chien
assets_source/kaykit-medieval-hexagon/KayKit_Medieval_Hexagon_Pack_1.0_FREE/Assets/obj/decoration/props	crate_long_A	CC0 1.0	node tools/tai_itch.mjs <tac-gia>/<goi> o repo quoc-chien
assets_source/kaykit-medieval-hexagon/KayKit_Medieval_Hexagon_Pack_1.0_FREE/Assets/obj/decoration/props	crate_long_B	CC0 1.0	node tools/tai_itch.mjs <tac-gia>/<goi> o repo quoc-chien
assets_source/kaykit-medieval-hexagon/KayKit_Medieval_Hexagon_Pack_1.0_FREE/Assets/obj/decoration/props	crate_long_C	CC0 1.0	node tools/tai_itch.mjs <tac-gia>/<goi> o repo quoc-chien
assets_source/kaykit-medieval-hexagon/KayKit_Medieval_Hexagon_Pack_1.0_FREE/Assets/obj/decoration/props	crate_long_empty	CC0 1.0	node tools/tai_itch.mjs <tac-gia>/<goi> o repo quoc-chien
assets_source/kaykit-medieval-hexagon/KayKit_Medieval_Hexagon_Pack_1.0_FREE/Assets/obj/decoration/props	crate_open	CC0 1.0	node tools/tai_itch.mjs <tac-gia>/<goi> o repo quoc-chien
assets_source/kaykit-medieval-hexagon/KayKit_Medieval_Hexagon_Pack_1.0_FREE/Assets/obj/decoration/props	flag_blue	CC0 1.0	node tools/tai_itch.mjs <tac-gia>/<goi> o repo quoc-chien
assets_source/kaykit-medieval-hexagon/KayKit_Medieval_Hexagon_Pack_1.0_FREE/Assets/obj/decoration/props	flag_green	CC0 1.0	node tools/tai_itch.mjs <tac-gia>/<goi> o repo quoc-chien
assets_source/kaykit-medieval-hexagon/KayKit_Medieval_Hexagon_Pack_1.0_FREE/Assets/obj/decoration/props	flag_red	CC0 1.0	node tools/tai_itch.mjs <tac-gia>/<goi> o repo quoc-chien
assets_source/kaykit-medieval-hexagon/KayKit_Medieval_Hexagon_Pack_1.0_FREE/Assets/obj/decoration/props	flag_yellow	CC0 1.0	node tools/tai_itch.mjs <tac-gia>/<goi> o repo quoc-chien
assets_source/kaykit-medieval-hexagon/KayKit_Medieval_Hexagon_Pack_1.0_FREE/Assets/obj/decoration/props	ladder	CC0 1.0	node tools/tai_itch.mjs <tac-gia>/<goi> o repo quoc-chien
assets_source/kaykit-medieval-hexagon/KayKit_Medieval_Hexagon_Pack_1.0_FREE/Assets/obj/decoration/props	pallet	CC0 1.0	node tools/tai_itch.mjs <tac-gia>/<goi> o repo quoc-chien
assets_source/kaykit-medieval-hexagon/KayKit_Medieval_Hexagon_Pack_1.0_FREE/Assets/obj/decoration/props	resource_lumber	CC0 1.0	node tools/tai_itch.mjs <tac-gia>/<goi> o repo quoc-chien
assets_source/kaykit-medieval-hexagon/KayKit_Medieval_Hexagon_Pack_1.0_FREE/Assets/obj/decoration/props	resource_stone	CC0 1.0	node tools/tai_itch.mjs <tac-gia>/<goi> o repo quoc-chien
assets_source/kaykit-medieval-hexagon/KayKit_Medieval_Hexagon_Pack_1.0_FREE/Assets/obj/decoration/props	sack	CC0 1.0	node tools/tai_itch.mjs <tac-gia>/<goi> o repo quoc-chien
assets_source/kaykit-medieval-hexagon/KayKit_Medieval_Hexagon_Pack_1.0_FREE/Assets/obj/decoration/props	target	CC0 1.0	node tools/tai_itch.mjs <tac-gia>/<goi> o repo quoc-chien
assets_source/kaykit-medieval-hexagon/KayKit_Medieval_Hexagon_Pack_1.0_FREE/Assets/obj/decoration/props	tent	CC0 1.0	node tools/tai_itch.mjs <tac-gia>/<goi> o repo quoc-chien
assets_source/kaykit-medieval-hexagon/KayKit_Medieval_Hexagon_Pack_1.0_FREE/Assets/obj/decoration/props	weaponrack	CC0 1.0	node tools/tai_itch.mjs <tac-gia>/<goi> o repo quoc-chien
assets_source/kaykit-medieval-hexagon/KayKit_Medieval_Hexagon_Pack_1.0_FREE/Assets/obj/decoration/props	wheelbarrow	CC0 1.0	node tools/tai_itch.mjs <tac-gia>/<goi> o repo quoc-chien
assets_source/kaykit-medieval-hexagon/KayKit_Medieval_Hexagon_Pack_1.0_FREE/Assets/obj/tiles/base	hex_grass	CC0 1.0	node tools/tai_itch.mjs <tac-gia>/<goi> o repo quoc-chien
assets_source/kaykit-medieval-hexagon/KayKit_Medieval_Hexagon_Pack_1.0_FREE/Assets/obj/tiles/base	hex_grass_bottom	CC0 1.0	node tools/tai_itch.mjs <tac-gia>/<goi> o repo quoc-chien
assets_source/kaykit-medieval-hexagon/KayKit_Medieval_Hexagon_Pack_1.0_FREE/Assets/obj/tiles/base	hex_grass_sloped_high	CC0 1.0	node tools/tai_itch.mjs <tac-gia>/<goi> o repo quoc-chien
assets_source/kaykit-medieval-hexagon/KayKit_Medieval_Hexagon_Pack_1.0_FREE/Assets/obj/tiles/base	hex_grass_sloped_low	CC0 1.0	node tools/tai_itch.mjs <tac-gia>/<goi> o repo quoc-chien
assets_source/kaykit-medieval-hexagon/KayKit_Medieval_Hexagon_Pack_1.0_FREE/Assets/obj/tiles/base	hex_water	CC0 1.0	node tools/tai_itch.mjs <tac-gia>/<goi> o repo quoc-chien
assets_source/kaykit-medieval-hexagon/KayKit_Medieval_Hexagon_Pack_1.0_FREE/Assets/obj/tiles/coast/waterless	hex_coast_A_waterless	CC0 1.0	node tools/tai_itch.mjs <tac-gia>/<goi> o repo quoc-chien
assets_source/kaykit-medieval-hexagon/KayKit_Medieval_Hexagon_Pack_1.0_FREE/Assets/obj/tiles/coast/waterless	hex_coast_B_waterless	CC0 1.0	node tools/tai_itch.mjs <tac-gia>/<goi> o repo quoc-chien
assets_source/kaykit-medieval-hexagon/KayKit_Medieval_Hexagon_Pack_1.0_FREE/Assets/obj/tiles/coast/waterless	hex_coast_C_waterless	CC0 1.0	node tools/tai_itch.mjs <tac-gia>/<goi> o repo quoc-chien
assets_source/kaykit-medieval-hexagon/KayKit_Medieval_Hexagon_Pack_1.0_FREE/Assets/obj/tiles/coast/waterless	hex_coast_D_waterless	CC0 1.0	node tools/tai_itch.mjs <tac-gia>/<goi> o repo quoc-chien
assets_source/kaykit-medieval-hexagon/KayKit_Medieval_Hexagon_Pack_1.0_FREE/Assets/obj/tiles/coast/waterless	hex_coast_E_waterless	CC0 1.0	node tools/tai_itch.mjs <tac-gia>/<goi> o repo quoc-chien
assets_source/kaykit-medieval-hexagon/KayKit_Medieval_Hexagon_Pack_1.0_FREE/Assets/obj/tiles/coast	hex_coast_A	CC0 1.0	node tools/tai_itch.mjs <tac-gia>/<goi> o repo quoc-chien
assets_source/kaykit-medieval-hexagon/KayKit_Medieval_Hexagon_Pack_1.0_FREE/Assets/obj/tiles/coast	hex_coast_B	CC0 1.0	node tools/tai_itch.mjs <tac-gia>/<goi> o repo quoc-chien
assets_source/kaykit-medieval-hexagon/KayKit_Medieval_Hexagon_Pack_1.0_FREE/Assets/obj/tiles/coast	hex_coast_C	CC0 1.0	node tools/tai_itch.mjs <tac-gia>/<goi> o repo quoc-chien
assets_source/kaykit-medieval-hexagon/KayKit_Medieval_Hexagon_Pack_1.0_FREE/Assets/obj/tiles/coast	hex_coast_D	CC0 1.0	node tools/tai_itch.mjs <tac-gia>/<goi> o repo quoc-chien
assets_source/kaykit-medieval-hexagon/KayKit_Medieval_Hexagon_Pack_1.0_FREE/Assets/obj/tiles/coast	hex_coast_E	CC0 1.0	node tools/tai_itch.mjs <tac-gia>/<goi> o repo quoc-chien
assets_source/kaykit-medieval-hexagon/KayKit_Medieval_Hexagon_Pack_1.0_FREE/Assets/obj/tiles/rivers/waterless	hex_river_A_curvy_waterless	CC0 1.0	node tools/tai_itch.mjs <tac-gia>/<goi> o repo quoc-chien
assets_source/kaykit-medieval-hexagon/KayKit_Medieval_Hexagon_Pack_1.0_FREE/Assets/obj/tiles/rivers/waterless	hex_river_A_waterless	CC0 1.0	node tools/tai_itch.mjs <tac-gia>/<goi> o repo quoc-chien
assets_source/kaykit-medieval-hexagon/KayKit_Medieval_Hexagon_Pack_1.0_FREE/Assets/obj/tiles/rivers/waterless	hex_river_B_waterless	CC0 1.0	node tools/tai_itch.mjs <tac-gia>/<goi> o repo quoc-chien
assets_source/kaykit-medieval-hexagon/KayKit_Medieval_Hexagon_Pack_1.0_FREE/Assets/obj/tiles/rivers/waterless	hex_river_C_waterless	CC0 1.0	node tools/tai_itch.mjs <tac-gia>/<goi> o repo quoc-chien
assets_source/kaykit-medieval-hexagon/KayKit_Medieval_Hexagon_Pack_1.0_FREE/Assets/obj/tiles/rivers/waterless	hex_river_D_waterless	CC0 1.0	node tools/tai_itch.mjs <tac-gia>/<goi> o repo quoc-chien
assets_source/kaykit-medieval-hexagon/KayKit_Medieval_Hexagon_Pack_1.0_FREE/Assets/obj/tiles/rivers/waterless	hex_river_E_waterless	CC0 1.0	node tools/tai_itch.mjs <tac-gia>/<goi> o repo quoc-chien
assets_source/kaykit-medieval-hexagon/KayKit_Medieval_Hexagon_Pack_1.0_FREE/Assets/obj/tiles/rivers/waterless	hex_river_F_waterless	CC0 1.0	node tools/tai_itch.mjs <tac-gia>/<goi> o repo quoc-chien
assets_source/kaykit-medieval-hexagon/KayKit_Medieval_Hexagon_Pack_1.0_FREE/Assets/obj/tiles/rivers/waterless	hex_river_G_waterless	CC0 1.0	node tools/tai_itch.mjs <tac-gia>/<goi> o repo quoc-chien
assets_source/kaykit-medieval-hexagon/KayKit_Medieval_Hexagon_Pack_1.0_FREE/Assets/obj/tiles/rivers/waterless	hex_river_H_waterless	CC0 1.0	node tools/tai_itch.mjs <tac-gia>/<goi> o repo quoc-chien
assets_source/kaykit-medieval-hexagon/KayKit_Medieval_Hexagon_Pack_1.0_FREE/Assets/obj/tiles/rivers/waterless	hex_river_I_waterless	CC0 1.0	node tools/tai_itch.mjs <tac-gia>/<goi> o repo quoc-chien
assets_source/kaykit-medieval-hexagon/KayKit_Medieval_Hexagon_Pack_1.0_FREE/Assets/obj/tiles/rivers/waterless	hex_river_J_waterless	CC0 1.0	node tools/tai_itch.mjs <tac-gia>/<goi> o repo quoc-chien
assets_source/kaykit-medieval-hexagon/KayKit_Medieval_Hexagon_Pack_1.0_FREE/Assets/obj/tiles/rivers/waterless	hex_river_K_waterless	CC0 1.0	node tools/tai_itch.mjs <tac-gia>/<goi> o repo quoc-chien
assets_source/kaykit-medieval-hexagon/KayKit_Medieval_Hexagon_Pack_1.0_FREE/Assets/obj/tiles/rivers/waterless	hex_river_L_waterless	CC0 1.0	node tools/tai_itch.mjs <tac-gia>/<goi> o repo quoc-chien
assets_source/kaykit-medieval-hexagon/KayKit_Medieval_Hexagon_Pack_1.0_FREE/Assets/obj/tiles/rivers/waterless	hex_river_crossing_A_waterless	CC0 1.0	node tools/tai_itch.mjs <tac-gia>/<goi> o repo quoc-chien
assets_source/kaykit-medieval-hexagon/KayKit_Medieval_Hexagon_Pack_1.0_FREE/Assets/obj/tiles/rivers/waterless	hex_river_crossing_B_waterless	CC0 1.0	node tools/tai_itch.mjs <tac-gia>/<goi> o repo quoc-chien
assets_source/kaykit-medieval-hexagon/KayKit_Medieval_Hexagon_Pack_1.0_FREE/Assets/obj/tiles/rivers	hex_river_A	CC0 1.0	node tools/tai_itch.mjs <tac-gia>/<goi> o repo quoc-chien
assets_source/kaykit-medieval-hexagon/KayKit_Medieval_Hexagon_Pack_1.0_FREE/Assets/obj/tiles/rivers	hex_river_A_curvy	CC0 1.0	node tools/tai_itch.mjs <tac-gia>/<goi> o repo quoc-chien
assets_source/kaykit-medieval-hexagon/KayKit_Medieval_Hexagon_Pack_1.0_FREE/Assets/obj/tiles/rivers	hex_river_B	CC0 1.0	node tools/tai_itch.mjs <tac-gia>/<goi> o repo quoc-chien
assets_source/kaykit-medieval-hexagon/KayKit_Medieval_Hexagon_Pack_1.0_FREE/Assets/obj/tiles/rivers	hex_river_C	CC0 1.0	node tools/tai_itch.mjs <tac-gia>/<goi> o repo quoc-chien
assets_source/kaykit-medieval-hexagon/KayKit_Medieval_Hexagon_Pack_1.0_FREE/Assets/obj/tiles/rivers	hex_river_D	CC0 1.0	node tools/tai_itch.mjs <tac-gia>/<goi> o repo quoc-chien
assets_source/kaykit-medieval-hexagon/KayKit_Medieval_Hexagon_Pack_1.0_FREE/Assets/obj/tiles/rivers	hex_river_E	CC0 1.0	node tools/tai_itch.mjs <tac-gia>/<goi> o repo quoc-chien
assets_source/kaykit-medieval-hexagon/KayKit_Medieval_Hexagon_Pack_1.0_FREE/Assets/obj/tiles/rivers	hex_river_F	CC0 1.0	node tools/tai_itch.mjs <tac-gia>/<goi> o repo quoc-chien
assets_source/kaykit-medieval-hexagon/KayKit_Medieval_Hexagon_Pack_1.0_FREE/Assets/obj/tiles/rivers	hex_river_G	CC0 1.0	node tools/tai_itch.mjs <tac-gia>/<goi> o repo quoc-chien
assets_source/kaykit-medieval-hexagon/KayKit_Medieval_Hexagon_Pack_1.0_FREE/Assets/obj/tiles/rivers	hex_river_H	CC0 1.0	node tools/tai_itch.mjs <tac-gia>/<goi> o repo quoc-chien
assets_source/kaykit-medieval-hexagon/KayKit_Medieval_Hexagon_Pack_1.0_FREE/Assets/obj/tiles/rivers	hex_river_I	CC0 1.0	node tools/tai_itch.mjs <tac-gia>/<goi> o repo quoc-chien
assets_source/kaykit-medieval-hexagon/KayKit_Medieval_Hexagon_Pack_1.0_FREE/Assets/obj/tiles/rivers	hex_river_J	CC0 1.0	node tools/tai_itch.mjs <tac-gia>/<goi> o repo quoc-chien
assets_source/kaykit-medieval-hexagon/KayKit_Medieval_Hexagon_Pack_1.0_FREE/Assets/obj/tiles/rivers	hex_river_K	CC0 1.0	node tools/tai_itch.mjs <tac-gia>/<goi> o repo quoc-chien
assets_source/kaykit-medieval-hexagon/KayKit_Medieval_Hexagon_Pack_1.0_FREE/Assets/obj/tiles/rivers	hex_river_L	CC0 1.0	node tools/tai_itch.mjs <tac-gia>/<goi> o repo quoc-chien
assets_source/kaykit-medieval-hexagon/KayKit_Medieval_Hexagon_Pack_1.0_FREE/Assets/obj/tiles/rivers	hex_river_crossing_A	CC0 1.0	node tools/tai_itch.mjs <tac-gia>/<goi> o repo quoc-chien
assets_source/kaykit-medieval-hexagon/KayKit_Medieval_Hexagon_Pack_1.0_FREE/Assets/obj/tiles/rivers	hex_river_crossing_B	CC0 1.0	node tools/tai_itch.mjs <tac-gia>/<goi> o repo quoc-chien
assets_source/kaykit-medieval-hexagon/KayKit_Medieval_Hexagon_Pack_1.0_FREE/Assets/obj/tiles/roads	hex_road_A	CC0 1.0	node tools/tai_itch.mjs <tac-gia>/<goi> o repo quoc-chien
assets_source/kaykit-medieval-hexagon/KayKit_Medieval_Hexagon_Pack_1.0_FREE/Assets/obj/tiles/roads	hex_road_A_sloped_high	CC0 1.0	node tools/tai_itch.mjs <tac-gia>/<goi> o repo quoc-chien
assets_source/kaykit-medieval-hexagon/KayKit_Medieval_Hexagon_Pack_1.0_FREE/Assets/obj/tiles/roads	hex_road_A_sloped_low	CC0 1.0	node tools/tai_itch.mjs <tac-gia>/<goi> o repo quoc-chien
assets_source/kaykit-medieval-hexagon/KayKit_Medieval_Hexagon_Pack_1.0_FREE/Assets/obj/tiles/roads	hex_road_B	CC0 1.0	node tools/tai_itch.mjs <tac-gia>/<goi> o repo quoc-chien
assets_source/kaykit-medieval-hexagon/KayKit_Medieval_Hexagon_Pack_1.0_FREE/Assets/obj/tiles/roads	hex_road_C	CC0 1.0	node tools/tai_itch.mjs <tac-gia>/<goi> o repo quoc-chien
assets_source/kaykit-medieval-hexagon/KayKit_Medieval_Hexagon_Pack_1.0_FREE/Assets/obj/tiles/roads	hex_road_D	CC0 1.0	node tools/tai_itch.mjs <tac-gia>/<goi> o repo quoc-chien
assets_source/kaykit-medieval-hexagon/KayKit_Medieval_Hexagon_Pack_1.0_FREE/Assets/obj/tiles/roads	hex_road_E	CC0 1.0	node tools/tai_itch.mjs <tac-gia>/<goi> o repo quoc-chien
assets_source/kaykit-medieval-hexagon/KayKit_Medieval_Hexagon_Pack_1.0_FREE/Assets/obj/tiles/roads	hex_road_F	CC0 1.0	node tools/tai_itch.mjs <tac-gia>/<goi> o repo quoc-chien
assets_source/kaykit-medieval-hexagon/KayKit_Medieval_Hexagon_Pack_1.0_FREE/Assets/obj/tiles/roads	hex_road_G	CC0 1.0	node tools/tai_itch.mjs <tac-gia>/<goi> o repo quoc-chien
assets_source/kaykit-medieval-hexagon/KayKit_Medieval_Hexagon_Pack_1.0_FREE/Assets/obj/tiles/roads	hex_road_H	CC0 1.0	node tools/tai_itch.mjs <tac-gia>/<goi> o repo quoc-chien
assets_source/kaykit-medieval-hexagon/KayKit_Medieval_Hexagon_Pack_1.0_FREE/Assets/obj/tiles/roads	hex_road_I	CC0 1.0	node tools/tai_itch.mjs <tac-gia>/<goi> o repo quoc-chien
assets_source/kaykit-medieval-hexagon/KayKit_Medieval_Hexagon_Pack_1.0_FREE/Assets/obj/tiles/roads	hex_road_J	CC0 1.0	node tools/tai_itch.mjs <tac-gia>/<goi> o repo quoc-chien
assets_source/kaykit-medieval-hexagon/KayKit_Medieval_Hexagon_Pack_1.0_FREE/Assets/obj/tiles/roads	hex_road_K	CC0 1.0	node tools/tai_itch.mjs <tac-gia>/<goi> o repo quoc-chien
assets_source/kaykit-medieval-hexagon/KayKit_Medieval_Hexagon_Pack_1.0_FREE/Assets/obj/tiles/roads	hex_road_L	CC0 1.0	node tools/tai_itch.mjs <tac-gia>/<goi> o repo quoc-chien
assets_source/kaykit-medieval-hexagon/KayKit_Medieval_Hexagon_Pack_1.0_FREE/Assets/obj/tiles/roads	hex_road_M	CC0 1.0	node tools/tai_itch.mjs <tac-gia>/<goi> o repo quoc-chien
assets_source/lowpoly-animated-animals/FBX	Cow	?	node tools/tai_itch.mjs <tac-gia>/<goi> o repo quoc-chien
assets_source/lowpoly-animated-animals/FBX	Horse	?	node tools/tai_itch.mjs <tac-gia>/<goi> o repo quoc-chien
assets_source/lowpoly-animated-animals/FBX	Llama	?	node tools/tai_itch.mjs <tac-gia>/<goi> o repo quoc-chien
assets_source/lowpoly-animated-animals/FBX	Pig	?	node tools/tai_itch.mjs <tac-gia>/<goi> o repo quoc-chien
assets_source/lowpoly-animated-animals/FBX	Pug	?	node tools/tai_itch.mjs <tac-gia>/<goi> o repo quoc-chien
assets_source/lowpoly-animated-animals/FBX	Sheep	?	node tools/tai_itch.mjs <tac-gia>/<goi> o repo quoc-chien
assets_source/lowpoly-animated-animals/FBX	Zebra	?	node tools/tai_itch.mjs <tac-gia>/<goi> o repo quoc-chien
assets_source/lowpoly-animated-animals/OBJ	Cow	?	node tools/tai_itch.mjs <tac-gia>/<goi> o repo quoc-chien
assets_source/lowpoly-animated-animals/OBJ	Horse	?	node tools/tai_itch.mjs <tac-gia>/<goi> o repo quoc-chien
assets_source/lowpoly-animated-animals/OBJ	Llama	?	node tools/tai_itch.mjs <tac-gia>/<goi> o repo quoc-chien
assets_source/lowpoly-animated-animals/OBJ	Pig	?	node tools/tai_itch.mjs <tac-gia>/<goi> o repo quoc-chien
assets_source/lowpoly-animated-animals/OBJ	Pug	?	node tools/tai_itch.mjs <tac-gia>/<goi> o repo quoc-chien
assets_source/lowpoly-animated-animals/OBJ	Sheep	?	node tools/tai_itch.mjs <tac-gia>/<goi> o repo quoc-chien
assets_source/lowpoly-animated-animals/OBJ	Zebra	?	node tools/tai_itch.mjs <tac-gia>/<goi> o repo quoc-chien
assets_source/medieval-village-megakit/Medieval Village MegaKit[Standard]/FBX	Balcony_Cross_Corner	?	node tools/tai_itch.mjs <tac-gia>/<goi> o repo quoc-chien
assets_source/medieval-village-megakit/Medieval Village MegaKit[Standard]/FBX	Balcony_Cross_Straight	?	node tools/tai_itch.mjs <tac-gia>/<goi> o repo quoc-chien
assets_source/medieval-village-megakit/Medieval Village MegaKit[Standard]/FBX	Balcony_Simple_Corner	?	node tools/tai_itch.mjs <tac-gia>/<goi> o repo quoc-chien
assets_source/medieval-village-megakit/Medieval Village MegaKit[Standard]/FBX	Balcony_Simple_Straight	?	node tools/tai_itch.mjs <tac-gia>/<goi> o repo quoc-chien
assets_source/medieval-village-megakit/Medieval Village MegaKit[Standard]/FBX	Corner_ExteriorWide_Brick	?	node tools/tai_itch.mjs <tac-gia>/<goi> o repo quoc-chien
assets_source/medieval-village-megakit/Medieval Village MegaKit[Standard]/FBX	Corner_ExteriorWide_Wood	?	node tools/tai_itch.mjs <tac-gia>/<goi> o repo quoc-chien
assets_source/medieval-village-megakit/Medieval Village MegaKit[Standard]/FBX	Corner_Exterior_Brick	?	node tools/tai_itch.mjs <tac-gia>/<goi> o repo quoc-chien
assets_source/medieval-village-megakit/Medieval Village MegaKit[Standard]/FBX	Corner_Exterior_TopDown	?	node tools/tai_itch.mjs <tac-gia>/<goi> o repo quoc-chien
assets_source/medieval-village-megakit/Medieval Village MegaKit[Standard]/FBX	Corner_Exterior_TopOnly	?	node tools/tai_itch.mjs <tac-gia>/<goi> o repo quoc-chien
assets_source/medieval-village-megakit/Medieval Village MegaKit[Standard]/FBX	Corner_Exterior_Wood	?	node tools/tai_itch.mjs <tac-gia>/<goi> o repo quoc-chien
assets_source/medieval-village-megakit/Medieval Village MegaKit[Standard]/FBX	Corner_Interior_Big	?	node tools/tai_itch.mjs <tac-gia>/<goi> o repo quoc-chien
assets_source/medieval-village-megakit/Medieval Village MegaKit[Standard]/FBX	Corner_Interior_Small	?	node tools/tai_itch.mjs <tac-gia>/<goi> o repo quoc-chien
assets_source/medieval-village-megakit/Medieval Village MegaKit[Standard]/FBX	DoorFrame_Flat_Brick	?	node tools/tai_itch.mjs <tac-gia>/<goi> o repo quoc-chien
assets_source/medieval-village-megakit/Medieval Village MegaKit[Standard]/FBX	DoorFrame_Flat_WoodDark	?	node tools/tai_itch.mjs <tac-gia>/<goi> o repo quoc-chien
assets_source/medieval-village-megakit/Medieval Village MegaKit[Standard]/FBX	DoorFrame_Round_Brick	?	node tools/tai_itch.mjs <tac-gia>/<goi> o repo quoc-chien
assets_source/medieval-village-megakit/Medieval Village MegaKit[Standard]/FBX	DoorFrame_Round_WoodDark	?	node tools/tai_itch.mjs <tac-gia>/<goi> o repo quoc-chien
assets_source/medieval-village-megakit/Medieval Village MegaKit[Standard]/FBX	Door_1_Flat	?	node tools/tai_itch.mjs <tac-gia>/<goi> o repo quoc-chien
assets_source/medieval-village-megakit/Medieval Village MegaKit[Standard]/FBX	Door_1_Round	?	node tools/tai_itch.mjs <tac-gia>/<goi> o repo quoc-chien
assets_source/medieval-village-megakit/Medieval Village MegaKit[Standard]/FBX	Door_2_Flat	?	node tools/tai_itch.mjs <tac-gia>/<goi> o repo quoc-chien
assets_source/medieval-village-megakit/Medieval Village MegaKit[Standard]/FBX	Door_2_Round	?	node tools/tai_itch.mjs <tac-gia>/<goi> o repo quoc-chien
assets_source/medieval-village-megakit/Medieval Village MegaKit[Standard]/FBX	Door_4_Flat	?	node tools/tai_itch.mjs <tac-gia>/<goi> o repo quoc-chien
assets_source/medieval-village-megakit/Medieval Village MegaKit[Standard]/FBX	Door_4_Round	?	node tools/tai_itch.mjs <tac-gia>/<goi> o repo quoc-chien
assets_source/medieval-village-megakit/Medieval Village MegaKit[Standard]/FBX	Door_8_Flat	?	node tools/tai_itch.mjs <tac-gia>/<goi> o repo quoc-chien
assets_source/medieval-village-megakit/Medieval Village MegaKit[Standard]/FBX	Door_8_Round	?	node tools/tai_itch.mjs <tac-gia>/<goi> o repo quoc-chien
assets_source/medieval-village-megakit/Medieval Village MegaKit[Standard]/FBX	Floor_Brick	?	node tools/tai_itch.mjs <tac-gia>/<goi> o repo quoc-chien
assets_source/medieval-village-megakit/Medieval Village MegaKit[Standard]/FBX	Floor_RedBrick	?	node tools/tai_itch.mjs <tac-gia>/<goi> o repo quoc-chien
assets_source/medieval-village-megakit/Medieval Village MegaKit[Standard]/FBX	Floor_UnevenBrick	?	node tools/tai_itch.mjs <tac-gia>/<goi> o repo quoc-chien
assets_source/medieval-village-megakit/Medieval Village MegaKit[Standard]/FBX	Floor_WoodDark	?	node tools/tai_itch.mjs <tac-gia>/<goi> o repo quoc-chien
assets_source/medieval-village-megakit/Medieval Village MegaKit[Standard]/FBX	Floor_WoodDark_Half1	?	node tools/tai_itch.mjs <tac-gia>/<goi> o repo quoc-chien
assets_source/medieval-village-megakit/Medieval Village MegaKit[Standard]/FBX	Floor_WoodDark_Half2	?	node tools/tai_itch.mjs <tac-gia>/<goi> o repo quoc-chien
assets_source/medieval-village-megakit/Medieval Village MegaKit[Standard]/FBX	Floor_WoodDark_Half3	?	node tools/tai_itch.mjs <tac-gia>/<goi> o repo quoc-chien
assets_source/medieval-village-megakit/Medieval Village MegaKit[Standard]/FBX	Floor_WoodDark_OverhangCorner	?	node tools/tai_itch.mjs <tac-gia>/<goi> o repo quoc-chien
assets_source/medieval-village-megakit/Medieval Village MegaKit[Standard]/FBX	Floor_WoodDark_OverhangCorner2	?	node tools/tai_itch.mjs <tac-gia>/<goi> o repo quoc-chien
assets_source/medieval-village-megakit/Medieval Village MegaKit[Standard]/FBX	Floor_WoodLight	?	node tools/tai_itch.mjs <tac-gia>/<goi> o repo quoc-chien
assets_source/medieval-village-megakit/Medieval Village MegaKit[Standard]/FBX	Floor_WoodLight_OverhangCorner	?	node tools/tai_itch.mjs <tac-gia>/<goi> o repo quoc-chien
assets_source/medieval-village-megakit/Medieval Village MegaKit[Standard]/FBX	Floor_WoodLight_OverhangCorner2	?	node tools/tai_itch.mjs <tac-gia>/<goi> o repo quoc-chien
assets_source/medieval-village-megakit/Medieval Village MegaKit[Standard]/FBX	HoleCover_90Angle	?	node tools/tai_itch.mjs <tac-gia>/<goi> o repo quoc-chien
assets_source/medieval-village-megakit/Medieval Village MegaKit[Standard]/FBX	HoleCover_90Half	?	node tools/tai_itch.mjs <tac-gia>/<goi> o repo quoc-chien
assets_source/medieval-village-megakit/Medieval Village MegaKit[Standard]/FBX	HoleCover_90Stairs	?	node tools/tai_itch.mjs <tac-gia>/<goi> o repo quoc-chien
assets_source/medieval-village-megakit/Medieval Village MegaKit[Standard]/FBX	HoleCover_Straight	?	node tools/tai_itch.mjs <tac-gia>/<goi> o repo quoc-chien
assets_source/medieval-village-megakit/Medieval Village MegaKit[Standard]/FBX	HoleCover_StraightHalf	?	node tools/tai_itch.mjs <tac-gia>/<goi> o repo quoc-chien
assets_source/medieval-village-megakit/Medieval Village MegaKit[Standard]/FBX	Overhang_Plaster_Corner	?	node tools/tai_itch.mjs <tac-gia>/<goi> o repo quoc-chien
assets_source/medieval-village-megakit/Medieval Village MegaKit[Standard]/FBX	Overhang_Plaster_Corner_Front	?	node tools/tai_itch.mjs <tac-gia>/<goi> o repo quoc-chien
assets_source/medieval-village-megakit/Medieval Village MegaKit[Standard]/FBX	Overhang_Plaster_Long	?	node tools/tai_itch.mjs <tac-gia>/<goi> o repo quoc-chien
assets_source/medieval-village-megakit/Medieval Village MegaKit[Standard]/FBX	Overhang_Plaster_Short	?	node tools/tai_itch.mjs <tac-gia>/<goi> o repo quoc-chien
assets_source/medieval-village-megakit/Medieval Village MegaKit[Standard]/FBX	Overhang_RoofIncline_Plaster	?	node tools/tai_itch.mjs <tac-gia>/<goi> o repo quoc-chien
assets_source/medieval-village-megakit/Medieval Village MegaKit[Standard]/FBX	Overhang_RoofIncline_UnevenBricks	?	node tools/tai_itch.mjs <tac-gia>/<goi> o repo quoc-chien
assets_source/medieval-village-megakit/Medieval Village MegaKit[Standard]/FBX	Overhang_Roof_Plaster	?	node tools/tai_itch.mjs <tac-gia>/<goi> o repo quoc-chien
assets_source/medieval-village-megakit/Medieval Village MegaKit[Standard]/FBX	Overhang_Roof_UnevenBricks	?	node tools/tai_itch.mjs <tac-gia>/<goi> o repo quoc-chien
assets_source/medieval-village-megakit/Medieval Village MegaKit[Standard]/FBX	Overhang_Side_Plaster_Long_L	?	node tools/tai_itch.mjs <tac-gia>/<goi> o repo quoc-chien
assets_source/medieval-village-megakit/Medieval Village MegaKit[Standard]/FBX	Overhang_Side_Plaster_Long_R	?	node tools/tai_itch.mjs <tac-gia>/<goi> o repo quoc-chien
assets_source/medieval-village-megakit/Medieval Village MegaKit[Standard]/FBX	Overhang_Side_Plaster_Short_L	?	node tools/tai_itch.mjs <tac-gia>/<goi> o repo quoc-chien
assets_source/medieval-village-megakit/Medieval Village MegaKit[Standard]/FBX	Overhang_Side_Plaster_Short_R	?	node tools/tai_itch.mjs <tac-gia>/<goi> o repo quoc-chien
assets_source/medieval-village-megakit/Medieval Village MegaKit[Standard]/FBX	Overhang_Side_UnevenBrick_Long_L	?	node tools/tai_itch.mjs <tac-gia>/<goi> o repo quoc-chien
assets_source/medieval-village-megakit/Medieval Village MegaKit[Standard]/FBX	Overhang_Side_UnevenBrick_Long_R	?	node tools/tai_itch.mjs <tac-gia>/<goi> o repo quoc-chien
assets_source/medieval-village-megakit/Medieval Village MegaKit[Standard]/FBX	Overhang_Side_UnevenBrick_Short_L	?	node tools/tai_itch.mjs <tac-gia>/<goi> o repo quoc-chien
assets_source/medieval-village-megakit/Medieval Village MegaKit[Standard]/FBX	Overhang_Side_UnevenBrick_Short_R	?	node tools/tai_itch.mjs <tac-gia>/<goi> o repo quoc-chien
assets_source/medieval-village-megakit/Medieval Village MegaKit[Standard]/FBX	Overhang_UnevenBrick_Corner	?	node tools/tai_itch.mjs <tac-gia>/<goi> o repo quoc-chien
assets_source/medieval-village-megakit/Medieval Village MegaKit[Standard]/FBX	Overhang_UnevenBrick_Corner_Front	?	node tools/tai_itch.mjs <tac-gia>/<goi> o repo quoc-chien
assets_source/medieval-village-megakit/Medieval Village MegaKit[Standard]/FBX	Overhang_UnevenBrick_Long	?	node tools/tai_itch.mjs <tac-gia>/<goi> o repo quoc-chien
assets_source/medieval-village-megakit/Medieval Village MegaKit[Standard]/FBX	Overhang_UnevenBrick_Short	?	node tools/tai_itch.mjs <tac-gia>/<goi> o repo quoc-chien
assets_source/medieval-village-megakit/Medieval Village MegaKit[Standard]/FBX	Prop_Brick1	?	node tools/tai_itch.mjs <tac-gia>/<goi> o repo quoc-chien
assets_source/medieval-village-megakit/Medieval Village MegaKit[Standard]/FBX	Prop_Brick2	?	node tools/tai_itch.mjs <tac-gia>/<goi> o repo quoc-chien
assets_source/medieval-village-megakit/Medieval Village MegaKit[Standard]/FBX	Prop_Brick3	?	node tools/tai_itch.mjs <tac-gia>/<goi> o repo quoc-chien
assets_source/medieval-village-megakit/Medieval Village MegaKit[Standard]/FBX	Prop_Brick4	?	node tools/tai_itch.mjs <tac-gia>/<goi> o repo quoc-chien
assets_source/medieval-village-megakit/Medieval Village MegaKit[Standard]/FBX	Prop_Chimney	?	node tools/tai_itch.mjs <tac-gia>/<goi> o repo quoc-chien
assets_source/medieval-village-megakit/Medieval Village MegaKit[Standard]/FBX	Prop_Chimney2	?	node tools/tai_itch.mjs <tac-gia>/<goi> o repo quoc-chien
assets_source/medieval-village-megakit/Medieval Village MegaKit[Standard]/FBX	Prop_Crate	?	node tools/tai_itch.mjs <tac-gia>/<goi> o repo quoc-chien
assets_source/medieval-village-megakit/Medieval Village MegaKit[Standard]/FBX	Prop_ExteriorBorder_Corner	?	node tools/tai_itch.mjs <tac-gia>/<goi> o repo quoc-chien
assets_source/medieval-village-megakit/Medieval Village MegaKit[Standard]/FBX	Prop_ExteriorBorder_Straight1	?	node tools/tai_itch.mjs <tac-gia>/<goi> o repo quoc-chien
assets_source/medieval-village-megakit/Medieval Village MegaKit[Standard]/FBX	Prop_ExteriorBorder_Straight2	?	node tools/tai_itch.mjs <tac-gia>/<goi> o repo quoc-chien
assets_source/medieval-village-megakit/Medieval Village MegaKit[Standard]/FBX	Prop_MetalFence_Ornament	?	node tools/tai_itch.mjs <tac-gia>/<goi> o repo quoc-chien
assets_source/medieval-village-megakit/Medieval Village MegaKit[Standard]/FBX	Prop_MetalFence_Simple	?	node tools/tai_itch.mjs <tac-gia>/<goi> o repo quoc-chien
assets_source/medieval-village-megakit/Medieval Village MegaKit[Standard]/FBX	Prop_Support	?	node tools/tai_itch.mjs <tac-gia>/<goi> o repo quoc-chien
assets_source/medieval-village-megakit/Medieval Village MegaKit[Standard]/FBX	Prop_Vine1	?	node tools/tai_itch.mjs <tac-gia>/<goi> o repo quoc-chien
assets_source/medieval-village-megakit/Medieval Village MegaKit[Standard]/FBX	Prop_Vine2	?	node tools/tai_itch.mjs <tac-gia>/<goi> o repo quoc-chien
assets_source/medieval-village-megakit/Medieval Village MegaKit[Standard]/FBX	Prop_Vine4	?	node tools/tai_itch.mjs <tac-gia>/<goi> o repo quoc-chien
assets_source/medieval-village-megakit/Medieval Village MegaKit[Standard]/FBX	Prop_Vine5	?	node tools/tai_itch.mjs <tac-gia>/<goi> o repo quoc-chien
assets_source/medieval-village-megakit/Medieval Village MegaKit[Standard]/FBX	Prop_Vine6	?	node tools/tai_itch.mjs <tac-gia>/<goi> o repo quoc-chien
assets_source/medieval-village-megakit/Medieval Village MegaKit[Standard]/FBX	Prop_Vine9	?	node tools/tai_itch.mjs <tac-gia>/<goi> o repo quoc-chien
assets_source/medieval-village-megakit/Medieval Village MegaKit[Standard]/FBX	Prop_Wagon	?	node tools/tai_itch.mjs <tac-gia>/<goi> o repo quoc-chien
assets_source/medieval-village-megakit/Medieval Village MegaKit[Standard]/FBX	Prop_WoodenFence_Extension1	?	node tools/tai_itch.mjs <tac-gia>/<goi> o repo quoc-chien
assets_source/medieval-village-megakit/Medieval Village MegaKit[Standard]/FBX	Prop_WoodenFence_Extension2	?	node tools/tai_itch.mjs <tac-gia>/<goi> o repo quoc-chien
assets_source/medieval-village-megakit/Medieval Village MegaKit[Standard]/FBX	Prop_WoodenFence_Single	?	node tools/tai_itch.mjs <tac-gia>/<goi> o repo quoc-chien
assets_source/medieval-village-megakit/Medieval Village MegaKit[Standard]/FBX	Roof_2x4_RoundTile	?	node tools/tai_itch.mjs <tac-gia>/<goi> o repo quoc-chien
assets_source/medieval-village-megakit/Medieval Village MegaKit[Standard]/FBX	Roof_Dormer_RoundTile	?	node tools/tai_itch.mjs <tac-gia>/<goi> o repo quoc-chien
assets_source/medieval-village-megakit/Medieval Village MegaKit[Standard]/FBX	Roof_FrontSupports	?	node tools/tai_itch.mjs <tac-gia>/<goi> o repo quoc-chien
assets_source/medieval-village-megakit/Medieval Village MegaKit[Standard]/FBX	Roof_Front_Brick2	?	node tools/tai_itch.mjs <tac-gia>/<goi> o repo quoc-chien
assets_source/medieval-village-megakit/Medieval Village MegaKit[Standard]/FBX	Roof_Front_Brick4	?	node tools/tai_itch.mjs <tac-gia>/<goi> o repo quoc-chien
assets_source/medieval-village-megakit/Medieval Village MegaKit[Standard]/FBX	Roof_Front_Brick4_Half_L	?	node tools/tai_itch.mjs <tac-gia>/<goi> o repo quoc-chien
assets_source/medieval-village-megakit/Medieval Village MegaKit[Standard]/FBX	Roof_Front_Brick4_Half_R	?	node tools/tai_itch.mjs <tac-gia>/<goi> o repo quoc-chien
assets_source/medieval-village-megakit/Medieval Village MegaKit[Standard]/FBX	Roof_Front_Brick6	?	node tools/tai_itch.mjs <tac-gia>/<goi> o repo quoc-chien
assets_source/medieval-village-megakit/Medieval Village MegaKit[Standard]/FBX	Roof_Front_Brick6_Half_L	?	node tools/tai_itch.mjs <tac-gia>/<goi> o repo quoc-chien
assets_source/medieval-village-megakit/Medieval Village MegaKit[Standard]/FBX	Roof_Front_Brick6_Half_R	?	node tools/tai_itch.mjs <tac-gia>/<goi> o repo quoc-chien
assets_source/medieval-village-megakit/Medieval Village MegaKit[Standard]/FBX	Roof_Front_Brick8	?	node tools/tai_itch.mjs <tac-gia>/<goi> o repo quoc-chien
assets_source/medieval-village-megakit/Medieval Village MegaKit[Standard]/FBX	Roof_Front_Brick8_Half_L	?	node tools/tai_itch.mjs <tac-gia>/<goi> o repo quoc-chien
assets_source/medieval-village-megakit/Medieval Village MegaKit[Standard]/FBX	Roof_Front_Brick8_Half_R	?	node tools/tai_itch.mjs <tac-gia>/<goi> o repo quoc-chien
assets_source/medieval-village-megakit/Medieval Village MegaKit[Standard]/FBX	Roof_Log	?	node tools/tai_itch.mjs <tac-gia>/<goi> o repo quoc-chien
assets_source/medieval-village-megakit/Medieval Village MegaKit[Standard]/FBX	Roof_Modular_RoundTiles	?	node tools/tai_itch.mjs <tac-gia>/<goi> o repo quoc-chien
assets_source/medieval-village-megakit/Medieval Village MegaKit[Standard]/FBX	Roof_RoundTile_2x1	?	node tools/tai_itch.mjs <tac-gia>/<goi> o repo quoc-chien
assets_source/medieval-village-megakit/Medieval Village MegaKit[Standard]/FBX	Roof_RoundTile_2x1_Long	?	node tools/tai_itch.mjs <tac-gia>/<goi> o repo quoc-chien
assets_source/medieval-village-megakit/Medieval Village MegaKit[Standard]/FBX	Roof_RoundTiles_4x4	?	node tools/tai_itch.mjs <tac-gia>/<goi> o repo quoc-chien
assets_source/medieval-village-megakit/Medieval Village MegaKit[Standard]/FBX	Roof_RoundTiles_4x6	?	node tools/tai_itch.mjs <tac-gia>/<goi> o repo quoc-chien
assets_source/medieval-village-megakit/Medieval Village MegaKit[Standard]/FBX	Roof_RoundTiles_4x8	?	node tools/tai_itch.mjs <tac-gia>/<goi> o repo quoc-chien
assets_source/medieval-village-megakit/Medieval Village MegaKit[Standard]/FBX	Roof_RoundTiles_6x10	?	node tools/tai_itch.mjs <tac-gia>/<goi> o repo quoc-chien
assets_source/medieval-village-megakit/Medieval Village MegaKit[Standard]/FBX	Roof_RoundTiles_6x12	?	node tools/tai_itch.mjs <tac-gia>/<goi> o repo quoc-chien
assets_source/medieval-village-megakit/Medieval Village MegaKit[Standard]/FBX	Roof_RoundTiles_6x14	?	node tools/tai_itch.mjs <tac-gia>/<goi> o repo quoc-chien
assets_source/medieval-village-megakit/Medieval Village MegaKit[Standard]/FBX	Roof_RoundTiles_6x4	?	node tools/tai_itch.mjs <tac-gia>/<goi> o repo quoc-chien
assets_source/medieval-village-megakit/Medieval Village MegaKit[Standard]/FBX	Roof_RoundTiles_6x6	?	node tools/tai_itch.mjs <tac-gia>/<goi> o repo quoc-chien
assets_source/medieval-village-megakit/Medieval Village MegaKit[Standard]/FBX	Roof_RoundTiles_6x8	?	node tools/tai_itch.mjs <tac-gia>/<goi> o repo quoc-chien
assets_source/medieval-village-megakit/Medieval Village MegaKit[Standard]/FBX	Roof_RoundTiles_8x10	?	node tools/tai_itch.mjs <tac-gia>/<goi> o repo quoc-chien
assets_source/medieval-village-megakit/Medieval Village MegaKit[Standard]/FBX	Roof_RoundTiles_8x12	?	node tools/tai_itch.mjs <tac-gia>/<goi> o repo quoc-chien
assets_source/medieval-village-megakit/Medieval Village MegaKit[Standard]/FBX	Roof_RoundTiles_8x14	?	node tools/tai_itch.mjs <tac-gia>/<goi> o repo quoc-chien
assets_source/medieval-village-megakit/Medieval Village MegaKit[Standard]/FBX	Roof_RoundTiles_8x8	?	node tools/tai_itch.mjs <tac-gia>/<goi> o repo quoc-chien
assets_source/medieval-village-megakit/Medieval Village MegaKit[Standard]/FBX	Roof_Support2	?	node tools/tai_itch.mjs <tac-gia>/<goi> o repo quoc-chien
assets_source/medieval-village-megakit/Medieval Village MegaKit[Standard]/FBX	Roof_Tower_RoundTiles	?	node tools/tai_itch.mjs <tac-gia>/<goi> o repo quoc-chien
assets_source/medieval-village-megakit/Medieval Village MegaKit[Standard]/FBX	Roof_Wooden_2x1	?	node tools/tai_itch.mjs <tac-gia>/<goi> o repo quoc-chien
assets_source/medieval-village-megakit/Medieval Village MegaKit[Standard]/FBX	Roof_Wooden_2x1_Center	?	node tools/tai_itch.mjs <tac-gia>/<goi> o repo quoc-chien
assets_source/medieval-village-megakit/Medieval Village MegaKit[Standard]/FBX	Roof_Wooden_2x1_Center_Mirror	?	node tools/tai_itch.mjs <tac-gia>/<goi> o repo quoc-chien
assets_source/medieval-village-megakit/Medieval Village MegaKit[Standard]/FBX	Roof_Wooden_2x1_Corner	?	node tools/tai_itch.mjs <tac-gia>/<goi> o repo quoc-chien
assets_source/medieval-village-megakit/Medieval Village MegaKit[Standard]/FBX	Roof_Wooden_2x1_L	?	node tools/tai_itch.mjs <tac-gia>/<goi> o repo quoc-chien
assets_source/medieval-village-megakit/Medieval Village MegaKit[Standard]/FBX	Roof_Wooden_2x1_Middle	?	node tools/tai_itch.mjs <tac-gia>/<goi> o repo quoc-chien
assets_source/medieval-village-megakit/Medieval Village MegaKit[Standard]/FBX	Roof_Wooden_2x1_R	?	node tools/tai_itch.mjs <tac-gia>/<goi> o repo quoc-chien
assets_source/medieval-village-megakit/Medieval Village MegaKit[Standard]/FBX	Stair_Interior_Rails	?	node tools/tai_itch.mjs <tac-gia>/<goi> o repo quoc-chien
assets_source/medieval-village-megakit/Medieval Village MegaKit[Standard]/FBX	Stair_Interior_Simple	?	node tools/tai_itch.mjs <tac-gia>/<goi> o repo quoc-chien
assets_source/medieval-village-megakit/Medieval Village MegaKit[Standard]/FBX	Stair_Interior_Solid	?	node tools/tai_itch.mjs <tac-gia>/<goi> o repo quoc-chien
assets_source/medieval-village-megakit/Medieval Village MegaKit[Standard]/FBX	Stair_Interior_SolidExtended	?	node tools/tai_itch.mjs <tac-gia>/<goi> o repo quoc-chien
assets_source/medieval-village-megakit/Medieval Village MegaKit[Standard]/FBX	Stairs_Exterior_NoFirstStep	?	node tools/tai_itch.mjs <tac-gia>/<goi> o repo quoc-chien
assets_source/medieval-village-megakit/Medieval Village MegaKit[Standard]/FBX	Stairs_Exterior_Platform	?	node tools/tai_itch.mjs <tac-gia>/<goi> o repo quoc-chien
assets_source/medieval-village-megakit/Medieval Village MegaKit[Standard]/FBX	Stairs_Exterior_Platform45	?	node tools/tai_itch.mjs <tac-gia>/<goi> o repo quoc-chien
assets_source/medieval-village-megakit/Medieval Village MegaKit[Standard]/FBX	Stairs_Exterior_Platform45Clean	?	node tools/tai_itch.mjs <tac-gia>/<goi> o repo quoc-chien
assets_source/medieval-village-megakit/Medieval Village MegaKit[Standard]/FBX	Stairs_Exterior_PlatformU	?	node tools/tai_itch.mjs <tac-gia>/<goi> o repo quoc-chien
assets_source/medieval-village-megakit/Medieval Village MegaKit[Standard]/FBX	Stairs_Exterior_SidePlatform	?	node tools/tai_itch.mjs <tac-gia>/<goi> o repo quoc-chien
assets_source/medieval-village-megakit/Medieval Village MegaKit[Standard]/FBX	Stairs_Exterior_Sides	?	node tools/tai_itch.mjs <tac-gia>/<goi> o repo quoc-chien
assets_source/medieval-village-megakit/Medieval Village MegaKit[Standard]/FBX	Stairs_Exterior_Sides45	?	node tools/tai_itch.mjs <tac-gia>/<goi> o repo quoc-chien
assets_source/medieval-village-megakit/Medieval Village MegaKit[Standard]/FBX	Stairs_Exterior_SidesU	?	node tools/tai_itch.mjs <tac-gia>/<goi> o repo quoc-chien
assets_source/medieval-village-megakit/Medieval Village MegaKit[Standard]/FBX	Stairs_Exterior_SingleSide	?	node tools/tai_itch.mjs <tac-gia>/<goi> o repo quoc-chien
assets_source/medieval-village-megakit/Medieval Village MegaKit[Standard]/FBX	Stairs_Exterior_SingleSideThick	?	node tools/tai_itch.mjs <tac-gia>/<goi> o repo quoc-chien
assets_source/medieval-village-megakit/Medieval Village MegaKit[Standard]/FBX	Stairs_Exterior_Straight	?	node tools/tai_itch.mjs <tac-gia>/<goi> o repo quoc-chien
assets_source/medieval-village-megakit/Medieval Village MegaKit[Standard]/FBX	Stairs_Exterior_Straight_Center	?	node tools/tai_itch.mjs <tac-gia>/<goi> o repo quoc-chien
assets_source/medieval-village-megakit/Medieval Village MegaKit[Standard]/FBX	Stairs_Exterior_Straight_L	?	node tools/tai_itch.mjs <tac-gia>/<goi> o repo quoc-chien
assets_source/medieval-village-megakit/Medieval Village MegaKit[Standard]/FBX	Stairs_Exterior_Straight_R	?	node tools/tai_itch.mjs <tac-gia>/<goi> o repo quoc-chien
assets_source/medieval-village-megakit/Medieval Village MegaKit[Standard]/FBX	Wall_Arch	?	node tools/tai_itch.mjs <tac-gia>/<goi> o repo quoc-chien
assets_source/medieval-village-megakit/Medieval Village MegaKit[Standard]/FBX	Wall_BottomCover	?	node tools/tai_itch.mjs <tac-gia>/<goi> o repo quoc-chien
assets_source/medieval-village-megakit/Medieval Village MegaKit[Standard]/FBX	Wall_Plaster_Door_Flat	?	node tools/tai_itch.mjs <tac-gia>/<goi> o repo quoc-chien
assets_source/medieval-village-megakit/Medieval Village MegaKit[Standard]/FBX	Wall_Plaster_Door_Round	?	node tools/tai_itch.mjs <tac-gia>/<goi> o repo quoc-chien
assets_source/medieval-village-megakit/Medieval Village MegaKit[Standard]/FBX	Wall_Plaster_Door_RoundInset	?	node tools/tai_itch.mjs <tac-gia>/<goi> o repo quoc-chien
assets_source/medieval-village-megakit/Medieval Village MegaKit[Standard]/FBX	Wall_Plaster_Straight	?	node tools/tai_itch.mjs <tac-gia>/<goi> o repo quoc-chien
assets_source/medieval-village-megakit/Medieval Village MegaKit[Standard]/FBX	Wall_Plaster_Straight_Base	?	node tools/tai_itch.mjs <tac-gia>/<goi> o repo quoc-chien
assets_source/medieval-village-megakit/Medieval Village MegaKit[Standard]/FBX	Wall_Plaster_Straight_L	?	node tools/tai_itch.mjs <tac-gia>/<goi> o repo quoc-chien
assets_source/medieval-village-megakit/Medieval Village MegaKit[Standard]/FBX	Wall_Plaster_Straight_R	?	node tools/tai_itch.mjs <tac-gia>/<goi> o repo quoc-chien
assets_source/medieval-village-megakit/Medieval Village MegaKit[Standard]/FBX	Wall_Plaster_Window_Thin_Round	?	node tools/tai_itch.mjs <tac-gia>/<goi> o repo quoc-chien
assets_source/medieval-village-megakit/Medieval Village MegaKit[Standard]/FBX	Wall_Plaster_Window_Wide_Flat	?	node tools/tai_itch.mjs <tac-gia>/<goi> o repo quoc-chien
assets_source/medieval-village-megakit/Medieval Village MegaKit[Standard]/FBX	Wall_Plaster_Window_Wide_Flat2	?	node tools/tai_itch.mjs <tac-gia>/<goi> o repo quoc-chien
assets_source/medieval-village-megakit/Medieval Village MegaKit[Standard]/FBX	Wall_Plaster_Window_Wide_Round	?	node tools/tai_itch.mjs <tac-gia>/<goi> o repo quoc-chien
assets_source/medieval-village-megakit/Medieval Village MegaKit[Standard]/FBX	Wall_Plaster_WoodGrid	?	node tools/tai_itch.mjs <tac-gia>/<goi> o repo quoc-chien
assets_source/medieval-village-megakit/Medieval Village MegaKit[Standard]/FBX	Wall_UnevenBrick_Door_Flat	?	node tools/tai_itch.mjs <tac-gia>/<goi> o repo quoc-chien
assets_source/medieval-village-megakit/Medieval Village MegaKit[Standard]/FBX	Wall_UnevenBrick_Door_Round	?	node tools/tai_itch.mjs <tac-gia>/<goi> o repo quoc-chien
assets_source/medieval-village-megakit/Medieval Village MegaKit[Standard]/FBX	Wall_UnevenBrick_Straight	?	node tools/tai_itch.mjs <tac-gia>/<goi> o repo quoc-chien
assets_source/medieval-village-megakit/Medieval Village MegaKit[Standard]/FBX	Wall_UnevenBrick_Window_Thin_Round	?	node tools/tai_itch.mjs <tac-gia>/<goi> o repo quoc-chien
assets_source/medieval-village-megakit/Medieval Village MegaKit[Standard]/FBX	Wall_UnevenBrick_Window_Wide_Flat	?	node tools/tai_itch.mjs <tac-gia>/<goi> o repo quoc-chien
assets_source/medieval-village-megakit/Medieval Village MegaKit[Standard]/FBX	Wall_UnevenBrick_Window_Wide_Round	?	node tools/tai_itch.mjs <tac-gia>/<goi> o repo quoc-chien
assets_source/medieval-village-megakit/Medieval Village MegaKit[Standard]/FBX	WindowShutters_Thin_Flat_Closed	?	node tools/tai_itch.mjs <tac-gia>/<goi> o repo quoc-chien
assets_source/medieval-village-megakit/Medieval Village MegaKit[Standard]/FBX	WindowShutters_Thin_Flat_Open	?	node tools/tai_itch.mjs <tac-gia>/<goi> o repo quoc-chien
assets_source/medieval-village-megakit/Medieval Village MegaKit[Standard]/FBX	WindowShutters_Thin_Round_Closed	?	node tools/tai_itch.mjs <tac-gia>/<goi> o repo quoc-chien
assets_source/medieval-village-megakit/Medieval Village MegaKit[Standard]/FBX	WindowShutters_Thin_Round_Open	?	node tools/tai_itch.mjs <tac-gia>/<goi> o repo quoc-chien
assets_source/medieval-village-megakit/Medieval Village MegaKit[Standard]/FBX	WindowShutters_Wide_Flat_Closed	?	node tools/tai_itch.mjs <tac-gia>/<goi> o repo quoc-chien
assets_source/medieval-village-megakit/Medieval Village MegaKit[Standard]/FBX	WindowShutters_Wide_Flat_Open	?	node tools/tai_itch.mjs <tac-gia>/<goi> o repo quoc-chien
assets_source/medieval-village-megakit/Medieval Village MegaKit[Standard]/FBX	WindowShutters_Wide_Round_Closed	?	node tools/tai_itch.mjs <tac-gia>/<goi> o repo quoc-chien
assets_source/medieval-village-megakit/Medieval Village MegaKit[Standard]/FBX	WindowShutters_Wide_Round_Open	?	node tools/tai_itch.mjs <tac-gia>/<goi> o repo quoc-chien
assets_source/medieval-village-megakit/Medieval Village MegaKit[Standard]/FBX	Window_Roof_Thin	?	node tools/tai_itch.mjs <tac-gia>/<goi> o repo quoc-chien
assets_source/medieval-village-megakit/Medieval Village MegaKit[Standard]/FBX	Window_Roof_Wide	?	node tools/tai_itch.mjs <tac-gia>/<goi> o repo quoc-chien
assets_source/medieval-village-megakit/Medieval Village MegaKit[Standard]/FBX	Window_Thin_Flat1	?	node tools/tai_itch.mjs <tac-gia>/<goi> o repo quoc-chien
assets_source/medieval-village-megakit/Medieval Village MegaKit[Standard]/FBX	Window_Thin_Round1	?	node tools/tai_itch.mjs <tac-gia>/<goi> o repo quoc-chien
assets_source/medieval-village-megakit/Medieval Village MegaKit[Standard]/FBX	Window_Wide_Flat1	?	node tools/tai_itch.mjs <tac-gia>/<goi> o repo quoc-chien
assets_source/medieval-village-megakit/Medieval Village MegaKit[Standard]/FBX	Window_Wide_Round1	?	node tools/tai_itch.mjs <tac-gia>/<goi> o repo quoc-chien
assets_source/medieval-village-megakit/Medieval Village MegaKit[Standard]/OBJ	Balcony_Cross_Corner	?	node tools/tai_itch.mjs <tac-gia>/<goi> o repo quoc-chien
assets_source/medieval-village-megakit/Medieval Village MegaKit[Standard]/OBJ	Balcony_Cross_Straight	?	node tools/tai_itch.mjs <tac-gia>/<goi> o repo quoc-chien
assets_source/medieval-village-megakit/Medieval Village MegaKit[Standard]/OBJ	Balcony_Simple_Corner	?	node tools/tai_itch.mjs <tac-gia>/<goi> o repo quoc-chien
assets_source/medieval-village-megakit/Medieval Village MegaKit[Standard]/OBJ	Balcony_Simple_Straight	?	node tools/tai_itch.mjs <tac-gia>/<goi> o repo quoc-chien
assets_source/medieval-village-megakit/Medieval Village MegaKit[Standard]/OBJ	Corner_ExteriorWide_Brick	?	node tools/tai_itch.mjs <tac-gia>/<goi> o repo quoc-chien
assets_source/medieval-village-megakit/Medieval Village MegaKit[Standard]/OBJ	Corner_ExteriorWide_Wood	?	node tools/tai_itch.mjs <tac-gia>/<goi> o repo quoc-chien
assets_source/medieval-village-megakit/Medieval Village MegaKit[Standard]/OBJ	Corner_Exterior_Brick	?	node tools/tai_itch.mjs <tac-gia>/<goi> o repo quoc-chien
assets_source/medieval-village-megakit/Medieval Village MegaKit[Standard]/OBJ	Corner_Exterior_TopDown	?	node tools/tai_itch.mjs <tac-gia>/<goi> o repo quoc-chien
assets_source/medieval-village-megakit/Medieval Village MegaKit[Standard]/OBJ	Corner_Exterior_TopOnly	?	node tools/tai_itch.mjs <tac-gia>/<goi> o repo quoc-chien
assets_source/medieval-village-megakit/Medieval Village MegaKit[Standard]/OBJ	Corner_Exterior_Wood	?	node tools/tai_itch.mjs <tac-gia>/<goi> o repo quoc-chien
assets_source/medieval-village-megakit/Medieval Village MegaKit[Standard]/OBJ	Corner_Interior_Big	?	node tools/tai_itch.mjs <tac-gia>/<goi> o repo quoc-chien
assets_source/medieval-village-megakit/Medieval Village MegaKit[Standard]/OBJ	Corner_Interior_Small	?	node tools/tai_itch.mjs <tac-gia>/<goi> o repo quoc-chien
assets_source/medieval-village-megakit/Medieval Village MegaKit[Standard]/OBJ	DoorFrame_Flat_Brick	?	node tools/tai_itch.mjs <tac-gia>/<goi> o repo quoc-chien
assets_source/medieval-village-megakit/Medieval Village MegaKit[Standard]/OBJ	DoorFrame_Flat_WoodDark	?	node tools/tai_itch.mjs <tac-gia>/<goi> o repo quoc-chien
assets_source/medieval-village-megakit/Medieval Village MegaKit[Standard]/OBJ	DoorFrame_Round_Brick	?	node tools/tai_itch.mjs <tac-gia>/<goi> o repo quoc-chien
assets_source/medieval-village-megakit/Medieval Village MegaKit[Standard]/OBJ	DoorFrame_Round_WoodDark	?	node tools/tai_itch.mjs <tac-gia>/<goi> o repo quoc-chien
assets_source/medieval-village-megakit/Medieval Village MegaKit[Standard]/OBJ	Door_1_Flat	?	node tools/tai_itch.mjs <tac-gia>/<goi> o repo quoc-chien
assets_source/medieval-village-megakit/Medieval Village MegaKit[Standard]/OBJ	Door_1_Round	?	node tools/tai_itch.mjs <tac-gia>/<goi> o repo quoc-chien
assets_source/medieval-village-megakit/Medieval Village MegaKit[Standard]/OBJ	Door_2_Flat	?	node tools/tai_itch.mjs <tac-gia>/<goi> o repo quoc-chien
assets_source/medieval-village-megakit/Medieval Village MegaKit[Standard]/OBJ	Door_2_Round	?	node tools/tai_itch.mjs <tac-gia>/<goi> o repo quoc-chien
assets_source/medieval-village-megakit/Medieval Village MegaKit[Standard]/OBJ	Door_4_Flat	?	node tools/tai_itch.mjs <tac-gia>/<goi> o repo quoc-chien
assets_source/medieval-village-megakit/Medieval Village MegaKit[Standard]/OBJ	Door_4_Round	?	node tools/tai_itch.mjs <tac-gia>/<goi> o repo quoc-chien
assets_source/medieval-village-megakit/Medieval Village MegaKit[Standard]/OBJ	Door_8_Flat	?	node tools/tai_itch.mjs <tac-gia>/<goi> o repo quoc-chien
assets_source/medieval-village-megakit/Medieval Village MegaKit[Standard]/OBJ	Door_8_Round	?	node tools/tai_itch.mjs <tac-gia>/<goi> o repo quoc-chien
assets_source/medieval-village-megakit/Medieval Village MegaKit[Standard]/OBJ	Floor_Brick	?	node tools/tai_itch.mjs <tac-gia>/<goi> o repo quoc-chien
assets_source/medieval-village-megakit/Medieval Village MegaKit[Standard]/OBJ	Floor_RedBrick	?	node tools/tai_itch.mjs <tac-gia>/<goi> o repo quoc-chien
assets_source/medieval-village-megakit/Medieval Village MegaKit[Standard]/OBJ	Floor_UnevenBrick	?	node tools/tai_itch.mjs <tac-gia>/<goi> o repo quoc-chien
assets_source/medieval-village-megakit/Medieval Village MegaKit[Standard]/OBJ	Floor_WoodDark	?	node tools/tai_itch.mjs <tac-gia>/<goi> o repo quoc-chien
assets_source/medieval-village-megakit/Medieval Village MegaKit[Standard]/OBJ	Floor_WoodDark_Half1	?	node tools/tai_itch.mjs <tac-gia>/<goi> o repo quoc-chien
assets_source/medieval-village-megakit/Medieval Village MegaKit[Standard]/OBJ	Floor_WoodDark_Half2	?	node tools/tai_itch.mjs <tac-gia>/<goi> o repo quoc-chien
assets_source/medieval-village-megakit/Medieval Village MegaKit[Standard]/OBJ	Floor_WoodDark_Half3	?	node tools/tai_itch.mjs <tac-gia>/<goi> o repo quoc-chien
assets_source/medieval-village-megakit/Medieval Village MegaKit[Standard]/OBJ	Floor_WoodDark_OverhangCorner	?	node tools/tai_itch.mjs <tac-gia>/<goi> o repo quoc-chien
assets_source/medieval-village-megakit/Medieval Village MegaKit[Standard]/OBJ	Floor_WoodDark_OverhangCorner2	?	node tools/tai_itch.mjs <tac-gia>/<goi> o repo quoc-chien
assets_source/medieval-village-megakit/Medieval Village MegaKit[Standard]/OBJ	Floor_WoodLight	?	node tools/tai_itch.mjs <tac-gia>/<goi> o repo quoc-chien
assets_source/medieval-village-megakit/Medieval Village MegaKit[Standard]/OBJ	Floor_WoodLight_OverhangCorner	?	node tools/tai_itch.mjs <tac-gia>/<goi> o repo quoc-chien
assets_source/medieval-village-megakit/Medieval Village MegaKit[Standard]/OBJ	Floor_WoodLight_OverhangCorner2	?	node tools/tai_itch.mjs <tac-gia>/<goi> o repo quoc-chien
assets_source/medieval-village-megakit/Medieval Village MegaKit[Standard]/OBJ	HoleCover_90Angle	?	node tools/tai_itch.mjs <tac-gia>/<goi> o repo quoc-chien
assets_source/medieval-village-megakit/Medieval Village MegaKit[Standard]/OBJ	HoleCover_90Half	?	node tools/tai_itch.mjs <tac-gia>/<goi> o repo quoc-chien
assets_source/medieval-village-megakit/Medieval Village MegaKit[Standard]/OBJ	HoleCover_90Stairs	?	node tools/tai_itch.mjs <tac-gia>/<goi> o repo quoc-chien
assets_source/medieval-village-megakit/Medieval Village MegaKit[Standard]/OBJ	HoleCover_Straight	?	node tools/tai_itch.mjs <tac-gia>/<goi> o repo quoc-chien
assets_source/medieval-village-megakit/Medieval Village MegaKit[Standard]/OBJ	HoleCover_StraightHalf	?	node tools/tai_itch.mjs <tac-gia>/<goi> o repo quoc-chien
assets_source/medieval-village-megakit/Medieval Village MegaKit[Standard]/OBJ	Overhang_Plaster_Corner	?	node tools/tai_itch.mjs <tac-gia>/<goi> o repo quoc-chien
assets_source/medieval-village-megakit/Medieval Village MegaKit[Standard]/OBJ	Overhang_Plaster_Corner_Front	?	node tools/tai_itch.mjs <tac-gia>/<goi> o repo quoc-chien
assets_source/medieval-village-megakit/Medieval Village MegaKit[Standard]/OBJ	Overhang_Plaster_Long	?	node tools/tai_itch.mjs <tac-gia>/<goi> o repo quoc-chien
assets_source/medieval-village-megakit/Medieval Village MegaKit[Standard]/OBJ	Overhang_Plaster_Short	?	node tools/tai_itch.mjs <tac-gia>/<goi> o repo quoc-chien
assets_source/medieval-village-megakit/Medieval Village MegaKit[Standard]/OBJ	Overhang_RoofIncline_Plaster	?	node tools/tai_itch.mjs <tac-gia>/<goi> o repo quoc-chien
assets_source/medieval-village-megakit/Medieval Village MegaKit[Standard]/OBJ	Overhang_RoofIncline_UnevenBricks	?	node tools/tai_itch.mjs <tac-gia>/<goi> o repo quoc-chien
assets_source/medieval-village-megakit/Medieval Village MegaKit[Standard]/OBJ	Overhang_Roof_Plaster	?	node tools/tai_itch.mjs <tac-gia>/<goi> o repo quoc-chien
assets_source/medieval-village-megakit/Medieval Village MegaKit[Standard]/OBJ	Overhang_Roof_UnevenBricks	?	node tools/tai_itch.mjs <tac-gia>/<goi> o repo quoc-chien
assets_source/medieval-village-megakit/Medieval Village MegaKit[Standard]/OBJ	Overhang_Side_Plaster_Long_L	?	node tools/tai_itch.mjs <tac-gia>/<goi> o repo quoc-chien
assets_source/medieval-village-megakit/Medieval Village MegaKit[Standard]/OBJ	Overhang_Side_Plaster_Long_R	?	node tools/tai_itch.mjs <tac-gia>/<goi> o repo quoc-chien
assets_source/medieval-village-megakit/Medieval Village MegaKit[Standard]/OBJ	Overhang_Side_Plaster_Short_L	?	node tools/tai_itch.mjs <tac-gia>/<goi> o repo quoc-chien
assets_source/medieval-village-megakit/Medieval Village MegaKit[Standard]/OBJ	Overhang_Side_Plaster_Short_R	?	node tools/tai_itch.mjs <tac-gia>/<goi> o repo quoc-chien
assets_source/medieval-village-megakit/Medieval Village MegaKit[Standard]/OBJ	Overhang_Side_UnevenBrick_Long_L	?	node tools/tai_itch.mjs <tac-gia>/<goi> o repo quoc-chien
assets_source/medieval-village-megakit/Medieval Village MegaKit[Standard]/OBJ	Overhang_Side_UnevenBrick_Long_R	?	node tools/tai_itch.mjs <tac-gia>/<goi> o repo quoc-chien
assets_source/medieval-village-megakit/Medieval Village MegaKit[Standard]/OBJ	Overhang_Side_UnevenBrick_Short_L	?	node tools/tai_itch.mjs <tac-gia>/<goi> o repo quoc-chien
assets_source/medieval-village-megakit/Medieval Village MegaKit[Standard]/OBJ	Overhang_Side_UnevenBrick_Short_R	?	node tools/tai_itch.mjs <tac-gia>/<goi> o repo quoc-chien
assets_source/medieval-village-megakit/Medieval Village MegaKit[Standard]/OBJ	Overhang_UnevenBrick_Corner	?	node tools/tai_itch.mjs <tac-gia>/<goi> o repo quoc-chien
assets_source/medieval-village-megakit/Medieval Village MegaKit[Standard]/OBJ	Overhang_UnevenBrick_Corner_Front	?	node tools/tai_itch.mjs <tac-gia>/<goi> o repo quoc-chien
assets_source/medieval-village-megakit/Medieval Village MegaKit[Standard]/OBJ	Overhang_UnevenBrick_Long	?	node tools/tai_itch.mjs <tac-gia>/<goi> o repo quoc-chien
assets_source/medieval-village-megakit/Medieval Village MegaKit[Standard]/OBJ	Overhang_UnevenBrick_Short	?	node tools/tai_itch.mjs <tac-gia>/<goi> o repo quoc-chien
assets_source/medieval-village-megakit/Medieval Village MegaKit[Standard]/OBJ	Prop_Brick1	?	node tools/tai_itch.mjs <tac-gia>/<goi> o repo quoc-chien
assets_source/medieval-village-megakit/Medieval Village MegaKit[Standard]/OBJ	Prop_Brick2	?	node tools/tai_itch.mjs <tac-gia>/<goi> o repo quoc-chien
assets_source/medieval-village-megakit/Medieval Village MegaKit[Standard]/OBJ	Prop_Brick3	?	node tools/tai_itch.mjs <tac-gia>/<goi> o repo quoc-chien
assets_source/medieval-village-megakit/Medieval Village MegaKit[Standard]/OBJ	Prop_Brick4	?	node tools/tai_itch.mjs <tac-gia>/<goi> o repo quoc-chien
assets_source/medieval-village-megakit/Medieval Village MegaKit[Standard]/OBJ	Prop_Chimney	?	node tools/tai_itch.mjs <tac-gia>/<goi> o repo quoc-chien
assets_source/medieval-village-megakit/Medieval Village MegaKit[Standard]/OBJ	Prop_Chimney2	?	node tools/tai_itch.mjs <tac-gia>/<goi> o repo quoc-chien
assets_source/medieval-village-megakit/Medieval Village MegaKit[Standard]/OBJ	Prop_Crate	?	node tools/tai_itch.mjs <tac-gia>/<goi> o repo quoc-chien
assets_source/medieval-village-megakit/Medieval Village MegaKit[Standard]/OBJ	Prop_ExteriorBorder_Corner	?	node tools/tai_itch.mjs <tac-gia>/<goi> o repo quoc-chien
assets_source/medieval-village-megakit/Medieval Village MegaKit[Standard]/OBJ	Prop_ExteriorBorder_Straight1	?	node tools/tai_itch.mjs <tac-gia>/<goi> o repo quoc-chien
assets_source/medieval-village-megakit/Medieval Village MegaKit[Standard]/OBJ	Prop_ExteriorBorder_Straight2	?	node tools/tai_itch.mjs <tac-gia>/<goi> o repo quoc-chien
assets_source/medieval-village-megakit/Medieval Village MegaKit[Standard]/OBJ	Prop_MetalFence_Ornament	?	node tools/tai_itch.mjs <tac-gia>/<goi> o repo quoc-chien
assets_source/medieval-village-megakit/Medieval Village MegaKit[Standard]/OBJ	Prop_MetalFence_Simple	?	node tools/tai_itch.mjs <tac-gia>/<goi> o repo quoc-chien
assets_source/medieval-village-megakit/Medieval Village MegaKit[Standard]/OBJ	Prop_Support	?	node tools/tai_itch.mjs <tac-gia>/<goi> o repo quoc-chien
assets_source/medieval-village-megakit/Medieval Village MegaKit[Standard]/OBJ	Prop_Vine1	?	node tools/tai_itch.mjs <tac-gia>/<goi> o repo quoc-chien
assets_source/medieval-village-megakit/Medieval Village MegaKit[Standard]/OBJ	Prop_Vine2	?	node tools/tai_itch.mjs <tac-gia>/<goi> o repo quoc-chien
assets_source/medieval-village-megakit/Medieval Village MegaKit[Standard]/OBJ	Prop_Vine4	?	node tools/tai_itch.mjs <tac-gia>/<goi> o repo quoc-chien
assets_source/medieval-village-megakit/Medieval Village MegaKit[Standard]/OBJ	Prop_Vine5	?	node tools/tai_itch.mjs <tac-gia>/<goi> o repo quoc-chien
assets_source/medieval-village-megakit/Medieval Village MegaKit[Standard]/OBJ	Prop_Vine6	?	node tools/tai_itch.mjs <tac-gia>/<goi> o repo quoc-chien
assets_source/medieval-village-megakit/Medieval Village MegaKit[Standard]/OBJ	Prop_Vine9	?	node tools/tai_itch.mjs <tac-gia>/<goi> o repo quoc-chien
assets_source/medieval-village-megakit/Medieval Village MegaKit[Standard]/OBJ	Prop_Wagon	?	node tools/tai_itch.mjs <tac-gia>/<goi> o repo quoc-chien
assets_source/medieval-village-megakit/Medieval Village MegaKit[Standard]/OBJ	Prop_WoodenFence_Extension1	?	node tools/tai_itch.mjs <tac-gia>/<goi> o repo quoc-chien
assets_source/medieval-village-megakit/Medieval Village MegaKit[Standard]/OBJ	Prop_WoodenFence_Extension2	?	node tools/tai_itch.mjs <tac-gia>/<goi> o repo quoc-chien
assets_source/medieval-village-megakit/Medieval Village MegaKit[Standard]/OBJ	Prop_WoodenFence_Single	?	node tools/tai_itch.mjs <tac-gia>/<goi> o repo quoc-chien
assets_source/medieval-village-megakit/Medieval Village MegaKit[Standard]/OBJ	Roof_2x4_RoundTile	?	node tools/tai_itch.mjs <tac-gia>/<goi> o repo quoc-chien
assets_source/medieval-village-megakit/Medieval Village MegaKit[Standard]/OBJ	Roof_Dormer_RoundTile	?	node tools/tai_itch.mjs <tac-gia>/<goi> o repo quoc-chien
assets_source/medieval-village-megakit/Medieval Village MegaKit[Standard]/OBJ	Roof_FrontSupports	?	node tools/tai_itch.mjs <tac-gia>/<goi> o repo quoc-chien
assets_source/medieval-village-megakit/Medieval Village MegaKit[Standard]/OBJ	Roof_Front_Brick2	?	node tools/tai_itch.mjs <tac-gia>/<goi> o repo quoc-chien
assets_source/medieval-village-megakit/Medieval Village MegaKit[Standard]/OBJ	Roof_Front_Brick4	?	node tools/tai_itch.mjs <tac-gia>/<goi> o repo quoc-chien
assets_source/medieval-village-megakit/Medieval Village MegaKit[Standard]/OBJ	Roof_Front_Brick4_Half_L	?	node tools/tai_itch.mjs <tac-gia>/<goi> o repo quoc-chien
assets_source/medieval-village-megakit/Medieval Village MegaKit[Standard]/OBJ	Roof_Front_Brick4_Half_R	?	node tools/tai_itch.mjs <tac-gia>/<goi> o repo quoc-chien
assets_source/medieval-village-megakit/Medieval Village MegaKit[Standard]/OBJ	Roof_Front_Brick6	?	node tools/tai_itch.mjs <tac-gia>/<goi> o repo quoc-chien
assets_source/medieval-village-megakit/Medieval Village MegaKit[Standard]/OBJ	Roof_Front_Brick6_Half_L	?	node tools/tai_itch.mjs <tac-gia>/<goi> o repo quoc-chien
assets_source/medieval-village-megakit/Medieval Village MegaKit[Standard]/OBJ	Roof_Front_Brick6_Half_R	?	node tools/tai_itch.mjs <tac-gia>/<goi> o repo quoc-chien
assets_source/medieval-village-megakit/Medieval Village MegaKit[Standard]/OBJ	Roof_Front_Brick8	?	node tools/tai_itch.mjs <tac-gia>/<goi> o repo quoc-chien
assets_source/medieval-village-megakit/Medieval Village MegaKit[Standard]/OBJ	Roof_Front_Brick8_Half_L	?	node tools/tai_itch.mjs <tac-gia>/<goi> o repo quoc-chien
assets_source/medieval-village-megakit/Medieval Village MegaKit[Standard]/OBJ	Roof_Front_Brick8_Half_R	?	node tools/tai_itch.mjs <tac-gia>/<goi> o repo quoc-chien
assets_source/medieval-village-megakit/Medieval Village MegaKit[Standard]/OBJ	Roof_Log	?	node tools/tai_itch.mjs <tac-gia>/<goi> o repo quoc-chien
assets_source/medieval-village-megakit/Medieval Village MegaKit[Standard]/OBJ	Roof_Modular_RoundTiles	?	node tools/tai_itch.mjs <tac-gia>/<goi> o repo quoc-chien
assets_source/medieval-village-megakit/Medieval Village MegaKit[Standard]/OBJ	Roof_RoundTile_2x1	?	node tools/tai_itch.mjs <tac-gia>/<goi> o repo quoc-chien
assets_source/medieval-village-megakit/Medieval Village MegaKit[Standard]/OBJ	Roof_RoundTile_2x1_Long	?	node tools/tai_itch.mjs <tac-gia>/<goi> o repo quoc-chien
assets_source/medieval-village-megakit/Medieval Village MegaKit[Standard]/OBJ	Roof_RoundTiles_4x4	?	node tools/tai_itch.mjs <tac-gia>/<goi> o repo quoc-chien
assets_source/medieval-village-megakit/Medieval Village MegaKit[Standard]/OBJ	Roof_RoundTiles_4x6	?	node tools/tai_itch.mjs <tac-gia>/<goi> o repo quoc-chien
assets_source/medieval-village-megakit/Medieval Village MegaKit[Standard]/OBJ	Roof_RoundTiles_4x8	?	node tools/tai_itch.mjs <tac-gia>/<goi> o repo quoc-chien
assets_source/medieval-village-megakit/Medieval Village MegaKit[Standard]/OBJ	Roof_RoundTiles_6x10	?	node tools/tai_itch.mjs <tac-gia>/<goi> o repo quoc-chien
assets_source/medieval-village-megakit/Medieval Village MegaKit[Standard]/OBJ	Roof_RoundTiles_6x12	?	node tools/tai_itch.mjs <tac-gia>/<goi> o repo quoc-chien
assets_source/medieval-village-megakit/Medieval Village MegaKit[Standard]/OBJ	Roof_RoundTiles_6x14	?	node tools/tai_itch.mjs <tac-gia>/<goi> o repo quoc-chien
assets_source/medieval-village-megakit/Medieval Village MegaKit[Standard]/OBJ	Roof_RoundTiles_6x4	?	node tools/tai_itch.mjs <tac-gia>/<goi> o repo quoc-chien
assets_source/medieval-village-megakit/Medieval Village MegaKit[Standard]/OBJ	Roof_RoundTiles_6x6	?	node tools/tai_itch.mjs <tac-gia>/<goi> o repo quoc-chien
assets_source/medieval-village-megakit/Medieval Village MegaKit[Standard]/OBJ	Roof_RoundTiles_6x8	?	node tools/tai_itch.mjs <tac-gia>/<goi> o repo quoc-chien
assets_source/medieval-village-megakit/Medieval Village MegaKit[Standard]/OBJ	Roof_RoundTiles_8x10	?	node tools/tai_itch.mjs <tac-gia>/<goi> o repo quoc-chien
assets_source/medieval-village-megakit/Medieval Village MegaKit[Standard]/OBJ	Roof_RoundTiles_8x12	?	node tools/tai_itch.mjs <tac-gia>/<goi> o repo quoc-chien
assets_source/medieval-village-megakit/Medieval Village MegaKit[Standard]/OBJ	Roof_RoundTiles_8x14	?	node tools/tai_itch.mjs <tac-gia>/<goi> o repo quoc-chien
assets_source/medieval-village-megakit/Medieval Village MegaKit[Standard]/OBJ	Roof_RoundTiles_8x8	?	node tools/tai_itch.mjs <tac-gia>/<goi> o repo quoc-chien
assets_source/medieval-village-megakit/Medieval Village MegaKit[Standard]/OBJ	Roof_Support2	?	node tools/tai_itch.mjs <tac-gia>/<goi> o repo quoc-chien
assets_source/medieval-village-megakit/Medieval Village MegaKit[Standard]/OBJ	Roof_Tower_RoundTiles	?	node tools/tai_itch.mjs <tac-gia>/<goi> o repo quoc-chien
assets_source/medieval-village-megakit/Medieval Village MegaKit[Standard]/OBJ	Roof_Wooden_2x1	?	node tools/tai_itch.mjs <tac-gia>/<goi> o repo quoc-chien
assets_source/medieval-village-megakit/Medieval Village MegaKit[Standard]/OBJ	Roof_Wooden_2x1_Center	?	node tools/tai_itch.mjs <tac-gia>/<goi> o repo quoc-chien
assets_source/medieval-village-megakit/Medieval Village MegaKit[Standard]/OBJ	Roof_Wooden_2x1_Center_Mirror	?	node tools/tai_itch.mjs <tac-gia>/<goi> o repo quoc-chien
assets_source/medieval-village-megakit/Medieval Village MegaKit[Standard]/OBJ	Roof_Wooden_2x1_Corner	?	node tools/tai_itch.mjs <tac-gia>/<goi> o repo quoc-chien
assets_source/medieval-village-megakit/Medieval Village MegaKit[Standard]/OBJ	Roof_Wooden_2x1_L	?	node tools/tai_itch.mjs <tac-gia>/<goi> o repo quoc-chien
assets_source/medieval-village-megakit/Medieval Village MegaKit[Standard]/OBJ	Roof_Wooden_2x1_Middle	?	node tools/tai_itch.mjs <tac-gia>/<goi> o repo quoc-chien
assets_source/medieval-village-megakit/Medieval Village MegaKit[Standard]/OBJ	Roof_Wooden_2x1_R	?	node tools/tai_itch.mjs <tac-gia>/<goi> o repo quoc-chien
assets_source/medieval-village-megakit/Medieval Village MegaKit[Standard]/OBJ	Stair_Interior_Rails	?	node tools/tai_itch.mjs <tac-gia>/<goi> o repo quoc-chien
assets_source/medieval-village-megakit/Medieval Village MegaKit[Standard]/OBJ	Stair_Interior_Simple	?	node tools/tai_itch.mjs <tac-gia>/<goi> o repo quoc-chien
assets_source/medieval-village-megakit/Medieval Village MegaKit[Standard]/OBJ	Stair_Interior_Solid	?	node tools/tai_itch.mjs <tac-gia>/<goi> o repo quoc-chien
assets_source/medieval-village-megakit/Medieval Village MegaKit[Standard]/OBJ	Stair_Interior_SolidExtended	?	node tools/tai_itch.mjs <tac-gia>/<goi> o repo quoc-chien
assets_source/medieval-village-megakit/Medieval Village MegaKit[Standard]/OBJ	Stairs_Exterior_NoFirstStep	?	node tools/tai_itch.mjs <tac-gia>/<goi> o repo quoc-chien
assets_source/medieval-village-megakit/Medieval Village MegaKit[Standard]/OBJ	Stairs_Exterior_Platform	?	node tools/tai_itch.mjs <tac-gia>/<goi> o repo quoc-chien
assets_source/medieval-village-megakit/Medieval Village MegaKit[Standard]/OBJ	Stairs_Exterior_Platform45	?	node tools/tai_itch.mjs <tac-gia>/<goi> o repo quoc-chien
assets_source/medieval-village-megakit/Medieval Village MegaKit[Standard]/OBJ	Stairs_Exterior_Platform45Clean	?	node tools/tai_itch.mjs <tac-gia>/<goi> o repo quoc-chien
assets_source/medieval-village-megakit/Medieval Village MegaKit[Standard]/OBJ	Stairs_Exterior_PlatformU	?	node tools/tai_itch.mjs <tac-gia>/<goi> o repo quoc-chien
assets_source/medieval-village-megakit/Medieval Village MegaKit[Standard]/OBJ	Stairs_Exterior_SidePlatform	?	node tools/tai_itch.mjs <tac-gia>/<goi> o repo quoc-chien
assets_source/medieval-village-megakit/Medieval Village MegaKit[Standard]/OBJ	Stairs_Exterior_Sides	?	node tools/tai_itch.mjs <tac-gia>/<goi> o repo quoc-chien
assets_source/medieval-village-megakit/Medieval Village MegaKit[Standard]/OBJ	Stairs_Exterior_Sides45	?	node tools/tai_itch.mjs <tac-gia>/<goi> o repo quoc-chien
assets_source/medieval-village-megakit/Medieval Village MegaKit[Standard]/OBJ	Stairs_Exterior_SidesU	?	node tools/tai_itch.mjs <tac-gia>/<goi> o repo quoc-chien
assets_source/medieval-village-megakit/Medieval Village MegaKit[Standard]/OBJ	Stairs_Exterior_SingleSide	?	node tools/tai_itch.mjs <tac-gia>/<goi> o repo quoc-chien
assets_source/medieval-village-megakit/Medieval Village MegaKit[Standard]/OBJ	Stairs_Exterior_SingleSideThick	?	node tools/tai_itch.mjs <tac-gia>/<goi> o repo quoc-chien
assets_source/medieval-village-megakit/Medieval Village MegaKit[Standard]/OBJ	Stairs_Exterior_Straight	?	node tools/tai_itch.mjs <tac-gia>/<goi> o repo quoc-chien
assets_source/medieval-village-megakit/Medieval Village MegaKit[Standard]/OBJ	Stairs_Exterior_Straight_Center	?	node tools/tai_itch.mjs <tac-gia>/<goi> o repo quoc-chien
assets_source/medieval-village-megakit/Medieval Village MegaKit[Standard]/OBJ	Stairs_Exterior_Straight_L	?	node tools/tai_itch.mjs <tac-gia>/<goi> o repo quoc-chien
assets_source/medieval-village-megakit/Medieval Village MegaKit[Standard]/OBJ	Stairs_Exterior_Straight_R	?	node tools/tai_itch.mjs <tac-gia>/<goi> o repo quoc-chien
assets_source/medieval-village-megakit/Medieval Village MegaKit[Standard]/OBJ	Wall_Arch	?	node tools/tai_itch.mjs <tac-gia>/<goi> o repo quoc-chien
assets_source/medieval-village-megakit/Medieval Village MegaKit[Standard]/OBJ	Wall_BottomCover	?	node tools/tai_itch.mjs <tac-gia>/<goi> o repo quoc-chien
assets_source/medieval-village-megakit/Medieval Village MegaKit[Standard]/OBJ	Wall_Plaster_Door_Flat	?	node tools/tai_itch.mjs <tac-gia>/<goi> o repo quoc-chien
assets_source/medieval-village-megakit/Medieval Village MegaKit[Standard]/OBJ	Wall_Plaster_Door_Round	?	node tools/tai_itch.mjs <tac-gia>/<goi> o repo quoc-chien
assets_source/medieval-village-megakit/Medieval Village MegaKit[Standard]/OBJ	Wall_Plaster_Door_RoundInset	?	node tools/tai_itch.mjs <tac-gia>/<goi> o repo quoc-chien
assets_source/medieval-village-megakit/Medieval Village MegaKit[Standard]/OBJ	Wall_Plaster_Straight	?	node tools/tai_itch.mjs <tac-gia>/<goi> o repo quoc-chien
assets_source/medieval-village-megakit/Medieval Village MegaKit[Standard]/OBJ	Wall_Plaster_Straight_Base	?	node tools/tai_itch.mjs <tac-gia>/<goi> o repo quoc-chien
assets_source/medieval-village-megakit/Medieval Village MegaKit[Standard]/OBJ	Wall_Plaster_Straight_L	?	node tools/tai_itch.mjs <tac-gia>/<goi> o repo quoc-chien
assets_source/medieval-village-megakit/Medieval Village MegaKit[Standard]/OBJ	Wall_Plaster_Straight_R	?	node tools/tai_itch.mjs <tac-gia>/<goi> o repo quoc-chien
assets_source/medieval-village-megakit/Medieval Village MegaKit[Standard]/OBJ	Wall_Plaster_Window_Thin_Round	?	node tools/tai_itch.mjs <tac-gia>/<goi> o repo quoc-chien
assets_source/medieval-village-megakit/Medieval Village MegaKit[Standard]/OBJ	Wall_Plaster_Window_Wide_Flat	?	node tools/tai_itch.mjs <tac-gia>/<goi> o repo quoc-chien
assets_source/medieval-village-megakit/Medieval Village MegaKit[Standard]/OBJ	Wall_Plaster_Window_Wide_Flat2	?	node tools/tai_itch.mjs <tac-gia>/<goi> o repo quoc-chien
assets_source/medieval-village-megakit/Medieval Village MegaKit[Standard]/OBJ	Wall_Plaster_Window_Wide_Round	?	node tools/tai_itch.mjs <tac-gia>/<goi> o repo quoc-chien
assets_source/medieval-village-megakit/Medieval Village MegaKit[Standard]/OBJ	Wall_Plaster_WoodGrid	?	node tools/tai_itch.mjs <tac-gia>/<goi> o repo quoc-chien
assets_source/medieval-village-megakit/Medieval Village MegaKit[Standard]/OBJ	Wall_UnevenBrick_Door_Flat	?	node tools/tai_itch.mjs <tac-gia>/<goi> o repo quoc-chien
assets_source/medieval-village-megakit/Medieval Village MegaKit[Standard]/OBJ	Wall_UnevenBrick_Door_Round	?	node tools/tai_itch.mjs <tac-gia>/<goi> o repo quoc-chien
assets_source/medieval-village-megakit/Medieval Village MegaKit[Standard]/OBJ	Wall_UnevenBrick_Straight	?	node tools/tai_itch.mjs <tac-gia>/<goi> o repo quoc-chien
assets_source/medieval-village-megakit/Medieval Village MegaKit[Standard]/OBJ	Wall_UnevenBrick_Window_Thin_Round	?	node tools/tai_itch.mjs <tac-gia>/<goi> o repo quoc-chien
assets_source/medieval-village-megakit/Medieval Village MegaKit[Standard]/OBJ	Wall_UnevenBrick_Window_Wide_Flat	?	node tools/tai_itch.mjs <tac-gia>/<goi> o repo quoc-chien
assets_source/medieval-village-megakit/Medieval Village MegaKit[Standard]/OBJ	Wall_UnevenBrick_Window_Wide_Round	?	node tools/tai_itch.mjs <tac-gia>/<goi> o repo quoc-chien
assets_source/medieval-village-megakit/Medieval Village MegaKit[Standard]/OBJ	WindowShutters_Thin_Flat_Closed	?	node tools/tai_itch.mjs <tac-gia>/<goi> o repo quoc-chien
assets_source/medieval-village-megakit/Medieval Village MegaKit[Standard]/OBJ	WindowShutters_Thin_Flat_Open	?	node tools/tai_itch.mjs <tac-gia>/<goi> o repo quoc-chien
assets_source/medieval-village-megakit/Medieval Village MegaKit[Standard]/OBJ	WindowShutters_Thin_Round_Closed	?	node tools/tai_itch.mjs <tac-gia>/<goi> o repo quoc-chien
assets_source/medieval-village-megakit/Medieval Village MegaKit[Standard]/OBJ	WindowShutters_Thin_Round_Open	?	node tools/tai_itch.mjs <tac-gia>/<goi> o repo quoc-chien
assets_source/medieval-village-megakit/Medieval Village MegaKit[Standard]/OBJ	WindowShutters_Wide_Flat_Closed	?	node tools/tai_itch.mjs <tac-gia>/<goi> o repo quoc-chien
assets_source/medieval-village-megakit/Medieval Village MegaKit[Standard]/OBJ	WindowShutters_Wide_Flat_Open	?	node tools/tai_itch.mjs <tac-gia>/<goi> o repo quoc-chien
assets_source/medieval-village-megakit/Medieval Village MegaKit[Standard]/OBJ	WindowShutters_Wide_Round_Closed	?	node tools/tai_itch.mjs <tac-gia>/<goi> o repo quoc-chien
assets_source/medieval-village-megakit/Medieval Village MegaKit[Standard]/OBJ	WindowShutters_Wide_Round_Open	?	node tools/tai_itch.mjs <tac-gia>/<goi> o repo quoc-chien
assets_source/medieval-village-megakit/Medieval Village MegaKit[Standard]/OBJ	Window_Roof_Thin	?	node tools/tai_itch.mjs <tac-gia>/<goi> o repo quoc-chien
assets_source/medieval-village-megakit/Medieval Village MegaKit[Standard]/OBJ	Window_Roof_Wide	?	node tools/tai_itch.mjs <tac-gia>/<goi> o repo quoc-chien
assets_source/medieval-village-megakit/Medieval Village MegaKit[Standard]/OBJ	Window_Thin_Flat1	?	node tools/tai_itch.mjs <tac-gia>/<goi> o repo quoc-chien
assets_source/medieval-village-megakit/Medieval Village MegaKit[Standard]/OBJ	Window_Thin_Round1	?	node tools/tai_itch.mjs <tac-gia>/<goi> o repo quoc-chien
assets_source/medieval-village-megakit/Medieval Village MegaKit[Standard]/OBJ	Window_Wide_Flat1	?	node tools/tai_itch.mjs <tac-gia>/<goi> o repo quoc-chien
assets_source/medieval-village-megakit/Medieval Village MegaKit[Standard]/OBJ	Window_Wide_Round1	?	node tools/tai_itch.mjs <tac-gia>/<goi> o repo quoc-chien
assets_source/medieval-village-megakit/Medieval Village MegaKit[Standard]/glTF	Balcony_Cross_Corner	?	node tools/tai_itch.mjs <tac-gia>/<goi> o repo quoc-chien
assets_source/medieval-village-megakit/Medieval Village MegaKit[Standard]/glTF	Balcony_Cross_Straight	?	node tools/tai_itch.mjs <tac-gia>/<goi> o repo quoc-chien
assets_source/medieval-village-megakit/Medieval Village MegaKit[Standard]/glTF	Balcony_Simple_Corner	?	node tools/tai_itch.mjs <tac-gia>/<goi> o repo quoc-chien
assets_source/medieval-village-megakit/Medieval Village MegaKit[Standard]/glTF	Balcony_Simple_Straight	?	node tools/tai_itch.mjs <tac-gia>/<goi> o repo quoc-chien
assets_source/medieval-village-megakit/Medieval Village MegaKit[Standard]/glTF	Corner_ExteriorWide_Brick	?	node tools/tai_itch.mjs <tac-gia>/<goi> o repo quoc-chien
assets_source/medieval-village-megakit/Medieval Village MegaKit[Standard]/glTF	Corner_ExteriorWide_Wood	?	node tools/tai_itch.mjs <tac-gia>/<goi> o repo quoc-chien
assets_source/medieval-village-megakit/Medieval Village MegaKit[Standard]/glTF	Corner_Exterior_Brick	?	node tools/tai_itch.mjs <tac-gia>/<goi> o repo quoc-chien
assets_source/medieval-village-megakit/Medieval Village MegaKit[Standard]/glTF	Corner_Exterior_TopDown	?	node tools/tai_itch.mjs <tac-gia>/<goi> o repo quoc-chien
assets_source/medieval-village-megakit/Medieval Village MegaKit[Standard]/glTF	Corner_Exterior_TopOnly	?	node tools/tai_itch.mjs <tac-gia>/<goi> o repo quoc-chien
assets_source/medieval-village-megakit/Medieval Village MegaKit[Standard]/glTF	Corner_Exterior_Wood	?	node tools/tai_itch.mjs <tac-gia>/<goi> o repo quoc-chien
assets_source/medieval-village-megakit/Medieval Village MegaKit[Standard]/glTF	Corner_Interior_Big	?	node tools/tai_itch.mjs <tac-gia>/<goi> o repo quoc-chien
assets_source/medieval-village-megakit/Medieval Village MegaKit[Standard]/glTF	Corner_Interior_Small	?	node tools/tai_itch.mjs <tac-gia>/<goi> o repo quoc-chien
assets_source/medieval-village-megakit/Medieval Village MegaKit[Standard]/glTF	DoorFrame_Flat_Brick	?	node tools/tai_itch.mjs <tac-gia>/<goi> o repo quoc-chien
assets_source/medieval-village-megakit/Medieval Village MegaKit[Standard]/glTF	DoorFrame_Flat_WoodDark	?	node tools/tai_itch.mjs <tac-gia>/<goi> o repo quoc-chien
assets_source/medieval-village-megakit/Medieval Village MegaKit[Standard]/glTF	DoorFrame_Round_Brick	?	node tools/tai_itch.mjs <tac-gia>/<goi> o repo quoc-chien
assets_source/medieval-village-megakit/Medieval Village MegaKit[Standard]/glTF	DoorFrame_Round_WoodDark	?	node tools/tai_itch.mjs <tac-gia>/<goi> o repo quoc-chien
assets_source/medieval-village-megakit/Medieval Village MegaKit[Standard]/glTF	Door_1_Flat	?	node tools/tai_itch.mjs <tac-gia>/<goi> o repo quoc-chien
assets_source/medieval-village-megakit/Medieval Village MegaKit[Standard]/glTF	Door_1_Round	?	node tools/tai_itch.mjs <tac-gia>/<goi> o repo quoc-chien
assets_source/medieval-village-megakit/Medieval Village MegaKit[Standard]/glTF	Door_2_Flat	?	node tools/tai_itch.mjs <tac-gia>/<goi> o repo quoc-chien
assets_source/medieval-village-megakit/Medieval Village MegaKit[Standard]/glTF	Door_2_Round	?	node tools/tai_itch.mjs <tac-gia>/<goi> o repo quoc-chien
assets_source/medieval-village-megakit/Medieval Village MegaKit[Standard]/glTF	Door_4_Flat	?	node tools/tai_itch.mjs <tac-gia>/<goi> o repo quoc-chien
assets_source/medieval-village-megakit/Medieval Village MegaKit[Standard]/glTF	Door_4_Round	?	node tools/tai_itch.mjs <tac-gia>/<goi> o repo quoc-chien
assets_source/medieval-village-megakit/Medieval Village MegaKit[Standard]/glTF	Door_8_Flat	?	node tools/tai_itch.mjs <tac-gia>/<goi> o repo quoc-chien
assets_source/medieval-village-megakit/Medieval Village MegaKit[Standard]/glTF	Door_8_Round	?	node tools/tai_itch.mjs <tac-gia>/<goi> o repo quoc-chien
assets_source/medieval-village-megakit/Medieval Village MegaKit[Standard]/glTF	Floor_Brick	?	node tools/tai_itch.mjs <tac-gia>/<goi> o repo quoc-chien
assets_source/medieval-village-megakit/Medieval Village MegaKit[Standard]/glTF	Floor_RedBrick	?	node tools/tai_itch.mjs <tac-gia>/<goi> o repo quoc-chien
assets_source/medieval-village-megakit/Medieval Village MegaKit[Standard]/glTF	Floor_UnevenBrick	?	node tools/tai_itch.mjs <tac-gia>/<goi> o repo quoc-chien
assets_source/medieval-village-megakit/Medieval Village MegaKit[Standard]/glTF	Floor_WoodDark	?	node tools/tai_itch.mjs <tac-gia>/<goi> o repo quoc-chien
assets_source/medieval-village-megakit/Medieval Village MegaKit[Standard]/glTF	Floor_WoodDark_Half1	?	node tools/tai_itch.mjs <tac-gia>/<goi> o repo quoc-chien
assets_source/medieval-village-megakit/Medieval Village MegaKit[Standard]/glTF	Floor_WoodDark_Half2	?	node tools/tai_itch.mjs <tac-gia>/<goi> o repo quoc-chien
assets_source/medieval-village-megakit/Medieval Village MegaKit[Standard]/glTF	Floor_WoodDark_Half3	?	node tools/tai_itch.mjs <tac-gia>/<goi> o repo quoc-chien
assets_source/medieval-village-megakit/Medieval Village MegaKit[Standard]/glTF	Floor_WoodDark_OverhangCorner	?	node tools/tai_itch.mjs <tac-gia>/<goi> o repo quoc-chien
assets_source/medieval-village-megakit/Medieval Village MegaKit[Standard]/glTF	Floor_WoodDark_OverhangCorner2	?	node tools/tai_itch.mjs <tac-gia>/<goi> o repo quoc-chien
assets_source/medieval-village-megakit/Medieval Village MegaKit[Standard]/glTF	Floor_WoodLight	?	node tools/tai_itch.mjs <tac-gia>/<goi> o repo quoc-chien
assets_source/medieval-village-megakit/Medieval Village MegaKit[Standard]/glTF	Floor_WoodLight_OverhangCorner	?	node tools/tai_itch.mjs <tac-gia>/<goi> o repo quoc-chien
assets_source/medieval-village-megakit/Medieval Village MegaKit[Standard]/glTF	Floor_WoodLight_OverhangCorner2	?	node tools/tai_itch.mjs <tac-gia>/<goi> o repo quoc-chien
assets_source/medieval-village-megakit/Medieval Village MegaKit[Standard]/glTF	HoleCover_90Angle	?	node tools/tai_itch.mjs <tac-gia>/<goi> o repo quoc-chien
assets_source/medieval-village-megakit/Medieval Village MegaKit[Standard]/glTF	HoleCover_90Half	?	node tools/tai_itch.mjs <tac-gia>/<goi> o repo quoc-chien
assets_source/medieval-village-megakit/Medieval Village MegaKit[Standard]/glTF	HoleCover_90Stairs	?	node tools/tai_itch.mjs <tac-gia>/<goi> o repo quoc-chien
assets_source/medieval-village-megakit/Medieval Village MegaKit[Standard]/glTF	HoleCover_Straight	?	node tools/tai_itch.mjs <tac-gia>/<goi> o repo quoc-chien
assets_source/medieval-village-megakit/Medieval Village MegaKit[Standard]/glTF	HoleCover_StraightHalf	?	node tools/tai_itch.mjs <tac-gia>/<goi> o repo quoc-chien
assets_source/medieval-village-megakit/Medieval Village MegaKit[Standard]/glTF	Overhang_Plaster_Corner	?	node tools/tai_itch.mjs <tac-gia>/<goi> o repo quoc-chien
assets_source/medieval-village-megakit/Medieval Village MegaKit[Standard]/glTF	Overhang_Plaster_Corner_Front	?	node tools/tai_itch.mjs <tac-gia>/<goi> o repo quoc-chien
assets_source/medieval-village-megakit/Medieval Village MegaKit[Standard]/glTF	Overhang_Plaster_Long	?	node tools/tai_itch.mjs <tac-gia>/<goi> o repo quoc-chien
assets_source/medieval-village-megakit/Medieval Village MegaKit[Standard]/glTF	Overhang_Plaster_Short	?	node tools/tai_itch.mjs <tac-gia>/<goi> o repo quoc-chien
assets_source/medieval-village-megakit/Medieval Village MegaKit[Standard]/glTF	Overhang_RoofIncline_Plaster	?	node tools/tai_itch.mjs <tac-gia>/<goi> o repo quoc-chien
assets_source/medieval-village-megakit/Medieval Village MegaKit[Standard]/glTF	Overhang_RoofIncline_UnevenBricks	?	node tools/tai_itch.mjs <tac-gia>/<goi> o repo quoc-chien
assets_source/medieval-village-megakit/Medieval Village MegaKit[Standard]/glTF	Overhang_Roof_Plaster	?	node tools/tai_itch.mjs <tac-gia>/<goi> o repo quoc-chien
assets_source/medieval-village-megakit/Medieval Village MegaKit[Standard]/glTF	Overhang_Roof_UnevenBricks	?	node tools/tai_itch.mjs <tac-gia>/<goi> o repo quoc-chien
assets_source/medieval-village-megakit/Medieval Village MegaKit[Standard]/glTF	Overhang_Side_Plaster_Long_L	?	node tools/tai_itch.mjs <tac-gia>/<goi> o repo quoc-chien
assets_source/medieval-village-megakit/Medieval Village MegaKit[Standard]/glTF	Overhang_Side_Plaster_Long_R	?	node tools/tai_itch.mjs <tac-gia>/<goi> o repo quoc-chien
assets_source/medieval-village-megakit/Medieval Village MegaKit[Standard]/glTF	Overhang_Side_Plaster_Short_L	?	node tools/tai_itch.mjs <tac-gia>/<goi> o repo quoc-chien
assets_source/medieval-village-megakit/Medieval Village MegaKit[Standard]/glTF	Overhang_Side_Plaster_Short_R	?	node tools/tai_itch.mjs <tac-gia>/<goi> o repo quoc-chien
assets_source/medieval-village-megakit/Medieval Village MegaKit[Standard]/glTF	Overhang_Side_UnevenBrick_Long_L	?	node tools/tai_itch.mjs <tac-gia>/<goi> o repo quoc-chien
assets_source/medieval-village-megakit/Medieval Village MegaKit[Standard]/glTF	Overhang_Side_UnevenBrick_Long_R	?	node tools/tai_itch.mjs <tac-gia>/<goi> o repo quoc-chien
assets_source/medieval-village-megakit/Medieval Village MegaKit[Standard]/glTF	Overhang_Side_UnevenBrick_Short_L	?	node tools/tai_itch.mjs <tac-gia>/<goi> o repo quoc-chien
assets_source/medieval-village-megakit/Medieval Village MegaKit[Standard]/glTF	Overhang_Side_UnevenBrick_Short_R	?	node tools/tai_itch.mjs <tac-gia>/<goi> o repo quoc-chien
assets_source/medieval-village-megakit/Medieval Village MegaKit[Standard]/glTF	Overhang_UnevenBrick_Corner	?	node tools/tai_itch.mjs <tac-gia>/<goi> o repo quoc-chien
assets_source/medieval-village-megakit/Medieval Village MegaKit[Standard]/glTF	Overhang_UnevenBrick_Corner_Front	?	node tools/tai_itch.mjs <tac-gia>/<goi> o repo quoc-chien
assets_source/medieval-village-megakit/Medieval Village MegaKit[Standard]/glTF	Overhang_UnevenBrick_Long	?	node tools/tai_itch.mjs <tac-gia>/<goi> o repo quoc-chien
assets_source/medieval-village-megakit/Medieval Village MegaKit[Standard]/glTF	Overhang_UnevenBrick_Short	?	node tools/tai_itch.mjs <tac-gia>/<goi> o repo quoc-chien
assets_source/medieval-village-megakit/Medieval Village MegaKit[Standard]/glTF	Prop_Brick1	?	node tools/tai_itch.mjs <tac-gia>/<goi> o repo quoc-chien
assets_source/medieval-village-megakit/Medieval Village MegaKit[Standard]/glTF	Prop_Brick2	?	node tools/tai_itch.mjs <tac-gia>/<goi> o repo quoc-chien
assets_source/medieval-village-megakit/Medieval Village MegaKit[Standard]/glTF	Prop_Brick3	?	node tools/tai_itch.mjs <tac-gia>/<goi> o repo quoc-chien
assets_source/medieval-village-megakit/Medieval Village MegaKit[Standard]/glTF	Prop_Brick4	?	node tools/tai_itch.mjs <tac-gia>/<goi> o repo quoc-chien
assets_source/medieval-village-megakit/Medieval Village MegaKit[Standard]/glTF	Prop_Chimney	?	node tools/tai_itch.mjs <tac-gia>/<goi> o repo quoc-chien
assets_source/medieval-village-megakit/Medieval Village MegaKit[Standard]/glTF	Prop_Chimney2	?	node tools/tai_itch.mjs <tac-gia>/<goi> o repo quoc-chien
assets_source/medieval-village-megakit/Medieval Village MegaKit[Standard]/glTF	Prop_Crate	?	node tools/tai_itch.mjs <tac-gia>/<goi> o repo quoc-chien
assets_source/medieval-village-megakit/Medieval Village MegaKit[Standard]/glTF	Prop_ExteriorBorder_Corner	?	node tools/tai_itch.mjs <tac-gia>/<goi> o repo quoc-chien
assets_source/medieval-village-megakit/Medieval Village MegaKit[Standard]/glTF	Prop_ExteriorBorder_Straight1	?	node tools/tai_itch.mjs <tac-gia>/<goi> o repo quoc-chien
assets_source/medieval-village-megakit/Medieval Village MegaKit[Standard]/glTF	Prop_ExteriorBorder_Straight2	?	node tools/tai_itch.mjs <tac-gia>/<goi> o repo quoc-chien
assets_source/medieval-village-megakit/Medieval Village MegaKit[Standard]/glTF	Prop_MetalFence_Ornament	?	node tools/tai_itch.mjs <tac-gia>/<goi> o repo quoc-chien
assets_source/medieval-village-megakit/Medieval Village MegaKit[Standard]/glTF	Prop_MetalFence_Simple	?	node tools/tai_itch.mjs <tac-gia>/<goi> o repo quoc-chien
assets_source/medieval-village-megakit/Medieval Village MegaKit[Standard]/glTF	Prop_Support	?	node tools/tai_itch.mjs <tac-gia>/<goi> o repo quoc-chien
assets_source/medieval-village-megakit/Medieval Village MegaKit[Standard]/glTF	Prop_Vine1	?	node tools/tai_itch.mjs <tac-gia>/<goi> o repo quoc-chien
assets_source/medieval-village-megakit/Medieval Village MegaKit[Standard]/glTF	Prop_Vine2	?	node tools/tai_itch.mjs <tac-gia>/<goi> o repo quoc-chien
assets_source/medieval-village-megakit/Medieval Village MegaKit[Standard]/glTF	Prop_Vine4	?	node tools/tai_itch.mjs <tac-gia>/<goi> o repo quoc-chien
assets_source/medieval-village-megakit/Medieval Village MegaKit[Standard]/glTF	Prop_Vine5	?	node tools/tai_itch.mjs <tac-gia>/<goi> o repo quoc-chien
assets_source/medieval-village-megakit/Medieval Village MegaKit[Standard]/glTF	Prop_Vine6	?	node tools/tai_itch.mjs <tac-gia>/<goi> o repo quoc-chien
assets_source/medieval-village-megakit/Medieval Village MegaKit[Standard]/glTF	Prop_Vine9	?	node tools/tai_itch.mjs <tac-gia>/<goi> o repo quoc-chien
assets_source/medieval-village-megakit/Medieval Village MegaKit[Standard]/glTF	Prop_Wagon	?	node tools/tai_itch.mjs <tac-gia>/<goi> o repo quoc-chien
assets_source/medieval-village-megakit/Medieval Village MegaKit[Standard]/glTF	Prop_WoodenFence_Extension1	?	node tools/tai_itch.mjs <tac-gia>/<goi> o repo quoc-chien
assets_source/medieval-village-megakit/Medieval Village MegaKit[Standard]/glTF	Prop_WoodenFence_Extension2	?	node tools/tai_itch.mjs <tac-gia>/<goi> o repo quoc-chien
assets_source/medieval-village-megakit/Medieval Village MegaKit[Standard]/glTF	Prop_WoodenFence_Single	?	node tools/tai_itch.mjs <tac-gia>/<goi> o repo quoc-chien
assets_source/medieval-village-megakit/Medieval Village MegaKit[Standard]/glTF	Roof_2x4_RoundTile	?	node tools/tai_itch.mjs <tac-gia>/<goi> o repo quoc-chien
assets_source/medieval-village-megakit/Medieval Village MegaKit[Standard]/glTF	Roof_Dormer_RoundTile	?	node tools/tai_itch.mjs <tac-gia>/<goi> o repo quoc-chien
assets_source/medieval-village-megakit/Medieval Village MegaKit[Standard]/glTF	Roof_FrontSupports	?	node tools/tai_itch.mjs <tac-gia>/<goi> o repo quoc-chien
assets_source/medieval-village-megakit/Medieval Village MegaKit[Standard]/glTF	Roof_Front_Brick2	?	node tools/tai_itch.mjs <tac-gia>/<goi> o repo quoc-chien
assets_source/medieval-village-megakit/Medieval Village MegaKit[Standard]/glTF	Roof_Front_Brick4	?	node tools/tai_itch.mjs <tac-gia>/<goi> o repo quoc-chien
assets_source/medieval-village-megakit/Medieval Village MegaKit[Standard]/glTF	Roof_Front_Brick4_Half_L	?	node tools/tai_itch.mjs <tac-gia>/<goi> o repo quoc-chien
assets_source/medieval-village-megakit/Medieval Village MegaKit[Standard]/glTF	Roof_Front_Brick4_Half_R	?	node tools/tai_itch.mjs <tac-gia>/<goi> o repo quoc-chien
assets_source/medieval-village-megakit/Medieval Village MegaKit[Standard]/glTF	Roof_Front_Brick6	?	node tools/tai_itch.mjs <tac-gia>/<goi> o repo quoc-chien
assets_source/medieval-village-megakit/Medieval Village MegaKit[Standard]/glTF	Roof_Front_Brick6_Half_L	?	node tools/tai_itch.mjs <tac-gia>/<goi> o repo quoc-chien
assets_source/medieval-village-megakit/Medieval Village MegaKit[Standard]/glTF	Roof_Front_Brick6_Half_R	?	node tools/tai_itch.mjs <tac-gia>/<goi> o repo quoc-chien
assets_source/medieval-village-megakit/Medieval Village MegaKit[Standard]/glTF	Roof_Front_Brick8	?	node tools/tai_itch.mjs <tac-gia>/<goi> o repo quoc-chien
assets_source/medieval-village-megakit/Medieval Village MegaKit[Standard]/glTF	Roof_Front_Brick8_Half_L	?	node tools/tai_itch.mjs <tac-gia>/<goi> o repo quoc-chien
assets_source/medieval-village-megakit/Medieval Village MegaKit[Standard]/glTF	Roof_Front_Brick8_Half_R	?	node tools/tai_itch.mjs <tac-gia>/<goi> o repo quoc-chien
assets_source/medieval-village-megakit/Medieval Village MegaKit[Standard]/glTF	Roof_Log	?	node tools/tai_itch.mjs <tac-gia>/<goi> o repo quoc-chien
assets_source/medieval-village-megakit/Medieval Village MegaKit[Standard]/glTF	Roof_Modular_RoundTiles	?	node tools/tai_itch.mjs <tac-gia>/<goi> o repo quoc-chien
assets_source/medieval-village-megakit/Medieval Village MegaKit[Standard]/glTF	Roof_RoundTile_2x1	?	node tools/tai_itch.mjs <tac-gia>/<goi> o repo quoc-chien
assets_source/medieval-village-megakit/Medieval Village MegaKit[Standard]/glTF	Roof_RoundTile_2x1_Long	?	node tools/tai_itch.mjs <tac-gia>/<goi> o repo quoc-chien
assets_source/medieval-village-megakit/Medieval Village MegaKit[Standard]/glTF	Roof_RoundTiles_4x4	?	node tools/tai_itch.mjs <tac-gia>/<goi> o repo quoc-chien
assets_source/medieval-village-megakit/Medieval Village MegaKit[Standard]/glTF	Roof_RoundTiles_4x6	?	node tools/tai_itch.mjs <tac-gia>/<goi> o repo quoc-chien
assets_source/medieval-village-megakit/Medieval Village MegaKit[Standard]/glTF	Roof_RoundTiles_4x8	?	node tools/tai_itch.mjs <tac-gia>/<goi> o repo quoc-chien
assets_source/medieval-village-megakit/Medieval Village MegaKit[Standard]/glTF	Roof_RoundTiles_6x10	?	node tools/tai_itch.mjs <tac-gia>/<goi> o repo quoc-chien
assets_source/medieval-village-megakit/Medieval Village MegaKit[Standard]/glTF	Roof_RoundTiles_6x12	?	node tools/tai_itch.mjs <tac-gia>/<goi> o repo quoc-chien
assets_source/medieval-village-megakit/Medieval Village MegaKit[Standard]/glTF	Roof_RoundTiles_6x14	?	node tools/tai_itch.mjs <tac-gia>/<goi> o repo quoc-chien
assets_source/medieval-village-megakit/Medieval Village MegaKit[Standard]/glTF	Roof_RoundTiles_6x4	?	node tools/tai_itch.mjs <tac-gia>/<goi> o repo quoc-chien
assets_source/medieval-village-megakit/Medieval Village MegaKit[Standard]/glTF	Roof_RoundTiles_6x6	?	node tools/tai_itch.mjs <tac-gia>/<goi> o repo quoc-chien
assets_source/medieval-village-megakit/Medieval Village MegaKit[Standard]/glTF	Roof_RoundTiles_6x8	?	node tools/tai_itch.mjs <tac-gia>/<goi> o repo quoc-chien
assets_source/medieval-village-megakit/Medieval Village MegaKit[Standard]/glTF	Roof_RoundTiles_8x10	?	node tools/tai_itch.mjs <tac-gia>/<goi> o repo quoc-chien
assets_source/medieval-village-megakit/Medieval Village MegaKit[Standard]/glTF	Roof_RoundTiles_8x12	?	node tools/tai_itch.mjs <tac-gia>/<goi> o repo quoc-chien
assets_source/medieval-village-megakit/Medieval Village MegaKit[Standard]/glTF	Roof_RoundTiles_8x14	?	node tools/tai_itch.mjs <tac-gia>/<goi> o repo quoc-chien
assets_source/medieval-village-megakit/Medieval Village MegaKit[Standard]/glTF	Roof_RoundTiles_8x8	?	node tools/tai_itch.mjs <tac-gia>/<goi> o repo quoc-chien
assets_source/medieval-village-megakit/Medieval Village MegaKit[Standard]/glTF	Roof_Support2	?	node tools/tai_itch.mjs <tac-gia>/<goi> o repo quoc-chien
assets_source/medieval-village-megakit/Medieval Village MegaKit[Standard]/glTF	Roof_Tower_RoundTiles	?	node tools/tai_itch.mjs <tac-gia>/<goi> o repo quoc-chien
assets_source/medieval-village-megakit/Medieval Village MegaKit[Standard]/glTF	Roof_Wooden_2x1	?	node tools/tai_itch.mjs <tac-gia>/<goi> o repo quoc-chien
assets_source/medieval-village-megakit/Medieval Village MegaKit[Standard]/glTF	Roof_Wooden_2x1_Center	?	node tools/tai_itch.mjs <tac-gia>/<goi> o repo quoc-chien
assets_source/medieval-village-megakit/Medieval Village MegaKit[Standard]/glTF	Roof_Wooden_2x1_Center_Mirror	?	node tools/tai_itch.mjs <tac-gia>/<goi> o repo quoc-chien
assets_source/medieval-village-megakit/Medieval Village MegaKit[Standard]/glTF	Roof_Wooden_2x1_Corner	?	node tools/tai_itch.mjs <tac-gia>/<goi> o repo quoc-chien
assets_source/medieval-village-megakit/Medieval Village MegaKit[Standard]/glTF	Roof_Wooden_2x1_L	?	node tools/tai_itch.mjs <tac-gia>/<goi> o repo quoc-chien
assets_source/medieval-village-megakit/Medieval Village MegaKit[Standard]/glTF	Roof_Wooden_2x1_Middle	?	node tools/tai_itch.mjs <tac-gia>/<goi> o repo quoc-chien
assets_source/medieval-village-megakit/Medieval Village MegaKit[Standard]/glTF	Roof_Wooden_2x1_R	?	node tools/tai_itch.mjs <tac-gia>/<goi> o repo quoc-chien
assets_source/medieval-village-megakit/Medieval Village MegaKit[Standard]/glTF	Stair_Interior_Rails	?	node tools/tai_itch.mjs <tac-gia>/<goi> o repo quoc-chien
assets_source/medieval-village-megakit/Medieval Village MegaKit[Standard]/glTF	Stair_Interior_Simple	?	node tools/tai_itch.mjs <tac-gia>/<goi> o repo quoc-chien
assets_source/medieval-village-megakit/Medieval Village MegaKit[Standard]/glTF	Stair_Interior_Solid	?	node tools/tai_itch.mjs <tac-gia>/<goi> o repo quoc-chien
assets_source/medieval-village-megakit/Medieval Village MegaKit[Standard]/glTF	Stair_Interior_SolidExtended	?	node tools/tai_itch.mjs <tac-gia>/<goi> o repo quoc-chien
assets_source/medieval-village-megakit/Medieval Village MegaKit[Standard]/glTF	Stairs_Exterior_NoFirstStep	?	node tools/tai_itch.mjs <tac-gia>/<goi> o repo quoc-chien
assets_source/medieval-village-megakit/Medieval Village MegaKit[Standard]/glTF	Stairs_Exterior_Platform	?	node tools/tai_itch.mjs <tac-gia>/<goi> o repo quoc-chien
assets_source/medieval-village-megakit/Medieval Village MegaKit[Standard]/glTF	Stairs_Exterior_Platform45	?	node tools/tai_itch.mjs <tac-gia>/<goi> o repo quoc-chien
assets_source/medieval-village-megakit/Medieval Village MegaKit[Standard]/glTF	Stairs_Exterior_Platform45Clean	?	node tools/tai_itch.mjs <tac-gia>/<goi> o repo quoc-chien
assets_source/medieval-village-megakit/Medieval Village MegaKit[Standard]/glTF	Stairs_Exterior_PlatformU	?	node tools/tai_itch.mjs <tac-gia>/<goi> o repo quoc-chien
assets_source/medieval-village-megakit/Medieval Village MegaKit[Standard]/glTF	Stairs_Exterior_SidePlatform	?	node tools/tai_itch.mjs <tac-gia>/<goi> o repo quoc-chien
assets_source/medieval-village-megakit/Medieval Village MegaKit[Standard]/glTF	Stairs_Exterior_Sides	?	node tools/tai_itch.mjs <tac-gia>/<goi> o repo quoc-chien
assets_source/medieval-village-megakit/Medieval Village MegaKit[Standard]/glTF	Stairs_Exterior_Sides45	?	node tools/tai_itch.mjs <tac-gia>/<goi> o repo quoc-chien
assets_source/medieval-village-megakit/Medieval Village MegaKit[Standard]/glTF	Stairs_Exterior_SidesU	?	node tools/tai_itch.mjs <tac-gia>/<goi> o repo quoc-chien
assets_source/medieval-village-megakit/Medieval Village MegaKit[Standard]/glTF	Stairs_Exterior_SingleSide	?	node tools/tai_itch.mjs <tac-gia>/<goi> o repo quoc-chien
assets_source/medieval-village-megakit/Medieval Village MegaKit[Standard]/glTF	Stairs_Exterior_SingleSideThick	?	node tools/tai_itch.mjs <tac-gia>/<goi> o repo quoc-chien
assets_source/medieval-village-megakit/Medieval Village MegaKit[Standard]/glTF	Stairs_Exterior_Straight	?	node tools/tai_itch.mjs <tac-gia>/<goi> o repo quoc-chien
assets_source/medieval-village-megakit/Medieval Village MegaKit[Standard]/glTF	Stairs_Exterior_Straight_Center	?	node tools/tai_itch.mjs <tac-gia>/<goi> o repo quoc-chien
assets_source/medieval-village-megakit/Medieval Village MegaKit[Standard]/glTF	Stairs_Exterior_Straight_L	?	node tools/tai_itch.mjs <tac-gia>/<goi> o repo quoc-chien
assets_source/medieval-village-megakit/Medieval Village MegaKit[Standard]/glTF	Stairs_Exterior_Straight_R	?	node tools/tai_itch.mjs <tac-gia>/<goi> o repo quoc-chien
assets_source/medieval-village-megakit/Medieval Village MegaKit[Standard]/glTF	Wall_Arch	?	node tools/tai_itch.mjs <tac-gia>/<goi> o repo quoc-chien
assets_source/medieval-village-megakit/Medieval Village MegaKit[Standard]/glTF	Wall_BottomCover	?	node tools/tai_itch.mjs <tac-gia>/<goi> o repo quoc-chien
assets_source/medieval-village-megakit/Medieval Village MegaKit[Standard]/glTF	Wall_Plaster_Door_Flat	?	node tools/tai_itch.mjs <tac-gia>/<goi> o repo quoc-chien
assets_source/medieval-village-megakit/Medieval Village MegaKit[Standard]/glTF	Wall_Plaster_Door_Round	?	node tools/tai_itch.mjs <tac-gia>/<goi> o repo quoc-chien
assets_source/medieval-village-megakit/Medieval Village MegaKit[Standard]/glTF	Wall_Plaster_Door_RoundInset	?	node tools/tai_itch.mjs <tac-gia>/<goi> o repo quoc-chien
assets_source/medieval-village-megakit/Medieval Village MegaKit[Standard]/glTF	Wall_Plaster_Straight	?	node tools/tai_itch.mjs <tac-gia>/<goi> o repo quoc-chien
assets_source/medieval-village-megakit/Medieval Village MegaKit[Standard]/glTF	Wall_Plaster_Straight_Base	?	node tools/tai_itch.mjs <tac-gia>/<goi> o repo quoc-chien
assets_source/medieval-village-megakit/Medieval Village MegaKit[Standard]/glTF	Wall_Plaster_Straight_L	?	node tools/tai_itch.mjs <tac-gia>/<goi> o repo quoc-chien
assets_source/medieval-village-megakit/Medieval Village MegaKit[Standard]/glTF	Wall_Plaster_Straight_R	?	node tools/tai_itch.mjs <tac-gia>/<goi> o repo quoc-chien
assets_source/medieval-village-megakit/Medieval Village MegaKit[Standard]/glTF	Wall_Plaster_Window_Thin_Round	?	node tools/tai_itch.mjs <tac-gia>/<goi> o repo quoc-chien
assets_source/medieval-village-megakit/Medieval Village MegaKit[Standard]/glTF	Wall_Plaster_Window_Wide_Flat	?	node tools/tai_itch.mjs <tac-gia>/<goi> o repo quoc-chien
assets_source/medieval-village-megakit/Medieval Village MegaKit[Standard]/glTF	Wall_Plaster_Window_Wide_Flat2	?	node tools/tai_itch.mjs <tac-gia>/<goi> o repo quoc-chien
assets_source/medieval-village-megakit/Medieval Village MegaKit[Standard]/glTF	Wall_Plaster_Window_Wide_Round	?	node tools/tai_itch.mjs <tac-gia>/<goi> o repo quoc-chien
assets_source/medieval-village-megakit/Medieval Village MegaKit[Standard]/glTF	Wall_Plaster_WoodGrid	?	node tools/tai_itch.mjs <tac-gia>/<goi> o repo quoc-chien
assets_source/medieval-village-megakit/Medieval Village MegaKit[Standard]/glTF	Wall_UnevenBrick_Door_Flat	?	node tools/tai_itch.mjs <tac-gia>/<goi> o repo quoc-chien
assets_source/medieval-village-megakit/Medieval Village MegaKit[Standard]/glTF	Wall_UnevenBrick_Door_Round	?	node tools/tai_itch.mjs <tac-gia>/<goi> o repo quoc-chien
assets_source/medieval-village-megakit/Medieval Village MegaKit[Standard]/glTF	Wall_UnevenBrick_Straight	?	node tools/tai_itch.mjs <tac-gia>/<goi> o repo quoc-chien
assets_source/medieval-village-megakit/Medieval Village MegaKit[Standard]/glTF	Wall_UnevenBrick_Window_Thin_Round	?	node tools/tai_itch.mjs <tac-gia>/<goi> o repo quoc-chien
assets_source/medieval-village-megakit/Medieval Village MegaKit[Standard]/glTF	Wall_UnevenBrick_Window_Wide_Flat	?	node tools/tai_itch.mjs <tac-gia>/<goi> o repo quoc-chien
assets_source/medieval-village-megakit/Medieval Village MegaKit[Standard]/glTF	Wall_UnevenBrick_Window_Wide_Round	?	node tools/tai_itch.mjs <tac-gia>/<goi> o repo quoc-chien
assets_source/medieval-village-megakit/Medieval Village MegaKit[Standard]/glTF	WindowShutters_Thin_Flat_Closed	?	node tools/tai_itch.mjs <tac-gia>/<goi> o repo quoc-chien
assets_source/medieval-village-megakit/Medieval Village MegaKit[Standard]/glTF	WindowShutters_Thin_Flat_Open	?	node tools/tai_itch.mjs <tac-gia>/<goi> o repo quoc-chien
assets_source/medieval-village-megakit/Medieval Village MegaKit[Standard]/glTF	WindowShutters_Thin_Round_Closed	?	node tools/tai_itch.mjs <tac-gia>/<goi> o repo quoc-chien
assets_source/medieval-village-megakit/Medieval Village MegaKit[Standard]/glTF	WindowShutters_Thin_Round_Open	?	node tools/tai_itch.mjs <tac-gia>/<goi> o repo quoc-chien
assets_source/medieval-village-megakit/Medieval Village MegaKit[Standard]/glTF	WindowShutters_Wide_Flat_Closed	?	node tools/tai_itch.mjs <tac-gia>/<goi> o repo quoc-chien
assets_source/medieval-village-megakit/Medieval Village MegaKit[Standard]/glTF	WindowShutters_Wide_Flat_Open	?	node tools/tai_itch.mjs <tac-gia>/<goi> o repo quoc-chien
assets_source/medieval-village-megakit/Medieval Village MegaKit[Standard]/glTF	WindowShutters_Wide_Round_Closed	?	node tools/tai_itch.mjs <tac-gia>/<goi> o repo quoc-chien
assets_source/medieval-village-megakit/Medieval Village MegaKit[Standard]/glTF	WindowShutters_Wide_Round_Open	?	node tools/tai_itch.mjs <tac-gia>/<goi> o repo quoc-chien
assets_source/medieval-village-megakit/Medieval Village MegaKit[Standard]/glTF	Window_Roof_Thin	?	node tools/tai_itch.mjs <tac-gia>/<goi> o repo quoc-chien
assets_source/medieval-village-megakit/Medieval Village MegaKit[Standard]/glTF	Window_Roof_Wide	?	node tools/tai_itch.mjs <tac-gia>/<goi> o repo quoc-chien
assets_source/medieval-village-megakit/Medieval Village MegaKit[Standard]/glTF	Window_Thin_Flat1	?	node tools/tai_itch.mjs <tac-gia>/<goi> o repo quoc-chien
assets_source/medieval-village-megakit/Medieval Village MegaKit[Standard]/glTF	Window_Thin_Round1	?	node tools/tai_itch.mjs <tac-gia>/<goi> o repo quoc-chien
assets_source/medieval-village-megakit/Medieval Village MegaKit[Standard]/glTF	Window_Wide_Flat1	?	node tools/tai_itch.mjs <tac-gia>/<goi> o repo quoc-chien
assets_source/medieval-village-megakit/Medieval Village MegaKit[Standard]/glTF	Window_Wide_Round1	?	node tools/tai_itch.mjs <tac-gia>/<goi> o repo quoc-chien
assets_source/modular-character-outfits-fantasy/Modular Character Outfits - Fantasy[Standard]/Exports/FBX (Unity)/Modular Parts	Female_Peasant_Arms	?	node tools/tai_itch.mjs <tac-gia>/<goi> o repo quoc-chien
assets_source/modular-character-outfits-fantasy/Modular Character Outfits - Fantasy[Standard]/Exports/FBX (Unity)/Modular Parts	Female_Peasant_Body	?	node tools/tai_itch.mjs <tac-gia>/<goi> o repo quoc-chien
assets_source/modular-character-outfits-fantasy/Modular Character Outfits - Fantasy[Standard]/Exports/FBX (Unity)/Modular Parts	Female_Peasant_Feet	?	node tools/tai_itch.mjs <tac-gia>/<goi> o repo quoc-chien
assets_source/modular-character-outfits-fantasy/Modular Character Outfits - Fantasy[Standard]/Exports/FBX (Unity)/Modular Parts	Female_Peasant_Legs	?	node tools/tai_itch.mjs <tac-gia>/<goi> o repo quoc-chien
assets_source/modular-character-outfits-fantasy/Modular Character Outfits - Fantasy[Standard]/Exports/FBX (Unity)/Modular Parts	Female_Ranger_Acc_Pauldrons	?	node tools/tai_itch.mjs <tac-gia>/<goi> o repo quoc-chien
assets_source/modular-character-outfits-fantasy/Modular Character Outfits - Fantasy[Standard]/Exports/FBX (Unity)/Modular Parts	Female_Ranger_Arms	?	node tools/tai_itch.mjs <tac-gia>/<goi> o repo quoc-chien
assets_source/modular-character-outfits-fantasy/Modular Character Outfits - Fantasy[Standard]/Exports/FBX (Unity)/Modular Parts	Female_Ranger_Body	?	node tools/tai_itch.mjs <tac-gia>/<goi> o repo quoc-chien
assets_source/modular-character-outfits-fantasy/Modular Character Outfits - Fantasy[Standard]/Exports/FBX (Unity)/Modular Parts	Female_Ranger_Feet	?	node tools/tai_itch.mjs <tac-gia>/<goi> o repo quoc-chien
assets_source/modular-character-outfits-fantasy/Modular Character Outfits - Fantasy[Standard]/Exports/FBX (Unity)/Modular Parts	Female_Ranger_Head_Hood	?	node tools/tai_itch.mjs <tac-gia>/<goi> o repo quoc-chien
assets_source/modular-character-outfits-fantasy/Modular Character Outfits - Fantasy[Standard]/Exports/FBX (Unity)/Modular Parts	Female_Ranger_Legs	?	node tools/tai_itch.mjs <tac-gia>/<goi> o repo quoc-chien
assets_source/modular-character-outfits-fantasy/Modular Character Outfits - Fantasy[Standard]/Exports/FBX (Unity)/Modular Parts	Male_Peasant_Arms	?	node tools/tai_itch.mjs <tac-gia>/<goi> o repo quoc-chien
assets_source/modular-character-outfits-fantasy/Modular Character Outfits - Fantasy[Standard]/Exports/FBX (Unity)/Modular Parts	Male_Peasant_Body	?	node tools/tai_itch.mjs <tac-gia>/<goi> o repo quoc-chien
assets_source/modular-character-outfits-fantasy/Modular Character Outfits - Fantasy[Standard]/Exports/FBX (Unity)/Modular Parts	Male_Peasant_Feet	?	node tools/tai_itch.mjs <tac-gia>/<goi> o repo quoc-chien
assets_source/modular-character-outfits-fantasy/Modular Character Outfits - Fantasy[Standard]/Exports/FBX (Unity)/Modular Parts	Male_Peasant_Legs	?	node tools/tai_itch.mjs <tac-gia>/<goi> o repo quoc-chien
assets_source/modular-character-outfits-fantasy/Modular Character Outfits - Fantasy[Standard]/Exports/FBX (Unity)/Modular Parts	Male_Ranger_Acc_Pauldron	?	node tools/tai_itch.mjs <tac-gia>/<goi> o repo quoc-chien
assets_source/modular-character-outfits-fantasy/Modular Character Outfits - Fantasy[Standard]/Exports/FBX (Unity)/Modular Parts	Male_Ranger_Arms	?	node tools/tai_itch.mjs <tac-gia>/<goi> o repo quoc-chien
assets_source/modular-character-outfits-fantasy/Modular Character Outfits - Fantasy[Standard]/Exports/FBX (Unity)/Modular Parts	Male_Ranger_Body	?	node tools/tai_itch.mjs <tac-gia>/<goi> o repo quoc-chien
assets_source/modular-character-outfits-fantasy/Modular Character Outfits - Fantasy[Standard]/Exports/FBX (Unity)/Modular Parts	Male_Ranger_Feet_Boots	?	node tools/tai_itch.mjs <tac-gia>/<goi> o repo quoc-chien
assets_source/modular-character-outfits-fantasy/Modular Character Outfits - Fantasy[Standard]/Exports/FBX (Unity)/Modular Parts	Male_Ranger_Head_Hood	?	node tools/tai_itch.mjs <tac-gia>/<goi> o repo quoc-chien
assets_source/modular-character-outfits-fantasy/Modular Character Outfits - Fantasy[Standard]/Exports/FBX (Unity)/Modular Parts	Male_Ranger_Legs	?	node tools/tai_itch.mjs <tac-gia>/<goi> o repo quoc-chien
assets_source/modular-character-outfits-fantasy/Modular Character Outfits - Fantasy[Standard]/Exports/FBX (Unity)/Outfits	Female_Peasant	?	node tools/tai_itch.mjs <tac-gia>/<goi> o repo quoc-chien
assets_source/modular-character-outfits-fantasy/Modular Character Outfits - Fantasy[Standard]/Exports/FBX (Unity)/Outfits	Female_Ranger	?	node tools/tai_itch.mjs <tac-gia>/<goi> o repo quoc-chien
assets_source/modular-character-outfits-fantasy/Modular Character Outfits - Fantasy[Standard]/Exports/FBX (Unity)/Outfits	Male_Peasant	?	node tools/tai_itch.mjs <tac-gia>/<goi> o repo quoc-chien
assets_source/modular-character-outfits-fantasy/Modular Character Outfits - Fantasy[Standard]/Exports/FBX (Unity)/Outfits	Male_Ranger	?	node tools/tai_itch.mjs <tac-gia>/<goi> o repo quoc-chien
assets_source/modular-character-outfits-fantasy/Modular Character Outfits - Fantasy[Standard]/Exports/glTF (Godot-Unreal)/Modular Parts	Female_Peasant_Arms	?	node tools/tai_itch.mjs <tac-gia>/<goi> o repo quoc-chien
assets_source/modular-character-outfits-fantasy/Modular Character Outfits - Fantasy[Standard]/Exports/glTF (Godot-Unreal)/Modular Parts	Female_Peasant_Body	?	node tools/tai_itch.mjs <tac-gia>/<goi> o repo quoc-chien
assets_source/modular-character-outfits-fantasy/Modular Character Outfits - Fantasy[Standard]/Exports/glTF (Godot-Unreal)/Modular Parts	Female_Peasant_Feet	?	node tools/tai_itch.mjs <tac-gia>/<goi> o repo quoc-chien
assets_source/modular-character-outfits-fantasy/Modular Character Outfits - Fantasy[Standard]/Exports/glTF (Godot-Unreal)/Modular Parts	Female_Peasant_Legs	?	node tools/tai_itch.mjs <tac-gia>/<goi> o repo quoc-chien
assets_source/modular-character-outfits-fantasy/Modular Character Outfits - Fantasy[Standard]/Exports/glTF (Godot-Unreal)/Modular Parts	Female_Ranger_Acc_Pauldrons	?	node tools/tai_itch.mjs <tac-gia>/<goi> o repo quoc-chien
assets_source/modular-character-outfits-fantasy/Modular Character Outfits - Fantasy[Standard]/Exports/glTF (Godot-Unreal)/Modular Parts	Female_Ranger_Arms	?	node tools/tai_itch.mjs <tac-gia>/<goi> o repo quoc-chien
assets_source/modular-character-outfits-fantasy/Modular Character Outfits - Fantasy[Standard]/Exports/glTF (Godot-Unreal)/Modular Parts	Female_Ranger_Body	?	node tools/tai_itch.mjs <tac-gia>/<goi> o repo quoc-chien
assets_source/modular-character-outfits-fantasy/Modular Character Outfits - Fantasy[Standard]/Exports/glTF (Godot-Unreal)/Modular Parts	Female_Ranger_Feet	?	node tools/tai_itch.mjs <tac-gia>/<goi> o repo quoc-chien
assets_source/modular-character-outfits-fantasy/Modular Character Outfits - Fantasy[Standard]/Exports/glTF (Godot-Unreal)/Modular Parts	Female_Ranger_Head_Hood	?	node tools/tai_itch.mjs <tac-gia>/<goi> o repo quoc-chien
assets_source/modular-character-outfits-fantasy/Modular Character Outfits - Fantasy[Standard]/Exports/glTF (Godot-Unreal)/Modular Parts	Female_Ranger_Legs	?	node tools/tai_itch.mjs <tac-gia>/<goi> o repo quoc-chien
assets_source/modular-character-outfits-fantasy/Modular Character Outfits - Fantasy[Standard]/Exports/glTF (Godot-Unreal)/Modular Parts	Male_Peasant_Arms	?	node tools/tai_itch.mjs <tac-gia>/<goi> o repo quoc-chien
assets_source/modular-character-outfits-fantasy/Modular Character Outfits - Fantasy[Standard]/Exports/glTF (Godot-Unreal)/Modular Parts	Male_Peasant_Body	?	node tools/tai_itch.mjs <tac-gia>/<goi> o repo quoc-chien
assets_source/modular-character-outfits-fantasy/Modular Character Outfits - Fantasy[Standard]/Exports/glTF (Godot-Unreal)/Modular Parts	Male_Peasant_Feet	?	node tools/tai_itch.mjs <tac-gia>/<goi> o repo quoc-chien
assets_source/modular-character-outfits-fantasy/Modular Character Outfits - Fantasy[Standard]/Exports/glTF (Godot-Unreal)/Modular Parts	Male_Peasant_Legs	?	node tools/tai_itch.mjs <tac-gia>/<goi> o repo quoc-chien
assets_source/modular-character-outfits-fantasy/Modular Character Outfits - Fantasy[Standard]/Exports/glTF (Godot-Unreal)/Modular Parts	Male_Ranger_Acc_Pauldron	?	node tools/tai_itch.mjs <tac-gia>/<goi> o repo quoc-chien
assets_source/modular-character-outfits-fantasy/Modular Character Outfits - Fantasy[Standard]/Exports/glTF (Godot-Unreal)/Modular Parts	Male_Ranger_Arms	?	node tools/tai_itch.mjs <tac-gia>/<goi> o repo quoc-chien
assets_source/modular-character-outfits-fantasy/Modular Character Outfits - Fantasy[Standard]/Exports/glTF (Godot-Unreal)/Modular Parts	Male_Ranger_Body	?	node tools/tai_itch.mjs <tac-gia>/<goi> o repo quoc-chien
assets_source/modular-character-outfits-fantasy/Modular Character Outfits - Fantasy[Standard]/Exports/glTF (Godot-Unreal)/Modular Parts	Male_Ranger_Feet_Boots	?	node tools/tai_itch.mjs <tac-gia>/<goi> o repo quoc-chien
assets_source/modular-character-outfits-fantasy/Modular Character Outfits - Fantasy[Standard]/Exports/glTF (Godot-Unreal)/Modular Parts	Male_Ranger_Head_Hood	?	node tools/tai_itch.mjs <tac-gia>/<goi> o repo quoc-chien
assets_source/modular-character-outfits-fantasy/Modular Character Outfits - Fantasy[Standard]/Exports/glTF (Godot-Unreal)/Modular Parts	Male_Ranger_Legs	?	node tools/tai_itch.mjs <tac-gia>/<goi> o repo quoc-chien
assets_source/modular-character-outfits-fantasy/Modular Character Outfits - Fantasy[Standard]/Exports/glTF (Godot-Unreal)/Outfits	Female_Peasant	?	node tools/tai_itch.mjs <tac-gia>/<goi> o repo quoc-chien
assets_source/modular-character-outfits-fantasy/Modular Character Outfits - Fantasy[Standard]/Exports/glTF (Godot-Unreal)/Outfits	Female_Ranger	?	node tools/tai_itch.mjs <tac-gia>/<goi> o repo quoc-chien
assets_source/modular-character-outfits-fantasy/Modular Character Outfits - Fantasy[Standard]/Exports/glTF (Godot-Unreal)/Outfits	Male_Peasant	?	node tools/tai_itch.mjs <tac-gia>/<goi> o repo quoc-chien
assets_source/modular-character-outfits-fantasy/Modular Character Outfits - Fantasy[Standard]/Exports/glTF (Godot-Unreal)/Outfits	Male_Ranger	?	node tools/tai_itch.mjs <tac-gia>/<goi> o repo quoc-chien
assets_source/stylized-nature-megakit/FBX	Bush_Common	?	node tools/tai_itch.mjs <tac-gia>/<goi> o repo quoc-chien
assets_source/stylized-nature-megakit/FBX	Bush_Common_Flowers	?	node tools/tai_itch.mjs <tac-gia>/<goi> o repo quoc-chien
assets_source/stylized-nature-megakit/FBX	Clover_1	?	node tools/tai_itch.mjs <tac-gia>/<goi> o repo quoc-chien
assets_source/stylized-nature-megakit/FBX	Clover_2	?	node tools/tai_itch.mjs <tac-gia>/<goi> o repo quoc-chien
assets_source/stylized-nature-megakit/FBX	CommonTree_1	?	node tools/tai_itch.mjs <tac-gia>/<goi> o repo quoc-chien
assets_source/stylized-nature-megakit/FBX	CommonTree_2	?	node tools/tai_itch.mjs <tac-gia>/<goi> o repo quoc-chien
assets_source/stylized-nature-megakit/FBX	CommonTree_3	?	node tools/tai_itch.mjs <tac-gia>/<goi> o repo quoc-chien
assets_source/stylized-nature-megakit/FBX	CommonTree_4	?	node tools/tai_itch.mjs <tac-gia>/<goi> o repo quoc-chien
assets_source/stylized-nature-megakit/FBX	CommonTree_5	?	node tools/tai_itch.mjs <tac-gia>/<goi> o repo quoc-chien
assets_source/stylized-nature-megakit/FBX	DeadTree_1	?	node tools/tai_itch.mjs <tac-gia>/<goi> o repo quoc-chien
assets_source/stylized-nature-megakit/FBX	DeadTree_2	?	node tools/tai_itch.mjs <tac-gia>/<goi> o repo quoc-chien
assets_source/stylized-nature-megakit/FBX	DeadTree_3	?	node tools/tai_itch.mjs <tac-gia>/<goi> o repo quoc-chien
assets_source/stylized-nature-megakit/FBX	DeadTree_4	?	node tools/tai_itch.mjs <tac-gia>/<goi> o repo quoc-chien
assets_source/stylized-nature-megakit/FBX	DeadTree_5	?	node tools/tai_itch.mjs <tac-gia>/<goi> o repo quoc-chien
assets_source/stylized-nature-megakit/FBX	Fern_1	?	node tools/tai_itch.mjs <tac-gia>/<goi> o repo quoc-chien
assets_source/stylized-nature-megakit/FBX	Flower_3_Group	?	node tools/tai_itch.mjs <tac-gia>/<goi> o repo quoc-chien
assets_source/stylized-nature-megakit/FBX	Flower_3_Single	?	node tools/tai_itch.mjs <tac-gia>/<goi> o repo quoc-chien
assets_source/stylized-nature-megakit/FBX	Flower_4_Group	?	node tools/tai_itch.mjs <tac-gia>/<goi> o repo quoc-chien
assets_source/stylized-nature-megakit/FBX	Flower_4_Single	?	node tools/tai_itch.mjs <tac-gia>/<goi> o repo quoc-chien
assets_source/stylized-nature-megakit/FBX	Grass_Common_Short	?	node tools/tai_itch.mjs <tac-gia>/<goi> o repo quoc-chien
assets_source/stylized-nature-megakit/FBX	Grass_Common_Tall	?	node tools/tai_itch.mjs <tac-gia>/<goi> o repo quoc-chien
assets_source/stylized-nature-megakit/FBX	Grass_Wispy_Short	?	node tools/tai_itch.mjs <tac-gia>/<goi> o repo quoc-chien
assets_source/stylized-nature-megakit/FBX	Grass_Wispy_Tall	?	node tools/tai_itch.mjs <tac-gia>/<goi> o repo quoc-chien
assets_source/stylized-nature-megakit/FBX	Mushroom_Common	?	node tools/tai_itch.mjs <tac-gia>/<goi> o repo quoc-chien
assets_source/stylized-nature-megakit/FBX	Mushroom_Laetiporus	?	node tools/tai_itch.mjs <tac-gia>/<goi> o repo quoc-chien
assets_source/stylized-nature-megakit/FBX	Pebble_Round_1	?	node tools/tai_itch.mjs <tac-gia>/<goi> o repo quoc-chien
assets_source/stylized-nature-megakit/FBX	Pebble_Round_2	?	node tools/tai_itch.mjs <tac-gia>/<goi> o repo quoc-chien
assets_source/stylized-nature-megakit/FBX	Pebble_Round_3	?	node tools/tai_itch.mjs <tac-gia>/<goi> o repo quoc-chien
assets_source/stylized-nature-megakit/FBX	Pebble_Round_4	?	node tools/tai_itch.mjs <tac-gia>/<goi> o repo quoc-chien
assets_source/stylized-nature-megakit/FBX	Pebble_Round_5	?	node tools/tai_itch.mjs <tac-gia>/<goi> o repo quoc-chien
assets_source/stylized-nature-megakit/FBX	Pebble_Square_1	?	node tools/tai_itch.mjs <tac-gia>/<goi> o repo quoc-chien
assets_source/stylized-nature-megakit/FBX	Pebble_Square_2	?	node tools/tai_itch.mjs <tac-gia>/<goi> o repo quoc-chien
assets_source/stylized-nature-megakit/FBX	Pebble_Square_3	?	node tools/tai_itch.mjs <tac-gia>/<goi> o repo quoc-chien
assets_source/stylized-nature-megakit/FBX	Pebble_Square_4	?	node tools/tai_itch.mjs <tac-gia>/<goi> o repo quoc-chien
assets_source/stylized-nature-megakit/FBX	Pebble_Square_5	?	node tools/tai_itch.mjs <tac-gia>/<goi> o repo quoc-chien
assets_source/stylized-nature-megakit/FBX	Pebble_Square_6	?	node tools/tai_itch.mjs <tac-gia>/<goi> o repo quoc-chien
assets_source/stylized-nature-megakit/FBX	Petal_1	?	node tools/tai_itch.mjs <tac-gia>/<goi> o repo quoc-chien
assets_source/stylized-nature-megakit/FBX	Petal_2	?	node tools/tai_itch.mjs <tac-gia>/<goi> o repo quoc-chien
assets_source/stylized-nature-megakit/FBX	Petal_3	?	node tools/tai_itch.mjs <tac-gia>/<goi> o repo quoc-chien
assets_source/stylized-nature-megakit/FBX	Petal_4	?	node tools/tai_itch.mjs <tac-gia>/<goi> o repo quoc-chien
assets_source/stylized-nature-megakit/FBX	Petal_5	?	node tools/tai_itch.mjs <tac-gia>/<goi> o repo quoc-chien
assets_source/stylized-nature-megakit/FBX	Pine_1	?	node tools/tai_itch.mjs <tac-gia>/<goi> o repo quoc-chien
assets_source/stylized-nature-megakit/FBX	Pine_2	?	node tools/tai_itch.mjs <tac-gia>/<goi> o repo quoc-chien
assets_source/stylized-nature-megakit/FBX	Pine_3	?	node tools/tai_itch.mjs <tac-gia>/<goi> o repo quoc-chien
assets_source/stylized-nature-megakit/FBX	Pine_4	?	node tools/tai_itch.mjs <tac-gia>/<goi> o repo quoc-chien
assets_source/stylized-nature-megakit/FBX	Pine_5	?	node tools/tai_itch.mjs <tac-gia>/<goi> o repo quoc-chien
assets_source/stylized-nature-megakit/FBX	Plant_1	?	node tools/tai_itch.mjs <tac-gia>/<goi> o repo quoc-chien
assets_source/stylized-nature-megakit/FBX	Plant_1_Big	?	node tools/tai_itch.mjs <tac-gia>/<goi> o repo quoc-chien
assets_source/stylized-nature-megakit/FBX	Plant_7	?	node tools/tai_itch.mjs <tac-gia>/<goi> o repo quoc-chien
assets_source/stylized-nature-megakit/FBX	Plant_7_Big	?	node tools/tai_itch.mjs <tac-gia>/<goi> o repo quoc-chien
assets_source/stylized-nature-megakit/FBX	RockPath_Round_Small_1	?	node tools/tai_itch.mjs <tac-gia>/<goi> o repo quoc-chien
assets_source/stylized-nature-megakit/FBX	RockPath_Round_Small_2	?	node tools/tai_itch.mjs <tac-gia>/<goi> o repo quoc-chien
assets_source/stylized-nature-megakit/FBX	RockPath_Round_Small_3	?	node tools/tai_itch.mjs <tac-gia>/<goi> o repo quoc-chien
assets_source/stylized-nature-megakit/FBX	RockPath_Round_Thin	?	node tools/tai_itch.mjs <tac-gia>/<goi> o repo quoc-chien
assets_source/stylized-nature-megakit/FBX	RockPath_Round_Wide	?	node tools/tai_itch.mjs <tac-gia>/<goi> o repo quoc-chien
assets_source/stylized-nature-megakit/FBX	RockPath_Square_Small_1	?	node tools/tai_itch.mjs <tac-gia>/<goi> o repo quoc-chien
assets_source/stylized-nature-megakit/FBX	RockPath_Square_Small_2	?	node tools/tai_itch.mjs <tac-gia>/<goi> o repo quoc-chien
assets_source/stylized-nature-megakit/FBX	RockPath_Square_Small_3	?	node tools/tai_itch.mjs <tac-gia>/<goi> o repo quoc-chien
assets_source/stylized-nature-megakit/FBX	RockPath_Square_Thin	?	node tools/tai_itch.mjs <tac-gia>/<goi> o repo quoc-chien
assets_source/stylized-nature-megakit/FBX	RockPath_Square_Wide	?	node tools/tai_itch.mjs <tac-gia>/<goi> o repo quoc-chien
assets_source/stylized-nature-megakit/FBX	Rock_Medium_1	?	node tools/tai_itch.mjs <tac-gia>/<goi> o repo quoc-chien
assets_source/stylized-nature-megakit/FBX	Rock_Medium_2	?	node tools/tai_itch.mjs <tac-gia>/<goi> o repo quoc-chien
assets_source/stylized-nature-megakit/FBX	Rock_Medium_3	?	node tools/tai_itch.mjs <tac-gia>/<goi> o repo quoc-chien
assets_source/stylized-nature-megakit/FBX	TwistedTree_1	?	node tools/tai_itch.mjs <tac-gia>/<goi> o repo quoc-chien
assets_source/stylized-nature-megakit/FBX	TwistedTree_2	?	node tools/tai_itch.mjs <tac-gia>/<goi> o repo quoc-chien
assets_source/stylized-nature-megakit/FBX	TwistedTree_3	?	node tools/tai_itch.mjs <tac-gia>/<goi> o repo quoc-chien
assets_source/stylized-nature-megakit/FBX	TwistedTree_4	?	node tools/tai_itch.mjs <tac-gia>/<goi> o repo quoc-chien
assets_source/stylized-nature-megakit/FBX	TwistedTree_5	?	node tools/tai_itch.mjs <tac-gia>/<goi> o repo quoc-chien
assets_source/stylized-nature-megakit/FBX (Unity)	Bush_Common	?	node tools/tai_itch.mjs <tac-gia>/<goi> o repo quoc-chien
assets_source/stylized-nature-megakit/FBX (Unity)	Bush_Common_Flowers	?	node tools/tai_itch.mjs <tac-gia>/<goi> o repo quoc-chien
assets_source/stylized-nature-megakit/FBX (Unity)	Clover_1	?	node tools/tai_itch.mjs <tac-gia>/<goi> o repo quoc-chien
assets_source/stylized-nature-megakit/FBX (Unity)	Clover_2	?	node tools/tai_itch.mjs <tac-gia>/<goi> o repo quoc-chien
assets_source/stylized-nature-megakit/FBX (Unity)	CommonTree_1	?	node tools/tai_itch.mjs <tac-gia>/<goi> o repo quoc-chien
assets_source/stylized-nature-megakit/FBX (Unity)	CommonTree_2	?	node tools/tai_itch.mjs <tac-gia>/<goi> o repo quoc-chien
assets_source/stylized-nature-megakit/FBX (Unity)	CommonTree_3	?	node tools/tai_itch.mjs <tac-gia>/<goi> o repo quoc-chien
assets_source/stylized-nature-megakit/FBX (Unity)	CommonTree_4	?	node tools/tai_itch.mjs <tac-gia>/<goi> o repo quoc-chien
assets_source/stylized-nature-megakit/FBX (Unity)	CommonTree_5	?	node tools/tai_itch.mjs <tac-gia>/<goi> o repo quoc-chien
assets_source/stylized-nature-megakit/FBX (Unity)	DeadTree_1	?	node tools/tai_itch.mjs <tac-gia>/<goi> o repo quoc-chien
assets_source/stylized-nature-megakit/FBX (Unity)	DeadTree_2	?	node tools/tai_itch.mjs <tac-gia>/<goi> o repo quoc-chien
assets_source/stylized-nature-megakit/FBX (Unity)	DeadTree_3	?	node tools/tai_itch.mjs <tac-gia>/<goi> o repo quoc-chien
assets_source/stylized-nature-megakit/FBX (Unity)	DeadTree_4	?	node tools/tai_itch.mjs <tac-gia>/<goi> o repo quoc-chien
assets_source/stylized-nature-megakit/FBX (Unity)	DeadTree_5	?	node tools/tai_itch.mjs <tac-gia>/<goi> o repo quoc-chien
assets_source/stylized-nature-megakit/FBX (Unity)	Fern_1	?	node tools/tai_itch.mjs <tac-gia>/<goi> o repo quoc-chien
assets_source/stylized-nature-megakit/FBX (Unity)	Flower_3_Group	?	node tools/tai_itch.mjs <tac-gia>/<goi> o repo quoc-chien
assets_source/stylized-nature-megakit/FBX (Unity)	Flower_3_Single	?	node tools/tai_itch.mjs <tac-gia>/<goi> o repo quoc-chien
assets_source/stylized-nature-megakit/FBX (Unity)	Flower_4_Group	?	node tools/tai_itch.mjs <tac-gia>/<goi> o repo quoc-chien
assets_source/stylized-nature-megakit/FBX (Unity)	Flower_4_Single	?	node tools/tai_itch.mjs <tac-gia>/<goi> o repo quoc-chien
assets_source/stylized-nature-megakit/FBX (Unity)	Grass_Common_Short	?	node tools/tai_itch.mjs <tac-gia>/<goi> o repo quoc-chien
assets_source/stylized-nature-megakit/FBX (Unity)	Grass_Common_Tall	?	node tools/tai_itch.mjs <tac-gia>/<goi> o repo quoc-chien
assets_source/stylized-nature-megakit/FBX (Unity)	Grass_Wispy_Short	?	node tools/tai_itch.mjs <tac-gia>/<goi> o repo quoc-chien
assets_source/stylized-nature-megakit/FBX (Unity)	Grass_Wispy_Tall	?	node tools/tai_itch.mjs <tac-gia>/<goi> o repo quoc-chien
assets_source/stylized-nature-megakit/FBX (Unity)	Mushroom_Common	?	node tools/tai_itch.mjs <tac-gia>/<goi> o repo quoc-chien
assets_source/stylized-nature-megakit/FBX (Unity)	Mushroom_Laetiporus	?	node tools/tai_itch.mjs <tac-gia>/<goi> o repo quoc-chien
assets_source/stylized-nature-megakit/FBX (Unity)	Pebble_Round_1	?	node tools/tai_itch.mjs <tac-gia>/<goi> o repo quoc-chien
assets_source/stylized-nature-megakit/FBX (Unity)	Pebble_Round_2	?	node tools/tai_itch.mjs <tac-gia>/<goi> o repo quoc-chien
assets_source/stylized-nature-megakit/FBX (Unity)	Pebble_Round_3	?	node tools/tai_itch.mjs <tac-gia>/<goi> o repo quoc-chien
assets_source/stylized-nature-megakit/FBX (Unity)	Pebble_Round_4	?	node tools/tai_itch.mjs <tac-gia>/<goi> o repo quoc-chien
assets_source/stylized-nature-megakit/FBX (Unity)	Pebble_Round_5	?	node tools/tai_itch.mjs <tac-gia>/<goi> o repo quoc-chien
assets_source/stylized-nature-megakit/FBX (Unity)	Pebble_Square_1	?	node tools/tai_itch.mjs <tac-gia>/<goi> o repo quoc-chien
assets_source/stylized-nature-megakit/FBX (Unity)	Pebble_Square_2	?	node tools/tai_itch.mjs <tac-gia>/<goi> o repo quoc-chien
assets_source/stylized-nature-megakit/FBX (Unity)	Pebble_Square_3	?	node tools/tai_itch.mjs <tac-gia>/<goi> o repo quoc-chien
assets_source/stylized-nature-megakit/FBX (Unity)	Pebble_Square_4	?	node tools/tai_itch.mjs <tac-gia>/<goi> o repo quoc-chien
assets_source/stylized-nature-megakit/FBX (Unity)	Pebble_Square_5	?	node tools/tai_itch.mjs <tac-gia>/<goi> o repo quoc-chien
assets_source/stylized-nature-megakit/FBX (Unity)	Pebble_Square_6	?	node tools/tai_itch.mjs <tac-gia>/<goi> o repo quoc-chien
assets_source/stylized-nature-megakit/FBX (Unity)	Petal_1	?	node tools/tai_itch.mjs <tac-gia>/<goi> o repo quoc-chien
assets_source/stylized-nature-megakit/FBX (Unity)	Petal_2	?	node tools/tai_itch.mjs <tac-gia>/<goi> o repo quoc-chien
assets_source/stylized-nature-megakit/FBX (Unity)	Petal_3	?	node tools/tai_itch.mjs <tac-gia>/<goi> o repo quoc-chien
assets_source/stylized-nature-megakit/FBX (Unity)	Petal_4	?	node tools/tai_itch.mjs <tac-gia>/<goi> o repo quoc-chien
assets_source/stylized-nature-megakit/FBX (Unity)	Petal_5	?	node tools/tai_itch.mjs <tac-gia>/<goi> o repo quoc-chien
assets_source/stylized-nature-megakit/FBX (Unity)	Pine_1	?	node tools/tai_itch.mjs <tac-gia>/<goi> o repo quoc-chien
assets_source/stylized-nature-megakit/FBX (Unity)	Pine_2	?	node tools/tai_itch.mjs <tac-gia>/<goi> o repo quoc-chien
assets_source/stylized-nature-megakit/FBX (Unity)	Pine_3	?	node tools/tai_itch.mjs <tac-gia>/<goi> o repo quoc-chien
assets_source/stylized-nature-megakit/FBX (Unity)	Pine_4	?	node tools/tai_itch.mjs <tac-gia>/<goi> o repo quoc-chien
assets_source/stylized-nature-megakit/FBX (Unity)	Pine_5	?	node tools/tai_itch.mjs <tac-gia>/<goi> o repo quoc-chien
assets_source/stylized-nature-megakit/FBX (Unity)	Plant_1	?	node tools/tai_itch.mjs <tac-gia>/<goi> o repo quoc-chien
assets_source/stylized-nature-megakit/FBX (Unity)	Plant_1_Big	?	node tools/tai_itch.mjs <tac-gia>/<goi> o repo quoc-chien
assets_source/stylized-nature-megakit/FBX (Unity)	Plant_7	?	node tools/tai_itch.mjs <tac-gia>/<goi> o repo quoc-chien
assets_source/stylized-nature-megakit/FBX (Unity)	Plant_7_Big	?	node tools/tai_itch.mjs <tac-gia>/<goi> o repo quoc-chien
assets_source/stylized-nature-megakit/FBX (Unity)	RockPath_Round_Small_1	?	node tools/tai_itch.mjs <tac-gia>/<goi> o repo quoc-chien
assets_source/stylized-nature-megakit/FBX (Unity)	RockPath_Round_Small_2	?	node tools/tai_itch.mjs <tac-gia>/<goi> o repo quoc-chien
assets_source/stylized-nature-megakit/FBX (Unity)	RockPath_Round_Small_3	?	node tools/tai_itch.mjs <tac-gia>/<goi> o repo quoc-chien
assets_source/stylized-nature-megakit/FBX (Unity)	RockPath_Round_Thin	?	node tools/tai_itch.mjs <tac-gia>/<goi> o repo quoc-chien
assets_source/stylized-nature-megakit/FBX (Unity)	RockPath_Round_Wide	?	node tools/tai_itch.mjs <tac-gia>/<goi> o repo quoc-chien
assets_source/stylized-nature-megakit/FBX (Unity)	RockPath_Square_Small_1	?	node tools/tai_itch.mjs <tac-gia>/<goi> o repo quoc-chien
assets_source/stylized-nature-megakit/FBX (Unity)	RockPath_Square_Small_2	?	node tools/tai_itch.mjs <tac-gia>/<goi> o repo quoc-chien
assets_source/stylized-nature-megakit/FBX (Unity)	RockPath_Square_Small_3	?	node tools/tai_itch.mjs <tac-gia>/<goi> o repo quoc-chien
assets_source/stylized-nature-megakit/FBX (Unity)	RockPath_Square_Thin	?	node tools/tai_itch.mjs <tac-gia>/<goi> o repo quoc-chien
assets_source/stylized-nature-megakit/FBX (Unity)	RockPath_Square_Wide	?	node tools/tai_itch.mjs <tac-gia>/<goi> o repo quoc-chien
assets_source/stylized-nature-megakit/FBX (Unity)	Rock_Medium_1	?	node tools/tai_itch.mjs <tac-gia>/<goi> o repo quoc-chien
assets_source/stylized-nature-megakit/FBX (Unity)	Rock_Medium_2	?	node tools/tai_itch.mjs <tac-gia>/<goi> o repo quoc-chien
assets_source/stylized-nature-megakit/FBX (Unity)	Rock_Medium_3	?	node tools/tai_itch.mjs <tac-gia>/<goi> o repo quoc-chien
assets_source/stylized-nature-megakit/FBX (Unity)	TwistedTree_1	?	node tools/tai_itch.mjs <tac-gia>/<goi> o repo quoc-chien
assets_source/stylized-nature-megakit/FBX (Unity)	TwistedTree_2	?	node tools/tai_itch.mjs <tac-gia>/<goi> o repo quoc-chien
assets_source/stylized-nature-megakit/FBX (Unity)	TwistedTree_3	?	node tools/tai_itch.mjs <tac-gia>/<goi> o repo quoc-chien
assets_source/stylized-nature-megakit/FBX (Unity)	TwistedTree_4	?	node tools/tai_itch.mjs <tac-gia>/<goi> o repo quoc-chien
assets_source/stylized-nature-megakit/FBX (Unity)	TwistedTree_5	?	node tools/tai_itch.mjs <tac-gia>/<goi> o repo quoc-chien
assets_source/stylized-nature-megakit/OBJ	Bush_Common	?	node tools/tai_itch.mjs <tac-gia>/<goi> o repo quoc-chien
assets_source/stylized-nature-megakit/OBJ	Bush_Common_Flowers	?	node tools/tai_itch.mjs <tac-gia>/<goi> o repo quoc-chien
assets_source/stylized-nature-megakit/OBJ	Clover_1	?	node tools/tai_itch.mjs <tac-gia>/<goi> o repo quoc-chien
assets_source/stylized-nature-megakit/OBJ	Clover_2	?	node tools/tai_itch.mjs <tac-gia>/<goi> o repo quoc-chien
assets_source/stylized-nature-megakit/OBJ	CommonTree_1	?	node tools/tai_itch.mjs <tac-gia>/<goi> o repo quoc-chien
assets_source/stylized-nature-megakit/OBJ	CommonTree_2	?	node tools/tai_itch.mjs <tac-gia>/<goi> o repo quoc-chien
assets_source/stylized-nature-megakit/OBJ	CommonTree_3	?	node tools/tai_itch.mjs <tac-gia>/<goi> o repo quoc-chien
assets_source/stylized-nature-megakit/OBJ	CommonTree_4	?	node tools/tai_itch.mjs <tac-gia>/<goi> o repo quoc-chien
assets_source/stylized-nature-megakit/OBJ	CommonTree_5	?	node tools/tai_itch.mjs <tac-gia>/<goi> o repo quoc-chien
assets_source/stylized-nature-megakit/OBJ	DeadTree_1	?	node tools/tai_itch.mjs <tac-gia>/<goi> o repo quoc-chien
assets_source/stylized-nature-megakit/OBJ	DeadTree_2	?	node tools/tai_itch.mjs <tac-gia>/<goi> o repo quoc-chien
assets_source/stylized-nature-megakit/OBJ	DeadTree_3	?	node tools/tai_itch.mjs <tac-gia>/<goi> o repo quoc-chien
assets_source/stylized-nature-megakit/OBJ	DeadTree_4	?	node tools/tai_itch.mjs <tac-gia>/<goi> o repo quoc-chien
assets_source/stylized-nature-megakit/OBJ	DeadTree_5	?	node tools/tai_itch.mjs <tac-gia>/<goi> o repo quoc-chien
assets_source/stylized-nature-megakit/OBJ	Fern_1	?	node tools/tai_itch.mjs <tac-gia>/<goi> o repo quoc-chien
assets_source/stylized-nature-megakit/OBJ	Flower_3_Group	?	node tools/tai_itch.mjs <tac-gia>/<goi> o repo quoc-chien
assets_source/stylized-nature-megakit/OBJ	Flower_3_Single	?	node tools/tai_itch.mjs <tac-gia>/<goi> o repo quoc-chien
assets_source/stylized-nature-megakit/OBJ	Flower_4_Group	?	node tools/tai_itch.mjs <tac-gia>/<goi> o repo quoc-chien
assets_source/stylized-nature-megakit/OBJ	Flower_4_Single	?	node tools/tai_itch.mjs <tac-gia>/<goi> o repo quoc-chien
assets_source/stylized-nature-megakit/OBJ	Grass_Common_Short	?	node tools/tai_itch.mjs <tac-gia>/<goi> o repo quoc-chien
assets_source/stylized-nature-megakit/OBJ	Grass_Common_Tall	?	node tools/tai_itch.mjs <tac-gia>/<goi> o repo quoc-chien
assets_source/stylized-nature-megakit/OBJ	Grass_Wispy_Short	?	node tools/tai_itch.mjs <tac-gia>/<goi> o repo quoc-chien
assets_source/stylized-nature-megakit/OBJ	Grass_Wispy_Tall	?	node tools/tai_itch.mjs <tac-gia>/<goi> o repo quoc-chien
assets_source/stylized-nature-megakit/OBJ	Mushroom_Common	?	node tools/tai_itch.mjs <tac-gia>/<goi> o repo quoc-chien
assets_source/stylized-nature-megakit/OBJ	Mushroom_Laetiporus	?	node tools/tai_itch.mjs <tac-gia>/<goi> o repo quoc-chien
assets_source/stylized-nature-megakit/OBJ	Pebble_Round_1	?	node tools/tai_itch.mjs <tac-gia>/<goi> o repo quoc-chien
assets_source/stylized-nature-megakit/OBJ	Pebble_Round_2	?	node tools/tai_itch.mjs <tac-gia>/<goi> o repo quoc-chien
assets_source/stylized-nature-megakit/OBJ	Pebble_Round_3	?	node tools/tai_itch.mjs <tac-gia>/<goi> o repo quoc-chien
assets_source/stylized-nature-megakit/OBJ	Pebble_Round_4	?	node tools/tai_itch.mjs <tac-gia>/<goi> o repo quoc-chien
assets_source/stylized-nature-megakit/OBJ	Pebble_Round_5	?	node tools/tai_itch.mjs <tac-gia>/<goi> o repo quoc-chien
assets_source/stylized-nature-megakit/OBJ	Pebble_Square_1	?	node tools/tai_itch.mjs <tac-gia>/<goi> o repo quoc-chien
assets_source/stylized-nature-megakit/OBJ	Pebble_Square_2	?	node tools/tai_itch.mjs <tac-gia>/<goi> o repo quoc-chien
assets_source/stylized-nature-megakit/OBJ	Pebble_Square_3	?	node tools/tai_itch.mjs <tac-gia>/<goi> o repo quoc-chien
assets_source/stylized-nature-megakit/OBJ	Pebble_Square_4	?	node tools/tai_itch.mjs <tac-gia>/<goi> o repo quoc-chien
assets_source/stylized-nature-megakit/OBJ	Pebble_Square_5	?	node tools/tai_itch.mjs <tac-gia>/<goi> o repo quoc-chien
assets_source/stylized-nature-megakit/OBJ	Pebble_Square_6	?	node tools/tai_itch.mjs <tac-gia>/<goi> o repo quoc-chien
assets_source/stylized-nature-megakit/OBJ	Petal_1	?	node tools/tai_itch.mjs <tac-gia>/<goi> o repo quoc-chien
assets_source/stylized-nature-megakit/OBJ	Petal_2	?	node tools/tai_itch.mjs <tac-gia>/<goi> o repo quoc-chien
assets_source/stylized-nature-megakit/OBJ	Petal_3	?	node tools/tai_itch.mjs <tac-gia>/<goi> o repo quoc-chien
assets_source/stylized-nature-megakit/OBJ	Petal_4	?	node tools/tai_itch.mjs <tac-gia>/<goi> o repo quoc-chien
assets_source/stylized-nature-megakit/OBJ	Petal_5	?	node tools/tai_itch.mjs <tac-gia>/<goi> o repo quoc-chien
assets_source/stylized-nature-megakit/OBJ	Pine_1	?	node tools/tai_itch.mjs <tac-gia>/<goi> o repo quoc-chien
assets_source/stylized-nature-megakit/OBJ	Pine_2	?	node tools/tai_itch.mjs <tac-gia>/<goi> o repo quoc-chien
assets_source/stylized-nature-megakit/OBJ	Pine_3	?	node tools/tai_itch.mjs <tac-gia>/<goi> o repo quoc-chien
assets_source/stylized-nature-megakit/OBJ	Pine_4	?	node tools/tai_itch.mjs <tac-gia>/<goi> o repo quoc-chien
assets_source/stylized-nature-megakit/OBJ	Pine_5	?	node tools/tai_itch.mjs <tac-gia>/<goi> o repo quoc-chien
assets_source/stylized-nature-megakit/OBJ	Plant_1	?	node tools/tai_itch.mjs <tac-gia>/<goi> o repo quoc-chien
assets_source/stylized-nature-megakit/OBJ	Plant_1_Big	?	node tools/tai_itch.mjs <tac-gia>/<goi> o repo quoc-chien
assets_source/stylized-nature-megakit/OBJ	Plant_7	?	node tools/tai_itch.mjs <tac-gia>/<goi> o repo quoc-chien
assets_source/stylized-nature-megakit/OBJ	Plant_7_Big	?	node tools/tai_itch.mjs <tac-gia>/<goi> o repo quoc-chien
assets_source/stylized-nature-megakit/OBJ	RockPath_Round_Small_1	?	node tools/tai_itch.mjs <tac-gia>/<goi> o repo quoc-chien
assets_source/stylized-nature-megakit/OBJ	RockPath_Round_Small_2	?	node tools/tai_itch.mjs <tac-gia>/<goi> o repo quoc-chien
assets_source/stylized-nature-megakit/OBJ	RockPath_Round_Small_3	?	node tools/tai_itch.mjs <tac-gia>/<goi> o repo quoc-chien
assets_source/stylized-nature-megakit/OBJ	RockPath_Round_Thin	?	node tools/tai_itch.mjs <tac-gia>/<goi> o repo quoc-chien
assets_source/stylized-nature-megakit/OBJ	RockPath_Round_Wide	?	node tools/tai_itch.mjs <tac-gia>/<goi> o repo quoc-chien
assets_source/stylized-nature-megakit/OBJ	RockPath_Square_Small_1	?	node tools/tai_itch.mjs <tac-gia>/<goi> o repo quoc-chien
assets_source/stylized-nature-megakit/OBJ	RockPath_Square_Small_2	?	node tools/tai_itch.mjs <tac-gia>/<goi> o repo quoc-chien
assets_source/stylized-nature-megakit/OBJ	RockPath_Square_Small_3	?	node tools/tai_itch.mjs <tac-gia>/<goi> o repo quoc-chien
assets_source/stylized-nature-megakit/OBJ	RockPath_Square_Thin	?	node tools/tai_itch.mjs <tac-gia>/<goi> o repo quoc-chien
assets_source/stylized-nature-megakit/OBJ	RockPath_Square_Wide	?	node tools/tai_itch.mjs <tac-gia>/<goi> o repo quoc-chien
assets_source/stylized-nature-megakit/OBJ	Rock_Medium_1	?	node tools/tai_itch.mjs <tac-gia>/<goi> o repo quoc-chien
assets_source/stylized-nature-megakit/OBJ	Rock_Medium_2	?	node tools/tai_itch.mjs <tac-gia>/<goi> o repo quoc-chien
assets_source/stylized-nature-megakit/OBJ	Rock_Medium_3	?	node tools/tai_itch.mjs <tac-gia>/<goi> o repo quoc-chien
assets_source/stylized-nature-megakit/OBJ	TwistedTree_1	?	node tools/tai_itch.mjs <tac-gia>/<goi> o repo quoc-chien
assets_source/stylized-nature-megakit/OBJ	TwistedTree_2	?	node tools/tai_itch.mjs <tac-gia>/<goi> o repo quoc-chien
assets_source/stylized-nature-megakit/OBJ	TwistedTree_3	?	node tools/tai_itch.mjs <tac-gia>/<goi> o repo quoc-chien
assets_source/stylized-nature-megakit/OBJ	TwistedTree_4	?	node tools/tai_itch.mjs <tac-gia>/<goi> o repo quoc-chien
assets_source/stylized-nature-megakit/OBJ	TwistedTree_5	?	node tools/tai_itch.mjs <tac-gia>/<goi> o repo quoc-chien
assets_source/stylized-nature-megakit/glTF	Bush_Common	?	node tools/tai_itch.mjs <tac-gia>/<goi> o repo quoc-chien
assets_source/stylized-nature-megakit/glTF	Bush_Common_Flowers	?	node tools/tai_itch.mjs <tac-gia>/<goi> o repo quoc-chien
assets_source/stylized-nature-megakit/glTF	Clover_1	?	node tools/tai_itch.mjs <tac-gia>/<goi> o repo quoc-chien
assets_source/stylized-nature-megakit/glTF	Clover_2	?	node tools/tai_itch.mjs <tac-gia>/<goi> o repo quoc-chien
assets_source/stylized-nature-megakit/glTF	CommonTree_1	?	node tools/tai_itch.mjs <tac-gia>/<goi> o repo quoc-chien
assets_source/stylized-nature-megakit/glTF	CommonTree_2	?	node tools/tai_itch.mjs <tac-gia>/<goi> o repo quoc-chien
assets_source/stylized-nature-megakit/glTF	CommonTree_3	?	node tools/tai_itch.mjs <tac-gia>/<goi> o repo quoc-chien
assets_source/stylized-nature-megakit/glTF	CommonTree_4	?	node tools/tai_itch.mjs <tac-gia>/<goi> o repo quoc-chien
assets_source/stylized-nature-megakit/glTF	CommonTree_5	?	node tools/tai_itch.mjs <tac-gia>/<goi> o repo quoc-chien
assets_source/stylized-nature-megakit/glTF	DeadTree_1	?	node tools/tai_itch.mjs <tac-gia>/<goi> o repo quoc-chien
assets_source/stylized-nature-megakit/glTF	DeadTree_2	?	node tools/tai_itch.mjs <tac-gia>/<goi> o repo quoc-chien
assets_source/stylized-nature-megakit/glTF	DeadTree_3	?	node tools/tai_itch.mjs <tac-gia>/<goi> o repo quoc-chien
assets_source/stylized-nature-megakit/glTF	DeadTree_4	?	node tools/tai_itch.mjs <tac-gia>/<goi> o repo quoc-chien
assets_source/stylized-nature-megakit/glTF	DeadTree_5	?	node tools/tai_itch.mjs <tac-gia>/<goi> o repo quoc-chien
assets_source/stylized-nature-megakit/glTF	Fern_1	?	node tools/tai_itch.mjs <tac-gia>/<goi> o repo quoc-chien
assets_source/stylized-nature-megakit/glTF	Flower_3_Group	?	node tools/tai_itch.mjs <tac-gia>/<goi> o repo quoc-chien
assets_source/stylized-nature-megakit/glTF	Flower_3_Single	?	node tools/tai_itch.mjs <tac-gia>/<goi> o repo quoc-chien
assets_source/stylized-nature-megakit/glTF	Flower_4_Group	?	node tools/tai_itch.mjs <tac-gia>/<goi> o repo quoc-chien
assets_source/stylized-nature-megakit/glTF	Flower_4_Single	?	node tools/tai_itch.mjs <tac-gia>/<goi> o repo quoc-chien
assets_source/stylized-nature-megakit/glTF	Grass_Common_Short	?	node tools/tai_itch.mjs <tac-gia>/<goi> o repo quoc-chien
assets_source/stylized-nature-megakit/glTF	Grass_Common_Tall	?	node tools/tai_itch.mjs <tac-gia>/<goi> o repo quoc-chien
assets_source/stylized-nature-megakit/glTF	Grass_Wispy_Short	?	node tools/tai_itch.mjs <tac-gia>/<goi> o repo quoc-chien
assets_source/stylized-nature-megakit/glTF	Grass_Wispy_Tall	?	node tools/tai_itch.mjs <tac-gia>/<goi> o repo quoc-chien
assets_source/stylized-nature-megakit/glTF	Mushroom_Common	?	node tools/tai_itch.mjs <tac-gia>/<goi> o repo quoc-chien
assets_source/stylized-nature-megakit/glTF	Mushroom_Laetiporus	?	node tools/tai_itch.mjs <tac-gia>/<goi> o repo quoc-chien
assets_source/stylized-nature-megakit/glTF	Pebble_Round_1	?	node tools/tai_itch.mjs <tac-gia>/<goi> o repo quoc-chien
assets_source/stylized-nature-megakit/glTF	Pebble_Round_2	?	node tools/tai_itch.mjs <tac-gia>/<goi> o repo quoc-chien
assets_source/stylized-nature-megakit/glTF	Pebble_Round_3	?	node tools/tai_itch.mjs <tac-gia>/<goi> o repo quoc-chien
assets_source/stylized-nature-megakit/glTF	Pebble_Round_4	?	node tools/tai_itch.mjs <tac-gia>/<goi> o repo quoc-chien
assets_source/stylized-nature-megakit/glTF	Pebble_Round_5	?	node tools/tai_itch.mjs <tac-gia>/<goi> o repo quoc-chien
assets_source/stylized-nature-megakit/glTF	Pebble_Square_1	?	node tools/tai_itch.mjs <tac-gia>/<goi> o repo quoc-chien
assets_source/stylized-nature-megakit/glTF	Pebble_Square_2	?	node tools/tai_itch.mjs <tac-gia>/<goi> o repo quoc-chien
assets_source/stylized-nature-megakit/glTF	Pebble_Square_3	?	node tools/tai_itch.mjs <tac-gia>/<goi> o repo quoc-chien
assets_source/stylized-nature-megakit/glTF	Pebble_Square_4	?	node tools/tai_itch.mjs <tac-gia>/<goi> o repo quoc-chien
assets_source/stylized-nature-megakit/glTF	Pebble_Square_5	?	node tools/tai_itch.mjs <tac-gia>/<goi> o repo quoc-chien
assets_source/stylized-nature-megakit/glTF	Pebble_Square_6	?	node tools/tai_itch.mjs <tac-gia>/<goi> o repo quoc-chien
assets_source/stylized-nature-megakit/glTF	Petal_1	?	node tools/tai_itch.mjs <tac-gia>/<goi> o repo quoc-chien
assets_source/stylized-nature-megakit/glTF	Petal_2	?	node tools/tai_itch.mjs <tac-gia>/<goi> o repo quoc-chien
assets_source/stylized-nature-megakit/glTF	Petal_3	?	node tools/tai_itch.mjs <tac-gia>/<goi> o repo quoc-chien
assets_source/stylized-nature-megakit/glTF	Petal_4	?	node tools/tai_itch.mjs <tac-gia>/<goi> o repo quoc-chien
assets_source/stylized-nature-megakit/glTF	Petal_5	?	node tools/tai_itch.mjs <tac-gia>/<goi> o repo quoc-chien
assets_source/stylized-nature-megakit/glTF	Pine_1	?	node tools/tai_itch.mjs <tac-gia>/<goi> o repo quoc-chien
assets_source/stylized-nature-megakit/glTF	Pine_2	?	node tools/tai_itch.mjs <tac-gia>/<goi> o repo quoc-chien
assets_source/stylized-nature-megakit/glTF	Pine_3	?	node tools/tai_itch.mjs <tac-gia>/<goi> o repo quoc-chien
assets_source/stylized-nature-megakit/glTF	Pine_4	?	node tools/tai_itch.mjs <tac-gia>/<goi> o repo quoc-chien
assets_source/stylized-nature-megakit/glTF	Pine_5	?	node tools/tai_itch.mjs <tac-gia>/<goi> o repo quoc-chien
assets_source/stylized-nature-megakit/glTF	Plant_1	?	node tools/tai_itch.mjs <tac-gia>/<goi> o repo quoc-chien
assets_source/stylized-nature-megakit/glTF	Plant_1_Big	?	node tools/tai_itch.mjs <tac-gia>/<goi> o repo quoc-chien
assets_source/stylized-nature-megakit/glTF	Plant_7	?	node tools/tai_itch.mjs <tac-gia>/<goi> o repo quoc-chien
assets_source/stylized-nature-megakit/glTF	Plant_7_Big	?	node tools/tai_itch.mjs <tac-gia>/<goi> o repo quoc-chien
assets_source/stylized-nature-megakit/glTF	RockPath_Round_Small_1	?	node tools/tai_itch.mjs <tac-gia>/<goi> o repo quoc-chien
assets_source/stylized-nature-megakit/glTF	RockPath_Round_Small_2	?	node tools/tai_itch.mjs <tac-gia>/<goi> o repo quoc-chien
assets_source/stylized-nature-megakit/glTF	RockPath_Round_Small_3	?	node tools/tai_itch.mjs <tac-gia>/<goi> o repo quoc-chien
assets_source/stylized-nature-megakit/glTF	RockPath_Round_Thin	?	node tools/tai_itch.mjs <tac-gia>/<goi> o repo quoc-chien
assets_source/stylized-nature-megakit/glTF	RockPath_Round_Wide	?	node tools/tai_itch.mjs <tac-gia>/<goi> o repo quoc-chien
assets_source/stylized-nature-megakit/glTF	RockPath_Square_Small_1	?	node tools/tai_itch.mjs <tac-gia>/<goi> o repo quoc-chien
assets_source/stylized-nature-megakit/glTF	RockPath_Square_Small_2	?	node tools/tai_itch.mjs <tac-gia>/<goi> o repo quoc-chien
assets_source/stylized-nature-megakit/glTF	RockPath_Square_Small_3	?	node tools/tai_itch.mjs <tac-gia>/<goi> o repo quoc-chien
assets_source/stylized-nature-megakit/glTF	RockPath_Square_Thin	?	node tools/tai_itch.mjs <tac-gia>/<goi> o repo quoc-chien
assets_source/stylized-nature-megakit/glTF	RockPath_Square_Wide	?	node tools/tai_itch.mjs <tac-gia>/<goi> o repo quoc-chien
assets_source/stylized-nature-megakit/glTF	Rock_Medium_1	?	node tools/tai_itch.mjs <tac-gia>/<goi> o repo quoc-chien
assets_source/stylized-nature-megakit/glTF	Rock_Medium_2	?	node tools/tai_itch.mjs <tac-gia>/<goi> o repo quoc-chien
assets_source/stylized-nature-megakit/glTF	Rock_Medium_3	?	node tools/tai_itch.mjs <tac-gia>/<goi> o repo quoc-chien
assets_source/stylized-nature-megakit/glTF	TwistedTree_1	?	node tools/tai_itch.mjs <tac-gia>/<goi> o repo quoc-chien
assets_source/stylized-nature-megakit/glTF	TwistedTree_2	?	node tools/tai_itch.mjs <tac-gia>/<goi> o repo quoc-chien
assets_source/stylized-nature-megakit/glTF	TwistedTree_3	?	node tools/tai_itch.mjs <tac-gia>/<goi> o repo quoc-chien
assets_source/stylized-nature-megakit/glTF	TwistedTree_4	?	node tools/tai_itch.mjs <tac-gia>/<goi> o repo quoc-chien
assets_source/stylized-nature-megakit/glTF	TwistedTree_5	?	node tools/tai_itch.mjs <tac-gia>/<goi> o repo quoc-chien
assets_source/tower-defense-kit/Models/FBX format	detail-crystal	?	node tools/tai_itch.mjs <tac-gia>/<goi> o repo quoc-chien
assets_source/tower-defense-kit/Models/FBX format	detail-crystal-large	?	node tools/tai_itch.mjs <tac-gia>/<goi> o repo quoc-chien
assets_source/tower-defense-kit/Models/FBX format	detail-dirt	?	node tools/tai_itch.mjs <tac-gia>/<goi> o repo quoc-chien
assets_source/tower-defense-kit/Models/FBX format	detail-dirt-large	?	node tools/tai_itch.mjs <tac-gia>/<goi> o repo quoc-chien
assets_source/tower-defense-kit/Models/FBX format	detail-rocks	?	node tools/tai_itch.mjs <tac-gia>/<goi> o repo quoc-chien
assets_source/tower-defense-kit/Models/FBX format	detail-rocks-large	?	node tools/tai_itch.mjs <tac-gia>/<goi> o repo quoc-chien
assets_source/tower-defense-kit/Models/FBX format	detail-tree	?	node tools/tai_itch.mjs <tac-gia>/<goi> o repo quoc-chien
assets_source/tower-defense-kit/Models/FBX format	detail-tree-large	?	node tools/tai_itch.mjs <tac-gia>/<goi> o repo quoc-chien
assets_source/tower-defense-kit/Models/FBX format	enemy-ufo-a	?	node tools/tai_itch.mjs <tac-gia>/<goi> o repo quoc-chien
assets_source/tower-defense-kit/Models/FBX format	enemy-ufo-a-weapon	?	node tools/tai_itch.mjs <tac-gia>/<goi> o repo quoc-chien
assets_source/tower-defense-kit/Models/FBX format	enemy-ufo-b	?	node tools/tai_itch.mjs <tac-gia>/<goi> o repo quoc-chien
assets_source/tower-defense-kit/Models/FBX format	enemy-ufo-b-weapon	?	node tools/tai_itch.mjs <tac-gia>/<goi> o repo quoc-chien
assets_source/tower-defense-kit/Models/FBX format	enemy-ufo-beam	?	node tools/tai_itch.mjs <tac-gia>/<goi> o repo quoc-chien
assets_source/tower-defense-kit/Models/FBX format	enemy-ufo-beam-burst	?	node tools/tai_itch.mjs <tac-gia>/<goi> o repo quoc-chien
assets_source/tower-defense-kit/Models/FBX format	enemy-ufo-c	?	node tools/tai_itch.mjs <tac-gia>/<goi> o repo quoc-chien
assets_source/tower-defense-kit/Models/FBX format	enemy-ufo-c-weapon	?	node tools/tai_itch.mjs <tac-gia>/<goi> o repo quoc-chien
assets_source/tower-defense-kit/Models/FBX format	enemy-ufo-d	?	node tools/tai_itch.mjs <tac-gia>/<goi> o repo quoc-chien
assets_source/tower-defense-kit/Models/FBX format	enemy-ufo-d-weapon	?	node tools/tai_itch.mjs <tac-gia>/<goi> o repo quoc-chien
assets_source/tower-defense-kit/Models/FBX format	selection-a	?	node tools/tai_itch.mjs <tac-gia>/<goi> o repo quoc-chien
assets_source/tower-defense-kit/Models/FBX format	selection-b	?	node tools/tai_itch.mjs <tac-gia>/<goi> o repo quoc-chien
assets_source/tower-defense-kit/Models/FBX format	snow-detail-crystal	?	node tools/tai_itch.mjs <tac-gia>/<goi> o repo quoc-chien
assets_source/tower-defense-kit/Models/FBX format	snow-detail-crystal-large	?	node tools/tai_itch.mjs <tac-gia>/<goi> o repo quoc-chien
assets_source/tower-defense-kit/Models/FBX format	snow-detail-dirt	?	node tools/tai_itch.mjs <tac-gia>/<goi> o repo quoc-chien
assets_source/tower-defense-kit/Models/FBX format	snow-detail-dirt-large	?	node tools/tai_itch.mjs <tac-gia>/<goi> o repo quoc-chien
assets_source/tower-defense-kit/Models/FBX format	snow-detail-rocks	?	node tools/tai_itch.mjs <tac-gia>/<goi> o repo quoc-chien
assets_source/tower-defense-kit/Models/FBX format	snow-detail-rocks-large	?	node tools/tai_itch.mjs <tac-gia>/<goi> o repo quoc-chien
assets_source/tower-defense-kit/Models/FBX format	snow-detail-tree	?	node tools/tai_itch.mjs <tac-gia>/<goi> o repo quoc-chien
assets_source/tower-defense-kit/Models/FBX format	snow-detail-tree-large	?	node tools/tai_itch.mjs <tac-gia>/<goi> o repo quoc-chien
assets_source/tower-defense-kit/Models/FBX format	snow-tile	?	node tools/tai_itch.mjs <tac-gia>/<goi> o repo quoc-chien
assets_source/tower-defense-kit/Models/FBX format	snow-tile-bump	?	node tools/tai_itch.mjs <tac-gia>/<goi> o repo quoc-chien
assets_source/tower-defense-kit/Models/FBX format	snow-tile-corner-inner	?	node tools/tai_itch.mjs <tac-gia>/<goi> o repo quoc-chien
assets_source/tower-defense-kit/Models/FBX format	snow-tile-corner-large	?	node tools/tai_itch.mjs <tac-gia>/<goi> o repo quoc-chien
assets_source/tower-defense-kit/Models/FBX format	snow-tile-corner-outer	?	node tools/tai_itch.mjs <tac-gia>/<goi> o repo quoc-chien
assets_source/tower-defense-kit/Models/FBX format	snow-tile-corner-round	?	node tools/tai_itch.mjs <tac-gia>/<goi> o repo quoc-chien
assets_source/tower-defense-kit/Models/FBX format	snow-tile-corner-square	?	node tools/tai_itch.mjs <tac-gia>/<goi> o repo quoc-chien
assets_source/tower-defense-kit/Models/FBX format	snow-tile-crossing	?	node tools/tai_itch.mjs <tac-gia>/<goi> o repo quoc-chien
assets_source/tower-defense-kit/Models/FBX format	snow-tile-crystal	?	node tools/tai_itch.mjs <tac-gia>/<goi> o repo quoc-chien
assets_source/tower-defense-kit/Models/FBX format	snow-tile-dirt	?	node tools/tai_itch.mjs <tac-gia>/<goi> o repo quoc-chien
assets_source/tower-defense-kit/Models/FBX format	snow-tile-end	?	node tools/tai_itch.mjs <tac-gia>/<goi> o repo quoc-chien
assets_source/tower-defense-kit/Models/FBX format	snow-tile-end-round	?	node tools/tai_itch.mjs <tac-gia>/<goi> o repo quoc-chien
assets_source/tower-defense-kit/Models/FBX format	snow-tile-hill	?	node tools/tai_itch.mjs <tac-gia>/<goi> o repo quoc-chien
assets_source/tower-defense-kit/Models/FBX format	snow-tile-river-bridge	?	node tools/tai_itch.mjs <tac-gia>/<goi> o repo quoc-chien
assets_source/tower-defense-kit/Models/FBX format	snow-tile-river-corner	?	node tools/tai_itch.mjs <tac-gia>/<goi> o repo quoc-chien
assets_source/tower-defense-kit/Models/FBX format	snow-tile-river-slope	?	node tools/tai_itch.mjs <tac-gia>/<goi> o repo quoc-chien
assets_source/tower-defense-kit/Models/FBX format	snow-tile-river-slope-large	?	node tools/tai_itch.mjs <tac-gia>/<goi> o repo quoc-chien
assets_source/tower-defense-kit/Models/FBX format	snow-tile-river-straight	?	node tools/tai_itch.mjs <tac-gia>/<goi> o repo quoc-chien
assets_source/tower-defense-kit/Models/FBX format	snow-tile-river-transition	?	node tools/tai_itch.mjs <tac-gia>/<goi> o repo quoc-chien
assets_source/tower-defense-kit/Models/FBX format	snow-tile-river-waterfall	?	node tools/tai_itch.mjs <tac-gia>/<goi> o repo quoc-chien
assets_source/tower-defense-kit/Models/FBX format	snow-tile-rock	?	node tools/tai_itch.mjs <tac-gia>/<goi> o repo quoc-chien
assets_source/tower-defense-kit/Models/FBX format	snow-tile-slope	?	node tools/tai_itch.mjs <tac-gia>/<goi> o repo quoc-chien
assets_source/tower-defense-kit/Models/FBX format	snow-tile-spawn	?	node tools/tai_itch.mjs <tac-gia>/<goi> o repo quoc-chien
assets_source/tower-defense-kit/Models/FBX format	snow-tile-spawn-end	?	node tools/tai_itch.mjs <tac-gia>/<goi> o repo quoc-chien
assets_source/tower-defense-kit/Models/FBX format	snow-tile-spawn-end-round	?	node tools/tai_itch.mjs <tac-gia>/<goi> o repo quoc-chien
assets_source/tower-defense-kit/Models/FBX format	snow-tile-spawn-round	?	node tools/tai_itch.mjs <tac-gia>/<goi> o repo quoc-chien
assets_source/tower-defense-kit/Models/FBX format	snow-tile-split	?	node tools/tai_itch.mjs <tac-gia>/<goi> o repo quoc-chien
assets_source/tower-defense-kit/Models/FBX format	snow-tile-straight	?	node tools/tai_itch.mjs <tac-gia>/<goi> o repo quoc-chien
assets_source/tower-defense-kit/Models/FBX format	snow-tile-straight-slope	?	node tools/tai_itch.mjs <tac-gia>/<goi> o repo quoc-chien
assets_source/tower-defense-kit/Models/FBX format	snow-tile-straight-slope-large	?	node tools/tai_itch.mjs <tac-gia>/<goi> o repo quoc-chien
assets_source/tower-defense-kit/Models/FBX format	snow-tile-transition	?	node tools/tai_itch.mjs <tac-gia>/<goi> o repo quoc-chien
assets_source/tower-defense-kit/Models/FBX format	snow-tile-tree	?	node tools/tai_itch.mjs <tac-gia>/<goi> o repo quoc-chien
assets_source/tower-defense-kit/Models/FBX format	snow-tile-tree-double	?	node tools/tai_itch.mjs <tac-gia>/<goi> o repo quoc-chien
assets_source/tower-defense-kit/Models/FBX format	snow-tile-tree-quad	?	node tools/tai_itch.mjs <tac-gia>/<goi> o repo quoc-chien
assets_source/tower-defense-kit/Models/FBX format	snow-tile-wide-corner	?	node tools/tai_itch.mjs <tac-gia>/<goi> o repo quoc-chien
assets_source/tower-defense-kit/Models/FBX format	snow-tile-wide-split	?	node tools/tai_itch.mjs <tac-gia>/<goi> o repo quoc-chien
assets_source/tower-defense-kit/Models/FBX format	snow-tile-wide-straight	?	node tools/tai_itch.mjs <tac-gia>/<goi> o repo quoc-chien
assets_source/tower-defense-kit/Models/FBX format	snow-tile-wide-transition	?	node tools/tai_itch.mjs <tac-gia>/<goi> o repo quoc-chien
assets_source/tower-defense-kit/Models/FBX format	snow-wood-structure	?	node tools/tai_itch.mjs <tac-gia>/<goi> o repo quoc-chien
assets_source/tower-defense-kit/Models/FBX format	snow-wood-structure-high	?	node tools/tai_itch.mjs <tac-gia>/<goi> o repo quoc-chien
assets_source/tower-defense-kit/Models/FBX format	snow-wood-structure-high-part	?	node tools/tai_itch.mjs <tac-gia>/<goi> o repo quoc-chien
assets_source/tower-defense-kit/Models/FBX format	snow-wood-structure-part	?	node tools/tai_itch.mjs <tac-gia>/<goi> o repo quoc-chien
assets_source/tower-defense-kit/Models/FBX format	spawn-round	?	node tools/tai_itch.mjs <tac-gia>/<goi> o repo quoc-chien
assets_source/tower-defense-kit/Models/FBX format	spawn-square	?	node tools/tai_itch.mjs <tac-gia>/<goi> o repo quoc-chien
assets_source/tower-defense-kit/Models/FBX format	tile	?	node tools/tai_itch.mjs <tac-gia>/<goi> o repo quoc-chien
assets_source/tower-defense-kit/Models/FBX format	tile-bump	?	node tools/tai_itch.mjs <tac-gia>/<goi> o repo quoc-chien
assets_source/tower-defense-kit/Models/FBX format	tile-corner-inner	?	node tools/tai_itch.mjs <tac-gia>/<goi> o repo quoc-chien
assets_source/tower-defense-kit/Models/FBX format	tile-corner-large	?	node tools/tai_itch.mjs <tac-gia>/<goi> o repo quoc-chien
assets_source/tower-defense-kit/Models/FBX format	tile-corner-outer	?	node tools/tai_itch.mjs <tac-gia>/<goi> o repo quoc-chien
assets_source/tower-defense-kit/Models/FBX format	tile-corner-round	?	node tools/tai_itch.mjs <tac-gia>/<goi> o repo quoc-chien
assets_source/tower-defense-kit/Models/FBX format	tile-corner-square	?	node tools/tai_itch.mjs <tac-gia>/<goi> o repo quoc-chien
assets_source/tower-defense-kit/Models/FBX format	tile-crossing	?	node tools/tai_itch.mjs <tac-gia>/<goi> o repo quoc-chien
assets_source/tower-defense-kit/Models/FBX format	tile-crystal	?	node tools/tai_itch.mjs <tac-gia>/<goi> o repo quoc-chien
assets_source/tower-defense-kit/Models/FBX format	tile-dirt	?	node tools/tai_itch.mjs <tac-gia>/<goi> o repo quoc-chien
assets_source/tower-defense-kit/Models/FBX format	tile-end	?	node tools/tai_itch.mjs <tac-gia>/<goi> o repo quoc-chien
assets_source/tower-defense-kit/Models/FBX format	tile-end-round	?	node tools/tai_itch.mjs <tac-gia>/<goi> o repo quoc-chien
assets_source/tower-defense-kit/Models/FBX format	tile-hill	?	node tools/tai_itch.mjs <tac-gia>/<goi> o repo quoc-chien
assets_source/tower-defense-kit/Models/FBX format	tile-river-bridge	?	node tools/tai_itch.mjs <tac-gia>/<goi> o repo quoc-chien
assets_source/tower-defense-kit/Models/FBX format	tile-river-corner	?	node tools/tai_itch.mjs <tac-gia>/<goi> o repo quoc-chien
assets_source/tower-defense-kit/Models/FBX format	tile-river-slope	?	node tools/tai_itch.mjs <tac-gia>/<goi> o repo quoc-chien
assets_source/tower-defense-kit/Models/FBX format	tile-river-slope-large	?	node tools/tai_itch.mjs <tac-gia>/<goi> o repo quoc-chien
assets_source/tower-defense-kit/Models/FBX format	tile-river-straight	?	node tools/tai_itch.mjs <tac-gia>/<goi> o repo quoc-chien
assets_source/tower-defense-kit/Models/FBX format	tile-river-transition	?	node tools/tai_itch.mjs <tac-gia>/<goi> o repo quoc-chien
assets_source/tower-defense-kit/Models/FBX format	tile-river-waterfall	?	node tools/tai_itch.mjs <tac-gia>/<goi> o repo quoc-chien
assets_source/tower-defense-kit/Models/FBX format	tile-rock	?	node tools/tai_itch.mjs <tac-gia>/<goi> o repo quoc-chien
assets_source/tower-defense-kit/Models/FBX format	tile-slope	?	node tools/tai_itch.mjs <tac-gia>/<goi> o repo quoc-chien
assets_source/tower-defense-kit/Models/FBX format	tile-spawn	?	node tools/tai_itch.mjs <tac-gia>/<goi> o repo quoc-chien
assets_source/tower-defense-kit/Models/FBX format	tile-spawn-end	?	node tools/tai_itch.mjs <tac-gia>/<goi> o repo quoc-chien
assets_source/tower-defense-kit/Models/FBX format	tile-spawn-end-round	?	node tools/tai_itch.mjs <tac-gia>/<goi> o repo quoc-chien
assets_source/tower-defense-kit/Models/FBX format	tile-spawn-round	?	node tools/tai_itch.mjs <tac-gia>/<goi> o repo quoc-chien
assets_source/tower-defense-kit/Models/FBX format	tile-split	?	node tools/tai_itch.mjs <tac-gia>/<goi> o repo quoc-chien
assets_source/tower-defense-kit/Models/FBX format	tile-straight	?	node tools/tai_itch.mjs <tac-gia>/<goi> o repo quoc-chien
assets_source/tower-defense-kit/Models/FBX format	tile-straight-slope	?	node tools/tai_itch.mjs <tac-gia>/<goi> o repo quoc-chien
assets_source/tower-defense-kit/Models/FBX format	tile-straight-slope-large	?	node tools/tai_itch.mjs <tac-gia>/<goi> o repo quoc-chien
assets_source/tower-defense-kit/Models/FBX format	tile-transition	?	node tools/tai_itch.mjs <tac-gia>/<goi> o repo quoc-chien
assets_source/tower-defense-kit/Models/FBX format	tile-tree	?	node tools/tai_itch.mjs <tac-gia>/<goi> o repo quoc-chien
assets_source/tower-defense-kit/Models/FBX format	tile-tree-double	?	node tools/tai_itch.mjs <tac-gia>/<goi> o repo quoc-chien
assets_source/tower-defense-kit/Models/FBX format	tile-tree-quad	?	node tools/tai_itch.mjs <tac-gia>/<goi> o repo quoc-chien
assets_source/tower-defense-kit/Models/FBX format	tile-wide-corner	?	node tools/tai_itch.mjs <tac-gia>/<goi> o repo quoc-chien
assets_source/tower-defense-kit/Models/FBX format	tile-wide-split	?	node tools/tai_itch.mjs <tac-gia>/<goi> o repo quoc-chien
assets_source/tower-defense-kit/Models/FBX format	tile-wide-straight	?	node tools/tai_itch.mjs <tac-gia>/<goi> o repo quoc-chien
assets_source/tower-defense-kit/Models/FBX format	tile-wide-transition	?	node tools/tai_itch.mjs <tac-gia>/<goi> o repo quoc-chien
assets_source/tower-defense-kit/Models/FBX format	tower-round-base	?	node tools/tai_itch.mjs <tac-gia>/<goi> o repo quoc-chien
assets_source/tower-defense-kit/Models/FBX format	tower-round-bottom-a	?	node tools/tai_itch.mjs <tac-gia>/<goi> o repo quoc-chien
assets_source/tower-defense-kit/Models/FBX format	tower-round-bottom-b	?	node tools/tai_itch.mjs <tac-gia>/<goi> o repo quoc-chien
assets_source/tower-defense-kit/Models/FBX format	tower-round-bottom-c	?	node tools/tai_itch.mjs <tac-gia>/<goi> o repo quoc-chien
assets_source/tower-defense-kit/Models/FBX format	tower-round-build-a	?	node tools/tai_itch.mjs <tac-gia>/<goi> o repo quoc-chien
assets_source/tower-defense-kit/Models/FBX format	tower-round-build-b	?	node tools/tai_itch.mjs <tac-gia>/<goi> o repo quoc-chien
assets_source/tower-defense-kit/Models/FBX format	tower-round-build-c	?	node tools/tai_itch.mjs <tac-gia>/<goi> o repo quoc-chien
assets_source/tower-defense-kit/Models/FBX format	tower-round-build-d	?	node tools/tai_itch.mjs <tac-gia>/<goi> o repo quoc-chien
assets_source/tower-defense-kit/Models/FBX format	tower-round-build-e	?	node tools/tai_itch.mjs <tac-gia>/<goi> o repo quoc-chien
assets_source/tower-defense-kit/Models/FBX format	tower-round-build-f	?	node tools/tai_itch.mjs <tac-gia>/<goi> o repo quoc-chien
assets_source/tower-defense-kit/Models/FBX format	tower-round-crystals	?	node tools/tai_itch.mjs <tac-gia>/<goi> o repo quoc-chien
assets_source/tower-defense-kit/Models/FBX format	tower-round-middle-a	?	node tools/tai_itch.mjs <tac-gia>/<goi> o repo quoc-chien
assets_source/tower-defense-kit/Models/FBX format	tower-round-middle-b	?	node tools/tai_itch.mjs <tac-gia>/<goi> o repo quoc-chien
assets_source/tower-defense-kit/Models/FBX format	tower-round-middle-c	?	node tools/tai_itch.mjs <tac-gia>/<goi> o repo quoc-chien
assets_source/tower-defense-kit/Models/FBX format	tower-round-roof-a	?	node tools/tai_itch.mjs <tac-gia>/<goi> o repo quoc-chien
assets_source/tower-defense-kit/Models/FBX format	tower-round-roof-b	?	node tools/tai_itch.mjs <tac-gia>/<goi> o repo quoc-chien
assets_source/tower-defense-kit/Models/FBX format	tower-round-roof-c	?	node tools/tai_itch.mjs <tac-gia>/<goi> o repo quoc-chien
assets_source/tower-defense-kit/Models/FBX format	tower-round-top-a	?	node tools/tai_itch.mjs <tac-gia>/<goi> o repo quoc-chien
assets_source/tower-defense-kit/Models/FBX format	tower-round-top-b	?	node tools/tai_itch.mjs <tac-gia>/<goi> o repo quoc-chien
assets_source/tower-defense-kit/Models/FBX format	tower-round-top-c	?	node tools/tai_itch.mjs <tac-gia>/<goi> o repo quoc-chien
assets_source/tower-defense-kit/Models/FBX format	tower-square-bottom-a	?	node tools/tai_itch.mjs <tac-gia>/<goi> o repo quoc-chien
assets_source/tower-defense-kit/Models/FBX format	tower-square-bottom-b	?	node tools/tai_itch.mjs <tac-gia>/<goi> o repo quoc-chien
assets_source/tower-defense-kit/Models/FBX format	tower-square-bottom-c	?	node tools/tai_itch.mjs <tac-gia>/<goi> o repo quoc-chien
assets_source/tower-defense-kit/Models/FBX format	tower-square-build-a	?	node tools/tai_itch.mjs <tac-gia>/<goi> o repo quoc-chien
assets_source/tower-defense-kit/Models/FBX format	tower-square-build-b	?	node tools/tai_itch.mjs <tac-gia>/<goi> o repo quoc-chien
assets_source/tower-defense-kit/Models/FBX format	tower-square-build-c	?	node tools/tai_itch.mjs <tac-gia>/<goi> o repo quoc-chien
assets_source/tower-defense-kit/Models/FBX format	tower-square-build-d	?	node tools/tai_itch.mjs <tac-gia>/<goi> o repo quoc-chien
assets_source/tower-defense-kit/Models/FBX format	tower-square-build-e	?	node tools/tai_itch.mjs <tac-gia>/<goi> o repo quoc-chien
assets_source/tower-defense-kit/Models/FBX format	tower-square-build-f	?	node tools/tai_itch.mjs <tac-gia>/<goi> o repo quoc-chien
assets_source/tower-defense-kit/Models/FBX format	tower-square-middle-a	?	node tools/tai_itch.mjs <tac-gia>/<goi> o repo quoc-chien
assets_source/tower-defense-kit/Models/FBX format	tower-square-middle-b	?	node tools/tai_itch.mjs <tac-gia>/<goi> o repo quoc-chien
assets_source/tower-defense-kit/Models/FBX format	tower-square-middle-c	?	node tools/tai_itch.mjs <tac-gia>/<goi> o repo quoc-chien
assets_source/tower-defense-kit/Models/FBX format	tower-square-roof-a	?	node tools/tai_itch.mjs <tac-gia>/<goi> o repo quoc-chien
assets_source/tower-defense-kit/Models/FBX format	tower-square-roof-b	?	node tools/tai_itch.mjs <tac-gia>/<goi> o repo quoc-chien
assets_source/tower-defense-kit/Models/FBX format	tower-square-roof-c	?	node tools/tai_itch.mjs <tac-gia>/<goi> o repo quoc-chien
assets_source/tower-defense-kit/Models/FBX format	tower-square-top-a	?	node tools/tai_itch.mjs <tac-gia>/<goi> o repo quoc-chien
assets_source/tower-defense-kit/Models/FBX format	tower-square-top-b	?	node tools/tai_itch.mjs <tac-gia>/<goi> o repo quoc-chien
assets_source/tower-defense-kit/Models/FBX format	tower-square-top-c	?	node tools/tai_itch.mjs <tac-gia>/<goi> o repo quoc-chien
assets_source/tower-defense-kit/Models/FBX format	weapon-ammo-arrow	?	node tools/tai_itch.mjs <tac-gia>/<goi> o repo quoc-chien
assets_source/tower-defense-kit/Models/FBX format	weapon-ammo-boulder	?	node tools/tai_itch.mjs <tac-gia>/<goi> o repo quoc-chien
assets_source/tower-defense-kit/Models/FBX format	weapon-ammo-bullet	?	node tools/tai_itch.mjs <tac-gia>/<goi> o repo quoc-chien
assets_source/tower-defense-kit/Models/FBX format	weapon-ammo-cannonball	?	node tools/tai_itch.mjs <tac-gia>/<goi> o repo quoc-chien
assets_source/tower-defense-kit/Models/FBX format	weapon-ballista	?	node tools/tai_itch.mjs <tac-gia>/<goi> o repo quoc-chien
assets_source/tower-defense-kit/Models/FBX format	weapon-cannon	?	node tools/tai_itch.mjs <tac-gia>/<goi> o repo quoc-chien
assets_source/tower-defense-kit/Models/FBX format	weapon-catapult	?	node tools/tai_itch.mjs <tac-gia>/<goi> o repo quoc-chien
assets_source/tower-defense-kit/Models/FBX format	weapon-turret	?	node tools/tai_itch.mjs <tac-gia>/<goi> o repo quoc-chien
assets_source/tower-defense-kit/Models/FBX format	wood-structure	?	node tools/tai_itch.mjs <tac-gia>/<goi> o repo quoc-chien
assets_source/tower-defense-kit/Models/FBX format	wood-structure-high	?	node tools/tai_itch.mjs <tac-gia>/<goi> o repo quoc-chien
assets_source/tower-defense-kit/Models/FBX format	wood-structure-high-part	?	node tools/tai_itch.mjs <tac-gia>/<goi> o repo quoc-chien
assets_source/tower-defense-kit/Models/FBX format	wood-structure-part	?	node tools/tai_itch.mjs <tac-gia>/<goi> o repo quoc-chien
assets_source/tower-defense-kit/Models/GLB format	detail-crystal	?	node tools/tai_itch.mjs <tac-gia>/<goi> o repo quoc-chien
assets_source/tower-defense-kit/Models/GLB format	detail-crystal-large	?	node tools/tai_itch.mjs <tac-gia>/<goi> o repo quoc-chien
assets_source/tower-defense-kit/Models/GLB format	detail-dirt	?	node tools/tai_itch.mjs <tac-gia>/<goi> o repo quoc-chien
assets_source/tower-defense-kit/Models/GLB format	detail-dirt-large	?	node tools/tai_itch.mjs <tac-gia>/<goi> o repo quoc-chien
assets_source/tower-defense-kit/Models/GLB format	detail-rocks	?	node tools/tai_itch.mjs <tac-gia>/<goi> o repo quoc-chien
assets_source/tower-defense-kit/Models/GLB format	detail-rocks-large	?	node tools/tai_itch.mjs <tac-gia>/<goi> o repo quoc-chien
assets_source/tower-defense-kit/Models/GLB format	detail-tree	?	node tools/tai_itch.mjs <tac-gia>/<goi> o repo quoc-chien
assets_source/tower-defense-kit/Models/GLB format	detail-tree-large	?	node tools/tai_itch.mjs <tac-gia>/<goi> o repo quoc-chien
assets_source/tower-defense-kit/Models/GLB format	enemy-ufo-a	?	node tools/tai_itch.mjs <tac-gia>/<goi> o repo quoc-chien
assets_source/tower-defense-kit/Models/GLB format	enemy-ufo-a-weapon	?	node tools/tai_itch.mjs <tac-gia>/<goi> o repo quoc-chien
assets_source/tower-defense-kit/Models/GLB format	enemy-ufo-b	?	node tools/tai_itch.mjs <tac-gia>/<goi> o repo quoc-chien
assets_source/tower-defense-kit/Models/GLB format	enemy-ufo-b-weapon	?	node tools/tai_itch.mjs <tac-gia>/<goi> o repo quoc-chien
assets_source/tower-defense-kit/Models/GLB format	enemy-ufo-beam	?	node tools/tai_itch.mjs <tac-gia>/<goi> o repo quoc-chien
assets_source/tower-defense-kit/Models/GLB format	enemy-ufo-beam-burst	?	node tools/tai_itch.mjs <tac-gia>/<goi> o repo quoc-chien
assets_source/tower-defense-kit/Models/GLB format	enemy-ufo-c	?	node tools/tai_itch.mjs <tac-gia>/<goi> o repo quoc-chien
assets_source/tower-defense-kit/Models/GLB format	enemy-ufo-c-weapon	?	node tools/tai_itch.mjs <tac-gia>/<goi> o repo quoc-chien
assets_source/tower-defense-kit/Models/GLB format	enemy-ufo-d	?	node tools/tai_itch.mjs <tac-gia>/<goi> o repo quoc-chien
assets_source/tower-defense-kit/Models/GLB format	enemy-ufo-d-weapon	?	node tools/tai_itch.mjs <tac-gia>/<goi> o repo quoc-chien
assets_source/tower-defense-kit/Models/GLB format	selection-a	?	node tools/tai_itch.mjs <tac-gia>/<goi> o repo quoc-chien
assets_source/tower-defense-kit/Models/GLB format	selection-b	?	node tools/tai_itch.mjs <tac-gia>/<goi> o repo quoc-chien
assets_source/tower-defense-kit/Models/GLB format	snow-detail-crystal	?	node tools/tai_itch.mjs <tac-gia>/<goi> o repo quoc-chien
assets_source/tower-defense-kit/Models/GLB format	snow-detail-crystal-large	?	node tools/tai_itch.mjs <tac-gia>/<goi> o repo quoc-chien
assets_source/tower-defense-kit/Models/GLB format	snow-detail-dirt	?	node tools/tai_itch.mjs <tac-gia>/<goi> o repo quoc-chien
assets_source/tower-defense-kit/Models/GLB format	snow-detail-dirt-large	?	node tools/tai_itch.mjs <tac-gia>/<goi> o repo quoc-chien
assets_source/tower-defense-kit/Models/GLB format	snow-detail-rocks	?	node tools/tai_itch.mjs <tac-gia>/<goi> o repo quoc-chien
assets_source/tower-defense-kit/Models/GLB format	snow-detail-rocks-large	?	node tools/tai_itch.mjs <tac-gia>/<goi> o repo quoc-chien
assets_source/tower-defense-kit/Models/GLB format	snow-detail-tree	?	node tools/tai_itch.mjs <tac-gia>/<goi> o repo quoc-chien
assets_source/tower-defense-kit/Models/GLB format	snow-detail-tree-large	?	node tools/tai_itch.mjs <tac-gia>/<goi> o repo quoc-chien
assets_source/tower-defense-kit/Models/GLB format	snow-tile	?	node tools/tai_itch.mjs <tac-gia>/<goi> o repo quoc-chien
assets_source/tower-defense-kit/Models/GLB format	snow-tile-bump	?	node tools/tai_itch.mjs <tac-gia>/<goi> o repo quoc-chien
assets_source/tower-defense-kit/Models/GLB format	snow-tile-corner-inner	?	node tools/tai_itch.mjs <tac-gia>/<goi> o repo quoc-chien
assets_source/tower-defense-kit/Models/GLB format	snow-tile-corner-large	?	node tools/tai_itch.mjs <tac-gia>/<goi> o repo quoc-chien
assets_source/tower-defense-kit/Models/GLB format	snow-tile-corner-outer	?	node tools/tai_itch.mjs <tac-gia>/<goi> o repo quoc-chien
assets_source/tower-defense-kit/Models/GLB format	snow-tile-corner-round	?	node tools/tai_itch.mjs <tac-gia>/<goi> o repo quoc-chien
assets_source/tower-defense-kit/Models/GLB format	snow-tile-corner-square	?	node tools/tai_itch.mjs <tac-gia>/<goi> o repo quoc-chien
assets_source/tower-defense-kit/Models/GLB format	snow-tile-crossing	?	node tools/tai_itch.mjs <tac-gia>/<goi> o repo quoc-chien
assets_source/tower-defense-kit/Models/GLB format	snow-tile-crystal	?	node tools/tai_itch.mjs <tac-gia>/<goi> o repo quoc-chien
assets_source/tower-defense-kit/Models/GLB format	snow-tile-dirt	?	node tools/tai_itch.mjs <tac-gia>/<goi> o repo quoc-chien
assets_source/tower-defense-kit/Models/GLB format	snow-tile-end	?	node tools/tai_itch.mjs <tac-gia>/<goi> o repo quoc-chien
assets_source/tower-defense-kit/Models/GLB format	snow-tile-end-round	?	node tools/tai_itch.mjs <tac-gia>/<goi> o repo quoc-chien
assets_source/tower-defense-kit/Models/GLB format	snow-tile-hill	?	node tools/tai_itch.mjs <tac-gia>/<goi> o repo quoc-chien
assets_source/tower-defense-kit/Models/GLB format	snow-tile-river-bridge	?	node tools/tai_itch.mjs <tac-gia>/<goi> o repo quoc-chien
assets_source/tower-defense-kit/Models/GLB format	snow-tile-river-corner	?	node tools/tai_itch.mjs <tac-gia>/<goi> o repo quoc-chien
assets_source/tower-defense-kit/Models/GLB format	snow-tile-river-slope	?	node tools/tai_itch.mjs <tac-gia>/<goi> o repo quoc-chien
assets_source/tower-defense-kit/Models/GLB format	snow-tile-river-slope-large	?	node tools/tai_itch.mjs <tac-gia>/<goi> o repo quoc-chien
assets_source/tower-defense-kit/Models/GLB format	snow-tile-river-straight	?	node tools/tai_itch.mjs <tac-gia>/<goi> o repo quoc-chien
assets_source/tower-defense-kit/Models/GLB format	snow-tile-river-transition	?	node tools/tai_itch.mjs <tac-gia>/<goi> o repo quoc-chien
assets_source/tower-defense-kit/Models/GLB format	snow-tile-river-waterfall	?	node tools/tai_itch.mjs <tac-gia>/<goi> o repo quoc-chien
assets_source/tower-defense-kit/Models/GLB format	snow-tile-rock	?	node tools/tai_itch.mjs <tac-gia>/<goi> o repo quoc-chien
assets_source/tower-defense-kit/Models/GLB format	snow-tile-slope	?	node tools/tai_itch.mjs <tac-gia>/<goi> o repo quoc-chien
assets_source/tower-defense-kit/Models/GLB format	snow-tile-spawn	?	node tools/tai_itch.mjs <tac-gia>/<goi> o repo quoc-chien
assets_source/tower-defense-kit/Models/GLB format	snow-tile-spawn-end	?	node tools/tai_itch.mjs <tac-gia>/<goi> o repo quoc-chien
assets_source/tower-defense-kit/Models/GLB format	snow-tile-spawn-end-round	?	node tools/tai_itch.mjs <tac-gia>/<goi> o repo quoc-chien
assets_source/tower-defense-kit/Models/GLB format	snow-tile-spawn-round	?	node tools/tai_itch.mjs <tac-gia>/<goi> o repo quoc-chien
assets_source/tower-defense-kit/Models/GLB format	snow-tile-split	?	node tools/tai_itch.mjs <tac-gia>/<goi> o repo quoc-chien
assets_source/tower-defense-kit/Models/GLB format	snow-tile-straight	?	node tools/tai_itch.mjs <tac-gia>/<goi> o repo quoc-chien
assets_source/tower-defense-kit/Models/GLB format	snow-tile-straight-slope	?	node tools/tai_itch.mjs <tac-gia>/<goi> o repo quoc-chien
assets_source/tower-defense-kit/Models/GLB format	snow-tile-straight-slope-large	?	node tools/tai_itch.mjs <tac-gia>/<goi> o repo quoc-chien
assets_source/tower-defense-kit/Models/GLB format	snow-tile-transition	?	node tools/tai_itch.mjs <tac-gia>/<goi> o repo quoc-chien
assets_source/tower-defense-kit/Models/GLB format	snow-tile-tree	?	node tools/tai_itch.mjs <tac-gia>/<goi> o repo quoc-chien
assets_source/tower-defense-kit/Models/GLB format	snow-tile-tree-double	?	node tools/tai_itch.mjs <tac-gia>/<goi> o repo quoc-chien
assets_source/tower-defense-kit/Models/GLB format	snow-tile-tree-quad	?	node tools/tai_itch.mjs <tac-gia>/<goi> o repo quoc-chien
assets_source/tower-defense-kit/Models/GLB format	snow-tile-wide-corner	?	node tools/tai_itch.mjs <tac-gia>/<goi> o repo quoc-chien
assets_source/tower-defense-kit/Models/GLB format	snow-tile-wide-split	?	node tools/tai_itch.mjs <tac-gia>/<goi> o repo quoc-chien
assets_source/tower-defense-kit/Models/GLB format	snow-tile-wide-straight	?	node tools/tai_itch.mjs <tac-gia>/<goi> o repo quoc-chien
assets_source/tower-defense-kit/Models/GLB format	snow-tile-wide-transition	?	node tools/tai_itch.mjs <tac-gia>/<goi> o repo quoc-chien
assets_source/tower-defense-kit/Models/GLB format	snow-wood-structure	?	node tools/tai_itch.mjs <tac-gia>/<goi> o repo quoc-chien
assets_source/tower-defense-kit/Models/GLB format	snow-wood-structure-high	?	node tools/tai_itch.mjs <tac-gia>/<goi> o repo quoc-chien
assets_source/tower-defense-kit/Models/GLB format	snow-wood-structure-high-part	?	node tools/tai_itch.mjs <tac-gia>/<goi> o repo quoc-chien
assets_source/tower-defense-kit/Models/GLB format	snow-wood-structure-part	?	node tools/tai_itch.mjs <tac-gia>/<goi> o repo quoc-chien
assets_source/tower-defense-kit/Models/GLB format	spawn-round	?	node tools/tai_itch.mjs <tac-gia>/<goi> o repo quoc-chien
assets_source/tower-defense-kit/Models/GLB format	spawn-square	?	node tools/tai_itch.mjs <tac-gia>/<goi> o repo quoc-chien
assets_source/tower-defense-kit/Models/GLB format	tile	?	node tools/tai_itch.mjs <tac-gia>/<goi> o repo quoc-chien
assets_source/tower-defense-kit/Models/GLB format	tile-bump	?	node tools/tai_itch.mjs <tac-gia>/<goi> o repo quoc-chien
assets_source/tower-defense-kit/Models/GLB format	tile-corner-inner	?	node tools/tai_itch.mjs <tac-gia>/<goi> o repo quoc-chien
assets_source/tower-defense-kit/Models/GLB format	tile-corner-large	?	node tools/tai_itch.mjs <tac-gia>/<goi> o repo quoc-chien
assets_source/tower-defense-kit/Models/GLB format	tile-corner-outer	?	node tools/tai_itch.mjs <tac-gia>/<goi> o repo quoc-chien
assets_source/tower-defense-kit/Models/GLB format	tile-corner-round	?	node tools/tai_itch.mjs <tac-gia>/<goi> o repo quoc-chien
assets_source/tower-defense-kit/Models/GLB format	tile-corner-square	?	node tools/tai_itch.mjs <tac-gia>/<goi> o repo quoc-chien
assets_source/tower-defense-kit/Models/GLB format	tile-crossing	?	node tools/tai_itch.mjs <tac-gia>/<goi> o repo quoc-chien
assets_source/tower-defense-kit/Models/GLB format	tile-crystal	?	node tools/tai_itch.mjs <tac-gia>/<goi> o repo quoc-chien
assets_source/tower-defense-kit/Models/GLB format	tile-dirt	?	node tools/tai_itch.mjs <tac-gia>/<goi> o repo quoc-chien
assets_source/tower-defense-kit/Models/GLB format	tile-end	?	node tools/tai_itch.mjs <tac-gia>/<goi> o repo quoc-chien
assets_source/tower-defense-kit/Models/GLB format	tile-end-round	?	node tools/tai_itch.mjs <tac-gia>/<goi> o repo quoc-chien
assets_source/tower-defense-kit/Models/GLB format	tile-hill	?	node tools/tai_itch.mjs <tac-gia>/<goi> o repo quoc-chien
assets_source/tower-defense-kit/Models/GLB format	tile-river-bridge	?	node tools/tai_itch.mjs <tac-gia>/<goi> o repo quoc-chien
assets_source/tower-defense-kit/Models/GLB format	tile-river-corner	?	node tools/tai_itch.mjs <tac-gia>/<goi> o repo quoc-chien
assets_source/tower-defense-kit/Models/GLB format	tile-river-slope	?	node tools/tai_itch.mjs <tac-gia>/<goi> o repo quoc-chien
assets_source/tower-defense-kit/Models/GLB format	tile-river-slope-large	?	node tools/tai_itch.mjs <tac-gia>/<goi> o repo quoc-chien
assets_source/tower-defense-kit/Models/GLB format	tile-river-straight	?	node tools/tai_itch.mjs <tac-gia>/<goi> o repo quoc-chien
assets_source/tower-defense-kit/Models/GLB format	tile-river-transition	?	node tools/tai_itch.mjs <tac-gia>/<goi> o repo quoc-chien
assets_source/tower-defense-kit/Models/GLB format	tile-river-waterfall	?	node tools/tai_itch.mjs <tac-gia>/<goi> o repo quoc-chien
assets_source/tower-defense-kit/Models/GLB format	tile-rock	?	node tools/tai_itch.mjs <tac-gia>/<goi> o repo quoc-chien
assets_source/tower-defense-kit/Models/GLB format	tile-slope	?	node tools/tai_itch.mjs <tac-gia>/<goi> o repo quoc-chien
assets_source/tower-defense-kit/Models/GLB format	tile-spawn	?	node tools/tai_itch.mjs <tac-gia>/<goi> o repo quoc-chien
assets_source/tower-defense-kit/Models/GLB format	tile-spawn-end	?	node tools/tai_itch.mjs <tac-gia>/<goi> o repo quoc-chien
assets_source/tower-defense-kit/Models/GLB format	tile-spawn-end-round	?	node tools/tai_itch.mjs <tac-gia>/<goi> o repo quoc-chien
assets_source/tower-defense-kit/Models/GLB format	tile-spawn-round	?	node tools/tai_itch.mjs <tac-gia>/<goi> o repo quoc-chien
assets_source/tower-defense-kit/Models/GLB format	tile-split	?	node tools/tai_itch.mjs <tac-gia>/<goi> o repo quoc-chien
assets_source/tower-defense-kit/Models/GLB format	tile-straight	?	node tools/tai_itch.mjs <tac-gia>/<goi> o repo quoc-chien
assets_source/tower-defense-kit/Models/GLB format	tile-straight-slope	?	node tools/tai_itch.mjs <tac-gia>/<goi> o repo quoc-chien
assets_source/tower-defense-kit/Models/GLB format	tile-straight-slope-large	?	node tools/tai_itch.mjs <tac-gia>/<goi> o repo quoc-chien
assets_source/tower-defense-kit/Models/GLB format	tile-transition	?	node tools/tai_itch.mjs <tac-gia>/<goi> o repo quoc-chien
assets_source/tower-defense-kit/Models/GLB format	tile-tree	?	node tools/tai_itch.mjs <tac-gia>/<goi> o repo quoc-chien
assets_source/tower-defense-kit/Models/GLB format	tile-tree-double	?	node tools/tai_itch.mjs <tac-gia>/<goi> o repo quoc-chien
assets_source/tower-defense-kit/Models/GLB format	tile-tree-quad	?	node tools/tai_itch.mjs <tac-gia>/<goi> o repo quoc-chien
assets_source/tower-defense-kit/Models/GLB format	tile-wide-corner	?	node tools/tai_itch.mjs <tac-gia>/<goi> o repo quoc-chien
assets_source/tower-defense-kit/Models/GLB format	tile-wide-split	?	node tools/tai_itch.mjs <tac-gia>/<goi> o repo quoc-chien
assets_source/tower-defense-kit/Models/GLB format	tile-wide-straight	?	node tools/tai_itch.mjs <tac-gia>/<goi> o repo quoc-chien
assets_source/tower-defense-kit/Models/GLB format	tile-wide-transition	?	node tools/tai_itch.mjs <tac-gia>/<goi> o repo quoc-chien
assets_source/tower-defense-kit/Models/GLB format	tower-round-base	?	node tools/tai_itch.mjs <tac-gia>/<goi> o repo quoc-chien
assets_source/tower-defense-kit/Models/GLB format	tower-round-bottom-a	?	node tools/tai_itch.mjs <tac-gia>/<goi> o repo quoc-chien
assets_source/tower-defense-kit/Models/GLB format	tower-round-bottom-b	?	node tools/tai_itch.mjs <tac-gia>/<goi> o repo quoc-chien
assets_source/tower-defense-kit/Models/GLB format	tower-round-bottom-c	?	node tools/tai_itch.mjs <tac-gia>/<goi> o repo quoc-chien
assets_source/tower-defense-kit/Models/GLB format	tower-round-build-a	?	node tools/tai_itch.mjs <tac-gia>/<goi> o repo quoc-chien
assets_source/tower-defense-kit/Models/GLB format	tower-round-build-b	?	node tools/tai_itch.mjs <tac-gia>/<goi> o repo quoc-chien
assets_source/tower-defense-kit/Models/GLB format	tower-round-build-c	?	node tools/tai_itch.mjs <tac-gia>/<goi> o repo quoc-chien
assets_source/tower-defense-kit/Models/GLB format	tower-round-build-d	?	node tools/tai_itch.mjs <tac-gia>/<goi> o repo quoc-chien
assets_source/tower-defense-kit/Models/GLB format	tower-round-build-e	?	node tools/tai_itch.mjs <tac-gia>/<goi> o repo quoc-chien
assets_source/tower-defense-kit/Models/GLB format	tower-round-build-f	?	node tools/tai_itch.mjs <tac-gia>/<goi> o repo quoc-chien
assets_source/tower-defense-kit/Models/GLB format	tower-round-crystals	?	node tools/tai_itch.mjs <tac-gia>/<goi> o repo quoc-chien
assets_source/tower-defense-kit/Models/GLB format	tower-round-middle-a	?	node tools/tai_itch.mjs <tac-gia>/<goi> o repo quoc-chien
assets_source/tower-defense-kit/Models/GLB format	tower-round-middle-b	?	node tools/tai_itch.mjs <tac-gia>/<goi> o repo quoc-chien
assets_source/tower-defense-kit/Models/GLB format	tower-round-middle-c	?	node tools/tai_itch.mjs <tac-gia>/<goi> o repo quoc-chien
assets_source/tower-defense-kit/Models/GLB format	tower-round-roof-a	?	node tools/tai_itch.mjs <tac-gia>/<goi> o repo quoc-chien
assets_source/tower-defense-kit/Models/GLB format	tower-round-roof-b	?	node tools/tai_itch.mjs <tac-gia>/<goi> o repo quoc-chien
assets_source/tower-defense-kit/Models/GLB format	tower-round-roof-c	?	node tools/tai_itch.mjs <tac-gia>/<goi> o repo quoc-chien
assets_source/tower-defense-kit/Models/GLB format	tower-round-top-a	?	node tools/tai_itch.mjs <tac-gia>/<goi> o repo quoc-chien
assets_source/tower-defense-kit/Models/GLB format	tower-round-top-b	?	node tools/tai_itch.mjs <tac-gia>/<goi> o repo quoc-chien
assets_source/tower-defense-kit/Models/GLB format	tower-round-top-c	?	node tools/tai_itch.mjs <tac-gia>/<goi> o repo quoc-chien
assets_source/tower-defense-kit/Models/GLB format	tower-square-bottom-a	?	node tools/tai_itch.mjs <tac-gia>/<goi> o repo quoc-chien
assets_source/tower-defense-kit/Models/GLB format	tower-square-bottom-b	?	node tools/tai_itch.mjs <tac-gia>/<goi> o repo quoc-chien
assets_source/tower-defense-kit/Models/GLB format	tower-square-bottom-c	?	node tools/tai_itch.mjs <tac-gia>/<goi> o repo quoc-chien
assets_source/tower-defense-kit/Models/GLB format	tower-square-build-a	?	node tools/tai_itch.mjs <tac-gia>/<goi> o repo quoc-chien
assets_source/tower-defense-kit/Models/GLB format	tower-square-build-b	?	node tools/tai_itch.mjs <tac-gia>/<goi> o repo quoc-chien
assets_source/tower-defense-kit/Models/GLB format	tower-square-build-c	?	node tools/tai_itch.mjs <tac-gia>/<goi> o repo quoc-chien
assets_source/tower-defense-kit/Models/GLB format	tower-square-build-d	?	node tools/tai_itch.mjs <tac-gia>/<goi> o repo quoc-chien
assets_source/tower-defense-kit/Models/GLB format	tower-square-build-e	?	node tools/tai_itch.mjs <tac-gia>/<goi> o repo quoc-chien
assets_source/tower-defense-kit/Models/GLB format	tower-square-build-f	?	node tools/tai_itch.mjs <tac-gia>/<goi> o repo quoc-chien
assets_source/tower-defense-kit/Models/GLB format	tower-square-middle-a	?	node tools/tai_itch.mjs <tac-gia>/<goi> o repo quoc-chien
assets_source/tower-defense-kit/Models/GLB format	tower-square-middle-b	?	node tools/tai_itch.mjs <tac-gia>/<goi> o repo quoc-chien
assets_source/tower-defense-kit/Models/GLB format	tower-square-middle-c	?	node tools/tai_itch.mjs <tac-gia>/<goi> o repo quoc-chien
assets_source/tower-defense-kit/Models/GLB format	tower-square-roof-a	?	node tools/tai_itch.mjs <tac-gia>/<goi> o repo quoc-chien
assets_source/tower-defense-kit/Models/GLB format	tower-square-roof-b	?	node tools/tai_itch.mjs <tac-gia>/<goi> o repo quoc-chien
assets_source/tower-defense-kit/Models/GLB format	tower-square-roof-c	?	node tools/tai_itch.mjs <tac-gia>/<goi> o repo quoc-chien
assets_source/tower-defense-kit/Models/GLB format	tower-square-top-a	?	node tools/tai_itch.mjs <tac-gia>/<goi> o repo quoc-chien
assets_source/tower-defense-kit/Models/GLB format	tower-square-top-b	?	node tools/tai_itch.mjs <tac-gia>/<goi> o repo quoc-chien
assets_source/tower-defense-kit/Models/GLB format	tower-square-top-c	?	node tools/tai_itch.mjs <tac-gia>/<goi> o repo quoc-chien
assets_source/tower-defense-kit/Models/GLB format	weapon-ammo-arrow	?	node tools/tai_itch.mjs <tac-gia>/<goi> o repo quoc-chien
assets_source/tower-defense-kit/Models/GLB format	weapon-ammo-boulder	?	node tools/tai_itch.mjs <tac-gia>/<goi> o repo quoc-chien
assets_source/tower-defense-kit/Models/GLB format	weapon-ammo-bullet	?	node tools/tai_itch.mjs <tac-gia>/<goi> o repo quoc-chien
assets_source/tower-defense-kit/Models/GLB format	weapon-ammo-cannonball	?	node tools/tai_itch.mjs <tac-gia>/<goi> o repo quoc-chien
assets_source/tower-defense-kit/Models/GLB format	weapon-ballista	?	node tools/tai_itch.mjs <tac-gia>/<goi> o repo quoc-chien
assets_source/tower-defense-kit/Models/GLB format	weapon-cannon	?	node tools/tai_itch.mjs <tac-gia>/<goi> o repo quoc-chien
assets_source/tower-defense-kit/Models/GLB format	weapon-catapult	?	node tools/tai_itch.mjs <tac-gia>/<goi> o repo quoc-chien
assets_source/tower-defense-kit/Models/GLB format	weapon-turret	?	node tools/tai_itch.mjs <tac-gia>/<goi> o repo quoc-chien
assets_source/tower-defense-kit/Models/GLB format	wood-structure	?	node tools/tai_itch.mjs <tac-gia>/<goi> o repo quoc-chien
assets_source/tower-defense-kit/Models/GLB format	wood-structure-high	?	node tools/tai_itch.mjs <tac-gia>/<goi> o repo quoc-chien
assets_source/tower-defense-kit/Models/GLB format	wood-structure-high-part	?	node tools/tai_itch.mjs <tac-gia>/<goi> o repo quoc-chien
assets_source/tower-defense-kit/Models/GLB format	wood-structure-part	?	node tools/tai_itch.mjs <tac-gia>/<goi> o repo quoc-chien
assets_source/tower-defense-kit/Models/OBJ format	detail-crystal	?	node tools/tai_itch.mjs <tac-gia>/<goi> o repo quoc-chien
assets_source/tower-defense-kit/Models/OBJ format	detail-crystal-large	?	node tools/tai_itch.mjs <tac-gia>/<goi> o repo quoc-chien
assets_source/tower-defense-kit/Models/OBJ format	detail-dirt	?	node tools/tai_itch.mjs <tac-gia>/<goi> o repo quoc-chien
assets_source/tower-defense-kit/Models/OBJ format	detail-dirt-large	?	node tools/tai_itch.mjs <tac-gia>/<goi> o repo quoc-chien
assets_source/tower-defense-kit/Models/OBJ format	detail-rocks	?	node tools/tai_itch.mjs <tac-gia>/<goi> o repo quoc-chien
assets_source/tower-defense-kit/Models/OBJ format	detail-rocks-large	?	node tools/tai_itch.mjs <tac-gia>/<goi> o repo quoc-chien
assets_source/tower-defense-kit/Models/OBJ format	detail-tree	?	node tools/tai_itch.mjs <tac-gia>/<goi> o repo quoc-chien
assets_source/tower-defense-kit/Models/OBJ format	detail-tree-large	?	node tools/tai_itch.mjs <tac-gia>/<goi> o repo quoc-chien
assets_source/tower-defense-kit/Models/OBJ format	enemy-ufo-a	?	node tools/tai_itch.mjs <tac-gia>/<goi> o repo quoc-chien
assets_source/tower-defense-kit/Models/OBJ format	enemy-ufo-a-weapon	?	node tools/tai_itch.mjs <tac-gia>/<goi> o repo quoc-chien
assets_source/tower-defense-kit/Models/OBJ format	enemy-ufo-b	?	node tools/tai_itch.mjs <tac-gia>/<goi> o repo quoc-chien
assets_source/tower-defense-kit/Models/OBJ format	enemy-ufo-b-weapon	?	node tools/tai_itch.mjs <tac-gia>/<goi> o repo quoc-chien
assets_source/tower-defense-kit/Models/OBJ format	enemy-ufo-beam	?	node tools/tai_itch.mjs <tac-gia>/<goi> o repo quoc-chien
assets_source/tower-defense-kit/Models/OBJ format	enemy-ufo-beam-burst	?	node tools/tai_itch.mjs <tac-gia>/<goi> o repo quoc-chien
assets_source/tower-defense-kit/Models/OBJ format	enemy-ufo-c	?	node tools/tai_itch.mjs <tac-gia>/<goi> o repo quoc-chien
assets_source/tower-defense-kit/Models/OBJ format	enemy-ufo-c-weapon	?	node tools/tai_itch.mjs <tac-gia>/<goi> o repo quoc-chien
assets_source/tower-defense-kit/Models/OBJ format	enemy-ufo-d	?	node tools/tai_itch.mjs <tac-gia>/<goi> o repo quoc-chien
assets_source/tower-defense-kit/Models/OBJ format	enemy-ufo-d-weapon	?	node tools/tai_itch.mjs <tac-gia>/<goi> o repo quoc-chien
assets_source/tower-defense-kit/Models/OBJ format	selection-a	?	node tools/tai_itch.mjs <tac-gia>/<goi> o repo quoc-chien
assets_source/tower-defense-kit/Models/OBJ format	selection-b	?	node tools/tai_itch.mjs <tac-gia>/<goi> o repo quoc-chien
assets_source/tower-defense-kit/Models/OBJ format	snow-detail-crystal	?	node tools/tai_itch.mjs <tac-gia>/<goi> o repo quoc-chien
assets_source/tower-defense-kit/Models/OBJ format	snow-detail-crystal-large	?	node tools/tai_itch.mjs <tac-gia>/<goi> o repo quoc-chien
assets_source/tower-defense-kit/Models/OBJ format	snow-detail-dirt	?	node tools/tai_itch.mjs <tac-gia>/<goi> o repo quoc-chien
assets_source/tower-defense-kit/Models/OBJ format	snow-detail-dirt-large	?	node tools/tai_itch.mjs <tac-gia>/<goi> o repo quoc-chien
assets_source/tower-defense-kit/Models/OBJ format	snow-detail-rocks	?	node tools/tai_itch.mjs <tac-gia>/<goi> o repo quoc-chien
assets_source/tower-defense-kit/Models/OBJ format	snow-detail-rocks-large	?	node tools/tai_itch.mjs <tac-gia>/<goi> o repo quoc-chien
assets_source/tower-defense-kit/Models/OBJ format	snow-detail-tree	?	node tools/tai_itch.mjs <tac-gia>/<goi> o repo quoc-chien
assets_source/tower-defense-kit/Models/OBJ format	snow-detail-tree-large	?	node tools/tai_itch.mjs <tac-gia>/<goi> o repo quoc-chien
assets_source/tower-defense-kit/Models/OBJ format	snow-tile	?	node tools/tai_itch.mjs <tac-gia>/<goi> o repo quoc-chien
assets_source/tower-defense-kit/Models/OBJ format	snow-tile-bump	?	node tools/tai_itch.mjs <tac-gia>/<goi> o repo quoc-chien
assets_source/tower-defense-kit/Models/OBJ format	snow-tile-corner-inner	?	node tools/tai_itch.mjs <tac-gia>/<goi> o repo quoc-chien
assets_source/tower-defense-kit/Models/OBJ format	snow-tile-corner-large	?	node tools/tai_itch.mjs <tac-gia>/<goi> o repo quoc-chien
assets_source/tower-defense-kit/Models/OBJ format	snow-tile-corner-outer	?	node tools/tai_itch.mjs <tac-gia>/<goi> o repo quoc-chien
assets_source/tower-defense-kit/Models/OBJ format	snow-tile-corner-round	?	node tools/tai_itch.mjs <tac-gia>/<goi> o repo quoc-chien
assets_source/tower-defense-kit/Models/OBJ format	snow-tile-corner-square	?	node tools/tai_itch.mjs <tac-gia>/<goi> o repo quoc-chien
assets_source/tower-defense-kit/Models/OBJ format	snow-tile-crossing	?	node tools/tai_itch.mjs <tac-gia>/<goi> o repo quoc-chien
assets_source/tower-defense-kit/Models/OBJ format	snow-tile-crystal	?	node tools/tai_itch.mjs <tac-gia>/<goi> o repo quoc-chien
assets_source/tower-defense-kit/Models/OBJ format	snow-tile-dirt	?	node tools/tai_itch.mjs <tac-gia>/<goi> o repo quoc-chien
assets_source/tower-defense-kit/Models/OBJ format	snow-tile-end	?	node tools/tai_itch.mjs <tac-gia>/<goi> o repo quoc-chien
assets_source/tower-defense-kit/Models/OBJ format	snow-tile-end-round	?	node tools/tai_itch.mjs <tac-gia>/<goi> o repo quoc-chien
assets_source/tower-defense-kit/Models/OBJ format	snow-tile-hill	?	node tools/tai_itch.mjs <tac-gia>/<goi> o repo quoc-chien
assets_source/tower-defense-kit/Models/OBJ format	snow-tile-river-bridge	?	node tools/tai_itch.mjs <tac-gia>/<goi> o repo quoc-chien
assets_source/tower-defense-kit/Models/OBJ format	snow-tile-river-corner	?	node tools/tai_itch.mjs <tac-gia>/<goi> o repo quoc-chien
assets_source/tower-defense-kit/Models/OBJ format	snow-tile-river-slope	?	node tools/tai_itch.mjs <tac-gia>/<goi> o repo quoc-chien
assets_source/tower-defense-kit/Models/OBJ format	snow-tile-river-slope-large	?	node tools/tai_itch.mjs <tac-gia>/<goi> o repo quoc-chien
assets_source/tower-defense-kit/Models/OBJ format	snow-tile-river-straight	?	node tools/tai_itch.mjs <tac-gia>/<goi> o repo quoc-chien
assets_source/tower-defense-kit/Models/OBJ format	snow-tile-river-transition	?	node tools/tai_itch.mjs <tac-gia>/<goi> o repo quoc-chien
assets_source/tower-defense-kit/Models/OBJ format	snow-tile-river-waterfall	?	node tools/tai_itch.mjs <tac-gia>/<goi> o repo quoc-chien
assets_source/tower-defense-kit/Models/OBJ format	snow-tile-rock	?	node tools/tai_itch.mjs <tac-gia>/<goi> o repo quoc-chien
assets_source/tower-defense-kit/Models/OBJ format	snow-tile-slope	?	node tools/tai_itch.mjs <tac-gia>/<goi> o repo quoc-chien
assets_source/tower-defense-kit/Models/OBJ format	snow-tile-spawn	?	node tools/tai_itch.mjs <tac-gia>/<goi> o repo quoc-chien
assets_source/tower-defense-kit/Models/OBJ format	snow-tile-spawn-end	?	node tools/tai_itch.mjs <tac-gia>/<goi> o repo quoc-chien
assets_source/tower-defense-kit/Models/OBJ format	snow-tile-spawn-end-round	?	node tools/tai_itch.mjs <tac-gia>/<goi> o repo quoc-chien
assets_source/tower-defense-kit/Models/OBJ format	snow-tile-spawn-round	?	node tools/tai_itch.mjs <tac-gia>/<goi> o repo quoc-chien
assets_source/tower-defense-kit/Models/OBJ format	snow-tile-split	?	node tools/tai_itch.mjs <tac-gia>/<goi> o repo quoc-chien
assets_source/tower-defense-kit/Models/OBJ format	snow-tile-straight	?	node tools/tai_itch.mjs <tac-gia>/<goi> o repo quoc-chien
assets_source/tower-defense-kit/Models/OBJ format	snow-tile-straight-slope	?	node tools/tai_itch.mjs <tac-gia>/<goi> o repo quoc-chien
assets_source/tower-defense-kit/Models/OBJ format	snow-tile-straight-slope-large	?	node tools/tai_itch.mjs <tac-gia>/<goi> o repo quoc-chien
assets_source/tower-defense-kit/Models/OBJ format	snow-tile-transition	?	node tools/tai_itch.mjs <tac-gia>/<goi> o repo quoc-chien
assets_source/tower-defense-kit/Models/OBJ format	snow-tile-tree	?	node tools/tai_itch.mjs <tac-gia>/<goi> o repo quoc-chien
assets_source/tower-defense-kit/Models/OBJ format	snow-tile-tree-double	?	node tools/tai_itch.mjs <tac-gia>/<goi> o repo quoc-chien
assets_source/tower-defense-kit/Models/OBJ format	snow-tile-tree-quad	?	node tools/tai_itch.mjs <tac-gia>/<goi> o repo quoc-chien
assets_source/tower-defense-kit/Models/OBJ format	snow-tile-wide-corner	?	node tools/tai_itch.mjs <tac-gia>/<goi> o repo quoc-chien
assets_source/tower-defense-kit/Models/OBJ format	snow-tile-wide-split	?	node tools/tai_itch.mjs <tac-gia>/<goi> o repo quoc-chien
assets_source/tower-defense-kit/Models/OBJ format	snow-tile-wide-straight	?	node tools/tai_itch.mjs <tac-gia>/<goi> o repo quoc-chien
assets_source/tower-defense-kit/Models/OBJ format	snow-tile-wide-transition	?	node tools/tai_itch.mjs <tac-gia>/<goi> o repo quoc-chien
assets_source/tower-defense-kit/Models/OBJ format	snow-wood-structure	?	node tools/tai_itch.mjs <tac-gia>/<goi> o repo quoc-chien
assets_source/tower-defense-kit/Models/OBJ format	snow-wood-structure-high	?	node tools/tai_itch.mjs <tac-gia>/<goi> o repo quoc-chien
assets_source/tower-defense-kit/Models/OBJ format	snow-wood-structure-high-part	?	node tools/tai_itch.mjs <tac-gia>/<goi> o repo quoc-chien
assets_source/tower-defense-kit/Models/OBJ format	snow-wood-structure-part	?	node tools/tai_itch.mjs <tac-gia>/<goi> o repo quoc-chien
assets_source/tower-defense-kit/Models/OBJ format	spawn-round	?	node tools/tai_itch.mjs <tac-gia>/<goi> o repo quoc-chien
assets_source/tower-defense-kit/Models/OBJ format	spawn-square	?	node tools/tai_itch.mjs <tac-gia>/<goi> o repo quoc-chien
assets_source/tower-defense-kit/Models/OBJ format	tile	?	node tools/tai_itch.mjs <tac-gia>/<goi> o repo quoc-chien
assets_source/tower-defense-kit/Models/OBJ format	tile-bump	?	node tools/tai_itch.mjs <tac-gia>/<goi> o repo quoc-chien
assets_source/tower-defense-kit/Models/OBJ format	tile-corner-inner	?	node tools/tai_itch.mjs <tac-gia>/<goi> o repo quoc-chien
assets_source/tower-defense-kit/Models/OBJ format	tile-corner-large	?	node tools/tai_itch.mjs <tac-gia>/<goi> o repo quoc-chien
assets_source/tower-defense-kit/Models/OBJ format	tile-corner-outer	?	node tools/tai_itch.mjs <tac-gia>/<goi> o repo quoc-chien
assets_source/tower-defense-kit/Models/OBJ format	tile-corner-round	?	node tools/tai_itch.mjs <tac-gia>/<goi> o repo quoc-chien
assets_source/tower-defense-kit/Models/OBJ format	tile-corner-square	?	node tools/tai_itch.mjs <tac-gia>/<goi> o repo quoc-chien
assets_source/tower-defense-kit/Models/OBJ format	tile-crossing	?	node tools/tai_itch.mjs <tac-gia>/<goi> o repo quoc-chien
assets_source/tower-defense-kit/Models/OBJ format	tile-crystal	?	node tools/tai_itch.mjs <tac-gia>/<goi> o repo quoc-chien
assets_source/tower-defense-kit/Models/OBJ format	tile-dirt	?	node tools/tai_itch.mjs <tac-gia>/<goi> o repo quoc-chien
assets_source/tower-defense-kit/Models/OBJ format	tile-end	?	node tools/tai_itch.mjs <tac-gia>/<goi> o repo quoc-chien
assets_source/tower-defense-kit/Models/OBJ format	tile-end-round	?	node tools/tai_itch.mjs <tac-gia>/<goi> o repo quoc-chien
assets_source/tower-defense-kit/Models/OBJ format	tile-hill	?	node tools/tai_itch.mjs <tac-gia>/<goi> o repo quoc-chien
assets_source/tower-defense-kit/Models/OBJ format	tile-river-bridge	?	node tools/tai_itch.mjs <tac-gia>/<goi> o repo quoc-chien
assets_source/tower-defense-kit/Models/OBJ format	tile-river-corner	?	node tools/tai_itch.mjs <tac-gia>/<goi> o repo quoc-chien
assets_source/tower-defense-kit/Models/OBJ format	tile-river-slope	?	node tools/tai_itch.mjs <tac-gia>/<goi> o repo quoc-chien
assets_source/tower-defense-kit/Models/OBJ format	tile-river-slope-large	?	node tools/tai_itch.mjs <tac-gia>/<goi> o repo quoc-chien
assets_source/tower-defense-kit/Models/OBJ format	tile-river-straight	?	node tools/tai_itch.mjs <tac-gia>/<goi> o repo quoc-chien
assets_source/tower-defense-kit/Models/OBJ format	tile-river-transition	?	node tools/tai_itch.mjs <tac-gia>/<goi> o repo quoc-chien
assets_source/tower-defense-kit/Models/OBJ format	tile-river-waterfall	?	node tools/tai_itch.mjs <tac-gia>/<goi> o repo quoc-chien
assets_source/tower-defense-kit/Models/OBJ format	tile-rock	?	node tools/tai_itch.mjs <tac-gia>/<goi> o repo quoc-chien
assets_source/tower-defense-kit/Models/OBJ format	tile-slope	?	node tools/tai_itch.mjs <tac-gia>/<goi> o repo quoc-chien
assets_source/tower-defense-kit/Models/OBJ format	tile-spawn	?	node tools/tai_itch.mjs <tac-gia>/<goi> o repo quoc-chien
assets_source/tower-defense-kit/Models/OBJ format	tile-spawn-end	?	node tools/tai_itch.mjs <tac-gia>/<goi> o repo quoc-chien
assets_source/tower-defense-kit/Models/OBJ format	tile-spawn-end-round	?	node tools/tai_itch.mjs <tac-gia>/<goi> o repo quoc-chien
assets_source/tower-defense-kit/Models/OBJ format	tile-spawn-round	?	node tools/tai_itch.mjs <tac-gia>/<goi> o repo quoc-chien
assets_source/tower-defense-kit/Models/OBJ format	tile-split	?	node tools/tai_itch.mjs <tac-gia>/<goi> o repo quoc-chien
assets_source/tower-defense-kit/Models/OBJ format	tile-straight	?	node tools/tai_itch.mjs <tac-gia>/<goi> o repo quoc-chien
assets_source/tower-defense-kit/Models/OBJ format	tile-straight-slope	?	node tools/tai_itch.mjs <tac-gia>/<goi> o repo quoc-chien
assets_source/tower-defense-kit/Models/OBJ format	tile-straight-slope-large	?	node tools/tai_itch.mjs <tac-gia>/<goi> o repo quoc-chien
assets_source/tower-defense-kit/Models/OBJ format	tile-transition	?	node tools/tai_itch.mjs <tac-gia>/<goi> o repo quoc-chien
assets_source/tower-defense-kit/Models/OBJ format	tile-tree	?	node tools/tai_itch.mjs <tac-gia>/<goi> o repo quoc-chien
assets_source/tower-defense-kit/Models/OBJ format	tile-tree-double	?	node tools/tai_itch.mjs <tac-gia>/<goi> o repo quoc-chien
assets_source/tower-defense-kit/Models/OBJ format	tile-tree-quad	?	node tools/tai_itch.mjs <tac-gia>/<goi> o repo quoc-chien
assets_source/tower-defense-kit/Models/OBJ format	tile-wide-corner	?	node tools/tai_itch.mjs <tac-gia>/<goi> o repo quoc-chien
assets_source/tower-defense-kit/Models/OBJ format	tile-wide-split	?	node tools/tai_itch.mjs <tac-gia>/<goi> o repo quoc-chien
assets_source/tower-defense-kit/Models/OBJ format	tile-wide-straight	?	node tools/tai_itch.mjs <tac-gia>/<goi> o repo quoc-chien
assets_source/tower-defense-kit/Models/OBJ format	tile-wide-transition	?	node tools/tai_itch.mjs <tac-gia>/<goi> o repo quoc-chien
assets_source/tower-defense-kit/Models/OBJ format	tower-round-base	?	node tools/tai_itch.mjs <tac-gia>/<goi> o repo quoc-chien
assets_source/tower-defense-kit/Models/OBJ format	tower-round-bottom-a	?	node tools/tai_itch.mjs <tac-gia>/<goi> o repo quoc-chien
assets_source/tower-defense-kit/Models/OBJ format	tower-round-bottom-b	?	node tools/tai_itch.mjs <tac-gia>/<goi> o repo quoc-chien
assets_source/tower-defense-kit/Models/OBJ format	tower-round-bottom-c	?	node tools/tai_itch.mjs <tac-gia>/<goi> o repo quoc-chien
assets_source/tower-defense-kit/Models/OBJ format	tower-round-build-a	?	node tools/tai_itch.mjs <tac-gia>/<goi> o repo quoc-chien
assets_source/tower-defense-kit/Models/OBJ format	tower-round-build-b	?	node tools/tai_itch.mjs <tac-gia>/<goi> o repo quoc-chien
assets_source/tower-defense-kit/Models/OBJ format	tower-round-build-c	?	node tools/tai_itch.mjs <tac-gia>/<goi> o repo quoc-chien
assets_source/tower-defense-kit/Models/OBJ format	tower-round-build-d	?	node tools/tai_itch.mjs <tac-gia>/<goi> o repo quoc-chien
assets_source/tower-defense-kit/Models/OBJ format	tower-round-build-e	?	node tools/tai_itch.mjs <tac-gia>/<goi> o repo quoc-chien
assets_source/tower-defense-kit/Models/OBJ format	tower-round-build-f	?	node tools/tai_itch.mjs <tac-gia>/<goi> o repo quoc-chien
assets_source/tower-defense-kit/Models/OBJ format	tower-round-crystals	?	node tools/tai_itch.mjs <tac-gia>/<goi> o repo quoc-chien
assets_source/tower-defense-kit/Models/OBJ format	tower-round-middle-a	?	node tools/tai_itch.mjs <tac-gia>/<goi> o repo quoc-chien
assets_source/tower-defense-kit/Models/OBJ format	tower-round-middle-b	?	node tools/tai_itch.mjs <tac-gia>/<goi> o repo quoc-chien
assets_source/tower-defense-kit/Models/OBJ format	tower-round-middle-c	?	node tools/tai_itch.mjs <tac-gia>/<goi> o repo quoc-chien
assets_source/tower-defense-kit/Models/OBJ format	tower-round-roof-a	?	node tools/tai_itch.mjs <tac-gia>/<goi> o repo quoc-chien
assets_source/tower-defense-kit/Models/OBJ format	tower-round-roof-b	?	node tools/tai_itch.mjs <tac-gia>/<goi> o repo quoc-chien
assets_source/tower-defense-kit/Models/OBJ format	tower-round-roof-c	?	node tools/tai_itch.mjs <tac-gia>/<goi> o repo quoc-chien
assets_source/tower-defense-kit/Models/OBJ format	tower-round-top-a	?	node tools/tai_itch.mjs <tac-gia>/<goi> o repo quoc-chien
assets_source/tower-defense-kit/Models/OBJ format	tower-round-top-b	?	node tools/tai_itch.mjs <tac-gia>/<goi> o repo quoc-chien
assets_source/tower-defense-kit/Models/OBJ format	tower-round-top-c	?	node tools/tai_itch.mjs <tac-gia>/<goi> o repo quoc-chien
assets_source/tower-defense-kit/Models/OBJ format	tower-square-bottom-a	?	node tools/tai_itch.mjs <tac-gia>/<goi> o repo quoc-chien
assets_source/tower-defense-kit/Models/OBJ format	tower-square-bottom-b	?	node tools/tai_itch.mjs <tac-gia>/<goi> o repo quoc-chien
assets_source/tower-defense-kit/Models/OBJ format	tower-square-bottom-c	?	node tools/tai_itch.mjs <tac-gia>/<goi> o repo quoc-chien
assets_source/tower-defense-kit/Models/OBJ format	tower-square-build-a	?	node tools/tai_itch.mjs <tac-gia>/<goi> o repo quoc-chien
assets_source/tower-defense-kit/Models/OBJ format	tower-square-build-b	?	node tools/tai_itch.mjs <tac-gia>/<goi> o repo quoc-chien
assets_source/tower-defense-kit/Models/OBJ format	tower-square-build-c	?	node tools/tai_itch.mjs <tac-gia>/<goi> o repo quoc-chien
assets_source/tower-defense-kit/Models/OBJ format	tower-square-build-d	?	node tools/tai_itch.mjs <tac-gia>/<goi> o repo quoc-chien
assets_source/tower-defense-kit/Models/OBJ format	tower-square-build-e	?	node tools/tai_itch.mjs <tac-gia>/<goi> o repo quoc-chien
assets_source/tower-defense-kit/Models/OBJ format	tower-square-build-f	?	node tools/tai_itch.mjs <tac-gia>/<goi> o repo quoc-chien
assets_source/tower-defense-kit/Models/OBJ format	tower-square-middle-a	?	node tools/tai_itch.mjs <tac-gia>/<goi> o repo quoc-chien
assets_source/tower-defense-kit/Models/OBJ format	tower-square-middle-b	?	node tools/tai_itch.mjs <tac-gia>/<goi> o repo quoc-chien
assets_source/tower-defense-kit/Models/OBJ format	tower-square-middle-c	?	node tools/tai_itch.mjs <tac-gia>/<goi> o repo quoc-chien
assets_source/tower-defense-kit/Models/OBJ format	tower-square-roof-a	?	node tools/tai_itch.mjs <tac-gia>/<goi> o repo quoc-chien
assets_source/tower-defense-kit/Models/OBJ format	tower-square-roof-b	?	node tools/tai_itch.mjs <tac-gia>/<goi> o repo quoc-chien
assets_source/tower-defense-kit/Models/OBJ format	tower-square-roof-c	?	node tools/tai_itch.mjs <tac-gia>/<goi> o repo quoc-chien
assets_source/tower-defense-kit/Models/OBJ format	tower-square-top-a	?	node tools/tai_itch.mjs <tac-gia>/<goi> o repo quoc-chien
assets_source/tower-defense-kit/Models/OBJ format	tower-square-top-b	?	node tools/tai_itch.mjs <tac-gia>/<goi> o repo quoc-chien
assets_source/tower-defense-kit/Models/OBJ format	tower-square-top-c	?	node tools/tai_itch.mjs <tac-gia>/<goi> o repo quoc-chien
assets_source/tower-defense-kit/Models/OBJ format	weapon-ammo-arrow	?	node tools/tai_itch.mjs <tac-gia>/<goi> o repo quoc-chien
assets_source/tower-defense-kit/Models/OBJ format	weapon-ammo-boulder	?	node tools/tai_itch.mjs <tac-gia>/<goi> o repo quoc-chien
assets_source/tower-defense-kit/Models/OBJ format	weapon-ammo-bullet	?	node tools/tai_itch.mjs <tac-gia>/<goi> o repo quoc-chien
assets_source/tower-defense-kit/Models/OBJ format	weapon-ammo-cannonball	?	node tools/tai_itch.mjs <tac-gia>/<goi> o repo quoc-chien
assets_source/tower-defense-kit/Models/OBJ format	weapon-ballista	?	node tools/tai_itch.mjs <tac-gia>/<goi> o repo quoc-chien
assets_source/tower-defense-kit/Models/OBJ format	weapon-cannon	?	node tools/tai_itch.mjs <tac-gia>/<goi> o repo quoc-chien
assets_source/tower-defense-kit/Models/OBJ format	weapon-catapult	?	node tools/tai_itch.mjs <tac-gia>/<goi> o repo quoc-chien
assets_source/tower-defense-kit/Models/OBJ format	weapon-turret	?	node tools/tai_itch.mjs <tac-gia>/<goi> o repo quoc-chien
assets_source/tower-defense-kit/Models/OBJ format	wood-structure	?	node tools/tai_itch.mjs <tac-gia>/<goi> o repo quoc-chien
assets_source/tower-defense-kit/Models/OBJ format	wood-structure-high	?	node tools/tai_itch.mjs <tac-gia>/<goi> o repo quoc-chien
assets_source/tower-defense-kit/Models/OBJ format	wood-structure-high-part	?	node tools/tai_itch.mjs <tac-gia>/<goi> o repo quoc-chien
assets_source/tower-defense-kit/Models/OBJ format	wood-structure-part	?	node tools/tai_itch.mjs <tac-gia>/<goi> o repo quoc-chien
assets_source/universal-base-characters/Universal Base Characters[Standard]/Base Characters/Godot - UE	Superhero_Female_FullBody	?	node tools/tai_itch.mjs <tac-gia>/<goi> o repo quoc-chien
assets_source/universal-base-characters/Universal Base Characters[Standard]/Base Characters/Godot - UE	Superhero_Male_FullBody	?	node tools/tai_itch.mjs <tac-gia>/<goi> o repo quoc-chien
assets_source/universal-base-characters/Universal Base Characters[Standard]/Base Characters/Unity	Superhero_Female_FullBody	?	node tools/tai_itch.mjs <tac-gia>/<goi> o repo quoc-chien
assets_source/universal-base-characters/Universal Base Characters[Standard]/Base Characters/Unity	Superhero_Male_FullBody	?	node tools/tai_itch.mjs <tac-gia>/<goi> o repo quoc-chien
assets_source/universal-base-characters/Universal Base Characters[Standard]/Hairstyles/Origin at 0/FBX (Unity)	Eyebrows_Female	?	node tools/tai_itch.mjs <tac-gia>/<goi> o repo quoc-chien
assets_source/universal-base-characters/Universal Base Characters[Standard]/Hairstyles/Origin at 0/FBX (Unity)	Eyebrows_Regular	?	node tools/tai_itch.mjs <tac-gia>/<goi> o repo quoc-chien
assets_source/universal-base-characters/Universal Base Characters[Standard]/Hairstyles/Origin at 0/FBX (Unity)	Hair_Beard	?	node tools/tai_itch.mjs <tac-gia>/<goi> o repo quoc-chien
assets_source/universal-base-characters/Universal Base Characters[Standard]/Hairstyles/Origin at 0/FBX (Unity)	Hair_Buns	?	node tools/tai_itch.mjs <tac-gia>/<goi> o repo quoc-chien
assets_source/universal-base-characters/Universal Base Characters[Standard]/Hairstyles/Origin at 0/FBX (Unity)	Hair_Buzzed	?	node tools/tai_itch.mjs <tac-gia>/<goi> o repo quoc-chien
assets_source/universal-base-characters/Universal Base Characters[Standard]/Hairstyles/Origin at 0/FBX (Unity)	Hair_BuzzedFemale	?	node tools/tai_itch.mjs <tac-gia>/<goi> o repo quoc-chien
assets_source/universal-base-characters/Universal Base Characters[Standard]/Hairstyles/Origin at 0/FBX (Unity)	Hair_Long	?	node tools/tai_itch.mjs <tac-gia>/<goi> o repo quoc-chien
assets_source/universal-base-characters/Universal Base Characters[Standard]/Hairstyles/Origin at 0/FBX (Unity)	Hair_SimpleParted	?	node tools/tai_itch.mjs <tac-gia>/<goi> o repo quoc-chien
assets_source/universal-base-characters/Universal Base Characters[Standard]/Hairstyles/Origin at 0/FBX (Unreal Engine)	Eyebrows_Female	?	node tools/tai_itch.mjs <tac-gia>/<goi> o repo quoc-chien
assets_source/universal-base-characters/Universal Base Characters[Standard]/Hairstyles/Origin at 0/FBX (Unreal Engine)	Eyebrows_Regular	?	node tools/tai_itch.mjs <tac-gia>/<goi> o repo quoc-chien
assets_source/universal-base-characters/Universal Base Characters[Standard]/Hairstyles/Origin at 0/FBX (Unreal Engine)	Hair_Beard	?	node tools/tai_itch.mjs <tac-gia>/<goi> o repo quoc-chien
assets_source/universal-base-characters/Universal Base Characters[Standard]/Hairstyles/Origin at 0/FBX (Unreal Engine)	Hair_Buns	?	node tools/tai_itch.mjs <tac-gia>/<goi> o repo quoc-chien
assets_source/universal-base-characters/Universal Base Characters[Standard]/Hairstyles/Origin at 0/FBX (Unreal Engine)	Hair_Buzzed	?	node tools/tai_itch.mjs <tac-gia>/<goi> o repo quoc-chien
assets_source/universal-base-characters/Universal Base Characters[Standard]/Hairstyles/Origin at 0/FBX (Unreal Engine)	Hair_BuzzedFemale	?	node tools/tai_itch.mjs <tac-gia>/<goi> o repo quoc-chien
assets_source/universal-base-characters/Universal Base Characters[Standard]/Hairstyles/Origin at 0/FBX (Unreal Engine)	Hair_Long	?	node tools/tai_itch.mjs <tac-gia>/<goi> o repo quoc-chien
assets_source/universal-base-characters/Universal Base Characters[Standard]/Hairstyles/Origin at 0/FBX (Unreal Engine)	Hair_SimpleParted	?	node tools/tai_itch.mjs <tac-gia>/<goi> o repo quoc-chien
assets_source/universal-base-characters/Universal Base Characters[Standard]/Hairstyles/Origin at 0/glTF (Godot)	Eyebrows_Female	?	node tools/tai_itch.mjs <tac-gia>/<goi> o repo quoc-chien
assets_source/universal-base-characters/Universal Base Characters[Standard]/Hairstyles/Origin at 0/glTF (Godot)	Eyebrows_Regular	?	node tools/tai_itch.mjs <tac-gia>/<goi> o repo quoc-chien
assets_source/universal-base-characters/Universal Base Characters[Standard]/Hairstyles/Origin at 0/glTF (Godot)	Hair_Beard	?	node tools/tai_itch.mjs <tac-gia>/<goi> o repo quoc-chien
assets_source/universal-base-characters/Universal Base Characters[Standard]/Hairstyles/Origin at 0/glTF (Godot)	Hair_Buns	?	node tools/tai_itch.mjs <tac-gia>/<goi> o repo quoc-chien
assets_source/universal-base-characters/Universal Base Characters[Standard]/Hairstyles/Origin at 0/glTF (Godot)	Hair_Buzzed	?	node tools/tai_itch.mjs <tac-gia>/<goi> o repo quoc-chien
assets_source/universal-base-characters/Universal Base Characters[Standard]/Hairstyles/Origin at 0/glTF (Godot)	Hair_BuzzedFemale	?	node tools/tai_itch.mjs <tac-gia>/<goi> o repo quoc-chien
assets_source/universal-base-characters/Universal Base Characters[Standard]/Hairstyles/Origin at 0/glTF (Godot)	Hair_Long	?	node tools/tai_itch.mjs <tac-gia>/<goi> o repo quoc-chien
assets_source/universal-base-characters/Universal Base Characters[Standard]/Hairstyles/Origin at 0/glTF (Godot)	Hair_SimpleParted	?	node tools/tai_itch.mjs <tac-gia>/<goi> o repo quoc-chien
assets_source/universal-base-characters/Universal Base Characters[Standard]/Hairstyles/Rigged to Head Bone/FBX (Unity)	Eyebrows_Female	?	node tools/tai_itch.mjs <tac-gia>/<goi> o repo quoc-chien
assets_source/universal-base-characters/Universal Base Characters[Standard]/Hairstyles/Rigged to Head Bone/FBX (Unity)	Eyebrows_Regular	?	node tools/tai_itch.mjs <tac-gia>/<goi> o repo quoc-chien
assets_source/universal-base-characters/Universal Base Characters[Standard]/Hairstyles/Rigged to Head Bone/FBX (Unity)	Hair_Beard	?	node tools/tai_itch.mjs <tac-gia>/<goi> o repo quoc-chien
assets_source/universal-base-characters/Universal Base Characters[Standard]/Hairstyles/Rigged to Head Bone/FBX (Unity)	Hair_Buns	?	node tools/tai_itch.mjs <tac-gia>/<goi> o repo quoc-chien
assets_source/universal-base-characters/Universal Base Characters[Standard]/Hairstyles/Rigged to Head Bone/FBX (Unity)	Hair_Buzzed	?	node tools/tai_itch.mjs <tac-gia>/<goi> o repo quoc-chien
assets_source/universal-base-characters/Universal Base Characters[Standard]/Hairstyles/Rigged to Head Bone/FBX (Unity)	Hair_BuzzedFemale	?	node tools/tai_itch.mjs <tac-gia>/<goi> o repo quoc-chien
assets_source/universal-base-characters/Universal Base Characters[Standard]/Hairstyles/Rigged to Head Bone/FBX (Unity)	Hair_Long	?	node tools/tai_itch.mjs <tac-gia>/<goi> o repo quoc-chien
assets_source/universal-base-characters/Universal Base Characters[Standard]/Hairstyles/Rigged to Head Bone/FBX (Unity)	Hair_SimpleParted	?	node tools/tai_itch.mjs <tac-gia>/<goi> o repo quoc-chien
assets_source/universal-base-characters/Universal Base Characters[Standard]/Hairstyles/Rigged to Head Bone/glTF (Godot -Unreal)	Eyebrows_Female	?	node tools/tai_itch.mjs <tac-gia>/<goi> o repo quoc-chien
assets_source/universal-base-characters/Universal Base Characters[Standard]/Hairstyles/Rigged to Head Bone/glTF (Godot -Unreal)	Eyebrows_Regular	?	node tools/tai_itch.mjs <tac-gia>/<goi> o repo quoc-chien
assets_source/universal-base-characters/Universal Base Characters[Standard]/Hairstyles/Rigged to Head Bone/glTF (Godot -Unreal)	Hair_Beard	?	node tools/tai_itch.mjs <tac-gia>/<goi> o repo quoc-chien
assets_source/universal-base-characters/Universal Base Characters[Standard]/Hairstyles/Rigged to Head Bone/glTF (Godot -Unreal)	Hair_Buns	?	node tools/tai_itch.mjs <tac-gia>/<goi> o repo quoc-chien
assets_source/universal-base-characters/Universal Base Characters[Standard]/Hairstyles/Rigged to Head Bone/glTF (Godot -Unreal)	Hair_Buzzed	?	node tools/tai_itch.mjs <tac-gia>/<goi> o repo quoc-chien
assets_source/universal-base-characters/Universal Base Characters[Standard]/Hairstyles/Rigged to Head Bone/glTF (Godot -Unreal)	Hair_BuzzedFemale	?	node tools/tai_itch.mjs <tac-gia>/<goi> o repo quoc-chien
assets_source/universal-base-characters/Universal Base Characters[Standard]/Hairstyles/Rigged to Head Bone/glTF (Godot -Unreal)	Hair_Long	?	node tools/tai_itch.mjs <tac-gia>/<goi> o repo quoc-chien
assets_source/universal-base-characters/Universal Base Characters[Standard]/Hairstyles/Rigged to Head Bone/glTF (Godot -Unreal)	Hair_SimpleParted	?	node tools/tai_itch.mjs <tac-gia>/<goi> o repo quoc-chien
