goi	ten	tac_gia	license	cach_lay
kaykit/adventurers	Barbarian	kaylousberg	CC0 (theo bo loc itch - kiem lai LICENSE trong goi)	node tools/tai_itch.mjs kaylousberg/kaykit-adventurers  (o repo quoc-chien)
kaykit/adventurers	Knight	kaylousberg	CC0 (theo bo loc itch - kiem lai LICENSE trong goi)	node tools/tai_itch.mjs kaylousberg/kaykit-adventurers  (o repo quoc-chien)
kaykit/adventurers	Mage	kaylousberg	CC0 (theo bo loc itch - kiem lai LICENSE trong goi)	node tools/tai_itch.mjs kaylousberg/kaykit-adventurers  (o repo quoc-chien)
kaykit/adventurers	Ranger	kaylousberg	CC0 (theo bo loc itch - kiem lai LICENSE trong goi)	node tools/tai_itch.mjs kaylousberg/kaykit-adventurers  (o repo quoc-chien)
kaykit/adventurers	Rig_Medium_General	kaylousberg	CC0 (theo bo loc itch - kiem lai LICENSE trong goi)	node tools/tai_itch.mjs kaylousberg/kaykit-adventurers  (o repo quoc-chien)
kaykit/adventurers	Rig_Medium_MovementBasic	kaylousberg	CC0 (theo bo loc itch - kiem lai LICENSE trong goi)	node tools/tai_itch.mjs kaylousberg/kaykit-adventurers  (o repo quoc-chien)
kaykit/adventurers	Rogue	kaylousberg	CC0 (theo bo loc itch - kiem lai LICENSE trong goi)	node tools/tai_itch.mjs kaylousberg/kaykit-adventurers  (o repo quoc-chien)
kaykit/adventurers	Rogue_Hooded	kaylousberg	CC0 (theo bo loc itch - kiem lai LICENSE trong goi)	node tools/tai_itch.mjs kaylousberg/kaykit-adventurers  (o repo quoc-chien)
kaykit/adventurers	arrow_bow	kaylousberg	CC0 (theo bo loc itch - kiem lai LICENSE trong goi)	node tools/tai_itch.mjs kaylousberg/kaykit-adventurers  (o repo quoc-chien)
kaykit/adventurers	arrow_bow_bundle	kaylousberg	CC0 (theo bo loc itch - kiem lai LICENSE trong goi)	node tools/tai_itch.mjs kaylousberg/kaykit-adventurers  (o repo quoc-chien)
kaykit/adventurers	arrow_crossbow	kaylousberg	CC0 (theo bo loc itch - kiem lai LICENSE trong goi)	node tools/tai_itch.mjs kaylousberg/kaykit-adventurers  (o repo quoc-chien)
kaykit/adventurers	arrow_crossbow_bundle	kaylousberg	CC0 (theo bo loc itch - kiem lai LICENSE trong goi)	node tools/tai_itch.mjs kaylousberg/kaykit-adventurers  (o repo quoc-chien)
kaykit/adventurers	axe_1handed	kaylousberg	CC0 (theo bo loc itch - kiem lai LICENSE trong goi)	node tools/tai_itch.mjs kaylousberg/kaykit-adventurers  (o repo quoc-chien)
kaykit/adventurers	axe_2handed	kaylousberg	CC0 (theo bo loc itch - kiem lai LICENSE trong goi)	node tools/tai_itch.mjs kaylousberg/kaykit-adventurers  (o repo quoc-chien)
kaykit/adventurers	bow	kaylousberg	CC0 (theo bo loc itch - kiem lai LICENSE trong goi)	node tools/tai_itch.mjs kaylousberg/kaykit-adventurers  (o repo quoc-chien)
kaykit/adventurers	bow_withString	kaylousberg	CC0 (theo bo loc itch - kiem lai LICENSE trong goi)	node tools/tai_itch.mjs kaylousberg/kaykit-adventurers  (o repo quoc-chien)
kaykit/adventurers	crossbow_1handed	kaylousberg	CC0 (theo bo loc itch - kiem lai LICENSE trong goi)	node tools/tai_itch.mjs kaylousberg/kaykit-adventurers  (o repo quoc-chien)
kaykit/adventurers	crossbow_2handed	kaylousberg	CC0 (theo bo loc itch - kiem lai LICENSE trong goi)	node tools/tai_itch.mjs kaylousberg/kaykit-adventurers  (o repo quoc-chien)
kaykit/adventurers	dagger	kaylousberg	CC0 (theo bo loc itch - kiem lai LICENSE trong goi)	node tools/tai_itch.mjs kaylousberg/kaykit-adventurers  (o repo quoc-chien)
kaykit/adventurers	mug_empty	kaylousberg	CC0 (theo bo loc itch - kiem lai LICENSE trong goi)	node tools/tai_itch.mjs kaylousberg/kaykit-adventurers  (o repo quoc-chien)
kaykit/adventurers	mug_full	kaylousberg	CC0 (theo bo loc itch - kiem lai LICENSE trong goi)	node tools/tai_itch.mjs kaylousberg/kaykit-adventurers  (o repo quoc-chien)
kaykit/adventurers	quiver	kaylousberg	CC0 (theo bo loc itch - kiem lai LICENSE trong goi)	node tools/tai_itch.mjs kaylousberg/kaykit-adventurers  (o repo quoc-chien)
kaykit/adventurers	shield_badge	kaylousberg	CC0 (theo bo loc itch - kiem lai LICENSE trong goi)	node tools/tai_itch.mjs kaylousberg/kaykit-adventurers  (o repo quoc-chien)
kaykit/adventurers	shield_badge_color	kaylousberg	CC0 (theo bo loc itch - kiem lai LICENSE trong goi)	node tools/tai_itch.mjs kaylousberg/kaykit-adventurers  (o repo quoc-chien)
kaykit/adventurers	shield_round	kaylousberg	CC0 (theo bo loc itch - kiem lai LICENSE trong goi)	node tools/tai_itch.mjs kaylousberg/kaykit-adventurers  (o repo quoc-chien)
kaykit/adventurers	shield_round_barbarian	kaylousberg	CC0 (theo bo loc itch - kiem lai LICENSE trong goi)	node tools/tai_itch.mjs kaylousberg/kaykit-adventurers  (o repo quoc-chien)
kaykit/adventurers	shield_round_color	kaylousberg	CC0 (theo bo loc itch - kiem lai LICENSE trong goi)	node tools/tai_itch.mjs kaylousberg/kaykit-adventurers  (o repo quoc-chien)
kaykit/adventurers	shield_spikes	kaylousberg	CC0 (theo bo loc itch - kiem lai LICENSE trong goi)	node tools/tai_itch.mjs kaylousberg/kaykit-adventurers  (o repo quoc-chien)
kaykit/adventurers	shield_spikes_color	kaylousberg	CC0 (theo bo loc itch - kiem lai LICENSE trong goi)	node tools/tai_itch.mjs kaylousberg/kaykit-adventurers  (o repo quoc-chien)
kaykit/adventurers	shield_square	kaylousberg	CC0 (theo bo loc itch - kiem lai LICENSE trong goi)	node tools/tai_itch.mjs kaylousberg/kaykit-adventurers  (o repo quoc-chien)
kaykit/adventurers	shield_square_color	kaylousberg	CC0 (theo bo loc itch - kiem lai LICENSE trong goi)	node tools/tai_itch.mjs kaylousberg/kaykit-adventurers  (o repo quoc-chien)
kaykit/adventurers	smokebomb	kaylousberg	CC0 (theo bo loc itch - kiem lai LICENSE trong goi)	node tools/tai_itch.mjs kaylousberg/kaykit-adventurers  (o repo quoc-chien)
kaykit/adventurers	spellbook_closed	kaylousberg	CC0 (theo bo loc itch - kiem lai LICENSE trong goi)	node tools/tai_itch.mjs kaylousberg/kaykit-adventurers  (o repo quoc-chien)
kaykit/adventurers	spellbook_open	kaylousberg	CC0 (theo bo loc itch - kiem lai LICENSE trong goi)	node tools/tai_itch.mjs kaylousberg/kaykit-adventurers  (o repo quoc-chien)
kaykit/adventurers	staff	kaylousberg	CC0 (theo bo loc itch - kiem lai LICENSE trong goi)	node tools/tai_itch.mjs kaylousberg/kaykit-adventurers  (o repo quoc-chien)
kaykit/adventurers	sword_1handed	kaylousberg	CC0 (theo bo loc itch - kiem lai LICENSE trong goi)	node tools/tai_itch.mjs kaylousberg/kaykit-adventurers  (o repo quoc-chien)
kaykit/adventurers	sword_2handed	kaylousberg	CC0 (theo bo loc itch - kiem lai LICENSE trong goi)	node tools/tai_itch.mjs kaylousberg/kaykit-adventurers  (o repo quoc-chien)
kaykit/adventurers	sword_2handed_color	kaylousberg	CC0 (theo bo loc itch - kiem lai LICENSE trong goi)	node tools/tai_itch.mjs kaylousberg/kaykit-adventurers  (o repo quoc-chien)
kaykit/adventurers	wand	kaylousberg	CC0 (theo bo loc itch - kiem lai LICENSE trong goi)	node tools/tai_itch.mjs kaylousberg/kaykit-adventurers  (o repo quoc-chien)
kaykit/character-animations	Mannequin_Large	kaylousberg	CC0 (theo bo loc itch - kiem lai LICENSE trong goi)	node tools/tai_itch.mjs kaylousberg/kaykit-character-animations  (o repo quoc-chien)
kaykit/character-animations	Mannequin_Medium	kaylousberg	CC0 (theo bo loc itch - kiem lai LICENSE trong goi)	node tools/tai_itch.mjs kaylousberg/kaykit-character-animations  (o repo quoc-chien)
kaykit/character-animations	Rig_Large_CombatMelee	kaylousberg	CC0 (theo bo loc itch - kiem lai LICENSE trong goi)	node tools/tai_itch.mjs kaylousberg/kaykit-character-animations  (o repo quoc-chien)
kaykit/character-animations	Rig_Large_General	kaylousberg	CC0 (theo bo loc itch - kiem lai LICENSE trong goi)	node tools/tai_itch.mjs kaylousberg/kaykit-character-animations  (o repo quoc-chien)
kaykit/character-animations	Rig_Large_MovementAdvanced	kaylousberg	CC0 (theo bo loc itch - kiem lai LICENSE trong goi)	node tools/tai_itch.mjs kaylousberg/kaykit-character-animations  (o repo quoc-chien)
kaykit/character-animations	Rig_Large_MovementBasic	kaylousberg	CC0 (theo bo loc itch - kiem lai LICENSE trong goi)	node tools/tai_itch.mjs kaylousberg/kaykit-character-animations  (o repo quoc-chien)
kaykit/character-animations	Rig_Large_Simulation	kaylousberg	CC0 (theo bo loc itch - kiem lai LICENSE trong goi)	node tools/tai_itch.mjs kaylousberg/kaykit-character-animations  (o repo quoc-chien)
kaykit/character-animations	Rig_Large_Special	kaylousberg	CC0 (theo bo loc itch - kiem lai LICENSE trong goi)	node tools/tai_itch.mjs kaylousberg/kaykit-character-animations  (o repo quoc-chien)
kaykit/character-animations	Rig_Medium_CombatMelee	kaylousberg	CC0 (theo bo loc itch - kiem lai LICENSE trong goi)	node tools/tai_itch.mjs kaylousberg/kaykit-character-animations  (o repo quoc-chien)
kaykit/character-animations	Rig_Medium_CombatRanged	kaylousberg	CC0 (theo bo loc itch - kiem lai LICENSE trong goi)	node tools/tai_itch.mjs kaylousberg/kaykit-character-animations  (o repo quoc-chien)
kaykit/character-animations	Rig_Medium_General	kaylousberg	CC0 (theo bo loc itch - kiem lai LICENSE trong goi)	node tools/tai_itch.mjs kaylousberg/kaykit-character-animations  (o repo quoc-chien)
kaykit/character-animations	Rig_Medium_MovementAdvanced	kaylousberg	CC0 (theo bo loc itch - kiem lai LICENSE trong goi)	node tools/tai_itch.mjs kaylousberg/kaykit-character-animations  (o repo quoc-chien)
kaykit/character-animations	Rig_Medium_MovementBasic	kaylousberg	CC0 (theo bo loc itch - kiem lai LICENSE trong goi)	node tools/tai_itch.mjs kaylousberg/kaykit-character-animations  (o repo quoc-chien)
kaykit/character-animations	Rig_Medium_Simulation	kaylousberg	CC0 (theo bo loc itch - kiem lai LICENSE trong goi)	node tools/tai_itch.mjs kaylousberg/kaykit-character-animations  (o repo quoc-chien)
kaykit/character-animations	Rig_Medium_Special	kaylousberg	CC0 (theo bo loc itch - kiem lai LICENSE trong goi)	node tools/tai_itch.mjs kaylousberg/kaykit-character-animations  (o repo quoc-chien)
kaykit/character-animations	Rig_Medium_Tools	kaylousberg	CC0 (theo bo loc itch - kiem lai LICENSE trong goi)	node tools/tai_itch.mjs kaylousberg/kaykit-character-animations  (o repo quoc-chien)
kaykit/dungeon	arrow.gltf	kaylousberg	?	?
kaykit/dungeon	artifact.gltf	kaylousberg	?	?
kaykit/dungeon	axeDouble_common.gltf	kaylousberg	?	?
kaykit/dungeon	axeDouble_rare.gltf	kaylousberg	?	?
kaykit/dungeon	axeDouble_uncommon.gltf	kaylousberg	?	?
kaykit/dungeon	axe_common.gltf	kaylousberg	?	?
kaykit/dungeon	axe_rare.gltf	kaylousberg	?	?
kaykit/dungeon	axe_uncommon.gltf	kaylousberg	?	?
kaykit/dungeon	banner.gltf	kaylousberg	?	?
kaykit/dungeon	barbarianHeadA.gltf	kaylousberg	?	?
kaykit/dungeon	barbarianHeadB.gltf	kaylousberg	?	?
kaykit/dungeon	barbarianHeadC.gltf	kaylousberg	?	?
kaykit/dungeon	barrel.gltf	kaylousberg	?	?
kaykit/dungeon	barrelDark.gltf	kaylousberg	?	?
kaykit/dungeon	bench.gltf	kaylousberg	?	?
kaykit/dungeon	bookA.gltf	kaylousberg	?	?
kaykit/dungeon	bookB.gltf	kaylousberg	?	?
kaykit/dungeon	bookC.gltf	kaylousberg	?	?
kaykit/dungeon	bookD.gltf	kaylousberg	?	?
kaykit/dungeon	bookE.gltf	kaylousberg	?	?
kaykit/dungeon	bookF.gltf	kaylousberg	?	?
kaykit/dungeon	bookOpenA.gltf	kaylousberg	?	?
kaykit/dungeon	bookOpenB.gltf	kaylousberg	?	?
kaykit/dungeon	bookcase.gltf	kaylousberg	?	?
kaykit/dungeon	bookcaseFilled.gltf	kaylousberg	?	?
kaykit/dungeon	bookcaseFilled_broken.gltf	kaylousberg	?	?
kaykit/dungeon	bookcaseWide.gltf	kaylousberg	?	?
kaykit/dungeon	bookcaseWideFilled.gltf	kaylousberg	?	?
kaykit/dungeon	bookcaseWideFilled_broken.gltf	kaylousberg	?	?
kaykit/dungeon	bookcaseWide_broken.gltf	kaylousberg	?	?
kaykit/dungeon	bookcase_broken.gltf	kaylousberg	?	?
kaykit/dungeon	bricks.gltf	kaylousberg	?	?
kaykit/dungeon	bucket.gltf	kaylousberg	?	?
kaykit/dungeon	chair.gltf	kaylousberg	?	?
kaykit/dungeon	character_barbarian	kaylousberg	?	?
kaykit/dungeon	character_knight	kaylousberg	?	?
kaykit/dungeon	character_mage	kaylousberg	?	?
kaykit/dungeon	character_rogue	kaylousberg	?	?
kaykit/dungeon	chestTop_common.gltf	kaylousberg	?	?
kaykit/dungeon	chestTop_common_empty.gltf	kaylousberg	?	?
kaykit/dungeon	chestTop_rare.gltf	kaylousberg	?	?
kaykit/dungeon	chestTop_rare_mimic.gltf	kaylousberg	?	?
kaykit/dungeon	chestTop_uncommon.gltf	kaylousberg	?	?
kaykit/dungeon	chestTop_uncommon_mimic.gltf	kaylousberg	?	?
kaykit/dungeon	chest_common.gltf	kaylousberg	?	?
kaykit/dungeon	chest_common_empty.gltf	kaylousberg	?	?
kaykit/dungeon	chest_rare.gltf	kaylousberg	?	?
kaykit/dungeon	chest_rare_mimic.gltf	kaylousberg	?	?
kaykit/dungeon	chest_uncommon.gltf	kaylousberg	?	?
kaykit/dungeon	chest_uncommon_mimic.gltf	kaylousberg	?	?
kaykit/dungeon	coin.gltf	kaylousberg	?	?
kaykit/dungeon	coinsLarge.gltf	kaylousberg	?	?
kaykit/dungeon	coinsMedium.gltf	kaylousberg	?	?
kaykit/dungeon	coinsSmall.gltf	kaylousberg	?	?
kaykit/dungeon	crate.gltf	kaylousberg	?	?
kaykit/dungeon	crateDark.gltf	kaylousberg	?	?
kaykit/dungeon	cratePlatform_large.gltf	kaylousberg	?	?
kaykit/dungeon	cratePlatform_medium.gltf	kaylousberg	?	?
kaykit/dungeon	cratePlatform_small.gltf	kaylousberg	?	?
kaykit/dungeon	crossbow_common.gltf	kaylousberg	?	?
kaykit/dungeon	crossbow_rare.gltf	kaylousberg	?	?
kaykit/dungeon	crossbow_uncommon.gltf	kaylousberg	?	?
kaykit/dungeon	dagger_common.gltf	kaylousberg	?	?
kaykit/dungeon	dagger_rare.gltf	kaylousberg	?	?
kaykit/dungeon	dagger_uncommon.gltf	kaylousberg	?	?
kaykit/dungeon	door.gltf	kaylousberg	?	?
kaykit/dungeon	door_gate.gltf	kaylousberg	?	?
kaykit/dungeon	floorDecoration_shatteredBricks.gltf	kaylousberg	?	?
kaykit/dungeon	floorDecoration_tilesLarge.gltf	kaylousberg	?	?
kaykit/dungeon	floorDecoration_tilesSmall.gltf	kaylousberg	?	?
kaykit/dungeon	floorDecoration_wood.gltf	kaylousberg	?	?
kaykit/dungeon	floorDecoration_woodLeft.gltf	kaylousberg	?	?
kaykit/dungeon	floorDecoration_woodRight.gltf	kaylousberg	?	?
kaykit/dungeon	hammer_common.gltf	kaylousberg	?	?
kaykit/dungeon	hammer_rare.gltf	kaylousberg	?	?
kaykit/dungeon	hammer_uncommon.gltf	kaylousberg	?	?
kaykit/dungeon	knightHeadA.gltf	kaylousberg	?	?
kaykit/dungeon	knightHeadB.gltf	kaylousberg	?	?
kaykit/dungeon	knightHeadC.gltf	kaylousberg	?	?
kaykit/dungeon	lootSackA.gltf	kaylousberg	?	?
kaykit/dungeon	lootSackB.gltf	kaylousberg	?	?
kaykit/dungeon	mageHeadA	kaylousberg	?	?
kaykit/dungeon	mageHeadB	kaylousberg	?	?
kaykit/dungeon	mageHeadC	kaylousberg	?	?
kaykit/dungeon	mug.gltf	kaylousberg	?	?
kaykit/dungeon	pillar.gltf	kaylousberg	?	?
kaykit/dungeon	pillar_broken.gltf	kaylousberg	?	?
kaykit/dungeon	plate.gltf	kaylousberg	?	?
kaykit/dungeon	plateFull.gltf	kaylousberg	?	?
kaykit/dungeon	plateHalf.gltf	kaylousberg	?	?
kaykit/dungeon	potA.gltf	kaylousberg	?	?
kaykit/dungeon	potA_decorated.gltf	kaylousberg	?	?
kaykit/dungeon	potB.gltf	kaylousberg	?	?
kaykit/dungeon	potB_decorated.gltf	kaylousberg	?	?
kaykit/dungeon	potC.gltf	kaylousberg	?	?
kaykit/dungeon	potC_decorated.gltf	kaylousberg	?	?
kaykit/dungeon	potionLarge_blue.gltf	kaylousberg	?	?
kaykit/dungeon	potionLarge_green.gltf	kaylousberg	?	?
kaykit/dungeon	potionLarge_red.gltf	kaylousberg	?	?
kaykit/dungeon	potionMedium_blue.gltf	kaylousberg	?	?
kaykit/dungeon	potionMedium_green.gltf	kaylousberg	?	?
kaykit/dungeon	potionMedium_red.gltf	kaylousberg	?	?
kaykit/dungeon	potionSmall_blue.gltf	kaylousberg	?	?
kaykit/dungeon	potionSmall_green.gltf	kaylousberg	?	?
kaykit/dungeon	potionSmall_red.gltf	kaylousberg	?	?
kaykit/dungeon	pots.gltf	kaylousberg	?	?
kaykit/dungeon	quiver_empty.gltf	kaylousberg	?	?
kaykit/dungeon	quiver_full.gltf	kaylousberg	?	?
kaykit/dungeon	quiver_half_full.gltf	kaylousberg	?	?
kaykit/dungeon	rogueHeadA	kaylousberg	?	?
kaykit/dungeon	rogueHeadB	kaylousberg	?	?
kaykit/dungeon	rogueHeadC	kaylousberg	?	?
kaykit/dungeon	scaffold_high.gltf	kaylousberg	?	?
kaykit/dungeon	scaffold_high_cornerBoth.gltf	kaylousberg	?	?
kaykit/dungeon	scaffold_high_cornerLeft.gltf	kaylousberg	?	?
kaykit/dungeon	scaffold_high_cornerRight.gltf	kaylousberg	?	?
kaykit/dungeon	scaffold_high_railing.gltf	kaylousberg	?	?
kaykit/dungeon	scaffold_low.gltf	kaylousberg	?	?
kaykit/dungeon	scaffold_low_cornerBoth.gltf	kaylousberg	?	?
kaykit/dungeon	scaffold_low_cornerLeft.gltf	kaylousberg	?	?
kaykit/dungeon	scaffold_low_cornerRight.gltf	kaylousberg	?	?
kaykit/dungeon	scaffold_low_railing.gltf	kaylousberg	?	?
kaykit/dungeon	scaffold_medium.gltf	kaylousberg	?	?
kaykit/dungeon	scaffold_medium_cornerBoth.gltf	kaylousberg	?	?
kaykit/dungeon	scaffold_medium_cornerLeft.gltf	kaylousberg	?	?
kaykit/dungeon	scaffold_medium_cornerRight.gltf	kaylousberg	?	?
kaykit/dungeon	scaffold_medium_railing.gltf	kaylousberg	?	?
kaykit/dungeon	scaffold_small_high.gltf	kaylousberg	?	?
kaykit/dungeon	scaffold_small_high_cornerLeft.gltf	kaylousberg	?	?
kaykit/dungeon	scaffold_small_high_cornerRight.gltf	kaylousberg	?	?
kaykit/dungeon	scaffold_small_high_long.gltf	kaylousberg	?	?
kaykit/dungeon	scaffold_small_high_railing.gltf	kaylousberg	?	?
kaykit/dungeon	scaffold_small_high_railing_long.gltf	kaylousberg	?	?
kaykit/dungeon	scaffold_small_low.gltf	kaylousberg	?	?
kaykit/dungeon	scaffold_small_low_cornerLeft.gltf	kaylousberg	?	?
kaykit/dungeon	scaffold_small_low_cornerRight.gltf	kaylousberg	?	?
kaykit/dungeon	scaffold_small_low_long.gltf	kaylousberg	?	?
kaykit/dungeon	scaffold_small_low_railing.gltf	kaylousberg	?	?
kaykit/dungeon	scaffold_small_low_railing_long.gltf	kaylousberg	?	?
kaykit/dungeon	scaffold_small_medium.gltf	kaylousberg	?	?
kaykit/dungeon	scaffold_small_medium_cornerLeft.gltf	kaylousberg	?	?
kaykit/dungeon	scaffold_small_medium_cornerRight.gltf	kaylousberg	?	?
kaykit/dungeon	scaffold_small_medium_long.gltf	kaylousberg	?	?
kaykit/dungeon	scaffold_small_medium_railing.gltf	kaylousberg	?	?
kaykit/dungeon	scaffold_small_medium_railing_long.gltf	kaylousberg	?	?
kaykit/dungeon	scaffold_stairs.gltf	kaylousberg	?	?
kaykit/dungeon	shield_common.gltf	kaylousberg	?	?
kaykit/dungeon	shield_rare.gltf	kaylousberg	?	?
kaykit/dungeon	shield_uncommon.gltf	kaylousberg	?	?
kaykit/dungeon	skull.gltf	kaylousberg	?	?
kaykit/dungeon	spellBook.gltf	kaylousberg	?	?
kaykit/dungeon	staff_common.gltf	kaylousberg	?	?
kaykit/dungeon	staff_rare.gltf	kaylousberg	?	?
kaykit/dungeon	staff_uncommon.gltf	kaylousberg	?	?
kaykit/dungeon	stairs.gltf	kaylousberg	?	?
kaykit/dungeon	stairs_wide.gltf	kaylousberg	?	?
kaykit/dungeon	stool.gltf	kaylousberg	?	?
kaykit/dungeon	sword_common.gltf	kaylousberg	?	?
kaykit/dungeon	sword_rare.gltf	kaylousberg	?	?
kaykit/dungeon	sword_uncommon.gltf	kaylousberg	?	?
kaykit/dungeon	tableLarge.gltf	kaylousberg	?	?
kaykit/dungeon	tableMedium.gltf	kaylousberg	?	?
kaykit/dungeon	tableSmall.gltf	kaylousberg	?	?
kaykit/dungeon	tileBrickA_large.gltf	kaylousberg	?	?
kaykit/dungeon	tileBrickA_medium.gltf	kaylousberg	?	?
kaykit/dungeon	tileBrickA_small.gltf	kaylousberg	?	?
kaykit/dungeon	tileBrickB_large.gltf	kaylousberg	?	?
kaykit/dungeon	tileBrickB_largeCrackedA.gltf	kaylousberg	?	?
kaykit/dungeon	tileBrickB_largeCrackedB.gltf	kaylousberg	?	?
kaykit/dungeon	tileBrickB_medium.gltf	kaylousberg	?	?
kaykit/dungeon	tileBrickB_small.gltf	kaylousberg	?	?
kaykit/dungeon	tileSpikes.gltf	kaylousberg	?	?
kaykit/dungeon	tileSpikes_large.gltf	kaylousberg	?	?
kaykit/dungeon	tileSpikes_shallow.gltf	kaylousberg	?	?
kaykit/dungeon	torch.gltf	kaylousberg	?	?
kaykit/dungeon	torchWall.gltf	kaylousberg	?	?
kaykit/dungeon	trapdoor.gltf	kaylousberg	?	?
kaykit/dungeon	wall.gltf	kaylousberg	?	?
kaykit/dungeon	wallCorner.gltf	kaylousberg	?	?
kaykit/dungeon	wallDecorationA.gltf	kaylousberg	?	?
kaykit/dungeon	wallDecorationB.gltf	kaylousberg	?	?
kaykit/dungeon	wallIntersection.gltf	kaylousberg	?	?
kaykit/dungeon	wallSingle.gltf	kaylousberg	?	?
kaykit/dungeon	wallSingle_broken.gltf	kaylousberg	?	?
kaykit/dungeon	wallSingle_corner.gltf	kaylousberg	?	?
kaykit/dungeon	wallSingle_decorationA.gltf	kaylousberg	?	?
kaykit/dungeon	wallSingle_decorationB.gltf	kaylousberg	?	?
kaykit/dungeon	wallSingle_door.gltf	kaylousberg	?	?
kaykit/dungeon	wallSingle_split.gltf	kaylousberg	?	?
kaykit/dungeon	wallSingle_window.gltf	kaylousberg	?	?
kaykit/dungeon	wallSingle_windowGate.gltf	kaylousberg	?	?
kaykit/dungeon	wallSplit.gltf	kaylousberg	?	?
kaykit/dungeon	wall_broken.gltf	kaylousberg	?	?
kaykit/dungeon	wall_door.gltf	kaylousberg	?	?
kaykit/dungeon	wall_end.gltf	kaylousberg	?	?
kaykit/dungeon	wall_end_broken.gltf	kaylousberg	?	?
kaykit/dungeon	wall_gate.gltf	kaylousberg	?	?
kaykit/dungeon	wall_gateCorner.gltf	kaylousberg	?	?
kaykit/dungeon	wall_gateDoor.gltf	kaylousberg	?	?
kaykit/dungeon	wall_window.gltf	kaylousberg	?	?
kaykit/dungeon	wall_windowGate.gltf	kaylousberg	?	?
kaykit/dungeon	weaponRack.gltf	kaylousberg	?	?
kaykit/fantasy-weapons	arrow_A	kaylousberg	?	?
kaykit/fantasy-weapons	arrow_B	kaylousberg	?	?
kaykit/fantasy-weapons	axe_A	kaylousberg	?	?
kaykit/fantasy-weapons	axe_B	kaylousberg	?	?
kaykit/fantasy-weapons	axe_C	kaylousberg	?	?
kaykit/fantasy-weapons	bow_A	kaylousberg	?	?
kaykit/fantasy-weapons	bow_A_withString	kaylousberg	?	?
kaykit/fantasy-weapons	bow_B	kaylousberg	?	?
kaykit/fantasy-weapons	bow_B_withString	kaylousberg	?	?
kaykit/fantasy-weapons	dagger_A	kaylousberg	?	?
kaykit/fantasy-weapons	dagger_B	kaylousberg	?	?
kaykit/fantasy-weapons	fistweapon_A	kaylousberg	?	?
kaykit/fantasy-weapons	fistweapon_A_stacked	kaylousberg	?	?
kaykit/fantasy-weapons	fistweapon_B	kaylousberg	?	?
kaykit/fantasy-weapons	fistweapon_B_stacked	kaylousberg	?	?
kaykit/fantasy-weapons	halberd	kaylousberg	?	?
kaykit/fantasy-weapons	hammer_A	kaylousberg	?	?
kaykit/fantasy-weapons	hammer_B	kaylousberg	?	?
kaykit/fantasy-weapons	hammer_C	kaylousberg	?	?
kaykit/fantasy-weapons	shield_A	kaylousberg	?	?
kaykit/fantasy-weapons	shield_B	kaylousberg	?	?
kaykit/fantasy-weapons	shield_C	kaylousberg	?	?
kaykit/fantasy-weapons	spear_A	kaylousberg	?	?
kaykit/fantasy-weapons	staff_A	kaylousberg	?	?
kaykit/fantasy-weapons	staff_B	kaylousberg	?	?
kaykit/fantasy-weapons	sword_A	kaylousberg	?	?
kaykit/fantasy-weapons	sword_B	kaylousberg	?	?
kaykit/fantasy-weapons	sword_C	kaylousberg	?	?
kaykit/fantasy-weapons	sword_D	kaylousberg	?	?
kaykit/fantasy-weapons	sword_E	kaylousberg	?	?
kaykit/fantasy-weapons	wand_A	kaylousberg	?	?
kaykit/forest	Bush_1_A_Color1	kaylousberg	CC0 (theo bo loc itch - kiem lai LICENSE trong goi)	node tools/tai_itch.mjs kaylousberg/kaykit-forest  (o repo quoc-chien)
kaykit/forest	Bush_1_B_Color1	kaylousberg	CC0 (theo bo loc itch - kiem lai LICENSE trong goi)	node tools/tai_itch.mjs kaylousberg/kaykit-forest  (o repo quoc-chien)
kaykit/forest	Bush_1_C_Color1	kaylousberg	CC0 (theo bo loc itch - kiem lai LICENSE trong goi)	node tools/tai_itch.mjs kaylousberg/kaykit-forest  (o repo quoc-chien)
kaykit/forest	Bush_1_D_Color1	kaylousberg	CC0 (theo bo loc itch - kiem lai LICENSE trong goi)	node tools/tai_itch.mjs kaylousberg/kaykit-forest  (o repo quoc-chien)
kaykit/forest	Bush_1_E_Color1	kaylousberg	CC0 (theo bo loc itch - kiem lai LICENSE trong goi)	node tools/tai_itch.mjs kaylousberg/kaykit-forest  (o repo quoc-chien)
kaykit/forest	Bush_1_F_Color1	kaylousberg	CC0 (theo bo loc itch - kiem lai LICENSE trong goi)	node tools/tai_itch.mjs kaylousberg/kaykit-forest  (o repo quoc-chien)
kaykit/forest	Bush_1_G_Color1	kaylousberg	CC0 (theo bo loc itch - kiem lai LICENSE trong goi)	node tools/tai_itch.mjs kaylousberg/kaykit-forest  (o repo quoc-chien)
kaykit/forest	Bush_2_A_Color1	kaylousberg	CC0 (theo bo loc itch - kiem lai LICENSE trong goi)	node tools/tai_itch.mjs kaylousberg/kaykit-forest  (o repo quoc-chien)
kaykit/forest	Bush_2_B_Color1	kaylousberg	CC0 (theo bo loc itch - kiem lai LICENSE trong goi)	node tools/tai_itch.mjs kaylousberg/kaykit-forest  (o repo quoc-chien)
kaykit/forest	Bush_2_C_Color1	kaylousberg	CC0 (theo bo loc itch - kiem lai LICENSE trong goi)	node tools/tai_itch.mjs kaylousberg/kaykit-forest  (o repo quoc-chien)
kaykit/forest	Bush_2_D_Color1	kaylousberg	CC0 (theo bo loc itch - kiem lai LICENSE trong goi)	node tools/tai_itch.mjs kaylousberg/kaykit-forest  (o repo quoc-chien)
kaykit/forest	Bush_2_E_Color1	kaylousberg	CC0 (theo bo loc itch - kiem lai LICENSE trong goi)	node tools/tai_itch.mjs kaylousberg/kaykit-forest  (o repo quoc-chien)
kaykit/forest	Bush_2_F_Color1	kaylousberg	CC0 (theo bo loc itch - kiem lai LICENSE trong goi)	node tools/tai_itch.mjs kaylousberg/kaykit-forest  (o repo quoc-chien)
kaykit/forest	Bush_3_A_Color1	kaylousberg	CC0 (theo bo loc itch - kiem lai LICENSE trong goi)	node tools/tai_itch.mjs kaylousberg/kaykit-forest  (o repo quoc-chien)
kaykit/forest	Bush_3_B_Color1	kaylousberg	CC0 (theo bo loc itch - kiem lai LICENSE trong goi)	node tools/tai_itch.mjs kaylousberg/kaykit-forest  (o repo quoc-chien)
kaykit/forest	Bush_3_C_Color1	kaylousberg	CC0 (theo bo loc itch - kiem lai LICENSE trong goi)	node tools/tai_itch.mjs kaylousberg/kaykit-forest  (o repo quoc-chien)
kaykit/forest	Bush_4_A_Color1	kaylousberg	CC0 (theo bo loc itch - kiem lai LICENSE trong goi)	node tools/tai_itch.mjs kaylousberg/kaykit-forest  (o repo quoc-chien)
kaykit/forest	Bush_4_B_Color1	kaylousberg	CC0 (theo bo loc itch - kiem lai LICENSE trong goi)	node tools/tai_itch.mjs kaylousberg/kaykit-forest  (o repo quoc-chien)
kaykit/forest	Bush_4_C_Color1	kaylousberg	CC0 (theo bo loc itch - kiem lai LICENSE trong goi)	node tools/tai_itch.mjs kaylousberg/kaykit-forest  (o repo quoc-chien)
kaykit/forest	Bush_4_D_Color1	kaylousberg	CC0 (theo bo loc itch - kiem lai LICENSE trong goi)	node tools/tai_itch.mjs kaylousberg/kaykit-forest  (o repo quoc-chien)
kaykit/forest	Bush_4_E_Color1	kaylousberg	CC0 (theo bo loc itch - kiem lai LICENSE trong goi)	node tools/tai_itch.mjs kaylousberg/kaykit-forest  (o repo quoc-chien)
kaykit/forest	Bush_4_F_Color1	kaylousberg	CC0 (theo bo loc itch - kiem lai LICENSE trong goi)	node tools/tai_itch.mjs kaylousberg/kaykit-forest  (o repo quoc-chien)
kaykit/forest	Grass_1_A_Color1	kaylousberg	CC0 (theo bo loc itch - kiem lai LICENSE trong goi)	node tools/tai_itch.mjs kaylousberg/kaykit-forest  (o repo quoc-chien)
kaykit/forest	Grass_1_A_Singlesided_Color1	kaylousberg	CC0 (theo bo loc itch - kiem lai LICENSE trong goi)	node tools/tai_itch.mjs kaylousberg/kaykit-forest  (o repo quoc-chien)
kaykit/forest	Grass_1_B_Color1	kaylousberg	CC0 (theo bo loc itch - kiem lai LICENSE trong goi)	node tools/tai_itch.mjs kaylousberg/kaykit-forest  (o repo quoc-chien)
kaykit/forest	Grass_1_B_Singlesided_Color1	kaylousberg	CC0 (theo bo loc itch - kiem lai LICENSE trong goi)	node tools/tai_itch.mjs kaylousberg/kaykit-forest  (o repo quoc-chien)
kaykit/forest	Grass_1_C_Color1	kaylousberg	CC0 (theo bo loc itch - kiem lai LICENSE trong goi)	node tools/tai_itch.mjs kaylousberg/kaykit-forest  (o repo quoc-chien)
kaykit/forest	Grass_1_C_Singlesided_Color1	kaylousberg	CC0 (theo bo loc itch - kiem lai LICENSE trong goi)	node tools/tai_itch.mjs kaylousberg/kaykit-forest  (o repo quoc-chien)
kaykit/forest	Grass_1_D_Color1	kaylousberg	CC0 (theo bo loc itch - kiem lai LICENSE trong goi)	node tools/tai_itch.mjs kaylousberg/kaykit-forest  (o repo quoc-chien)
kaykit/forest	Grass_1_D_Singlesided_Color1	kaylousberg	CC0 (theo bo loc itch - kiem lai LICENSE trong goi)	node tools/tai_itch.mjs kaylousberg/kaykit-forest  (o repo quoc-chien)
kaykit/forest	Grass_1_Mesh	kaylousberg	CC0 (theo bo loc itch - kiem lai LICENSE trong goi)	node tools/tai_itch.mjs kaylousberg/kaykit-forest  (o repo quoc-chien)
kaykit/forest	Grass_1_SingleSided_Mesh	kaylousberg	CC0 (theo bo loc itch - kiem lai LICENSE trong goi)	node tools/tai_itch.mjs kaylousberg/kaykit-forest  (o repo quoc-chien)
kaykit/forest	Grass_2_A_Color1	kaylousberg	CC0 (theo bo loc itch - kiem lai LICENSE trong goi)	node tools/tai_itch.mjs kaylousberg/kaykit-forest  (o repo quoc-chien)
kaykit/forest	Grass_2_A_Singlesided_Color1	kaylousberg	CC0 (theo bo loc itch - kiem lai LICENSE trong goi)	node tools/tai_itch.mjs kaylousberg/kaykit-forest  (o repo quoc-chien)
kaykit/forest	Grass_2_B_Color1	kaylousberg	CC0 (theo bo loc itch - kiem lai LICENSE trong goi)	node tools/tai_itch.mjs kaylousberg/kaykit-forest  (o repo quoc-chien)
kaykit/forest	Grass_2_B_Singlesided_Color1	kaylousberg	CC0 (theo bo loc itch - kiem lai LICENSE trong goi)	node tools/tai_itch.mjs kaylousberg/kaykit-forest  (o repo quoc-chien)
kaykit/forest	Grass_2_C_Color1	kaylousberg	CC0 (theo bo loc itch - kiem lai LICENSE trong goi)	node tools/tai_itch.mjs kaylousberg/kaykit-forest  (o repo quoc-chien)
kaykit/forest	Grass_2_C_Singlesided_Color1	kaylousberg	CC0 (theo bo loc itch - kiem lai LICENSE trong goi)	node tools/tai_itch.mjs kaylousberg/kaykit-forest  (o repo quoc-chien)
kaykit/forest	Grass_2_D_Color1	kaylousberg	CC0 (theo bo loc itch - kiem lai LICENSE trong goi)	node tools/tai_itch.mjs kaylousberg/kaykit-forest  (o repo quoc-chien)
kaykit/forest	Grass_2_D_Singlesided_Color1	kaylousberg	CC0 (theo bo loc itch - kiem lai LICENSE trong goi)	node tools/tai_itch.mjs kaylousberg/kaykit-forest  (o repo quoc-chien)
kaykit/forest	Grass_2_Mesh	kaylousberg	CC0 (theo bo loc itch - kiem lai LICENSE trong goi)	node tools/tai_itch.mjs kaylousberg/kaykit-forest  (o repo quoc-chien)
kaykit/forest	Grass_2_SingleSided_Mesh	kaylousberg	CC0 (theo bo loc itch - kiem lai LICENSE trong goi)	node tools/tai_itch.mjs kaylousberg/kaykit-forest  (o repo quoc-chien)
kaykit/forest	Rock_1_A_Color1	kaylousberg	CC0 (theo bo loc itch - kiem lai LICENSE trong goi)	node tools/tai_itch.mjs kaylousberg/kaykit-forest  (o repo quoc-chien)
kaykit/forest	Rock_1_B_Color1	kaylousberg	CC0 (theo bo loc itch - kiem lai LICENSE trong goi)	node tools/tai_itch.mjs kaylousberg/kaykit-forest  (o repo quoc-chien)
kaykit/forest	Rock_1_C_Color1	kaylousberg	CC0 (theo bo loc itch - kiem lai LICENSE trong goi)	node tools/tai_itch.mjs kaylousberg/kaykit-forest  (o repo quoc-chien)
kaykit/forest	Rock_1_D_Color1	kaylousberg	CC0 (theo bo loc itch - kiem lai LICENSE trong goi)	node tools/tai_itch.mjs kaylousberg/kaykit-forest  (o repo quoc-chien)
kaykit/forest	Rock_1_E_Color1	kaylousberg	CC0 (theo bo loc itch - kiem lai LICENSE trong goi)	node tools/tai_itch.mjs kaylousberg/kaykit-forest  (o repo quoc-chien)
kaykit/forest	Rock_1_F_Color1	kaylousberg	CC0 (theo bo loc itch - kiem lai LICENSE trong goi)	node tools/tai_itch.mjs kaylousberg/kaykit-forest  (o repo quoc-chien)
kaykit/forest	Rock_1_G_Color1	kaylousberg	CC0 (theo bo loc itch - kiem lai LICENSE trong goi)	node tools/tai_itch.mjs kaylousberg/kaykit-forest  (o repo quoc-chien)
kaykit/forest	Rock_1_H_Color1	kaylousberg	CC0 (theo bo loc itch - kiem lai LICENSE trong goi)	node tools/tai_itch.mjs kaylousberg/kaykit-forest  (o repo quoc-chien)
kaykit/forest	Rock_1_I_Color1	kaylousberg	CC0 (theo bo loc itch - kiem lai LICENSE trong goi)	node tools/tai_itch.mjs kaylousberg/kaykit-forest  (o repo quoc-chien)
kaykit/forest	Rock_1_J_Color1	kaylousberg	CC0 (theo bo loc itch - kiem lai LICENSE trong goi)	node tools/tai_itch.mjs kaylousberg/kaykit-forest  (o repo quoc-chien)
kaykit/forest	Rock_1_K_Color1	kaylousberg	CC0 (theo bo loc itch - kiem lai LICENSE trong goi)	node tools/tai_itch.mjs kaylousberg/kaykit-forest  (o repo quoc-chien)
kaykit/forest	Rock_1_L_Color1	kaylousberg	CC0 (theo bo loc itch - kiem lai LICENSE trong goi)	node tools/tai_itch.mjs kaylousberg/kaykit-forest  (o repo quoc-chien)
kaykit/forest	Rock_1_M_Color1	kaylousberg	CC0 (theo bo loc itch - kiem lai LICENSE trong goi)	node tools/tai_itch.mjs kaylousberg/kaykit-forest  (o repo quoc-chien)
kaykit/forest	Rock_1_N_Color1	kaylousberg	CC0 (theo bo loc itch - kiem lai LICENSE trong goi)	node tools/tai_itch.mjs kaylousberg/kaykit-forest  (o repo quoc-chien)
kaykit/forest	Rock_1_O_Color1	kaylousberg	CC0 (theo bo loc itch - kiem lai LICENSE trong goi)	node tools/tai_itch.mjs kaylousberg/kaykit-forest  (o repo quoc-chien)
kaykit/forest	Rock_1_P_Color1	kaylousberg	CC0 (theo bo loc itch - kiem lai LICENSE trong goi)	node tools/tai_itch.mjs kaylousberg/kaykit-forest  (o repo quoc-chien)
kaykit/forest	Rock_1_Q_Color1	kaylousberg	CC0 (theo bo loc itch - kiem lai LICENSE trong goi)	node tools/tai_itch.mjs kaylousberg/kaykit-forest  (o repo quoc-chien)
kaykit/forest	Rock_2_A_Color1	kaylousberg	CC0 (theo bo loc itch - kiem lai LICENSE trong goi)	node tools/tai_itch.mjs kaylousberg/kaykit-forest  (o repo quoc-chien)
kaykit/forest	Rock_2_B_Color1	kaylousberg	CC0 (theo bo loc itch - kiem lai LICENSE trong goi)	node tools/tai_itch.mjs kaylousberg/kaykit-forest  (o repo quoc-chien)
kaykit/forest	Rock_2_C_Color1	kaylousberg	CC0 (theo bo loc itch - kiem lai LICENSE trong goi)	node tools/tai_itch.mjs kaylousberg/kaykit-forest  (o repo quoc-chien)
kaykit/forest	Rock_2_D_Color1	kaylousberg	CC0 (theo bo loc itch - kiem lai LICENSE trong goi)	node tools/tai_itch.mjs kaylousberg/kaykit-forest  (o repo quoc-chien)
kaykit/forest	Rock_2_E_Color1	kaylousberg	CC0 (theo bo loc itch - kiem lai LICENSE trong goi)	node tools/tai_itch.mjs kaylousberg/kaykit-forest  (o repo quoc-chien)
kaykit/forest	Rock_2_F_Color1	kaylousberg	CC0 (theo bo loc itch - kiem lai LICENSE trong goi)	node tools/tai_itch.mjs kaylousberg/kaykit-forest  (o repo quoc-chien)
kaykit/forest	Rock_2_G_Color1	kaylousberg	CC0 (theo bo loc itch - kiem lai LICENSE trong goi)	node tools/tai_itch.mjs kaylousberg/kaykit-forest  (o repo quoc-chien)
kaykit/forest	Rock_2_H_Color1	kaylousberg	CC0 (theo bo loc itch - kiem lai LICENSE trong goi)	node tools/tai_itch.mjs kaylousberg/kaykit-forest  (o repo quoc-chien)
kaykit/forest	Rock_3_A_Color1	kaylousberg	CC0 (theo bo loc itch - kiem lai LICENSE trong goi)	node tools/tai_itch.mjs kaylousberg/kaykit-forest  (o repo quoc-chien)
kaykit/forest	Rock_3_B_Color1	kaylousberg	CC0 (theo bo loc itch - kiem lai LICENSE trong goi)	node tools/tai_itch.mjs kaylousberg/kaykit-forest  (o repo quoc-chien)
kaykit/forest	Rock_3_C_Color1	kaylousberg	CC0 (theo bo loc itch - kiem lai LICENSE trong goi)	node tools/tai_itch.mjs kaylousberg/kaykit-forest  (o repo quoc-chien)
kaykit/forest	Rock_3_D_Color1	kaylousberg	CC0 (theo bo loc itch - kiem lai LICENSE trong goi)	node tools/tai_itch.mjs kaylousberg/kaykit-forest  (o repo quoc-chien)
kaykit/forest	Rock_3_E_Color1	kaylousberg	CC0 (theo bo loc itch - kiem lai LICENSE trong goi)	node tools/tai_itch.mjs kaylousberg/kaykit-forest  (o repo quoc-chien)
kaykit/forest	Rock_3_F_Color1	kaylousberg	CC0 (theo bo loc itch - kiem lai LICENSE trong goi)	node tools/tai_itch.mjs kaylousberg/kaykit-forest  (o repo quoc-chien)
kaykit/forest	Rock_3_G_Color1	kaylousberg	CC0 (theo bo loc itch - kiem lai LICENSE trong goi)	node tools/tai_itch.mjs kaylousberg/kaykit-forest  (o repo quoc-chien)
kaykit/forest	Rock_3_H_Color1	kaylousberg	CC0 (theo bo loc itch - kiem lai LICENSE trong goi)	node tools/tai_itch.mjs kaylousberg/kaykit-forest  (o repo quoc-chien)
kaykit/forest	Rock_3_I_Color1	kaylousberg	CC0 (theo bo loc itch - kiem lai LICENSE trong goi)	node tools/tai_itch.mjs kaylousberg/kaykit-forest  (o repo quoc-chien)
kaykit/forest	Rock_3_J_Color1	kaylousberg	CC0 (theo bo loc itch - kiem lai LICENSE trong goi)	node tools/tai_itch.mjs kaylousberg/kaykit-forest  (o repo quoc-chien)
kaykit/forest	Rock_3_K_Color1	kaylousberg	CC0 (theo bo loc itch - kiem lai LICENSE trong goi)	node tools/tai_itch.mjs kaylousberg/kaykit-forest  (o repo quoc-chien)
kaykit/forest	Rock_3_L_Color1	kaylousberg	CC0 (theo bo loc itch - kiem lai LICENSE trong goi)	node tools/tai_itch.mjs kaylousberg/kaykit-forest  (o repo quoc-chien)
kaykit/forest	Rock_3_M_Color1	kaylousberg	CC0 (theo bo loc itch - kiem lai LICENSE trong goi)	node tools/tai_itch.mjs kaylousberg/kaykit-forest  (o repo quoc-chien)
kaykit/forest	Rock_3_N_Color1	kaylousberg	CC0 (theo bo loc itch - kiem lai LICENSE trong goi)	node tools/tai_itch.mjs kaylousberg/kaykit-forest  (o repo quoc-chien)
kaykit/forest	Rock_3_O_Color1	kaylousberg	CC0 (theo bo loc itch - kiem lai LICENSE trong goi)	node tools/tai_itch.mjs kaylousberg/kaykit-forest  (o repo quoc-chien)
kaykit/forest	Rock_3_P_Color1	kaylousberg	CC0 (theo bo loc itch - kiem lai LICENSE trong goi)	node tools/tai_itch.mjs kaylousberg/kaykit-forest  (o repo quoc-chien)
kaykit/forest	Rock_3_Q_Color1	kaylousberg	CC0 (theo bo loc itch - kiem lai LICENSE trong goi)	node tools/tai_itch.mjs kaylousberg/kaykit-forest  (o repo quoc-chien)
kaykit/forest	Rock_3_R_Color1	kaylousberg	CC0 (theo bo loc itch - kiem lai LICENSE trong goi)	node tools/tai_itch.mjs kaylousberg/kaykit-forest  (o repo quoc-chien)
kaykit/forest	Tree_1_A_Color1	kaylousberg	CC0 (theo bo loc itch - kiem lai LICENSE trong goi)	node tools/tai_itch.mjs kaylousberg/kaykit-forest  (o repo quoc-chien)
kaykit/forest	Tree_1_B_Color1	kaylousberg	CC0 (theo bo loc itch - kiem lai LICENSE trong goi)	node tools/tai_itch.mjs kaylousberg/kaykit-forest  (o repo quoc-chien)
kaykit/forest	Tree_1_C_Color1	kaylousberg	CC0 (theo bo loc itch - kiem lai LICENSE trong goi)	node tools/tai_itch.mjs kaylousberg/kaykit-forest  (o repo quoc-chien)
kaykit/forest	Tree_2_A_Color1	kaylousberg	CC0 (theo bo loc itch - kiem lai LICENSE trong goi)	node tools/tai_itch.mjs kaylousberg/kaykit-forest  (o repo quoc-chien)
kaykit/forest	Tree_2_B_Color1	kaylousberg	CC0 (theo bo loc itch - kiem lai LICENSE trong goi)	node tools/tai_itch.mjs kaylousberg/kaykit-forest  (o repo quoc-chien)
kaykit/forest	Tree_2_C_Color1	kaylousberg	CC0 (theo bo loc itch - kiem lai LICENSE trong goi)	node tools/tai_itch.mjs kaylousberg/kaykit-forest  (o repo quoc-chien)
kaykit/forest	Tree_2_D_Color1	kaylousberg	CC0 (theo bo loc itch - kiem lai LICENSE trong goi)	node tools/tai_itch.mjs kaylousberg/kaykit-forest  (o repo quoc-chien)
kaykit/forest	Tree_2_E_Color1	kaylousberg	CC0 (theo bo loc itch - kiem lai LICENSE trong goi)	node tools/tai_itch.mjs kaylousberg/kaykit-forest  (o repo quoc-chien)
kaykit/forest	Tree_3_A_Color1	kaylousberg	CC0 (theo bo loc itch - kiem lai LICENSE trong goi)	node tools/tai_itch.mjs kaylousberg/kaykit-forest  (o repo quoc-chien)
kaykit/forest	Tree_3_B_Color1	kaylousberg	CC0 (theo bo loc itch - kiem lai LICENSE trong goi)	node tools/tai_itch.mjs kaylousberg/kaykit-forest  (o repo quoc-chien)
kaykit/forest	Tree_3_C_Color1	kaylousberg	CC0 (theo bo loc itch - kiem lai LICENSE trong goi)	node tools/tai_itch.mjs kaylousberg/kaykit-forest  (o repo quoc-chien)
kaykit/forest	Tree_4_A_Color1	kaylousberg	CC0 (theo bo loc itch - kiem lai LICENSE trong goi)	node tools/tai_itch.mjs kaylousberg/kaykit-forest  (o repo quoc-chien)
kaykit/forest	Tree_4_B_Color1	kaylousberg	CC0 (theo bo loc itch - kiem lai LICENSE trong goi)	node tools/tai_itch.mjs kaylousberg/kaykit-forest  (o repo quoc-chien)
kaykit/forest	Tree_4_C_Color1	kaylousberg	CC0 (theo bo loc itch - kiem lai LICENSE trong goi)	node tools/tai_itch.mjs kaylousberg/kaykit-forest  (o repo quoc-chien)
kaykit/forest	Tree_Bare_1_A_Color1	kaylousberg	CC0 (theo bo loc itch - kiem lai LICENSE trong goi)	node tools/tai_itch.mjs kaylousberg/kaykit-forest  (o repo quoc-chien)
kaykit/forest	Tree_Bare_1_B_Color1	kaylousberg	CC0 (theo bo loc itch - kiem lai LICENSE trong goi)	node tools/tai_itch.mjs kaylousberg/kaykit-forest  (o repo quoc-chien)
kaykit/forest	Tree_Bare_1_C_Color1	kaylousberg	CC0 (theo bo loc itch - kiem lai LICENSE trong goi)	node tools/tai_itch.mjs kaylousberg/kaykit-forest  (o repo quoc-chien)
kaykit/forest	Tree_Bare_2_A_Color1	kaylousberg	CC0 (theo bo loc itch - kiem lai LICENSE trong goi)	node tools/tai_itch.mjs kaylousberg/kaykit-forest  (o repo quoc-chien)
kaykit/forest	Tree_Bare_2_B_Color1	kaylousberg	CC0 (theo bo loc itch - kiem lai LICENSE trong goi)	node tools/tai_itch.mjs kaylousberg/kaykit-forest  (o repo quoc-chien)
kaykit/forest	Tree_Bare_2_C_Color1	kaylousberg	CC0 (theo bo loc itch - kiem lai LICENSE trong goi)	node tools/tai_itch.mjs kaylousberg/kaykit-forest  (o repo quoc-chien)
kaykit/medieval-builder	archeryrange.gltf	kaylousberg	?	?
kaykit/medieval-builder	barracks.gltf	kaylousberg	?	?
kaykit/medieval-builder	bridge.gltf	kaylousberg	?	?
kaykit/medieval-builder	bridge_roofed.gltf	kaylousberg	?	?
kaykit/medieval-builder	castle.gltf	kaylousberg	?	?
kaykit/medieval-builder	detail_forestA.gltf	kaylousberg	?	?
kaykit/medieval-builder	detail_forestB.gltf	kaylousberg	?	?
kaykit/medieval-builder	detail_hill.gltf	kaylousberg	?	?
kaykit/medieval-builder	detail_rocks.gltf	kaylousberg	?	?
kaykit/medieval-builder	detail_rocks_small.gltf	kaylousberg	?	?
kaykit/medieval-builder	detail_treeA.gltf	kaylousberg	?	?
kaykit/medieval-builder	detail_treeB.gltf	kaylousberg	?	?
kaykit/medieval-builder	detail_treeC.gltf	kaylousberg	?	?
kaykit/medieval-builder	farm_plot.gltf	kaylousberg	?	?
kaykit/medieval-builder	forest.gltf	kaylousberg	?	?
kaykit/medieval-builder	hex_forest.gltf	kaylousberg	?	?
kaykit/medieval-builder	hex_forest_detail.gltf	kaylousberg	?	?
kaykit/medieval-builder	hex_forest_roadA.gltf	kaylousberg	?	?
kaykit/medieval-builder	hex_forest_roadA_detail.gltf	kaylousberg	?	?
kaykit/medieval-builder	hex_forest_roadB.gltf	kaylousberg	?	?
kaykit/medieval-builder	hex_forest_roadB_detail.gltf	kaylousberg	?	?
kaykit/medieval-builder	hex_forest_roadC.gltf	kaylousberg	?	?
kaykit/medieval-builder	hex_forest_roadC_detail.gltf	kaylousberg	?	?
kaykit/medieval-builder	hex_forest_roadD.gltf	kaylousberg	?	?
kaykit/medieval-builder	hex_forest_roadD_detail.gltf	kaylousberg	?	?
kaykit/medieval-builder	hex_forest_roadE.gltf	kaylousberg	?	?
kaykit/medieval-builder	hex_forest_roadE_detail.gltf	kaylousberg	?	?
kaykit/medieval-builder	hex_forest_roadF.gltf	kaylousberg	?	?
kaykit/medieval-builder	hex_forest_roadF_detail.gltf	kaylousberg	?	?
kaykit/medieval-builder	hex_forest_roadG.gltf	kaylousberg	?	?
kaykit/medieval-builder	hex_forest_roadG_detail.gltf	kaylousberg	?	?
kaykit/medieval-builder	hex_forest_roadH.gltf	kaylousberg	?	?
kaykit/medieval-builder	hex_forest_roadH_detail.gltf	kaylousberg	?	?
kaykit/medieval-builder	hex_forest_roadI.gltf	kaylousberg	?	?
kaykit/medieval-builder	hex_forest_roadI_detail.gltf	kaylousberg	?	?
kaykit/medieval-builder	hex_forest_roadJ.gltf	kaylousberg	?	?
kaykit/medieval-builder	hex_forest_roadJ_detail.gltf	kaylousberg	?	?
kaykit/medieval-builder	hex_forest_roadK.gltf	kaylousberg	?	?
kaykit/medieval-builder	hex_forest_roadK_detail.gltf	kaylousberg	?	?
kaykit/medieval-builder	hex_forest_roadL.gltf	kaylousberg	?	?
kaykit/medieval-builder	hex_forest_roadL_detail.gltf	kaylousberg	?	?
kaykit/medieval-builder	hex_forest_roadM.gltf	kaylousberg	?	?
kaykit/medieval-builder	hex_forest_roadM_detail.gltf	kaylousberg	?	?
kaykit/medieval-builder	hex_forest_transitionA.gltf	kaylousberg	?	?
kaykit/medieval-builder	hex_forest_transitionB.gltf	kaylousberg	?	?
kaykit/medieval-builder	hex_forest_waterA.gltf	kaylousberg	?	?
kaykit/medieval-builder	hex_forest_waterA_detail.gltf	kaylousberg	?	?
kaykit/medieval-builder	hex_forest_waterA_empty.gltf	kaylousberg	?	?
kaykit/medieval-builder	hex_forest_waterB.gltf	kaylousberg	?	?
kaykit/medieval-builder	hex_forest_waterB_detail.gltf	kaylousberg	?	?
kaykit/medieval-builder	hex_forest_waterB_empty.gltf	kaylousberg	?	?
kaykit/medieval-builder	hex_forest_waterC.gltf	kaylousberg	?	?
kaykit/medieval-builder	hex_forest_waterC_detail.gltf	kaylousberg	?	?
kaykit/medieval-builder	hex_forest_waterC_empty.gltf	kaylousberg	?	?
kaykit/medieval-builder	hex_forest_waterD.gltf	kaylousberg	?	?
kaykit/medieval-builder	hex_forest_waterD_detail.gltf	kaylousberg	?	?
kaykit/medieval-builder	hex_forest_waterD_empty.gltf	kaylousberg	?	?
kaykit/medieval-builder	hex_rock.gltf	kaylousberg	?	?
kaykit/medieval-builder	hex_rock_detail.gltf	kaylousberg	?	?
kaykit/medieval-builder	hex_rock_roadA.gltf	kaylousberg	?	?
kaykit/medieval-builder	hex_rock_roadA_detail.gltf	kaylousberg	?	?
kaykit/medieval-builder	hex_rock_roadB.gltf	kaylousberg	?	?
kaykit/medieval-builder	hex_rock_roadB_detail.gltf	kaylousberg	?	?
kaykit/medieval-builder	hex_rock_roadC.gltf	kaylousberg	?	?
kaykit/medieval-builder	hex_rock_roadC_detail.gltf	kaylousberg	?	?
kaykit/medieval-builder	hex_rock_roadD.gltf	kaylousberg	?	?
kaykit/medieval-builder	hex_rock_roadD_detail.gltf	kaylousberg	?	?
kaykit/medieval-builder	hex_rock_roadE.gltf	kaylousberg	?	?
kaykit/medieval-builder	hex_rock_roadE_detail.gltf	kaylousberg	?	?
kaykit/medieval-builder	hex_rock_roadF.gltf	kaylousberg	?	?
kaykit/medieval-builder	hex_rock_roadF_detail.gltf	kaylousberg	?	?
kaykit/medieval-builder	hex_rock_roadG.gltf	kaylousberg	?	?
kaykit/medieval-builder	hex_rock_roadG_detail.gltf	kaylousberg	?	?
kaykit/medieval-builder	hex_rock_roadH.gltf	kaylousberg	?	?
kaykit/medieval-builder	hex_rock_roadH_detail.gltf	kaylousberg	?	?
kaykit/medieval-builder	hex_rock_roadI.gltf	kaylousberg	?	?
kaykit/medieval-builder	hex_rock_roadI_detail.gltf	kaylousberg	?	?
kaykit/medieval-builder	hex_rock_roadJ.gltf	kaylousberg	?	?
kaykit/medieval-builder	hex_rock_roadJ_detail.gltf	kaylousberg	?	?
kaykit/medieval-builder	hex_rock_roadK.gltf	kaylousberg	?	?
kaykit/medieval-builder	hex_rock_roadK_detail.gltf	kaylousberg	?	?
kaykit/medieval-builder	hex_rock_roadL.gltf	kaylousberg	?	?
kaykit/medieval-builder	hex_rock_roadL_detail.gltf	kaylousberg	?	?
kaykit/medieval-builder	hex_rock_roadM.gltf	kaylousberg	?	?
kaykit/medieval-builder	hex_rock_roadM_detail.gltf	kaylousberg	?	?
kaykit/medieval-builder	hex_rock_transitionA.gltf	kaylousberg	?	?
kaykit/medieval-builder	hex_rock_transitionB.gltf	kaylousberg	?	?
kaykit/medieval-builder	hex_rock_waterA.gltf	kaylousberg	?	?
kaykit/medieval-builder	hex_rock_waterA_detail.gltf	kaylousberg	?	?
kaykit/medieval-builder	hex_rock_waterA_empty.gltf	kaylousberg	?	?
kaykit/medieval-builder	hex_rock_waterB.gltf	kaylousberg	?	?
kaykit/medieval-builder	hex_rock_waterB_detail.gltf	kaylousberg	?	?
kaykit/medieval-builder	hex_rock_waterB_empty.gltf	kaylousberg	?	?
kaykit/medieval-builder	hex_rock_waterC.gltf	kaylousberg	?	?
kaykit/medieval-builder	hex_rock_waterC_detail.gltf	kaylousberg	?	?
kaykit/medieval-builder	hex_rock_waterC_empty.gltf	kaylousberg	?	?
kaykit/medieval-builder	hex_rock_waterD.gltf	kaylousberg	?	?
kaykit/medieval-builder	hex_rock_waterD_detail.gltf	kaylousberg	?	?
kaykit/medieval-builder	hex_rock_waterD_empty.gltf	kaylousberg	?	?
kaykit/medieval-builder	hex_sand.gltf	kaylousberg	?	?
kaykit/medieval-builder	hex_sand_detail.gltf	kaylousberg	?	?
kaykit/medieval-builder	hex_sand_roadA.gltf	kaylousberg	?	?
kaykit/medieval-builder	hex_sand_roadA_detail.gltf	kaylousberg	?	?
kaykit/medieval-builder	hex_sand_roadB.gltf	kaylousberg	?	?
kaykit/medieval-builder	hex_sand_roadB_detail.gltf	kaylousberg	?	?
kaykit/medieval-builder	hex_sand_roadC.gltf	kaylousberg	?	?
kaykit/medieval-builder	hex_sand_roadC_detail.gltf	kaylousberg	?	?
kaykit/medieval-builder	hex_sand_roadD.gltf	kaylousberg	?	?
kaykit/medieval-builder	hex_sand_roadD_detail.gltf	kaylousberg	?	?
kaykit/medieval-builder	hex_sand_roadE.gltf	kaylousberg	?	?
kaykit/medieval-builder	hex_sand_roadE_detail.gltf	kaylousberg	?	?
kaykit/medieval-builder	hex_sand_roadF.gltf	kaylousberg	?	?
kaykit/medieval-builder	hex_sand_roadF_detail.gltf	kaylousberg	?	?
kaykit/medieval-builder	hex_sand_roadG.gltf	kaylousberg	?	?
kaykit/medieval-builder	hex_sand_roadG_detail.gltf	kaylousberg	?	?
kaykit/medieval-builder	hex_sand_roadH.gltf	kaylousberg	?	?
kaykit/medieval-builder	hex_sand_roadH_detail.gltf	kaylousberg	?	?
kaykit/medieval-builder	hex_sand_roadI.gltf	kaylousberg	?	?
kaykit/medieval-builder	hex_sand_roadI_detail.gltf	kaylousberg	?	?
kaykit/medieval-builder	hex_sand_roadJ.gltf	kaylousberg	?	?
kaykit/medieval-builder	hex_sand_roadJ_detail.gltf	kaylousberg	?	?
kaykit/medieval-builder	hex_sand_roadK.gltf	kaylousberg	?	?
kaykit/medieval-builder	hex_sand_roadK_detail.gltf	kaylousberg	?	?
kaykit/medieval-builder	hex_sand_roadL.gltf	kaylousberg	?	?
kaykit/medieval-builder	hex_sand_roadL_detail.gltf	kaylousberg	?	?
kaykit/medieval-builder	hex_sand_roadM.gltf	kaylousberg	?	?
kaykit/medieval-builder	hex_sand_roadM_detail.gltf	kaylousberg	?	?
kaykit/medieval-builder	hex_sand_transitionA.gltf	kaylousberg	?	?
kaykit/medieval-builder	hex_sand_transitionB.gltf	kaylousberg	?	?
kaykit/medieval-builder	hex_sand_waterA.gltf	kaylousberg	?	?
kaykit/medieval-builder	hex_sand_waterA_detail.gltf	kaylousberg	?	?
kaykit/medieval-builder	hex_sand_waterA_empty.gltf	kaylousberg	?	?
kaykit/medieval-builder	hex_sand_waterB.gltf	kaylousberg	?	?
kaykit/medieval-builder	hex_sand_waterB_detail.gltf	kaylousberg	?	?
kaykit/medieval-builder	hex_sand_waterB_empty.gltf	kaylousberg	?	?
kaykit/medieval-builder	hex_sand_waterC.gltf	kaylousberg	?	?
kaykit/medieval-builder	hex_sand_waterC_detail.gltf	kaylousberg	?	?
kaykit/medieval-builder	hex_sand_waterC_empty.gltf	kaylousberg	?	?
kaykit/medieval-builder	hex_sand_waterD.gltf	kaylousberg	?	?
kaykit/medieval-builder	hex_sand_waterD_detail.gltf	kaylousberg	?	?
kaykit/medieval-builder	hex_sand_waterD_empty.gltf	kaylousberg	?	?
kaykit/medieval-builder	hex_water.gltf	kaylousberg	?	?
kaykit/medieval-builder	hex_water_detail.gltf	kaylousberg	?	?
kaykit/medieval-builder	house.gltf	kaylousberg	?	?
kaykit/medieval-builder	lumbermill.gltf	kaylousberg	?	?
kaykit/medieval-builder	market.gltf	kaylousberg	?	?
kaykit/medieval-builder	mill.gltf	kaylousberg	?	?
kaykit/medieval-builder	mine.gltf	kaylousberg	?	?
kaykit/medieval-builder	mountain.gltf	kaylousberg	?	?
kaykit/medieval-builder	square_forest.gltf	kaylousberg	?	?
kaykit/medieval-builder	square_forest_detail.gltf	kaylousberg	?	?
kaykit/medieval-builder	square_forest_roadA.gltf	kaylousberg	?	?
kaykit/medieval-builder	square_forest_roadA_detail.gltf	kaylousberg	?	?
kaykit/medieval-builder	square_forest_roadB.gltf	kaylousberg	?	?
kaykit/medieval-builder	square_forest_roadB_detail.gltf	kaylousberg	?	?
kaykit/medieval-builder	square_forest_roadC.gltf	kaylousberg	?	?
kaykit/medieval-builder	square_forest_roadC_detail.gltf	kaylousberg	?	?
kaykit/medieval-builder	square_forest_roadD.gltf	kaylousberg	?	?
kaykit/medieval-builder	square_forest_roadD_detail.gltf	kaylousberg	?	?
kaykit/medieval-builder	square_forest_roadE.gltf	kaylousberg	?	?
kaykit/medieval-builder	square_forest_roadE_detail.gltf	kaylousberg	?	?
kaykit/medieval-builder	square_forest_waterInnerCorner.gltf	kaylousberg	?	?
kaykit/medieval-builder	square_forest_waterInnerCorner_empty.gltf	kaylousberg	?	?
kaykit/medieval-builder	square_forest_waterInnerCorner_noSides.gltf	kaylousberg	?	?
kaykit/medieval-builder	square_forest_waterOuterCorner.gltf	kaylousberg	?	?
kaykit/medieval-builder	square_forest_waterOuterCorner_empty.gltf	kaylousberg	?	?
kaykit/medieval-builder	square_forest_waterOuterCorner_noSides.gltf	kaylousberg	?	?
kaykit/medieval-builder	square_forest_waterStraight.gltf	kaylousberg	?	?
kaykit/medieval-builder	square_forest_waterStraight_empty.gltf	kaylousberg	?	?
kaykit/medieval-builder	square_forest_waterStraight_noSides.gltf	kaylousberg	?	?
kaykit/medieval-builder	square_rock.gltf	kaylousberg	?	?
kaykit/medieval-builder	square_rock_detail.gltf	kaylousberg	?	?
kaykit/medieval-builder	square_rock_roadA.gltf	kaylousberg	?	?
kaykit/medieval-builder	square_rock_roadA_detail.gltf	kaylousberg	?	?
kaykit/medieval-builder	square_rock_roadB.gltf	kaylousberg	?	?
kaykit/medieval-builder	square_rock_roadB_detail.gltf	kaylousberg	?	?
kaykit/medieval-builder	square_rock_roadC.gltf	kaylousberg	?	?
kaykit/medieval-builder	square_rock_roadC_detail.gltf	kaylousberg	?	?
kaykit/medieval-builder	square_rock_roadD.gltf	kaylousberg	?	?
kaykit/medieval-builder	square_rock_roadD_detail.gltf	kaylousberg	?	?
kaykit/medieval-builder	square_rock_roadE.gltf	kaylousberg	?	?
kaykit/medieval-builder	square_rock_roadE_detail.gltf	kaylousberg	?	?
kaykit/medieval-builder	square_rock_waterInnerCorner.gltf	kaylousberg	?	?
kaykit/medieval-builder	square_rock_waterInnerCorner_empty.gltf	kaylousberg	?	?
kaykit/medieval-builder	square_rock_waterInnerCorner_noSides.gltf	kaylousberg	?	?
kaykit/medieval-builder	square_rock_waterOuterCorner.gltf	kaylousberg	?	?
kaykit/medieval-builder	square_rock_waterOuterCorner_empty.gltf	kaylousberg	?	?
kaykit/medieval-builder	square_rock_waterOuterCorner_noSides.gltf	kaylousberg	?	?
kaykit/medieval-builder	square_rock_waterStraight.gltf	kaylousberg	?	?
kaykit/medieval-builder	square_rock_waterStraight_empty.gltf	kaylousberg	?	?
kaykit/medieval-builder	square_rock_waterStraight_noSides.gltf	kaylousberg	?	?
kaykit/medieval-builder	square_sand.gltf	kaylousberg	?	?
kaykit/medieval-builder	square_sand_detail.gltf	kaylousberg	?	?
kaykit/medieval-builder	square_sand_roadA.gltf	kaylousberg	?	?
kaykit/medieval-builder	square_sand_roadA_detail.gltf	kaylousberg	?	?
kaykit/medieval-builder	square_sand_roadB.gltf	kaylousberg	?	?
kaykit/medieval-builder	square_sand_roadB_detail.gltf	kaylousberg	?	?
kaykit/medieval-builder	square_sand_roadC.gltf	kaylousberg	?	?
kaykit/medieval-builder	square_sand_roadC_detail.gltf	kaylousberg	?	?
kaykit/medieval-builder	square_sand_roadD.gltf	kaylousberg	?	?
kaykit/medieval-builder	square_sand_roadD_detail.gltf	kaylousberg	?	?
kaykit/medieval-builder	square_sand_roadE.gltf	kaylousberg	?	?
kaykit/medieval-builder	square_sand_roadE_detail.gltf	kaylousberg	?	?
kaykit/medieval-builder	square_sand_waterInnerCorner.gltf	kaylousberg	?	?
kaykit/medieval-builder	square_sand_waterInnerCorner_empty.gltf	kaylousberg	?	?
kaykit/medieval-builder	square_sand_waterInnerCorner_noSides.gltf	kaylousberg	?	?
kaykit/medieval-builder	square_sand_waterOuterCorner.gltf	kaylousberg	?	?
kaykit/medieval-builder	square_sand_waterOuterCorner_empty.gltf	kaylousberg	?	?
kaykit/medieval-builder	square_sand_waterOuterCorner_noSides.gltf	kaylousberg	?	?
kaykit/medieval-builder	square_sand_waterStraight.gltf	kaylousberg	?	?
kaykit/medieval-builder	square_sand_waterStraight_empty.gltf	kaylousberg	?	?
kaykit/medieval-builder	square_sand_waterStraight_noSides.gltf	kaylousberg	?	?
kaykit/medieval-builder	square_water.gltf	kaylousberg	?	?
kaykit/medieval-builder	square_water_detail.gltf	kaylousberg	?	?
kaykit/medieval-builder	square_water_detail_empty.gltf	kaylousberg	?	?
kaykit/medieval-builder	square_water_detail_noSides.gltf	kaylousberg	?	?
kaykit/medieval-builder	square_water_empty.gltf	kaylousberg	?	?
kaykit/medieval-builder	wall_corner.gltf	kaylousberg	?	?
kaykit/medieval-builder	wall_gate.gltf	kaylousberg	?	?
kaykit/medieval-builder	wall_gate_closed.gltf	kaylousberg	?	?
kaykit/medieval-builder	wall_hexCornerA.gltf	kaylousberg	?	?
kaykit/medieval-builder	wall_hexCornerB.gltf	kaylousberg	?	?
kaykit/medieval-builder	wall_straight.gltf	kaylousberg	?	?
kaykit/medieval-builder	watchtower.gltf	kaylousberg	?	?
kaykit/medieval-builder	watermill.gltf	kaylousberg	?	?
kaykit/medieval-builder	well.gltf	kaylousberg	?	?
kaykit/skeletons	Rig_Medium_General	kaylousberg	CC0 (theo bo loc itch - kiem lai LICENSE trong goi)	node tools/tai_itch.mjs kaylousberg/kaykit-skeletons  (o repo quoc-chien)
kaykit/skeletons	Rig_Medium_MovementBasic	kaylousberg	CC0 (theo bo loc itch - kiem lai LICENSE trong goi)	node tools/tai_itch.mjs kaylousberg/kaykit-skeletons  (o repo quoc-chien)
kaykit/skeletons	Skeleton_Arrow	kaylousberg	CC0 (theo bo loc itch - kiem lai LICENSE trong goi)	node tools/tai_itch.mjs kaylousberg/kaykit-skeletons  (o repo quoc-chien)
kaykit/skeletons	Skeleton_Arrow_Broken	kaylousberg	CC0 (theo bo loc itch - kiem lai LICENSE trong goi)	node tools/tai_itch.mjs kaylousberg/kaykit-skeletons  (o repo quoc-chien)
kaykit/skeletons	Skeleton_Arrow_Broken_Half	kaylousberg	CC0 (theo bo loc itch - kiem lai LICENSE trong goi)	node tools/tai_itch.mjs kaylousberg/kaykit-skeletons  (o repo quoc-chien)
kaykit/skeletons	Skeleton_Arrow_Half	kaylousberg	CC0 (theo bo loc itch - kiem lai LICENSE trong goi)	node tools/tai_itch.mjs kaylousberg/kaykit-skeletons  (o repo quoc-chien)
kaykit/skeletons	Skeleton_Axe	kaylousberg	CC0 (theo bo loc itch - kiem lai LICENSE trong goi)	node tools/tai_itch.mjs kaylousberg/kaykit-skeletons  (o repo quoc-chien)
kaykit/skeletons	Skeleton_Blade	kaylousberg	CC0 (theo bo loc itch - kiem lai LICENSE trong goi)	node tools/tai_itch.mjs kaylousberg/kaykit-skeletons  (o repo quoc-chien)
kaykit/skeletons	Skeleton_Crossbow	kaylousberg	CC0 (theo bo loc itch - kiem lai LICENSE trong goi)	node tools/tai_itch.mjs kaylousberg/kaykit-skeletons  (o repo quoc-chien)
kaykit/skeletons	Skeleton_Mage	kaylousberg	CC0 (theo bo loc itch - kiem lai LICENSE trong goi)	node tools/tai_itch.mjs kaylousberg/kaykit-skeletons  (o repo quoc-chien)
kaykit/skeletons	Skeleton_Minion	kaylousberg	CC0 (theo bo loc itch - kiem lai LICENSE trong goi)	node tools/tai_itch.mjs kaylousberg/kaykit-skeletons  (o repo quoc-chien)
kaykit/skeletons	Skeleton_Quiver	kaylousberg	CC0 (theo bo loc itch - kiem lai LICENSE trong goi)	node tools/tai_itch.mjs kaylousberg/kaykit-skeletons  (o repo quoc-chien)
kaykit/skeletons	Skeleton_Rogue	kaylousberg	CC0 (theo bo loc itch - kiem lai LICENSE trong goi)	node tools/tai_itch.mjs kaylousberg/kaykit-skeletons  (o repo quoc-chien)
kaykit/skeletons	Skeleton_Shield_Large_A	kaylousberg	CC0 (theo bo loc itch - kiem lai LICENSE trong goi)	node tools/tai_itch.mjs kaylousberg/kaykit-skeletons  (o repo quoc-chien)
kaykit/skeletons	Skeleton_Shield_Large_B	kaylousberg	CC0 (theo bo loc itch - kiem lai LICENSE trong goi)	node tools/tai_itch.mjs kaylousberg/kaykit-skeletons  (o repo quoc-chien)
kaykit/skeletons	Skeleton_Shield_Small_A	kaylousberg	CC0 (theo bo loc itch - kiem lai LICENSE trong goi)	node tools/tai_itch.mjs kaylousberg/kaykit-skeletons  (o repo quoc-chien)
kaykit/skeletons	Skeleton_Shield_Small_B	kaylousberg	CC0 (theo bo loc itch - kiem lai LICENSE trong goi)	node tools/tai_itch.mjs kaylousberg/kaykit-skeletons  (o repo quoc-chien)
kaykit/skeletons	Skeleton_Staff	kaylousberg	CC0 (theo bo loc itch - kiem lai LICENSE trong goi)	node tools/tai_itch.mjs kaylousberg/kaykit-skeletons  (o repo quoc-chien)
kaykit/skeletons	Skeleton_Warrior	kaylousberg	CC0 (theo bo loc itch - kiem lai LICENSE trong goi)	node tools/tai_itch.mjs kaylousberg/kaykit-skeletons  (o repo quoc-chien)
quaternius/animals	Alpaca	styloo	CC0 (theo bo loc itch - kiem lai LICENSE trong goi)	node tools/tai_itch.mjs styloo/animals  (o repo quoc-chien)
quaternius/animals	Bull	styloo	CC0 (theo bo loc itch - kiem lai LICENSE trong goi)	node tools/tai_itch.mjs styloo/animals  (o repo quoc-chien)
quaternius/animals	Cow	styloo	CC0 (theo bo loc itch - kiem lai LICENSE trong goi)	node tools/tai_itch.mjs styloo/animals  (o repo quoc-chien)
quaternius/animals	Deer	styloo	CC0 (theo bo loc itch - kiem lai LICENSE trong goi)	node tools/tai_itch.mjs styloo/animals  (o repo quoc-chien)
quaternius/animals	Donkey	styloo	CC0 (theo bo loc itch - kiem lai LICENSE trong goi)	node tools/tai_itch.mjs styloo/animals  (o repo quoc-chien)
quaternius/animals	Fox	styloo	CC0 (theo bo loc itch - kiem lai LICENSE trong goi)	node tools/tai_itch.mjs styloo/animals  (o repo quoc-chien)
quaternius/animals	Horse	styloo	CC0 (theo bo loc itch - kiem lai LICENSE trong goi)	node tools/tai_itch.mjs styloo/animals  (o repo quoc-chien)
quaternius/animals	Horse_White	styloo	CC0 (theo bo loc itch - kiem lai LICENSE trong goi)	node tools/tai_itch.mjs styloo/animals  (o repo quoc-chien)
quaternius/animals	Husky	styloo	CC0 (theo bo loc itch - kiem lai LICENSE trong goi)	node tools/tai_itch.mjs styloo/animals  (o repo quoc-chien)
quaternius/animals	ShibaInu	styloo	CC0 (theo bo loc itch - kiem lai LICENSE trong goi)	node tools/tai_itch.mjs styloo/animals  (o repo quoc-chien)
quaternius/animals	Stag	styloo	CC0 (theo bo loc itch - kiem lai LICENSE trong goi)	node tools/tai_itch.mjs styloo/animals  (o repo quoc-chien)
quaternius/animals	Wolf	styloo	CC0 (theo bo loc itch - kiem lai LICENSE trong goi)	node tools/tai_itch.mjs styloo/animals  (o repo quoc-chien)
quaternius/easy-enemies	Frog	quaternius	?	?
quaternius/easy-enemies	Rat	quaternius	?	?
quaternius/easy-enemies	Snake	quaternius	?	?
quaternius/easy-enemies	Snake_angry	quaternius	?	?
quaternius/easy-enemies	Spider	quaternius	?	?
quaternius/easy-enemies	Wasp	quaternius	?	?
quaternius/fantasy-props-megakit	Anvil	quaternius	CC0 (theo bo loc itch - kiem lai LICENSE trong goi)	node tools/tai_itch.mjs quaternius/fantasy-props-megakit  (o repo quoc-chien)
quaternius/fantasy-props-megakit	Anvil_Log	quaternius	CC0 (theo bo loc itch - kiem lai LICENSE trong goi)	node tools/tai_itch.mjs quaternius/fantasy-props-megakit  (o repo quoc-chien)
quaternius/fantasy-props-megakit	Axe_Bronze	quaternius	CC0 (theo bo loc itch - kiem lai LICENSE trong goi)	node tools/tai_itch.mjs quaternius/fantasy-props-megakit  (o repo quoc-chien)
quaternius/fantasy-props-megakit	Bag	quaternius	CC0 (theo bo loc itch - kiem lai LICENSE trong goi)	node tools/tai_itch.mjs quaternius/fantasy-props-megakit  (o repo quoc-chien)
quaternius/fantasy-props-megakit	Banner_1	quaternius	CC0 (theo bo loc itch - kiem lai LICENSE trong goi)	node tools/tai_itch.mjs quaternius/fantasy-props-megakit  (o repo quoc-chien)
quaternius/fantasy-props-megakit	Banner_1_Cloth	quaternius	CC0 (theo bo loc itch - kiem lai LICENSE trong goi)	node tools/tai_itch.mjs quaternius/fantasy-props-megakit  (o repo quoc-chien)
quaternius/fantasy-props-megakit	Banner_2	quaternius	CC0 (theo bo loc itch - kiem lai LICENSE trong goi)	node tools/tai_itch.mjs quaternius/fantasy-props-megakit  (o repo quoc-chien)
quaternius/fantasy-props-megakit	Banner_2_Cloth	quaternius	CC0 (theo bo loc itch - kiem lai LICENSE trong goi)	node tools/tai_itch.mjs quaternius/fantasy-props-megakit  (o repo quoc-chien)
quaternius/fantasy-props-megakit	Barrel	quaternius	CC0 (theo bo loc itch - kiem lai LICENSE trong goi)	node tools/tai_itch.mjs quaternius/fantasy-props-megakit  (o repo quoc-chien)
quaternius/fantasy-props-megakit	Barrel_Apples	quaternius	CC0 (theo bo loc itch - kiem lai LICENSE trong goi)	node tools/tai_itch.mjs quaternius/fantasy-props-megakit  (o repo quoc-chien)
quaternius/fantasy-props-megakit	Barrel_Holder	quaternius	CC0 (theo bo loc itch - kiem lai LICENSE trong goi)	node tools/tai_itch.mjs quaternius/fantasy-props-megakit  (o repo quoc-chien)
quaternius/fantasy-props-megakit	Bed_Twin1	quaternius	CC0 (theo bo loc itch - kiem lai LICENSE trong goi)	node tools/tai_itch.mjs quaternius/fantasy-props-megakit  (o repo quoc-chien)
quaternius/fantasy-props-megakit	Bed_Twin2	quaternius	CC0 (theo bo loc itch - kiem lai LICENSE trong goi)	node tools/tai_itch.mjs quaternius/fantasy-props-megakit  (o repo quoc-chien)
quaternius/fantasy-props-megakit	Bench	quaternius	CC0 (theo bo loc itch - kiem lai LICENSE trong goi)	node tools/tai_itch.mjs quaternius/fantasy-props-megakit  (o repo quoc-chien)
quaternius/fantasy-props-megakit	BookGroup_Medium_1	quaternius	CC0 (theo bo loc itch - kiem lai LICENSE trong goi)	node tools/tai_itch.mjs quaternius/fantasy-props-megakit  (o repo quoc-chien)
quaternius/fantasy-props-megakit	BookGroup_Medium_2	quaternius	CC0 (theo bo loc itch - kiem lai LICENSE trong goi)	node tools/tai_itch.mjs quaternius/fantasy-props-megakit  (o repo quoc-chien)
quaternius/fantasy-props-megakit	BookGroup_Medium_3	quaternius	CC0 (theo bo loc itch - kiem lai LICENSE trong goi)	node tools/tai_itch.mjs quaternius/fantasy-props-megakit  (o repo quoc-chien)
quaternius/fantasy-props-megakit	BookGroup_Small_1	quaternius	CC0 (theo bo loc itch - kiem lai LICENSE trong goi)	node tools/tai_itch.mjs quaternius/fantasy-props-megakit  (o repo quoc-chien)
quaternius/fantasy-props-megakit	BookGroup_Small_2	quaternius	CC0 (theo bo loc itch - kiem lai LICENSE trong goi)	node tools/tai_itch.mjs quaternius/fantasy-props-megakit  (o repo quoc-chien)
quaternius/fantasy-props-megakit	BookGroup_Small_3	quaternius	CC0 (theo bo loc itch - kiem lai LICENSE trong goi)	node tools/tai_itch.mjs quaternius/fantasy-props-megakit  (o repo quoc-chien)
quaternius/fantasy-props-megakit	BookStand	quaternius	CC0 (theo bo loc itch - kiem lai LICENSE trong goi)	node tools/tai_itch.mjs quaternius/fantasy-props-megakit  (o repo quoc-chien)
quaternius/fantasy-props-megakit	Book_5	quaternius	CC0 (theo bo loc itch - kiem lai LICENSE trong goi)	node tools/tai_itch.mjs quaternius/fantasy-props-megakit  (o repo quoc-chien)
quaternius/fantasy-props-megakit	Book_7	quaternius	CC0 (theo bo loc itch - kiem lai LICENSE trong goi)	node tools/tai_itch.mjs quaternius/fantasy-props-megakit  (o repo quoc-chien)
quaternius/fantasy-props-megakit	Book_Simplified_Single	quaternius	CC0 (theo bo loc itch - kiem lai LICENSE trong goi)	node tools/tai_itch.mjs quaternius/fantasy-props-megakit  (o repo quoc-chien)
quaternius/fantasy-props-megakit	Book_Stack_1	quaternius	CC0 (theo bo loc itch - kiem lai LICENSE trong goi)	node tools/tai_itch.mjs quaternius/fantasy-props-megakit  (o repo quoc-chien)
quaternius/fantasy-props-megakit	Book_Stack_2	quaternius	CC0 (theo bo loc itch - kiem lai LICENSE trong goi)	node tools/tai_itch.mjs quaternius/fantasy-props-megakit  (o repo quoc-chien)
quaternius/fantasy-props-megakit	Bookcase_2	quaternius	CC0 (theo bo loc itch - kiem lai LICENSE trong goi)	node tools/tai_itch.mjs quaternius/fantasy-props-megakit  (o repo quoc-chien)
quaternius/fantasy-props-megakit	Bottle_1	quaternius	CC0 (theo bo loc itch - kiem lai LICENSE trong goi)	node tools/tai_itch.mjs quaternius/fantasy-props-megakit  (o repo quoc-chien)
quaternius/fantasy-props-megakit	Bucket_Metal	quaternius	CC0 (theo bo loc itch - kiem lai LICENSE trong goi)	node tools/tai_itch.mjs quaternius/fantasy-props-megakit  (o repo quoc-chien)
quaternius/fantasy-props-megakit	Bucket_Wooden_1	quaternius	CC0 (theo bo loc itch - kiem lai LICENSE trong goi)	node tools/tai_itch.mjs quaternius/fantasy-props-megakit  (o repo quoc-chien)
quaternius/fantasy-props-megakit	Cabinet	quaternius	CC0 (theo bo loc itch - kiem lai LICENSE trong goi)	node tools/tai_itch.mjs quaternius/fantasy-props-megakit  (o repo quoc-chien)
quaternius/fantasy-props-megakit	Cage_Small	quaternius	CC0 (theo bo loc itch - kiem lai LICENSE trong goi)	node tools/tai_itch.mjs quaternius/fantasy-props-megakit  (o repo quoc-chien)
quaternius/fantasy-props-megakit	CandleStick	quaternius	CC0 (theo bo loc itch - kiem lai LICENSE trong goi)	node tools/tai_itch.mjs quaternius/fantasy-props-megakit  (o repo quoc-chien)
quaternius/fantasy-props-megakit	CandleStick_Stand	quaternius	CC0 (theo bo loc itch - kiem lai LICENSE trong goi)	node tools/tai_itch.mjs quaternius/fantasy-props-megakit  (o repo quoc-chien)
quaternius/fantasy-props-megakit	CandleStick_Triple	quaternius	CC0 (theo bo loc itch - kiem lai LICENSE trong goi)	node tools/tai_itch.mjs quaternius/fantasy-props-megakit  (o repo quoc-chien)
quaternius/fantasy-props-megakit	Candle_1	quaternius	CC0 (theo bo loc itch - kiem lai LICENSE trong goi)	node tools/tai_itch.mjs quaternius/fantasy-props-megakit  (o repo quoc-chien)
quaternius/fantasy-props-megakit	Candle_2	quaternius	CC0 (theo bo loc itch - kiem lai LICENSE trong goi)	node tools/tai_itch.mjs quaternius/fantasy-props-megakit  (o repo quoc-chien)
quaternius/fantasy-props-megakit	Carrot	quaternius	CC0 (theo bo loc itch - kiem lai LICENSE trong goi)	node tools/tai_itch.mjs quaternius/fantasy-props-megakit  (o repo quoc-chien)
quaternius/fantasy-props-megakit	Cauldron	quaternius	CC0 (theo bo loc itch - kiem lai LICENSE trong goi)	node tools/tai_itch.mjs quaternius/fantasy-props-megakit  (o repo quoc-chien)
quaternius/fantasy-props-megakit	Chain_Coil	quaternius	CC0 (theo bo loc itch - kiem lai LICENSE trong goi)	node tools/tai_itch.mjs quaternius/fantasy-props-megakit  (o repo quoc-chien)
quaternius/fantasy-props-megakit	Chair_1	quaternius	CC0 (theo bo loc itch - kiem lai LICENSE trong goi)	node tools/tai_itch.mjs quaternius/fantasy-props-megakit  (o repo quoc-chien)
quaternius/fantasy-props-megakit	Chalice	quaternius	CC0 (theo bo loc itch - kiem lai LICENSE trong goi)	node tools/tai_itch.mjs quaternius/fantasy-props-megakit  (o repo quoc-chien)
quaternius/fantasy-props-megakit	Chandelier	quaternius	CC0 (theo bo loc itch - kiem lai LICENSE trong goi)	node tools/tai_itch.mjs quaternius/fantasy-props-megakit  (o repo quoc-chien)
quaternius/fantasy-props-megakit	Chest_Wood	quaternius	CC0 (theo bo loc itch - kiem lai LICENSE trong goi)	node tools/tai_itch.mjs quaternius/fantasy-props-megakit  (o repo quoc-chien)
quaternius/fantasy-props-megakit	Coin	quaternius	CC0 (theo bo loc itch - kiem lai LICENSE trong goi)	node tools/tai_itch.mjs quaternius/fantasy-props-megakit  (o repo quoc-chien)
quaternius/fantasy-props-megakit	Coin_Pile	quaternius	CC0 (theo bo loc itch - kiem lai LICENSE trong goi)	node tools/tai_itch.mjs quaternius/fantasy-props-megakit  (o repo quoc-chien)
quaternius/fantasy-props-megakit	Coin_Pile_2	quaternius	CC0 (theo bo loc itch - kiem lai LICENSE trong goi)	node tools/tai_itch.mjs quaternius/fantasy-props-megakit  (o repo quoc-chien)
quaternius/fantasy-props-megakit	Crate_Metal	quaternius	CC0 (theo bo loc itch - kiem lai LICENSE trong goi)	node tools/tai_itch.mjs quaternius/fantasy-props-megakit  (o repo quoc-chien)
quaternius/fantasy-props-megakit	Crate_Wooden	quaternius	CC0 (theo bo loc itch - kiem lai LICENSE trong goi)	node tools/tai_itch.mjs quaternius/fantasy-props-megakit  (o repo quoc-chien)
quaternius/fantasy-props-megakit	Dummy	quaternius	CC0 (theo bo loc itch - kiem lai LICENSE trong goi)	node tools/tai_itch.mjs quaternius/fantasy-props-megakit  (o repo quoc-chien)
quaternius/fantasy-props-megakit	FarmCrate_Apple	quaternius	CC0 (theo bo loc itch - kiem lai LICENSE trong goi)	node tools/tai_itch.mjs quaternius/fantasy-props-megakit  (o repo quoc-chien)
quaternius/fantasy-props-megakit	FarmCrate_Carrot	quaternius	CC0 (theo bo loc itch - kiem lai LICENSE trong goi)	node tools/tai_itch.mjs quaternius/fantasy-props-megakit  (o repo quoc-chien)
quaternius/fantasy-props-megakit	FarmCrate_Empty	quaternius	CC0 (theo bo loc itch - kiem lai LICENSE trong goi)	node tools/tai_itch.mjs quaternius/fantasy-props-megakit  (o repo quoc-chien)
quaternius/fantasy-props-megakit	Key_Gold	quaternius	CC0 (theo bo loc itch - kiem lai LICENSE trong goi)	node tools/tai_itch.mjs quaternius/fantasy-props-megakit  (o repo quoc-chien)
quaternius/fantasy-props-megakit	Key_Metal	quaternius	CC0 (theo bo loc itch - kiem lai LICENSE trong goi)	node tools/tai_itch.mjs quaternius/fantasy-props-megakit  (o repo quoc-chien)
quaternius/fantasy-props-megakit	Lantern_Wall	quaternius	CC0 (theo bo loc itch - kiem lai LICENSE trong goi)	node tools/tai_itch.mjs quaternius/fantasy-props-megakit  (o repo quoc-chien)
quaternius/fantasy-props-megakit	Mug	quaternius	CC0 (theo bo loc itch - kiem lai LICENSE trong goi)	node tools/tai_itch.mjs quaternius/fantasy-props-megakit  (o repo quoc-chien)
quaternius/fantasy-props-megakit	Nightstand_Shelf	quaternius	CC0 (theo bo loc itch - kiem lai LICENSE trong goi)	node tools/tai_itch.mjs quaternius/fantasy-props-megakit  (o repo quoc-chien)
quaternius/fantasy-props-megakit	Peg_Rack	quaternius	CC0 (theo bo loc itch - kiem lai LICENSE trong goi)	node tools/tai_itch.mjs quaternius/fantasy-props-megakit  (o repo quoc-chien)
quaternius/fantasy-props-megakit	Pickaxe_Bronze	quaternius	CC0 (theo bo loc itch - kiem lai LICENSE trong goi)	node tools/tai_itch.mjs quaternius/fantasy-props-megakit  (o repo quoc-chien)
quaternius/fantasy-props-megakit	Pot_1	quaternius	CC0 (theo bo loc itch - kiem lai LICENSE trong goi)	node tools/tai_itch.mjs quaternius/fantasy-props-megakit  (o repo quoc-chien)
quaternius/fantasy-props-megakit	Pot_1_Lid	quaternius	CC0 (theo bo loc itch - kiem lai LICENSE trong goi)	node tools/tai_itch.mjs quaternius/fantasy-props-megakit  (o repo quoc-chien)
quaternius/fantasy-props-megakit	Potion_1	quaternius	CC0 (theo bo loc itch - kiem lai LICENSE trong goi)	node tools/tai_itch.mjs quaternius/fantasy-props-megakit  (o repo quoc-chien)
quaternius/fantasy-props-megakit	Potion_2	quaternius	CC0 (theo bo loc itch - kiem lai LICENSE trong goi)	node tools/tai_itch.mjs quaternius/fantasy-props-megakit  (o repo quoc-chien)
quaternius/fantasy-props-megakit	Potion_4	quaternius	CC0 (theo bo loc itch - kiem lai LICENSE trong goi)	node tools/tai_itch.mjs quaternius/fantasy-props-megakit  (o repo quoc-chien)
quaternius/fantasy-props-megakit	Pouch_Large	quaternius	CC0 (theo bo loc itch - kiem lai LICENSE trong goi)	node tools/tai_itch.mjs quaternius/fantasy-props-megakit  (o repo quoc-chien)
quaternius/fantasy-props-megakit	Rope_1	quaternius	CC0 (theo bo loc itch - kiem lai LICENSE trong goi)	node tools/tai_itch.mjs quaternius/fantasy-props-megakit  (o repo quoc-chien)
quaternius/fantasy-props-megakit	Rope_2	quaternius	CC0 (theo bo loc itch - kiem lai LICENSE trong goi)	node tools/tai_itch.mjs quaternius/fantasy-props-megakit  (o repo quoc-chien)
quaternius/fantasy-props-megakit	Rope_3	quaternius	CC0 (theo bo loc itch - kiem lai LICENSE trong goi)	node tools/tai_itch.mjs quaternius/fantasy-props-megakit  (o repo quoc-chien)
quaternius/fantasy-props-megakit	Scroll_1	quaternius	CC0 (theo bo loc itch - kiem lai LICENSE trong goi)	node tools/tai_itch.mjs quaternius/fantasy-props-megakit  (o repo quoc-chien)
quaternius/fantasy-props-megakit	Scroll_2	quaternius	CC0 (theo bo loc itch - kiem lai LICENSE trong goi)	node tools/tai_itch.mjs quaternius/fantasy-props-megakit  (o repo quoc-chien)
quaternius/fantasy-props-megakit	Shelf_Arch	quaternius	CC0 (theo bo loc itch - kiem lai LICENSE trong goi)	node tools/tai_itch.mjs quaternius/fantasy-props-megakit  (o repo quoc-chien)
quaternius/fantasy-props-megakit	Shelf_Simple	quaternius	CC0 (theo bo loc itch - kiem lai LICENSE trong goi)	node tools/tai_itch.mjs quaternius/fantasy-props-megakit  (o repo quoc-chien)
quaternius/fantasy-props-megakit	Shelf_Small_Bottles	quaternius	CC0 (theo bo loc itch - kiem lai LICENSE trong goi)	node tools/tai_itch.mjs quaternius/fantasy-props-megakit  (o repo quoc-chien)
quaternius/fantasy-props-megakit	Shield_Wooden	quaternius	CC0 (theo bo loc itch - kiem lai LICENSE trong goi)	node tools/tai_itch.mjs quaternius/fantasy-props-megakit  (o repo quoc-chien)
quaternius/fantasy-props-megakit	SmallBottle	quaternius	CC0 (theo bo loc itch - kiem lai LICENSE trong goi)	node tools/tai_itch.mjs quaternius/fantasy-props-megakit  (o repo quoc-chien)
quaternius/fantasy-props-megakit	SmallBottles_1	quaternius	CC0 (theo bo loc itch - kiem lai LICENSE trong goi)	node tools/tai_itch.mjs quaternius/fantasy-props-megakit  (o repo quoc-chien)
quaternius/fantasy-props-megakit	Stall_Cart_Empty	quaternius	CC0 (theo bo loc itch - kiem lai LICENSE trong goi)	node tools/tai_itch.mjs quaternius/fantasy-props-megakit  (o repo quoc-chien)
quaternius/fantasy-props-megakit	Stall_Empty	quaternius	CC0 (theo bo loc itch - kiem lai LICENSE trong goi)	node tools/tai_itch.mjs quaternius/fantasy-props-megakit  (o repo quoc-chien)
quaternius/fantasy-props-megakit	Stool	quaternius	CC0 (theo bo loc itch - kiem lai LICENSE trong goi)	node tools/tai_itch.mjs quaternius/fantasy-props-megakit  (o repo quoc-chien)
quaternius/fantasy-props-megakit	Sword_Bronze	quaternius	CC0 (theo bo loc itch - kiem lai LICENSE trong goi)	node tools/tai_itch.mjs quaternius/fantasy-props-megakit  (o repo quoc-chien)
quaternius/fantasy-props-megakit	Table_Fork	quaternius	CC0 (theo bo loc itch - kiem lai LICENSE trong goi)	node tools/tai_itch.mjs quaternius/fantasy-props-megakit  (o repo quoc-chien)
quaternius/fantasy-props-megakit	Table_Knife	quaternius	CC0 (theo bo loc itch - kiem lai LICENSE trong goi)	node tools/tai_itch.mjs quaternius/fantasy-props-megakit  (o repo quoc-chien)
quaternius/fantasy-props-megakit	Table_Large	quaternius	CC0 (theo bo loc itch - kiem lai LICENSE trong goi)	node tools/tai_itch.mjs quaternius/fantasy-props-megakit  (o repo quoc-chien)
quaternius/fantasy-props-megakit	Table_Plate	quaternius	CC0 (theo bo loc itch - kiem lai LICENSE trong goi)	node tools/tai_itch.mjs quaternius/fantasy-props-megakit  (o repo quoc-chien)
quaternius/fantasy-props-megakit	Table_Spoon	quaternius	CC0 (theo bo loc itch - kiem lai LICENSE trong goi)	node tools/tai_itch.mjs quaternius/fantasy-props-megakit  (o repo quoc-chien)
quaternius/fantasy-props-megakit	Torch_Metal	quaternius	CC0 (theo bo loc itch - kiem lai LICENSE trong goi)	node tools/tai_itch.mjs quaternius/fantasy-props-megakit  (o repo quoc-chien)
quaternius/fantasy-props-megakit	Vase_2	quaternius	CC0 (theo bo loc itch - kiem lai LICENSE trong goi)	node tools/tai_itch.mjs quaternius/fantasy-props-megakit  (o repo quoc-chien)
quaternius/fantasy-props-megakit	Vase_4	quaternius	CC0 (theo bo loc itch - kiem lai LICENSE trong goi)	node tools/tai_itch.mjs quaternius/fantasy-props-megakit  (o repo quoc-chien)
quaternius/fantasy-props-megakit	Vase_Rubble_Medium	quaternius	CC0 (theo bo loc itch - kiem lai LICENSE trong goi)	node tools/tai_itch.mjs quaternius/fantasy-props-megakit  (o repo quoc-chien)
quaternius/fantasy-props-megakit	WeaponStand	quaternius	CC0 (theo bo loc itch - kiem lai LICENSE trong goi)	node tools/tai_itch.mjs quaternius/fantasy-props-megakit  (o repo quoc-chien)
quaternius/fantasy-props-megakit	Whetstone	quaternius	CC0 (theo bo loc itch - kiem lai LICENSE trong goi)	node tools/tai_itch.mjs quaternius/fantasy-props-megakit  (o repo quoc-chien)
quaternius/fantasy-props-megakit	Workbench	quaternius	CC0 (theo bo loc itch - kiem lai LICENSE trong goi)	node tools/tai_itch.mjs quaternius/fantasy-props-megakit  (o repo quoc-chien)
quaternius/fantasy-props-megakit	Workbench_Drawers	quaternius	CC0 (theo bo loc itch - kiem lai LICENSE trong goi)	node tools/tai_itch.mjs quaternius/fantasy-props-megakit  (o repo quoc-chien)
quaternius/medieval-village-megakit/glTF	Balcony_Cross_Corner	quaternius	CC0 (theo bo loc itch - kiem lai LICENSE trong goi)	node tools/tai_itch.mjs quaternius/medieval-village-megakit  (o repo quoc-chien)
quaternius/medieval-village-megakit/glTF	Balcony_Cross_Straight	quaternius	CC0 (theo bo loc itch - kiem lai LICENSE trong goi)	node tools/tai_itch.mjs quaternius/medieval-village-megakit  (o repo quoc-chien)
quaternius/medieval-village-megakit/glTF	Balcony_Simple_Corner	quaternius	CC0 (theo bo loc itch - kiem lai LICENSE trong goi)	node tools/tai_itch.mjs quaternius/medieval-village-megakit  (o repo quoc-chien)
quaternius/medieval-village-megakit/glTF	Balcony_Simple_Straight	quaternius	CC0 (theo bo loc itch - kiem lai LICENSE trong goi)	node tools/tai_itch.mjs quaternius/medieval-village-megakit  (o repo quoc-chien)
quaternius/medieval-village-megakit/glTF	Corner_ExteriorWide_Brick	quaternius	CC0 (theo bo loc itch - kiem lai LICENSE trong goi)	node tools/tai_itch.mjs quaternius/medieval-village-megakit  (o repo quoc-chien)
quaternius/medieval-village-megakit/glTF	Corner_ExteriorWide_Wood	quaternius	CC0 (theo bo loc itch - kiem lai LICENSE trong goi)	node tools/tai_itch.mjs quaternius/medieval-village-megakit  (o repo quoc-chien)
quaternius/medieval-village-megakit/glTF	Corner_Exterior_Brick	quaternius	CC0 (theo bo loc itch - kiem lai LICENSE trong goi)	node tools/tai_itch.mjs quaternius/medieval-village-megakit  (o repo quoc-chien)
quaternius/medieval-village-megakit/glTF	Corner_Exterior_TopDown	quaternius	CC0 (theo bo loc itch - kiem lai LICENSE trong goi)	node tools/tai_itch.mjs quaternius/medieval-village-megakit  (o repo quoc-chien)
quaternius/medieval-village-megakit/glTF	Corner_Exterior_TopOnly	quaternius	CC0 (theo bo loc itch - kiem lai LICENSE trong goi)	node tools/tai_itch.mjs quaternius/medieval-village-megakit  (o repo quoc-chien)
quaternius/medieval-village-megakit/glTF	Corner_Exterior_Wood	quaternius	CC0 (theo bo loc itch - kiem lai LICENSE trong goi)	node tools/tai_itch.mjs quaternius/medieval-village-megakit  (o repo quoc-chien)
quaternius/medieval-village-megakit/glTF	Corner_Interior_Big	quaternius	CC0 (theo bo loc itch - kiem lai LICENSE trong goi)	node tools/tai_itch.mjs quaternius/medieval-village-megakit  (o repo quoc-chien)
quaternius/medieval-village-megakit/glTF	Corner_Interior_Small	quaternius	CC0 (theo bo loc itch - kiem lai LICENSE trong goi)	node tools/tai_itch.mjs quaternius/medieval-village-megakit  (o repo quoc-chien)
quaternius/medieval-village-megakit/glTF	DoorFrame_Flat_Brick	quaternius	CC0 (theo bo loc itch - kiem lai LICENSE trong goi)	node tools/tai_itch.mjs quaternius/medieval-village-megakit  (o repo quoc-chien)
quaternius/medieval-village-megakit/glTF	DoorFrame_Flat_WoodDark	quaternius	CC0 (theo bo loc itch - kiem lai LICENSE trong goi)	node tools/tai_itch.mjs quaternius/medieval-village-megakit  (o repo quoc-chien)
quaternius/medieval-village-megakit/glTF	DoorFrame_Round_Brick	quaternius	CC0 (theo bo loc itch - kiem lai LICENSE trong goi)	node tools/tai_itch.mjs quaternius/medieval-village-megakit  (o repo quoc-chien)
quaternius/medieval-village-megakit/glTF	DoorFrame_Round_WoodDark	quaternius	CC0 (theo bo loc itch - kiem lai LICENSE trong goi)	node tools/tai_itch.mjs quaternius/medieval-village-megakit  (o repo quoc-chien)
quaternius/medieval-village-megakit/glTF	Door_1_Flat	quaternius	CC0 (theo bo loc itch - kiem lai LICENSE trong goi)	node tools/tai_itch.mjs quaternius/medieval-village-megakit  (o repo quoc-chien)
quaternius/medieval-village-megakit/glTF	Door_1_Round	quaternius	CC0 (theo bo loc itch - kiem lai LICENSE trong goi)	node tools/tai_itch.mjs quaternius/medieval-village-megakit  (o repo quoc-chien)
quaternius/medieval-village-megakit/glTF	Door_2_Flat	quaternius	CC0 (theo bo loc itch - kiem lai LICENSE trong goi)	node tools/tai_itch.mjs quaternius/medieval-village-megakit  (o repo quoc-chien)
quaternius/medieval-village-megakit/glTF	Door_2_Round	quaternius	CC0 (theo bo loc itch - kiem lai LICENSE trong goi)	node tools/tai_itch.mjs quaternius/medieval-village-megakit  (o repo quoc-chien)
quaternius/medieval-village-megakit/glTF	Door_4_Flat	quaternius	CC0 (theo bo loc itch - kiem lai LICENSE trong goi)	node tools/tai_itch.mjs quaternius/medieval-village-megakit  (o repo quoc-chien)
quaternius/medieval-village-megakit/glTF	Door_4_Round	quaternius	CC0 (theo bo loc itch - kiem lai LICENSE trong goi)	node tools/tai_itch.mjs quaternius/medieval-village-megakit  (o repo quoc-chien)
quaternius/medieval-village-megakit/glTF	Door_8_Flat	quaternius	CC0 (theo bo loc itch - kiem lai LICENSE trong goi)	node tools/tai_itch.mjs quaternius/medieval-village-megakit  (o repo quoc-chien)
quaternius/medieval-village-megakit/glTF	Door_8_Round	quaternius	CC0 (theo bo loc itch - kiem lai LICENSE trong goi)	node tools/tai_itch.mjs quaternius/medieval-village-megakit  (o repo quoc-chien)
quaternius/medieval-village-megakit/glTF	Floor_Brick	quaternius	CC0 (theo bo loc itch - kiem lai LICENSE trong goi)	node tools/tai_itch.mjs quaternius/medieval-village-megakit  (o repo quoc-chien)
quaternius/medieval-village-megakit/glTF	Floor_RedBrick	quaternius	CC0 (theo bo loc itch - kiem lai LICENSE trong goi)	node tools/tai_itch.mjs quaternius/medieval-village-megakit  (o repo quoc-chien)
quaternius/medieval-village-megakit/glTF	Floor_UnevenBrick	quaternius	CC0 (theo bo loc itch - kiem lai LICENSE trong goi)	node tools/tai_itch.mjs quaternius/medieval-village-megakit  (o repo quoc-chien)
quaternius/medieval-village-megakit/glTF	Floor_WoodDark	quaternius	CC0 (theo bo loc itch - kiem lai LICENSE trong goi)	node tools/tai_itch.mjs quaternius/medieval-village-megakit  (o repo quoc-chien)
quaternius/medieval-village-megakit/glTF	Floor_WoodDark_Half1	quaternius	CC0 (theo bo loc itch - kiem lai LICENSE trong goi)	node tools/tai_itch.mjs quaternius/medieval-village-megakit  (o repo quoc-chien)
quaternius/medieval-village-megakit/glTF	Floor_WoodDark_Half2	quaternius	CC0 (theo bo loc itch - kiem lai LICENSE trong goi)	node tools/tai_itch.mjs quaternius/medieval-village-megakit  (o repo quoc-chien)
quaternius/medieval-village-megakit/glTF	Floor_WoodDark_Half3	quaternius	CC0 (theo bo loc itch - kiem lai LICENSE trong goi)	node tools/tai_itch.mjs quaternius/medieval-village-megakit  (o repo quoc-chien)
quaternius/medieval-village-megakit/glTF	Floor_WoodDark_OverhangCorner	quaternius	CC0 (theo bo loc itch - kiem lai LICENSE trong goi)	node tools/tai_itch.mjs quaternius/medieval-village-megakit  (o repo quoc-chien)
quaternius/medieval-village-megakit/glTF	Floor_WoodDark_OverhangCorner2	quaternius	CC0 (theo bo loc itch - kiem lai LICENSE trong goi)	node tools/tai_itch.mjs quaternius/medieval-village-megakit  (o repo quoc-chien)
quaternius/medieval-village-megakit/glTF	Floor_WoodLight	quaternius	CC0 (theo bo loc itch - kiem lai LICENSE trong goi)	node tools/tai_itch.mjs quaternius/medieval-village-megakit  (o repo quoc-chien)
quaternius/medieval-village-megakit/glTF	Floor_WoodLight_OverhangCorner	quaternius	CC0 (theo bo loc itch - kiem lai LICENSE trong goi)	node tools/tai_itch.mjs quaternius/medieval-village-megakit  (o repo quoc-chien)
quaternius/medieval-village-megakit/glTF	Floor_WoodLight_OverhangCorner2	quaternius	CC0 (theo bo loc itch - kiem lai LICENSE trong goi)	node tools/tai_itch.mjs quaternius/medieval-village-megakit  (o repo quoc-chien)
quaternius/medieval-village-megakit/glTF	HoleCover_90Angle	quaternius	CC0 (theo bo loc itch - kiem lai LICENSE trong goi)	node tools/tai_itch.mjs quaternius/medieval-village-megakit  (o repo quoc-chien)
quaternius/medieval-village-megakit/glTF	HoleCover_90Half	quaternius	CC0 (theo bo loc itch - kiem lai LICENSE trong goi)	node tools/tai_itch.mjs quaternius/medieval-village-megakit  (o repo quoc-chien)
quaternius/medieval-village-megakit/glTF	HoleCover_90Stairs	quaternius	CC0 (theo bo loc itch - kiem lai LICENSE trong goi)	node tools/tai_itch.mjs quaternius/medieval-village-megakit  (o repo quoc-chien)
quaternius/medieval-village-megakit/glTF	HoleCover_Straight	quaternius	CC0 (theo bo loc itch - kiem lai LICENSE trong goi)	node tools/tai_itch.mjs quaternius/medieval-village-megakit  (o repo quoc-chien)
quaternius/medieval-village-megakit/glTF	HoleCover_StraightHalf	quaternius	CC0 (theo bo loc itch - kiem lai LICENSE trong goi)	node tools/tai_itch.mjs quaternius/medieval-village-megakit  (o repo quoc-chien)
quaternius/medieval-village-megakit/glTF	Overhang_Plaster_Corner	quaternius	CC0 (theo bo loc itch - kiem lai LICENSE trong goi)	node tools/tai_itch.mjs quaternius/medieval-village-megakit  (o repo quoc-chien)
quaternius/medieval-village-megakit/glTF	Overhang_Plaster_Corner_Front	quaternius	CC0 (theo bo loc itch - kiem lai LICENSE trong goi)	node tools/tai_itch.mjs quaternius/medieval-village-megakit  (o repo quoc-chien)
quaternius/medieval-village-megakit/glTF	Overhang_Plaster_Long	quaternius	CC0 (theo bo loc itch - kiem lai LICENSE trong goi)	node tools/tai_itch.mjs quaternius/medieval-village-megakit  (o repo quoc-chien)
quaternius/medieval-village-megakit/glTF	Overhang_Plaster_Short	quaternius	CC0 (theo bo loc itch - kiem lai LICENSE trong goi)	node tools/tai_itch.mjs quaternius/medieval-village-megakit  (o repo quoc-chien)
quaternius/medieval-village-megakit/glTF	Overhang_RoofIncline_Plaster	quaternius	CC0 (theo bo loc itch - kiem lai LICENSE trong goi)	node tools/tai_itch.mjs quaternius/medieval-village-megakit  (o repo quoc-chien)
quaternius/medieval-village-megakit/glTF	Overhang_RoofIncline_UnevenBricks	quaternius	CC0 (theo bo loc itch - kiem lai LICENSE trong goi)	node tools/tai_itch.mjs quaternius/medieval-village-megakit  (o repo quoc-chien)
quaternius/medieval-village-megakit/glTF	Overhang_Roof_Plaster	quaternius	CC0 (theo bo loc itch - kiem lai LICENSE trong goi)	node tools/tai_itch.mjs quaternius/medieval-village-megakit  (o repo quoc-chien)
quaternius/medieval-village-megakit/glTF	Overhang_Roof_UnevenBricks	quaternius	CC0 (theo bo loc itch - kiem lai LICENSE trong goi)	node tools/tai_itch.mjs quaternius/medieval-village-megakit  (o repo quoc-chien)
quaternius/medieval-village-megakit/glTF	Overhang_Side_Plaster_Long_L	quaternius	CC0 (theo bo loc itch - kiem lai LICENSE trong goi)	node tools/tai_itch.mjs quaternius/medieval-village-megakit  (o repo quoc-chien)
quaternius/medieval-village-megakit/glTF	Overhang_Side_Plaster_Long_R	quaternius	CC0 (theo bo loc itch - kiem lai LICENSE trong goi)	node tools/tai_itch.mjs quaternius/medieval-village-megakit  (o repo quoc-chien)
quaternius/medieval-village-megakit/glTF	Overhang_Side_Plaster_Short_L	quaternius	CC0 (theo bo loc itch - kiem lai LICENSE trong goi)	node tools/tai_itch.mjs quaternius/medieval-village-megakit  (o repo quoc-chien)
quaternius/medieval-village-megakit/glTF	Overhang_Side_Plaster_Short_R	quaternius	CC0 (theo bo loc itch - kiem lai LICENSE trong goi)	node tools/tai_itch.mjs quaternius/medieval-village-megakit  (o repo quoc-chien)
quaternius/medieval-village-megakit/glTF	Overhang_Side_UnevenBrick_Long_L	quaternius	CC0 (theo bo loc itch - kiem lai LICENSE trong goi)	node tools/tai_itch.mjs quaternius/medieval-village-megakit  (o repo quoc-chien)
quaternius/medieval-village-megakit/glTF	Overhang_Side_UnevenBrick_Long_R	quaternius	CC0 (theo bo loc itch - kiem lai LICENSE trong goi)	node tools/tai_itch.mjs quaternius/medieval-village-megakit  (o repo quoc-chien)
quaternius/medieval-village-megakit/glTF	Overhang_Side_UnevenBrick_Short_L	quaternius	CC0 (theo bo loc itch - kiem lai LICENSE trong goi)	node tools/tai_itch.mjs quaternius/medieval-village-megakit  (o repo quoc-chien)
quaternius/medieval-village-megakit/glTF	Overhang_Side_UnevenBrick_Short_R	quaternius	CC0 (theo bo loc itch - kiem lai LICENSE trong goi)	node tools/tai_itch.mjs quaternius/medieval-village-megakit  (o repo quoc-chien)
quaternius/medieval-village-megakit/glTF	Overhang_UnevenBrick_Corner	quaternius	CC0 (theo bo loc itch - kiem lai LICENSE trong goi)	node tools/tai_itch.mjs quaternius/medieval-village-megakit  (o repo quoc-chien)
quaternius/medieval-village-megakit/glTF	Overhang_UnevenBrick_Corner_Front	quaternius	CC0 (theo bo loc itch - kiem lai LICENSE trong goi)	node tools/tai_itch.mjs quaternius/medieval-village-megakit  (o repo quoc-chien)
quaternius/medieval-village-megakit/glTF	Overhang_UnevenBrick_Long	quaternius	CC0 (theo bo loc itch - kiem lai LICENSE trong goi)	node tools/tai_itch.mjs quaternius/medieval-village-megakit  (o repo quoc-chien)
quaternius/medieval-village-megakit/glTF	Overhang_UnevenBrick_Short	quaternius	CC0 (theo bo loc itch - kiem lai LICENSE trong goi)	node tools/tai_itch.mjs quaternius/medieval-village-megakit  (o repo quoc-chien)
quaternius/medieval-village-megakit/glTF	Prop_Brick1	quaternius	CC0 (theo bo loc itch - kiem lai LICENSE trong goi)	node tools/tai_itch.mjs quaternius/medieval-village-megakit  (o repo quoc-chien)
quaternius/medieval-village-megakit/glTF	Prop_Brick2	quaternius	CC0 (theo bo loc itch - kiem lai LICENSE trong goi)	node tools/tai_itch.mjs quaternius/medieval-village-megakit  (o repo quoc-chien)
quaternius/medieval-village-megakit/glTF	Prop_Brick3	quaternius	CC0 (theo bo loc itch - kiem lai LICENSE trong goi)	node tools/tai_itch.mjs quaternius/medieval-village-megakit  (o repo quoc-chien)
quaternius/medieval-village-megakit/glTF	Prop_Brick4	quaternius	CC0 (theo bo loc itch - kiem lai LICENSE trong goi)	node tools/tai_itch.mjs quaternius/medieval-village-megakit  (o repo quoc-chien)
quaternius/medieval-village-megakit/glTF	Prop_Chimney	quaternius	CC0 (theo bo loc itch - kiem lai LICENSE trong goi)	node tools/tai_itch.mjs quaternius/medieval-village-megakit  (o repo quoc-chien)
quaternius/medieval-village-megakit/glTF	Prop_Chimney2	quaternius	CC0 (theo bo loc itch - kiem lai LICENSE trong goi)	node tools/tai_itch.mjs quaternius/medieval-village-megakit  (o repo quoc-chien)
quaternius/medieval-village-megakit/glTF	Prop_Crate	quaternius	CC0 (theo bo loc itch - kiem lai LICENSE trong goi)	node tools/tai_itch.mjs quaternius/medieval-village-megakit  (o repo quoc-chien)
quaternius/medieval-village-megakit/glTF	Prop_ExteriorBorder_Corner	quaternius	CC0 (theo bo loc itch - kiem lai LICENSE trong goi)	node tools/tai_itch.mjs quaternius/medieval-village-megakit  (o repo quoc-chien)
quaternius/medieval-village-megakit/glTF	Prop_ExteriorBorder_Straight1	quaternius	CC0 (theo bo loc itch - kiem lai LICENSE trong goi)	node tools/tai_itch.mjs quaternius/medieval-village-megakit  (o repo quoc-chien)
quaternius/medieval-village-megakit/glTF	Prop_ExteriorBorder_Straight2	quaternius	CC0 (theo bo loc itch - kiem lai LICENSE trong goi)	node tools/tai_itch.mjs quaternius/medieval-village-megakit  (o repo quoc-chien)
quaternius/medieval-village-megakit/glTF	Prop_MetalFence_Ornament	quaternius	CC0 (theo bo loc itch - kiem lai LICENSE trong goi)	node tools/tai_itch.mjs quaternius/medieval-village-megakit  (o repo quoc-chien)
quaternius/medieval-village-megakit/glTF	Prop_MetalFence_Simple	quaternius	CC0 (theo bo loc itch - kiem lai LICENSE trong goi)	node tools/tai_itch.mjs quaternius/medieval-village-megakit  (o repo quoc-chien)
quaternius/medieval-village-megakit/glTF	Prop_Support	quaternius	CC0 (theo bo loc itch - kiem lai LICENSE trong goi)	node tools/tai_itch.mjs quaternius/medieval-village-megakit  (o repo quoc-chien)
quaternius/medieval-village-megakit/glTF	Prop_Vine1	quaternius	CC0 (theo bo loc itch - kiem lai LICENSE trong goi)	node tools/tai_itch.mjs quaternius/medieval-village-megakit  (o repo quoc-chien)
quaternius/medieval-village-megakit/glTF	Prop_Vine2	quaternius	CC0 (theo bo loc itch - kiem lai LICENSE trong goi)	node tools/tai_itch.mjs quaternius/medieval-village-megakit  (o repo quoc-chien)
quaternius/medieval-village-megakit/glTF	Prop_Vine4	quaternius	CC0 (theo bo loc itch - kiem lai LICENSE trong goi)	node tools/tai_itch.mjs quaternius/medieval-village-megakit  (o repo quoc-chien)
quaternius/medieval-village-megakit/glTF	Prop_Vine5	quaternius	CC0 (theo bo loc itch - kiem lai LICENSE trong goi)	node tools/tai_itch.mjs quaternius/medieval-village-megakit  (o repo quoc-chien)
quaternius/medieval-village-megakit/glTF	Prop_Vine6	quaternius	CC0 (theo bo loc itch - kiem lai LICENSE trong goi)	node tools/tai_itch.mjs quaternius/medieval-village-megakit  (o repo quoc-chien)
quaternius/medieval-village-megakit/glTF	Prop_Vine9	quaternius	CC0 (theo bo loc itch - kiem lai LICENSE trong goi)	node tools/tai_itch.mjs quaternius/medieval-village-megakit  (o repo quoc-chien)
quaternius/medieval-village-megakit/glTF	Prop_Wagon	quaternius	CC0 (theo bo loc itch - kiem lai LICENSE trong goi)	node tools/tai_itch.mjs quaternius/medieval-village-megakit  (o repo quoc-chien)
quaternius/medieval-village-megakit/glTF	Prop_WoodenFence_Extension1	quaternius	CC0 (theo bo loc itch - kiem lai LICENSE trong goi)	node tools/tai_itch.mjs quaternius/medieval-village-megakit  (o repo quoc-chien)
quaternius/medieval-village-megakit/glTF	Prop_WoodenFence_Extension2	quaternius	CC0 (theo bo loc itch - kiem lai LICENSE trong goi)	node tools/tai_itch.mjs quaternius/medieval-village-megakit  (o repo quoc-chien)
quaternius/medieval-village-megakit/glTF	Prop_WoodenFence_Single	quaternius	CC0 (theo bo loc itch - kiem lai LICENSE trong goi)	node tools/tai_itch.mjs quaternius/medieval-village-megakit  (o repo quoc-chien)
quaternius/medieval-village-megakit/glTF	Roof_2x4_RoundTile	quaternius	CC0 (theo bo loc itch - kiem lai LICENSE trong goi)	node tools/tai_itch.mjs quaternius/medieval-village-megakit  (o repo quoc-chien)
quaternius/medieval-village-megakit/glTF	Roof_Dormer_RoundTile	quaternius	CC0 (theo bo loc itch - kiem lai LICENSE trong goi)	node tools/tai_itch.mjs quaternius/medieval-village-megakit  (o repo quoc-chien)
quaternius/medieval-village-megakit/glTF	Roof_FrontSupports	quaternius	CC0 (theo bo loc itch - kiem lai LICENSE trong goi)	node tools/tai_itch.mjs quaternius/medieval-village-megakit  (o repo quoc-chien)
quaternius/medieval-village-megakit/glTF	Roof_Front_Brick2	quaternius	CC0 (theo bo loc itch - kiem lai LICENSE trong goi)	node tools/tai_itch.mjs quaternius/medieval-village-megakit  (o repo quoc-chien)
quaternius/medieval-village-megakit/glTF	Roof_Front_Brick4	quaternius	CC0 (theo bo loc itch - kiem lai LICENSE trong goi)	node tools/tai_itch.mjs quaternius/medieval-village-megakit  (o repo quoc-chien)
quaternius/medieval-village-megakit/glTF	Roof_Front_Brick4_Half_L	quaternius	CC0 (theo bo loc itch - kiem lai LICENSE trong goi)	node tools/tai_itch.mjs quaternius/medieval-village-megakit  (o repo quoc-chien)
quaternius/medieval-village-megakit/glTF	Roof_Front_Brick4_Half_R	quaternius	CC0 (theo bo loc itch - kiem lai LICENSE trong goi)	node tools/tai_itch.mjs quaternius/medieval-village-megakit  (o repo quoc-chien)
quaternius/medieval-village-megakit/glTF	Roof_Front_Brick6	quaternius	CC0 (theo bo loc itch - kiem lai LICENSE trong goi)	node tools/tai_itch.mjs quaternius/medieval-village-megakit  (o repo quoc-chien)
quaternius/medieval-village-megakit/glTF	Roof_Front_Brick6_Half_L	quaternius	CC0 (theo bo loc itch - kiem lai LICENSE trong goi)	node tools/tai_itch.mjs quaternius/medieval-village-megakit  (o repo quoc-chien)
quaternius/medieval-village-megakit/glTF	Roof_Front_Brick6_Half_R	quaternius	CC0 (theo bo loc itch - kiem lai LICENSE trong goi)	node tools/tai_itch.mjs quaternius/medieval-village-megakit  (o repo quoc-chien)
quaternius/medieval-village-megakit/glTF	Roof_Front_Brick8	quaternius	CC0 (theo bo loc itch - kiem lai LICENSE trong goi)	node tools/tai_itch.mjs quaternius/medieval-village-megakit  (o repo quoc-chien)
quaternius/medieval-village-megakit/glTF	Roof_Front_Brick8_Half_L	quaternius	CC0 (theo bo loc itch - kiem lai LICENSE trong goi)	node tools/tai_itch.mjs quaternius/medieval-village-megakit  (o repo quoc-chien)
quaternius/medieval-village-megakit/glTF	Roof_Front_Brick8_Half_R	quaternius	CC0 (theo bo loc itch - kiem lai LICENSE trong goi)	node tools/tai_itch.mjs quaternius/medieval-village-megakit  (o repo quoc-chien)
quaternius/medieval-village-megakit/glTF	Roof_Log	quaternius	CC0 (theo bo loc itch - kiem lai LICENSE trong goi)	node tools/tai_itch.mjs quaternius/medieval-village-megakit  (o repo quoc-chien)
quaternius/medieval-village-megakit/glTF	Roof_Modular_RoundTiles	quaternius	CC0 (theo bo loc itch - kiem lai LICENSE trong goi)	node tools/tai_itch.mjs quaternius/medieval-village-megakit  (o repo quoc-chien)
quaternius/medieval-village-megakit/glTF	Roof_RoundTile_2x1	quaternius	CC0 (theo bo loc itch - kiem lai LICENSE trong goi)	node tools/tai_itch.mjs quaternius/medieval-village-megakit  (o repo quoc-chien)
quaternius/medieval-village-megakit/glTF	Roof_RoundTile_2x1_Long	quaternius	CC0 (theo bo loc itch - kiem lai LICENSE trong goi)	node tools/tai_itch.mjs quaternius/medieval-village-megakit  (o repo quoc-chien)
quaternius/medieval-village-megakit/glTF	Roof_RoundTiles_4x4	quaternius	CC0 (theo bo loc itch - kiem lai LICENSE trong goi)	node tools/tai_itch.mjs quaternius/medieval-village-megakit  (o repo quoc-chien)
quaternius/medieval-village-megakit/glTF	Roof_RoundTiles_4x6	quaternius	CC0 (theo bo loc itch - kiem lai LICENSE trong goi)	node tools/tai_itch.mjs quaternius/medieval-village-megakit  (o repo quoc-chien)
quaternius/medieval-village-megakit/glTF	Roof_RoundTiles_4x8	quaternius	CC0 (theo bo loc itch - kiem lai LICENSE trong goi)	node tools/tai_itch.mjs quaternius/medieval-village-megakit  (o repo quoc-chien)
quaternius/medieval-village-megakit/glTF	Roof_RoundTiles_6x10	quaternius	CC0 (theo bo loc itch - kiem lai LICENSE trong goi)	node tools/tai_itch.mjs quaternius/medieval-village-megakit  (o repo quoc-chien)
quaternius/medieval-village-megakit/glTF	Roof_RoundTiles_6x12	quaternius	CC0 (theo bo loc itch - kiem lai LICENSE trong goi)	node tools/tai_itch.mjs quaternius/medieval-village-megakit  (o repo quoc-chien)
quaternius/medieval-village-megakit/glTF	Roof_RoundTiles_6x14	quaternius	CC0 (theo bo loc itch - kiem lai LICENSE trong goi)	node tools/tai_itch.mjs quaternius/medieval-village-megakit  (o repo quoc-chien)
quaternius/medieval-village-megakit/glTF	Roof_RoundTiles_6x4	quaternius	CC0 (theo bo loc itch - kiem lai LICENSE trong goi)	node tools/tai_itch.mjs quaternius/medieval-village-megakit  (o repo quoc-chien)
quaternius/medieval-village-megakit/glTF	Roof_RoundTiles_6x6	quaternius	CC0 (theo bo loc itch - kiem lai LICENSE trong goi)	node tools/tai_itch.mjs quaternius/medieval-village-megakit  (o repo quoc-chien)
quaternius/medieval-village-megakit/glTF	Roof_RoundTiles_6x8	quaternius	CC0 (theo bo loc itch - kiem lai LICENSE trong goi)	node tools/tai_itch.mjs quaternius/medieval-village-megakit  (o repo quoc-chien)
quaternius/medieval-village-megakit/glTF	Roof_RoundTiles_8x10	quaternius	CC0 (theo bo loc itch - kiem lai LICENSE trong goi)	node tools/tai_itch.mjs quaternius/medieval-village-megakit  (o repo quoc-chien)
quaternius/medieval-village-megakit/glTF	Roof_RoundTiles_8x12	quaternius	CC0 (theo bo loc itch - kiem lai LICENSE trong goi)	node tools/tai_itch.mjs quaternius/medieval-village-megakit  (o repo quoc-chien)
quaternius/medieval-village-megakit/glTF	Roof_RoundTiles_8x14	quaternius	CC0 (theo bo loc itch - kiem lai LICENSE trong goi)	node tools/tai_itch.mjs quaternius/medieval-village-megakit  (o repo quoc-chien)
quaternius/medieval-village-megakit/glTF	Roof_RoundTiles_8x8	quaternius	CC0 (theo bo loc itch - kiem lai LICENSE trong goi)	node tools/tai_itch.mjs quaternius/medieval-village-megakit  (o repo quoc-chien)
quaternius/medieval-village-megakit/glTF	Roof_Support2	quaternius	CC0 (theo bo loc itch - kiem lai LICENSE trong goi)	node tools/tai_itch.mjs quaternius/medieval-village-megakit  (o repo quoc-chien)
quaternius/medieval-village-megakit/glTF	Roof_Tower_RoundTiles	quaternius	CC0 (theo bo loc itch - kiem lai LICENSE trong goi)	node tools/tai_itch.mjs quaternius/medieval-village-megakit  (o repo quoc-chien)
quaternius/medieval-village-megakit/glTF	Roof_Wooden_2x1	quaternius	CC0 (theo bo loc itch - kiem lai LICENSE trong goi)	node tools/tai_itch.mjs quaternius/medieval-village-megakit  (o repo quoc-chien)
quaternius/medieval-village-megakit/glTF	Roof_Wooden_2x1_Center	quaternius	CC0 (theo bo loc itch - kiem lai LICENSE trong goi)	node tools/tai_itch.mjs quaternius/medieval-village-megakit  (o repo quoc-chien)
quaternius/medieval-village-megakit/glTF	Roof_Wooden_2x1_Center_Mirror	quaternius	CC0 (theo bo loc itch - kiem lai LICENSE trong goi)	node tools/tai_itch.mjs quaternius/medieval-village-megakit  (o repo quoc-chien)
quaternius/medieval-village-megakit/glTF	Roof_Wooden_2x1_Corner	quaternius	CC0 (theo bo loc itch - kiem lai LICENSE trong goi)	node tools/tai_itch.mjs quaternius/medieval-village-megakit  (o repo quoc-chien)
quaternius/medieval-village-megakit/glTF	Roof_Wooden_2x1_L	quaternius	CC0 (theo bo loc itch - kiem lai LICENSE trong goi)	node tools/tai_itch.mjs quaternius/medieval-village-megakit  (o repo quoc-chien)
quaternius/medieval-village-megakit/glTF	Roof_Wooden_2x1_Middle	quaternius	CC0 (theo bo loc itch - kiem lai LICENSE trong goi)	node tools/tai_itch.mjs quaternius/medieval-village-megakit  (o repo quoc-chien)
quaternius/medieval-village-megakit/glTF	Roof_Wooden_2x1_R	quaternius	CC0 (theo bo loc itch - kiem lai LICENSE trong goi)	node tools/tai_itch.mjs quaternius/medieval-village-megakit  (o repo quoc-chien)
quaternius/medieval-village-megakit/glTF	Stair_Interior_Rails	quaternius	CC0 (theo bo loc itch - kiem lai LICENSE trong goi)	node tools/tai_itch.mjs quaternius/medieval-village-megakit  (o repo quoc-chien)
quaternius/medieval-village-megakit/glTF	Stair_Interior_Simple	quaternius	CC0 (theo bo loc itch - kiem lai LICENSE trong goi)	node tools/tai_itch.mjs quaternius/medieval-village-megakit  (o repo quoc-chien)
quaternius/medieval-village-megakit/glTF	Stair_Interior_Solid	quaternius	CC0 (theo bo loc itch - kiem lai LICENSE trong goi)	node tools/tai_itch.mjs quaternius/medieval-village-megakit  (o repo quoc-chien)
quaternius/medieval-village-megakit/glTF	Stair_Interior_SolidExtended	quaternius	CC0 (theo bo loc itch - kiem lai LICENSE trong goi)	node tools/tai_itch.mjs quaternius/medieval-village-megakit  (o repo quoc-chien)
quaternius/medieval-village-megakit/glTF	Stairs_Exterior_NoFirstStep	quaternius	CC0 (theo bo loc itch - kiem lai LICENSE trong goi)	node tools/tai_itch.mjs quaternius/medieval-village-megakit  (o repo quoc-chien)
quaternius/medieval-village-megakit/glTF	Stairs_Exterior_Platform	quaternius	CC0 (theo bo loc itch - kiem lai LICENSE trong goi)	node tools/tai_itch.mjs quaternius/medieval-village-megakit  (o repo quoc-chien)
quaternius/medieval-village-megakit/glTF	Stairs_Exterior_Platform45	quaternius	CC0 (theo bo loc itch - kiem lai LICENSE trong goi)	node tools/tai_itch.mjs quaternius/medieval-village-megakit  (o repo quoc-chien)
quaternius/medieval-village-megakit/glTF	Stairs_Exterior_Platform45Clean	quaternius	CC0 (theo bo loc itch - kiem lai LICENSE trong goi)	node tools/tai_itch.mjs quaternius/medieval-village-megakit  (o repo quoc-chien)
quaternius/medieval-village-megakit/glTF	Stairs_Exterior_PlatformU	quaternius	CC0 (theo bo loc itch - kiem lai LICENSE trong goi)	node tools/tai_itch.mjs quaternius/medieval-village-megakit  (o repo quoc-chien)
quaternius/medieval-village-megakit/glTF	Stairs_Exterior_SidePlatform	quaternius	CC0 (theo bo loc itch - kiem lai LICENSE trong goi)	node tools/tai_itch.mjs quaternius/medieval-village-megakit  (o repo quoc-chien)
quaternius/medieval-village-megakit/glTF	Stairs_Exterior_Sides	quaternius	CC0 (theo bo loc itch - kiem lai LICENSE trong goi)	node tools/tai_itch.mjs quaternius/medieval-village-megakit  (o repo quoc-chien)
quaternius/medieval-village-megakit/glTF	Stairs_Exterior_Sides45	quaternius	CC0 (theo bo loc itch - kiem lai LICENSE trong goi)	node tools/tai_itch.mjs quaternius/medieval-village-megakit  (o repo quoc-chien)
quaternius/medieval-village-megakit/glTF	Stairs_Exterior_SidesU	quaternius	CC0 (theo bo loc itch - kiem lai LICENSE trong goi)	node tools/tai_itch.mjs quaternius/medieval-village-megakit  (o repo quoc-chien)
quaternius/medieval-village-megakit/glTF	Stairs_Exterior_SingleSide	quaternius	CC0 (theo bo loc itch - kiem lai LICENSE trong goi)	node tools/tai_itch.mjs quaternius/medieval-village-megakit  (o repo quoc-chien)
quaternius/medieval-village-megakit/glTF	Stairs_Exterior_SingleSideThick	quaternius	CC0 (theo bo loc itch - kiem lai LICENSE trong goi)	node tools/tai_itch.mjs quaternius/medieval-village-megakit  (o repo quoc-chien)
quaternius/medieval-village-megakit/glTF	Stairs_Exterior_Straight	quaternius	CC0 (theo bo loc itch - kiem lai LICENSE trong goi)	node tools/tai_itch.mjs quaternius/medieval-village-megakit  (o repo quoc-chien)
quaternius/medieval-village-megakit/glTF	Stairs_Exterior_Straight_Center	quaternius	CC0 (theo bo loc itch - kiem lai LICENSE trong goi)	node tools/tai_itch.mjs quaternius/medieval-village-megakit  (o repo quoc-chien)
quaternius/medieval-village-megakit/glTF	Stairs_Exterior_Straight_L	quaternius	CC0 (theo bo loc itch - kiem lai LICENSE trong goi)	node tools/tai_itch.mjs quaternius/medieval-village-megakit  (o repo quoc-chien)
quaternius/medieval-village-megakit/glTF	Stairs_Exterior_Straight_R	quaternius	CC0 (theo bo loc itch - kiem lai LICENSE trong goi)	node tools/tai_itch.mjs quaternius/medieval-village-megakit  (o repo quoc-chien)
quaternius/medieval-village-megakit/glTF	Wall_Arch	quaternius	CC0 (theo bo loc itch - kiem lai LICENSE trong goi)	node tools/tai_itch.mjs quaternius/medieval-village-megakit  (o repo quoc-chien)
quaternius/medieval-village-megakit/glTF	Wall_BottomCover	quaternius	CC0 (theo bo loc itch - kiem lai LICENSE trong goi)	node tools/tai_itch.mjs quaternius/medieval-village-megakit  (o repo quoc-chien)
quaternius/medieval-village-megakit/glTF	Wall_Plaster_Door_Flat	quaternius	CC0 (theo bo loc itch - kiem lai LICENSE trong goi)	node tools/tai_itch.mjs quaternius/medieval-village-megakit  (o repo quoc-chien)
quaternius/medieval-village-megakit/glTF	Wall_Plaster_Door_Round	quaternius	CC0 (theo bo loc itch - kiem lai LICENSE trong goi)	node tools/tai_itch.mjs quaternius/medieval-village-megakit  (o repo quoc-chien)
quaternius/medieval-village-megakit/glTF	Wall_Plaster_Door_RoundInset	quaternius	CC0 (theo bo loc itch - kiem lai LICENSE trong goi)	node tools/tai_itch.mjs quaternius/medieval-village-megakit  (o repo quoc-chien)
quaternius/medieval-village-megakit/glTF	Wall_Plaster_Straight	quaternius	CC0 (theo bo loc itch - kiem lai LICENSE trong goi)	node tools/tai_itch.mjs quaternius/medieval-village-megakit  (o repo quoc-chien)
quaternius/medieval-village-megakit/glTF	Wall_Plaster_Straight_Base	quaternius	CC0 (theo bo loc itch - kiem lai LICENSE trong goi)	node tools/tai_itch.mjs quaternius/medieval-village-megakit  (o repo quoc-chien)
quaternius/medieval-village-megakit/glTF	Wall_Plaster_Straight_L	quaternius	CC0 (theo bo loc itch - kiem lai LICENSE trong goi)	node tools/tai_itch.mjs quaternius/medieval-village-megakit  (o repo quoc-chien)
quaternius/medieval-village-megakit/glTF	Wall_Plaster_Straight_R	quaternius	CC0 (theo bo loc itch - kiem lai LICENSE trong goi)	node tools/tai_itch.mjs quaternius/medieval-village-megakit  (o repo quoc-chien)
quaternius/medieval-village-megakit/glTF	Wall_Plaster_Window_Thin_Round	quaternius	CC0 (theo bo loc itch - kiem lai LICENSE trong goi)	node tools/tai_itch.mjs quaternius/medieval-village-megakit  (o repo quoc-chien)
quaternius/medieval-village-megakit/glTF	Wall_Plaster_Window_Wide_Flat	quaternius	CC0 (theo bo loc itch - kiem lai LICENSE trong goi)	node tools/tai_itch.mjs quaternius/medieval-village-megakit  (o repo quoc-chien)
quaternius/medieval-village-megakit/glTF	Wall_Plaster_Window_Wide_Flat2	quaternius	CC0 (theo bo loc itch - kiem lai LICENSE trong goi)	node tools/tai_itch.mjs quaternius/medieval-village-megakit  (o repo quoc-chien)
quaternius/medieval-village-megakit/glTF	Wall_Plaster_Window_Wide_Round	quaternius	CC0 (theo bo loc itch - kiem lai LICENSE trong goi)	node tools/tai_itch.mjs quaternius/medieval-village-megakit  (o repo quoc-chien)
quaternius/medieval-village-megakit/glTF	Wall_Plaster_WoodGrid	quaternius	CC0 (theo bo loc itch - kiem lai LICENSE trong goi)	node tools/tai_itch.mjs quaternius/medieval-village-megakit  (o repo quoc-chien)
quaternius/medieval-village-megakit/glTF	Wall_UnevenBrick_Door_Flat	quaternius	CC0 (theo bo loc itch - kiem lai LICENSE trong goi)	node tools/tai_itch.mjs quaternius/medieval-village-megakit  (o repo quoc-chien)
quaternius/medieval-village-megakit/glTF	Wall_UnevenBrick_Door_Round	quaternius	CC0 (theo bo loc itch - kiem lai LICENSE trong goi)	node tools/tai_itch.mjs quaternius/medieval-village-megakit  (o repo quoc-chien)
quaternius/medieval-village-megakit/glTF	Wall_UnevenBrick_Straight	quaternius	CC0 (theo bo loc itch - kiem lai LICENSE trong goi)	node tools/tai_itch.mjs quaternius/medieval-village-megakit  (o repo quoc-chien)
quaternius/medieval-village-megakit/glTF	Wall_UnevenBrick_Window_Thin_Round	quaternius	CC0 (theo bo loc itch - kiem lai LICENSE trong goi)	node tools/tai_itch.mjs quaternius/medieval-village-megakit  (o repo quoc-chien)
quaternius/medieval-village-megakit/glTF	Wall_UnevenBrick_Window_Wide_Flat	quaternius	CC0 (theo bo loc itch - kiem lai LICENSE trong goi)	node tools/tai_itch.mjs quaternius/medieval-village-megakit  (o repo quoc-chien)
quaternius/medieval-village-megakit/glTF	Wall_UnevenBrick_Window_Wide_Round	quaternius	CC0 (theo bo loc itch - kiem lai LICENSE trong goi)	node tools/tai_itch.mjs quaternius/medieval-village-megakit  (o repo quoc-chien)
quaternius/medieval-village-megakit/glTF	WindowShutters_Thin_Flat_Closed	quaternius	CC0 (theo bo loc itch - kiem lai LICENSE trong goi)	node tools/tai_itch.mjs quaternius/medieval-village-megakit  (o repo quoc-chien)
quaternius/medieval-village-megakit/glTF	WindowShutters_Thin_Flat_Open	quaternius	CC0 (theo bo loc itch - kiem lai LICENSE trong goi)	node tools/tai_itch.mjs quaternius/medieval-village-megakit  (o repo quoc-chien)
quaternius/medieval-village-megakit/glTF	WindowShutters_Thin_Round_Closed	quaternius	CC0 (theo bo loc itch - kiem lai LICENSE trong goi)	node tools/tai_itch.mjs quaternius/medieval-village-megakit  (o repo quoc-chien)
quaternius/medieval-village-megakit/glTF	WindowShutters_Thin_Round_Open	quaternius	CC0 (theo bo loc itch - kiem lai LICENSE trong goi)	node tools/tai_itch.mjs quaternius/medieval-village-megakit  (o repo quoc-chien)
quaternius/medieval-village-megakit/glTF	WindowShutters_Wide_Flat_Closed	quaternius	CC0 (theo bo loc itch - kiem lai LICENSE trong goi)	node tools/tai_itch.mjs quaternius/medieval-village-megakit  (o repo quoc-chien)
quaternius/medieval-village-megakit/glTF	WindowShutters_Wide_Flat_Open	quaternius	CC0 (theo bo loc itch - kiem lai LICENSE trong goi)	node tools/tai_itch.mjs quaternius/medieval-village-megakit  (o repo quoc-chien)
quaternius/medieval-village-megakit/glTF	WindowShutters_Wide_Round_Closed	quaternius	CC0 (theo bo loc itch - kiem lai LICENSE trong goi)	node tools/tai_itch.mjs quaternius/medieval-village-megakit  (o repo quoc-chien)
quaternius/medieval-village-megakit/glTF	WindowShutters_Wide_Round_Open	quaternius	CC0 (theo bo loc itch - kiem lai LICENSE trong goi)	node tools/tai_itch.mjs quaternius/medieval-village-megakit  (o repo quoc-chien)
quaternius/medieval-village-megakit/glTF	Window_Roof_Thin	quaternius	CC0 (theo bo loc itch - kiem lai LICENSE trong goi)	node tools/tai_itch.mjs quaternius/medieval-village-megakit  (o repo quoc-chien)
quaternius/medieval-village-megakit/glTF	Window_Roof_Wide	quaternius	CC0 (theo bo loc itch - kiem lai LICENSE trong goi)	node tools/tai_itch.mjs quaternius/medieval-village-megakit  (o repo quoc-chien)
quaternius/medieval-village-megakit/glTF	Window_Thin_Flat1	quaternius	CC0 (theo bo loc itch - kiem lai LICENSE trong goi)	node tools/tai_itch.mjs quaternius/medieval-village-megakit  (o repo quoc-chien)
quaternius/medieval-village-megakit/glTF	Window_Thin_Round1	quaternius	CC0 (theo bo loc itch - kiem lai LICENSE trong goi)	node tools/tai_itch.mjs quaternius/medieval-village-megakit  (o repo quoc-chien)
quaternius/medieval-village-megakit/glTF	Window_Wide_Flat1	quaternius	CC0 (theo bo loc itch - kiem lai LICENSE trong goi)	node tools/tai_itch.mjs quaternius/medieval-village-megakit  (o repo quoc-chien)
quaternius/medieval-village-megakit/glTF	Window_Wide_Round1	quaternius	CC0 (theo bo loc itch - kiem lai LICENSE trong goi)	node tools/tai_itch.mjs quaternius/medieval-village-megakit  (o repo quoc-chien)
quaternius/medieval-weapons	Arrow	quaternius	?	?
quaternius/medieval-weapons	Axe	quaternius	?	?
quaternius/medieval-weapons	Axe_Double	quaternius	?	?
quaternius/medieval-weapons	Axe_Small	quaternius	?	?
quaternius/medieval-weapons	Bow_Evil	quaternius	?	?
quaternius/medieval-weapons	Bow_Golden	quaternius	?	?
quaternius/medieval-weapons	Bow_Wooden	quaternius	?	?
quaternius/medieval-weapons	Bow_Wooden2	quaternius	?	?
quaternius/medieval-weapons	Claymore	quaternius	?	?
quaternius/medieval-weapons	Dagger	quaternius	?	?
quaternius/medieval-weapons	Dagger_2	quaternius	?	?
quaternius/medieval-weapons	Hammer_Double	quaternius	?	?
quaternius/medieval-weapons	Hammer_Small	quaternius	?	?
quaternius/medieval-weapons	Scythe	quaternius	?	?
quaternius/medieval-weapons	Shield_Celtic_Golden	quaternius	?	?
quaternius/medieval-weapons	Shield_Heater	quaternius	?	?
quaternius/medieval-weapons	Shield_Heater_2	quaternius	?	?
quaternius/medieval-weapons	Shield_Round	quaternius	?	?
quaternius/medieval-weapons	Shield_Round_2	quaternius	?	?
quaternius/medieval-weapons	Spear	quaternius	?	?
quaternius/medieval-weapons	Sword	quaternius	?	?
quaternius/medieval-weapons	Sword_2	quaternius	?	?
quaternius/medieval-weapons	Sword_Big	quaternius	?	?
quaternius/medieval-weapons	Sword_Golden	quaternius	?	?
quaternius/modular-medieval-buildings	Banner	quaternius	?	?
quaternius/modular-medieval-buildings	Bridge	quaternius	?	?
quaternius/modular-medieval-buildings	Door	quaternius	?	?
quaternius/modular-medieval-buildings	Dummy	quaternius	?	?
quaternius/modular-medieval-buildings	LargeSimpleTower	quaternius	?	?
quaternius/modular-medieval-buildings	LargeSquareTower	quaternius	?	?
quaternius/modular-medieval-buildings	LargeSquareTowerBricks	quaternius	?	?
quaternius/modular-medieval-buildings	LargeTower	quaternius	?	?
quaternius/modular-medieval-buildings	PointyTower	quaternius	?	?
quaternius/modular-medieval-buildings	SimpleTowerBricks	quaternius	?	?
quaternius/modular-medieval-buildings	Simpletower	quaternius	?	?
quaternius/modular-medieval-buildings	SmallSquareTower	quaternius	?	?
quaternius/modular-medieval-buildings	SmallSquareTowerBricks	quaternius	?	?
quaternius/modular-medieval-buildings	SmallTower	quaternius	?	?
quaternius/modular-medieval-buildings	TallWall	quaternius	?	?
quaternius/modular-medieval-buildings	TallWallBricks	quaternius	?	?
quaternius/modular-medieval-buildings	TallWallEntrance	quaternius	?	?
quaternius/modular-medieval-buildings	Target	quaternius	?	?
quaternius/modular-medieval-buildings	TargetWithArrows	quaternius	?	?
quaternius/modular-medieval-buildings	Tower	quaternius	?	?
quaternius/modular-medieval-buildings	Tunnel	quaternius	?	?
quaternius/modular-medieval-buildings	Wall	quaternius	?	?
quaternius/modular-medieval-buildings	WallBricks	quaternius	?	?
quaternius/modular-medieval-buildings	WallEntrance	quaternius	?	?
quaternius/modular-medieval-buildings	WallEntranceBricks	quaternius	?	?
quaternius/modular-medieval-buildings	WatchTowerWRoof	quaternius	?	?
quaternius/modular-medieval-buildings	Watchtower	quaternius	?	?
quaternius/modular-medieval-buildings	Well	quaternius	?	?
quaternius/modular-medieval-buildings	WindowGothic	quaternius	?	?
quaternius/modular-medieval-buildings	WindowSquare	quaternius	?	?
quaternius/monster-pack-animated	Bat	quaternius	?	?
quaternius/monster-pack-animated	Dragon	quaternius	?	?
quaternius/monster-pack-animated	Skeleton	quaternius	?	?
quaternius/monster-pack-animated	Slime	quaternius	?	?
quaternius/nature	BirchTree_1	quaternius	?	?
quaternius/nature	BirchTree_2	quaternius	?	?
quaternius/nature	BirchTree_3	quaternius	?	?
quaternius/nature	BirchTree_4	quaternius	?	?
quaternius/nature	BirchTree_5	quaternius	?	?
quaternius/nature	BirchTree_Autumn_1	quaternius	?	?
quaternius/nature	BirchTree_Autumn_2	quaternius	?	?
quaternius/nature	BirchTree_Autumn_3	quaternius	?	?
quaternius/nature	BirchTree_Autumn_4	quaternius	?	?
quaternius/nature	BirchTree_Autumn_5	quaternius	?	?
quaternius/nature	BirchTree_Dead_1	quaternius	?	?
quaternius/nature	BirchTree_Dead_2	quaternius	?	?
quaternius/nature	BirchTree_Dead_3	quaternius	?	?
quaternius/nature	BirchTree_Dead_4	quaternius	?	?
quaternius/nature	BirchTree_Dead_5	quaternius	?	?
quaternius/nature	BirchTree_Dead_Snow_1	quaternius	?	?
quaternius/nature	BirchTree_Dead_Snow_2	quaternius	?	?
quaternius/nature	BirchTree_Dead_Snow_3	quaternius	?	?
quaternius/nature	BirchTree_Dead_Snow_4	quaternius	?	?
quaternius/nature	BirchTree_Dead_Snow_5	quaternius	?	?
quaternius/nature	BirchTree_Snow_1	quaternius	?	?
quaternius/nature	BirchTree_Snow_2	quaternius	?	?
quaternius/nature	BirchTree_Snow_3	quaternius	?	?
quaternius/nature	BirchTree_Snow_4	quaternius	?	?
quaternius/nature	BirchTree_Snow_5	quaternius	?	?
quaternius/nature	BushBerries_1	quaternius	?	?
quaternius/nature	BushBerries_2	quaternius	?	?
quaternius/nature	Bush_1	quaternius	?	?
quaternius/nature	Bush_2	quaternius	?	?
quaternius/nature	Bush_Snow_1	quaternius	?	?
quaternius/nature	Bush_Snow_2	quaternius	?	?
quaternius/nature	CactusFlower_1	quaternius	?	?
quaternius/nature	CactusFlowers_2	quaternius	?	?
quaternius/nature	CactusFlowers_3	quaternius	?	?
quaternius/nature	CactusFlowers_4	quaternius	?	?
quaternius/nature	CactusFlowers_5	quaternius	?	?
quaternius/nature	Cactus_1	quaternius	?	?
quaternius/nature	Cactus_2	quaternius	?	?
quaternius/nature	Cactus_3	quaternius	?	?
quaternius/nature	Cactus_4	quaternius	?	?
quaternius/nature	Cactus_5	quaternius	?	?
quaternius/nature	CommonTree_1	quaternius	?	?
quaternius/nature	CommonTree_2	quaternius	?	?
quaternius/nature	CommonTree_3	quaternius	?	?
quaternius/nature	CommonTree_4	quaternius	?	?
quaternius/nature	CommonTree_5	quaternius	?	?
quaternius/nature	CommonTree_Autumn_1	quaternius	?	?
quaternius/nature	CommonTree_Autumn_2	quaternius	?	?
quaternius/nature	CommonTree_Autumn_3	quaternius	?	?
quaternius/nature	CommonTree_Autumn_4	quaternius	?	?
quaternius/nature	CommonTree_Autumn_5	quaternius	?	?
quaternius/nature	CommonTree_Dead_1	quaternius	?	?
quaternius/nature	CommonTree_Dead_2	quaternius	?	?
quaternius/nature	CommonTree_Dead_3	quaternius	?	?
quaternius/nature	CommonTree_Dead_4	quaternius	?	?
quaternius/nature	CommonTree_Dead_5	quaternius	?	?
quaternius/nature	CommonTree_Dead_Snow_1	quaternius	?	?
quaternius/nature	CommonTree_Dead_Snow_2	quaternius	?	?
quaternius/nature	CommonTree_Dead_Snow_3	quaternius	?	?
quaternius/nature	CommonTree_Dead_Snow_4	quaternius	?	?
quaternius/nature	CommonTree_Dead_Snow_5	quaternius	?	?
quaternius/nature	CommonTree_Snow_1	quaternius	?	?
quaternius/nature	CommonTree_Snow_2	quaternius	?	?
quaternius/nature	CommonTree_Snow_3	quaternius	?	?
quaternius/nature	CommonTree_Snow_4	quaternius	?	?
quaternius/nature	CommonTree_Snow_5	quaternius	?	?
quaternius/nature	Corn_1	quaternius	?	?
quaternius/nature	Corn_2	quaternius	?	?
quaternius/nature	Flowers	quaternius	?	?
quaternius/nature	Grass	quaternius	?	?
quaternius/nature	Grass_2	quaternius	?	?
quaternius/nature	Grass_Short	quaternius	?	?
quaternius/nature	Lilypad	quaternius	?	?
quaternius/nature	PalmTree_1	quaternius	?	?
quaternius/nature	PalmTree_2	quaternius	?	?
quaternius/nature	PalmTree_3	quaternius	?	?
quaternius/nature	PalmTree_4	quaternius	?	?
quaternius/nature	PineTree_1	quaternius	?	?
quaternius/nature	PineTree_2	quaternius	?	?
quaternius/nature	PineTree_3	quaternius	?	?
quaternius/nature	PineTree_4	quaternius	?	?
quaternius/nature	PineTree_5	quaternius	?	?
quaternius/nature	PineTree_Autumn_1	quaternius	?	?
quaternius/nature	PineTree_Autumn_2	quaternius	?	?
quaternius/nature	PineTree_Autumn_3	quaternius	?	?
quaternius/nature	PineTree_Autumn_4	quaternius	?	?
quaternius/nature	PineTree_Autumn_5	quaternius	?	?
quaternius/nature	PineTree_Snow_1	quaternius	?	?
quaternius/nature	PineTree_Snow_2	quaternius	?	?
quaternius/nature	PineTree_Snow_3	quaternius	?	?
quaternius/nature	PineTree_Snow_4	quaternius	?	?
quaternius/nature	PineTree_Snow_5	quaternius	?	?
quaternius/nature	Plant_1	quaternius	?	?
quaternius/nature	Plant_2	quaternius	?	?
quaternius/nature	Plant_3	quaternius	?	?
quaternius/nature	Plant_4	quaternius	?	?
quaternius/nature	Plant_5	quaternius	?	?
quaternius/nature	Rock_1	quaternius	?	?
quaternius/nature	Rock_2	quaternius	?	?
quaternius/nature	Rock_3	quaternius	?	?
quaternius/nature	Rock_4	quaternius	?	?
quaternius/nature	Rock_5	quaternius	?	?
quaternius/nature	Rock_6	quaternius	?	?
quaternius/nature	Rock_7	quaternius	?	?
quaternius/nature	Rock_Moss_1	quaternius	?	?
quaternius/nature	Rock_Moss_2	quaternius	?	?
quaternius/nature	Rock_Moss_3	quaternius	?	?
quaternius/nature	Rock_Moss_4	quaternius	?	?
quaternius/nature	Rock_Moss_5	quaternius	?	?
quaternius/nature	Rock_Moss_6	quaternius	?	?
quaternius/nature	Rock_Moss_7	quaternius	?	?
quaternius/nature	Rock_Snow_1	quaternius	?	?
quaternius/nature	Rock_Snow_2	quaternius	?	?
quaternius/nature	Rock_Snow_3	quaternius	?	?
quaternius/nature	Rock_Snow_4	quaternius	?	?
quaternius/nature	Rock_Snow_5	quaternius	?	?
quaternius/nature	Rock_Snow_6	quaternius	?	?
quaternius/nature	Rock_Snow_7	quaternius	?	?
quaternius/nature	TreeStump	quaternius	?	?
quaternius/nature	TreeStump_Moss	quaternius	?	?
quaternius/nature	TreeStump_Snow	quaternius	?	?
quaternius/nature	Wheat	quaternius	?	?
quaternius/nature	Willow_1	quaternius	?	?
quaternius/nature	Willow_2	quaternius	?	?
quaternius/nature	Willow_3	quaternius	?	?
quaternius/nature	Willow_4	quaternius	?	?
quaternius/nature	Willow_5	quaternius	?	?
quaternius/nature	Willow_Autumn_1	quaternius	?	?
quaternius/nature	Willow_Autumn_2	quaternius	?	?
quaternius/nature	Willow_Autumn_3	quaternius	?	?
quaternius/nature	Willow_Autumn_4	quaternius	?	?
quaternius/nature	Willow_Autumn_5	quaternius	?	?
quaternius/nature	Willow_Dead_1	quaternius	?	?
quaternius/nature	Willow_Dead_2	quaternius	?	?
quaternius/nature	Willow_Dead_3	quaternius	?	?
quaternius/nature	Willow_Dead_4	quaternius	?	?
quaternius/nature	Willow_Dead_5	quaternius	?	?
quaternius/nature	Willow_Dead_Snow_1	quaternius	?	?
quaternius/nature	Willow_Dead_Snow_2	quaternius	?	?
quaternius/nature	Willow_Dead_Snow_3	quaternius	?	?
quaternius/nature	Willow_Dead_Snow_4	quaternius	?	?
quaternius/nature	Willow_Dead_Snow_5	quaternius	?	?
quaternius/nature	Willow_Snow_1	quaternius	?	?
quaternius/nature	Willow_Snow_2	quaternius	?	?
quaternius/nature	Willow_Snow_3	quaternius	?	?
quaternius/nature	Willow_Snow_4	quaternius	?	?
quaternius/nature	Willow_Snow_5	quaternius	?	?
quaternius/nature	WoodLog	quaternius	?	?
quaternius/nature	WoodLog_Moss	quaternius	?	?
quaternius/nature	WoodLog_Snow	quaternius	?	?
quaternius/rpg-items	Armor_Black	quaternius	?	?
quaternius/rpg-items	Armor_Golden	quaternius	?	?
quaternius/rpg-items	Armor_Leather	quaternius	?	?
quaternius/rpg-items	Armor_Metal	quaternius	?	?
quaternius/rpg-items	Armor_Metal2	quaternius	?	?
quaternius/rpg-items	Arrow	quaternius	?	?
quaternius/rpg-items	Arrow_Golden	quaternius	?	?
quaternius/rpg-items	Axe_Double	quaternius	?	?
quaternius/rpg-items	Axe_Double_Golden	quaternius	?	?
quaternius/rpg-items	Axe_small	quaternius	?	?
quaternius/rpg-items	Axe_small_Golden	quaternius	?	?
quaternius/rpg-items	Backpack	quaternius	?	?
quaternius/rpg-items	Bag	quaternius	?	?
quaternius/rpg-items	Bone	quaternius	?	?
quaternius/rpg-items	Book1_Closed	quaternius	?	?
quaternius/rpg-items	Book1_Open	quaternius	?	?
quaternius/rpg-items	Book2_Closed	quaternius	?	?
quaternius/rpg-items	Book2_Open	quaternius	?	?
quaternius/rpg-items	Book3_Closed	quaternius	?	?
quaternius/rpg-items	Book3_Open	quaternius	?	?
quaternius/rpg-items	Book4_Closed	quaternius	?	?
quaternius/rpg-items	Book4_Open	quaternius	?	?
quaternius/rpg-items	Bow_Golden	quaternius	?	?
quaternius/rpg-items	Bow_Wooden	quaternius	?	?
quaternius/rpg-items	Chalice	quaternius	?	?
quaternius/rpg-items	Chest_Closed	quaternius	?	?
quaternius/rpg-items	Chest_Ingots	quaternius	?	?
quaternius/rpg-items	Chest_Open	quaternius	?	?
quaternius/rpg-items	ChickenLeg	quaternius	?	?
quaternius/rpg-items	Coin	quaternius	?	?
quaternius/rpg-items	Coin_Skull	quaternius	?	?
quaternius/rpg-items	Coin_Star	quaternius	?	?
quaternius/rpg-items	Crown	quaternius	?	?
quaternius/rpg-items	Crown2	quaternius	?	?
quaternius/rpg-items	Crystal1	quaternius	?	?
quaternius/rpg-items	Crystal1_Damaged	quaternius	?	?
quaternius/rpg-items	Crystal2	quaternius	?	?
quaternius/rpg-items	Crystal2_Damaged	quaternius	?	?
quaternius/rpg-items	Crystal3	quaternius	?	?
quaternius/rpg-items	Crystal3_Damaged	quaternius	?	?
quaternius/rpg-items	Crystal4	quaternius	?	?
quaternius/rpg-items	Crystal5	quaternius	?	?
quaternius/rpg-items	Crystal5_Damaged	quaternius	?	?
quaternius/rpg-items	Dagger	quaternius	?	?
quaternius/rpg-items	Dagger_Golden	quaternius	?	?
quaternius/rpg-items	Dart	quaternius	?	?
quaternius/rpg-items	Dart_Golden	quaternius	?	?
quaternius/rpg-items	FishBone	quaternius	?	?
quaternius/rpg-items	Glove	quaternius	?	?
quaternius/rpg-items	Gold_Ingots	quaternius	?	?
quaternius/rpg-items	Hammer_Double	quaternius	?	?
quaternius/rpg-items	Hammer_Double_Golden	quaternius	?	?
quaternius/rpg-items	Heart	quaternius	?	?
quaternius/rpg-items	Heart_Broken	quaternius	?	?
quaternius/rpg-items	Heart_Half	quaternius	?	?
quaternius/rpg-items	Key1	quaternius	?	?
quaternius/rpg-items	Key2	quaternius	?	?
quaternius/rpg-items	Key3	quaternius	?	?
quaternius/rpg-items	Key4	quaternius	?	?
quaternius/rpg-items	Mineral	quaternius	?	?
quaternius/rpg-items	Necklace1	quaternius	?	?
quaternius/rpg-items	Necklace2	quaternius	?	?
quaternius/rpg-items	Necklace3	quaternius	?	?
quaternius/rpg-items	Padlock	quaternius	?	?
quaternius/rpg-items	Parchment	quaternius	?	?
quaternius/rpg-items	Potion10_Empty	quaternius	?	?
quaternius/rpg-items	Potion10_Filled	quaternius	?	?
quaternius/rpg-items	Potion11_Empty	quaternius	?	?
quaternius/rpg-items	Potion11_Filled	quaternius	?	?
quaternius/rpg-items	Potion1_Empty	quaternius	?	?
quaternius/rpg-items	Potion1_Filled	quaternius	?	?
quaternius/rpg-items	Potion2_Empty	quaternius	?	?
quaternius/rpg-items	Potion2_Filled	quaternius	?	?
quaternius/rpg-items	Potion3_Empty	quaternius	?	?
quaternius/rpg-items	Potion3_Filled	quaternius	?	?
quaternius/rpg-items	Potion4_Empty	quaternius	?	?
quaternius/rpg-items	Potion4_Filled	quaternius	?	?
quaternius/rpg-items	Potion5_Empty	quaternius	?	?
quaternius/rpg-items	Potion5_Filled	quaternius	?	?
quaternius/rpg-items	Potion6_Empty	quaternius	?	?
quaternius/rpg-items	Potion6_Filled	quaternius	?	?
quaternius/rpg-items	Potion7_Empty	quaternius	?	?
quaternius/rpg-items	Potion7_Filled	quaternius	?	?
quaternius/rpg-items	Potion8_Empty	quaternius	?	?
quaternius/rpg-items	Potion8_Filled	quaternius	?	?
quaternius/rpg-items	Potion9_Empty	quaternius	?	?
quaternius/rpg-items	Potion9_Filled	quaternius	?	?
quaternius/rpg-items	Pouch	quaternius	?	?
quaternius/rpg-items	Ring1	quaternius	?	?
quaternius/rpg-items	Ring2	quaternius	?	?
quaternius/rpg-items	Ring3	quaternius	?	?
quaternius/rpg-items	Ring4	quaternius	?	?
quaternius/rpg-items	Ring5	quaternius	?	?
quaternius/rpg-items	Ring6	quaternius	?	?
quaternius/rpg-items	Ring7	quaternius	?	?
quaternius/rpg-items	Scroll	quaternius	?	?
quaternius/rpg-items	Skull	quaternius	?	?
quaternius/rpg-items	Skull2	quaternius	?	?
quaternius/rpg-items	Snowflake1	quaternius	?	?
quaternius/rpg-items	Snowflake2	quaternius	?	?
quaternius/rpg-items	Snowflake3	quaternius	?	?
quaternius/rpg-items	Star	quaternius	?	?
quaternius/rpg-items	Sword	quaternius	?	?
quaternius/rpg-items	Sword_Golden	quaternius	?	?
quaternius/rpg-items	Sword_big	quaternius	?	?
quaternius/rpg-items	Sword_big_Golden	quaternius	?	?
quaternius/simple-nature	Bush1	quaternius	?	?
quaternius/simple-nature	Bush2	quaternius	?	?
quaternius/simple-nature	Bush3	quaternius	?	?
quaternius/simple-nature	Grass1	quaternius	?	?
quaternius/simple-nature	Grass2	quaternius	?	?
quaternius/simple-nature	Grass3	quaternius	?	?
quaternius/simple-nature	Rock1	quaternius	?	?
quaternius/simple-nature	Rock2	quaternius	?	?
quaternius/simple-nature	Rock3	quaternius	?	?
quaternius/simple-nature	Tree1	quaternius	?	?
quaternius/simple-nature	Tree2	quaternius	?	?
quaternius/simple-nature	Tree3	quaternius	?	?
quaternius/simple-nature	Tree4	quaternius	?	?
quaternius/street	Sign_NoParking	quaternius	?	?
quaternius/street	Sign_Stop	quaternius	?	?
quaternius/street	Sign_Triangle	quaternius	?	?
quaternius/street	Street_3Way	quaternius	?	?
quaternius/street	Street_3Way_2	quaternius	?	?
quaternius/street	Street_4Way	quaternius	?	?
quaternius/street	Street_4Way_2	quaternius	?	?
quaternius/street	Street_Bridge	quaternius	?	?
quaternius/street	Street_Bridge_Ramp	quaternius	?	?
quaternius/street	Street_Bridge_Underpass	quaternius	?	?
quaternius/street	Street_Bridge_Water	quaternius	?	?
quaternius/street	Street_Bridge_WaterRamp	quaternius	?	?
quaternius/street	Street_Curve	quaternius	?	?
quaternius/street	Street_Deadend	quaternius	?	?
quaternius/street	Street_Elevated	quaternius	?	?
quaternius/street	Street_Elevated_Ramp	quaternius	?	?
quaternius/street	Street_Empty	quaternius	?	?
quaternius/street	Street_Empty_Water	quaternius	?	?
quaternius/street	Street_Straight	quaternius	?	?
quaternius/street	Streetlight_Double	quaternius	?	?
quaternius/street	Streetlight_Single	quaternius	?	?
quaternius/street	Streetlight_Triple	quaternius	?	?
quaternius/street	Streets_all	quaternius	?	?
quaternius/street	TrafficLight	quaternius	?	?
quaternius/street	TrafficLight_2	quaternius	?	?
quaternius/ultimate-monsters/Big	Alien	quaternius	?	?
quaternius/ultimate-monsters/Big	Birb	quaternius	?	?
quaternius/ultimate-monsters/Big	BlueDemon	quaternius	?	?
quaternius/ultimate-monsters/Big	Bunny	quaternius	?	?
quaternius/ultimate-monsters/Big	Cactoro	quaternius	?	?
quaternius/ultimate-monsters/Big	Demon	quaternius	?	?
quaternius/ultimate-monsters/Big	Dino	quaternius	?	?
quaternius/ultimate-monsters/Big	Fish	quaternius	?	?
quaternius/ultimate-monsters/Big	Frog	quaternius	?	?
quaternius/ultimate-monsters/Big	Monkroose	quaternius	?	?
quaternius/ultimate-monsters/Big	MushroomKing	quaternius	?	?
quaternius/ultimate-monsters/Big	Ninja	quaternius	?	?
quaternius/ultimate-monsters/Big	Orc	quaternius	?	?
quaternius/ultimate-monsters/Big	Orc_Skull	quaternius	?	?
quaternius/ultimate-monsters/Big	Tribal	quaternius	?	?
quaternius/ultimate-monsters/Big	Yeti	quaternius	?	?
quaternius/ultimate-monsters/Blob	Alien	quaternius	?	?
quaternius/ultimate-monsters/Blob	Birb	quaternius	?	?
quaternius/ultimate-monsters/Blob	Cactoro	quaternius	?	?
quaternius/ultimate-monsters/Blob	Cat	quaternius	?	?
quaternius/ultimate-monsters/Blob	Chicken	quaternius	?	?
quaternius/ultimate-monsters/Blob	Dog	quaternius	?	?
quaternius/ultimate-monsters/Blob	Fish	quaternius	?	?
quaternius/ultimate-monsters/Blob	GreenBlob	quaternius	?	?
quaternius/ultimate-monsters/Blob	GreenSpikyBlob	quaternius	?	?
quaternius/ultimate-monsters/Blob	Mushnub	quaternius	?	?
quaternius/ultimate-monsters/Blob	Mushnub_Evolved	quaternius	?	?
quaternius/ultimate-monsters/Blob	Ninja	quaternius	?	?
quaternius/ultimate-monsters/Blob	Orc	quaternius	?	?
quaternius/ultimate-monsters/Blob	Pigeon	quaternius	?	?
quaternius/ultimate-monsters/Blob	PinkBlob	quaternius	?	?
quaternius/ultimate-monsters/Blob	Wizard	quaternius	?	?
quaternius/ultimate-monsters/Blob	Yeti	quaternius	?	?
quaternius/ultimate-monsters/Flying	Alpaking	quaternius	?	?
quaternius/ultimate-monsters/Flying	Alpaking_Evolved	quaternius	?	?
quaternius/ultimate-monsters/Flying	Armabee	quaternius	?	?
quaternius/ultimate-monsters/Flying	Armabee_Evolved	quaternius	?	?
quaternius/ultimate-monsters/Flying	Demon	quaternius	?	?
quaternius/ultimate-monsters/Flying	Dragon	quaternius	?	?
quaternius/ultimate-monsters/Flying	Dragon_Evolved	quaternius	?	?
quaternius/ultimate-monsters/Flying	Ghost	quaternius	?	?
quaternius/ultimate-monsters/Flying	Ghost_Skull	quaternius	?	?
quaternius/ultimate-monsters/Flying	Glub	quaternius	?	?
quaternius/ultimate-monsters/Flying	Glub_Evolved	quaternius	?	?
quaternius/ultimate-monsters/Flying	Goleling	quaternius	?	?
quaternius/ultimate-monsters/Flying	Goleling_Evolved	quaternius	?	?
quaternius/ultimate-monsters/Flying	Hywirl	quaternius	?	?
quaternius/ultimate-monsters/Flying	Pigeon	quaternius	?	?
quaternius/ultimate-monsters/Flying	Squidle	quaternius	?	?
quaternius/ultimate-monsters/Flying	Tribal	quaternius	?	?
quaternius/universal-animation-library	AnimationLibrary_Godot_Standard	quaternius	CC0 (theo bo loc itch - kiem lai LICENSE trong goi)	node tools/tai_itch.mjs quaternius/universal-animation-library  (o repo quoc-chien)
quaternius/universal-base-characters	Eyebrows_Female	quaternius	CC0 (theo bo loc itch - kiem lai LICENSE trong goi)	node tools/tai_itch.mjs quaternius/universal-base-characters  (o repo quoc-chien)
quaternius/universal-base-characters	Eyebrows_Female (1)	quaternius	CC0 (theo bo loc itch - kiem lai LICENSE trong goi)	node tools/tai_itch.mjs quaternius/universal-base-characters  (o repo quoc-chien)
quaternius/universal-base-characters	Eyebrows_Regular	quaternius	CC0 (theo bo loc itch - kiem lai LICENSE trong goi)	node tools/tai_itch.mjs quaternius/universal-base-characters  (o repo quoc-chien)
quaternius/universal-base-characters	Eyebrows_Regular (2)	quaternius	CC0 (theo bo loc itch - kiem lai LICENSE trong goi)	node tools/tai_itch.mjs quaternius/universal-base-characters  (o repo quoc-chien)
quaternius/universal-base-characters	Hair_Beard	quaternius	CC0 (theo bo loc itch - kiem lai LICENSE trong goi)	node tools/tai_itch.mjs quaternius/universal-base-characters  (o repo quoc-chien)
quaternius/universal-base-characters	Hair_Beard (3)	quaternius	CC0 (theo bo loc itch - kiem lai LICENSE trong goi)	node tools/tai_itch.mjs quaternius/universal-base-characters  (o repo quoc-chien)
quaternius/universal-base-characters	Hair_Buns	quaternius	CC0 (theo bo loc itch - kiem lai LICENSE trong goi)	node tools/tai_itch.mjs quaternius/universal-base-characters  (o repo quoc-chien)
quaternius/universal-base-characters	Hair_Buns (4)	quaternius	CC0 (theo bo loc itch - kiem lai LICENSE trong goi)	node tools/tai_itch.mjs quaternius/universal-base-characters  (o repo quoc-chien)
quaternius/universal-base-characters	Hair_Buzzed	quaternius	CC0 (theo bo loc itch - kiem lai LICENSE trong goi)	node tools/tai_itch.mjs quaternius/universal-base-characters  (o repo quoc-chien)
quaternius/universal-base-characters	Hair_Buzzed (5)	quaternius	CC0 (theo bo loc itch - kiem lai LICENSE trong goi)	node tools/tai_itch.mjs quaternius/universal-base-characters  (o repo quoc-chien)
quaternius/universal-base-characters	Hair_BuzzedFemale	quaternius	CC0 (theo bo loc itch - kiem lai LICENSE trong goi)	node tools/tai_itch.mjs quaternius/universal-base-characters  (o repo quoc-chien)
quaternius/universal-base-characters	Hair_BuzzedFemale (6)	quaternius	CC0 (theo bo loc itch - kiem lai LICENSE trong goi)	node tools/tai_itch.mjs quaternius/universal-base-characters  (o repo quoc-chien)
quaternius/universal-base-characters	Hair_Long	quaternius	CC0 (theo bo loc itch - kiem lai LICENSE trong goi)	node tools/tai_itch.mjs quaternius/universal-base-characters  (o repo quoc-chien)
quaternius/universal-base-characters	Hair_Long (7)	quaternius	CC0 (theo bo loc itch - kiem lai LICENSE trong goi)	node tools/tai_itch.mjs quaternius/universal-base-characters  (o repo quoc-chien)
quaternius/universal-base-characters	Hair_SimpleParted	quaternius	CC0 (theo bo loc itch - kiem lai LICENSE trong goi)	node tools/tai_itch.mjs quaternius/universal-base-characters  (o repo quoc-chien)
quaternius/universal-base-characters	Hair_SimpleParted (8)	quaternius	CC0 (theo bo loc itch - kiem lai LICENSE trong goi)	node tools/tai_itch.mjs quaternius/universal-base-characters  (o repo quoc-chien)
quaternius/universal-base-characters	Superhero_Female_FullBody	quaternius	CC0 (theo bo loc itch - kiem lai LICENSE trong goi)	node tools/tai_itch.mjs quaternius/universal-base-characters  (o repo quoc-chien)
quaternius/universal-base-characters	Superhero_Male_FullBody	quaternius	CC0 (theo bo loc itch - kiem lai LICENSE trong goi)	node tools/tai_itch.mjs quaternius/universal-base-characters  (o repo quoc-chien)
